station,region,lat_req,lon_req,lat_actual,lon_actual,date,sst_c
인천,서해,37.4519,126.5922,37.3750,126.6250,1981-09-01,23.2910
인천,서해,37.4519,126.5922,37.3750,126.6250,1981-10-01,19.1755
인천,서해,37.4519,126.5922,37.3750,126.6250,1981-11-01,12.8863
인천,서해,37.4519,126.5922,37.3750,126.6250,1981-12-01,8.0526
인천,서해,37.4519,126.5922,37.3750,126.6250,1982-01-01,5.4816
인천,서해,37.4519,126.5922,37.3750,126.6250,1982-02-01,3.6939
인천,서해,37.4519,126.5922,37.3750,126.6250,1982-03-01,5.6539
인천,서해,37.4519,126.5922,37.3750,126.6250,1982-04-01,7.7643
인천,서해,37.4519,126.5922,37.3750,126.6250,1982-05-01,13.0374
인천,서해,37.4519,126.5922,37.3750,126.6250,1982-06-01,17.1207
인천,서해,37.4519,126.5922,37.3750,126.6250,1982-07-01,21.2116
인천,서해,37.4519,126.5922,37.3750,126.6250,1982-08-01,23.7087
인천,서해,37.4519,126.5922,37.3750,126.6250,1982-09-01,23.2397
인천,서해,37.4519,126.5922,37.3750,126.6250,1982-10-01,20.0071
인천,서해,37.4519,126.5922,37.3750,126.6250,1982-11-01,15.2873
인천,서해,37.4519,126.5922,37.3750,126.6250,1982-12-01,9.6797
인천,서해,37.4519,126.5922,37.3750,126.6250,1983-01-01,6.0235
인천,서해,37.4519,126.5922,37.3750,126.6250,1983-02-01,4.9311
인천,서해,37.4519,126.5922,37.3750,126.6250,1983-03-01,5.4648
인천,서해,37.4519,126.5922,37.3750,126.6250,1983-04-01,8.2103
인천,서해,37.4519,126.5922,37.3750,126.6250,1983-05-01,13.4874
인천,서해,37.4519,126.5922,37.3750,126.6250,1983-06-01,18.4433
인천,서해,37.4519,126.5922,37.3750,126.6250,1983-07-01,20.5190
인천,서해,37.4519,126.5922,37.3750,126.6250,1983-08-01,24.7845
인천,서해,37.4519,126.5922,37.3750,126.6250,1983-09-01,24.1773
인천,서해,37.4519,126.5922,37.3750,126.6250,1983-10-01,20.1703
인천,서해,37.4519,126.5922,37.3750,126.6250,1983-11-01,14.6097
인천,서해,37.4519,126.5922,37.3750,126.6250,1983-12-01,8.9442
인천,서해,37.4519,126.5922,37.3750,126.6250,1984-01-01,5.4013
인천,서해,37.4519,126.5922,37.3750,126.6250,1984-02-01,2.3755
인천,서해,37.4519,126.5922,37.3750,126.6250,1984-03-01,2.9777
인천,서해,37.4519,126.5922,37.3750,126.6250,1984-04-01,7.4530
인천,서해,37.4519,126.5922,37.3750,126.6250,1984-05-01,11.4297
인천,서해,37.4519,126.5922,37.3750,126.6250,1984-06-01,17.0600
인천,서해,37.4519,126.5922,37.3750,126.6250,1984-07-01,20.9055
인천,서해,37.4519,126.5922,37.3750,126.6250,1984-08-01,25.0216
인천,서해,37.4519,126.5922,37.3750,126.6250,1984-09-01,23.6747
인천,서해,37.4519,126.5922,37.3750,126.6250,1984-10-01,19.4400
인천,서해,37.4519,126.5922,37.3750,126.6250,1984-11-01,14.0730
인천,서해,37.4519,126.5922,37.3750,126.6250,1984-12-01,10.2616
인천,서해,37.4519,126.5922,37.3750,126.6250,1985-01-01,5.6919
인천,서해,37.4519,126.5922,37.3750,126.6250,1985-02-01,4.0096
인천,서해,37.4519,126.5922,37.3750,126.6250,1985-03-01,4.6919
인천,서해,37.4519,126.5922,37.3750,126.6250,1985-04-01,7.6177
인천,서해,37.4519,126.5922,37.3750,126.6250,1985-05-01,12.2242
인천,서해,37.4519,126.5922,37.3750,126.6250,1985-06-01,17.0247
인천,서해,37.4519,126.5922,37.3750,126.6250,1985-07-01,22.0477
인천,서해,37.4519,126.5922,37.3750,126.6250,1985-08-01,24.7806
인천,서해,37.4519,126.5922,37.3750,126.6250,1985-09-01,24.3520
인천,서해,37.4519,126.5922,37.3750,126.6250,1985-10-01,19.0165
인천,서해,37.4519,126.5922,37.3750,126.6250,1985-11-01,14.1340
인천,서해,37.4519,126.5922,37.3750,126.6250,1985-12-01,9.3248
인천,서해,37.4519,126.5922,37.3750,126.6250,1986-01-01,5.3116
인천,서해,37.4519,126.5922,37.3750,126.6250,1986-02-01,3.6286
인천,서해,37.4519,126.5922,37.3750,126.6250,1986-03-01,3.6874
인천,서해,37.4519,126.5922,37.3750,126.6250,1986-04-01,7.5893
인천,서해,37.4519,126.5922,37.3750,126.6250,1986-05-01,11.4865
인천,서해,37.4519,126.5922,37.3750,126.6250,1986-06-01,16.1557
인천,서해,37.4519,126.5922,37.3750,126.6250,1986-07-01,20.7206
인천,서해,37.4519,126.5922,37.3750,126.6250,1986-08-01,23.3784
인천,서해,37.4519,126.5922,37.3750,126.6250,1986-09-01,22.2743
인천,서해,37.4519,126.5922,37.3750,126.6250,1986-10-01,18.0232
인천,서해,37.4519,126.5922,37.3750,126.6250,1986-11-01,13.2693
인천,서해,37.4519,126.5922,37.3750,126.6250,1986-12-01,10.0477
인천,서해,37.4519,126.5922,37.3750,126.6250,1987-01-01,6.3487
인천,서해,37.4519,126.5922,37.3750,126.6250,1987-02-01,4.5721
인천,서해,37.4519,126.5922,37.3750,126.6250,1987-03-01,4.9990
인천,서해,37.4519,126.5922,37.3750,126.6250,1987-04-01,6.7347
인천,서해,37.4519,126.5922,37.3750,126.6250,1987-05-01,10.8594
인천,서해,37.4519,126.5922,37.3750,126.6250,1987-06-01,16.2220
인천,서해,37.4519,126.5922,37.3750,126.6250,1987-07-01,21.2939
인천,서해,37.4519,126.5922,37.3750,126.6250,1987-08-01,22.7410
인천,서해,37.4519,126.5922,37.3750,126.6250,1987-09-01,22.4840
인천,서해,37.4519,126.5922,37.3750,126.6250,1987-10-01,19.1148
인천,서해,37.4519,126.5922,37.3750,126.6250,1987-11-01,14.6310
인천,서해,37.4519,126.5922,37.3750,126.6250,1987-12-01,9.1729
인천,서해,37.4519,126.5922,37.3750,126.6250,1988-01-01,5.8123
인천,서해,37.4519,126.5922,37.3750,126.6250,1988-02-01,4.6797
인천,서해,37.4519,126.5922,37.3750,126.6250,1988-03-01,4.9597
인천,서해,37.4519,126.5922,37.3750,126.6250,1988-04-01,7.5633
인천,서해,37.4519,126.5922,37.3750,126.6250,1988-05-01,11.8358
인천,서해,37.4519,126.5922,37.3750,126.6250,1988-06-01,17.6877
인천,서해,37.4519,126.5922,37.3750,126.6250,1988-07-01,21.7316
인천,서해,37.4519,126.5922,37.3750,126.6250,1988-08-01,23.9084
인천,서해,37.4519,126.5922,37.3750,126.6250,1988-09-01,23.2467
인천,서해,37.4519,126.5922,37.3750,126.6250,1988-10-01,19.7571
인천,서해,37.4519,126.5922,37.3750,126.6250,1988-11-01,14.4653
인천,서해,37.4519,126.5922,37.3750,126.6250,1988-12-01,9.0039
인천,서해,37.4519,126.5922,37.3750,126.6250,1989-01-01,6.3539
인천,서해,37.4519,126.5922,37.3750,126.6250,1989-02-01,5.2521
인천,서해,37.4519,126.5922,37.3750,126.6250,1989-03-01,5.4306
인천,서해,37.4519,126.5922,37.3750,126.6250,1989-04-01,8.9593
인천,서해,37.4519,126.5922,37.3750,126.6250,1989-05-01,12.6677
인천,서해,37.4519,126.5922,37.3750,126.6250,1989-06-01,17.3207
인천,서해,37.4519,126.5922,37.3750,126.6250,1989-07-01,21.6545
인천,서해,37.4519,126.5922,37.3750,126.6250,1989-08-01,24.0016
인천,서해,37.4519,126.5922,37.3750,126.6250,1989-09-01,23.1473
인천,서해,37.4519,126.5922,37.3750,126.6250,1989-10-01,19.1710
인천,서해,37.4519,126.5922,37.3750,126.6250,1989-11-01,14.6783
인천,서해,37.4519,126.5922,37.3750,126.6250,1989-12-01,9.7529
인천,서해,37.4519,126.5922,37.3750,126.6250,1990-01-01,5.7610
인천,서해,37.4519,126.5922,37.3750,126.6250,1990-02-01,4.5661
인천,서해,37.4519,126.5922,37.3750,126.6250,1990-03-01,5.9852
인천,서해,37.4519,126.5922,37.3750,126.6250,1990-04-01,8.1447
인천,서해,37.4519,126.5922,37.3750,126.6250,1990-05-01,12.5700
인천,서해,37.4519,126.5922,37.3750,126.6250,1990-06-01,16.3137
인천,서해,37.4519,126.5922,37.3750,126.6250,1990-07-01,20.9213
인천,서해,37.4519,126.5922,37.3750,126.6250,1990-08-01,25.0955
인천,서해,37.4519,126.5922,37.3750,126.6250,1990-09-01,22.8107
인천,서해,37.4519,126.5922,37.3750,126.6250,1990-10-01,20.0129
인천,서해,37.4519,126.5922,37.3750,126.6250,1990-11-01,15.6673
인천,서해,37.4519,126.5922,37.3750,126.6250,1990-12-01,10.7526
인천,서해,37.4519,126.5922,37.3750,126.6250,1991-01-01,6.3548
인천,서해,37.4519,126.5922,37.3750,126.6250,1991-02-01,4.5796
인천,서해,37.4519,126.5922,37.3750,126.6250,1991-03-01,5.0355
인천,서해,37.4519,126.5922,37.3750,126.6250,1991-04-01,8.0523
인천,서해,37.4519,126.5922,37.3750,126.6250,1991-05-01,12.8390
인천,서해,37.4519,126.5922,37.3750,126.6250,1991-06-01,17.2973
인천,서해,37.4519,126.5922,37.3750,126.6250,1991-07-01,21.7410
인천,서해,37.4519,126.5922,37.3750,126.6250,1991-08-01,23.6135
인천,서해,37.4519,126.5922,37.3750,126.6250,1991-09-01,22.3510
인천,서해,37.4519,126.5922,37.3750,126.6250,1991-10-01,18.4716
인천,서해,37.4519,126.5922,37.3750,126.6250,1991-11-01,13.8327
인천,서해,37.4519,126.5922,37.3750,126.6250,1991-12-01,9.1139
인천,서해,37.4519,126.5922,37.3750,126.6250,1992-01-01,6.8581
인천,서해,37.4519,126.5922,37.3750,126.6250,1992-02-01,5.6552
인천,서해,37.4519,126.5922,37.3750,126.6250,1992-03-01,6.3645
인천,서해,37.4519,126.5922,37.3750,126.6250,1992-04-01,9.5850
인천,서해,37.4519,126.5922,37.3750,126.6250,1992-05-01,12.5068
인천,서해,37.4519,126.5922,37.3750,126.6250,1992-06-01,16.4343
인천,서해,37.4519,126.5922,37.3750,126.6250,1992-07-01,20.4442
인천,서해,37.4519,126.5922,37.3750,126.6250,1992-08-01,23.7410
인천,서해,37.4519,126.5922,37.3750,126.6250,1992-09-01,23.3293
인천,서해,37.4519,126.5922,37.3750,126.6250,1992-10-01,19.3513
인천,서해,37.4519,126.5922,37.3750,126.6250,1992-11-01,14.3470
인천,서해,37.4519,126.5922,37.3750,126.6250,1992-12-01,9.1897
인천,서해,37.4519,126.5922,37.3750,126.6250,1993-01-01,5.8645
인천,서해,37.4519,126.5922,37.3750,126.6250,1993-02-01,4.3964
인천,서해,37.4519,126.5922,37.3750,126.6250,1993-03-01,4.7281
인천,서해,37.4519,126.5922,37.3750,126.6250,1993-04-01,7.0677
인천,서해,37.4519,126.5922,37.3750,126.6250,1993-05-01,11.0497
인천,서해,37.4519,126.5922,37.3750,126.6250,1993-06-01,16.0233
인천,서해,37.4519,126.5922,37.3750,126.6250,1993-07-01,20.3210
인천,서해,37.4519,126.5922,37.3750,126.6250,1993-08-01,22.4561
인천,서해,37.4519,126.5922,37.3750,126.6250,1993-09-01,22.5217
인천,서해,37.4519,126.5922,37.3750,126.6250,1993-10-01,19.4529
인천,서해,37.4519,126.5922,37.3750,126.6250,1993-11-01,14.3093
인천,서해,37.4519,126.5922,37.3750,126.6250,1993-12-01,9.5732
인천,서해,37.4519,126.5922,37.3750,126.6250,1994-01-01,5.5529
인천,서해,37.4519,126.5922,37.3750,126.6250,1994-02-01,3.6564
인천,서해,37.4519,126.5922,37.3750,126.6250,1994-03-01,4.2629
인천,서해,37.4519,126.5922,37.3750,126.6250,1994-04-01,7.7003
인천,서해,37.4519,126.5922,37.3750,126.6250,1994-05-01,11.5055
인천,서해,37.4519,126.5922,37.3750,126.6250,1994-06-01,16.1120
인천,서해,37.4519,126.5922,37.3750,126.6250,1994-07-01,22.1935
인천,서해,37.4519,126.5922,37.3750,126.6250,1994-08-01,25.4052
인천,서해,37.4519,126.5922,37.3750,126.6250,1994-09-01,23.9570
인천,서해,37.4519,126.5922,37.3750,126.6250,1994-10-01,19.8168
인천,서해,37.4519,126.5922,37.3750,126.6250,1994-11-01,15.2820
인천,서해,37.4519,126.5922,37.3750,126.6250,1994-12-01,10.5590
인천,서해,37.4519,126.5922,37.3750,126.6250,1995-01-01,6.0561
인천,서해,37.4519,126.5922,37.3750,126.6250,1995-02-01,4.5321
인천,서해,37.4519,126.5922,37.3750,126.6250,1995-03-01,5.2694
인천,서해,37.4519,126.5922,37.3750,126.6250,1995-04-01,8.3607
인천,서해,37.4519,126.5922,37.3750,126.6250,1995-05-01,13.0987
인천,서해,37.4519,126.5922,37.3750,126.6250,1995-06-01,16.5407
인천,서해,37.4519,126.5922,37.3750,126.6250,1995-07-01,22.0365
인천,서해,37.4519,126.5922,37.3750,126.6250,1995-08-01,25.0297
인천,서해,37.4519,126.5922,37.3750,126.6250,1995-09-01,23.2297
인천,서해,37.4519,126.5922,37.3750,126.6250,1995-10-01,19.6397
인천,서해,37.4519,126.5922,37.3750,126.6250,1995-11-01,14.6487
인천,서해,37.4519,126.5922,37.3750,126.6250,1995-12-01,9.4287
인천,서해,37.4519,126.5922,37.3750,126.6250,1996-01-01,5.5226
인천,서해,37.4519,126.5922,37.3750,126.6250,1996-02-01,4.0666
인천,서해,37.4519,126.5922,37.3750,126.6250,1996-03-01,4.7190
인천,서해,37.4519,126.5922,37.3750,126.6250,1996-04-01,6.9760
인천,서해,37.4519,126.5922,37.3750,126.6250,1996-05-01,10.3755
인천,서해,37.4519,126.5922,37.3750,126.6250,1996-06-01,17.8077
인천,서해,37.4519,126.5922,37.3750,126.6250,1996-07-01,19.7381
인천,서해,37.4519,126.5922,37.3750,126.6250,1996-08-01,23.7468
인천,서해,37.4519,126.5922,37.3750,126.6250,1996-09-01,23.0183
인천,서해,37.4519,126.5922,37.3750,126.6250,1996-10-01,19.6203
인천,서해,37.4519,126.5922,37.3750,126.6250,1996-11-01,14.4683
인천,서해,37.4519,126.5922,37.3750,126.6250,1996-12-01,9.3184
인천,서해,37.4519,126.5922,37.3750,126.6250,1997-01-01,6.1574
인천,서해,37.4519,126.5922,37.3750,126.6250,1997-02-01,5.0525
인천,서해,37.4519,126.5922,37.3750,126.6250,1997-03-01,5.4465
인천,서해,37.4519,126.5922,37.3750,126.6250,1997-04-01,7.6023
인천,서해,37.4519,126.5922,37.3750,126.6250,1997-05-01,12.4794
인천,서해,37.4519,126.5922,37.3750,126.6250,1997-06-01,17.6850
인천,서해,37.4519,126.5922,37.3750,126.6250,1997-07-01,22.7716
인천,서해,37.4519,126.5922,37.3750,126.6250,1997-08-01,24.9584
인천,서해,37.4519,126.5922,37.3750,126.6250,1997-09-01,23.9123
인천,서해,37.4519,126.5922,37.3750,126.6250,1997-10-01,18.9577
인천,서해,37.4519,126.5922,37.3750,126.6250,1997-11-01,14.3917
인천,서해,37.4519,126.5922,37.3750,126.6250,1997-12-01,10.3887
인천,서해,37.4519,126.5922,37.3750,126.6250,1998-01-01,6.8929
인천,서해,37.4519,126.5922,37.3750,126.6250,1998-02-01,5.3864
인천,서해,37.4519,126.5922,37.3750,126.6250,1998-03-01,6.0810
인천,서해,37.4519,126.5922,37.3750,126.6250,1998-04-01,9.2997
인천,서해,37.4519,126.5922,37.3750,126.6250,1998-05-01,13.0323
인천,서해,37.4519,126.5922,37.3750,126.6250,1998-06-01,16.9497
인천,서해,37.4519,126.5922,37.3750,126.6250,1998-07-01,21.3452
인천,서해,37.4519,126.5922,37.3750,126.6250,1998-08-01,24.0297
인천,서해,37.4519,126.5922,37.3750,126.6250,1998-09-01,24.2070
인천,서해,37.4519,126.5922,37.3750,126.6250,1998-10-01,20.6416
인천,서해,37.4519,126.5922,37.3750,126.6250,1998-11-01,15.2547
인천,서해,37.4519,126.5922,37.3750,126.6250,1998-12-01,10.0619
인천,서해,37.4519,126.5922,37.3750,126.6250,1999-01-01,6.5516
인천,서해,37.4519,126.5922,37.3750,126.6250,1999-02-01,4.4679
인천,서해,37.4519,126.5922,37.3750,126.6250,1999-03-01,5.1761
인천,서해,37.4519,126.5922,37.3750,126.6250,1999-04-01,8.2673
인천,서해,37.4519,126.5922,37.3750,126.6250,1999-05-01,12.3971
인천,서해,37.4519,126.5922,37.3750,126.6250,1999-06-01,16.2777
인천,서해,37.4519,126.5922,37.3750,126.6250,1999-07-01,21.3065
인천,서해,37.4519,126.5922,37.3750,126.6250,1999-08-01,23.7535
인천,서해,37.4519,126.5922,37.3750,126.6250,1999-09-01,23.0310
인천,서해,37.4519,126.5922,37.3750,126.6250,1999-10-01,19.3916
인천,서해,37.4519,126.5922,37.3750,126.6250,1999-11-01,14.8793
인천,서해,37.4519,126.5922,37.3750,126.6250,1999-12-01,8.6752
인천,서해,37.4519,126.5922,37.3750,126.6250,2000-01-01,6.0881
인천,서해,37.4519,126.5922,37.3750,126.6250,2000-02-01,5.1193
인천,서해,37.4519,126.5922,37.3750,126.6250,2000-03-01,4.5319
인천,서해,37.4519,126.5922,37.3750,126.6250,2000-04-01,7.6993
인천,서해,37.4519,126.5922,37.3750,126.6250,2000-05-01,11.8177
인천,서해,37.4519,126.5922,37.3750,126.6250,2000-06-01,16.7977
인천,서해,37.4519,126.5922,37.3750,126.6250,2000-07-01,21.8084
인천,서해,37.4519,126.5922,37.3750,126.6250,2000-08-01,24.2252
인천,서해,37.4519,126.5922,37.3750,126.6250,2000-09-01,23.1840
인천,서해,37.4519,126.5922,37.3750,126.6250,2000-10-01,19.2374
인천,서해,37.4519,126.5922,37.3750,126.6250,2000-11-01,14.4020
인천,서해,37.4519,126.5922,37.3750,126.6250,2000-12-01,9.7303
인천,서해,37.4519,126.5922,37.3750,126.6250,2001-01-01,5.7639
인천,서해,37.4519,126.5922,37.3750,126.6250,2001-02-01,4.5771
인천,서해,37.4519,126.5922,37.3750,126.6250,2001-03-01,4.9371
인천,서해,37.4519,126.5922,37.3750,126.6250,2001-04-01,7.6090
인천,서해,37.4519,126.5922,37.3750,126.6250,2001-05-01,12.1452
인천,서해,37.4519,126.5922,37.3750,126.6250,2001-06-01,17.5980
인천,서해,37.4519,126.5922,37.3750,126.6250,2001-07-01,21.7203
인천,서해,37.4519,126.5922,37.3750,126.6250,2001-08-01,25.0739
인천,서해,37.4519,126.5922,37.3750,126.6250,2001-09-01,24.0810
인천,서해,37.4519,126.5922,37.3750,126.6250,2001-10-01,19.2635
인천,서해,37.4519,126.5922,37.3750,126.6250,2001-11-01,15.0723
인천,서해,37.4519,126.5922,37.3750,126.6250,2001-12-01,9.5603
인천,서해,37.4519,126.5922,37.3750,126.6250,2002-01-01,5.4526
인천,서해,37.4519,126.5922,37.3750,126.6250,2002-02-01,4.8918
인천,서해,37.4519,126.5922,37.3750,126.6250,2002-03-01,5.6590
인천,서해,37.4519,126.5922,37.3750,126.6250,2002-04-01,8.6703
인천,서해,37.4519,126.5922,37.3750,126.6250,2002-05-01,12.7165
인천,서해,37.4519,126.5922,37.3750,126.6250,2002-06-01,16.7917
인천,서해,37.4519,126.5922,37.3750,126.6250,2002-07-01,21.5606
인천,서해,37.4519,126.5922,37.3750,126.6250,2002-08-01,22.7552
인천,서해,37.4519,126.5922,37.3750,126.6250,2002-09-01,21.7977
인천,서해,37.4519,126.5922,37.3750,126.6250,2002-10-01,18.7358
인천,서해,37.4519,126.5922,37.3750,126.6250,2002-11-01,13.2633
인천,서해,37.4519,126.5922,37.3750,126.6250,2002-12-01,8.3274
인천,서해,37.4519,126.5922,37.3750,126.6250,2003-01-01,5.0471
인천,서해,37.4519,126.5922,37.3750,126.6250,2003-02-01,3.0164
인천,서해,37.4519,126.5922,37.3750,126.6250,2003-03-01,4.6835
인천,서해,37.4519,126.5922,37.3750,126.6250,2003-04-01,7.0653
인천,서해,37.4519,126.5922,37.3750,126.6250,2003-05-01,12.9668
인천,서해,37.4519,126.5922,37.3750,126.6250,2003-06-01,18.0040
인천,서해,37.4519,126.5922,37.3750,126.6250,2003-07-01,19.4468
인천,서해,37.4519,126.5922,37.3750,126.6250,2003-08-01,22.3529
인천,서해,37.4519,126.5922,37.3750,126.6250,2003-09-01,21.7443
인천,서해,37.4519,126.5922,37.3750,126.6250,2003-10-01,19.0403
인천,서해,37.4519,126.5922,37.3750,126.6250,2003-11-01,14.8130
인천,서해,37.4519,126.5922,37.3750,126.6250,2003-12-01,10.2374
인천,서해,37.4519,126.5922,37.3750,126.6250,2004-01-01,5.9026
인천,서해,37.4519,126.5922,37.3750,126.6250,2004-02-01,3.9803
인천,서해,37.4519,126.5922,37.3750,126.6250,2004-03-01,5.0284
인천,서해,37.4519,126.5922,37.3750,126.6250,2004-04-01,8.3033
인천,서해,37.4519,126.5922,37.3750,126.6250,2004-05-01,12.8213
인천,서해,37.4519,126.5922,37.3750,126.6250,2004-06-01,16.9720
인천,서해,37.4519,126.5922,37.3750,126.6250,2004-07-01,21.5613
인천,서해,37.4519,126.5922,37.3750,126.6250,2004-08-01,24.3871
인천,서해,37.4519,126.5922,37.3750,126.6250,2004-09-01,22.7673
인천,서해,37.4519,126.5922,37.3750,126.6250,2004-10-01,18.8932
인천,서해,37.4519,126.5922,37.3750,126.6250,2004-11-01,15.1937
인천,서해,37.4519,126.5922,37.3750,126.6250,2004-12-01,10.7503
인천,서해,37.4519,126.5922,37.3750,126.6250,2005-01-01,6.5248
인천,서해,37.4519,126.5922,37.3750,126.6250,2005-02-01,3.6357
인천,서해,37.4519,126.5922,37.3750,126.6250,2005-03-01,3.1984
인천,서해,37.4519,126.5922,37.3750,126.6250,2005-04-01,7.9127
인천,서해,37.4519,126.5922,37.3750,126.6250,2005-05-01,12.0732
인천,서해,37.4519,126.5922,37.3750,126.6250,2005-06-01,17.2657
인천,서해,37.4519,126.5922,37.3750,126.6250,2005-07-01,21.9752
인천,서해,37.4519,126.5922,37.3750,126.6250,2005-08-01,23.3235
인천,서해,37.4519,126.5922,37.3750,126.6250,2005-09-01,22.5907
인천,서해,37.4519,126.5922,37.3750,126.6250,2005-10-01,19.4352
인천,서해,37.4519,126.5922,37.3750,126.6250,2005-11-01,14.6347
인천,서해,37.4519,126.5922,37.3750,126.6250,2005-12-01,8.7197
인천,서해,37.4519,126.5922,37.3750,126.6250,2006-01-01,4.5832
인천,서해,37.4519,126.5922,37.3750,126.6250,2006-02-01,3.0621
인천,서해,37.4519,126.5922,37.3750,126.6250,2006-03-01,4.2426
인천,서해,37.4519,126.5922,37.3750,126.6250,2006-04-01,7.4017
인천,서해,37.4519,126.5922,37.3750,126.6250,2006-05-01,12.2726
인천,서해,37.4519,126.5922,37.3750,126.6250,2006-06-01,16.1377
인천,서해,37.4519,126.5922,37.3750,126.6250,2006-07-01,20.7094
인천,서해,37.4519,126.5922,37.3750,126.6250,2006-08-01,24.7777
인천,서해,37.4519,126.5922,37.3750,126.6250,2006-09-01,22.7107
인천,서해,37.4519,126.5922,37.3750,126.6250,2006-10-01,20.7026
인천,서해,37.4519,126.5922,37.3750,126.6250,2006-11-01,16.0757
인천,서해,37.4519,126.5922,37.3750,126.6250,2006-12-01,10.3574
인천,서해,37.4519,126.5922,37.3750,126.6250,2007-01-01,5.0484
인천,서해,37.4519,126.5922,37.3750,126.6250,2007-02-01,4.6396
인천,서해,37.4519,126.5922,37.3750,126.6250,2007-03-01,5.1474
인천,서해,37.4519,126.5922,37.3750,126.6250,2007-04-01,8.3780
인천,서해,37.4519,126.5922,37.3750,126.6250,2007-05-01,12.5019
인천,서해,37.4519,126.5922,37.3750,126.6250,2007-06-01,16.6800
인천,서해,37.4519,126.5922,37.3750,126.6250,2007-07-01,20.9039
인천,서해,37.4519,126.5922,37.3750,126.6250,2007-08-01,22.9023
인천,서해,37.4519,126.5922,37.3750,126.6250,2007-09-01,22.4730
인천,서해,37.4519,126.5922,37.3750,126.6250,2007-10-01,19.7561
인천,서해,37.4519,126.5922,37.3750,126.6250,2007-11-01,15.1813
인천,서해,37.4519,126.5922,37.3750,126.6250,2007-12-01,9.6242
인천,서해,37.4519,126.5922,37.3750,126.6250,2008-01-01,5.3623
인천,서해,37.4519,126.5922,37.3750,126.6250,2008-02-01,3.1524
인천,서해,37.4519,126.5922,37.3750,126.6250,2008-03-01,4.3210
인천,서해,37.4519,126.5922,37.3750,126.6250,2008-04-01,7.8477
인천,서해,37.4519,126.5922,37.3750,126.6250,2008-05-01,11.7371
인천,서해,37.4519,126.5922,37.3750,126.6250,2008-06-01,16.3103
인천,서해,37.4519,126.5922,37.3750,126.6250,2008-07-01,21.0416
인천,서해,37.4519,126.5922,37.3750,126.6250,2008-08-01,23.1294
인천,서해,37.4519,126.5922,37.3750,126.6250,2008-09-01,23.0643
인천,서해,37.4519,126.5922,37.3750,126.6250,2008-10-01,19.7694
인천,서해,37.4519,126.5922,37.3750,126.6250,2008-11-01,15.5450
인천,서해,37.4519,126.5922,37.3750,126.6250,2008-12-01,10.0358
인천,서해,37.4519,126.5922,37.3750,126.6250,2009-01-01,4.4477
인천,서해,37.4519,126.5922,37.3750,126.6250,2009-02-01,4.5289
인천,서해,37.4519,126.5922,37.3750,126.6250,2009-03-01,5.4600
인천,서해,37.4519,126.5922,37.3750,126.6250,2009-04-01,8.6813
인천,서해,37.4519,126.5922,37.3750,126.6250,2009-05-01,12.2313
인천,서해,37.4519,126.5922,37.3750,126.6250,2009-06-01,16.4140
인천,서해,37.4519,126.5922,37.3750,126.6250,2009-07-01,20.2487
인천,서해,37.4519,126.5922,37.3750,126.6250,2009-08-01,22.8971
인천,서해,37.4519,126.5922,37.3750,126.6250,2009-09-01,23.1807
인천,서해,37.4519,126.5922,37.3750,126.6250,2009-10-01,20.4035
인천,서해,37.4519,126.5922,37.3750,126.6250,2009-11-01,15.3070
인천,서해,37.4519,126.5922,37.3750,126.6250,2009-12-01,9.3877
인천,서해,37.4519,126.5922,37.3750,126.6250,2010-01-01,5.3610
인천,서해,37.4519,126.5922,37.3750,126.6250,2010-02-01,3.3450
인천,서해,37.4519,126.5922,37.3750,126.6250,2010-03-01,5.0674
인천,서해,37.4519,126.5922,37.3750,126.6250,2010-04-01,9.7487
인천,서해,37.4519,126.5922,37.3750,126.6250,2010-05-01,11.1394
인천,서해,37.4519,126.5922,37.3750,126.6250,2010-06-01,16.9620
인천,서해,37.4519,126.5922,37.3750,126.6250,2010-07-01,21.2774
인천,서해,37.4519,126.5922,37.3750,126.6250,2010-08-01,22.6716
인천,서해,37.4519,126.5922,37.3750,126.6250,2010-09-01,23.9523
인천,서해,37.4519,126.5922,37.3750,126.6250,2010-10-01,20.1465
인천,서해,37.4519,126.5922,37.3750,126.6250,2010-11-01,14.2897
인천,서해,37.4519,126.5922,37.3750,126.6250,2010-12-01,8.8497
인천,서해,37.4519,126.5922,37.3750,126.6250,2011-01-01,3.6842
인천,서해,37.4519,126.5922,37.3750,126.6250,2011-02-01,1.8382
인천,서해,37.4519,126.5922,37.3750,126.6250,2011-03-01,3.6074
인천,서해,37.4519,126.5922,37.3750,126.6250,2011-04-01,6.9350
인천,서해,37.4519,126.5922,37.3750,126.6250,2011-05-01,10.4655
인천,서해,37.4519,126.5922,37.3750,126.6250,2011-06-01,15.2497
인천,서해,37.4519,126.5922,37.3750,126.6250,2011-07-01,20.2235
인천,서해,37.4519,126.5922,37.3750,126.6250,2011-08-01,22.8310
인천,서해,37.4519,126.5922,37.3750,126.6250,2011-09-01,22.5000
인천,서해,37.4519,126.5922,37.3750,126.6250,2011-10-01,19.0052
인천,서해,37.4519,126.5922,37.3750,126.6250,2011-11-01,15.7023
인천,서해,37.4519,126.5922,37.3750,126.6250,2011-12-01,10.1839
인천,서해,37.4519,126.5922,37.3750,126.6250,2012-01-01,4.9997
인천,서해,37.4519,126.5922,37.3750,126.6250,2012-02-01,2.6062
인천,서해,37.4519,126.5922,37.3750,126.6250,2012-03-01,4.1006
인천,서해,37.4519,126.5922,37.3750,126.6250,2012-04-01,6.8430
인천,서해,37.4519,126.5922,37.3750,126.6250,2012-05-01,10.8184
인천,서해,37.4519,126.5922,37.3750,126.6250,2012-06-01,17.8687
인천,서해,37.4519,126.5922,37.3750,126.6250,2012-07-01,21.3229
인천,서해,37.4519,126.5922,37.3750,126.6250,2012-08-01,23.5813
인천,서해,37.4519,126.5922,37.3750,126.6250,2012-09-01,23.4297
인천,서해,37.4519,126.5922,37.3750,126.6250,2012-10-01,20.5513
인천,서해,37.4519,126.5922,37.3750,126.6250,2012-11-01,14.2027
인천,서해,37.4519,126.5922,37.3750,126.6250,2012-12-01,8.3258
인천,서해,37.4519,126.5922,37.3750,126.6250,2013-01-01,3.7423
인천,서해,37.4519,126.5922,37.3750,126.6250,2013-02-01,2.7496
인천,서해,37.4519,126.5922,37.3750,126.6250,2013-03-01,4.2903
인천,서해,37.4519,126.5922,37.3750,126.6250,2013-04-01,6.8323
인천,서해,37.4519,126.5922,37.3750,126.6250,2013-05-01,11.2706
인천,서해,37.4519,126.5922,37.3750,126.6250,2013-06-01,16.4587
인천,서해,37.4519,126.5922,37.3750,126.6250,2013-07-01,20.3810
인천,서해,37.4519,126.5922,37.3750,126.6250,2013-08-01,24.5777
인천,서해,37.4519,126.5922,37.3750,126.6250,2013-09-01,23.1857
인천,서해,37.4519,126.5922,37.3750,126.6250,2013-10-01,19.5219
인천,서해,37.4519,126.5922,37.3750,126.6250,2013-11-01,14.1793
인천,서해,37.4519,126.5922,37.3750,126.6250,2013-12-01,8.9974
인천,서해,37.4519,126.5922,37.3750,126.6250,2014-01-01,5.1100
인천,서해,37.4519,126.5922,37.3750,126.6250,2014-02-01,3.9264
인천,서해,37.4519,126.5922,37.3750,126.6250,2014-03-01,5.2961
인천,서해,37.4519,126.5922,37.3750,126.6250,2014-04-01,8.3373
인천,서해,37.4519,126.5922,37.3750,126.6250,2014-05-01,11.7668
인천,서해,37.4519,126.5922,37.3750,126.6250,2014-06-01,17.3350
인천,서해,37.4519,126.5922,37.3750,126.6250,2014-07-01,19.6132
인천,서해,37.4519,126.5922,37.3750,126.6250,2014-08-01,22.9077
인천,서해,37.4519,126.5922,37.3750,126.6250,2014-09-01,23.2703
인천,서해,37.4519,126.5922,37.3750,126.6250,2014-10-01,20.2368
인천,서해,37.4519,126.5922,37.3750,126.6250,2014-11-01,15.6940
인천,서해,37.4519,126.5922,37.3750,126.6250,2014-12-01,9.0116
인천,서해,37.4519,126.5922,37.3750,126.6250,2015-01-01,5.2674
인천,서해,37.4519,126.5922,37.3750,126.6250,2015-02-01,3.7811
인천,서해,37.4519,126.5922,37.3750,126.6250,2015-03-01,4.7074
인천,서해,37.4519,126.5922,37.3750,126.6250,2015-04-01,7.8693
인천,서해,37.4519,126.5922,37.3750,126.6250,2015-05-01,12.0110
인천,서해,37.4519,126.5922,37.3750,126.6250,2015-06-01,16.3077
인천,서해,37.4519,126.5922,37.3750,126.6250,2015-07-01,21.1371
인천,서해,37.4519,126.5922,37.3750,126.6250,2015-08-01,24.2419
인천,서해,37.4519,126.5922,37.3750,126.6250,2015-09-01,23.7260
인천,서해,37.4519,126.5922,37.3750,126.6250,2015-10-01,20.3535
인천,서해,37.4519,126.5922,37.3750,126.6250,2015-11-01,16.3413
인천,서해,37.4519,126.5922,37.3750,126.6250,2015-12-01,10.1648
인천,서해,37.4519,126.5922,37.3750,126.6250,2016-01-01,6.3113
인천,서해,37.4519,126.5922,37.3750,126.6250,2016-02-01,3.5872
인천,서해,37.4519,126.5922,37.3750,126.6250,2016-03-01,4.6655
인천,서해,37.4519,126.5922,37.3750,126.6250,2016-04-01,7.5040
인천,서해,37.4519,126.5922,37.3750,126.6250,2016-05-01,11.5019
인천,서해,37.4519,126.5922,37.3750,126.6250,2016-06-01,15.0550
인천,서해,37.4519,126.5922,37.3750,126.6250,2016-07-01,18.6258
인천,서해,37.4519,126.5922,37.3750,126.6250,2016-08-01,23.0913
인천,서해,37.4519,126.5922,37.3750,126.6250,2016-09-01,24.0947
인천,서해,37.4519,126.5922,37.3750,126.6250,2016-10-01,21.1061
인천,서해,37.4519,126.5922,37.3750,126.6250,2016-11-01,15.2660
인천,서해,37.4519,126.5922,37.3750,126.6250,2016-12-01,9.5574
인천,서해,37.4519,126.5922,37.3750,126.6250,2017-01-01,6.0477
인천,서해,37.4519,126.5922,37.3750,126.6250,2017-02-01,3.6854
인천,서해,37.4519,126.5922,37.3750,126.6250,2017-03-01,4.6216
인천,서해,37.4519,126.5922,37.3750,126.6250,2017-04-01,7.9967
인천,서해,37.4519,126.5922,37.3750,126.6250,2017-05-01,11.2252
인천,서해,37.4519,126.5922,37.3750,126.6250,2017-06-01,15.8360
인천,서해,37.4519,126.5922,37.3750,126.6250,2017-07-01,18.5471
인천,서해,37.4519,126.5922,37.3750,126.6250,2017-08-01,22.9987
인천,서해,37.4519,126.5922,37.3750,126.6250,2017-09-01,23.2067
인천,서해,37.4519,126.5922,37.3750,126.6250,2017-10-01,20.0384
인천,서해,37.4519,126.5922,37.3750,126.6250,2017-11-01,15.1590
인천,서해,37.4519,126.5922,37.3750,126.6250,2017-12-01,7.9126
인천,서해,37.4519,126.5922,37.3750,126.6250,2018-01-01,4.2210
인천,서해,37.4519,126.5922,37.3750,126.6250,2018-02-01,1.7707
인천,서해,37.4519,126.5922,37.3750,126.6250,2018-03-01,3.4639
인천,서해,37.4519,126.5922,37.3750,126.6250,2018-04-01,6.7080
인천,서해,37.4519,126.5922,37.3750,126.6250,2018-05-01,10.8610
인천,서해,37.4519,126.5922,37.3750,126.6250,2018-06-01,14.1417
인천,서해,37.4519,126.5922,37.3750,126.6250,2018-07-01,18.0739
인천,서해,37.4519,126.5922,37.3750,126.6250,2018-08-01,23.8048
인천,서해,37.4519,126.5922,37.3750,126.6250,2018-09-01,23.4260
인천,서해,37.4519,126.5922,37.3750,126.6250,2018-10-01,19.8203
인천,서해,37.4519,126.5922,37.3750,126.6250,2018-11-01,15.4053
인천,서해,37.4519,126.5922,37.3750,126.6250,2018-12-01,9.6484
인천,서해,37.4519,126.5922,37.3750,126.6250,2019-01-01,4.9674
인천,서해,37.4519,126.5922,37.3750,126.6250,2019-02-01,3.8239
인천,서해,37.4519,126.5922,37.3750,126.6250,2019-03-01,5.2158
인천,서해,37.4519,126.5922,37.3750,126.6250,2019-04-01,7.4443
인천,서해,37.4519,126.5922,37.3750,126.6250,2019-05-01,11.1058
인천,서해,37.4519,126.5922,37.3750,126.6250,2019-06-01,16.0907
인천,서해,37.4519,126.5922,37.3750,126.6250,2019-07-01,18.7516
인천,서해,37.4519,126.5922,37.3750,126.6250,2019-08-01,22.3216
인천,서해,37.4519,126.5922,37.3750,126.6250,2019-09-01,23.8343
인천,서해,37.4519,126.5922,37.3750,126.6250,2019-10-01,20.7510
인천,서해,37.4519,126.5922,37.3750,126.6250,2019-11-01,15.7450
인천,서해,37.4519,126.5922,37.3750,126.6250,2019-12-01,10.2687
인천,서해,37.4519,126.5922,37.3750,126.6250,2020-01-01,6.3177
인천,서해,37.4519,126.5922,37.3750,126.6250,2020-02-01,5.0603
인천,서해,37.4519,126.5922,37.3750,126.6250,2020-03-01,6.4958
인천,서해,37.4519,126.5922,37.3750,126.6250,2020-04-01,9.1743
인천,서해,37.4519,126.5922,37.3750,126.6250,2020-05-01,12.3384
인천,서해,37.4519,126.5922,37.3750,126.6250,2020-06-01,15.9067
인천,서해,37.4519,126.5922,37.3750,126.6250,2020-07-01,20.3758
인천,서해,37.4519,126.5922,37.3750,126.6250,2020-08-01,22.8661
인천,서해,37.4519,126.5922,37.3750,126.6250,2020-09-01,24.2227
인천,서해,37.4519,126.5922,37.3750,126.6250,2020-10-01,20.0765
인천,서해,37.4519,126.5922,37.3750,126.6250,2020-11-01,15.2467
인천,서해,37.4519,126.5922,37.3750,126.6250,2020-12-01,9.0197
인천,서해,37.4519,126.5922,37.3750,126.6250,2021-01-01,4.0987
인천,서해,37.4519,126.5922,37.3750,126.6250,2021-02-01,3.7264
인천,서해,37.4519,126.5922,37.3750,126.6250,2021-03-01,5.3906
인천,서해,37.4519,126.5922,37.3750,126.6250,2021-04-01,8.9853
인천,서해,37.4519,126.5922,37.3750,126.6250,2021-05-01,12.8852
인천,서해,37.4519,126.5922,37.3750,126.6250,2021-06-01,15.9580
인천,서해,37.4519,126.5922,37.3750,126.6250,2021-07-01,19.4690
인천,서해,37.4519,126.5922,37.3750,126.6250,2021-08-01,23.5258
인천,서해,37.4519,126.5922,37.3750,126.6250,2021-09-01,24.0293
인천,서해,37.4519,126.5922,37.3750,126.6250,2021-10-01,21.6552
인천,서해,37.4519,126.5922,37.3750,126.6250,2021-11-01,15.7617
인천,서해,37.4519,126.5922,37.3750,126.6250,2021-12-01,9.7313
인천,서해,37.4519,126.5922,37.3750,126.6250,2022-01-01,4.6297
인천,서해,37.4519,126.5922,37.3750,126.6250,2022-02-01,3.2279
인천,서해,37.4519,126.5922,37.3750,126.6250,2022-03-01,5.3652
인천,서해,37.4519,126.5922,37.3750,126.6250,2022-04-01,10.0983
인천,서해,37.4519,126.5922,37.3750,126.6250,2022-05-01,15.1548
인천,서해,37.4519,126.5922,37.3750,126.6250,2022-06-01,18.6500
인천,서해,37.4519,126.5922,37.3750,126.6250,2022-07-01,24.0155
인천,서해,37.4519,126.5922,37.3750,126.6250,2022-08-01,25.9213
인천,서해,37.4519,126.5922,37.3750,126.6250,2022-09-01,23.8483
인천,서해,37.4519,126.5922,37.3750,126.6250,2022-10-01,19.0371
인천,서해,37.4519,126.5922,37.3750,126.6250,2022-11-01,14.6797
인천,서해,37.4519,126.5922,37.3750,126.6250,2022-12-01,8.4365
인천,서해,37.4519,126.5922,37.3750,126.6250,2023-01-01,4.2997
인천,서해,37.4519,126.5922,37.3750,126.6250,2023-02-01,3.3964
인천,서해,37.4519,126.5922,37.3750,126.6250,2023-03-01,6.1648
인천,서해,37.4519,126.5922,37.3750,126.6250,2023-04-01,10.4820
인천,서해,37.4519,126.5922,37.3750,126.6250,2023-05-01,15.1855
인천,서해,37.4519,126.5922,37.3750,126.6250,2023-06-01,19.9990
인천,서해,37.4519,126.5922,37.3750,126.6250,2023-07-01,23.4897
인천,서해,37.4519,126.5922,37.3750,126.6250,2023-08-01,26.8290
인천,서해,37.4519,126.5922,37.3750,126.6250,2023-09-01,24.9773
인천,서해,37.4519,126.5922,37.3750,126.6250,2023-10-01,19.9581
인천,서해,37.4519,126.5922,37.3750,126.6250,2023-11-01,15.0500
인천,서해,37.4519,126.5922,37.3750,126.6250,2023-12-01,9.0674
인천,서해,37.4519,126.5922,37.3750,126.6250,2024-01-01,5.1158
인천,서해,37.4519,126.5922,37.3750,126.6250,2024-02-01,4.5766
인천,서해,37.4519,126.5922,37.3750,126.6250,2024-03-01,6.3987
인천,서해,37.4519,126.5922,37.3750,126.6250,2024-04-01,11.2380
인천,서해,37.4519,126.5922,37.3750,126.6250,2024-05-01,16.0161
인천,서해,37.4519,126.5922,37.3750,126.6250,2024-06-01,21.2670
인천,서해,37.4519,126.5922,37.3750,126.6250,2024-07-01,23.7510
인천,서해,37.4519,126.5922,37.3750,126.6250,2024-08-01,28.1190
인천,서해,37.4519,126.5922,37.3750,126.6250,2024-09-01,27.5123
인천,서해,37.4519,126.5922,37.3750,126.6250,2024-10-01,22.1129
인천,서해,37.4519,126.5922,37.3750,126.6250,2024-11-01,16.3097
인천,서해,37.4519,126.5922,37.3750,126.6250,2024-12-01,9.0365
인천,서해,37.4519,126.5922,37.3750,126.6250,2025-01-01,5.0784
인천,서해,37.4519,126.5922,37.3750,126.6250,2025-02-01,3.2404
인천,서해,37.4519,126.5922,37.3750,126.6250,2025-03-01,5.2900
인천,서해,37.4519,126.5922,37.3750,126.6250,2025-04-01,9.3260
인천,서해,37.4519,126.5922,37.3750,126.6250,2025-05-01,13.9697
인천,서해,37.4519,126.5922,37.3750,126.6250,2025-06-01,19.4360
인천,서해,37.4519,126.5922,37.3750,126.6250,2025-07-01,24.2423
인천,서해,37.4519,126.5922,37.3750,126.6250,2025-08-01,27.2094
인천,서해,37.4519,126.5922,37.3750,126.6250,2025-09-01,26.2920
인천,서해,37.4519,126.5922,37.3750,126.6250,2025-10-01,21.4642
인천,서해,37.4519,126.5922,37.3750,126.6250,2025-11-01,15.2520
인천,서해,37.4519,126.5922,37.3750,126.6250,2025-12-01,9.2545
인천,서해,37.4519,126.5922,37.3750,126.6250,2026-01-01,4.5248
인천,서해,37.4519,126.5922,37.3750,126.6250,2026-02-01,3.3764
인천,서해,37.4519,126.5922,37.3750,126.6250,2026-03-01,6.5635
인천,서해,37.4519,126.5922,37.3750,126.6250,2026-04-01,10.6440
목포,서해,34.7794,126.3756,35.1250,126.1250,1981-09-01,22.6517
목포,서해,34.7794,126.3756,35.1250,126.1250,1981-10-01,19.4039
목포,서해,34.7794,126.3756,35.1250,126.1250,1981-11-01,14.1793
목포,서해,34.7794,126.3756,35.1250,126.1250,1981-12-01,10.6665
목포,서해,34.7794,126.3756,35.1250,126.1250,1982-01-01,8.0894
목포,서해,34.7794,126.3756,35.1250,126.1250,1982-02-01,6.0807
목포,서해,34.7794,126.3756,35.1250,126.1250,1982-03-01,7.0645
목포,서해,34.7794,126.3756,35.1250,126.1250,1982-04-01,9.1727
목포,서해,34.7794,126.3756,35.1250,126.1250,1982-05-01,14.0016
목포,서해,34.7794,126.3756,35.1250,126.1250,1982-06-01,19.3660
목포,서해,34.7794,126.3756,35.1250,126.1250,1982-07-01,22.1510
목포,서해,34.7794,126.3756,35.1250,126.1250,1982-08-01,24.7635
목포,서해,34.7794,126.3756,35.1250,126.1250,1982-09-01,23.6003
목포,서해,34.7794,126.3756,35.1250,126.1250,1982-10-01,20.4706
목포,서해,34.7794,126.3756,35.1250,126.1250,1982-11-01,16.4457
목포,서해,34.7794,126.3756,35.1250,126.1250,1982-12-01,11.8094
목포,서해,34.7794,126.3756,35.1250,126.1250,1983-01-01,8.7671
목포,서해,34.7794,126.3756,35.1250,126.1250,1983-02-01,7.6457
목포,서해,34.7794,126.3756,35.1250,126.1250,1983-03-01,7.1958
목포,서해,34.7794,126.3756,35.1250,126.1250,1983-04-01,10.2820
목포,서해,34.7794,126.3756,35.1250,126.1250,1983-05-01,14.4619
목포,서해,34.7794,126.3756,35.1250,126.1250,1983-06-01,19.7823
목포,서해,34.7794,126.3756,35.1250,126.1250,1983-07-01,21.7745
목포,서해,34.7794,126.3756,35.1250,126.1250,1983-08-01,25.2374
목포,서해,34.7794,126.3756,35.1250,126.1250,1983-09-01,24.6990
목포,서해,34.7794,126.3756,35.1250,126.1250,1983-10-01,20.2897
목포,서해,34.7794,126.3756,35.1250,126.1250,1983-11-01,15.4023
목포,서해,34.7794,126.3756,35.1250,126.1250,1983-12-01,10.2335
목포,서해,34.7794,126.3756,35.1250,126.1250,1984-01-01,7.2861
목포,서해,34.7794,126.3756,35.1250,126.1250,1984-02-01,5.5045
목포,서해,34.7794,126.3756,35.1250,126.1250,1984-03-01,5.1848
목포,서해,34.7794,126.3756,35.1250,126.1250,1984-04-01,8.0903
목포,서해,34.7794,126.3756,35.1250,126.1250,1984-05-01,13.8235
목포,서해,34.7794,126.3756,35.1250,126.1250,1984-06-01,19.4113
목포,서해,34.7794,126.3756,35.1250,126.1250,1984-07-01,23.0968
목포,서해,34.7794,126.3756,35.1250,126.1250,1984-08-01,25.3955
목포,서해,34.7794,126.3756,35.1250,126.1250,1984-09-01,23.7587
목포,서해,34.7794,126.3756,35.1250,126.1250,1984-10-01,19.5265
목포,서해,34.7794,126.3756,35.1250,126.1250,1984-11-01,15.0750
목포,서해,34.7794,126.3756,35.1250,126.1250,1984-12-01,11.5284
목포,서해,34.7794,126.3756,35.1250,126.1250,1985-01-01,8.0997
목포,서해,34.7794,126.3756,35.1250,126.1250,1985-02-01,6.8007
목포,서해,34.7794,126.3756,35.1250,126.1250,1985-03-01,7.2461
목포,서해,34.7794,126.3756,35.1250,126.1250,1985-04-01,9.9643
목포,서해,34.7794,126.3756,35.1250,126.1250,1985-05-01,13.8210
목포,서해,34.7794,126.3756,35.1250,126.1250,1985-06-01,18.7240
목포,서해,34.7794,126.3756,35.1250,126.1250,1985-07-01,22.8855
목포,서해,34.7794,126.3756,35.1250,126.1250,1985-08-01,25.2319
목포,서해,34.7794,126.3756,35.1250,126.1250,1985-09-01,23.5730
목포,서해,34.7794,126.3756,35.1250,126.1250,1985-10-01,18.3984
목포,서해,34.7794,126.3756,35.1250,126.1250,1985-11-01,14.3587
목포,서해,34.7794,126.3756,35.1250,126.1250,1985-12-01,10.7206
목포,서해,34.7794,126.3756,35.1250,126.1250,1986-01-01,7.2197
목포,서해,34.7794,126.3756,35.1250,126.1250,1986-02-01,6.4846
목포,서해,34.7794,126.3756,35.1250,126.1250,1986-03-01,7.1206
목포,서해,34.7794,126.3756,35.1250,126.1250,1986-04-01,9.8943
목포,서해,34.7794,126.3756,35.1250,126.1250,1986-05-01,13.2842
목포,서해,34.7794,126.3756,35.1250,126.1250,1986-06-01,17.6550
목포,서해,34.7794,126.3756,35.1250,126.1250,1986-07-01,22.2855
목포,서해,34.7794,126.3756,35.1250,126.1250,1986-08-01,24.6139
목포,서해,34.7794,126.3756,35.1250,126.1250,1986-09-01,21.7943
목포,서해,34.7794,126.3756,35.1250,126.1250,1986-10-01,18.0913
목포,서해,34.7794,126.3756,35.1250,126.1250,1986-11-01,14.2990
목포,서해,34.7794,126.3756,35.1250,126.1250,1986-12-01,11.8645
목포,서해,34.7794,126.3756,35.1250,126.1250,1987-01-01,9.1506
목포,서해,34.7794,126.3756,35.1250,126.1250,1987-02-01,7.4339
목포,서해,34.7794,126.3756,35.1250,126.1250,1987-03-01,7.8100
목포,서해,34.7794,126.3756,35.1250,126.1250,1987-04-01,9.6167
목포,서해,34.7794,126.3756,35.1250,126.1250,1987-05-01,13.2532
목포,서해,34.7794,126.3756,35.1250,126.1250,1987-06-01,17.8160
목포,서해,34.7794,126.3756,35.1250,126.1250,1987-07-01,22.0368
목포,서해,34.7794,126.3756,35.1250,126.1250,1987-08-01,23.9361
목포,서해,34.7794,126.3756,35.1250,126.1250,1987-09-01,22.7023
목포,서해,34.7794,126.3756,35.1250,126.1250,1987-10-01,19.6906
목포,서해,34.7794,126.3756,35.1250,126.1250,1987-11-01,15.2553
목포,서해,34.7794,126.3756,35.1250,126.1250,1987-12-01,11.1810
목포,서해,34.7794,126.3756,35.1250,126.1250,1988-01-01,8.8887
목포,서해,34.7794,126.3756,35.1250,126.1250,1988-02-01,7.3276
목포,서해,34.7794,126.3756,35.1250,126.1250,1988-03-01,7.7248
목포,서해,34.7794,126.3756,35.1250,126.1250,1988-04-01,9.7847
목포,서해,34.7794,126.3756,35.1250,126.1250,1988-05-01,14.2242
목포,서해,34.7794,126.3756,35.1250,126.1250,1988-06-01,19.4300
목포,서해,34.7794,126.3756,35.1250,126.1250,1988-07-01,23.7848
목포,서해,34.7794,126.3756,35.1250,126.1250,1988-08-01,25.1945
목포,서해,34.7794,126.3756,35.1250,126.1250,1988-09-01,23.6537
목포,서해,34.7794,126.3756,35.1250,126.1250,1988-10-01,19.7842
목포,서해,34.7794,126.3756,35.1250,126.1250,1988-11-01,14.8343
목포,서해,34.7794,126.3756,35.1250,126.1250,1988-12-01,11.0400
목포,서해,34.7794,126.3756,35.1250,126.1250,1989-01-01,8.8371
목포,서해,34.7794,126.3756,35.1250,126.1250,1989-02-01,6.7814
목포,서해,34.7794,126.3756,35.1250,126.1250,1989-03-01,7.3806
목포,서해,34.7794,126.3756,35.1250,126.1250,1989-04-01,11.3763
목포,서해,34.7794,126.3756,35.1250,126.1250,1989-05-01,14.8700
목포,서해,34.7794,126.3756,35.1250,126.1250,1989-06-01,18.9113
목포,서해,34.7794,126.3756,35.1250,126.1250,1989-07-01,23.2268
목포,서해,34.7794,126.3756,35.1250,126.1250,1989-08-01,24.6797
목포,서해,34.7794,126.3756,35.1250,126.1250,1989-09-01,23.4773
목포,서해,34.7794,126.3756,35.1250,126.1250,1989-10-01,19.2100
목포,서해,34.7794,126.3756,35.1250,126.1250,1989-11-01,15.3447
목포,서해,34.7794,126.3756,35.1250,126.1250,1989-12-01,11.3926
목포,서해,34.7794,126.3756,35.1250,126.1250,1990-01-01,9.4900
목포,서해,34.7794,126.3756,35.1250,126.1250,1990-02-01,7.5604
목포,서해,34.7794,126.3756,35.1250,126.1250,1990-03-01,8.4119
목포,서해,34.7794,126.3756,35.1250,126.1250,1990-04-01,10.1817
목포,서해,34.7794,126.3756,35.1250,126.1250,1990-05-01,14.1700
목포,서해,34.7794,126.3756,35.1250,126.1250,1990-06-01,18.7757
목포,서해,34.7794,126.3756,35.1250,126.1250,1990-07-01,22.3448
목포,서해,34.7794,126.3756,35.1250,126.1250,1990-08-01,25.9326
목포,서해,34.7794,126.3756,35.1250,126.1250,1990-09-01,23.5190
목포,서해,34.7794,126.3756,35.1250,126.1250,1990-10-01,19.4113
목포,서해,34.7794,126.3756,35.1250,126.1250,1990-11-01,15.4220
목포,서해,34.7794,126.3756,35.1250,126.1250,1990-12-01,11.7826
목포,서해,34.7794,126.3756,35.1250,126.1250,1991-01-01,8.9752
목포,서해,34.7794,126.3756,35.1250,126.1250,1991-02-01,7.4018
목포,서해,34.7794,126.3756,35.1250,126.1250,1991-03-01,7.9800
목포,서해,34.7794,126.3756,35.1250,126.1250,1991-04-01,11.0023
목포,서해,34.7794,126.3756,35.1250,126.1250,1991-05-01,14.3674
목포,서해,34.7794,126.3756,35.1250,126.1250,1991-06-01,18.0250
목포,서해,34.7794,126.3756,35.1250,126.1250,1991-07-01,22.1910
목포,서해,34.7794,126.3756,35.1250,126.1250,1991-08-01,24.1023
목포,서해,34.7794,126.3756,35.1250,126.1250,1991-09-01,23.2260
목포,서해,34.7794,126.3756,35.1250,126.1250,1991-10-01,19.2552
목포,서해,34.7794,126.3756,35.1250,126.1250,1991-11-01,14.3070
목포,서해,34.7794,126.3756,35.1250,126.1250,1991-12-01,11.9258
목포,서해,34.7794,126.3756,35.1250,126.1250,1992-01-01,9.6597
목포,서해,34.7794,126.3756,35.1250,126.1250,1992-02-01,7.9566
목포,서해,34.7794,126.3756,35.1250,126.1250,1992-03-01,7.9206
목포,서해,34.7794,126.3756,35.1250,126.1250,1992-04-01,11.4113
목포,서해,34.7794,126.3756,35.1250,126.1250,1992-05-01,14.5668
목포,서해,34.7794,126.3756,35.1250,126.1250,1992-06-01,18.2513
목포,서해,34.7794,126.3756,35.1250,126.1250,1992-07-01,21.9897
목포,서해,34.7794,126.3756,35.1250,126.1250,1992-08-01,25.0055
목포,서해,34.7794,126.3756,35.1250,126.1250,1992-09-01,23.3403
목포,서해,34.7794,126.3756,35.1250,126.1250,1992-10-01,19.4048
목포,서해,34.7794,126.3756,35.1250,126.1250,1992-11-01,15.1313
목포,서해,34.7794,126.3756,35.1250,126.1250,1992-12-01,11.7116
목포,서해,34.7794,126.3756,35.1250,126.1250,1993-01-01,9.3245
목포,서해,34.7794,126.3756,35.1250,126.1250,1993-02-01,7.5518
목포,서해,34.7794,126.3756,35.1250,126.1250,1993-03-01,7.3542
목포,서해,34.7794,126.3756,35.1250,126.1250,1993-04-01,9.3563
목포,서해,34.7794,126.3756,35.1250,126.1250,1993-05-01,13.5819
목포,서해,34.7794,126.3756,35.1250,126.1250,1993-06-01,17.7743
목포,서해,34.7794,126.3756,35.1250,126.1250,1993-07-01,21.1977
목포,서해,34.7794,126.3756,35.1250,126.1250,1993-08-01,23.7797
목포,서해,34.7794,126.3756,35.1250,126.1250,1993-09-01,23.2313
목포,서해,34.7794,126.3756,35.1250,126.1250,1993-10-01,19.3500
목포,서해,34.7794,126.3756,35.1250,126.1250,1993-11-01,15.7443
목포,서해,34.7794,126.3756,35.1250,126.1250,1993-12-01,11.8732
목포,서해,34.7794,126.3756,35.1250,126.1250,1994-01-01,8.4758
목포,서해,34.7794,126.3756,35.1250,126.1250,1994-02-01,6.6639
목포,서해,34.7794,126.3756,35.1250,126.1250,1994-03-01,6.9700
목포,서해,34.7794,126.3756,35.1250,126.1250,1994-04-01,9.8700
목포,서해,34.7794,126.3756,35.1250,126.1250,1994-05-01,14.1477
목포,서해,34.7794,126.3756,35.1250,126.1250,1994-06-01,18.5680
목포,서해,34.7794,126.3756,35.1250,126.1250,1994-07-01,23.9600
목포,서해,34.7794,126.3756,35.1250,126.1250,1994-08-01,25.6787
목포,서해,34.7794,126.3756,35.1250,126.1250,1994-09-01,23.9530
목포,서해,34.7794,126.3756,35.1250,126.1250,1994-10-01,19.2045
목포,서해,34.7794,126.3756,35.1250,126.1250,1994-11-01,15.5207
목포,서해,34.7794,126.3756,35.1250,126.1250,1994-12-01,12.4358
목포,서해,34.7794,126.3756,35.1250,126.1250,1995-01-01,9.6423
목포,서해,34.7794,126.3756,35.1250,126.1250,1995-02-01,7.9336
목포,서해,34.7794,126.3756,35.1250,126.1250,1995-03-01,8.1790
목포,서해,34.7794,126.3756,35.1250,126.1250,1995-04-01,10.3060
목포,서해,34.7794,126.3756,35.1250,126.1250,1995-05-01,12.9752
목포,서해,34.7794,126.3756,35.1250,126.1250,1995-06-01,19.0400
목포,서해,34.7794,126.3756,35.1250,126.1250,1995-07-01,22.8168
목포,서해,34.7794,126.3756,35.1250,126.1250,1995-08-01,26.1171
목포,서해,34.7794,126.3756,35.1250,126.1250,1995-09-01,22.8790
목포,서해,34.7794,126.3756,35.1250,126.1250,1995-10-01,19.1545
목포,서해,34.7794,126.3756,35.1250,126.1250,1995-11-01,14.6187
목포,서해,34.7794,126.3756,35.1250,126.1250,1995-12-01,11.1852
목포,서해,34.7794,126.3756,35.1250,126.1250,1996-01-01,8.0103
목포,서해,34.7794,126.3756,35.1250,126.1250,1996-02-01,7.1079
목포,서해,34.7794,126.3756,35.1250,126.1250,1996-03-01,7.4771
목포,서해,34.7794,126.3756,35.1250,126.1250,1996-04-01,8.9703
목포,서해,34.7794,126.3756,35.1250,126.1250,1996-05-01,12.7626
목포,서해,34.7794,126.3756,35.1250,126.1250,1996-06-01,18.1800
목포,서해,34.7794,126.3756,35.1250,126.1250,1996-07-01,21.3481
목포,서해,34.7794,126.3756,35.1250,126.1250,1996-08-01,25.6797
목포,서해,34.7794,126.3756,35.1250,126.1250,1996-09-01,23.8517
목포,서해,34.7794,126.3756,35.1250,126.1250,1996-10-01,19.4045
목포,서해,34.7794,126.3756,35.1250,126.1250,1996-11-01,15.3403
목포,서해,34.7794,126.3756,35.1250,126.1250,1996-12-01,11.5835
목포,서해,34.7794,126.3756,35.1250,126.1250,1997-01-01,8.6171
목포,서해,34.7794,126.3756,35.1250,126.1250,1997-02-01,7.5746
목포,서해,34.7794,126.3756,35.1250,126.1250,1997-03-01,8.1852
목포,서해,34.7794,126.3756,35.1250,126.1250,1997-04-01,10.8697
목포,서해,34.7794,126.3756,35.1250,126.1250,1997-05-01,14.8461
목포,서해,34.7794,126.3756,35.1250,126.1250,1997-06-01,19.3903
목포,서해,34.7794,126.3756,35.1250,126.1250,1997-07-01,23.5339
목포,서해,34.7794,126.3756,35.1250,126.1250,1997-08-01,25.6281
목포,서해,34.7794,126.3756,35.1250,126.1250,1997-09-01,24.2073
목포,서해,34.7794,126.3756,35.1250,126.1250,1997-10-01,19.1081
목포,서해,34.7794,126.3756,35.1250,126.1250,1997-11-01,15.4673
목포,서해,34.7794,126.3756,35.1250,126.1250,1997-12-01,11.9929
목포,서해,34.7794,126.3756,35.1250,126.1250,1998-01-01,9.7355
목포,서해,34.7794,126.3756,35.1250,126.1250,1998-02-01,8.0739
목포,서해,34.7794,126.3756,35.1250,126.1250,1998-03-01,8.3581
목포,서해,34.7794,126.3756,35.1250,126.1250,1998-04-01,11.7150
목포,서해,34.7794,126.3756,35.1250,126.1250,1998-05-01,15.4165
목포,서해,34.7794,126.3756,35.1250,126.1250,1998-06-01,19.2340
목포,서해,34.7794,126.3756,35.1250,126.1250,1998-07-01,23.0426
목포,서해,34.7794,126.3756,35.1250,126.1250,1998-08-01,25.7519
목포,서해,34.7794,126.3756,35.1250,126.1250,1998-09-01,23.7640
목포,서해,34.7794,126.3756,35.1250,126.1250,1998-10-01,20.0865
목포,서해,34.7794,126.3756,35.1250,126.1250,1998-11-01,15.5440
목포,서해,34.7794,126.3756,35.1250,126.1250,1998-12-01,12.0600
목포,서해,34.7794,126.3756,35.1250,126.1250,1999-01-01,9.2881
목포,서해,34.7794,126.3756,35.1250,126.1250,1999-02-01,7.4779
목포,서해,34.7794,126.3756,35.1250,126.1250,1999-03-01,7.6294
목포,서해,34.7794,126.3756,35.1250,126.1250,1999-04-01,10.3483
목포,서해,34.7794,126.3756,35.1250,126.1250,1999-05-01,15.0745
목포,서해,34.7794,126.3756,35.1250,126.1250,1999-06-01,18.5537
목포,서해,34.7794,126.3756,35.1250,126.1250,1999-07-01,22.6132
목포,서해,34.7794,126.3756,35.1250,126.1250,1999-08-01,24.0774
목포,서해,34.7794,126.3756,35.1250,126.1250,1999-09-01,23.5860
목포,서해,34.7794,126.3756,35.1250,126.1250,1999-10-01,19.6906
목포,서해,34.7794,126.3756,35.1250,126.1250,1999-11-01,14.9237
목포,서해,34.7794,126.3756,35.1250,126.1250,1999-12-01,10.2594
목포,서해,34.7794,126.3756,35.1250,126.1250,2000-01-01,8.7619
목포,서해,34.7794,126.3756,35.1250,126.1250,2000-02-01,7.5024
목포,서해,34.7794,126.3756,35.1250,126.1250,2000-03-01,6.8271
목포,서해,34.7794,126.3756,35.1250,126.1250,2000-04-01,9.6503
목포,서해,34.7794,126.3756,35.1250,126.1250,2000-05-01,12.9542
목포,서해,34.7794,126.3756,35.1250,126.1250,2000-06-01,19.1820
목포,서해,34.7794,126.3756,35.1250,126.1250,2000-07-01,22.3765
목포,서해,34.7794,126.3756,35.1250,126.1250,2000-08-01,25.7055
목포,서해,34.7794,126.3756,35.1250,126.1250,2000-09-01,22.3663
목포,서해,34.7794,126.3756,35.1250,126.1250,2000-10-01,19.0477
목포,서해,34.7794,126.3756,35.1250,126.1250,2000-11-01,14.4563
목포,서해,34.7794,126.3756,35.1250,126.1250,2000-12-01,11.7000
목포,서해,34.7794,126.3756,35.1250,126.1250,2001-01-01,8.8774
목포,서해,34.7794,126.3756,35.1250,126.1250,2001-02-01,6.7114
목포,서해,34.7794,126.3756,35.1250,126.1250,2001-03-01,7.2287
목포,서해,34.7794,126.3756,35.1250,126.1250,2001-04-01,10.3643
목포,서해,34.7794,126.3756,35.1250,126.1250,2001-05-01,14.6748
목포,서해,34.7794,126.3756,35.1250,126.1250,2001-06-01,19.1400
목포,서해,34.7794,126.3756,35.1250,126.1250,2001-07-01,23.7619
목포,서해,34.7794,126.3756,35.1250,126.1250,2001-08-01,26.6497
목포,서해,34.7794,126.3756,35.1250,126.1250,2001-09-01,23.7293
목포,서해,34.7794,126.3756,35.1250,126.1250,2001-10-01,19.1032
목포,서해,34.7794,126.3756,35.1250,126.1250,2001-11-01,15.1240
목포,서해,34.7794,126.3756,35.1250,126.1250,2001-12-01,10.8765
목포,서해,34.7794,126.3756,35.1250,126.1250,2002-01-01,8.2268
목포,서해,34.7794,126.3756,35.1250,126.1250,2002-02-01,7.5175
목포,서해,34.7794,126.3756,35.1250,126.1250,2002-03-01,7.9319
목포,서해,34.7794,126.3756,35.1250,126.1250,2002-04-01,11.3113
목포,서해,34.7794,126.3756,35.1250,126.1250,2002-05-01,14.3884
목포,서해,34.7794,126.3756,35.1250,126.1250,2002-06-01,19.3617
목포,서해,34.7794,126.3756,35.1250,126.1250,2002-07-01,21.9368
목포,서해,34.7794,126.3756,35.1250,126.1250,2002-08-01,23.8481
목포,서해,34.7794,126.3756,35.1250,126.1250,2002-09-01,21.9420
목포,서해,34.7794,126.3756,35.1250,126.1250,2002-10-01,18.9661
목포,서해,34.7794,126.3756,35.1250,126.1250,2002-11-01,13.9380
목포,서해,34.7794,126.3756,35.1250,126.1250,2002-12-01,10.9784
목포,서해,34.7794,126.3756,35.1250,126.1250,2003-01-01,7.9000
목포,서해,34.7794,126.3756,35.1250,126.1250,2003-02-01,6.5621
목포,서해,34.7794,126.3756,35.1250,126.1250,2003-03-01,7.4381
목포,서해,34.7794,126.3756,35.1250,126.1250,2003-04-01,9.6693
목포,서해,34.7794,126.3756,35.1250,126.1250,2003-05-01,14.9306
목포,서해,34.7794,126.3756,35.1250,126.1250,2003-06-01,17.9370
목포,서해,34.7794,126.3756,35.1250,126.1250,2003-07-01,20.6006
목포,서해,34.7794,126.3756,35.1250,126.1250,2003-08-01,22.5929
목포,서해,34.7794,126.3756,35.1250,126.1250,2003-09-01,21.9797
목포,서해,34.7794,126.3756,35.1250,126.1250,2003-10-01,18.4035
목포,서해,34.7794,126.3756,35.1250,126.1250,2003-11-01,14.6703
목포,서해,34.7794,126.3756,35.1250,126.1250,2003-12-01,10.8168
목포,서해,34.7794,126.3756,35.1250,126.1250,2004-01-01,8.0948
목포,서해,34.7794,126.3756,35.1250,126.1250,2004-02-01,6.8045
목포,서해,34.7794,126.3756,35.1250,126.1250,2004-03-01,6.8561
목포,서해,34.7794,126.3756,35.1250,126.1250,2004-04-01,9.9817
목포,서해,34.7794,126.3756,35.1250,126.1250,2004-05-01,14.2971
목포,서해,34.7794,126.3756,35.1250,126.1250,2004-06-01,18.8093
목포,서해,34.7794,126.3756,35.1250,126.1250,2004-07-01,22.4703
목포,서해,34.7794,126.3756,35.1250,126.1250,2004-08-01,25.5216
목포,서해,34.7794,126.3756,35.1250,126.1250,2004-09-01,23.2937
목포,서해,34.7794,126.3756,35.1250,126.1250,2004-10-01,18.8268
목포,서해,34.7794,126.3756,35.1250,126.1250,2004-11-01,15.3240
목포,서해,34.7794,126.3756,35.1250,126.1250,2004-12-01,12.4310
목포,서해,34.7794,126.3756,35.1250,126.1250,2005-01-01,9.6974
목포,서해,34.7794,126.3756,35.1250,126.1250,2005-02-01,7.1954
목포,서해,34.7794,126.3756,35.1250,126.1250,2005-03-01,6.8768
목포,서해,34.7794,126.3756,35.1250,126.1250,2005-04-01,10.6263
목포,서해,34.7794,126.3756,35.1250,126.1250,2005-05-01,14.8358
목포,서해,34.7794,126.3756,35.1250,126.1250,2005-06-01,19.0287
목포,서해,34.7794,126.3756,35.1250,126.1250,2005-07-01,22.9706
목포,서해,34.7794,126.3756,35.1250,126.1250,2005-08-01,24.9694
목포,서해,34.7794,126.3756,35.1250,126.1250,2005-09-01,23.6147
목포,서해,34.7794,126.3756,35.1250,126.1250,2005-10-01,20.0032
목포,서해,34.7794,126.3756,35.1250,126.1250,2005-11-01,15.3060
목포,서해,34.7794,126.3756,35.1250,126.1250,2005-12-01,10.9323
목포,서해,34.7794,126.3756,35.1250,126.1250,2006-01-01,7.8458
목포,서해,34.7794,126.3756,35.1250,126.1250,2006-02-01,6.4700
목포,서해,34.7794,126.3756,35.1250,126.1250,2006-03-01,6.8206
목포,서해,34.7794,126.3756,35.1250,126.1250,2006-04-01,9.3403
목포,서해,34.7794,126.3756,35.1250,126.1250,2006-05-01,13.9426
목포,서해,34.7794,126.3756,35.1250,126.1250,2006-06-01,17.8077
목포,서해,34.7794,126.3756,35.1250,126.1250,2006-07-01,21.8803
목포,서해,34.7794,126.3756,35.1250,126.1250,2006-08-01,26.2013
목포,서해,34.7794,126.3756,35.1250,126.1250,2006-09-01,22.9667
목포,서해,34.7794,126.3756,35.1250,126.1250,2006-10-01,20.8458
목포,서해,34.7794,126.3756,35.1250,126.1250,2006-11-01,16.7453
목포,서해,34.7794,126.3756,35.1250,126.1250,2006-12-01,11.9965
목포,서해,34.7794,126.3756,35.1250,126.1250,2007-01-01,7.9352
목포,서해,34.7794,126.3756,35.1250,126.1250,2007-02-01,7.0718
목포,서해,34.7794,126.3756,35.1250,126.1250,2007-03-01,7.7203
목포,서해,34.7794,126.3756,35.1250,126.1250,2007-04-01,10.3370
목포,서해,34.7794,126.3756,35.1250,126.1250,2007-05-01,14.7945
목포,서해,34.7794,126.3756,35.1250,126.1250,2007-06-01,19.1000
목포,서해,34.7794,126.3756,35.1250,126.1250,2007-07-01,21.5935
목포,서해,34.7794,126.3756,35.1250,126.1250,2007-08-01,26.1671
목포,서해,34.7794,126.3756,35.1250,126.1250,2007-09-01,23.2440
목포,서해,34.7794,126.3756,35.1250,126.1250,2007-10-01,19.8439
목포,서해,34.7794,126.3756,35.1250,126.1250,2007-11-01,14.6083
목포,서해,34.7794,126.3756,35.1250,126.1250,2007-12-01,10.5094
목포,서해,34.7794,126.3756,35.1250,126.1250,2008-01-01,7.2023
목포,서해,34.7794,126.3756,35.1250,126.1250,2008-02-01,5.8834
목포,서해,34.7794,126.3756,35.1250,126.1250,2008-03-01,5.7603
목포,서해,34.7794,126.3756,35.1250,126.1250,2008-04-01,9.4840
목포,서해,34.7794,126.3756,35.1250,126.1250,2008-05-01,13.8745
목포,서해,34.7794,126.3756,35.1250,126.1250,2008-06-01,18.1180
목포,서해,34.7794,126.3756,35.1250,126.1250,2008-07-01,22.8890
목포,서해,34.7794,126.3756,35.1250,126.1250,2008-08-01,24.8319
목포,서해,34.7794,126.3756,35.1250,126.1250,2008-09-01,23.3730
목포,서해,34.7794,126.3756,35.1250,126.1250,2008-10-01,19.2600
목포,서해,34.7794,126.3756,35.1250,126.1250,2008-11-01,15.2450
목포,서해,34.7794,126.3756,35.1250,126.1250,2008-12-01,10.6332
목포,서해,34.7794,126.3756,35.1250,126.1250,2009-01-01,7.9519
목포,서해,34.7794,126.3756,35.1250,126.1250,2009-02-01,6.7696
목포,서해,34.7794,126.3756,35.1250,126.1250,2009-03-01,7.0652
목포,서해,34.7794,126.3756,35.1250,126.1250,2009-04-01,10.8653
목포,서해,34.7794,126.3756,35.1250,126.1250,2009-05-01,14.6110
목포,서해,34.7794,126.3756,35.1250,126.1250,2009-06-01,18.7193
목포,서해,34.7794,126.3756,35.1250,126.1250,2009-07-01,21.4755
목포,서해,34.7794,126.3756,35.1250,126.1250,2009-08-01,23.8952
목포,서해,34.7794,126.3756,35.1250,126.1250,2009-09-01,23.1390
목포,서해,34.7794,126.3756,35.1250,126.1250,2009-10-01,19.1687
목포,서해,34.7794,126.3756,35.1250,126.1250,2009-11-01,14.9563
목포,서해,34.7794,126.3756,35.1250,126.1250,2009-12-01,10.9045
목포,서해,34.7794,126.3756,35.1250,126.1250,2010-01-01,7.3548
목포,서해,34.7794,126.3756,35.1250,126.1250,2010-02-01,5.5832
목포,서해,34.7794,126.3756,35.1250,126.1250,2010-03-01,6.4084
목포,서해,34.7794,126.3756,35.1250,126.1250,2010-04-01,8.8617
목포,서해,34.7794,126.3756,35.1250,126.1250,2010-05-01,13.5613
목포,서해,34.7794,126.3756,35.1250,126.1250,2010-06-01,19.6313
목포,서해,34.7794,126.3756,35.1250,126.1250,2010-07-01,22.8084
목포,서해,34.7794,126.3756,35.1250,126.1250,2010-08-01,25.6077
목포,서해,34.7794,126.3756,35.1250,126.1250,2010-09-01,23.2283
목포,서해,34.7794,126.3756,35.1250,126.1250,2010-10-01,18.5390
목포,서해,34.7794,126.3756,35.1250,126.1250,2010-11-01,13.6240
목포,서해,34.7794,126.3756,35.1250,126.1250,2010-12-01,10.0342
목포,서해,34.7794,126.3756,35.1250,126.1250,2011-01-01,6.1365
목포,서해,34.7794,126.3756,35.1250,126.1250,2011-02-01,4.8093
목포,서해,34.7794,126.3756,35.1250,126.1250,2011-03-01,4.8574
목포,서해,34.7794,126.3756,35.1250,126.1250,2011-04-01,8.4807
목포,서해,34.7794,126.3756,35.1250,126.1250,2011-05-01,12.8835
목포,서해,34.7794,126.3756,35.1250,126.1250,2011-06-01,17.6510
목포,서해,34.7794,126.3756,35.1250,126.1250,2011-07-01,22.4619
목포,서해,34.7794,126.3756,35.1250,126.1250,2011-08-01,23.6052
목포,서해,34.7794,126.3756,35.1250,126.1250,2011-09-01,21.7717
목포,서해,34.7794,126.3756,35.1250,126.1250,2011-10-01,18.0597
목포,서해,34.7794,126.3756,35.1250,126.1250,2011-11-01,14.9220
목포,서해,34.7794,126.3756,35.1250,126.1250,2011-12-01,10.9297
목포,서해,34.7794,126.3756,35.1250,126.1250,2012-01-01,7.8439
목포,서해,34.7794,126.3756,35.1250,126.1250,2012-02-01,5.3431
목포,서해,34.7794,126.3756,35.1250,126.1250,2012-03-01,5.4816
목포,서해,34.7794,126.3756,35.1250,126.1250,2012-04-01,8.8607
목포,서해,34.7794,126.3756,35.1250,126.1250,2012-05-01,13.5442
목포,서해,34.7794,126.3756,35.1250,126.1250,2012-06-01,19.8800
목포,서해,34.7794,126.3756,35.1250,126.1250,2012-07-01,23.6871
목포,서해,34.7794,126.3756,35.1250,126.1250,2012-08-01,25.6871
목포,서해,34.7794,126.3756,35.1250,126.1250,2012-09-01,22.4263
목포,서해,34.7794,126.3756,35.1250,126.1250,2012-10-01,18.6306
목포,서해,34.7794,126.3756,35.1250,126.1250,2012-11-01,13.6750
목포,서해,34.7794,126.3756,35.1250,126.1250,2012-12-01,10.2584
목포,서해,34.7794,126.3756,35.1250,126.1250,2013-01-01,6.9435
목포,서해,34.7794,126.3756,35.1250,126.1250,2013-02-01,5.3154
목포,서해,34.7794,126.3756,35.1250,126.1250,2013-03-01,5.7926
목포,서해,34.7794,126.3756,35.1250,126.1250,2013-04-01,8.1280
목포,서해,34.7794,126.3756,35.1250,126.1250,2013-05-01,13.5781
목포,서해,34.7794,126.3756,35.1250,126.1250,2013-06-01,18.6913
목포,서해,34.7794,126.3756,35.1250,126.1250,2013-07-01,22.6903
목포,서해,34.7794,126.3756,35.1250,126.1250,2013-08-01,27.4410
목포,서해,34.7794,126.3756,35.1250,126.1250,2013-09-01,21.6210
목포,서해,34.7794,126.3756,35.1250,126.1250,2013-10-01,18.0148
목포,서해,34.7794,126.3756,35.1250,126.1250,2013-11-01,14.0023
목포,서해,34.7794,126.3756,35.1250,126.1250,2013-12-01,9.9032
목포,서해,34.7794,126.3756,35.1250,126.1250,2014-01-01,7.4774
목포,서해,34.7794,126.3756,35.1250,126.1250,2014-02-01,5.9589
목포,서해,34.7794,126.3756,35.1250,126.1250,2014-03-01,6.6603
목포,서해,34.7794,126.3756,35.1250,126.1250,2014-04-01,10.7287
목포,서해,34.7794,126.3756,35.1250,126.1250,2014-05-01,14.1632
목포,서해,34.7794,126.3756,35.1250,126.1250,2014-06-01,19.1807
목포,서해,34.7794,126.3756,35.1250,126.1250,2014-07-01,21.7335
목포,서해,34.7794,126.3756,35.1250,126.1250,2014-08-01,23.4116
목포,서해,34.7794,126.3756,35.1250,126.1250,2014-09-01,22.8443
목포,서해,34.7794,126.3756,35.1250,126.1250,2014-10-01,19.8819
목포,서해,34.7794,126.3756,35.1250,126.1250,2014-11-01,15.9680
목포,서해,34.7794,126.3756,35.1250,126.1250,2014-12-01,11.6481
목포,서해,34.7794,126.3756,35.1250,126.1250,2015-01-01,8.0468
목포,서해,34.7794,126.3756,35.1250,126.1250,2015-02-01,5.8182
목포,서해,34.7794,126.3756,35.1250,126.1250,2015-03-01,6.2919
목포,서해,34.7794,126.3756,35.1250,126.1250,2015-04-01,9.9740
목포,서해,34.7794,126.3756,35.1250,126.1250,2015-05-01,15.2871
목포,서해,34.7794,126.3756,35.1250,126.1250,2015-06-01,18.4300
목포,서해,34.7794,126.3756,35.1250,126.1250,2015-07-01,22.0645
목포,서해,34.7794,126.3756,35.1250,126.1250,2015-08-01,24.7768
목포,서해,34.7794,126.3756,35.1250,126.1250,2015-09-01,21.6123
목포,서해,34.7794,126.3756,35.1250,126.1250,2015-10-01,19.4123
목포,서해,34.7794,126.3756,35.1250,126.1250,2015-11-01,15.7800
목포,서해,34.7794,126.3756,35.1250,126.1250,2015-12-01,11.3671
목포,서해,34.7794,126.3756,35.1250,126.1250,2016-01-01,7.8048
목포,서해,34.7794,126.3756,35.1250,126.1250,2016-02-01,5.2686
목포,서해,34.7794,126.3756,35.1250,126.1250,2016-03-01,6.4552
목포,서해,34.7794,126.3756,35.1250,126.1250,2016-04-01,9.8400
목포,서해,34.7794,126.3756,35.1250,126.1250,2016-05-01,14.9781
목포,서해,34.7794,126.3756,35.1250,126.1250,2016-06-01,18.2053
목포,서해,34.7794,126.3756,35.1250,126.1250,2016-07-01,21.5903
목포,서해,34.7794,126.3756,35.1250,126.1250,2016-08-01,24.7732
목포,서해,34.7794,126.3756,35.1250,126.1250,2016-09-01,21.7483
목포,서해,34.7794,126.3756,35.1250,126.1250,2016-10-01,19.0535
목포,서해,34.7794,126.3756,35.1250,126.1250,2016-11-01,14.5233
목포,서해,34.7794,126.3756,35.1250,126.1250,2016-12-01,10.6948
목포,서해,34.7794,126.3756,35.1250,126.1250,2017-01-01,7.3813
목포,서해,34.7794,126.3756,35.1250,126.1250,2017-02-01,5.1436
목포,서해,34.7794,126.3756,35.1250,126.1250,2017-03-01,6.2058
목포,서해,34.7794,126.3756,35.1250,126.1250,2017-04-01,9.5180
목포,서해,34.7794,126.3756,35.1250,126.1250,2017-05-01,14.2942
목포,서해,34.7794,126.3756,35.1250,126.1250,2017-06-01,17.8523
목포,서해,34.7794,126.3756,35.1250,126.1250,2017-07-01,21.6113
목포,서해,34.7794,126.3756,35.1250,126.1250,2017-08-01,24.6258
목포,서해,34.7794,126.3756,35.1250,126.1250,2017-09-01,21.8250
목포,서해,34.7794,126.3756,35.1250,126.1250,2017-10-01,18.7632
목포,서해,34.7794,126.3756,35.1250,126.1250,2017-11-01,14.3310
목포,서해,34.7794,126.3756,35.1250,126.1250,2017-12-01,9.2203
목포,서해,34.7794,126.3756,35.1250,126.1250,2018-01-01,5.5158
목포,서해,34.7794,126.3756,35.1250,126.1250,2018-02-01,2.6736
목포,서해,34.7794,126.3756,35.1250,126.1250,2018-03-01,4.8735
목포,서해,34.7794,126.3756,35.1250,126.1250,2018-04-01,8.7207
목포,서해,34.7794,126.3756,35.1250,126.1250,2018-05-01,14.4681
목포,서해,34.7794,126.3756,35.1250,126.1250,2018-06-01,19.3433
목포,서해,34.7794,126.3756,35.1250,126.1250,2018-07-01,24.1735
목포,서해,34.7794,126.3756,35.1250,126.1250,2018-08-01,26.2871
목포,서해,34.7794,126.3756,35.1250,126.1250,2018-09-01,23.4020
목포,서해,34.7794,126.3756,35.1250,126.1250,2018-10-01,18.5226
목포,서해,34.7794,126.3756,35.1250,126.1250,2018-11-01,14.7673
목포,서해,34.7794,126.3756,35.1250,126.1250,2018-12-01,10.9413
목포,서해,34.7794,126.3756,35.1250,126.1250,2019-01-01,6.7406
목포,서해,34.7794,126.3756,35.1250,126.1250,2019-02-01,5.6325
목포,서해,34.7794,126.3756,35.1250,126.1250,2019-03-01,7.1529
목포,서해,34.7794,126.3756,35.1250,126.1250,2019-04-01,9.8817
목포,서해,34.7794,126.3756,35.1250,126.1250,2019-05-01,13.8265
목포,서해,34.7794,126.3756,35.1250,126.1250,2019-06-01,17.5663
목포,서해,34.7794,126.3756,35.1250,126.1250,2019-07-01,19.9590
목포,서해,34.7794,126.3756,35.1250,126.1250,2019-08-01,23.6852
목포,서해,34.7794,126.3756,35.1250,126.1250,2019-09-01,21.1677
목포,서해,34.7794,126.3756,35.1250,126.1250,2019-10-01,19.6713
목포,서해,34.7794,126.3756,35.1250,126.1250,2019-11-01,15.7633
목포,서해,34.7794,126.3756,35.1250,126.1250,2019-12-01,11.4103
목포,서해,34.7794,126.3756,35.1250,126.1250,2020-01-01,7.8129
목포,서해,34.7794,126.3756,35.1250,126.1250,2020-02-01,6.8638
목포,서해,34.7794,126.3756,35.1250,126.1250,2020-03-01,7.6639
목포,서해,34.7794,126.3756,35.1250,126.1250,2020-04-01,10.3113
목포,서해,34.7794,126.3756,35.1250,126.1250,2020-05-01,13.9300
목포,서해,34.7794,126.3756,35.1250,126.1250,2020-06-01,18.3537
목포,서해,34.7794,126.3756,35.1250,126.1250,2020-07-01,19.8587
목포,서해,34.7794,126.3756,35.1250,126.1250,2020-08-01,22.8435
목포,서해,34.7794,126.3756,35.1250,126.1250,2020-09-01,23.4610
목포,서해,34.7794,126.3756,35.1250,126.1250,2020-10-01,18.7094
목포,서해,34.7794,126.3756,35.1250,126.1250,2020-11-01,15.1427
목포,서해,34.7794,126.3756,35.1250,126.1250,2020-12-01,10.7519
목포,서해,34.7794,126.3756,35.1250,126.1250,2021-01-01,6.1413
목포,서해,34.7794,126.3756,35.1250,126.1250,2021-02-01,5.4750
목포,서해,34.7794,126.3756,35.1250,126.1250,2021-03-01,7.0581
목포,서해,34.7794,126.3756,35.1250,126.1250,2021-04-01,10.8940
목포,서해,34.7794,126.3756,35.1250,126.1250,2021-05-01,14.3858
목포,서해,34.7794,126.3756,35.1250,126.1250,2021-06-01,18.5103
목포,서해,34.7794,126.3756,35.1250,126.1250,2021-07-01,23.3403
목포,서해,34.7794,126.3756,35.1250,126.1250,2021-08-01,25.1465
목포,서해,34.7794,126.3756,35.1250,126.1250,2021-09-01,23.2037
목포,서해,34.7794,126.3756,35.1250,126.1250,2021-10-01,20.8213
목포,서해,34.7794,126.3756,35.1250,126.1250,2021-11-01,15.5250
목포,서해,34.7794,126.3756,35.1250,126.1250,2021-12-01,11.3674
목포,서해,34.7794,126.3756,35.1250,126.1250,2022-01-01,6.9639
목포,서해,34.7794,126.3756,35.1250,126.1250,2022-02-01,4.8571
목포,서해,34.7794,126.3756,35.1250,126.1250,2022-03-01,7.0242
목포,서해,34.7794,126.3756,35.1250,126.1250,2022-04-01,11.3973
목포,서해,34.7794,126.3756,35.1250,126.1250,2022-05-01,15.8726
목포,서해,34.7794,126.3756,35.1250,126.1250,2022-06-01,19.7680
목포,서해,34.7794,126.3756,35.1250,126.1250,2022-07-01,24.6971
목포,서해,34.7794,126.3756,35.1250,126.1250,2022-08-01,26.5355
목포,서해,34.7794,126.3756,35.1250,126.1250,2022-09-01,23.2597
목포,서해,34.7794,126.3756,35.1250,126.1250,2022-10-01,18.7229
목포,서해,34.7794,126.3756,35.1250,126.1250,2022-11-01,14.8940
목포,서해,34.7794,126.3756,35.1250,126.1250,2022-12-01,10.4548
목포,서해,34.7794,126.3756,35.1250,126.1250,2023-01-01,6.2994
목포,서해,34.7794,126.3756,35.1250,126.1250,2023-02-01,4.9086
목포,서해,34.7794,126.3756,35.1250,126.1250,2023-03-01,7.1203
목포,서해,34.7794,126.3756,35.1250,126.1250,2023-04-01,11.2493
목포,서해,34.7794,126.3756,35.1250,126.1250,2023-05-01,15.7252
목포,서해,34.7794,126.3756,35.1250,126.1250,2023-06-01,20.3267
목포,서해,34.7794,126.3756,35.1250,126.1250,2023-07-01,23.6242
목포,서해,34.7794,126.3756,35.1250,126.1250,2023-08-01,26.2790
목포,서해,34.7794,126.3756,35.1250,126.1250,2023-09-01,24.3743
목포,서해,34.7794,126.3756,35.1250,126.1250,2023-10-01,19.6065
목포,서해,34.7794,126.3756,35.1250,126.1250,2023-11-01,15.9653
목포,서해,34.7794,126.3756,35.1250,126.1250,2023-12-01,9.7774
목포,서해,34.7794,126.3756,35.1250,126.1250,2024-01-01,6.3006
목포,서해,34.7794,126.3756,35.1250,126.1250,2024-02-01,6.1214
목포,서해,34.7794,126.3756,35.1250,126.1250,2024-03-01,8.0045
목포,서해,34.7794,126.3756,35.1250,126.1250,2024-04-01,12.3110
목포,서해,34.7794,126.3756,35.1250,126.1250,2024-05-01,16.9855
목포,서해,34.7794,126.3756,35.1250,126.1250,2024-06-01,21.4503
목포,서해,34.7794,126.3756,35.1250,126.1250,2024-07-01,23.8639
목포,서해,34.7794,126.3756,35.1250,126.1250,2024-08-01,28.6132
목포,서해,34.7794,126.3756,35.1250,126.1250,2024-09-01,27.5783
목포,서해,34.7794,126.3756,35.1250,126.1250,2024-10-01,22.5313
목포,서해,34.7794,126.3756,35.1250,126.1250,2024-11-01,17.2633
목포,서해,34.7794,126.3756,35.1250,126.1250,2024-12-01,12.0003
목포,서해,34.7794,126.3756,35.1250,126.1250,2025-01-01,6.7197
목포,서해,34.7794,126.3756,35.1250,126.1250,2025-02-01,4.4000
목포,서해,34.7794,126.3756,35.1250,126.1250,2025-03-01,6.5926
목포,서해,34.7794,126.3756,35.1250,126.1250,2025-04-01,10.5903
목포,서해,34.7794,126.3756,35.1250,126.1250,2025-05-01,14.8006
목포,서해,34.7794,126.3756,35.1250,126.1250,2025-06-01,19.5990
목포,서해,34.7794,126.3756,35.1250,126.1250,2025-07-01,24.8184
목포,서해,34.7794,126.3756,35.1250,126.1250,2025-08-01,28.0471
목포,서해,34.7794,126.3756,35.1250,126.1250,2025-09-01,26.8343
목포,서해,34.7794,126.3756,35.1250,126.1250,2025-10-01,21.5623
목포,서해,34.7794,126.3756,35.1250,126.1250,2025-11-01,15.6283
목포,서해,34.7794,126.3756,35.1250,126.1250,2025-12-01,10.1500
목포,서해,34.7794,126.3756,35.1250,126.1250,2026-01-01,5.6326
목포,서해,34.7794,126.3756,35.1250,126.1250,2026-02-01,4.7621
목포,서해,34.7794,126.3756,35.1250,126.1250,2026-03-01,7.6371
목포,서해,34.7794,126.3756,35.1250,126.1250,2026-04-01,11.4397
진도,서해,34.3781,126.3081,34.3750,126.3750,1981-09-01,21.6240
진도,서해,34.3781,126.3081,34.3750,126.3750,1981-10-01,17.7313
진도,서해,34.3781,126.3081,34.3750,126.3750,1981-11-01,13.8713
진도,서해,34.3781,126.3081,34.3750,126.3750,1981-12-01,11.1835
진도,서해,34.3781,126.3081,34.3750,126.3750,1982-01-01,10.0361
진도,서해,34.3781,126.3081,34.3750,126.3750,1982-02-01,8.9214
진도,서해,34.3781,126.3081,34.3750,126.3750,1982-03-01,9.4732
진도,서해,34.3781,126.3081,34.3750,126.3750,1982-04-01,10.9863
진도,서해,34.3781,126.3081,34.3750,126.3750,1982-05-01,15.5826
진도,서해,34.3781,126.3081,34.3750,126.3750,1982-06-01,18.3080
진도,서해,34.3781,126.3081,34.3750,126.3750,1982-07-01,19.9545
진도,서해,34.3781,126.3081,34.3750,126.3750,1982-08-01,22.7190
진도,서해,34.3781,126.3081,34.3750,126.3750,1982-09-01,21.6413
진도,서해,34.3781,126.3081,34.3750,126.3750,1982-10-01,19.0113
진도,서해,34.3781,126.3081,34.3750,126.3750,1982-11-01,14.4730
진도,서해,34.3781,126.3081,34.3750,126.3750,1982-12-01,12.5071
진도,서해,34.3781,126.3081,34.3750,126.3750,1983-01-01,9.6832
진도,서해,34.3781,126.3081,34.3750,126.3750,1983-02-01,9.7511
진도,서해,34.3781,126.3081,34.3750,126.3750,1983-03-01,10.2539
진도,서해,34.3781,126.3081,34.3750,126.3750,1983-04-01,12.1417
진도,서해,34.3781,126.3081,34.3750,126.3750,1983-05-01,15.2074
진도,서해,34.3781,126.3081,34.3750,126.3750,1983-06-01,18.7640
진도,서해,34.3781,126.3081,34.3750,126.3750,1983-07-01,21.5758
진도,서해,34.3781,126.3081,34.3750,126.3750,1983-08-01,24.7523
진도,서해,34.3781,126.3081,34.3750,126.3750,1983-09-01,23.5813
진도,서해,34.3781,126.3081,34.3750,126.3750,1983-10-01,20.3058
진도,서해,34.3781,126.3081,34.3750,126.3750,1983-11-01,14.8823
진도,서해,34.3781,126.3081,34.3750,126.3750,1983-12-01,10.6632
진도,서해,34.3781,126.3081,34.3750,126.3750,1984-01-01,10.3942
진도,서해,34.3781,126.3081,34.3750,126.3750,1984-02-01,9.8314
진도,서해,34.3781,126.3081,34.3750,126.3750,1984-03-01,7.4419
진도,서해,34.3781,126.3081,34.3750,126.3750,1984-04-01,11.3913
진도,서해,34.3781,126.3081,34.3750,126.3750,1984-05-01,13.6055
진도,서해,34.3781,126.3081,34.3750,126.3750,1984-06-01,18.4333
진도,서해,34.3781,126.3081,34.3750,126.3750,1984-07-01,21.8261
진도,서해,34.3781,126.3081,34.3750,126.3750,1984-08-01,23.5935
진도,서해,34.3781,126.3081,34.3750,126.3750,1984-09-01,22.0113
진도,서해,34.3781,126.3081,34.3750,126.3750,1984-10-01,18.6397
진도,서해,34.3781,126.3081,34.3750,126.3750,1984-11-01,14.1997
진도,서해,34.3781,126.3081,34.3750,126.3750,1984-12-01,12.0232
진도,서해,34.3781,126.3081,34.3750,126.3750,1985-01-01,10.4016
진도,서해,34.3781,126.3081,34.3750,126.3750,1985-02-01,10.7279
진도,서해,34.3781,126.3081,34.3750,126.3750,1985-03-01,9.5742
진도,서해,34.3781,126.3081,34.3750,126.3750,1985-04-01,12.1313
진도,서해,34.3781,126.3081,34.3750,126.3750,1985-05-01,14.0481
진도,서해,34.3781,126.3081,34.3750,126.3750,1985-06-01,18.3987
진도,서해,34.3781,126.3081,34.3750,126.3750,1985-07-01,23.3832
진도,서해,34.3781,126.3081,34.3750,126.3750,1985-08-01,24.9955
진도,서해,34.3781,126.3081,34.3750,126.3750,1985-09-01,24.2880
진도,서해,34.3781,126.3081,34.3750,126.3750,1985-10-01,19.6145
진도,서해,34.3781,126.3081,34.3750,126.3750,1985-11-01,15.7540
진도,서해,34.3781,126.3081,34.3750,126.3750,1985-12-01,13.5816
진도,서해,34.3781,126.3081,34.3750,126.3750,1986-01-01,11.5832
진도,서해,34.3781,126.3081,34.3750,126.3750,1986-02-01,10.7218
진도,서해,34.3781,126.3081,34.3750,126.3750,1986-03-01,9.8416
진도,서해,34.3781,126.3081,34.3750,126.3750,1986-04-01,11.0250
진도,서해,34.3781,126.3081,34.3750,126.3750,1986-05-01,13.8100
진도,서해,34.3781,126.3081,34.3750,126.3750,1986-06-01,17.7433
진도,서해,34.3781,126.3081,34.3750,126.3750,1986-07-01,21.9294
진도,서해,34.3781,126.3081,34.3750,126.3750,1986-08-01,25.3516
진도,서해,34.3781,126.3081,34.3750,126.3750,1986-09-01,22.0797
진도,서해,34.3781,126.3081,34.3750,126.3750,1986-10-01,18.9787
진도,서해,34.3781,126.3081,34.3750,126.3750,1986-11-01,15.7723
진도,서해,34.3781,126.3081,34.3750,126.3750,1986-12-01,13.7668
진도,서해,34.3781,126.3081,34.3750,126.3750,1987-01-01,13.1565
진도,서해,34.3781,126.3081,34.3750,126.3750,1987-02-01,11.1764
진도,서해,34.3781,126.3081,34.3750,126.3750,1987-03-01,11.3326
진도,서해,34.3781,126.3081,34.3750,126.3750,1987-04-01,12.0333
진도,서해,34.3781,126.3081,34.3750,126.3750,1987-05-01,14.3358
진도,서해,34.3781,126.3081,34.3750,126.3750,1987-06-01,18.8250
진도,서해,34.3781,126.3081,34.3750,126.3750,1987-07-01,22.0703
진도,서해,34.3781,126.3081,34.3750,126.3750,1987-08-01,23.8210
진도,서해,34.3781,126.3081,34.3750,126.3750,1987-09-01,23.1880
진도,서해,34.3781,126.3081,34.3750,126.3750,1987-10-01,20.4458
진도,서해,34.3781,126.3081,34.3750,126.3750,1987-11-01,16.8720
진도,서해,34.3781,126.3081,34.3750,126.3750,1987-12-01,12.8974
진도,서해,34.3781,126.3081,34.3750,126.3750,1988-01-01,12.7087
진도,서해,34.3781,126.3081,34.3750,126.3750,1988-02-01,10.0631
진도,서해,34.3781,126.3081,34.3750,126.3750,1988-03-01,10.4581
진도,서해,34.3781,126.3081,34.3750,126.3750,1988-04-01,11.5827
진도,서해,34.3781,126.3081,34.3750,126.3750,1988-05-01,14.7403
진도,서해,34.3781,126.3081,34.3750,126.3750,1988-06-01,18.9000
진도,서해,34.3781,126.3081,34.3750,126.3750,1988-07-01,23.6648
진도,서해,34.3781,126.3081,34.3750,126.3750,1988-08-01,25.2126
진도,서해,34.3781,126.3081,34.3750,126.3750,1988-09-01,23.3637
진도,서해,34.3781,126.3081,34.3750,126.3750,1988-10-01,20.2997
진도,서해,34.3781,126.3081,34.3750,126.3750,1988-11-01,16.2333
진도,서해,34.3781,126.3081,34.3750,126.3750,1988-12-01,12.9626
진도,서해,34.3781,126.3081,34.3750,126.3750,1989-01-01,12.8226
진도,서해,34.3781,126.3081,34.3750,126.3750,1989-02-01,10.7179
진도,서해,34.3781,126.3081,34.3750,126.3750,1989-03-01,10.7290
진도,서해,34.3781,126.3081,34.3750,126.3750,1989-04-01,12.4287
진도,서해,34.3781,126.3081,34.3750,126.3750,1989-05-01,15.2271
진도,서해,34.3781,126.3081,34.3750,126.3750,1989-06-01,18.2707
진도,서해,34.3781,126.3081,34.3750,126.3750,1989-07-01,22.9406
진도,서해,34.3781,126.3081,34.3750,126.3750,1989-08-01,24.7126
진도,서해,34.3781,126.3081,34.3750,126.3750,1989-09-01,23.2650
진도,서해,34.3781,126.3081,34.3750,126.3750,1989-10-01,19.5523
진도,서해,34.3781,126.3081,34.3750,126.3750,1989-11-01,16.3303
진도,서해,34.3781,126.3081,34.3750,126.3750,1989-12-01,13.5697
진도,서해,34.3781,126.3081,34.3750,126.3750,1990-01-01,12.3503
진도,서해,34.3781,126.3081,34.3750,126.3750,1990-02-01,11.9754
진도,서해,34.3781,126.3081,34.3750,126.3750,1990-03-01,11.3452
진도,서해,34.3781,126.3081,34.3750,126.3750,1990-04-01,11.6043
진도,서해,34.3781,126.3081,34.3750,126.3750,1990-05-01,14.1858
진도,서해,34.3781,126.3081,34.3750,126.3750,1990-06-01,18.3267
진도,서해,34.3781,126.3081,34.3750,126.3750,1990-07-01,22.7442
진도,서해,34.3781,126.3081,34.3750,126.3750,1990-08-01,26.9948
진도,서해,34.3781,126.3081,34.3750,126.3750,1990-09-01,24.3663
진도,서해,34.3781,126.3081,34.3750,126.3750,1990-10-01,20.0397
진도,서해,34.3781,126.3081,34.3750,126.3750,1990-11-01,16.4777
진도,서해,34.3781,126.3081,34.3750,126.3750,1990-12-01,14.0948
진도,서해,34.3781,126.3081,34.3750,126.3750,1991-01-01,12.6281
진도,서해,34.3781,126.3081,34.3750,126.3750,1991-02-01,10.1532
진도,서해,34.3781,126.3081,34.3750,126.3750,1991-03-01,11.7887
진도,서해,34.3781,126.3081,34.3750,126.3750,1991-04-01,12.7213
진도,서해,34.3781,126.3081,34.3750,126.3750,1991-05-01,14.5532
진도,서해,34.3781,126.3081,34.3750,126.3750,1991-06-01,18.1577
진도,서해,34.3781,126.3081,34.3750,126.3750,1991-07-01,22.2861
진도,서해,34.3781,126.3081,34.3750,126.3750,1991-08-01,23.5645
진도,서해,34.3781,126.3081,34.3750,126.3750,1991-09-01,23.3363
진도,서해,34.3781,126.3081,34.3750,126.3750,1991-10-01,19.5584
진도,서해,34.3781,126.3081,34.3750,126.3750,1991-11-01,15.5080
진도,서해,34.3781,126.3081,34.3750,126.3750,1991-12-01,13.6397
진도,서해,34.3781,126.3081,34.3750,126.3750,1992-01-01,12.5355
진도,서해,34.3781,126.3081,34.3750,126.3750,1992-02-01,11.7972
진도,서해,34.3781,126.3081,34.3750,126.3750,1992-03-01,11.9355
진도,서해,34.3781,126.3081,34.3750,126.3750,1992-04-01,13.1127
진도,서해,34.3781,126.3081,34.3750,126.3750,1992-05-01,15.0603
진도,서해,34.3781,126.3081,34.3750,126.3750,1992-06-01,18.2380
진도,서해,34.3781,126.3081,34.3750,126.3750,1992-07-01,22.2803
진도,서해,34.3781,126.3081,34.3750,126.3750,1992-08-01,25.4716
진도,서해,34.3781,126.3081,34.3750,126.3750,1992-09-01,23.4227
진도,서해,34.3781,126.3081,34.3750,126.3750,1992-10-01,19.3684
진도,서해,34.3781,126.3081,34.3750,126.3750,1992-11-01,15.7113
진도,서해,34.3781,126.3081,34.3750,126.3750,1992-12-01,13.4887
진도,서해,34.3781,126.3081,34.3750,126.3750,1993-01-01,12.4323
진도,서해,34.3781,126.3081,34.3750,126.3750,1993-02-01,10.9150
진도,서해,34.3781,126.3081,34.3750,126.3750,1993-03-01,11.6287
진도,서해,34.3781,126.3081,34.3750,126.3750,1993-04-01,12.1740
진도,서해,34.3781,126.3081,34.3750,126.3750,1993-05-01,15.0300
진도,서해,34.3781,126.3081,34.3750,126.3750,1993-06-01,17.8930
진도,서해,34.3781,126.3081,34.3750,126.3750,1993-07-01,21.3087
진도,서해,34.3781,126.3081,34.3750,126.3750,1993-08-01,24.1397
진도,서해,34.3781,126.3081,34.3750,126.3750,1993-09-01,23.0507
진도,서해,34.3781,126.3081,34.3750,126.3750,1993-10-01,19.6300
진도,서해,34.3781,126.3081,34.3750,126.3750,1993-11-01,16.8230
진도,서해,34.3781,126.3081,34.3750,126.3750,1993-12-01,14.2545
진도,서해,34.3781,126.3081,34.3750,126.3750,1994-01-01,12.2126
진도,서해,34.3781,126.3081,34.3750,126.3750,1994-02-01,11.2775
진도,서해,34.3781,126.3081,34.3750,126.3750,1994-03-01,10.5316
진도,서해,34.3781,126.3081,34.3750,126.3750,1994-04-01,11.5633
진도,서해,34.3781,126.3081,34.3750,126.3750,1994-05-01,14.1265
진도,서해,34.3781,126.3081,34.3750,126.3750,1994-06-01,18.4783
진도,서해,34.3781,126.3081,34.3750,126.3750,1994-07-01,24.2661
진도,서해,34.3781,126.3081,34.3750,126.3750,1994-08-01,25.8261
진도,서해,34.3781,126.3081,34.3750,126.3750,1994-09-01,24.1723
진도,서해,34.3781,126.3081,34.3750,126.3750,1994-10-01,20.1042
진도,서해,34.3781,126.3081,34.3750,126.3750,1994-11-01,16.5787
진도,서해,34.3781,126.3081,34.3750,126.3750,1994-12-01,14.3955
진도,서해,34.3781,126.3081,34.3750,126.3750,1995-01-01,13.2139
진도,서해,34.3781,126.3081,34.3750,126.3750,1995-02-01,12.2086
진도,서해,34.3781,126.3081,34.3750,126.3750,1995-03-01,12.4810
진도,서해,34.3781,126.3081,34.3750,126.3750,1995-04-01,13.9847
진도,서해,34.3781,126.3081,34.3750,126.3750,1995-05-01,14.8858
진도,서해,34.3781,126.3081,34.3750,126.3750,1995-06-01,18.3253
진도,서해,34.3781,126.3081,34.3750,126.3750,1995-07-01,22.8026
진도,서해,34.3781,126.3081,34.3750,126.3750,1995-08-01,25.3432
진도,서해,34.3781,126.3081,34.3750,126.3750,1995-09-01,23.3203
진도,서해,34.3781,126.3081,34.3750,126.3750,1995-10-01,20.7181
진도,서해,34.3781,126.3081,34.3750,126.3750,1995-11-01,16.7470
진도,서해,34.3781,126.3081,34.3750,126.3750,1995-12-01,14.7094
진도,서해,34.3781,126.3081,34.3750,126.3750,1996-01-01,11.7548
진도,서해,34.3781,126.3081,34.3750,126.3750,1996-02-01,10.4783
진도,서해,34.3781,126.3081,34.3750,126.3750,1996-03-01,10.6548
진도,서해,34.3781,126.3081,34.3750,126.3750,1996-04-01,11.0817
진도,서해,34.3781,126.3081,34.3750,126.3750,1996-05-01,14.1497
진도,서해,34.3781,126.3081,34.3750,126.3750,1996-06-01,19.2067
진도,서해,34.3781,126.3081,34.3750,126.3750,1996-07-01,21.9748
진도,서해,34.3781,126.3081,34.3750,126.3750,1996-08-01,26.2826
진도,서해,34.3781,126.3081,34.3750,126.3750,1996-09-01,24.4383
진도,서해,34.3781,126.3081,34.3750,126.3750,1996-10-01,20.1558
진도,서해,34.3781,126.3081,34.3750,126.3750,1996-11-01,17.2497
진도,서해,34.3781,126.3081,34.3750,126.3750,1996-12-01,14.6629
진도,서해,34.3781,126.3081,34.3750,126.3750,1997-01-01,13.3397
진도,서해,34.3781,126.3081,34.3750,126.3750,1997-02-01,11.8479
진도,서해,34.3781,126.3081,34.3750,126.3750,1997-03-01,11.2155
진도,서해,34.3781,126.3081,34.3750,126.3750,1997-04-01,12.3353
진도,서해,34.3781,126.3081,34.3750,126.3750,1997-05-01,15.5726
진도,서해,34.3781,126.3081,34.3750,126.3750,1997-06-01,19.1063
진도,서해,34.3781,126.3081,34.3750,126.3750,1997-07-01,23.7439
진도,서해,34.3781,126.3081,34.3750,126.3750,1997-08-01,25.6716
진도,서해,34.3781,126.3081,34.3750,126.3750,1997-09-01,24.6107
진도,서해,34.3781,126.3081,34.3750,126.3750,1997-10-01,20.1261
진도,서해,34.3781,126.3081,34.3750,126.3750,1997-11-01,17.1400
진도,서해,34.3781,126.3081,34.3750,126.3750,1997-12-01,15.1081
진도,서해,34.3781,126.3081,34.3750,126.3750,1998-01-01,12.3906
진도,서해,34.3781,126.3081,34.3750,126.3750,1998-02-01,11.3432
진도,서해,34.3781,126.3081,34.3750,126.3750,1998-03-01,10.9842
진도,서해,34.3781,126.3081,34.3750,126.3750,1998-04-01,12.9777
진도,서해,34.3781,126.3081,34.3750,126.3750,1998-05-01,15.6648
진도,서해,34.3781,126.3081,34.3750,126.3750,1998-06-01,19.1727
진도,서해,34.3781,126.3081,34.3750,126.3750,1998-07-01,22.7997
진도,서해,34.3781,126.3081,34.3750,126.3750,1998-08-01,25.7729
진도,서해,34.3781,126.3081,34.3750,126.3750,1998-09-01,24.1720
진도,서해,34.3781,126.3081,34.3750,126.3750,1998-10-01,21.2129
진도,서해,34.3781,126.3081,34.3750,126.3750,1998-11-01,16.6980
진도,서해,34.3781,126.3081,34.3750,126.3750,1998-12-01,13.7068
진도,서해,34.3781,126.3081,34.3750,126.3750,1999-01-01,12.1742
진도,서해,34.3781,126.3081,34.3750,126.3750,1999-02-01,10.8475
진도,서해,34.3781,126.3081,34.3750,126.3750,1999-03-01,11.0823
진도,서해,34.3781,126.3081,34.3750,126.3750,1999-04-01,11.7807
진도,서해,34.3781,126.3081,34.3750,126.3750,1999-05-01,14.9777
진도,서해,34.3781,126.3081,34.3750,126.3750,1999-06-01,18.6360
진도,서해,34.3781,126.3081,34.3750,126.3750,1999-07-01,21.6810
진도,서해,34.3781,126.3081,34.3750,126.3750,1999-08-01,23.6268
진도,서해,34.3781,126.3081,34.3750,126.3750,1999-09-01,23.8900
진도,서해,34.3781,126.3081,34.3750,126.3750,1999-10-01,20.9794
진도,서해,34.3781,126.3081,34.3750,126.3750,1999-11-01,15.8613
진도,서해,34.3781,126.3081,34.3750,126.3750,1999-12-01,12.8026
진도,서해,34.3781,126.3081,34.3750,126.3750,2000-01-01,12.3932
진도,서해,34.3781,126.3081,34.3750,126.3750,2000-02-01,12.0855
진도,서해,34.3781,126.3081,34.3750,126.3750,2000-03-01,9.6103
진도,서해,34.3781,126.3081,34.3750,126.3750,2000-04-01,10.7077
진도,서해,34.3781,126.3081,34.3750,126.3750,2000-05-01,13.6771
진도,서해,34.3781,126.3081,34.3750,126.3750,2000-06-01,18.5430
진도,서해,34.3781,126.3081,34.3750,126.3750,2000-07-01,23.0787
진도,서해,34.3781,126.3081,34.3750,126.3750,2000-08-01,26.5965
진도,서해,34.3781,126.3081,34.3750,126.3750,2000-09-01,23.0030
진도,서해,34.3781,126.3081,34.3750,126.3750,2000-10-01,20.0574
진도,서해,34.3781,126.3081,34.3750,126.3750,2000-11-01,16.8030
진도,서해,34.3781,126.3081,34.3750,126.3750,2000-12-01,14.1581
진도,서해,34.3781,126.3081,34.3750,126.3750,2001-01-01,12.7623
진도,서해,34.3781,126.3081,34.3750,126.3750,2001-02-01,10.9443
진도,서해,34.3781,126.3081,34.3750,126.3750,2001-03-01,11.0039
진도,서해,34.3781,126.3081,34.3750,126.3750,2001-04-01,12.6127
진도,서해,34.3781,126.3081,34.3750,126.3750,2001-05-01,15.0994
진도,서해,34.3781,126.3081,34.3750,126.3750,2001-06-01,18.6557
진도,서해,34.3781,126.3081,34.3750,126.3750,2001-07-01,24.2577
진도,서해,34.3781,126.3081,34.3750,126.3750,2001-08-01,27.2806
진도,서해,34.3781,126.3081,34.3750,126.3750,2001-09-01,24.2957
진도,서해,34.3781,126.3081,34.3750,126.3750,2001-10-01,20.0797
진도,서해,34.3781,126.3081,34.3750,126.3750,2001-11-01,16.4257
진도,서해,34.3781,126.3081,34.3750,126.3750,2001-12-01,13.8465
진도,서해,34.3781,126.3081,34.3750,126.3750,2002-01-01,12.3910
진도,서해,34.3781,126.3081,34.3750,126.3750,2002-02-01,11.3486
진도,서해,34.3781,126.3081,34.3750,126.3750,2002-03-01,10.4116
진도,서해,34.3781,126.3081,34.3750,126.3750,2002-04-01,12.1123
진도,서해,34.3781,126.3081,34.3750,126.3750,2002-05-01,14.9071
진도,서해,34.3781,126.3081,34.3750,126.3750,2002-06-01,19.8687
진도,서해,34.3781,126.3081,34.3750,126.3750,2002-07-01,21.8048
진도,서해,34.3781,126.3081,34.3750,126.3750,2002-08-01,24.6626
진도,서해,34.3781,126.3081,34.3750,126.3750,2002-09-01,22.8247
진도,서해,34.3781,126.3081,34.3750,126.3750,2002-10-01,20.1781
진도,서해,34.3781,126.3081,34.3750,126.3750,2002-11-01,16.2537
진도,서해,34.3781,126.3081,34.3750,126.3750,2002-12-01,14.1003
진도,서해,34.3781,126.3081,34.3750,126.3750,2003-01-01,12.7826
진도,서해,34.3781,126.3081,34.3750,126.3750,2003-02-01,11.8879
진도,서해,34.3781,126.3081,34.3750,126.3750,2003-03-01,11.7797
진도,서해,34.3781,126.3081,34.3750,126.3750,2003-04-01,11.5027
진도,서해,34.3781,126.3081,34.3750,126.3750,2003-05-01,14.9406
진도,서해,34.3781,126.3081,34.3750,126.3750,2003-06-01,18.2820
진도,서해,34.3781,126.3081,34.3750,126.3750,2003-07-01,21.4748
진도,서해,34.3781,126.3081,34.3750,126.3750,2003-08-01,23.6319
진도,서해,34.3781,126.3081,34.3750,126.3750,2003-09-01,22.9117
진도,서해,34.3781,126.3081,34.3750,126.3750,2003-10-01,19.7500
진도,서해,34.3781,126.3081,34.3750,126.3750,2003-11-01,17.1733
진도,서해,34.3781,126.3081,34.3750,126.3750,2003-12-01,14.2074
진도,서해,34.3781,126.3081,34.3750,126.3750,2004-01-01,11.8481
진도,서해,34.3781,126.3081,34.3750,126.3750,2004-02-01,10.8469
진도,서해,34.3781,126.3081,34.3750,126.3750,2004-03-01,11.8723
진도,서해,34.3781,126.3081,34.3750,126.3750,2004-04-01,12.3563
진도,서해,34.3781,126.3081,34.3750,126.3750,2004-05-01,14.9723
진도,서해,34.3781,126.3081,34.3750,126.3750,2004-06-01,19.3050
진도,서해,34.3781,126.3081,34.3750,126.3750,2004-07-01,23.3935
진도,서해,34.3781,126.3081,34.3750,126.3750,2004-08-01,26.9468
진도,서해,34.3781,126.3081,34.3750,126.3750,2004-09-01,23.5407
진도,서해,34.3781,126.3081,34.3750,126.3750,2004-10-01,19.4281
진도,서해,34.3781,126.3081,34.3750,126.3750,2004-11-01,16.7787
진도,서해,34.3781,126.3081,34.3750,126.3750,2004-12-01,15.4684
진도,서해,34.3781,126.3081,34.3750,126.3750,2005-01-01,12.9058
진도,서해,34.3781,126.3081,34.3750,126.3750,2005-02-01,12.0093
진도,서해,34.3781,126.3081,34.3750,126.3750,2005-03-01,10.0694
진도,서해,34.3781,126.3081,34.3750,126.3750,2005-04-01,12.5547
진도,서해,34.3781,126.3081,34.3750,126.3750,2005-05-01,15.5432
진도,서해,34.3781,126.3081,34.3750,126.3750,2005-06-01,19.7183
진도,서해,34.3781,126.3081,34.3750,126.3750,2005-07-01,23.5448
진도,서해,34.3781,126.3081,34.3750,126.3750,2005-08-01,25.4100
진도,서해,34.3781,126.3081,34.3750,126.3750,2005-09-01,23.7620
진도,서해,34.3781,126.3081,34.3750,126.3750,2005-10-01,20.6365
진도,서해,34.3781,126.3081,34.3750,126.3750,2005-11-01,16.7613
진도,서해,34.3781,126.3081,34.3750,126.3750,2005-12-01,13.7442
진도,서해,34.3781,126.3081,34.3750,126.3750,2006-01-01,11.4271
진도,서해,34.3781,126.3081,34.3750,126.3750,2006-02-01,10.7946
진도,서해,34.3781,126.3081,34.3750,126.3750,2006-03-01,10.7494
진도,서해,34.3781,126.3081,34.3750,126.3750,2006-04-01,11.1720
진도,서해,34.3781,126.3081,34.3750,126.3750,2006-05-01,13.7055
진도,서해,34.3781,126.3081,34.3750,126.3750,2006-06-01,17.6553
진도,서해,34.3781,126.3081,34.3750,126.3750,2006-07-01,22.2281
진도,서해,34.3781,126.3081,34.3750,126.3750,2006-08-01,26.8903
진도,서해,34.3781,126.3081,34.3750,126.3750,2006-09-01,23.6773
진도,서해,34.3781,126.3081,34.3750,126.3750,2006-10-01,21.2484
진도,서해,34.3781,126.3081,34.3750,126.3750,2006-11-01,18.2213
진도,서해,34.3781,126.3081,34.3750,126.3750,2006-12-01,13.8090
진도,서해,34.3781,126.3081,34.3750,126.3750,2007-01-01,11.3768
진도,서해,34.3781,126.3081,34.3750,126.3750,2007-02-01,10.5968
진도,서해,34.3781,126.3081,34.3750,126.3750,2007-03-01,10.4581
진도,서해,34.3781,126.3081,34.3750,126.3750,2007-04-01,11.2363
진도,서해,34.3781,126.3081,34.3750,126.3750,2007-05-01,14.3113
진도,서해,34.3781,126.3081,34.3750,126.3750,2007-06-01,18.2257
진도,서해,34.3781,126.3081,34.3750,126.3750,2007-07-01,22.0323
진도,서해,34.3781,126.3081,34.3750,126.3750,2007-08-01,26.6281
진도,서해,34.3781,126.3081,34.3750,126.3750,2007-09-01,24.0303
진도,서해,34.3781,126.3081,34.3750,126.3750,2007-10-01,20.0819
진도,서해,34.3781,126.3081,34.3750,126.3750,2007-11-01,14.2417
진도,서해,34.3781,126.3081,34.3750,126.3750,2007-12-01,13.0271
진도,서해,34.3781,126.3081,34.3750,126.3750,2008-01-01,11.9897
진도,서해,34.3781,126.3081,34.3750,126.3750,2008-02-01,10.6886
진도,서해,34.3781,126.3081,34.3750,126.3750,2008-03-01,9.7103
진도,서해,34.3781,126.3081,34.3750,126.3750,2008-04-01,12.0543
진도,서해,34.3781,126.3081,34.3750,126.3750,2008-05-01,14.8545
진도,서해,34.3781,126.3081,34.3750,126.3750,2008-06-01,17.6493
진도,서해,34.3781,126.3081,34.3750,126.3750,2008-07-01,23.5203
진도,서해,34.3781,126.3081,34.3750,126.3750,2008-08-01,25.6942
진도,서해,34.3781,126.3081,34.3750,126.3750,2008-09-01,23.9587
진도,서해,34.3781,126.3081,34.3750,126.3750,2008-10-01,19.8710
진도,서해,34.3781,126.3081,34.3750,126.3750,2008-11-01,15.6493
진도,서해,34.3781,126.3081,34.3750,126.3750,2008-12-01,12.9461
진도,서해,34.3781,126.3081,34.3750,126.3750,2009-01-01,11.6187
진도,서해,34.3781,126.3081,34.3750,126.3750,2009-02-01,11.2414
진도,서해,34.3781,126.3081,34.3750,126.3750,2009-03-01,11.6335
진도,서해,34.3781,126.3081,34.3750,126.3750,2009-04-01,12.4647
진도,서해,34.3781,126.3081,34.3750,126.3750,2009-05-01,14.5816
진도,서해,34.3781,126.3081,34.3750,126.3750,2009-06-01,18.5387
진도,서해,34.3781,126.3081,34.3750,126.3750,2009-07-01,22.7358
진도,서해,34.3781,126.3081,34.3750,126.3750,2009-08-01,23.7581
진도,서해,34.3781,126.3081,34.3750,126.3750,2009-09-01,22.3650
진도,서해,34.3781,126.3081,34.3750,126.3750,2009-10-01,19.0313
진도,서해,34.3781,126.3081,34.3750,126.3750,2009-11-01,16.6203
진도,서해,34.3781,126.3081,34.3750,126.3750,2009-12-01,14.3319
진도,서해,34.3781,126.3081,34.3750,126.3750,2010-01-01,12.0006
진도,서해,34.3781,126.3081,34.3750,126.3750,2010-02-01,10.2939
진도,서해,34.3781,126.3081,34.3750,126.3750,2010-03-01,11.0897
진도,서해,34.3781,126.3081,34.3750,126.3750,2010-04-01,12.2170
진도,서해,34.3781,126.3081,34.3750,126.3750,2010-05-01,14.1877
진도,서해,34.3781,126.3081,34.3750,126.3750,2010-06-01,19.2757
진도,서해,34.3781,126.3081,34.3750,126.3750,2010-07-01,22.6094
진도,서해,34.3781,126.3081,34.3750,126.3750,2010-08-01,25.7255
진도,서해,34.3781,126.3081,34.3750,126.3750,2010-09-01,22.7380
진도,서해,34.3781,126.3081,34.3750,126.3750,2010-10-01,18.1842
진도,서해,34.3781,126.3081,34.3750,126.3750,2010-11-01,15.4180
진도,서해,34.3781,126.3081,34.3750,126.3750,2010-12-01,12.3955
진도,서해,34.3781,126.3081,34.3750,126.3750,2011-01-01,12.6529
진도,서해,34.3781,126.3081,34.3750,126.3750,2011-02-01,10.2296
진도,서해,34.3781,126.3081,34.3750,126.3750,2011-03-01,9.5142
진도,서해,34.3781,126.3081,34.3750,126.3750,2011-04-01,10.8310
진도,서해,34.3781,126.3081,34.3750,126.3750,2011-05-01,13.8665
진도,서해,34.3781,126.3081,34.3750,126.3750,2011-06-01,16.8800
진도,서해,34.3781,126.3081,34.3750,126.3750,2011-07-01,23.5132
진도,서해,34.3781,126.3081,34.3750,126.3750,2011-08-01,23.0084
진도,서해,34.3781,126.3081,34.3750,126.3750,2011-09-01,21.3370
진도,서해,34.3781,126.3081,34.3750,126.3750,2011-10-01,18.1671
진도,서해,34.3781,126.3081,34.3750,126.3750,2011-11-01,16.0200
진도,서해,34.3781,126.3081,34.3750,126.3750,2011-12-01,13.5387
진도,서해,34.3781,126.3081,34.3750,126.3750,2012-01-01,12.5800
진도,서해,34.3781,126.3081,34.3750,126.3750,2012-02-01,10.4331
진도,서해,34.3781,126.3081,34.3750,126.3750,2012-03-01,10.1790
진도,서해,34.3781,126.3081,34.3750,126.3750,2012-04-01,11.4460
진도,서해,34.3781,126.3081,34.3750,126.3750,2012-05-01,14.3716
진도,서해,34.3781,126.3081,34.3750,126.3750,2012-06-01,19.1637
진도,서해,34.3781,126.3081,34.3750,126.3750,2012-07-01,23.3481
진도,서해,34.3781,126.3081,34.3750,126.3750,2012-08-01,23.1935
진도,서해,34.3781,126.3081,34.3750,126.3750,2012-09-01,21.1573
진도,서해,34.3781,126.3081,34.3750,126.3750,2012-10-01,18.7694
진도,서해,34.3781,126.3081,34.3750,126.3750,2012-11-01,14.9200
진도,서해,34.3781,126.3081,34.3750,126.3750,2012-12-01,13.5458
진도,서해,34.3781,126.3081,34.3750,126.3750,2013-01-01,11.8174
진도,서해,34.3781,126.3081,34.3750,126.3750,2013-02-01,9.8871
진도,서해,34.3781,126.3081,34.3750,126.3750,2013-03-01,8.9861
진도,서해,34.3781,126.3081,34.3750,126.3750,2013-04-01,11.1290
진도,서해,34.3781,126.3081,34.3750,126.3750,2013-05-01,14.3068
진도,서해,34.3781,126.3081,34.3750,126.3750,2013-06-01,17.9293
진도,서해,34.3781,126.3081,34.3750,126.3750,2013-07-01,22.8429
진도,서해,34.3781,126.3081,34.3750,126.3750,2013-08-01,25.3174
진도,서해,34.3781,126.3081,34.3750,126.3750,2013-09-01,21.5947
진도,서해,34.3781,126.3081,34.3750,126.3750,2013-10-01,18.5719
진도,서해,34.3781,126.3081,34.3750,126.3750,2013-11-01,15.6920
진도,서해,34.3781,126.3081,34.3750,126.3750,2013-12-01,13.4503
진도,서해,34.3781,126.3081,34.3750,126.3750,2014-01-01,12.4084
진도,서해,34.3781,126.3081,34.3750,126.3750,2014-02-01,11.3189
진도,서해,34.3781,126.3081,34.3750,126.3750,2014-03-01,11.2794
진도,서해,34.3781,126.3081,34.3750,126.3750,2014-04-01,12.6120
진도,서해,34.3781,126.3081,34.3750,126.3750,2014-05-01,14.5313
진도,서해,34.3781,126.3081,34.3750,126.3750,2014-06-01,19.3633
진도,서해,34.3781,126.3081,34.3750,126.3750,2014-07-01,21.4519
진도,서해,34.3781,126.3081,34.3750,126.3750,2014-08-01,22.9623
진도,서해,34.3781,126.3081,34.3750,126.3750,2014-09-01,23.6983
진도,서해,34.3781,126.3081,34.3750,126.3750,2014-10-01,20.6290
진도,서해,34.3781,126.3081,34.3750,126.3750,2014-11-01,16.3060
진도,서해,34.3781,126.3081,34.3750,126.3750,2014-12-01,14.2332
진도,서해,34.3781,126.3081,34.3750,126.3750,2015-01-01,12.8565
진도,서해,34.3781,126.3081,34.3750,126.3750,2015-02-01,10.9421
진도,서해,34.3781,126.3081,34.3750,126.3750,2015-03-01,10.0839
진도,서해,34.3781,126.3081,34.3750,126.3750,2015-04-01,11.6807
진도,서해,34.3781,126.3081,34.3750,126.3750,2015-05-01,14.3252
진도,서해,34.3781,126.3081,34.3750,126.3750,2015-06-01,18.3577
진도,서해,34.3781,126.3081,34.3750,126.3750,2015-07-01,21.5139
진도,서해,34.3781,126.3081,34.3750,126.3750,2015-08-01,25.0681
진도,서해,34.3781,126.3081,34.3750,126.3750,2015-09-01,22.7657
진도,서해,34.3781,126.3081,34.3750,126.3750,2015-10-01,19.4981
진도,서해,34.3781,126.3081,34.3750,126.3750,2015-11-01,16.2400
진도,서해,34.3781,126.3081,34.3750,126.3750,2015-12-01,12.6597
진도,서해,34.3781,126.3081,34.3750,126.3750,2016-01-01,12.2071
진도,서해,34.3781,126.3081,34.3750,126.3750,2016-02-01,9.8517
진도,서해,34.3781,126.3081,34.3750,126.3750,2016-03-01,10.3106
진도,서해,34.3781,126.3081,34.3750,126.3750,2016-04-01,12.9893
진도,서해,34.3781,126.3081,34.3750,126.3750,2016-05-01,15.3019
진도,서해,34.3781,126.3081,34.3750,126.3750,2016-06-01,18.0077
진도,서해,34.3781,126.3081,34.3750,126.3750,2016-07-01,22.7868
진도,서해,34.3781,126.3081,34.3750,126.3750,2016-08-01,25.4174
진도,서해,34.3781,126.3081,34.3750,126.3750,2016-09-01,22.6133
진도,서해,34.3781,126.3081,34.3750,126.3750,2016-10-01,20.3981
진도,서해,34.3781,126.3081,34.3750,126.3750,2016-11-01,15.2350
진도,서해,34.3781,126.3081,34.3750,126.3750,2016-12-01,12.6165
진도,서해,34.3781,126.3081,34.3750,126.3750,2017-01-01,11.2832
진도,서해,34.3781,126.3081,34.3750,126.3750,2017-02-01,9.6664
진도,서해,34.3781,126.3081,34.3750,126.3750,2017-03-01,10.5245
진도,서해,34.3781,126.3081,34.3750,126.3750,2017-04-01,11.8177
진도,서해,34.3781,126.3081,34.3750,126.3750,2017-05-01,14.4542
진도,서해,34.3781,126.3081,34.3750,126.3750,2017-06-01,17.4210
진도,서해,34.3781,126.3081,34.3750,126.3750,2017-07-01,22.2494
진도,서해,34.3781,126.3081,34.3750,126.3750,2017-08-01,25.9826
진도,서해,34.3781,126.3081,34.3750,126.3750,2017-09-01,21.7070
진도,서해,34.3781,126.3081,34.3750,126.3750,2017-10-01,19.3765
진도,서해,34.3781,126.3081,34.3750,126.3750,2017-11-01,14.4953
진도,서해,34.3781,126.3081,34.3750,126.3750,2017-12-01,12.3423
진도,서해,34.3781,126.3081,34.3750,126.3750,2018-01-01,10.5445
진도,서해,34.3781,126.3081,34.3750,126.3750,2018-02-01,8.4296
진도,서해,34.3781,126.3081,34.3750,126.3750,2018-03-01,10.2158
진도,서해,34.3781,126.3081,34.3750,126.3750,2018-04-01,12.5347
진도,서해,34.3781,126.3081,34.3750,126.3750,2018-05-01,15.1990
진도,서해,34.3781,126.3081,34.3750,126.3750,2018-06-01,17.7440
진도,서해,34.3781,126.3081,34.3750,126.3750,2018-07-01,22.9148
진도,서해,34.3781,126.3081,34.3750,126.3750,2018-08-01,23.7800
진도,서해,34.3781,126.3081,34.3750,126.3750,2018-09-01,21.5897
진도,서해,34.3781,126.3081,34.3750,126.3750,2018-10-01,17.8416
진도,서해,34.3781,126.3081,34.3750,126.3750,2018-11-01,13.9403
진도,서해,34.3781,126.3081,34.3750,126.3750,2018-12-01,12.3803
진도,서해,34.3781,126.3081,34.3750,126.3750,2019-01-01,10.5652
진도,서해,34.3781,126.3081,34.3750,126.3750,2019-02-01,9.3246
진도,서해,34.3781,126.3081,34.3750,126.3750,2019-03-01,8.9029
진도,서해,34.3781,126.3081,34.3750,126.3750,2019-04-01,12.2983
진도,서해,34.3781,126.3081,34.3750,126.3750,2019-05-01,14.4303
진도,서해,34.3781,126.3081,34.3750,126.3750,2019-06-01,17.1557
진도,서해,34.3781,126.3081,34.3750,126.3750,2019-07-01,18.8197
진도,서해,34.3781,126.3081,34.3750,126.3750,2019-08-01,22.7529
진도,서해,34.3781,126.3081,34.3750,126.3750,2019-09-01,22.0523
진도,서해,34.3781,126.3081,34.3750,126.3750,2019-10-01,20.2252
진도,서해,34.3781,126.3081,34.3750,126.3750,2019-11-01,16.2150
진도,서해,34.3781,126.3081,34.3750,126.3750,2019-12-01,12.9935
진도,서해,34.3781,126.3081,34.3750,126.3750,2020-01-01,10.9710
진도,서해,34.3781,126.3081,34.3750,126.3750,2020-02-01,11.6638
진도,서해,34.3781,126.3081,34.3750,126.3750,2020-03-01,11.1990
진도,서해,34.3781,126.3081,34.3750,126.3750,2020-04-01,12.1403
진도,서해,34.3781,126.3081,34.3750,126.3750,2020-05-01,13.9239
진도,서해,34.3781,126.3081,34.3750,126.3750,2020-06-01,18.3233
진도,서해,34.3781,126.3081,34.3750,126.3750,2020-07-01,19.0606
진도,서해,34.3781,126.3081,34.3750,126.3750,2020-08-01,23.3977
진도,서해,34.3781,126.3081,34.3750,126.3750,2020-09-01,24.5237
진도,서해,34.3781,126.3081,34.3750,126.3750,2020-10-01,20.5139
진도,서해,34.3781,126.3081,34.3750,126.3750,2020-11-01,16.2277
진도,서해,34.3781,126.3081,34.3750,126.3750,2020-12-01,12.5203
진도,서해,34.3781,126.3081,34.3750,126.3750,2021-01-01,10.3332
진도,서해,34.3781,126.3081,34.3750,126.3750,2021-02-01,9.6311
진도,서해,34.3781,126.3081,34.3750,126.3750,2021-03-01,10.2168
진도,서해,34.3781,126.3081,34.3750,126.3750,2021-04-01,12.5723
진도,서해,34.3781,126.3081,34.3750,126.3750,2021-05-01,14.9819
진도,서해,34.3781,126.3081,34.3750,126.3750,2021-06-01,18.4907
진도,서해,34.3781,126.3081,34.3750,126.3750,2021-07-01,23.2758
진도,서해,34.3781,126.3081,34.3750,126.3750,2021-08-01,23.9787
진도,서해,34.3781,126.3081,34.3750,126.3750,2021-09-01,23.4903
진도,서해,34.3781,126.3081,34.3750,126.3750,2021-10-01,21.2071
진도,서해,34.3781,126.3081,34.3750,126.3750,2021-11-01,15.2263
진도,서해,34.3781,126.3081,34.3750,126.3750,2021-12-01,13.1168
진도,서해,34.3781,126.3081,34.3750,126.3750,2022-01-01,10.5523
진도,서해,34.3781,126.3081,34.3750,126.3750,2022-02-01,7.8282
진도,서해,34.3781,126.3081,34.3750,126.3750,2022-03-01,8.7487
진도,서해,34.3781,126.3081,34.3750,126.3750,2022-04-01,11.3070
진도,서해,34.3781,126.3081,34.3750,126.3750,2022-05-01,13.9052
진도,서해,34.3781,126.3081,34.3750,126.3750,2022-06-01,17.1790
진도,서해,34.3781,126.3081,34.3750,126.3750,2022-07-01,22.1065
진도,서해,34.3781,126.3081,34.3750,126.3750,2022-08-01,24.6190
진도,서해,34.3781,126.3081,34.3750,126.3750,2022-09-01,23.0563
진도,서해,34.3781,126.3081,34.3750,126.3750,2022-10-01,18.8423
진도,서해,34.3781,126.3081,34.3750,126.3750,2022-11-01,14.9237
진도,서해,34.3781,126.3081,34.3750,126.3750,2022-12-01,11.6639
진도,서해,34.3781,126.3081,34.3750,126.3750,2023-01-01,9.6300
진도,서해,34.3781,126.3081,34.3750,126.3750,2023-02-01,8.6889
진도,서해,34.3781,126.3081,34.3750,126.3750,2023-03-01,10.1758
진도,서해,34.3781,126.3081,34.3750,126.3750,2023-04-01,12.3267
진도,서해,34.3781,126.3081,34.3750,126.3750,2023-05-01,15.3216
진도,서해,34.3781,126.3081,34.3750,126.3750,2023-06-01,18.9727
진도,서해,34.3781,126.3081,34.3750,126.3750,2023-07-01,22.0794
진도,서해,34.3781,126.3081,34.3750,126.3750,2023-08-01,25.7226
진도,서해,34.3781,126.3081,34.3750,126.3750,2023-09-01,25.1453
진도,서해,34.3781,126.3081,34.3750,126.3750,2023-10-01,19.7432
진도,서해,34.3781,126.3081,34.3750,126.3750,2023-11-01,15.6693
진도,서해,34.3781,126.3081,34.3750,126.3750,2023-12-01,12.5935
진도,서해,34.3781,126.3081,34.3750,126.3750,2024-01-01,10.9926
진도,서해,34.3781,126.3081,34.3750,126.3750,2024-02-01,10.3824
진도,서해,34.3781,126.3081,34.3750,126.3750,2024-03-01,10.9394
진도,서해,34.3781,126.3081,34.3750,126.3750,2024-04-01,13.8680
진도,서해,34.3781,126.3081,34.3750,126.3750,2024-05-01,17.0910
진도,서해,34.3781,126.3081,34.3750,126.3750,2024-06-01,19.6553
진도,서해,34.3781,126.3081,34.3750,126.3750,2024-07-01,21.9035
진도,서해,34.3781,126.3081,34.3750,126.3750,2024-08-01,26.2258
진도,서해,34.3781,126.3081,34.3750,126.3750,2024-09-01,26.9573
진도,서해,34.3781,126.3081,34.3750,126.3750,2024-10-01,22.4135
진도,서해,34.3781,126.3081,34.3750,126.3750,2024-11-01,17.3953
진도,서해,34.3781,126.3081,34.3750,126.3750,2024-12-01,12.0177
진도,서해,34.3781,126.3081,34.3750,126.3750,2025-01-01,9.2919
진도,서해,34.3781,126.3081,34.3750,126.3750,2025-02-01,7.4621
진도,서해,34.3781,126.3081,34.3750,126.3750,2025-03-01,8.2700
진도,서해,34.3781,126.3081,34.3750,126.3750,2025-04-01,11.0053
진도,서해,34.3781,126.3081,34.3750,126.3750,2025-05-01,14.0416
진도,서해,34.3781,126.3081,34.3750,126.3750,2025-06-01,18.1467
진도,서해,34.3781,126.3081,34.3750,126.3750,2025-07-01,23.6939
진도,서해,34.3781,126.3081,34.3750,126.3750,2025-08-01,25.6458
진도,서해,34.3781,126.3081,34.3750,126.3750,2025-09-01,24.3050
진도,서해,34.3781,126.3081,34.3750,126.3750,2025-10-01,21.9445
진도,서해,34.3781,126.3081,34.3750,126.3750,2025-11-01,16.5610
진도,서해,34.3781,126.3081,34.3750,126.3750,2025-12-01,12.5826
진도,서해,34.3781,126.3081,34.3750,126.3750,2026-01-01,9.8532
진도,서해,34.3781,126.3081,34.3750,126.3750,2026-02-01,8.9593
진도,서해,34.3781,126.3081,34.3750,126.3750,2026-03-01,9.9758
진도,서해,34.3781,126.3081,34.3750,126.3750,2026-04-01,11.3397
부산,남해,35.0961,129.0356,35.1250,129.1250,1981-09-01,23.5223
부산,남해,35.0961,129.0356,35.1250,129.1250,1981-10-01,22.9358
부산,남해,35.0961,129.0356,35.1250,129.1250,1981-11-01,19.6490
부산,남해,35.0961,129.0356,35.1250,129.1250,1981-12-01,16.8381
부산,남해,35.0961,129.0356,35.1250,129.1250,1982-01-01,14.4287
부산,남해,35.0961,129.0356,35.1250,129.1250,1982-02-01,12.3818
부산,남해,35.0961,129.0356,35.1250,129.1250,1982-03-01,13.9029
부산,남해,35.0961,129.0356,35.1250,129.1250,1982-04-01,14.8080
부산,남해,35.0961,129.0356,35.1250,129.1250,1982-05-01,17.5374
부산,남해,35.0961,129.0356,35.1250,129.1250,1982-06-01,20.6260
부산,남해,35.0961,129.0356,35.1250,129.1250,1982-07-01,23.3532
부산,남해,35.0961,129.0356,35.1250,129.1250,1982-08-01,26.0474
부산,남해,35.0961,129.0356,35.1250,129.1250,1982-09-01,24.1110
부산,남해,35.0961,129.0356,35.1250,129.1250,1982-10-01,21.5339
부산,남해,35.0961,129.0356,35.1250,129.1250,1982-11-01,18.5797
부산,남해,35.0961,129.0356,35.1250,129.1250,1982-12-01,16.9200
부산,남해,35.0961,129.0356,35.1250,129.1250,1983-01-01,14.7787
부산,남해,35.0961,129.0356,35.1250,129.1250,1983-02-01,13.2989
부산,남해,35.0961,129.0356,35.1250,129.1250,1983-03-01,13.4610
부산,남해,35.0961,129.0356,35.1250,129.1250,1983-04-01,14.6260
부산,남해,35.0961,129.0356,35.1250,129.1250,1983-05-01,16.8316
부산,남해,35.0961,129.0356,35.1250,129.1250,1983-06-01,19.9407
부산,남해,35.0961,129.0356,35.1250,129.1250,1983-07-01,22.6287
부산,남해,35.0961,129.0356,35.1250,129.1250,1983-08-01,25.0674
부산,남해,35.0961,129.0356,35.1250,129.1250,1983-09-01,25.0140
부산,남해,35.0961,129.0356,35.1250,129.1250,1983-10-01,22.3658
부산,남해,35.0961,129.0356,35.1250,129.1250,1983-11-01,18.5323
부산,남해,35.0961,129.0356,35.1250,129.1250,1983-12-01,16.3826
부산,남해,35.0961,129.0356,35.1250,129.1250,1984-01-01,13.4390
부산,남해,35.0961,129.0356,35.1250,129.1250,1984-02-01,12.3259
부산,남해,35.0961,129.0356,35.1250,129.1250,1984-03-01,12.0748
부산,남해,35.0961,129.0356,35.1250,129.1250,1984-04-01,13.0347
부산,남해,35.0961,129.0356,35.1250,129.1250,1984-05-01,15.2600
부산,남해,35.0961,129.0356,35.1250,129.1250,1984-06-01,19.8717
부산,남해,35.0961,129.0356,35.1250,129.1250,1984-07-01,22.7210
부산,남해,35.0961,129.0356,35.1250,129.1250,1984-08-01,27.1590
부산,남해,35.0961,129.0356,35.1250,129.1250,1984-09-01,24.2687
부산,남해,35.0961,129.0356,35.1250,129.1250,1984-10-01,21.0194
부산,남해,35.0961,129.0356,35.1250,129.1250,1984-11-01,17.4777
부산,남해,35.0961,129.0356,35.1250,129.1250,1984-12-01,16.3481
부산,남해,35.0961,129.0356,35.1250,129.1250,1985-01-01,13.8197
부산,남해,35.0961,129.0356,35.1250,129.1250,1985-02-01,13.1707
부산,남해,35.0961,129.0356,35.1250,129.1250,1985-03-01,12.5481
부산,남해,35.0961,129.0356,35.1250,129.1250,1985-04-01,14.0990
부산,남해,35.0961,129.0356,35.1250,129.1250,1985-05-01,16.8703
부산,남해,35.0961,129.0356,35.1250,129.1250,1985-06-01,19.8453
부산,남해,35.0961,129.0356,35.1250,129.1250,1985-07-01,23.4177
부산,남해,35.0961,129.0356,35.1250,129.1250,1985-08-01,26.4497
부산,남해,35.0961,129.0356,35.1250,129.1250,1985-09-01,25.4587
부산,남해,35.0961,129.0356,35.1250,129.1250,1985-10-01,21.5226
부산,남해,35.0961,129.0356,35.1250,129.1250,1985-11-01,17.8277
부산,남해,35.0961,129.0356,35.1250,129.1250,1985-12-01,15.0416
부산,남해,35.0961,129.0356,35.1250,129.1250,1986-01-01,13.8213
부산,남해,35.0961,129.0356,35.1250,129.1250,1986-02-01,12.4239
부산,남해,35.0961,129.0356,35.1250,129.1250,1986-03-01,12.2229
부산,남해,35.0961,129.0356,35.1250,129.1250,1986-04-01,13.8973
부산,남해,35.0961,129.0356,35.1250,129.1250,1986-05-01,15.8858
부산,남해,35.0961,129.0356,35.1250,129.1250,1986-06-01,18.5530
부산,남해,35.0961,129.0356,35.1250,129.1250,1986-07-01,21.9210
부산,남해,35.0961,129.0356,35.1250,129.1250,1986-08-01,26.1523
부산,남해,35.0961,129.0356,35.1250,129.1250,1986-09-01,23.0397
부산,남해,35.0961,129.0356,35.1250,129.1250,1986-10-01,19.5519
부산,남해,35.0961,129.0356,35.1250,129.1250,1986-11-01,18.7003
부산,남해,35.0961,129.0356,35.1250,129.1250,1986-12-01,16.5794
부산,남해,35.0961,129.0356,35.1250,129.1250,1987-01-01,15.1813
부산,남해,35.0961,129.0356,35.1250,129.1250,1987-02-01,13.7829
부산,남해,35.0961,129.0356,35.1250,129.1250,1987-03-01,13.5861
부산,남해,35.0961,129.0356,35.1250,129.1250,1987-04-01,14.2897
부산,남해,35.0961,129.0356,35.1250,129.1250,1987-05-01,16.4955
부산,남해,35.0961,129.0356,35.1250,129.1250,1987-06-01,19.3450
부산,남해,35.0961,129.0356,35.1250,129.1250,1987-07-01,22.6097
부산,남해,35.0961,129.0356,35.1250,129.1250,1987-08-01,24.2594
부산,남해,35.0961,129.0356,35.1250,129.1250,1987-09-01,23.0963
부산,남해,35.0961,129.0356,35.1250,129.1250,1987-10-01,21.3245
부산,남해,35.0961,129.0356,35.1250,129.1250,1987-11-01,18.0693
부산,남해,35.0961,129.0356,35.1250,129.1250,1987-12-01,16.0965
부산,남해,35.0961,129.0356,35.1250,129.1250,1988-01-01,14.9632
부산,남해,35.0961,129.0356,35.1250,129.1250,1988-02-01,13.4476
부산,남해,35.0961,129.0356,35.1250,129.1250,1988-03-01,13.2568
부산,남해,35.0961,129.0356,35.1250,129.1250,1988-04-01,14.1717
부산,남해,35.0961,129.0356,35.1250,129.1250,1988-05-01,16.8584
부산,남해,35.0961,129.0356,35.1250,129.1250,1988-06-01,20.0827
부산,남해,35.0961,129.0356,35.1250,129.1250,1988-07-01,24.2761
부산,남해,35.0961,129.0356,35.1250,129.1250,1988-08-01,26.4497
부산,남해,35.0961,129.0356,35.1250,129.1250,1988-09-01,25.2827
부산,남해,35.0961,129.0356,35.1250,129.1250,1988-10-01,22.1545
부산,남해,35.0961,129.0356,35.1250,129.1250,1988-11-01,18.3767
부산,남해,35.0961,129.0356,35.1250,129.1250,1988-12-01,15.9829
부산,남해,35.0961,129.0356,35.1250,129.1250,1989-01-01,14.6706
부산,남해,35.0961,129.0356,35.1250,129.1250,1989-02-01,13.7361
부산,남해,35.0961,129.0356,35.1250,129.1250,1989-03-01,13.5348
부산,남해,35.0961,129.0356,35.1250,129.1250,1989-04-01,14.5540
부산,남해,35.0961,129.0356,35.1250,129.1250,1989-05-01,16.6742
부산,남해,35.0961,129.0356,35.1250,129.1250,1989-06-01,18.7760
부산,남해,35.0961,129.0356,35.1250,129.1250,1989-07-01,23.0413
부산,남해,35.0961,129.0356,35.1250,129.1250,1989-08-01,24.8823
부산,남해,35.0961,129.0356,35.1250,129.1250,1989-09-01,25.1037
부산,남해,35.0961,129.0356,35.1250,129.1250,1989-10-01,22.2374
부산,남해,35.0961,129.0356,35.1250,129.1250,1989-11-01,18.6983
부산,남해,35.0961,129.0356,35.1250,129.1250,1989-12-01,16.3897
부산,남해,35.0961,129.0356,35.1250,129.1250,1990-01-01,15.0229
부산,남해,35.0961,129.0356,35.1250,129.1250,1990-02-01,14.0893
부산,남해,35.0961,129.0356,35.1250,129.1250,1990-03-01,14.2119
부산,남해,35.0961,129.0356,35.1250,129.1250,1990-04-01,14.7540
부산,남해,35.0961,129.0356,35.1250,129.1250,1990-05-01,16.9926
부산,남해,35.0961,129.0356,35.1250,129.1250,1990-06-01,19.2383
부산,남해,35.0961,129.0356,35.1250,129.1250,1990-07-01,23.5968
부산,남해,35.0961,129.0356,35.1250,129.1250,1990-08-01,27.7342
부산,남해,35.0961,129.0356,35.1250,129.1250,1990-09-01,25.4143
부산,남해,35.0961,129.0356,35.1250,129.1250,1990-10-01,22.3287
부산,남해,35.0961,129.0356,35.1250,129.1250,1990-11-01,20.0040
부산,남해,35.0961,129.0356,35.1250,129.1250,1990-12-01,16.6487
부산,남해,35.0961,129.0356,35.1250,129.1250,1991-01-01,14.2623
부산,남해,35.0961,129.0356,35.1250,129.1250,1991-02-01,12.9843
부산,남해,35.0961,129.0356,35.1250,129.1250,1991-03-01,13.7506
부산,남해,35.0961,129.0356,35.1250,129.1250,1991-04-01,14.7490
부산,남해,35.0961,129.0356,35.1250,129.1250,1991-05-01,15.8652
부산,남해,35.0961,129.0356,35.1250,129.1250,1991-06-01,18.8480
부산,남해,35.0961,129.0356,35.1250,129.1250,1991-07-01,21.9690
부산,남해,35.0961,129.0356,35.1250,129.1250,1991-08-01,24.1384
부산,남해,35.0961,129.0356,35.1250,129.1250,1991-09-01,24.4357
부산,남해,35.0961,129.0356,35.1250,129.1250,1991-10-01,21.0590
부산,남해,35.0961,129.0356,35.1250,129.1250,1991-11-01,18.1477
부산,남해,35.0961,129.0356,35.1250,129.1250,1991-12-01,17.2132
부산,남해,35.0961,129.0356,35.1250,129.1250,1992-01-01,15.0577
부산,남해,35.0961,129.0356,35.1250,129.1250,1992-02-01,13.7403
부산,남해,35.0961,129.0356,35.1250,129.1250,1992-03-01,13.8974
부산,남해,35.0961,129.0356,35.1250,129.1250,1992-04-01,14.7457
부산,남해,35.0961,129.0356,35.1250,129.1250,1992-05-01,16.4790
부산,남해,35.0961,129.0356,35.1250,129.1250,1992-06-01,19.6070
부산,남해,35.0961,129.0356,35.1250,129.1250,1992-07-01,22.8606
부산,남해,35.0961,129.0356,35.1250,129.1250,1992-08-01,25.2703
부산,남해,35.0961,129.0356,35.1250,129.1250,1992-09-01,25.4157
부산,남해,35.0961,129.0356,35.1250,129.1250,1992-10-01,21.1735
부산,남해,35.0961,129.0356,35.1250,129.1250,1992-11-01,18.8050
부산,남해,35.0961,129.0356,35.1250,129.1250,1992-12-01,16.8910
부산,남해,35.0961,129.0356,35.1250,129.1250,1993-01-01,14.9874
부산,남해,35.0961,129.0356,35.1250,129.1250,1993-02-01,13.4868
부산,남해,35.0961,129.0356,35.1250,129.1250,1993-03-01,13.3245
부산,남해,35.0961,129.0356,35.1250,129.1250,1993-04-01,14.1857
부산,남해,35.0961,129.0356,35.1250,129.1250,1993-05-01,16.3487
부산,남해,35.0961,129.0356,35.1250,129.1250,1993-06-01,18.6423
부산,남해,35.0961,129.0356,35.1250,129.1250,1993-07-01,20.8419
부산,남해,35.0961,129.0356,35.1250,129.1250,1993-08-01,23.7897
부산,남해,35.0961,129.0356,35.1250,129.1250,1993-09-01,23.6353
부산,남해,35.0961,129.0356,35.1250,129.1250,1993-10-01,20.9261
부산,남해,35.0961,129.0356,35.1250,129.1250,1993-11-01,19.4097
부산,남해,35.0961,129.0356,35.1250,129.1250,1993-12-01,16.8623
부산,남해,35.0961,129.0356,35.1250,129.1250,1994-01-01,15.0916
부산,남해,35.0961,129.0356,35.1250,129.1250,1994-02-01,13.5157
부산,남해,35.0961,129.0356,35.1250,129.1250,1994-03-01,13.2648
부산,남해,35.0961,129.0356,35.1250,129.1250,1994-04-01,14.6083
부산,남해,35.0961,129.0356,35.1250,129.1250,1994-05-01,15.6139
부산,남해,35.0961,129.0356,35.1250,129.1250,1994-06-01,19.5190
부산,남해,35.0961,129.0356,35.1250,129.1250,1994-07-01,25.4081
부산,남해,35.0961,129.0356,35.1250,129.1250,1994-08-01,27.0500
부산,남해,35.0961,129.0356,35.1250,129.1250,1994-09-01,24.7363
부산,남해,35.0961,129.0356,35.1250,129.1250,1994-10-01,21.0052
부산,남해,35.0961,129.0356,35.1250,129.1250,1994-11-01,19.6070
부산,남해,35.0961,129.0356,35.1250,129.1250,1994-12-01,17.3103
부산,남해,35.0961,129.0356,35.1250,129.1250,1995-01-01,15.6332
부산,남해,35.0961,129.0356,35.1250,129.1250,1995-02-01,13.9086
부산,남해,35.0961,129.0356,35.1250,129.1250,1995-03-01,13.6303
부산,남해,35.0961,129.0356,35.1250,129.1250,1995-04-01,14.3293
부산,남해,35.0961,129.0356,35.1250,129.1250,1995-05-01,16.3939
부산,남해,35.0961,129.0356,35.1250,129.1250,1995-06-01,19.2737
부산,남해,35.0961,129.0356,35.1250,129.1250,1995-07-01,22.4945
부산,남해,35.0961,129.0356,35.1250,129.1250,1995-08-01,26.4374
부산,남해,35.0961,129.0356,35.1250,129.1250,1995-09-01,24.0390
부산,남해,35.0961,129.0356,35.1250,129.1250,1995-10-01,22.5313
부산,남해,35.0961,129.0356,35.1250,129.1250,1995-11-01,19.6330
부산,남해,35.0961,129.0356,35.1250,129.1250,1995-12-01,16.0855
부산,남해,35.0961,129.0356,35.1250,129.1250,1996-01-01,13.8826
부산,남해,35.0961,129.0356,35.1250,129.1250,1996-02-01,12.5452
부산,남해,35.0961,129.0356,35.1250,129.1250,1996-03-01,13.1545
부산,남해,35.0961,129.0356,35.1250,129.1250,1996-04-01,13.1360
부산,남해,35.0961,129.0356,35.1250,129.1250,1996-05-01,15.5855
부산,남해,35.0961,129.0356,35.1250,129.1250,1996-06-01,19.6160
부산,남해,35.0961,129.0356,35.1250,129.1250,1996-07-01,21.7706
부산,남해,35.0961,129.0356,35.1250,129.1250,1996-08-01,26.6223
부산,남해,35.0961,129.0356,35.1250,129.1250,1996-09-01,24.9010
부산,남해,35.0961,129.0356,35.1250,129.1250,1996-10-01,21.0787
부산,남해,35.0961,129.0356,35.1250,129.1250,1996-11-01,19.7947
부산,남해,35.0961,129.0356,35.1250,129.1250,1996-12-01,17.4761
부산,남해,35.0961,129.0356,35.1250,129.1250,1997-01-01,15.2506
부산,남해,35.0961,129.0356,35.1250,129.1250,1997-02-01,13.6193
부산,남해,35.0961,129.0356,35.1250,129.1250,1997-03-01,14.0442
부산,남해,35.0961,129.0356,35.1250,129.1250,1997-04-01,14.8007
부산,남해,35.0961,129.0356,35.1250,129.1250,1997-05-01,16.3758
부산,남해,35.0961,129.0356,35.1250,129.1250,1997-06-01,20.6017
부산,남해,35.0961,129.0356,35.1250,129.1250,1997-07-01,24.2465
부산,남해,35.0961,129.0356,35.1250,129.1250,1997-08-01,25.0181
부산,남해,35.0961,129.0356,35.1250,129.1250,1997-09-01,24.3453
부산,남해,35.0961,129.0356,35.1250,129.1250,1997-10-01,21.0797
부산,남해,35.0961,129.0356,35.1250,129.1250,1997-11-01,19.0753
부산,남해,35.0961,129.0356,35.1250,129.1250,1997-12-01,17.2635
부산,남해,35.0961,129.0356,35.1250,129.1250,1998-01-01,15.4219
부산,남해,35.0961,129.0356,35.1250,129.1250,1998-02-01,13.2914
부산,남해,35.0961,129.0356,35.1250,129.1250,1998-03-01,13.9987
부산,남해,35.0961,129.0356,35.1250,129.1250,1998-04-01,15.8880
부산,남해,35.0961,129.0356,35.1250,129.1250,1998-05-01,18.2858
부산,남해,35.0961,129.0356,35.1250,129.1250,1998-06-01,20.9953
부산,남해,35.0961,129.0356,35.1250,129.1250,1998-07-01,24.3290
부산,남해,35.0961,129.0356,35.1250,129.1250,1998-08-01,27.3190
부산,남해,35.0961,129.0356,35.1250,129.1250,1998-09-01,25.9683
부산,남해,35.0961,129.0356,35.1250,129.1250,1998-10-01,22.8771
부산,남해,35.0961,129.0356,35.1250,129.1250,1998-11-01,19.6053
부산,남해,35.0961,129.0356,35.1250,129.1250,1998-12-01,17.3794
부산,남해,35.0961,129.0356,35.1250,129.1250,1999-01-01,15.1003
부산,남해,35.0961,129.0356,35.1250,129.1250,1999-02-01,13.8818
부산,남해,35.0961,129.0356,35.1250,129.1250,1999-03-01,13.8374
부산,남해,35.0961,129.0356,35.1250,129.1250,1999-04-01,14.9753
부산,남해,35.0961,129.0356,35.1250,129.1250,1999-05-01,16.8048
부산,남해,35.0961,129.0356,35.1250,129.1250,1999-06-01,20.7517
부산,남해,35.0961,129.0356,35.1250,129.1250,1999-07-01,22.4526
부산,남해,35.0961,129.0356,35.1250,129.1250,1999-08-01,24.2416
부산,남해,35.0961,129.0356,35.1250,129.1250,1999-09-01,24.5617
부산,남해,35.0961,129.0356,35.1250,129.1250,1999-10-01,22.5606
부산,남해,35.0961,129.0356,35.1250,129.1250,1999-11-01,19.6720
부산,남해,35.0961,129.0356,35.1250,129.1250,1999-12-01,16.9300
부산,남해,35.0961,129.0356,35.1250,129.1250,2000-01-01,15.4568
부산,남해,35.0961,129.0356,35.1250,129.1250,2000-02-01,13.4700
부산,남해,35.0961,129.0356,35.1250,129.1250,2000-03-01,13.2139
부산,남해,35.0961,129.0356,35.1250,129.1250,2000-04-01,13.6753
부산,남해,35.0961,129.0356,35.1250,129.1250,2000-05-01,15.3242
부산,남해,35.0961,129.0356,35.1250,129.1250,2000-06-01,19.1353
부산,남해,35.0961,129.0356,35.1250,129.1250,2000-07-01,23.3552
부산,남해,35.0961,129.0356,35.1250,129.1250,2000-08-01,26.7365
부산,남해,35.0961,129.0356,35.1250,129.1250,2000-09-01,24.1420
부산,남해,35.0961,129.0356,35.1250,129.1250,2000-10-01,22.3190
부산,남해,35.0961,129.0356,35.1250,129.1250,2000-11-01,19.4007
부산,남해,35.0961,129.0356,35.1250,129.1250,2000-12-01,17.0987
부산,남해,35.0961,129.0356,35.1250,129.1250,2001-01-01,15.3887
부산,남해,35.0961,129.0356,35.1250,129.1250,2001-02-01,14.1704
부산,남해,35.0961,129.0356,35.1250,129.1250,2001-03-01,13.9494
부산,남해,35.0961,129.0356,35.1250,129.1250,2001-04-01,15.8687
부산,남해,35.0961,129.0356,35.1250,129.1250,2001-05-01,17.6719
부산,남해,35.0961,129.0356,35.1250,129.1250,2001-06-01,19.9690
부산,남해,35.0961,129.0356,35.1250,129.1250,2001-07-01,24.7626
부산,남해,35.0961,129.0356,35.1250,129.1250,2001-08-01,27.6287
부산,남해,35.0961,129.0356,35.1250,129.1250,2001-09-01,24.6977
부산,남해,35.0961,129.0356,35.1250,129.1250,2001-10-01,22.2103
부산,남해,35.0961,129.0356,35.1250,129.1250,2001-11-01,19.6253
부산,남해,35.0961,129.0356,35.1250,129.1250,2001-12-01,16.7465
부산,남해,35.0961,129.0356,35.1250,129.1250,2002-01-01,13.5026
부산,남해,35.0961,129.0356,35.1250,129.1250,2002-02-01,13.8911
부산,남해,35.0961,129.0356,35.1250,129.1250,2002-03-01,13.8116
부산,남해,35.0961,129.0356,35.1250,129.1250,2002-04-01,15.0183
부산,남해,35.0961,129.0356,35.1250,129.1250,2002-05-01,16.6558
부산,남해,35.0961,129.0356,35.1250,129.1250,2002-06-01,20.3567
부산,남해,35.0961,129.0356,35.1250,129.1250,2002-07-01,22.4613
부산,남해,35.0961,129.0356,35.1250,129.1250,2002-08-01,24.4600
부산,남해,35.0961,129.0356,35.1250,129.1250,2002-09-01,23.6230
부산,남해,35.0961,129.0356,35.1250,129.1250,2002-10-01,21.4742
부산,남해,35.0961,129.0356,35.1250,129.1250,2002-11-01,18.2087
부산,남해,35.0961,129.0356,35.1250,129.1250,2002-12-01,16.2787
부산,남해,35.0961,129.0356,35.1250,129.1250,2003-01-01,13.8400
부산,남해,35.0961,129.0356,35.1250,129.1250,2003-02-01,13.6811
부산,남해,35.0961,129.0356,35.1250,129.1250,2003-03-01,13.8232
부산,남해,35.0961,129.0356,35.1250,129.1250,2003-04-01,13.9923
부산,남해,35.0961,129.0356,35.1250,129.1250,2003-05-01,17.0748
부산,남해,35.0961,129.0356,35.1250,129.1250,2003-06-01,20.2353
부산,남해,35.0961,129.0356,35.1250,129.1250,2003-07-01,21.6081
부산,남해,35.0961,129.0356,35.1250,129.1250,2003-08-01,25.3316
부산,남해,35.0961,129.0356,35.1250,129.1250,2003-09-01,24.2850
부산,남해,35.0961,129.0356,35.1250,129.1250,2003-10-01,21.2245
부산,남해,35.0961,129.0356,35.1250,129.1250,2003-11-01,19.1740
부산,남해,35.0961,129.0356,35.1250,129.1250,2003-12-01,16.7381
부산,남해,35.0961,129.0356,35.1250,129.1250,2004-01-01,14.4761
부산,남해,35.0961,129.0356,35.1250,129.1250,2004-02-01,13.4093
부산,남해,35.0961,129.0356,35.1250,129.1250,2004-03-01,13.9235
부산,남해,35.0961,129.0356,35.1250,129.1250,2004-04-01,14.8753
부산,남해,35.0961,129.0356,35.1250,129.1250,2004-05-01,16.3216
부산,남해,35.0961,129.0356,35.1250,129.1250,2004-06-01,20.7590
부산,남해,35.0961,129.0356,35.1250,129.1250,2004-07-01,24.2719
부산,남해,35.0961,129.0356,35.1250,129.1250,2004-08-01,26.2529
부산,남해,35.0961,129.0356,35.1250,129.1250,2004-09-01,24.6673
부산,남해,35.0961,129.0356,35.1250,129.1250,2004-10-01,20.7694
부산,남해,35.0961,129.0356,35.1250,129.1250,2004-11-01,19.0293
부산,남해,35.0961,129.0356,35.1250,129.1250,2004-12-01,17.4432
부산,남해,35.0961,129.0356,35.1250,129.1250,2005-01-01,15.3026
부산,남해,35.0961,129.0356,35.1250,129.1250,2005-02-01,13.4382
부산,남해,35.0961,129.0356,35.1250,129.1250,2005-03-01,12.8690
부산,남해,35.0961,129.0356,35.1250,129.1250,2005-04-01,14.1540
부산,남해,35.0961,129.0356,35.1250,129.1250,2005-05-01,16.7719
부산,남해,35.0961,129.0356,35.1250,129.1250,2005-06-01,20.6260
부산,남해,35.0961,129.0356,35.1250,129.1250,2005-07-01,23.4839
부산,남해,35.0961,129.0356,35.1250,129.1250,2005-08-01,26.6145
부산,남해,35.0961,129.0356,35.1250,129.1250,2005-09-01,25.0457
부산,남해,35.0961,129.0356,35.1250,129.1250,2005-10-01,22.0613
부산,남해,35.0961,129.0356,35.1250,129.1250,2005-11-01,20.0510
부산,남해,35.0961,129.0356,35.1250,129.1250,2005-12-01,16.0719
부산,남해,35.0961,129.0356,35.1250,129.1250,2006-01-01,13.9703
부산,남해,35.0961,129.0356,35.1250,129.1250,2006-02-01,13.1236
부산,남해,35.0961,129.0356,35.1250,129.1250,2006-03-01,12.9887
부산,남해,35.0961,129.0356,35.1250,129.1250,2006-04-01,14.1003
부산,남해,35.0961,129.0356,35.1250,129.1250,2006-05-01,15.4926
부산,남해,35.0961,129.0356,35.1250,129.1250,2006-06-01,18.5140
부산,남해,35.0961,129.0356,35.1250,129.1250,2006-07-01,21.8990
부산,남해,35.0961,129.0356,35.1250,129.1250,2006-08-01,26.9942
부산,남해,35.0961,129.0356,35.1250,129.1250,2006-09-01,24.5733
부산,남해,35.0961,129.0356,35.1250,129.1250,2006-10-01,21.8965
부산,남해,35.0961,129.0356,35.1250,129.1250,2006-11-01,19.2777
부산,남해,35.0961,129.0356,35.1250,129.1250,2006-12-01,17.0319
부산,남해,35.0961,129.0356,35.1250,129.1250,2007-01-01,14.9945
부산,남해,35.0961,129.0356,35.1250,129.1250,2007-02-01,14.8918
부산,남해,35.0961,129.0356,35.1250,129.1250,2007-03-01,14.2826
부산,남해,35.0961,129.0356,35.1250,129.1250,2007-04-01,14.5777
부산,남해,35.0961,129.0356,35.1250,129.1250,2007-05-01,16.8726
부산,남해,35.0961,129.0356,35.1250,129.1250,2007-06-01,20.1833
부산,남해,35.0961,129.0356,35.1250,129.1250,2007-07-01,22.5255
부산,남해,35.0961,129.0356,35.1250,129.1250,2007-08-01,26.8316
부산,남해,35.0961,129.0356,35.1250,129.1250,2007-09-01,25.6337
부산,남해,35.0961,129.0356,35.1250,129.1250,2007-10-01,22.9439
부산,남해,35.0961,129.0356,35.1250,129.1250,2007-11-01,19.2697
부산,남해,35.0961,129.0356,35.1250,129.1250,2007-12-01,17.1361
부산,남해,35.0961,129.0356,35.1250,129.1250,2008-01-01,14.9735
부산,남해,35.0961,129.0356,35.1250,129.1250,2008-02-01,14.1331
부산,남해,35.0961,129.0356,35.1250,129.1250,2008-03-01,13.5813
부산,남해,35.0961,129.0356,35.1250,129.1250,2008-04-01,14.6697
부산,남해,35.0961,129.0356,35.1250,129.1250,2008-05-01,16.7735
부산,남해,35.0961,129.0356,35.1250,129.1250,2008-06-01,20.1667
부산,남해,35.0961,129.0356,35.1250,129.1250,2008-07-01,24.2429
부산,남해,35.0961,129.0356,35.1250,129.1250,2008-08-01,26.2110
부산,남해,35.0961,129.0356,35.1250,129.1250,2008-09-01,25.3063
부산,남해,35.0961,129.0356,35.1250,129.1250,2008-10-01,22.9597
부산,남해,35.0961,129.0356,35.1250,129.1250,2008-11-01,19.5010
부산,남해,35.0961,129.0356,35.1250,129.1250,2008-12-01,17.0532
부산,남해,35.0961,129.0356,35.1250,129.1250,2009-01-01,15.0829
부산,남해,35.0961,129.0356,35.1250,129.1250,2009-02-01,14.2211
부산,남해,35.0961,129.0356,35.1250,129.1250,2009-03-01,14.7442
부산,남해,35.0961,129.0356,35.1250,129.1250,2009-04-01,15.2267
부산,남해,35.0961,129.0356,35.1250,129.1250,2009-05-01,16.8842
부산,남해,35.0961,129.0356,35.1250,129.1250,2009-06-01,19.7923
부산,남해,35.0961,129.0356,35.1250,129.1250,2009-07-01,23.1168
부산,남해,35.0961,129.0356,35.1250,129.1250,2009-08-01,25.0494
부산,남해,35.0961,129.0356,35.1250,129.1250,2009-09-01,24.0850
부산,남해,35.0961,129.0356,35.1250,129.1250,2009-10-01,21.8419
부산,남해,35.0961,129.0356,35.1250,129.1250,2009-11-01,19.2210
부산,남해,35.0961,129.0356,35.1250,129.1250,2009-12-01,17.3639
부산,남해,35.0961,129.0356,35.1250,129.1250,2010-01-01,14.4613
부산,남해,35.0961,129.0356,35.1250,129.1250,2010-02-01,13.7779
부산,남해,35.0961,129.0356,35.1250,129.1250,2010-03-01,12.7123
부산,남해,35.0961,129.0356,35.1250,129.1250,2010-04-01,14.2647
부산,남해,35.0961,129.0356,35.1250,129.1250,2010-05-01,17.3961
부산,남해,35.0961,129.0356,35.1250,129.1250,2010-06-01,21.1963
부산,남해,35.0961,129.0356,35.1250,129.1250,2010-07-01,24.4323
부산,남해,35.0961,129.0356,35.1250,129.1250,2010-08-01,27.3155
부산,남해,35.0961,129.0356,35.1250,129.1250,2010-09-01,25.3727
부산,남해,35.0961,129.0356,35.1250,129.1250,2010-10-01,22.1761
부산,남해,35.0961,129.0356,35.1250,129.1250,2010-11-01,19.6790
부산,남해,35.0961,129.0356,35.1250,129.1250,2010-12-01,17.3439
부산,남해,35.0961,129.0356,35.1250,129.1250,2011-01-01,14.0277
부산,남해,35.0961,129.0356,35.1250,129.1250,2011-02-01,12.7382
부산,남해,35.0961,129.0356,35.1250,129.1250,2011-03-01,12.6300
부산,남해,35.0961,129.0356,35.1250,129.1250,2011-04-01,13.7937
부산,남해,35.0961,129.0356,35.1250,129.1250,2011-05-01,15.3961
부산,남해,35.0961,129.0356,35.1250,129.1250,2011-06-01,19.2447
부산,남해,35.0961,129.0356,35.1250,129.1250,2011-07-01,23.5403
부산,남해,35.0961,129.0356,35.1250,129.1250,2011-08-01,25.2777
부산,남해,35.0961,129.0356,35.1250,129.1250,2011-09-01,24.7837
부산,남해,35.0961,129.0356,35.1250,129.1250,2011-10-01,22.6003
부산,남해,35.0961,129.0356,35.1250,129.1250,2011-11-01,20.4910
부산,남해,35.0961,129.0356,35.1250,129.1250,2011-12-01,17.4523
부산,남해,35.0961,129.0356,35.1250,129.1250,2012-01-01,14.8406
부산,남해,35.0961,129.0356,35.1250,129.1250,2012-02-01,13.1379
부산,남해,35.0961,129.0356,35.1250,129.1250,2012-03-01,13.6413
부산,남해,35.0961,129.0356,35.1250,129.1250,2012-04-01,14.9900
부산,남해,35.0961,129.0356,35.1250,129.1250,2012-05-01,17.4358
부산,남해,35.0961,129.0356,35.1250,129.1250,2012-06-01,20.5973
부산,남해,35.0961,129.0356,35.1250,129.1250,2012-07-01,23.7952
부산,남해,35.0961,129.0356,35.1250,129.1250,2012-08-01,27.0248
부산,남해,35.0961,129.0356,35.1250,129.1250,2012-09-01,23.1643
부산,남해,35.0961,129.0356,35.1250,129.1250,2012-10-01,20.9539
부산,남해,35.0961,129.0356,35.1250,129.1250,2012-11-01,17.6127
부산,남해,35.0961,129.0356,35.1250,129.1250,2012-12-01,16.0332
부산,남해,35.0961,129.0356,35.1250,129.1250,2013-01-01,14.2181
부산,남해,35.0961,129.0356,35.1250,129.1250,2013-02-01,13.1907
부산,남해,35.0961,129.0356,35.1250,129.1250,2013-03-01,14.2323
부산,남해,35.0961,129.0356,35.1250,129.1250,2013-04-01,14.5007
부산,남해,35.0961,129.0356,35.1250,129.1250,2013-05-01,16.9771
부산,남해,35.0961,129.0356,35.1250,129.1250,2013-06-01,20.6137
부산,남해,35.0961,129.0356,35.1250,129.1250,2013-07-01,24.1790
부산,남해,35.0961,129.0356,35.1250,129.1250,2013-08-01,27.2990
부산,남해,35.0961,129.0356,35.1250,129.1250,2013-09-01,25.6610
부산,남해,35.0961,129.0356,35.1250,129.1250,2013-10-01,22.9103
부산,남해,35.0961,129.0356,35.1250,129.1250,2013-11-01,19.9100
부산,남해,35.0961,129.0356,35.1250,129.1250,2013-12-01,16.9232
부산,남해,35.0961,129.0356,35.1250,129.1250,2014-01-01,14.9297
부산,남해,35.0961,129.0356,35.1250,129.1250,2014-02-01,14.2954
부산,남해,35.0961,129.0356,35.1250,129.1250,2014-03-01,13.7600
부산,남해,35.0961,129.0356,35.1250,129.1250,2014-04-01,15.5283
부산,남해,35.0961,129.0356,35.1250,129.1250,2014-05-01,16.4023
부산,남해,35.0961,129.0356,35.1250,129.1250,2014-06-01,19.8917
부산,남해,35.0961,129.0356,35.1250,129.1250,2014-07-01,22.8100
부산,남해,35.0961,129.0356,35.1250,129.1250,2014-08-01,24.5381
부산,남해,35.0961,129.0356,35.1250,129.1250,2014-09-01,24.8457
부산,남해,35.0961,129.0356,35.1250,129.1250,2014-10-01,22.3977
부산,남해,35.0961,129.0356,35.1250,129.1250,2014-11-01,19.1680
부산,남해,35.0961,129.0356,35.1250,129.1250,2014-12-01,16.0413
부산,남해,35.0961,129.0356,35.1250,129.1250,2015-01-01,14.3977
부산,남해,35.0961,129.0356,35.1250,129.1250,2015-02-01,13.7546
부산,남해,35.0961,129.0356,35.1250,129.1250,2015-03-01,13.2565
부산,남해,35.0961,129.0356,35.1250,129.1250,2015-04-01,13.9803
부산,남해,35.0961,129.0356,35.1250,129.1250,2015-05-01,16.0735
부산,남해,35.0961,129.0356,35.1250,129.1250,2015-06-01,19.6133
부산,남해,35.0961,129.0356,35.1250,129.1250,2015-07-01,21.6568
부산,남해,35.0961,129.0356,35.1250,129.1250,2015-08-01,25.5223
부산,남해,35.0961,129.0356,35.1250,129.1250,2015-09-01,24.0370
부산,남해,35.0961,129.0356,35.1250,129.1250,2015-10-01,21.1929
부산,남해,35.0961,129.0356,35.1250,129.1250,2015-11-01,18.7580
부산,남해,35.0961,129.0356,35.1250,129.1250,2015-12-01,16.6677
부산,남해,35.0961,129.0356,35.1250,129.1250,2016-01-01,15.2326
부산,남해,35.0961,129.0356,35.1250,129.1250,2016-02-01,13.6066
부산,남해,35.0961,129.0356,35.1250,129.1250,2016-03-01,14.0926
부산,남해,35.0961,129.0356,35.1250,129.1250,2016-04-01,15.1157
부산,남해,35.0961,129.0356,35.1250,129.1250,2016-05-01,17.3832
부산,남해,35.0961,129.0356,35.1250,129.1250,2016-06-01,20.5953
부산,남해,35.0961,129.0356,35.1250,129.1250,2016-07-01,23.8700
부산,남해,35.0961,129.0356,35.1250,129.1250,2016-08-01,28.5632
부산,남해,35.0961,129.0356,35.1250,129.1250,2016-09-01,24.9317
부산,남해,35.0961,129.0356,35.1250,129.1250,2016-10-01,22.3168
부산,남해,35.0961,129.0356,35.1250,129.1250,2016-11-01,20.4593
부산,남해,35.0961,129.0356,35.1250,129.1250,2016-12-01,17.0919
부산,남해,35.0961,129.0356,35.1250,129.1250,2017-01-01,15.4274
부산,남해,35.0961,129.0356,35.1250,129.1250,2017-02-01,14.3725
부산,남해,35.0961,129.0356,35.1250,129.1250,2017-03-01,14.4248
부산,남해,35.0961,129.0356,35.1250,129.1250,2017-04-01,15.3940
부산,남해,35.0961,129.0356,35.1250,129.1250,2017-05-01,16.8055
부산,남해,35.0961,129.0356,35.1250,129.1250,2017-06-01,20.1010
부산,남해,35.0961,129.0356,35.1250,129.1250,2017-07-01,23.7023
부산,남해,35.0961,129.0356,35.1250,129.1250,2017-08-01,27.7587
부산,남해,35.0961,129.0356,35.1250,129.1250,2017-09-01,25.2107
부산,남해,35.0961,129.0356,35.1250,129.1250,2017-10-01,22.8132
부산,남해,35.0961,129.0356,35.1250,129.1250,2017-11-01,19.8150
부산,남해,35.0961,129.0356,35.1250,129.1250,2017-12-01,16.2348
부산,남해,35.0961,129.0356,35.1250,129.1250,2018-01-01,14.1365
부산,남해,35.0961,129.0356,35.1250,129.1250,2018-02-01,13.2454
부산,남해,35.0961,129.0356,35.1250,129.1250,2018-03-01,13.7610
부산,남해,35.0961,129.0356,35.1250,129.1250,2018-04-01,14.5937
부산,남해,35.0961,129.0356,35.1250,129.1250,2018-05-01,16.9029
부산,남해,35.0961,129.0356,35.1250,129.1250,2018-06-01,20.4633
부산,남해,35.0961,129.0356,35.1250,129.1250,2018-07-01,25.1158
부산,남해,35.0961,129.0356,35.1250,129.1250,2018-08-01,27.2471
부산,남해,35.0961,129.0356,35.1250,129.1250,2018-09-01,24.1850
부산,남해,35.0961,129.0356,35.1250,129.1250,2018-10-01,21.3252
부산,남해,35.0961,129.0356,35.1250,129.1250,2018-11-01,19.0513
부산,남해,35.0961,129.0356,35.1250,129.1250,2018-12-01,17.2571
부산,남해,35.0961,129.0356,35.1250,129.1250,2019-01-01,15.5287
부산,남해,35.0961,129.0356,35.1250,129.1250,2019-02-01,15.0550
부산,남해,35.0961,129.0356,35.1250,129.1250,2019-03-01,15.0003
부산,남해,35.0961,129.0356,35.1250,129.1250,2019-04-01,15.5023
부산,남해,35.0961,129.0356,35.1250,129.1250,2019-05-01,17.6552
부산,남해,35.0961,129.0356,35.1250,129.1250,2019-06-01,20.6447
부산,남해,35.0961,129.0356,35.1250,129.1250,2019-07-01,22.8665
부산,남해,35.0961,129.0356,35.1250,129.1250,2019-08-01,26.5084
부산,남해,35.0961,129.0356,35.1250,129.1250,2019-09-01,24.0997
부산,남해,35.0961,129.0356,35.1250,129.1250,2019-10-01,22.3490
부산,남해,35.0961,129.0356,35.1250,129.1250,2019-11-01,19.1113
부산,남해,35.0961,129.0356,35.1250,129.1250,2019-12-01,17.2177
부산,남해,35.0961,129.0356,35.1250,129.1250,2020-01-01,15.3381
부산,남해,35.0961,129.0356,35.1250,129.1250,2020-02-01,14.3286
부산,남해,35.0961,129.0356,35.1250,129.1250,2020-03-01,14.8187
부산,남해,35.0961,129.0356,35.1250,129.1250,2020-04-01,15.0543
부산,남해,35.0961,129.0356,35.1250,129.1250,2020-05-01,16.6890
부산,남해,35.0961,129.0356,35.1250,129.1250,2020-06-01,20.4203
부산,남해,35.0961,129.0356,35.1250,129.1250,2020-07-01,21.9506
부산,남해,35.0961,129.0356,35.1250,129.1250,2020-08-01,25.4090
부산,남해,35.0961,129.0356,35.1250,129.1250,2020-09-01,24.2083
부산,남해,35.0961,129.0356,35.1250,129.1250,2020-10-01,21.5071
부산,남해,35.0961,129.0356,35.1250,129.1250,2020-11-01,19.5430
부산,남해,35.0961,129.0356,35.1250,129.1250,2020-12-01,16.8413
부산,남해,35.0961,129.0356,35.1250,129.1250,2021-01-01,15.0906
부산,남해,35.0961,129.0356,35.1250,129.1250,2021-02-01,14.9921
부산,남해,35.0961,129.0356,35.1250,129.1250,2021-03-01,15.0600
부산,남해,35.0961,129.0356,35.1250,129.1250,2021-04-01,16.3110
부산,남해,35.0961,129.0356,35.1250,129.1250,2021-05-01,17.2048
부산,남해,35.0961,129.0356,35.1250,129.1250,2021-06-01,21.1483
부산,남해,35.0961,129.0356,35.1250,129.1250,2021-07-01,25.5613
부산,남해,35.0961,129.0356,35.1250,129.1250,2021-08-01,26.9194
부산,남해,35.0961,129.0356,35.1250,129.1250,2021-09-01,25.0580
부산,남해,35.0961,129.0356,35.1250,129.1250,2021-10-01,24.3139
부산,남해,35.0961,129.0356,35.1250,129.1250,2021-11-01,19.2763
부산,남해,35.0961,129.0356,35.1250,129.1250,2021-12-01,16.8100
부산,남해,35.0961,129.0356,35.1250,129.1250,2022-01-01,14.7116
부산,남해,35.0961,129.0356,35.1250,129.1250,2022-02-01,12.8125
부산,남해,35.0961,129.0356,35.1250,129.1250,2022-03-01,13.4455
부산,남해,35.0961,129.0356,35.1250,129.1250,2022-04-01,15.2800
부산,남해,35.0961,129.0356,35.1250,129.1250,2022-05-01,17.3977
부산,남해,35.0961,129.0356,35.1250,129.1250,2022-06-01,20.2367
부산,남해,35.0961,129.0356,35.1250,129.1250,2022-07-01,25.0023
부산,남해,35.0961,129.0356,35.1250,129.1250,2022-08-01,26.2694
부산,남해,35.0961,129.0356,35.1250,129.1250,2022-09-01,25.4480
부산,남해,35.0961,129.0356,35.1250,129.1250,2022-10-01,22.5135
부산,남해,35.0961,129.0356,35.1250,129.1250,2022-11-01,19.8813
부산,남해,35.0961,129.0356,35.1250,129.1250,2022-12-01,17.2726
부산,남해,35.0961,129.0356,35.1250,129.1250,2023-01-01,14.3594
부산,남해,35.0961,129.0356,35.1250,129.1250,2023-02-01,13.7632
부산,남해,35.0961,129.0356,35.1250,129.1250,2023-03-01,15.1313
부산,남해,35.0961,129.0356,35.1250,129.1250,2023-04-01,16.0680
부산,남해,35.0961,129.0356,35.1250,129.1250,2023-05-01,17.5068
부산,남해,35.0961,129.0356,35.1250,129.1250,2023-06-01,21.1333
부산,남해,35.0961,129.0356,35.1250,129.1250,2023-07-01,23.6084
부산,남해,35.0961,129.0356,35.1250,129.1250,2023-08-01,27.2794
부산,남해,35.0961,129.0356,35.1250,129.1250,2023-09-01,26.2463
부산,남해,35.0961,129.0356,35.1250,129.1250,2023-10-01,21.7377
부산,남해,35.0961,129.0356,35.1250,129.1250,2023-11-01,18.8287
부산,남해,35.0961,129.0356,35.1250,129.1250,2023-12-01,16.6132
부산,남해,35.0961,129.0356,35.1250,129.1250,2024-01-01,14.9297
부산,남해,35.0961,129.0356,35.1250,129.1250,2024-02-01,14.1379
부산,남해,35.0961,129.0356,35.1250,129.1250,2024-03-01,13.9981
부산,남해,35.0961,129.0356,35.1250,129.1250,2024-04-01,16.1827
부산,남해,35.0961,129.0356,35.1250,129.1250,2024-05-01,17.8448
부산,남해,35.0961,129.0356,35.1250,129.1250,2024-06-01,21.2050
부산,남해,35.0961,129.0356,35.1250,129.1250,2024-07-01,22.7539
부산,남해,35.0961,129.0356,35.1250,129.1250,2024-08-01,28.5781
부산,남해,35.0961,129.0356,35.1250,129.1250,2024-09-01,27.9960
부산,남해,35.0961,129.0356,35.1250,129.1250,2024-10-01,23.9794
부산,남해,35.0961,129.0356,35.1250,129.1250,2024-11-01,20.5240
부산,남해,35.0961,129.0356,35.1250,129.1250,2024-12-01,15.9394
부산,남해,35.0961,129.0356,35.1250,129.1250,2025-01-01,14.1258
부산,남해,35.0961,129.0356,35.1250,129.1250,2025-02-01,12.4450
부산,남해,35.0961,129.0356,35.1250,129.1250,2025-03-01,12.4958
부산,남해,35.0961,129.0356,35.1250,129.1250,2025-04-01,13.5310
부산,남해,35.0961,129.0356,35.1250,129.1250,2025-05-01,15.8552
부산,남해,35.0961,129.0356,35.1250,129.1250,2025-06-01,19.5603
부산,남해,35.0961,129.0356,35.1250,129.1250,2025-07-01,25.2994
부산,남해,35.0961,129.0356,35.1250,129.1250,2025-08-01,27.5200
부산,남해,35.0961,129.0356,35.1250,129.1250,2025-09-01,26.6370
부산,남해,35.0961,129.0356,35.1250,129.1250,2025-10-01,24.2616
부산,남해,35.0961,129.0356,35.1250,129.1250,2025-11-01,20.5697
부산,남해,35.0961,129.0356,35.1250,129.1250,2025-12-01,17.2597
부산,남해,35.0961,129.0356,35.1250,129.1250,2026-01-01,15.0935
부산,남해,35.0961,129.0356,35.1250,129.1250,2026-02-01,14.4643
부산,남해,35.0961,129.0356,35.1250,129.1250,2026-03-01,14.6768
부산,남해,35.0961,129.0356,35.1250,129.1250,2026-04-01,15.7670
여수,남해,34.7472,127.7654,34.6250,127.8750,1981-09-01,23.3483
여수,남해,34.7472,127.7654,34.6250,127.8750,1981-10-01,19.1045
여수,남해,34.7472,127.7654,34.6250,127.8750,1981-11-01,13.8587
여수,남해,34.7472,127.7654,34.6250,127.8750,1981-12-01,13.2484
여수,남해,34.7472,127.7654,34.6250,127.8750,1982-01-01,12.7765
여수,남해,34.7472,127.7654,34.6250,127.8750,1982-02-01,12.0707
여수,남해,34.7472,127.7654,34.6250,127.8750,1982-03-01,12.3258
여수,남해,34.7472,127.7654,34.6250,127.8750,1982-04-01,12.4157
여수,남해,34.7472,127.7654,34.6250,127.8750,1982-05-01,16.1832
여수,남해,34.7472,127.7654,34.6250,127.8750,1982-06-01,20.6920
여수,남해,34.7472,127.7654,34.6250,127.8750,1982-07-01,23.4706
여수,남해,34.7472,127.7654,34.6250,127.8750,1982-08-01,25.4845
여수,남해,34.7472,127.7654,34.6250,127.8750,1982-09-01,23.9653
여수,남해,34.7472,127.7654,34.6250,127.8750,1982-10-01,21.2948
여수,남해,34.7472,127.7654,34.6250,127.8750,1982-11-01,15.3480
여수,남해,34.7472,127.7654,34.6250,127.8750,1982-12-01,12.5987
여수,남해,34.7472,127.7654,34.6250,127.8750,1983-01-01,11.6903
여수,남해,34.7472,127.7654,34.6250,127.8750,1983-02-01,10.8307
여수,남해,34.7472,127.7654,34.6250,127.8750,1983-03-01,11.8745
여수,남해,34.7472,127.7654,34.6250,127.8750,1983-04-01,13.7710
여수,남해,34.7472,127.7654,34.6250,127.8750,1983-05-01,16.4203
여수,남해,34.7472,127.7654,34.6250,127.8750,1983-06-01,19.3310
여수,남해,34.7472,127.7654,34.6250,127.8750,1983-07-01,22.6194
여수,남해,34.7472,127.7654,34.6250,127.8750,1983-08-01,26.5261
여수,남해,34.7472,127.7654,34.6250,127.8750,1983-09-01,24.9473
여수,남해,34.7472,127.7654,34.6250,127.8750,1983-10-01,21.8781
여수,남해,34.7472,127.7654,34.6250,127.8750,1983-11-01,16.1987
여수,남해,34.7472,127.7654,34.6250,127.8750,1983-12-01,11.7374
여수,남해,34.7472,127.7654,34.6250,127.8750,1984-01-01,10.1881
여수,남해,34.7472,127.7654,34.6250,127.8750,1984-02-01,11.0566
여수,남해,34.7472,127.7654,34.6250,127.8750,1984-03-01,9.9058
여수,남해,34.7472,127.7654,34.6250,127.8750,1984-04-01,12.0613
여수,남해,34.7472,127.7654,34.6250,127.8750,1984-05-01,15.0629
여수,남해,34.7472,127.7654,34.6250,127.8750,1984-06-01,20.0593
여수,남해,34.7472,127.7654,34.6250,127.8750,1984-07-01,23.6303
여수,남해,34.7472,127.7654,34.6250,127.8750,1984-08-01,26.9206
여수,남해,34.7472,127.7654,34.6250,127.8750,1984-09-01,24.1830
여수,남해,34.7472,127.7654,34.6250,127.8750,1984-10-01,20.7148
여수,남해,34.7472,127.7654,34.6250,127.8750,1984-11-01,16.4737
여수,남해,34.7472,127.7654,34.6250,127.8750,1984-12-01,14.8648
여수,남해,34.7472,127.7654,34.6250,127.8750,1985-01-01,12.2390
여수,남해,34.7472,127.7654,34.6250,127.8750,1985-02-01,12.5836
여수,남해,34.7472,127.7654,34.6250,127.8750,1985-03-01,12.4429
여수,남해,34.7472,127.7654,34.6250,127.8750,1985-04-01,14.2180
여수,남해,34.7472,127.7654,34.6250,127.8750,1985-05-01,16.1826
여수,남해,34.7472,127.7654,34.6250,127.8750,1985-06-01,19.5467
여수,남해,34.7472,127.7654,34.6250,127.8750,1985-07-01,23.3848
여수,남해,34.7472,127.7654,34.6250,127.8750,1985-08-01,26.0694
여수,남해,34.7472,127.7654,34.6250,127.8750,1985-09-01,25.1497
여수,남해,34.7472,127.7654,34.6250,127.8750,1985-10-01,20.4681
여수,남해,34.7472,127.7654,34.6250,127.8750,1985-11-01,16.7500
여수,남해,34.7472,127.7654,34.6250,127.8750,1985-12-01,13.7110
여수,남해,34.7472,127.7654,34.6250,127.8750,1986-01-01,11.9316
여수,남해,34.7472,127.7654,34.6250,127.8750,1986-02-01,11.6175
여수,남해,34.7472,127.7654,34.6250,127.8750,1986-03-01,11.4371
여수,남해,34.7472,127.7654,34.6250,127.8750,1986-04-01,12.9373
여수,남해,34.7472,127.7654,34.6250,127.8750,1986-05-01,15.7161
여수,남해,34.7472,127.7654,34.6250,127.8750,1986-06-01,18.4843
여수,남해,34.7472,127.7654,34.6250,127.8750,1986-07-01,22.2132
여수,남해,34.7472,127.7654,34.6250,127.8750,1986-08-01,25.7923
여수,남해,34.7472,127.7654,34.6250,127.8750,1986-09-01,22.9137
여수,남해,34.7472,127.7654,34.6250,127.8750,1986-10-01,19.3503
여수,남해,34.7472,127.7654,34.6250,127.8750,1986-11-01,16.8847
여수,남해,34.7472,127.7654,34.6250,127.8750,1986-12-01,15.3784
여수,남해,34.7472,127.7654,34.6250,127.8750,1987-01-01,14.4248
여수,남해,34.7472,127.7654,34.6250,127.8750,1987-02-01,12.8904
여수,남해,34.7472,127.7654,34.6250,127.8750,1987-03-01,12.9297
여수,남해,34.7472,127.7654,34.6250,127.8750,1987-04-01,13.0927
여수,남해,34.7472,127.7654,34.6250,127.8750,1987-05-01,15.8306
여수,남해,34.7472,127.7654,34.6250,127.8750,1987-06-01,19.4860
여수,남해,34.7472,127.7654,34.6250,127.8750,1987-07-01,22.4845
여수,남해,34.7472,127.7654,34.6250,127.8750,1987-08-01,24.4074
여수,남해,34.7472,127.7654,34.6250,127.8750,1987-09-01,23.6310
여수,남해,34.7472,127.7654,34.6250,127.8750,1987-10-01,21.3165
여수,남해,34.7472,127.7654,34.6250,127.8750,1987-11-01,17.4213
여수,남해,34.7472,127.7654,34.6250,127.8750,1987-12-01,15.0445
여수,남해,34.7472,127.7654,34.6250,127.8750,1988-01-01,14.4703
여수,남해,34.7472,127.7654,34.6250,127.8750,1988-02-01,12.3862
여수,남해,34.7472,127.7654,34.6250,127.8750,1988-03-01,12.6394
여수,남해,34.7472,127.7654,34.6250,127.8750,1988-04-01,14.2210
여수,남해,34.7472,127.7654,34.6250,127.8750,1988-05-01,15.9665
여수,남해,34.7472,127.7654,34.6250,127.8750,1988-06-01,19.3427
여수,남해,34.7472,127.7654,34.6250,127.8750,1988-07-01,23.8894
여수,남해,34.7472,127.7654,34.6250,127.8750,1988-08-01,26.6426
여수,남해,34.7472,127.7654,34.6250,127.8750,1988-09-01,24.8890
여수,남해,34.7472,127.7654,34.6250,127.8750,1988-10-01,21.8313
여수,남해,34.7472,127.7654,34.6250,127.8750,1988-11-01,17.8233
여수,남해,34.7472,127.7654,34.6250,127.8750,1988-12-01,14.9603
여수,남해,34.7472,127.7654,34.6250,127.8750,1989-01-01,13.9942
여수,남해,34.7472,127.7654,34.6250,127.8750,1989-02-01,12.8200
여수,남해,34.7472,127.7654,34.6250,127.8750,1989-03-01,12.3035
여수,남해,34.7472,127.7654,34.6250,127.8750,1989-04-01,13.9983
여수,남해,34.7472,127.7654,34.6250,127.8750,1989-05-01,16.1658
여수,남해,34.7472,127.7654,34.6250,127.8750,1989-06-01,19.1027
여수,남해,34.7472,127.7654,34.6250,127.8750,1989-07-01,22.8652
여수,남해,34.7472,127.7654,34.6250,127.8750,1989-08-01,25.4290
여수,남해,34.7472,127.7654,34.6250,127.8750,1989-09-01,24.5687
여수,남해,34.7472,127.7654,34.6250,127.8750,1989-10-01,20.8423
여수,남해,34.7472,127.7654,34.6250,127.8750,1989-11-01,17.9967
여수,남해,34.7472,127.7654,34.6250,127.8750,1989-12-01,14.7926
여수,남해,34.7472,127.7654,34.6250,127.8750,1990-01-01,12.8713
여수,남해,34.7472,127.7654,34.6250,127.8750,1990-02-01,12.8850
여수,남해,34.7472,127.7654,34.6250,127.8750,1990-03-01,13.2471
여수,남해,34.7472,127.7654,34.6250,127.8750,1990-04-01,13.3133
여수,남해,34.7472,127.7654,34.6250,127.8750,1990-05-01,15.8861
여수,남해,34.7472,127.7654,34.6250,127.8750,1990-06-01,20.1800
여수,남해,34.7472,127.7654,34.6250,127.8750,1990-07-01,23.4858
여수,남해,34.7472,127.7654,34.6250,127.8750,1990-08-01,27.1439
여수,남해,34.7472,127.7654,34.6250,127.8750,1990-09-01,24.8863
여수,남해,34.7472,127.7654,34.6250,127.8750,1990-10-01,21.4071
여수,남해,34.7472,127.7654,34.6250,127.8750,1990-11-01,18.5843
여수,남해,34.7472,127.7654,34.6250,127.8750,1990-12-01,16.0826
여수,남해,34.7472,127.7654,34.6250,127.8750,1991-01-01,14.2368
여수,남해,34.7472,127.7654,34.6250,127.8750,1991-02-01,12.0729
여수,남해,34.7472,127.7654,34.6250,127.8750,1991-03-01,13.1413
여수,남해,34.7472,127.7654,34.6250,127.8750,1991-04-01,13.9617
여수,남해,34.7472,127.7654,34.6250,127.8750,1991-05-01,15.5800
여수,남해,34.7472,127.7654,34.6250,127.8750,1991-06-01,18.9757
여수,남해,34.7472,127.7654,34.6250,127.8750,1991-07-01,22.3574
여수,남해,34.7472,127.7654,34.6250,127.8750,1991-08-01,24.2248
여수,남해,34.7472,127.7654,34.6250,127.8750,1991-09-01,24.7347
여수,남해,34.7472,127.7654,34.6250,127.8750,1991-10-01,20.8158
여수,남해,34.7472,127.7654,34.6250,127.8750,1991-11-01,16.2843
여수,남해,34.7472,127.7654,34.6250,127.8750,1991-12-01,15.0742
여수,남해,34.7472,127.7654,34.6250,127.8750,1992-01-01,15.0803
여수,남해,34.7472,127.7654,34.6250,127.8750,1992-02-01,12.9217
여수,남해,34.7472,127.7654,34.6250,127.8750,1992-03-01,13.3784
여수,남해,34.7472,127.7654,34.6250,127.8750,1992-04-01,14.6137
여수,남해,34.7472,127.7654,34.6250,127.8750,1992-05-01,16.2887
여수,남해,34.7472,127.7654,34.6250,127.8750,1992-06-01,19.3653
여수,남해,34.7472,127.7654,34.6250,127.8750,1992-07-01,22.1371
여수,남해,34.7472,127.7654,34.6250,127.8750,1992-08-01,25.5013
여수,남해,34.7472,127.7654,34.6250,127.8750,1992-09-01,25.1487
여수,남해,34.7472,127.7654,34.6250,127.8750,1992-10-01,20.8910
여수,남해,34.7472,127.7654,34.6250,127.8750,1992-11-01,17.4367
여수,남해,34.7472,127.7654,34.6250,127.8750,1992-12-01,15.3587
여수,남해,34.7472,127.7654,34.6250,127.8750,1993-01-01,14.4984
여수,남해,34.7472,127.7654,34.6250,127.8750,1993-02-01,11.9332
여수,남해,34.7472,127.7654,34.6250,127.8750,1993-03-01,12.5590
여수,남해,34.7472,127.7654,34.6250,127.8750,1993-04-01,13.8520
여수,남해,34.7472,127.7654,34.6250,127.8750,1993-05-01,16.3674
여수,남해,34.7472,127.7654,34.6250,127.8750,1993-06-01,19.8913
여수,남해,34.7472,127.7654,34.6250,127.8750,1993-07-01,21.8016
여수,남해,34.7472,127.7654,34.6250,127.8750,1993-08-01,24.2884
여수,남해,34.7472,127.7654,34.6250,127.8750,1993-09-01,23.6697
여수,남해,34.7472,127.7654,34.6250,127.8750,1993-10-01,20.4077
여수,남해,34.7472,127.7654,34.6250,127.8750,1993-11-01,18.8200
여수,남해,34.7472,127.7654,34.6250,127.8750,1993-12-01,16.6784
여수,남해,34.7472,127.7654,34.6250,127.8750,1994-01-01,13.8452
여수,남해,34.7472,127.7654,34.6250,127.8750,1994-02-01,12.6789
여수,남해,34.7472,127.7654,34.6250,127.8750,1994-03-01,11.8581
여수,남해,34.7472,127.7654,34.6250,127.8750,1994-04-01,13.4143
여수,남해,34.7472,127.7654,34.6250,127.8750,1994-05-01,15.9574
여수,남해,34.7472,127.7654,34.6250,127.8750,1994-06-01,19.4163
여수,남해,34.7472,127.7654,34.6250,127.8750,1994-07-01,25.1100
여수,남해,34.7472,127.7654,34.6250,127.8750,1994-08-01,27.2274
여수,남해,34.7472,127.7654,34.6250,127.8750,1994-09-01,24.1777
여수,남해,34.7472,127.7654,34.6250,127.8750,1994-10-01,20.3865
여수,남해,34.7472,127.7654,34.6250,127.8750,1994-11-01,17.6753
여수,남해,34.7472,127.7654,34.6250,127.8750,1994-12-01,15.7265
여수,남해,34.7472,127.7654,34.6250,127.8750,1995-01-01,14.7381
여수,남해,34.7472,127.7654,34.6250,127.8750,1995-02-01,13.3732
여수,남해,34.7472,127.7654,34.6250,127.8750,1995-03-01,13.9539
여수,남해,34.7472,127.7654,34.6250,127.8750,1995-04-01,14.1467
여수,남해,34.7472,127.7654,34.6250,127.8750,1995-05-01,15.7268
여수,남해,34.7472,127.7654,34.6250,127.8750,1995-06-01,19.4433
여수,남해,34.7472,127.7654,34.6250,127.8750,1995-07-01,22.9732
여수,남해,34.7472,127.7654,34.6250,127.8750,1995-08-01,25.4142
여수,남해,34.7472,127.7654,34.6250,127.8750,1995-09-01,23.4543
여수,남해,34.7472,127.7654,34.6250,127.8750,1995-10-01,20.6213
여수,남해,34.7472,127.7654,34.6250,127.8750,1995-11-01,18.4323
여수,남해,34.7472,127.7654,34.6250,127.8750,1995-12-01,15.8474
여수,남해,34.7472,127.7654,34.6250,127.8750,1996-01-01,12.6784
여수,남해,34.7472,127.7654,34.6250,127.8750,1996-02-01,11.6393
여수,남해,34.7472,127.7654,34.6250,127.8750,1996-03-01,11.9058
여수,남해,34.7472,127.7654,34.6250,127.8750,1996-04-01,12.0013
여수,남해,34.7472,127.7654,34.6250,127.8750,1996-05-01,15.1771
여수,남해,34.7472,127.7654,34.6250,127.8750,1996-06-01,19.5787
여수,남해,34.7472,127.7654,34.6250,127.8750,1996-07-01,22.3790
여수,남해,34.7472,127.7654,34.6250,127.8750,1996-08-01,26.5426
여수,남해,34.7472,127.7654,34.6250,127.8750,1996-09-01,25.1840
여수,남해,34.7472,127.7654,34.6250,127.8750,1996-10-01,20.7865
여수,남해,34.7472,127.7654,34.6250,127.8750,1996-11-01,19.0827
여수,남해,34.7472,127.7654,34.6250,127.8750,1996-12-01,16.6345
여수,남해,34.7472,127.7654,34.6250,127.8750,1997-01-01,14.1968
여수,남해,34.7472,127.7654,34.6250,127.8750,1997-02-01,12.4161
여수,남해,34.7472,127.7654,34.6250,127.8750,1997-03-01,12.5148
여수,남해,34.7472,127.7654,34.6250,127.8750,1997-04-01,13.3943
여수,남해,34.7472,127.7654,34.6250,127.8750,1997-05-01,16.3294
여수,남해,34.7472,127.7654,34.6250,127.8750,1997-06-01,20.3533
여수,남해,34.7472,127.7654,34.6250,127.8750,1997-07-01,23.4768
여수,남해,34.7472,127.7654,34.6250,127.8750,1997-08-01,25.4342
여수,남해,34.7472,127.7654,34.6250,127.8750,1997-09-01,24.4500
여수,남해,34.7472,127.7654,34.6250,127.8750,1997-10-01,20.4006
여수,남해,34.7472,127.7654,34.6250,127.8750,1997-11-01,18.5637
여수,남해,34.7472,127.7654,34.6250,127.8750,1997-12-01,16.8619
여수,남해,34.7472,127.7654,34.6250,127.8750,1998-01-01,14.0903
여수,남해,34.7472,127.7654,34.6250,127.8750,1998-02-01,12.0614
여수,남해,34.7472,127.7654,34.6250,127.8750,1998-03-01,12.1839
여수,남해,34.7472,127.7654,34.6250,127.8750,1998-04-01,15.5643
여수,남해,34.7472,127.7654,34.6250,127.8750,1998-05-01,16.8010
여수,남해,34.7472,127.7654,34.6250,127.8750,1998-06-01,20.4750
여수,남해,34.7472,127.7654,34.6250,127.8750,1998-07-01,24.0516
여수,남해,34.7472,127.7654,34.6250,127.8750,1998-08-01,26.7003
여수,남해,34.7472,127.7654,34.6250,127.8750,1998-09-01,25.1433
여수,남해,34.7472,127.7654,34.6250,127.8750,1998-10-01,22.4168
여수,남해,34.7472,127.7654,34.6250,127.8750,1998-11-01,18.3023
여수,남해,34.7472,127.7654,34.6250,127.8750,1998-12-01,16.3848
여수,남해,34.7472,127.7654,34.6250,127.8750,1999-01-01,14.4171
여수,남해,34.7472,127.7654,34.6250,127.8750,1999-02-01,12.5396
여수,남해,34.7472,127.7654,34.6250,127.8750,1999-03-01,13.4126
여수,남해,34.7472,127.7654,34.6250,127.8750,1999-04-01,13.0880
여수,남해,34.7472,127.7654,34.6250,127.8750,1999-05-01,16.5848
여수,남해,34.7472,127.7654,34.6250,127.8750,1999-06-01,20.2043
여수,남해,34.7472,127.7654,34.6250,127.8750,1999-07-01,22.6419
여수,남해,34.7472,127.7654,34.6250,127.8750,1999-08-01,24.4768
여수,남해,34.7472,127.7654,34.6250,127.8750,1999-09-01,24.3597
여수,남해,34.7472,127.7654,34.6250,127.8750,1999-10-01,21.7806
여수,남해,34.7472,127.7654,34.6250,127.8750,1999-11-01,17.4137
여수,남해,34.7472,127.7654,34.6250,127.8750,1999-12-01,14.6174
여수,남해,34.7472,127.7654,34.6250,127.8750,2000-01-01,14.5097
여수,남해,34.7472,127.7654,34.6250,127.8750,2000-02-01,12.6941
여수,남해,34.7472,127.7654,34.6250,127.8750,2000-03-01,11.6706
여수,남해,34.7472,127.7654,34.6250,127.8750,2000-04-01,12.3203
여수,남해,34.7472,127.7654,34.6250,127.8750,2000-05-01,15.2039
여수,남해,34.7472,127.7654,34.6250,127.8750,2000-06-01,19.0217
여수,남해,34.7472,127.7654,34.6250,127.8750,2000-07-01,23.0877
여수,남해,34.7472,127.7654,34.6250,127.8750,2000-08-01,26.6042
여수,남해,34.7472,127.7654,34.6250,127.8750,2000-09-01,24.0110
여수,남해,34.7472,127.7654,34.6250,127.8750,2000-10-01,21.3597
여수,남해,34.7472,127.7654,34.6250,127.8750,2000-11-01,18.6053
여수,남해,34.7472,127.7654,34.6250,127.8750,2000-12-01,16.7058
여수,남해,34.7472,127.7654,34.6250,127.8750,2001-01-01,14.9477
여수,남해,34.7472,127.7654,34.6250,127.8750,2001-02-01,13.2468
여수,남해,34.7472,127.7654,34.6250,127.8750,2001-03-01,13.5948
여수,남해,34.7472,127.7654,34.6250,127.8750,2001-04-01,14.4407
여수,남해,34.7472,127.7654,34.6250,127.8750,2001-05-01,16.5965
여수,남해,34.7472,127.7654,34.6250,127.8750,2001-06-01,19.4587
여수,남해,34.7472,127.7654,34.6250,127.8750,2001-07-01,24.6806
여수,남해,34.7472,127.7654,34.6250,127.8750,2001-08-01,27.2216
여수,남해,34.7472,127.7654,34.6250,127.8750,2001-09-01,24.8183
여수,남해,34.7472,127.7654,34.6250,127.8750,2001-10-01,21.3703
여수,남해,34.7472,127.7654,34.6250,127.8750,2001-11-01,17.5843
여수,남해,34.7472,127.7654,34.6250,127.8750,2001-12-01,15.8145
여수,남해,34.7472,127.7654,34.6250,127.8750,2002-01-01,12.5468
여수,남해,34.7472,127.7654,34.6250,127.8750,2002-02-01,12.6729
여수,남해,34.7472,127.7654,34.6250,127.8750,2002-03-01,12.2448
여수,남해,34.7472,127.7654,34.6250,127.8750,2002-04-01,13.4880
여수,남해,34.7472,127.7654,34.6250,127.8750,2002-05-01,16.1752
여수,남해,34.7472,127.7654,34.6250,127.8750,2002-06-01,20.3863
여수,남해,34.7472,127.7654,34.6250,127.8750,2002-07-01,22.8961
여수,남해,34.7472,127.7654,34.6250,127.8750,2002-08-01,24.8126
여수,남해,34.7472,127.7654,34.6250,127.8750,2002-09-01,23.8600
여수,남해,34.7472,127.7654,34.6250,127.8750,2002-10-01,20.6194
여수,남해,34.7472,127.7654,34.6250,127.8750,2002-11-01,16.8190
여수,남해,34.7472,127.7654,34.6250,127.8750,2002-12-01,15.3958
여수,남해,34.7472,127.7654,34.6250,127.8750,2003-01-01,13.3032
여수,남해,34.7472,127.7654,34.6250,127.8750,2003-02-01,13.0032
여수,남해,34.7472,127.7654,34.6250,127.8750,2003-03-01,12.4219
여수,남해,34.7472,127.7654,34.6250,127.8750,2003-04-01,12.8897
여수,남해,34.7472,127.7654,34.6250,127.8750,2003-05-01,16.6397
여수,남해,34.7472,127.7654,34.6250,127.8750,2003-06-01,19.6770
여수,남해,34.7472,127.7654,34.6250,127.8750,2003-07-01,21.9832
여수,남해,34.7472,127.7654,34.6250,127.8750,2003-08-01,25.1819
여수,남해,34.7472,127.7654,34.6250,127.8750,2003-09-01,24.1577
여수,남해,34.7472,127.7654,34.6250,127.8750,2003-10-01,20.5952
여수,남해,34.7472,127.7654,34.6250,127.8750,2003-11-01,17.6723
여수,남해,34.7472,127.7654,34.6250,127.8750,2003-12-01,15.8171
여수,남해,34.7472,127.7654,34.6250,127.8750,2004-01-01,14.2203
여수,남해,34.7472,127.7654,34.6250,127.8750,2004-02-01,12.3138
여수,남해,34.7472,127.7654,34.6250,127.8750,2004-03-01,13.2468
여수,남해,34.7472,127.7654,34.6250,127.8750,2004-04-01,13.6157
여수,남해,34.7472,127.7654,34.6250,127.8750,2004-05-01,16.5810
여수,남해,34.7472,127.7654,34.6250,127.8750,2004-06-01,19.9363
여수,남해,34.7472,127.7654,34.6250,127.8750,2004-07-01,23.9071
여수,남해,34.7472,127.7654,34.6250,127.8750,2004-08-01,26.2758
여수,남해,34.7472,127.7654,34.6250,127.8750,2004-09-01,24.6740
여수,남해,34.7472,127.7654,34.6250,127.8750,2004-10-01,20.2713
여수,남해,34.7472,127.7654,34.6250,127.8750,2004-11-01,17.0103
여수,남해,34.7472,127.7654,34.6250,127.8750,2004-12-01,16.2500
여수,남해,34.7472,127.7654,34.6250,127.8750,2005-01-01,14.4961
여수,남해,34.7472,127.7654,34.6250,127.8750,2005-02-01,12.4211
여수,남해,34.7472,127.7654,34.6250,127.8750,2005-03-01,11.7271
여수,남해,34.7472,127.7654,34.6250,127.8750,2005-04-01,13.7933
여수,남해,34.7472,127.7654,34.6250,127.8750,2005-05-01,16.8013
여수,남해,34.7472,127.7654,34.6250,127.8750,2005-06-01,21.1110
여수,남해,34.7472,127.7654,34.6250,127.8750,2005-07-01,23.9910
여수,남해,34.7472,127.7654,34.6250,127.8750,2005-08-01,25.5158
여수,남해,34.7472,127.7654,34.6250,127.8750,2005-09-01,24.7293
여수,남해,34.7472,127.7654,34.6250,127.8750,2005-10-01,21.5855
여수,남해,34.7472,127.7654,34.6250,127.8750,2005-11-01,19.7960
여수,남해,34.7472,127.7654,34.6250,127.8750,2005-12-01,14.7652
여수,남해,34.7472,127.7654,34.6250,127.8750,2006-01-01,12.7816
여수,남해,34.7472,127.7654,34.6250,127.8750,2006-02-01,11.6871
여수,남해,34.7472,127.7654,34.6250,127.8750,2006-03-01,11.8184
여수,남해,34.7472,127.7654,34.6250,127.8750,2006-04-01,13.1657
여수,남해,34.7472,127.7654,34.6250,127.8750,2006-05-01,15.1816
여수,남해,34.7472,127.7654,34.6250,127.8750,2006-06-01,18.9253
여수,남해,34.7472,127.7654,34.6250,127.8750,2006-07-01,22.3068
여수,남해,34.7472,127.7654,34.6250,127.8750,2006-08-01,26.9848
여수,남해,34.7472,127.7654,34.6250,127.8750,2006-09-01,24.2807
여수,남해,34.7472,127.7654,34.6250,127.8750,2006-10-01,21.7681
여수,남해,34.7472,127.7654,34.6250,127.8750,2006-11-01,19.0527
여수,남해,34.7472,127.7654,34.6250,127.8750,2006-12-01,15.3955
여수,남해,34.7472,127.7654,34.6250,127.8750,2007-01-01,12.0852
여수,남해,34.7472,127.7654,34.6250,127.8750,2007-02-01,13.3482
여수,남해,34.7472,127.7654,34.6250,127.8750,2007-03-01,12.0903
여수,남해,34.7472,127.7654,34.6250,127.8750,2007-04-01,12.1600
여수,남해,34.7472,127.7654,34.6250,127.8750,2007-05-01,15.1535
여수,남해,34.7472,127.7654,34.6250,127.8750,2007-06-01,19.0053
여수,남해,34.7472,127.7654,34.6250,127.8750,2007-07-01,22.2445
여수,남해,34.7472,127.7654,34.6250,127.8750,2007-08-01,25.9616
여수,남해,34.7472,127.7654,34.6250,127.8750,2007-09-01,24.9813
여수,남해,34.7472,127.7654,34.6250,127.8750,2007-10-01,21.6858
여수,남해,34.7472,127.7654,34.6250,127.8750,2007-11-01,16.4777
여수,남해,34.7472,127.7654,34.6250,127.8750,2007-12-01,13.8523
여수,남해,34.7472,127.7654,34.6250,127.8750,2008-01-01,12.2387
여수,남해,34.7472,127.7654,34.6250,127.8750,2008-02-01,11.8621
여수,남해,34.7472,127.7654,34.6250,127.8750,2008-03-01,11.9413
여수,남해,34.7472,127.7654,34.6250,127.8750,2008-04-01,13.0910
여수,남해,34.7472,127.7654,34.6250,127.8750,2008-05-01,15.8687
여수,남해,34.7472,127.7654,34.6250,127.8750,2008-06-01,19.9440
여수,남해,34.7472,127.7654,34.6250,127.8750,2008-07-01,23.9655
여수,남해,34.7472,127.7654,34.6250,127.8750,2008-08-01,24.9361
여수,남해,34.7472,127.7654,34.6250,127.8750,2008-09-01,24.9253
여수,남해,34.7472,127.7654,34.6250,127.8750,2008-10-01,21.3926
여수,남해,34.7472,127.7654,34.6250,127.8750,2008-11-01,16.5853
여수,남해,34.7472,127.7654,34.6250,127.8750,2008-12-01,13.4581
여수,남해,34.7472,127.7654,34.6250,127.8750,2009-01-01,12.1906
여수,남해,34.7472,127.7654,34.6250,127.8750,2009-02-01,12.5179
여수,남해,34.7472,127.7654,34.6250,127.8750,2009-03-01,12.9987
여수,남해,34.7472,127.7654,34.6250,127.8750,2009-04-01,13.8297
여수,남해,34.7472,127.7654,34.6250,127.8750,2009-05-01,16.1726
여수,남해,34.7472,127.7654,34.6250,127.8750,2009-06-01,19.1377
여수,남해,34.7472,127.7654,34.6250,127.8750,2009-07-01,22.0668
여수,남해,34.7472,127.7654,34.6250,127.8750,2009-08-01,24.0429
여수,남해,34.7472,127.7654,34.6250,127.8750,2009-09-01,23.6647
여수,남해,34.7472,127.7654,34.6250,127.8750,2009-10-01,20.5668
여수,남해,34.7472,127.7654,34.6250,127.8750,2009-11-01,16.7553
여수,남해,34.7472,127.7654,34.6250,127.8750,2009-12-01,13.9139
여수,남해,34.7472,127.7654,34.6250,127.8750,2010-01-01,11.6255
여수,남해,34.7472,127.7654,34.6250,127.8750,2010-02-01,11.9514
여수,남해,34.7472,127.7654,34.6250,127.8750,2010-03-01,12.1723
여수,남해,34.7472,127.7654,34.6250,127.8750,2010-04-01,12.5983
여수,남해,34.7472,127.7654,34.6250,127.8750,2010-05-01,15.7339
여수,남해,34.7472,127.7654,34.6250,127.8750,2010-06-01,20.2020
여수,남해,34.7472,127.7654,34.6250,127.8750,2010-07-01,22.9216
여수,남해,34.7472,127.7654,34.6250,127.8750,2010-08-01,25.7929
여수,남해,34.7472,127.7654,34.6250,127.8750,2010-09-01,24.5390
여수,남해,34.7472,127.7654,34.6250,127.8750,2010-10-01,20.1235
여수,남해,34.7472,127.7654,34.6250,127.8750,2010-11-01,15.9110
여수,남해,34.7472,127.7654,34.6250,127.8750,2010-12-01,14.2974
여수,남해,34.7472,127.7654,34.6250,127.8750,2011-01-01,12.3187
여수,남해,34.7472,127.7654,34.6250,127.8750,2011-02-01,12.5982
여수,남해,34.7472,127.7654,34.6250,127.8750,2011-03-01,10.9406
여수,남해,34.7472,127.7654,34.6250,127.8750,2011-04-01,12.0970
여수,남해,34.7472,127.7654,34.6250,127.8750,2011-05-01,15.0784
여수,남해,34.7472,127.7654,34.6250,127.8750,2011-06-01,18.4223
여수,남해,34.7472,127.7654,34.6250,127.8750,2011-07-01,22.8919
여수,남해,34.7472,127.7654,34.6250,127.8750,2011-08-01,24.9916
여수,남해,34.7472,127.7654,34.6250,127.8750,2011-09-01,23.7073
여수,남해,34.7472,127.7654,34.6250,127.8750,2011-10-01,20.0045
여수,남해,34.7472,127.7654,34.6250,127.8750,2011-11-01,17.2823
여수,남해,34.7472,127.7654,34.6250,127.8750,2011-12-01,13.5632
여수,남해,34.7472,127.7654,34.6250,127.8750,2012-01-01,12.4687
여수,남해,34.7472,127.7654,34.6250,127.8750,2012-02-01,11.0155
여수,남해,34.7472,127.7654,34.6250,127.8750,2012-03-01,12.1848
여수,남해,34.7472,127.7654,34.6250,127.8750,2012-04-01,13.1317
여수,남해,34.7472,127.7654,34.6250,127.8750,2012-05-01,16.0387
여수,남해,34.7472,127.7654,34.6250,127.8750,2012-06-01,20.0887
여수,남해,34.7472,127.7654,34.6250,127.8750,2012-07-01,23.7219
여수,남해,34.7472,127.7654,34.6250,127.8750,2012-08-01,26.1781
여수,남해,34.7472,127.7654,34.6250,127.8750,2012-09-01,23.7553
여수,남해,34.7472,127.7654,34.6250,127.8750,2012-10-01,20.0252
여수,남해,34.7472,127.7654,34.6250,127.8750,2012-11-01,14.9697
여수,남해,34.7472,127.7654,34.6250,127.8750,2012-12-01,12.1461
여수,남해,34.7472,127.7654,34.6250,127.8750,2013-01-01,11.5784
여수,남해,34.7472,127.7654,34.6250,127.8750,2013-02-01,11.0036
여수,남해,34.7472,127.7654,34.6250,127.8750,2013-03-01,11.2171
여수,남해,34.7472,127.7654,34.6250,127.8750,2013-04-01,11.8990
여수,남해,34.7472,127.7654,34.6250,127.8750,2013-05-01,15.4958
여수,남해,34.7472,127.7654,34.6250,127.8750,2013-06-01,19.9110
여수,남해,34.7472,127.7654,34.6250,127.8750,2013-07-01,23.5087
여수,남해,34.7472,127.7654,34.6250,127.8750,2013-08-01,25.5639
여수,남해,34.7472,127.7654,34.6250,127.8750,2013-09-01,24.6270
여수,남해,34.7472,127.7654,34.6250,127.8750,2013-10-01,21.6058
여수,남해,34.7472,127.7654,34.6250,127.8750,2013-11-01,17.1940
여수,남해,34.7472,127.7654,34.6250,127.8750,2013-12-01,12.5013
여수,남해,34.7472,127.7654,34.6250,127.8750,2014-01-01,12.7516
여수,남해,34.7472,127.7654,34.6250,127.8750,2014-02-01,12.0639
여수,남해,34.7472,127.7654,34.6250,127.8750,2014-03-01,12.3448
여수,남해,34.7472,127.7654,34.6250,127.8750,2014-04-01,13.4250
여수,남해,34.7472,127.7654,34.6250,127.8750,2014-05-01,16.0658
여수,남해,34.7472,127.7654,34.6250,127.8750,2014-06-01,19.5997
여수,남해,34.7472,127.7654,34.6250,127.8750,2014-07-01,22.4171
여수,남해,34.7472,127.7654,34.6250,127.8750,2014-08-01,24.1626
여수,남해,34.7472,127.7654,34.6250,127.8750,2014-09-01,23.7903
여수,남해,34.7472,127.7654,34.6250,127.8750,2014-10-01,21.6484
여수,남해,34.7472,127.7654,34.6250,127.8750,2014-11-01,17.1543
여수,남해,34.7472,127.7654,34.6250,127.8750,2014-12-01,13.3839
여수,남해,34.7472,127.7654,34.6250,127.8750,2015-01-01,11.8677
여수,남해,34.7472,127.7654,34.6250,127.8750,2015-02-01,11.5175
여수,남해,34.7472,127.7654,34.6250,127.8750,2015-03-01,10.7468
여수,남해,34.7472,127.7654,34.6250,127.8750,2015-04-01,12.3397
여수,남해,34.7472,127.7654,34.6250,127.8750,2015-05-01,16.1061
여수,남해,34.7472,127.7654,34.6250,127.8750,2015-06-01,18.8797
여수,남해,34.7472,127.7654,34.6250,127.8750,2015-07-01,21.7068
여수,남해,34.7472,127.7654,34.6250,127.8750,2015-08-01,25.3032
여수,남해,34.7472,127.7654,34.6250,127.8750,2015-09-01,23.8833
여수,남해,34.7472,127.7654,34.6250,127.8750,2015-10-01,20.4774
여수,남해,34.7472,127.7654,34.6250,127.8750,2015-11-01,17.2930
여수,남해,34.7472,127.7654,34.6250,127.8750,2015-12-01,13.3942
여수,남해,34.7472,127.7654,34.6250,127.8750,2016-01-01,11.0555
여수,남해,34.7472,127.7654,34.6250,127.8750,2016-02-01,9.5048
여수,남해,34.7472,127.7654,34.6250,127.8750,2016-03-01,11.0168
여수,남해,34.7472,127.7654,34.6250,127.8750,2016-04-01,13.6997
여수,남해,34.7472,127.7654,34.6250,127.8750,2016-05-01,16.4239
여수,남해,34.7472,127.7654,34.6250,127.8750,2016-06-01,20.1280
여수,남해,34.7472,127.7654,34.6250,127.8750,2016-07-01,23.0742
여수,남해,34.7472,127.7654,34.6250,127.8750,2016-08-01,27.1268
여수,남해,34.7472,127.7654,34.6250,127.8750,2016-09-01,24.5813
여수,남해,34.7472,127.7654,34.6250,127.8750,2016-10-01,21.5423
여수,남해,34.7472,127.7654,34.6250,127.8750,2016-11-01,17.1643
여수,남해,34.7472,127.7654,34.6250,127.8750,2016-12-01,13.1116
여수,남해,34.7472,127.7654,34.6250,127.8750,2017-01-01,10.6290
여수,남해,34.7472,127.7654,34.6250,127.8750,2017-02-01,9.4814
여수,남해,34.7472,127.7654,34.6250,127.8750,2017-03-01,10.1184
여수,남해,34.7472,127.7654,34.6250,127.8750,2017-04-01,12.6837
여수,남해,34.7472,127.7654,34.6250,127.8750,2017-05-01,16.2681
여수,남해,34.7472,127.7654,34.6250,127.8750,2017-06-01,18.5013
여수,남해,34.7472,127.7654,34.6250,127.8750,2017-07-01,22.8477
여수,남해,34.7472,127.7654,34.6250,127.8750,2017-08-01,27.1674
여수,남해,34.7472,127.7654,34.6250,127.8750,2017-09-01,24.5267
여수,남해,34.7472,127.7654,34.6250,127.8750,2017-10-01,21.3006
여수,남해,34.7472,127.7654,34.6250,127.8750,2017-11-01,16.5303
여수,남해,34.7472,127.7654,34.6250,127.8750,2017-12-01,11.4706
여수,남해,34.7472,127.7654,34.6250,127.8750,2018-01-01,9.7200
여수,남해,34.7472,127.7654,34.6250,127.8750,2018-02-01,10.4486
여수,남해,34.7472,127.7654,34.6250,127.8750,2018-03-01,11.3194
여수,남해,34.7472,127.7654,34.6250,127.8750,2018-04-01,12.8740
여수,남해,34.7472,127.7654,34.6250,127.8750,2018-05-01,16.0242
여수,남해,34.7472,127.7654,34.6250,127.8750,2018-06-01,20.4043
여수,남해,34.7472,127.7654,34.6250,127.8750,2018-07-01,24.4690
여수,남해,34.7472,127.7654,34.6250,127.8750,2018-08-01,27.2006
여수,남해,34.7472,127.7654,34.6250,127.8750,2018-09-01,23.2723
여수,남해,34.7472,127.7654,34.6250,127.8750,2018-10-01,20.1700
여수,남해,34.7472,127.7654,34.6250,127.8750,2018-11-01,16.0363
여수,남해,34.7472,127.7654,34.6250,127.8750,2018-12-01,13.1990
여수,남해,34.7472,127.7654,34.6250,127.8750,2019-01-01,10.7161
여수,남해,34.7472,127.7654,34.6250,127.8750,2019-02-01,11.0868
여수,남해,34.7472,127.7654,34.6250,127.8750,2019-03-01,11.0397
여수,남해,34.7472,127.7654,34.6250,127.8750,2019-04-01,12.2163
여수,남해,34.7472,127.7654,34.6250,127.8750,2019-05-01,16.3865
여수,남해,34.7472,127.7654,34.6250,127.8750,2019-06-01,19.8223
여수,남해,34.7472,127.7654,34.6250,127.8750,2019-07-01,22.6429
여수,남해,34.7472,127.7654,34.6250,127.8750,2019-08-01,25.8190
여수,남해,34.7472,127.7654,34.6250,127.8750,2019-09-01,23.2693
여수,남해,34.7472,127.7654,34.6250,127.8750,2019-10-01,21.2284
여수,남해,34.7472,127.7654,34.6250,127.8750,2019-11-01,17.0087
여수,남해,34.7472,127.7654,34.6250,127.8750,2019-12-01,13.0842
여수,남해,34.7472,127.7654,34.6250,127.8750,2020-01-01,12.0677
여수,남해,34.7472,127.7654,34.6250,127.8750,2020-02-01,10.8210
여수,남해,34.7472,127.7654,34.6250,127.8750,2020-03-01,11.8381
여수,남해,34.7472,127.7654,34.6250,127.8750,2020-04-01,12.5770
여수,남해,34.7472,127.7654,34.6250,127.8750,2020-05-01,15.3526
여수,남해,34.7472,127.7654,34.6250,127.8750,2020-06-01,19.2493
여수,남해,34.7472,127.7654,34.6250,127.8750,2020-07-01,20.4532
여수,남해,34.7472,127.7654,34.6250,127.8750,2020-08-01,24.7523
여수,남해,34.7472,127.7654,34.6250,127.8750,2020-09-01,23.7363
여수,남해,34.7472,127.7654,34.6250,127.8750,2020-10-01,20.9061
여수,남해,34.7472,127.7654,34.6250,127.8750,2020-11-01,16.2830
여수,남해,34.7472,127.7654,34.6250,127.8750,2020-12-01,12.4687
여수,남해,34.7472,127.7654,34.6250,127.8750,2021-01-01,11.3468
여수,남해,34.7472,127.7654,34.6250,127.8750,2021-02-01,11.0125
여수,남해,34.7472,127.7654,34.6250,127.8750,2021-03-01,11.7361
여수,남해,34.7472,127.7654,34.6250,127.8750,2021-04-01,13.6607
여수,남해,34.7472,127.7654,34.6250,127.8750,2021-05-01,16.0790
여수,남해,34.7472,127.7654,34.6250,127.8750,2021-06-01,20.5270
여수,남해,34.7472,127.7654,34.6250,127.8750,2021-07-01,25.2174
여수,남해,34.7472,127.7654,34.6250,127.8750,2021-08-01,26.9139
여수,남해,34.7472,127.7654,34.6250,127.8750,2021-09-01,24.1923
여수,남해,34.7472,127.7654,34.6250,127.8750,2021-10-01,22.7019
여수,남해,34.7472,127.7654,34.6250,127.8750,2021-11-01,17.1253
여수,남해,34.7472,127.7654,34.6250,127.8750,2021-12-01,12.8639
여수,남해,34.7472,127.7654,34.6250,127.8750,2022-01-01,10.3045
여수,남해,34.7472,127.7654,34.6250,127.8750,2022-02-01,8.9075
여수,남해,34.7472,127.7654,34.6250,127.8750,2022-03-01,10.1352
여수,남해,34.7472,127.7654,34.6250,127.8750,2022-04-01,13.3370
여수,남해,34.7472,127.7654,34.6250,127.8750,2022-05-01,17.1558
여수,남해,34.7472,127.7654,34.6250,127.8750,2022-06-01,20.1647
여수,남해,34.7472,127.7654,34.6250,127.8750,2022-07-01,24.7510
여수,남해,34.7472,127.7654,34.6250,127.8750,2022-08-01,26.0265
여수,남해,34.7472,127.7654,34.6250,127.8750,2022-09-01,24.4937
여수,남해,34.7472,127.7654,34.6250,127.8750,2022-10-01,20.8877
여수,남해,34.7472,127.7654,34.6250,127.8750,2022-11-01,16.8587
여수,남해,34.7472,127.7654,34.6250,127.8750,2022-12-01,13.4352
여수,남해,34.7472,127.7654,34.6250,127.8750,2023-01-01,9.8132
여수,남해,34.7472,127.7654,34.6250,127.8750,2023-02-01,9.9157
여수,남해,34.7472,127.7654,34.6250,127.8750,2023-03-01,11.7658
여수,남해,34.7472,127.7654,34.6250,127.8750,2023-04-01,14.4620
여수,남해,34.7472,127.7654,34.6250,127.8750,2023-05-01,17.0071
여수,남해,34.7472,127.7654,34.6250,127.8750,2023-06-01,21.2993
여수,남해,34.7472,127.7654,34.6250,127.8750,2023-07-01,23.3787
여수,남해,34.7472,127.7654,34.6250,127.8750,2023-08-01,27.6268
여수,남해,34.7472,127.7654,34.6250,127.8750,2023-09-01,26.5800
여수,남해,34.7472,127.7654,34.6250,127.8750,2023-10-01,21.3165
여수,남해,34.7472,127.7654,34.6250,127.8750,2023-11-01,16.5337
여수,남해,34.7472,127.7654,34.6250,127.8750,2023-12-01,12.9594
여수,남해,34.7472,127.7654,34.6250,127.8750,2024-01-01,10.6461
여수,남해,34.7472,127.7654,34.6250,127.8750,2024-02-01,10.1466
여수,남해,34.7472,127.7654,34.6250,127.8750,2024-03-01,11.4784
여수,남해,34.7472,127.7654,34.6250,127.8750,2024-04-01,15.0330
여수,남해,34.7472,127.7654,34.6250,127.8750,2024-05-01,18.3348
여수,남해,34.7472,127.7654,34.6250,127.8750,2024-06-01,21.6513
여수,남해,34.7472,127.7654,34.6250,127.8750,2024-07-01,23.0197
여수,남해,34.7472,127.7654,34.6250,127.8750,2024-08-01,28.2226
여수,남해,34.7472,127.7654,34.6250,127.8750,2024-09-01,28.5127
여수,남해,34.7472,127.7654,34.6250,127.8750,2024-10-01,23.4103
여수,남해,34.7472,127.7654,34.6250,127.8750,2024-11-01,18.4810
여수,남해,34.7472,127.7654,34.6250,127.8750,2024-12-01,12.9358
여수,남해,34.7472,127.7654,34.6250,127.8750,2025-01-01,9.4603
여수,남해,34.7472,127.7654,34.6250,127.8750,2025-02-01,8.0796
여수,남해,34.7472,127.7654,34.6250,127.8750,2025-03-01,9.2216
여수,남해,34.7472,127.7654,34.6250,127.8750,2025-04-01,12.0797
여수,남해,34.7472,127.7654,34.6250,127.8750,2025-05-01,15.9077
여수,남해,34.7472,127.7654,34.6250,127.8750,2025-06-01,20.2607
여수,남해,34.7472,127.7654,34.6250,127.8750,2025-07-01,25.4855
여수,남해,34.7472,127.7654,34.6250,127.8750,2025-08-01,27.4332
여수,남해,34.7472,127.7654,34.6250,127.8750,2025-09-01,25.5493
여수,남해,34.7472,127.7654,34.6250,127.8750,2025-10-01,23.1303
여수,남해,34.7472,127.7654,34.6250,127.8750,2025-11-01,18.0050
여수,남해,34.7472,127.7654,34.6250,127.8750,2025-12-01,13.5206
여수,남해,34.7472,127.7654,34.6250,127.8750,2026-01-01,10.8052
여수,남해,34.7472,127.7654,34.6250,127.8750,2026-02-01,10.5836
여수,남해,34.7472,127.7654,34.6250,127.8750,2026-03-01,12.0974
여수,남해,34.7472,127.7654,34.6250,127.8750,2026-04-01,14.2100
거제도,남해,34.8094,128.6997,34.8750,128.8750,1981-09-01,23.8360
거제도,남해,34.8094,128.6997,34.8750,128.8750,1981-10-01,22.4439
거제도,남해,34.8094,128.6997,34.8750,128.8750,1981-11-01,18.5513
거제도,남해,34.8094,128.6997,34.8750,128.8750,1981-12-01,16.6287
거제도,남해,34.8094,128.6997,34.8750,128.8750,1982-01-01,14.5768
거제도,남해,34.8094,128.6997,34.8750,128.8750,1982-02-01,12.6625
거제도,남해,34.8094,128.6997,34.8750,128.8750,1982-03-01,13.7606
거제도,남해,34.8094,128.6997,34.8750,128.8750,1982-04-01,14.4287
거제도,남해,34.8094,128.6997,34.8750,128.8750,1982-05-01,17.2242
거제도,남해,34.8094,128.6997,34.8750,128.8750,1982-06-01,20.5193
거제도,남해,34.8094,128.6997,34.8750,128.8750,1982-07-01,23.0439
거제도,남해,34.8094,128.6997,34.8750,128.8750,1982-08-01,26.0048
거제도,남해,34.8094,128.6997,34.8750,128.8750,1982-09-01,24.1503
거제도,남해,34.8094,128.6997,34.8750,128.8750,1982-10-01,21.4884
거제도,남해,34.8094,128.6997,34.8750,128.8750,1982-11-01,18.1200
거제도,남해,34.8094,128.6997,34.8750,128.8750,1982-12-01,16.3816
거제도,남해,34.8094,128.6997,34.8750,128.8750,1983-01-01,14.7252
거제도,남해,34.8094,128.6997,34.8750,128.8750,1983-02-01,13.1971
거제도,남해,34.8094,128.6997,34.8750,128.8750,1983-03-01,13.5068
거제도,남해,34.8094,128.6997,34.8750,128.8750,1983-04-01,14.6340
거제도,남해,34.8094,128.6997,34.8750,128.8750,1983-05-01,16.7923
거제도,남해,34.8094,128.6997,34.8750,128.8750,1983-06-01,19.8887
거제도,남해,34.8094,128.6997,34.8750,128.8750,1983-07-01,23.0497
거제도,남해,34.8094,128.6997,34.8750,128.8750,1983-08-01,25.7671
거제도,남해,34.8094,128.6997,34.8750,128.8750,1983-09-01,25.0810
거제도,남해,34.8094,128.6997,34.8750,128.8750,1983-10-01,22.4187
거제도,남해,34.8094,128.6997,34.8750,128.8750,1983-11-01,18.1033
거제도,남해,34.8094,128.6997,34.8750,128.8750,1983-12-01,15.9913
거제도,남해,34.8094,128.6997,34.8750,128.8750,1984-01-01,13.5874
거제도,남해,34.8094,128.6997,34.8750,128.8750,1984-02-01,12.4466
거제도,남해,34.8094,128.6997,34.8750,128.8750,1984-03-01,11.8813
거제도,남해,34.8094,128.6997,34.8750,128.8750,1984-04-01,12.9867
거제도,남해,34.8094,128.6997,34.8750,128.8750,1984-05-01,15.2406
거제도,남해,34.8094,128.6997,34.8750,128.8750,1984-06-01,19.5500
거제도,남해,34.8094,128.6997,34.8750,128.8750,1984-07-01,22.7368
거제도,남해,34.8094,128.6997,34.8750,128.8750,1984-08-01,27.2955
거제도,남해,34.8094,128.6997,34.8750,128.8750,1984-09-01,24.4390
거제도,남해,34.8094,128.6997,34.8750,128.8750,1984-10-01,20.7887
거제도,남해,34.8094,128.6997,34.8750,128.8750,1984-11-01,17.2347
거제도,남해,34.8094,128.6997,34.8750,128.8750,1984-12-01,16.4000
거제도,남해,34.8094,128.6997,34.8750,128.8750,1985-01-01,13.7635
거제도,남해,34.8094,128.6997,34.8750,128.8750,1985-02-01,13.3064
거제도,남해,34.8094,128.6997,34.8750,128.8750,1985-03-01,12.7584
거제도,남해,34.8094,128.6997,34.8750,128.8750,1985-04-01,14.1707
거제도,남해,34.8094,128.6997,34.8750,128.8750,1985-05-01,16.9603
거제도,남해,34.8094,128.6997,34.8750,128.8750,1985-06-01,19.8453
거제도,남해,34.8094,128.6997,34.8750,128.8750,1985-07-01,23.6142
거제도,남해,34.8094,128.6997,34.8750,128.8750,1985-08-01,26.4719
거제도,남해,34.8094,128.6997,34.8750,128.8750,1985-09-01,25.4913
거제도,남해,34.8094,128.6997,34.8750,128.8750,1985-10-01,21.6710
거제도,남해,34.8094,128.6997,34.8750,128.8750,1985-11-01,17.8317
거제도,남해,34.8094,128.6997,34.8750,128.8750,1985-12-01,15.2110
거제도,남해,34.8094,128.6997,34.8750,128.8750,1986-01-01,13.9600
거제도,남해,34.8094,128.6997,34.8750,128.8750,1986-02-01,12.3746
거제도,남해,34.8094,128.6997,34.8750,128.8750,1986-03-01,12.1429
거제도,남해,34.8094,128.6997,34.8750,128.8750,1986-04-01,14.0267
거제도,남해,34.8094,128.6997,34.8750,128.8750,1986-05-01,16.0119
거제도,남해,34.8094,128.6997,34.8750,128.8750,1986-06-01,18.4697
거제도,남해,34.8094,128.6997,34.8750,128.8750,1986-07-01,22.1084
거제도,남해,34.8094,128.6997,34.8750,128.8750,1986-08-01,26.2661
거제도,남해,34.8094,128.6997,34.8750,128.8750,1986-09-01,23.1033
거제도,남해,34.8094,128.6997,34.8750,128.8750,1986-10-01,19.7394
거제도,남해,34.8094,128.6997,34.8750,128.8750,1986-11-01,18.5217
거제도,남해,34.8094,128.6997,34.8750,128.8750,1986-12-01,16.6445
거제도,남해,34.8094,128.6997,34.8750,128.8750,1987-01-01,15.1194
거제도,남해,34.8094,128.6997,34.8750,128.8750,1987-02-01,13.7814
거제도,남해,34.8094,128.6997,34.8750,128.8750,1987-03-01,13.5381
거제도,남해,34.8094,128.6997,34.8750,128.8750,1987-04-01,14.2207
거제도,남해,34.8094,128.6997,34.8750,128.8750,1987-05-01,16.2806
거제도,남해,34.8094,128.6997,34.8750,128.8750,1987-06-01,19.3347
거제도,남해,34.8094,128.6997,34.8750,128.8750,1987-07-01,22.6077
거제도,남해,34.8094,128.6997,34.8750,128.8750,1987-08-01,24.4829
거제도,남해,34.8094,128.6997,34.8750,128.8750,1987-09-01,23.3787
거제도,남해,34.8094,128.6997,34.8750,128.8750,1987-10-01,21.2839
거제도,남해,34.8094,128.6997,34.8750,128.8750,1987-11-01,17.8890
거제도,남해,34.8094,128.6997,34.8750,128.8750,1987-12-01,15.7113
거제도,남해,34.8094,128.6997,34.8750,128.8750,1988-01-01,15.1842
거제도,남해,34.8094,128.6997,34.8750,128.8750,1988-02-01,13.6086
거제도,남해,34.8094,128.6997,34.8750,128.8750,1988-03-01,13.3855
거제도,남해,34.8094,128.6997,34.8750,128.8750,1988-04-01,14.2187
거제도,남해,34.8094,128.6997,34.8750,128.8750,1988-05-01,16.6719
거제도,남해,34.8094,128.6997,34.8750,128.8750,1988-06-01,20.0153
거제도,남해,34.8094,128.6997,34.8750,128.8750,1988-07-01,24.4771
거제도,남해,34.8094,128.6997,34.8750,128.8750,1988-08-01,26.5939
거제도,남해,34.8094,128.6997,34.8750,128.8750,1988-09-01,25.2690
거제도,남해,34.8094,128.6997,34.8750,128.8750,1988-10-01,22.2252
거제도,남해,34.8094,128.6997,34.8750,128.8750,1988-11-01,18.7453
거제도,남해,34.8094,128.6997,34.8750,128.8750,1988-12-01,16.0639
거제도,남해,34.8094,128.6997,34.8750,128.8750,1989-01-01,14.8584
거제도,남해,34.8094,128.6997,34.8750,128.8750,1989-02-01,13.7371
거제도,남해,34.8094,128.6997,34.8750,128.8750,1989-03-01,13.6039
거제도,남해,34.8094,128.6997,34.8750,128.8750,1989-04-01,14.5210
거제도,남해,34.8094,128.6997,34.8750,128.8750,1989-05-01,16.6013
거제도,남해,34.8094,128.6997,34.8750,128.8750,1989-06-01,18.6290
거제도,남해,34.8094,128.6997,34.8750,128.8750,1989-07-01,23.2329
거제도,남해,34.8094,128.6997,34.8750,128.8750,1989-08-01,24.9810
거제도,남해,34.8094,128.6997,34.8750,128.8750,1989-09-01,25.0160
거제도,남해,34.8094,128.6997,34.8750,128.8750,1989-10-01,21.9671
거제도,남해,34.8094,128.6997,34.8750,128.8750,1989-11-01,18.4743
거제도,남해,34.8094,128.6997,34.8750,128.8750,1989-12-01,16.5868
거제도,남해,34.8094,128.6997,34.8750,128.8750,1990-01-01,14.6455
거제도,남해,34.8094,128.6997,34.8750,128.8750,1990-02-01,14.0361
거제도,남해,34.8094,128.6997,34.8750,128.8750,1990-03-01,14.2661
거제도,남해,34.8094,128.6997,34.8750,128.8750,1990-04-01,14.3983
거제도,남해,34.8094,128.6997,34.8750,128.8750,1990-05-01,16.7781
거제도,남해,34.8094,128.6997,34.8750,128.8750,1990-06-01,19.5210
거제도,남해,34.8094,128.6997,34.8750,128.8750,1990-07-01,23.8248
거제도,남해,34.8094,128.6997,34.8750,128.8750,1990-08-01,27.7239
거제도,남해,34.8094,128.6997,34.8750,128.8750,1990-09-01,25.2910
거제도,남해,34.8094,128.6997,34.8750,128.8750,1990-10-01,22.2374
거제도,남해,34.8094,128.6997,34.8750,128.8750,1990-11-01,19.9590
거제도,남해,34.8094,128.6997,34.8750,128.8750,1990-12-01,16.8674
거제도,남해,34.8094,128.6997,34.8750,128.8750,1991-01-01,14.3165
거제도,남해,34.8094,128.6997,34.8750,128.8750,1991-02-01,13.0075
거제도,남해,34.8094,128.6997,34.8750,128.8750,1991-03-01,13.6835
거제도,남해,34.8094,128.6997,34.8750,128.8750,1991-04-01,14.7907
거제도,남해,34.8094,128.6997,34.8750,128.8750,1991-05-01,15.7319
거제도,남해,34.8094,128.6997,34.8750,128.8750,1991-06-01,18.9443
거제도,남해,34.8094,128.6997,34.8750,128.8750,1991-07-01,21.8939
거제도,남해,34.8094,128.6997,34.8750,128.8750,1991-08-01,24.3845
거제도,남해,34.8094,128.6997,34.8750,128.8750,1991-09-01,24.5917
거제도,남해,34.8094,128.6997,34.8750,128.8750,1991-10-01,21.1461
거제도,남해,34.8094,128.6997,34.8750,128.8750,1991-11-01,17.9403
거제도,남해,34.8094,128.6997,34.8750,128.8750,1991-12-01,17.0813
거제도,남해,34.8094,128.6997,34.8750,128.8750,1992-01-01,15.2048
거제도,남해,34.8094,128.6997,34.8750,128.8750,1992-02-01,13.6797
거제도,남해,34.8094,128.6997,34.8750,128.8750,1992-03-01,13.7990
거제도,남해,34.8094,128.6997,34.8750,128.8750,1992-04-01,15.0907
거제도,남해,34.8094,128.6997,34.8750,128.8750,1992-05-01,16.4197
거제도,남해,34.8094,128.6997,34.8750,128.8750,1992-06-01,19.4943
거제도,남해,34.8094,128.6997,34.8750,128.8750,1992-07-01,22.9065
거제도,남해,34.8094,128.6997,34.8750,128.8750,1992-08-01,25.5945
거제도,남해,34.8094,128.6997,34.8750,128.8750,1992-09-01,25.4490
거제도,남해,34.8094,128.6997,34.8750,128.8750,1992-10-01,21.0219
거제도,남해,34.8094,128.6997,34.8750,128.8750,1992-11-01,18.7697
거제도,남해,34.8094,128.6997,34.8750,128.8750,1992-12-01,16.7887
거제도,남해,34.8094,128.6997,34.8750,128.8750,1993-01-01,14.9058
거제도,남해,34.8094,128.6997,34.8750,128.8750,1993-02-01,13.3439
거제도,남해,34.8094,128.6997,34.8750,128.8750,1993-03-01,13.4403
거제도,남해,34.8094,128.6997,34.8750,128.8750,1993-04-01,14.5043
거제도,남해,34.8094,128.6997,34.8750,128.8750,1993-05-01,16.5126
거제도,남해,34.8094,128.6997,34.8750,128.8750,1993-06-01,18.9013
거제도,남해,34.8094,128.6997,34.8750,128.8750,1993-07-01,20.9713
거제도,남해,34.8094,128.6997,34.8750,128.8750,1993-08-01,24.1623
거제도,남해,34.8094,128.6997,34.8750,128.8750,1993-09-01,23.8970
거제도,남해,34.8094,128.6997,34.8750,128.8750,1993-10-01,20.8861
거제도,남해,34.8094,128.6997,34.8750,128.8750,1993-11-01,19.4013
거제도,남해,34.8094,128.6997,34.8750,128.8750,1993-12-01,17.3552
거제도,남해,34.8094,128.6997,34.8750,128.8750,1994-01-01,15.0100
거제도,남해,34.8094,128.6997,34.8750,128.8750,1994-02-01,13.3389
거제도,남해,34.8094,128.6997,34.8750,128.8750,1994-03-01,13.0681
거제도,남해,34.8094,128.6997,34.8750,128.8750,1994-04-01,14.5903
거제도,남해,34.8094,128.6997,34.8750,128.8750,1994-05-01,15.8329
거제도,남해,34.8094,128.6997,34.8750,128.8750,1994-06-01,19.6190
거제도,남해,34.8094,128.6997,34.8750,128.8750,1994-07-01,25.6316
거제도,남해,34.8094,128.6997,34.8750,128.8750,1994-08-01,27.0810
거제도,남해,34.8094,128.6997,34.8750,128.8750,1994-09-01,24.4903
거제도,남해,34.8094,128.6997,34.8750,128.8750,1994-10-01,20.9384
거제도,남해,34.8094,128.6997,34.8750,128.8750,1994-11-01,19.3410
거제도,남해,34.8094,128.6997,34.8750,128.8750,1994-12-01,17.3419
거제도,남해,34.8094,128.6997,34.8750,128.8750,1995-01-01,15.5526
거제도,남해,34.8094,128.6997,34.8750,128.8750,1995-02-01,14.0039
거제도,남해,34.8094,128.6997,34.8750,128.8750,1995-03-01,13.7977
거제도,남해,34.8094,128.6997,34.8750,128.8750,1995-04-01,14.3727
거제도,남해,34.8094,128.6997,34.8750,128.8750,1995-05-01,16.3968
거제도,남해,34.8094,128.6997,34.8750,128.8750,1995-06-01,19.2763
거제도,남해,34.8094,128.6997,34.8750,128.8750,1995-07-01,22.6710
거제도,남해,34.8094,128.6997,34.8750,128.8750,1995-08-01,26.4303
거제도,남해,34.8094,128.6997,34.8750,128.8750,1995-09-01,24.1377
거제도,남해,34.8094,128.6997,34.8750,128.8750,1995-10-01,22.2026
거제도,남해,34.8094,128.6997,34.8750,128.8750,1995-11-01,19.5843
거제도,남해,34.8094,128.6997,34.8750,128.8750,1995-12-01,16.1674
거제도,남해,34.8094,128.6997,34.8750,128.8750,1996-01-01,13.9948
거제도,남해,34.8094,128.6997,34.8750,128.8750,1996-02-01,12.6021
거제도,남해,34.8094,128.6997,34.8750,128.8750,1996-03-01,13.0300
거제도,남해,34.8094,128.6997,34.8750,128.8750,1996-04-01,13.1007
거제도,남해,34.8094,128.6997,34.8750,128.8750,1996-05-01,15.5694
거제도,남해,34.8094,128.6997,34.8750,128.8750,1996-06-01,19.6357
거제도,남해,34.8094,128.6997,34.8750,128.8750,1996-07-01,22.1703
거제도,남해,34.8094,128.6997,34.8750,128.8750,1996-08-01,26.8984
거제도,남해,34.8094,128.6997,34.8750,128.8750,1996-09-01,24.9803
거제도,남해,34.8094,128.6997,34.8750,128.8750,1996-10-01,20.8323
거제도,남해,34.8094,128.6997,34.8750,128.8750,1996-11-01,19.7680
거제도,남해,34.8094,128.6997,34.8750,128.8750,1996-12-01,17.5555
거제도,남해,34.8094,128.6997,34.8750,128.8750,1997-01-01,15.2919
거제도,남해,34.8094,128.6997,34.8750,128.8750,1997-02-01,13.7457
거제도,남해,34.8094,128.6997,34.8750,128.8750,1997-03-01,14.0577
거제도,남해,34.8094,128.6997,34.8750,128.8750,1997-04-01,14.6870
거제도,남해,34.8094,128.6997,34.8750,128.8750,1997-05-01,16.1955
거제도,남해,34.8094,128.6997,34.8750,128.8750,1997-06-01,20.5197
거제도,남해,34.8094,128.6997,34.8750,128.8750,1997-07-01,24.1823
거제도,남해,34.8094,128.6997,34.8750,128.8750,1997-08-01,25.3674
거제도,남해,34.8094,128.6997,34.8750,128.8750,1997-09-01,24.2793
거제도,남해,34.8094,128.6997,34.8750,128.8750,1997-10-01,20.9274
거제도,남해,34.8094,128.6997,34.8750,128.8750,1997-11-01,19.2857
거제도,남해,34.8094,128.6997,34.8750,128.8750,1997-12-01,17.5152
거제도,남해,34.8094,128.6997,34.8750,128.8750,1998-01-01,15.3123
거제도,남해,34.8094,128.6997,34.8750,128.8750,1998-02-01,13.2168
거제도,남해,34.8094,128.6997,34.8750,128.8750,1998-03-01,13.4916
거제도,남해,34.8094,128.6997,34.8750,128.8750,1998-04-01,15.8990
거제도,남해,34.8094,128.6997,34.8750,128.8750,1998-05-01,18.1116
거제도,남해,34.8094,128.6997,34.8750,128.8750,1998-06-01,20.7683
거제도,남해,34.8094,128.6997,34.8750,128.8750,1998-07-01,24.2671
거제도,남해,34.8094,128.6997,34.8750,128.8750,1998-08-01,27.5723
거제도,남해,34.8094,128.6997,34.8750,128.8750,1998-09-01,25.9437
거제도,남해,34.8094,128.6997,34.8750,128.8750,1998-10-01,22.6606
거제도,남해,34.8094,128.6997,34.8750,128.8750,1998-11-01,19.6080
거제도,남해,34.8094,128.6997,34.8750,128.8750,1998-12-01,17.5190
거제도,남해,34.8094,128.6997,34.8750,128.8750,1999-01-01,15.2126
거제도,남해,34.8094,128.6997,34.8750,128.8750,1999-02-01,13.8357
거제도,남해,34.8094,128.6997,34.8750,128.8750,1999-03-01,13.6732
거제도,남해,34.8094,128.6997,34.8750,128.8750,1999-04-01,14.7540
거제도,남해,34.8094,128.6997,34.8750,128.8750,1999-05-01,16.6471
거제도,남해,34.8094,128.6997,34.8750,128.8750,1999-06-01,20.6993
거제도,남해,34.8094,128.6997,34.8750,128.8750,1999-07-01,22.4813
거제도,남해,34.8094,128.6997,34.8750,128.8750,1999-08-01,24.0939
거제도,남해,34.8094,128.6997,34.8750,128.8750,1999-09-01,24.4710
거제도,남해,34.8094,128.6997,34.8750,128.8750,1999-10-01,22.4500
거제도,남해,34.8094,128.6997,34.8750,128.8750,1999-11-01,19.4580
거제도,남해,34.8094,128.6997,34.8750,128.8750,1999-12-01,17.0187
거제도,남해,34.8094,128.6997,34.8750,128.8750,2000-01-01,15.4487
거제도,남해,34.8094,128.6997,34.8750,128.8750,2000-02-01,13.6583
거제도,남해,34.8094,128.6997,34.8750,128.8750,2000-03-01,13.2223
거제도,남해,34.8094,128.6997,34.8750,128.8750,2000-04-01,13.6053
거제도,남해,34.8094,128.6997,34.8750,128.8750,2000-05-01,15.3213
거제도,남해,34.8094,128.6997,34.8750,128.8750,2000-06-01,19.2203
거제도,남해,34.8094,128.6997,34.8750,128.8750,2000-07-01,23.6365
거제도,남해,34.8094,128.6997,34.8750,128.8750,2000-08-01,26.9839
거제도,남해,34.8094,128.6997,34.8750,128.8750,2000-09-01,24.4300
거제도,남해,34.8094,128.6997,34.8750,128.8750,2000-10-01,22.5255
거제도,남해,34.8094,128.6997,34.8750,128.8750,2000-11-01,19.6767
거제도,남해,34.8094,128.6997,34.8750,128.8750,2000-12-01,17.2665
거제도,남해,34.8094,128.6997,34.8750,128.8750,2001-01-01,15.4555
거제도,남해,34.8094,128.6997,34.8750,128.8750,2001-02-01,14.3064
거제도,남해,34.8094,128.6997,34.8750,128.8750,2001-03-01,14.0445
거제도,남해,34.8094,128.6997,34.8750,128.8750,2001-04-01,15.8620
거제도,남해,34.8094,128.6997,34.8750,128.8750,2001-05-01,17.6677
거제도,남해,34.8094,128.6997,34.8750,128.8750,2001-06-01,19.8700
거제도,남해,34.8094,128.6997,34.8750,128.8750,2001-07-01,24.9245
거제도,남해,34.8094,128.6997,34.8750,128.8750,2001-08-01,27.7397
거제도,남해,34.8094,128.6997,34.8750,128.8750,2001-09-01,24.7307
거제도,남해,34.8094,128.6997,34.8750,128.8750,2001-10-01,22.0465
거제도,남해,34.8094,128.6997,34.8750,128.8750,2001-11-01,19.0113
거제도,남해,34.8094,128.6997,34.8750,128.8750,2001-12-01,16.6306
거제도,남해,34.8094,128.6997,34.8750,128.8750,2002-01-01,13.5245
거제도,남해,34.8094,128.6997,34.8750,128.8750,2002-02-01,13.7139
거제도,남해,34.8094,128.6997,34.8750,128.8750,2002-03-01,13.6377
거제도,남해,34.8094,128.6997,34.8750,128.8750,2002-04-01,14.9037
거제도,남해,34.8094,128.6997,34.8750,128.8750,2002-05-01,16.7361
거제도,남해,34.8094,128.6997,34.8750,128.8750,2002-06-01,20.2253
거제도,남해,34.8094,128.6997,34.8750,128.8750,2002-07-01,22.5997
거제도,남해,34.8094,128.6997,34.8750,128.8750,2002-08-01,24.5506
거제도,남해,34.8094,128.6997,34.8750,128.8750,2002-09-01,23.5393
거제도,남해,34.8094,128.6997,34.8750,128.8750,2002-10-01,21.5100
거제도,남해,34.8094,128.6997,34.8750,128.8750,2002-11-01,18.7753
거제도,남해,34.8094,128.6997,34.8750,128.8750,2002-12-01,16.1258
거제도,남해,34.8094,128.6997,34.8750,128.8750,2003-01-01,13.8203
거제도,남해,34.8094,128.6997,34.8750,128.8750,2003-02-01,13.9482
거제도,남해,34.8094,128.6997,34.8750,128.8750,2003-03-01,13.4768
거제도,남해,34.8094,128.6997,34.8750,128.8750,2003-04-01,13.6493
거제도,남해,34.8094,128.6997,34.8750,128.8750,2003-05-01,17.1839
거제도,남해,34.8094,128.6997,34.8750,128.8750,2003-06-01,20.1777
거제도,남해,34.8094,128.6997,34.8750,128.8750,2003-07-01,21.6639
거제도,남해,34.8094,128.6997,34.8750,128.8750,2003-08-01,25.4745
거제도,남해,34.8094,128.6997,34.8750,128.8750,2003-09-01,24.4950
거제도,남해,34.8094,128.6997,34.8750,128.8750,2003-10-01,21.0416
거제도,남해,34.8094,128.6997,34.8750,128.8750,2003-11-01,19.1243
거제도,남해,34.8094,128.6997,34.8750,128.8750,2003-12-01,16.7948
거제도,남해,34.8094,128.6997,34.8750,128.8750,2004-01-01,14.6603
거제도,남해,34.8094,128.6997,34.8750,128.8750,2004-02-01,13.2231
거제도,남해,34.8094,128.6997,34.8750,128.8750,2004-03-01,13.8626
거제도,남해,34.8094,128.6997,34.8750,128.8750,2004-04-01,14.7117
거제도,남해,34.8094,128.6997,34.8750,128.8750,2004-05-01,16.2761
거제도,남해,34.8094,128.6997,34.8750,128.8750,2004-06-01,20.6733
거제도,남해,34.8094,128.6997,34.8750,128.8750,2004-07-01,24.2826
거제도,남해,34.8094,128.6997,34.8750,128.8750,2004-08-01,26.3839
거제도,남해,34.8094,128.6997,34.8750,128.8750,2004-09-01,24.6263
거제도,남해,34.8094,128.6997,34.8750,128.8750,2004-10-01,20.6790
거제도,남해,34.8094,128.6997,34.8750,128.8750,2004-11-01,18.7613
거제도,남해,34.8094,128.6997,34.8750,128.8750,2004-12-01,17.6897
거제도,남해,34.8094,128.6997,34.8750,128.8750,2005-01-01,15.3126
거제도,남해,34.8094,128.6997,34.8750,128.8750,2005-02-01,13.3136
거제도,남해,34.8094,128.6997,34.8750,128.8750,2005-03-01,12.9461
거제도,남해,34.8094,128.6997,34.8750,128.8750,2005-04-01,14.3863
거제도,남해,34.8094,128.6997,34.8750,128.8750,2005-05-01,16.8161
거제도,남해,34.8094,128.6997,34.8750,128.8750,2005-06-01,20.4010
거제도,남해,34.8094,128.6997,34.8750,128.8750,2005-07-01,23.6923
거제도,남해,34.8094,128.6997,34.8750,128.8750,2005-08-01,26.6142
거제도,남해,34.8094,128.6997,34.8750,128.8750,2005-09-01,25.2017
거제도,남해,34.8094,128.6997,34.8750,128.8750,2005-10-01,22.0965
거제도,남해,34.8094,128.6997,34.8750,128.8750,2005-11-01,20.0747
거제도,남해,34.8094,128.6997,34.8750,128.8750,2005-12-01,16.2265
거제도,남해,34.8094,128.6997,34.8750,128.8750,2006-01-01,14.1494
거제도,남해,34.8094,128.6997,34.8750,128.8750,2006-02-01,13.1057
거제도,남해,34.8094,128.6997,34.8750,128.8750,2006-03-01,12.9632
거제도,남해,34.8094,128.6997,34.8750,128.8750,2006-04-01,13.9863
거제도,남해,34.8094,128.6997,34.8750,128.8750,2006-05-01,15.5777
거제도,남해,34.8094,128.6997,34.8750,128.8750,2006-06-01,18.4433
거제도,남해,34.8094,128.6997,34.8750,128.8750,2006-07-01,21.8990
거제도,남해,34.8094,128.6997,34.8750,128.8750,2006-08-01,27.1555
거제도,남해,34.8094,128.6997,34.8750,128.8750,2006-09-01,24.6877
거제도,남해,34.8094,128.6997,34.8750,128.8750,2006-10-01,21.9461
거제도,남해,34.8094,128.6997,34.8750,128.8750,2006-11-01,19.2453
거제도,남해,34.8094,128.6997,34.8750,128.8750,2006-12-01,17.0274
거제도,남해,34.8094,128.6997,34.8750,128.8750,2007-01-01,14.9661
거제도,남해,34.8094,128.6997,34.8750,128.8750,2007-02-01,14.8446
거제도,남해,34.8094,128.6997,34.8750,128.8750,2007-03-01,14.0029
거제도,남해,34.8094,128.6997,34.8750,128.8750,2007-04-01,14.1173
거제도,남해,34.8094,128.6997,34.8750,128.8750,2007-05-01,16.7477
거제도,남해,34.8094,128.6997,34.8750,128.8750,2007-06-01,20.1967
거제도,남해,34.8094,128.6997,34.8750,128.8750,2007-07-01,22.6845
거제도,남해,34.8094,128.6997,34.8750,128.8750,2007-08-01,26.8468
거제도,남해,34.8094,128.6997,34.8750,128.8750,2007-09-01,25.6390
거제도,남해,34.8094,128.6997,34.8750,128.8750,2007-10-01,22.5971
거제도,남해,34.8094,128.6997,34.8750,128.8750,2007-11-01,19.3077
거제도,남해,34.8094,128.6997,34.8750,128.8750,2007-12-01,16.9726
거제도,남해,34.8094,128.6997,34.8750,128.8750,2008-01-01,14.7632
거제도,남해,34.8094,128.6997,34.8750,128.8750,2008-02-01,13.9866
거제도,남해,34.8094,128.6997,34.8750,128.8750,2008-03-01,13.6019
거제도,남해,34.8094,128.6997,34.8750,128.8750,2008-04-01,14.5557
거제도,남해,34.8094,128.6997,34.8750,128.8750,2008-05-01,16.6068
거제도,남해,34.8094,128.6997,34.8750,128.8750,2008-06-01,20.3480
거제도,남해,34.8094,128.6997,34.8750,128.8750,2008-07-01,24.5665
거제도,남해,34.8094,128.6997,34.8750,128.8750,2008-08-01,26.1635
거제도,남해,34.8094,128.6997,34.8750,128.8750,2008-09-01,25.1133
거제도,남해,34.8094,128.6997,34.8750,128.8750,2008-10-01,22.4529
거제도,남해,34.8094,128.6997,34.8750,128.8750,2008-11-01,18.9563
거제도,남해,34.8094,128.6997,34.8750,128.8750,2008-12-01,16.8890
거제도,남해,34.8094,128.6997,34.8750,128.8750,2009-01-01,15.0297
거제도,남해,34.8094,128.6997,34.8750,128.8750,2009-02-01,14.2904
거제도,남해,34.8094,128.6997,34.8750,128.8750,2009-03-01,14.5155
거제도,남해,34.8094,128.6997,34.8750,128.8750,2009-04-01,14.8693
거제도,남해,34.8094,128.6997,34.8750,128.8750,2009-05-01,16.8148
거제도,남해,34.8094,128.6997,34.8750,128.8750,2009-06-01,19.4977
거제도,남해,34.8094,128.6997,34.8750,128.8750,2009-07-01,22.9868
거제도,남해,34.8094,128.6997,34.8750,128.8750,2009-08-01,24.9600
거제도,남해,34.8094,128.6997,34.8750,128.8750,2009-09-01,23.8440
거제도,남해,34.8094,128.6997,34.8750,128.8750,2009-10-01,21.4671
거제도,남해,34.8094,128.6997,34.8750,128.8750,2009-11-01,18.7250
거제도,남해,34.8094,128.6997,34.8750,128.8750,2009-12-01,16.9029
거제도,남해,34.8094,128.6997,34.8750,128.8750,2010-01-01,14.2990
거제도,남해,34.8094,128.6997,34.8750,128.8750,2010-02-01,13.3511
거제도,남해,34.8094,128.6997,34.8750,128.8750,2010-03-01,12.3152
거제도,남해,34.8094,128.6997,34.8750,128.8750,2010-04-01,13.7227
거제도,남해,34.8094,128.6997,34.8750,128.8750,2010-05-01,17.3616
거제도,남해,34.8094,128.6997,34.8750,128.8750,2010-06-01,21.6207
거제도,남해,34.8094,128.6997,34.8750,128.8750,2010-07-01,24.7252
거제도,남해,34.8094,128.6997,34.8750,128.8750,2010-08-01,27.0971
거제도,남해,34.8094,128.6997,34.8750,128.8750,2010-09-01,25.3050
거제도,남해,34.8094,128.6997,34.8750,128.8750,2010-10-01,22.0277
거제도,남해,34.8094,128.6997,34.8750,128.8750,2010-11-01,19.1817
거제도,남해,34.8094,128.6997,34.8750,128.8750,2010-12-01,17.0952
거제도,남해,34.8094,128.6997,34.8750,128.8750,2011-01-01,14.0132
거제도,남해,34.8094,128.6997,34.8750,128.8750,2011-02-01,12.8839
거제도,남해,34.8094,128.6997,34.8750,128.8750,2011-03-01,12.4558
거제도,남해,34.8094,128.6997,34.8750,128.8750,2011-04-01,13.5703
거제도,남해,34.8094,128.6997,34.8750,128.8750,2011-05-01,15.3626
거제도,남해,34.8094,128.6997,34.8750,128.8750,2011-06-01,19.2853
거제도,남해,34.8094,128.6997,34.8750,128.8750,2011-07-01,23.7242
거제도,남해,34.8094,128.6997,34.8750,128.8750,2011-08-01,25.2142
거제도,남해,34.8094,128.6997,34.8750,128.8750,2011-09-01,24.5873
거제도,남해,34.8094,128.6997,34.8750,128.8750,2011-10-01,21.9832
거제도,남해,34.8094,128.6997,34.8750,128.8750,2011-11-01,19.8553
거제도,남해,34.8094,128.6997,34.8750,128.8750,2011-12-01,17.2384
거제도,남해,34.8094,128.6997,34.8750,128.8750,2012-01-01,14.8952
거제도,남해,34.8094,128.6997,34.8750,128.8750,2012-02-01,13.1569
거제도,남해,34.8094,128.6997,34.8750,128.8750,2012-03-01,13.5606
거제도,남해,34.8094,128.6997,34.8750,128.8750,2012-04-01,14.7503
거제도,남해,34.8094,128.6997,34.8750,128.8750,2012-05-01,17.1987
거제도,남해,34.8094,128.6997,34.8750,128.8750,2012-06-01,20.7017
거제도,남해,34.8094,128.6997,34.8750,128.8750,2012-07-01,23.8787
거제도,남해,34.8094,128.6997,34.8750,128.8750,2012-08-01,27.0352
거제도,남해,34.8094,128.6997,34.8750,128.8750,2012-09-01,23.1010
거제도,남해,34.8094,128.6997,34.8750,128.8750,2012-10-01,20.6619
거제도,남해,34.8094,128.6997,34.8750,128.8750,2012-11-01,17.4563
거제도,남해,34.8094,128.6997,34.8750,128.8750,2012-12-01,15.8071
거제도,남해,34.8094,128.6997,34.8750,128.8750,2013-01-01,14.0439
거제도,남해,34.8094,128.6997,34.8750,128.8750,2013-02-01,12.8746
거제도,남해,34.8094,128.6997,34.8750,128.8750,2013-03-01,13.8687
거제도,남해,34.8094,128.6997,34.8750,128.8750,2013-04-01,14.0800
거제도,남해,34.8094,128.6997,34.8750,128.8750,2013-05-01,16.6552
거제도,남해,34.8094,128.6997,34.8750,128.8750,2013-06-01,20.6483
거제도,남해,34.8094,128.6997,34.8750,128.8750,2013-07-01,24.3358
거제도,남해,34.8094,128.6997,34.8750,128.8750,2013-08-01,27.1487
거제도,남해,34.8094,128.6997,34.8750,128.8750,2013-09-01,25.5640
거제도,남해,34.8094,128.6997,34.8750,128.8750,2013-10-01,22.8748
거제도,남해,34.8094,128.6997,34.8750,128.8750,2013-11-01,19.8677
거제도,남해,34.8094,128.6997,34.8750,128.8750,2013-12-01,16.4084
거제도,남해,34.8094,128.6997,34.8750,128.8750,2014-01-01,14.8800
거제도,남해,34.8094,128.6997,34.8750,128.8750,2014-02-01,14.0911
거제도,남해,34.8094,128.6997,34.8750,128.8750,2014-03-01,13.6161
거제도,남해,34.8094,128.6997,34.8750,128.8750,2014-04-01,15.2560
거제도,남해,34.8094,128.6997,34.8750,128.8750,2014-05-01,16.2832
거제도,남해,34.8094,128.6997,34.8750,128.8750,2014-06-01,19.9877
거제도,남해,34.8094,128.6997,34.8750,128.8750,2014-07-01,22.9306
거제도,남해,34.8094,128.6997,34.8750,128.8750,2014-08-01,24.2661
거제도,남해,34.8094,128.6997,34.8750,128.8750,2014-09-01,24.6070
거제도,남해,34.8094,128.6997,34.8750,128.8750,2014-10-01,22.1339
거제도,남해,34.8094,128.6997,34.8750,128.8750,2014-11-01,18.5253
거제도,남해,34.8094,128.6997,34.8750,128.8750,2014-12-01,15.6174
거제도,남해,34.8094,128.6997,34.8750,128.8750,2015-01-01,14.3668
거제도,남해,34.8094,128.6997,34.8750,128.8750,2015-02-01,13.5675
거제도,남해,34.8094,128.6997,34.8750,128.8750,2015-03-01,13.0023
거제도,남해,34.8094,128.6997,34.8750,128.8750,2015-04-01,13.6470
거제도,남해,34.8094,128.6997,34.8750,128.8750,2015-05-01,15.9055
거제도,남해,34.8094,128.6997,34.8750,128.8750,2015-06-01,19.5080
거제도,남해,34.8094,128.6997,34.8750,128.8750,2015-07-01,21.6471
거제도,남해,34.8094,128.6997,34.8750,128.8750,2015-08-01,25.6610
거제도,남해,34.8094,128.6997,34.8750,128.8750,2015-09-01,23.9963
거제도,남해,34.8094,128.6997,34.8750,128.8750,2015-10-01,20.9458
거제도,남해,34.8094,128.6997,34.8750,128.8750,2015-11-01,18.4693
거제도,남해,34.8094,128.6997,34.8750,128.8750,2015-12-01,16.1394
거제도,남해,34.8094,128.6997,34.8750,128.8750,2016-01-01,14.7190
거제도,남해,34.8094,128.6997,34.8750,128.8750,2016-02-01,13.1972
거제도,남해,34.8094,128.6997,34.8750,128.8750,2016-03-01,13.6310
거제도,남해,34.8094,128.6997,34.8750,128.8750,2016-04-01,14.9123
거제도,남해,34.8094,128.6997,34.8750,128.8750,2016-05-01,16.9897
거제도,남해,34.8094,128.6997,34.8750,128.8750,2016-06-01,20.4777
거제도,남해,34.8094,128.6997,34.8750,128.8750,2016-07-01,23.6784
거제도,남해,34.8094,128.6997,34.8750,128.8750,2016-08-01,28.3961
거제도,남해,34.8094,128.6997,34.8750,128.8750,2016-09-01,24.8350
거제도,남해,34.8094,128.6997,34.8750,128.8750,2016-10-01,22.0145
거제도,남해,34.8094,128.6997,34.8750,128.8750,2016-11-01,20.0543
거제도,남해,34.8094,128.6997,34.8750,128.8750,2016-12-01,16.7123
거제도,남해,34.8094,128.6997,34.8750,128.8750,2017-01-01,15.1523
거제도,남해,34.8094,128.6997,34.8750,128.8750,2017-02-01,14.1668
거제도,남해,34.8094,128.6997,34.8750,128.8750,2017-03-01,14.2784
거제도,남해,34.8094,128.6997,34.8750,128.8750,2017-04-01,15.0283
거제도,남해,34.8094,128.6997,34.8750,128.8750,2017-05-01,16.7832
거제도,남해,34.8094,128.6997,34.8750,128.8750,2017-06-01,19.7250
거제도,남해,34.8094,128.6997,34.8750,128.8750,2017-07-01,23.4023
거제도,남해,34.8094,128.6997,34.8750,128.8750,2017-08-01,27.8742
거제도,남해,34.8094,128.6997,34.8750,128.8750,2017-09-01,25.0607
거제도,남해,34.8094,128.6997,34.8750,128.8750,2017-10-01,22.3529
거제도,남해,34.8094,128.6997,34.8750,128.8750,2017-11-01,19.2920
거제도,남해,34.8094,128.6997,34.8750,128.8750,2017-12-01,16.2410
거제도,남해,34.8094,128.6997,34.8750,128.8750,2018-01-01,13.9081
거제도,남해,34.8094,128.6997,34.8750,128.8750,2018-02-01,13.2086
거제도,남해,34.8094,128.6997,34.8750,128.8750,2018-03-01,13.2774
거제도,남해,34.8094,128.6997,34.8750,128.8750,2018-04-01,14.3917
거제도,남해,34.8094,128.6997,34.8750,128.8750,2018-05-01,16.5229
거제도,남해,34.8094,128.6997,34.8750,128.8750,2018-06-01,20.3603
거제도,남해,34.8094,128.6997,34.8750,128.8750,2018-07-01,25.1239
거제도,남해,34.8094,128.6997,34.8750,128.8750,2018-08-01,27.3897
거제도,남해,34.8094,128.6997,34.8750,128.8750,2018-09-01,23.9810
거제도,남해,34.8094,128.6997,34.8750,128.8750,2018-10-01,21.0316
거제도,남해,34.8094,128.6997,34.8750,128.8750,2018-11-01,18.7653
거제도,남해,34.8094,128.6997,34.8750,128.8750,2018-12-01,16.9145
거제도,남해,34.8094,128.6997,34.8750,128.8750,2019-01-01,15.2613
거제도,남해,34.8094,128.6997,34.8750,128.8750,2019-02-01,15.1425
거제도,남해,34.8094,128.6997,34.8750,128.8750,2019-03-01,14.6997
거제도,남해,34.8094,128.6997,34.8750,128.8750,2019-04-01,15.1747
거제도,남해,34.8094,128.6997,34.8750,128.8750,2019-05-01,17.3148
거제도,남해,34.8094,128.6997,34.8750,128.8750,2019-06-01,20.4023
거제도,남해,34.8094,128.6997,34.8750,128.8750,2019-07-01,22.7535
거제도,남해,34.8094,128.6997,34.8750,128.8750,2019-08-01,26.4881
거제도,남해,34.8094,128.6997,34.8750,128.8750,2019-09-01,24.0307
거제도,남해,34.8094,128.6997,34.8750,128.8750,2019-10-01,22.0503
거제도,남해,34.8094,128.6997,34.8750,128.8750,2019-11-01,18.8287
거제도,남해,34.8094,128.6997,34.8750,128.8750,2019-12-01,16.6448
거제도,남해,34.8094,128.6997,34.8750,128.8750,2020-01-01,15.2613
거제도,남해,34.8094,128.6997,34.8750,128.8750,2020-02-01,14.1362
거제도,남해,34.8094,128.6997,34.8750,128.8750,2020-03-01,14.4455
거제도,남해,34.8094,128.6997,34.8750,128.8750,2020-04-01,14.7730
거제도,남해,34.8094,128.6997,34.8750,128.8750,2020-05-01,16.2845
거제도,남해,34.8094,128.6997,34.8750,128.8750,2020-06-01,20.0107
거제도,남해,34.8094,128.6997,34.8750,128.8750,2020-07-01,21.4787
거제도,남해,34.8094,128.6997,34.8750,128.8750,2020-08-01,25.4784
거제도,남해,34.8094,128.6997,34.8750,128.8750,2020-09-01,24.3323
거제도,남해,34.8094,128.6997,34.8750,128.8750,2020-10-01,21.3529
거제도,남해,34.8094,128.6997,34.8750,128.8750,2020-11-01,18.7660
거제도,남해,34.8094,128.6997,34.8750,128.8750,2020-12-01,16.2387
거제도,남해,34.8094,128.6997,34.8750,128.8750,2021-01-01,14.4700
거제도,남해,34.8094,128.6997,34.8750,128.8750,2021-02-01,14.6571
거제도,남해,34.8094,128.6997,34.8750,128.8750,2021-03-01,14.4348
거제도,남해,34.8094,128.6997,34.8750,128.8750,2021-04-01,15.7733
거제도,남해,34.8094,128.6997,34.8750,128.8750,2021-05-01,16.6461
거제도,남해,34.8094,128.6997,34.8750,128.8750,2021-06-01,21.0413
거제도,남해,34.8094,128.6997,34.8750,128.8750,2021-07-01,25.5600
거제도,남해,34.8094,128.6997,34.8750,128.8750,2021-08-01,26.9503
거제도,남해,34.8094,128.6997,34.8750,128.8750,2021-09-01,24.9183
거제도,남해,34.8094,128.6997,34.8750,128.8750,2021-10-01,23.9181
거제도,남해,34.8094,128.6997,34.8750,128.8750,2021-11-01,18.8203
거제도,남해,34.8094,128.6997,34.8750,128.8750,2021-12-01,16.3923
거제도,남해,34.8094,128.6997,34.8750,128.8750,2022-01-01,14.6806
거제도,남해,34.8094,128.6997,34.8750,128.8750,2022-02-01,12.6300
거제도,남해,34.8094,128.6997,34.8750,128.8750,2022-03-01,13.3997
거제도,남해,34.8094,128.6997,34.8750,128.8750,2022-04-01,14.8967
거제도,남해,34.8094,128.6997,34.8750,128.8750,2022-05-01,17.0513
거제도,남해,34.8094,128.6997,34.8750,128.8750,2022-06-01,20.0930
거제도,남해,34.8094,128.6997,34.8750,128.8750,2022-07-01,24.7384
거제도,남해,34.8094,128.6997,34.8750,128.8750,2022-08-01,26.2684
거제도,남해,34.8094,128.6997,34.8750,128.8750,2022-09-01,25.2530
거제도,남해,34.8094,128.6997,34.8750,128.8750,2022-10-01,22.2410
거제도,남해,34.8094,128.6997,34.8750,128.8750,2022-11-01,19.6043
거제도,남해,34.8094,128.6997,34.8750,128.8750,2022-12-01,16.8255
거제도,남해,34.8094,128.6997,34.8750,128.8750,2023-01-01,14.1526
거제도,남해,34.8094,128.6997,34.8750,128.8750,2023-02-01,13.5889
거제도,남해,34.8094,128.6997,34.8750,128.8750,2023-03-01,14.9381
거제도,남해,34.8094,128.6997,34.8750,128.8750,2023-04-01,15.8300
거제도,남해,34.8094,128.6997,34.8750,128.8750,2023-05-01,17.0758
거제도,남해,34.8094,128.6997,34.8750,128.8750,2023-06-01,20.9060
거제도,남해,34.8094,128.6997,34.8750,128.8750,2023-07-01,23.4152
거제도,남해,34.8094,128.6997,34.8750,128.8750,2023-08-01,27.5803
거제도,남해,34.8094,128.6997,34.8750,128.8750,2023-09-01,26.3297
거제도,남해,34.8094,128.6997,34.8750,128.8750,2023-10-01,21.5274
거제도,남해,34.8094,128.6997,34.8750,128.8750,2023-11-01,18.5487
거제도,남해,34.8094,128.6997,34.8750,128.8750,2023-12-01,16.3342
거제도,남해,34.8094,128.6997,34.8750,128.8750,2024-01-01,14.7168
거제도,남해,34.8094,128.6997,34.8750,128.8750,2024-02-01,13.9893
거제도,남해,34.8094,128.6997,34.8750,128.8750,2024-03-01,13.6748
거제도,남해,34.8094,128.6997,34.8750,128.8750,2024-04-01,15.9750
거제도,남해,34.8094,128.6997,34.8750,128.8750,2024-05-01,17.7913
거제도,남해,34.8094,128.6997,34.8750,128.8750,2024-06-01,20.9493
거제도,남해,34.8094,128.6997,34.8750,128.8750,2024-07-01,22.4932
거제도,남해,34.8094,128.6997,34.8750,128.8750,2024-08-01,28.6400
거제도,남해,34.8094,128.6997,34.8750,128.8750,2024-09-01,28.1243
거제도,남해,34.8094,128.6997,34.8750,128.8750,2024-10-01,23.9090
거제도,남해,34.8094,128.6997,34.8750,128.8750,2024-11-01,20.2450
거제도,남해,34.8094,128.6997,34.8750,128.8750,2024-12-01,15.8719
거제도,남해,34.8094,128.6997,34.8750,128.8750,2025-01-01,13.7806
거제도,남해,34.8094,128.6997,34.8750,128.8750,2025-02-01,12.2543
거제도,남해,34.8094,128.6997,34.8750,128.8750,2025-03-01,12.0945
거제도,남해,34.8094,128.6997,34.8750,128.8750,2025-04-01,13.2530
거제도,남해,34.8094,128.6997,34.8750,128.8750,2025-05-01,15.5919
거제도,남해,34.8094,128.6997,34.8750,128.8750,2025-06-01,19.5027
거제도,남해,34.8094,128.6997,34.8750,128.8750,2025-07-01,25.3623
거제도,남해,34.8094,128.6997,34.8750,128.8750,2025-08-01,27.5152
거제도,남해,34.8094,128.6997,34.8750,128.8750,2025-09-01,26.7037
거제도,남해,34.8094,128.6997,34.8750,128.8750,2025-10-01,24.1977
거제도,남해,34.8094,128.6997,34.8750,128.8750,2025-11-01,20.3150
거제도,남해,34.8094,128.6997,34.8750,128.8750,2025-12-01,17.0348
거제도,남해,34.8094,128.6997,34.8750,128.8750,2026-01-01,15.0116
거제도,남해,34.8094,128.6997,34.8750,128.8750,2026-02-01,14.5425
거제도,남해,34.8094,128.6997,34.8750,128.8750,2026-03-01,14.2835
거제도,남해,34.8094,128.6997,34.8750,128.8750,2026-04-01,15.5040
거문도,남해,34.0286,127.3081,34.1250,127.3750,1981-09-01,22.9423
거문도,남해,34.0286,127.3081,34.1250,127.3750,1981-10-01,18.9206
거문도,남해,34.0286,127.3081,34.1250,127.3750,1981-11-01,15.1520
거문도,남해,34.0286,127.3081,34.1250,127.3750,1981-12-01,14.1716
거문도,남해,34.0286,127.3081,34.1250,127.3750,1982-01-01,12.9548
거문도,남해,34.0286,127.3081,34.1250,127.3750,1982-02-01,12.4789
거문도,남해,34.0286,127.3081,34.1250,127.3750,1982-03-01,12.3861
거문도,남해,34.0286,127.3081,34.1250,127.3750,1982-04-01,13.1747
거문도,남해,34.0286,127.3081,34.1250,127.3750,1982-05-01,16.9242
거문도,남해,34.0286,127.3081,34.1250,127.3750,1982-06-01,20.0000
거문도,남해,34.0286,127.3081,34.1250,127.3750,1982-07-01,22.7345
거문도,남해,34.0286,127.3081,34.1250,127.3750,1982-08-01,24.9455
거문도,남해,34.0286,127.3081,34.1250,127.3750,1982-09-01,23.7410
거문도,남해,34.0286,127.3081,34.1250,127.3750,1982-10-01,20.7839
거문도,남해,34.0286,127.3081,34.1250,127.3750,1982-11-01,15.9037
거문도,남해,34.0286,127.3081,34.1250,127.3750,1982-12-01,14.2348
거문도,남해,34.0286,127.3081,34.1250,127.3750,1983-01-01,12.7197
거문도,남해,34.0286,127.3081,34.1250,127.3750,1983-02-01,11.5979
거문도,남해,34.0286,127.3081,34.1250,127.3750,1983-03-01,12.3765
거문도,남해,34.0286,127.3081,34.1250,127.3750,1983-04-01,14.0357
거문도,남해,34.0286,127.3081,34.1250,127.3750,1983-05-01,16.4084
거문도,남해,34.0286,127.3081,34.1250,127.3750,1983-06-01,19.4033
거문도,남해,34.0286,127.3081,34.1250,127.3750,1983-07-01,22.9255
거문도,남해,34.0286,127.3081,34.1250,127.3750,1983-08-01,25.9768
거문도,남해,34.0286,127.3081,34.1250,127.3750,1983-09-01,24.9537
거문도,남해,34.0286,127.3081,34.1250,127.3750,1983-10-01,21.9400
거문도,남해,34.0286,127.3081,34.1250,127.3750,1983-11-01,15.9167
거문도,남해,34.0286,127.3081,34.1250,127.3750,1983-12-01,12.6568
거문도,남해,34.0286,127.3081,34.1250,127.3750,1984-01-01,11.9935
거문도,남해,34.0286,127.3081,34.1250,127.3750,1984-02-01,12.1679
거문도,남해,34.0286,127.3081,34.1250,127.3750,1984-03-01,10.0313
거문도,남해,34.0286,127.3081,34.1250,127.3750,1984-04-01,11.9827
거문도,남해,34.0286,127.3081,34.1250,127.3750,1984-05-01,15.5342
거문도,남해,34.0286,127.3081,34.1250,127.3750,1984-06-01,19.6310
거문도,남해,34.0286,127.3081,34.1250,127.3750,1984-07-01,23.1555
거문도,남해,34.0286,127.3081,34.1250,127.3750,1984-08-01,26.3474
거문도,남해,34.0286,127.3081,34.1250,127.3750,1984-09-01,23.4467
거문도,남해,34.0286,127.3081,34.1250,127.3750,1984-10-01,20.2077
거문도,남해,34.0286,127.3081,34.1250,127.3750,1984-11-01,15.5643
거문도,남해,34.0286,127.3081,34.1250,127.3750,1984-12-01,13.4245
거문도,남해,34.0286,127.3081,34.1250,127.3750,1985-01-01,13.1126
거문도,남해,34.0286,127.3081,34.1250,127.3750,1985-02-01,14.0621
거문도,남해,34.0286,127.3081,34.1250,127.3750,1985-03-01,12.9577
거문도,남해,34.0286,127.3081,34.1250,127.3750,1985-04-01,14.4523
거문도,남해,34.0286,127.3081,34.1250,127.3750,1985-05-01,16.1874
거문도,남해,34.0286,127.3081,34.1250,127.3750,1985-06-01,19.8233
거문도,남해,34.0286,127.3081,34.1250,127.3750,1985-07-01,23.8145
거문도,남해,34.0286,127.3081,34.1250,127.3750,1985-08-01,25.9529
거문도,남해,34.0286,127.3081,34.1250,127.3750,1985-09-01,24.7950
거문도,남해,34.0286,127.3081,34.1250,127.3750,1985-10-01,20.4713
거문도,남해,34.0286,127.3081,34.1250,127.3750,1985-11-01,17.1237
거문도,남해,34.0286,127.3081,34.1250,127.3750,1985-12-01,14.5716
거문도,남해,34.0286,127.3081,34.1250,127.3750,1986-01-01,13.5877
거문도,남해,34.0286,127.3081,34.1250,127.3750,1986-02-01,13.2629
거문도,남해,34.0286,127.3081,34.1250,127.3750,1986-03-01,12.5774
거문도,남해,34.0286,127.3081,34.1250,127.3750,1986-04-01,13.4413
거문도,남해,34.0286,127.3081,34.1250,127.3750,1986-05-01,15.6177
거문도,남해,34.0286,127.3081,34.1250,127.3750,1986-06-01,18.5627
거문도,남해,34.0286,127.3081,34.1250,127.3750,1986-07-01,22.3655
거문도,남해,34.0286,127.3081,34.1250,127.3750,1986-08-01,26.0468
거문도,남해,34.0286,127.3081,34.1250,127.3750,1986-09-01,22.7893
거문도,남해,34.0286,127.3081,34.1250,127.3750,1986-10-01,19.6245
거문도,남해,34.0286,127.3081,34.1250,127.3750,1986-11-01,17.7360
거문도,남해,34.0286,127.3081,34.1250,127.3750,1986-12-01,16.3065
거문도,남해,34.0286,127.3081,34.1250,127.3750,1987-01-01,15.4990
거문도,남해,34.0286,127.3081,34.1250,127.3750,1987-02-01,13.8307
거문도,남해,34.0286,127.3081,34.1250,127.3750,1987-03-01,13.6610
거문도,남해,34.0286,127.3081,34.1250,127.3750,1987-04-01,13.7913
거문도,남해,34.0286,127.3081,34.1250,127.3750,1987-05-01,15.9597
거문도,남해,34.0286,127.3081,34.1250,127.3750,1987-06-01,19.6507
거문도,남해,34.0286,127.3081,34.1250,127.3750,1987-07-01,22.3197
거문도,남해,34.0286,127.3081,34.1250,127.3750,1987-08-01,24.3855
거문도,남해,34.0286,127.3081,34.1250,127.3750,1987-09-01,23.8100
거문도,남해,34.0286,127.3081,34.1250,127.3750,1987-10-01,21.4603
거문도,남해,34.0286,127.3081,34.1250,127.3750,1987-11-01,17.7920
거문도,남해,34.0286,127.3081,34.1250,127.3750,1987-12-01,15.6448
거문도,남해,34.0286,127.3081,34.1250,127.3750,1988-01-01,15.2500
거문도,남해,34.0286,127.3081,34.1250,127.3750,1988-02-01,13.1510
거문도,남해,34.0286,127.3081,34.1250,127.3750,1988-03-01,13.5432
거문도,남해,34.0286,127.3081,34.1250,127.3750,1988-04-01,14.1503
거문도,남해,34.0286,127.3081,34.1250,127.3750,1988-05-01,16.0300
거문도,남해,34.0286,127.3081,34.1250,127.3750,1988-06-01,19.5623
거문도,남해,34.0286,127.3081,34.1250,127.3750,1988-07-01,24.2642
거문도,남해,34.0286,127.3081,34.1250,127.3750,1988-08-01,26.4635
거문도,남해,34.0286,127.3081,34.1250,127.3750,1988-09-01,24.8460
거문도,남해,34.0286,127.3081,34.1250,127.3750,1988-10-01,21.6100
거문도,남해,34.0286,127.3081,34.1250,127.3750,1988-11-01,17.7623
거문도,남해,34.0286,127.3081,34.1250,127.3750,1988-12-01,16.0368
거문도,남해,34.0286,127.3081,34.1250,127.3750,1989-01-01,14.9748
거문도,남해,34.0286,127.3081,34.1250,127.3750,1989-02-01,13.4646
거문도,남해,34.0286,127.3081,34.1250,127.3750,1989-03-01,12.8029
거문도,남해,34.0286,127.3081,34.1250,127.3750,1989-04-01,14.2013
거문도,남해,34.0286,127.3081,34.1250,127.3750,1989-05-01,16.0794
거문도,남해,34.0286,127.3081,34.1250,127.3750,1989-06-01,18.6323
거문도,남해,34.0286,127.3081,34.1250,127.3750,1989-07-01,22.7597
거문도,남해,34.0286,127.3081,34.1250,127.3750,1989-08-01,25.4913
거문도,남해,34.0286,127.3081,34.1250,127.3750,1989-09-01,24.5490
거문도,남해,34.0286,127.3081,34.1250,127.3750,1989-10-01,20.7597
거문도,남해,34.0286,127.3081,34.1250,127.3750,1989-11-01,18.1313
거문도,남해,34.0286,127.3081,34.1250,127.3750,1989-12-01,15.2861
거문도,남해,34.0286,127.3081,34.1250,127.3750,1990-01-01,14.3184
거문도,남해,34.0286,127.3081,34.1250,127.3750,1990-02-01,13.7079
거문도,남해,34.0286,127.3081,34.1250,127.3750,1990-03-01,13.9081
거문도,남해,34.0286,127.3081,34.1250,127.3750,1990-04-01,13.6213
거문도,남해,34.0286,127.3081,34.1250,127.3750,1990-05-01,15.8610
거문도,남해,34.0286,127.3081,34.1250,127.3750,1990-06-01,19.7517
거문도,남해,34.0286,127.3081,34.1250,127.3750,1990-07-01,23.2565
거문도,남해,34.0286,127.3081,34.1250,127.3750,1990-08-01,27.4665
거문도,남해,34.0286,127.3081,34.1250,127.3750,1990-09-01,25.0610
거문도,남해,34.0286,127.3081,34.1250,127.3750,1990-10-01,21.3219
거문도,남해,34.0286,127.3081,34.1250,127.3750,1990-11-01,18.8510
거문도,남해,34.0286,127.3081,34.1250,127.3750,1990-12-01,16.3503
거문도,남해,34.0286,127.3081,34.1250,127.3750,1991-01-01,15.0994
거문도,남해,34.0286,127.3081,34.1250,127.3750,1991-02-01,12.8336
거문도,남해,34.0286,127.3081,34.1250,127.3750,1991-03-01,13.7997
거문도,남해,34.0286,127.3081,34.1250,127.3750,1991-04-01,14.1940
거문도,남해,34.0286,127.3081,34.1250,127.3750,1991-05-01,15.7723
거문도,남해,34.0286,127.3081,34.1250,127.3750,1991-06-01,18.7620
거문도,남해,34.0286,127.3081,34.1250,127.3750,1991-07-01,22.5248
거문도,남해,34.0286,127.3081,34.1250,127.3750,1991-08-01,24.4816
거문도,남해,34.0286,127.3081,34.1250,127.3750,1991-09-01,24.4703
거문도,남해,34.0286,127.3081,34.1250,127.3750,1991-10-01,20.4829
거문도,남해,34.0286,127.3081,34.1250,127.3750,1991-11-01,16.6433
거문도,남해,34.0286,127.3081,34.1250,127.3750,1991-12-01,15.7232
거문도,남해,34.0286,127.3081,34.1250,127.3750,1992-01-01,15.4881
거문도,남해,34.0286,127.3081,34.1250,127.3750,1992-02-01,13.7945
거문도,남해,34.0286,127.3081,34.1250,127.3750,1992-03-01,13.6381
거문도,남해,34.0286,127.3081,34.1250,127.3750,1992-04-01,14.6597
거문도,남해,34.0286,127.3081,34.1250,127.3750,1992-05-01,15.8687
거문도,남해,34.0286,127.3081,34.1250,127.3750,1992-06-01,19.2057
거문도,남해,34.0286,127.3081,34.1250,127.3750,1992-07-01,22.8042
거문도,남해,34.0286,127.3081,34.1250,127.3750,1992-08-01,25.8706
거문도,남해,34.0286,127.3081,34.1250,127.3750,1992-09-01,24.8187
거문도,남해,34.0286,127.3081,34.1250,127.3750,1992-10-01,20.6019
거문도,남해,34.0286,127.3081,34.1250,127.3750,1992-11-01,17.7013
거문도,남해,34.0286,127.3081,34.1250,127.3750,1992-12-01,15.6429
거문도,남해,34.0286,127.3081,34.1250,127.3750,1993-01-01,15.0177
거문도,남해,34.0286,127.3081,34.1250,127.3750,1993-02-01,13.4246
거문도,남해,34.0286,127.3081,34.1250,127.3750,1993-03-01,13.3474
거문도,남해,34.0286,127.3081,34.1250,127.3750,1993-04-01,13.8573
거문도,남해,34.0286,127.3081,34.1250,127.3750,1993-05-01,16.1026
거문도,남해,34.0286,127.3081,34.1250,127.3750,1993-06-01,19.1630
거문도,남해,34.0286,127.3081,34.1250,127.3750,1993-07-01,21.8768
거문도,남해,34.0286,127.3081,34.1250,127.3750,1993-08-01,24.6216
거문도,남해,34.0286,127.3081,34.1250,127.3750,1993-09-01,23.5440
거문도,남해,34.0286,127.3081,34.1250,127.3750,1993-10-01,20.1771
거문도,남해,34.0286,127.3081,34.1250,127.3750,1993-11-01,18.5343
거문도,남해,34.0286,127.3081,34.1250,127.3750,1993-12-01,16.9477
거문도,남해,34.0286,127.3081,34.1250,127.3750,1994-01-01,14.6348
거문도,남해,34.0286,127.3081,34.1250,127.3750,1994-02-01,13.8325
거문도,남해,34.0286,127.3081,34.1250,127.3750,1994-03-01,12.9577
거문도,남해,34.0286,127.3081,34.1250,127.3750,1994-04-01,13.8367
거문도,남해,34.0286,127.3081,34.1250,127.3750,1994-05-01,15.5635
거문도,남해,34.0286,127.3081,34.1250,127.3750,1994-06-01,19.1557
거문도,남해,34.0286,127.3081,34.1250,127.3750,1994-07-01,25.3603
거문도,남해,34.0286,127.3081,34.1250,127.3750,1994-08-01,26.5552
거문도,남해,34.0286,127.3081,34.1250,127.3750,1994-09-01,24.3370
거문도,남해,34.0286,127.3081,34.1250,127.3750,1994-10-01,20.8339
거문도,남해,34.0286,127.3081,34.1250,127.3750,1994-11-01,18.3620
거문도,남해,34.0286,127.3081,34.1250,127.3750,1994-12-01,16.5394
거문도,남해,34.0286,127.3081,34.1250,127.3750,1995-01-01,15.6994
거문도,남해,34.0286,127.3081,34.1250,127.3750,1995-02-01,13.9746
거문도,남해,34.0286,127.3081,34.1250,127.3750,1995-03-01,14.3916
거문도,남해,34.0286,127.3081,34.1250,127.3750,1995-04-01,14.8263
거문도,남해,34.0286,127.3081,34.1250,127.3750,1995-05-01,15.9465
거문도,남해,34.0286,127.3081,34.1250,127.3750,1995-06-01,19.0440
거문도,남해,34.0286,127.3081,34.1250,127.3750,1995-07-01,23.0413
거문도,남해,34.0286,127.3081,34.1250,127.3750,1995-08-01,26.6310
거문도,남해,34.0286,127.3081,34.1250,127.3750,1995-09-01,23.7473
거문도,남해,34.0286,127.3081,34.1250,127.3750,1995-10-01,21.6758
거문도,남해,34.0286,127.3081,34.1250,127.3750,1995-11-01,19.1083
거문도,남해,34.0286,127.3081,34.1250,127.3750,1995-12-01,16.5413
거문도,남해,34.0286,127.3081,34.1250,127.3750,1996-01-01,14.0077
거문도,남해,34.0286,127.3081,34.1250,127.3750,1996-02-01,12.9134
거문도,남해,34.0286,127.3081,34.1250,127.3750,1996-03-01,12.5019
거문도,남해,34.0286,127.3081,34.1250,127.3750,1996-04-01,13.0053
거문도,남해,34.0286,127.3081,34.1250,127.3750,1996-05-01,15.5532
거문도,남해,34.0286,127.3081,34.1250,127.3750,1996-06-01,19.5647
거문도,남해,34.0286,127.3081,34.1250,127.3750,1996-07-01,22.3716
거문도,남해,34.0286,127.3081,34.1250,127.3750,1996-08-01,26.5887
거문도,남해,34.0286,127.3081,34.1250,127.3750,1996-09-01,24.8743
거문도,남해,34.0286,127.3081,34.1250,127.3750,1996-10-01,20.7694
거문도,남해,34.0286,127.3081,34.1250,127.3750,1996-11-01,19.3507
거문도,남해,34.0286,127.3081,34.1250,127.3750,1996-12-01,16.8323
거문도,남해,34.0286,127.3081,34.1250,127.3750,1997-01-01,15.0023
거문도,남해,34.0286,127.3081,34.1250,127.3750,1997-02-01,13.6504
거문도,남해,34.0286,127.3081,34.1250,127.3750,1997-03-01,13.4381
거문도,남해,34.0286,127.3081,34.1250,127.3750,1997-04-01,13.9883
거문도,남해,34.0286,127.3081,34.1250,127.3750,1997-05-01,16.1742
거문도,남해,34.0286,127.3081,34.1250,127.3750,1997-06-01,19.7113
거문도,남해,34.0286,127.3081,34.1250,127.3750,1997-07-01,23.6642
거문도,남해,34.0286,127.3081,34.1250,127.3750,1997-08-01,25.5145
거문도,남해,34.0286,127.3081,34.1250,127.3750,1997-09-01,24.5033
거문도,남해,34.0286,127.3081,34.1250,127.3750,1997-10-01,20.7600
거문도,남해,34.0286,127.3081,34.1250,127.3750,1997-11-01,19.1290
거문도,남해,34.0286,127.3081,34.1250,127.3750,1997-12-01,17.4900
거문도,남해,34.0286,127.3081,34.1250,127.3750,1998-01-01,14.5987
거문도,남해,34.0286,127.3081,34.1250,127.3750,1998-02-01,13.3718
거문도,남해,34.0286,127.3081,34.1250,127.3750,1998-03-01,12.9161
거문도,남해,34.0286,127.3081,34.1250,127.3750,1998-04-01,16.3303
거문도,남해,34.0286,127.3081,34.1250,127.3750,1998-05-01,16.9055
거문도,남해,34.0286,127.3081,34.1250,127.3750,1998-06-01,20.5997
거문도,남해,34.0286,127.3081,34.1250,127.3750,1998-07-01,24.1329
거문도,남해,34.0286,127.3081,34.1250,127.3750,1998-08-01,26.7710
거문도,남해,34.0286,127.3081,34.1250,127.3750,1998-09-01,25.0023
거문도,남해,34.0286,127.3081,34.1250,127.3750,1998-10-01,22.3242
거문도,남해,34.0286,127.3081,34.1250,127.3750,1998-11-01,18.3403
거문도,남해,34.0286,127.3081,34.1250,127.3750,1998-12-01,16.6571
거문도,남해,34.0286,127.3081,34.1250,127.3750,1999-01-01,15.1648
거문도,남해,34.0286,127.3081,34.1250,127.3750,1999-02-01,13.6764
거문도,남해,34.0286,127.3081,34.1250,127.3750,1999-03-01,13.8094
거문도,남해,34.0286,127.3081,34.1250,127.3750,1999-04-01,13.9160
거문도,남해,34.0286,127.3081,34.1250,127.3750,1999-05-01,16.3632
거문도,남해,34.0286,127.3081,34.1250,127.3750,1999-06-01,20.1230
거문도,남해,34.0286,127.3081,34.1250,127.3750,1999-07-01,22.5529
거문도,남해,34.0286,127.3081,34.1250,127.3750,1999-08-01,24.2558
거문도,남해,34.0286,127.3081,34.1250,127.3750,1999-09-01,24.6553
거문도,남해,34.0286,127.3081,34.1250,127.3750,1999-10-01,22.0719
거문도,남해,34.0286,127.3081,34.1250,127.3750,1999-11-01,18.2243
거문도,남해,34.0286,127.3081,34.1250,127.3750,1999-12-01,15.5423
거문도,남해,34.0286,127.3081,34.1250,127.3750,2000-01-01,15.5323
거문도,남해,34.0286,127.3081,34.1250,127.3750,2000-02-01,13.8817
거문도,남해,34.0286,127.3081,34.1250,127.3750,2000-03-01,12.3616
거문도,남해,34.0286,127.3081,34.1250,127.3750,2000-04-01,12.3753
거문도,남해,34.0286,127.3081,34.1250,127.3750,2000-05-01,14.5713
거문도,남해,34.0286,127.3081,34.1250,127.3750,2000-06-01,18.8850
거문도,남해,34.0286,127.3081,34.1250,127.3750,2000-07-01,23.7577
거문도,남해,34.0286,127.3081,34.1250,127.3750,2000-08-01,26.8629
거문도,남해,34.0286,127.3081,34.1250,127.3750,2000-09-01,24.1897
거문도,남해,34.0286,127.3081,34.1250,127.3750,2000-10-01,21.6329
거문도,남해,34.0286,127.3081,34.1250,127.3750,2000-11-01,19.1877
거문도,남해,34.0286,127.3081,34.1250,127.3750,2000-12-01,17.1494
거문도,남해,34.0286,127.3081,34.1250,127.3750,2001-01-01,15.6245
거문도,남해,34.0286,127.3081,34.1250,127.3750,2001-02-01,13.6696
거문도,남해,34.0286,127.3081,34.1250,127.3750,2001-03-01,13.8529
거문도,남해,34.0286,127.3081,34.1250,127.3750,2001-04-01,14.5460
거문도,남해,34.0286,127.3081,34.1250,127.3750,2001-05-01,16.8994
거문도,남해,34.0286,127.3081,34.1250,127.3750,2001-06-01,19.6597
거문도,남해,34.0286,127.3081,34.1250,127.3750,2001-07-01,24.9835
거문도,남해,34.0286,127.3081,34.1250,127.3750,2001-08-01,27.6819
거문도,남해,34.0286,127.3081,34.1250,127.3750,2001-09-01,24.7300
거문도,남해,34.0286,127.3081,34.1250,127.3750,2001-10-01,21.4358
거문도,남해,34.0286,127.3081,34.1250,127.3750,2001-11-01,18.6290
거문도,남해,34.0286,127.3081,34.1250,127.3750,2001-12-01,16.2855
거문도,남해,34.0286,127.3081,34.1250,127.3750,2002-01-01,14.0552
거문도,남해,34.0286,127.3081,34.1250,127.3750,2002-02-01,14.1082
거문도,남해,34.0286,127.3081,34.1250,127.3750,2002-03-01,13.1494
거문도,남해,34.0286,127.3081,34.1250,127.3750,2002-04-01,13.7817
거문도,남해,34.0286,127.3081,34.1250,127.3750,2002-05-01,16.0932
거문도,남해,34.0286,127.3081,34.1250,127.3750,2002-06-01,20.0267
거문도,남해,34.0286,127.3081,34.1250,127.3750,2002-07-01,22.3965
거문도,남해,34.0286,127.3081,34.1250,127.3750,2002-08-01,24.7768
거문도,남해,34.0286,127.3081,34.1250,127.3750,2002-09-01,23.5340
거문도,남해,34.0286,127.3081,34.1250,127.3750,2002-10-01,20.7974
거문도,남해,34.0286,127.3081,34.1250,127.3750,2002-11-01,17.5107
거문도,남해,34.0286,127.3081,34.1250,127.3750,2002-12-01,15.6603
거문도,남해,34.0286,127.3081,34.1250,127.3750,2003-01-01,14.4803
거문도,남해,34.0286,127.3081,34.1250,127.3750,2003-02-01,13.9239
거문도,남해,34.0286,127.3081,34.1250,127.3750,2003-03-01,13.4210
거문도,남해,34.0286,127.3081,34.1250,127.3750,2003-04-01,13.0487
거문도,남해,34.0286,127.3081,34.1250,127.3750,2003-05-01,16.9258
거문도,남해,34.0286,127.3081,34.1250,127.3750,2003-06-01,19.1553
거문도,남해,34.0286,127.3081,34.1250,127.3750,2003-07-01,22.0439
거문도,남해,34.0286,127.3081,34.1250,127.3750,2003-08-01,25.4445
거문도,남해,34.0286,127.3081,34.1250,127.3750,2003-09-01,24.2083
거문도,남해,34.0286,127.3081,34.1250,127.3750,2003-10-01,20.5806
거문도,남해,34.0286,127.3081,34.1250,127.3750,2003-11-01,18.5140
거문도,남해,34.0286,127.3081,34.1250,127.3750,2003-12-01,17.0329
거문도,남해,34.0286,127.3081,34.1250,127.3750,2004-01-01,15.1165
거문도,남해,34.0286,127.3081,34.1250,127.3750,2004-02-01,13.3148
거문도,남해,34.0286,127.3081,34.1250,127.3750,2004-03-01,13.9726
거문도,남해,34.0286,127.3081,34.1250,127.3750,2004-04-01,14.0853
거문도,남해,34.0286,127.3081,34.1250,127.3750,2004-05-01,16.1135
거문도,남해,34.0286,127.3081,34.1250,127.3750,2004-06-01,20.2293
거문도,남해,34.0286,127.3081,34.1250,127.3750,2004-07-01,23.8877
거문도,남해,34.0286,127.3081,34.1250,127.3750,2004-08-01,27.0784
거문도,남해,34.0286,127.3081,34.1250,127.3750,2004-09-01,24.3187
거문도,남해,34.0286,127.3081,34.1250,127.3750,2004-10-01,20.3258
거문도,남해,34.0286,127.3081,34.1250,127.3750,2004-11-01,17.9723
거문도,남해,34.0286,127.3081,34.1250,127.3750,2004-12-01,16.8781
거문도,남해,34.0286,127.3081,34.1250,127.3750,2005-01-01,15.6181
거문도,남해,34.0286,127.3081,34.1250,127.3750,2005-02-01,13.8668
거문도,남해,34.0286,127.3081,34.1250,127.3750,2005-03-01,12.8590
거문도,남해,34.0286,127.3081,34.1250,127.3750,2005-04-01,14.2083
거문도,남해,34.0286,127.3081,34.1250,127.3750,2005-05-01,16.8177
거문도,남해,34.0286,127.3081,34.1250,127.3750,2005-06-01,20.8310
거문도,남해,34.0286,127.3081,34.1250,127.3750,2005-07-01,24.4806
거문도,남해,34.0286,127.3081,34.1250,127.3750,2005-08-01,26.1445
거문도,남해,34.0286,127.3081,34.1250,127.3750,2005-09-01,24.7063
거문도,남해,34.0286,127.3081,34.1250,127.3750,2005-10-01,21.7761
거문도,남해,34.0286,127.3081,34.1250,127.3750,2005-11-01,19.6160
거문도,남해,34.0286,127.3081,34.1250,127.3750,2005-12-01,16.3706
거문도,남해,34.0286,127.3081,34.1250,127.3750,2006-01-01,13.9300
거문도,남해,34.0286,127.3081,34.1250,127.3750,2006-02-01,13.0300
거문도,남해,34.0286,127.3081,34.1250,127.3750,2006-03-01,12.7213
거문도,남해,34.0286,127.3081,34.1250,127.3750,2006-04-01,13.3280
거문도,남해,34.0286,127.3081,34.1250,127.3750,2006-05-01,14.9068
거문도,남해,34.0286,127.3081,34.1250,127.3750,2006-06-01,18.2050
거문도,남해,34.0286,127.3081,34.1250,127.3750,2006-07-01,22.6003
거문도,남해,34.0286,127.3081,34.1250,127.3750,2006-08-01,27.4768
거문도,남해,34.0286,127.3081,34.1250,127.3750,2006-09-01,24.2613
거문도,남해,34.0286,127.3081,34.1250,127.3750,2006-10-01,21.9500
거문도,남해,34.0286,127.3081,34.1250,127.3750,2006-11-01,19.4187
거문도,남해,34.0286,127.3081,34.1250,127.3750,2006-12-01,16.0339
거문도,남해,34.0286,127.3081,34.1250,127.3750,2007-01-01,14.3897
거문도,남해,34.0286,127.3081,34.1250,127.3750,2007-02-01,14.5611
거문도,남해,34.0286,127.3081,34.1250,127.3750,2007-03-01,13.2332
거문도,남해,34.0286,127.3081,34.1250,127.3750,2007-04-01,13.5230
거문도,남해,34.0286,127.3081,34.1250,127.3750,2007-05-01,15.6852
거문도,남해,34.0286,127.3081,34.1250,127.3750,2007-06-01,19.3483
거문도,남해,34.0286,127.3081,34.1250,127.3750,2007-07-01,22.6439
거문도,남해,34.0286,127.3081,34.1250,127.3750,2007-08-01,26.7494
거문도,남해,34.0286,127.3081,34.1250,127.3750,2007-09-01,24.8753
거문도,남해,34.0286,127.3081,34.1250,127.3750,2007-10-01,21.7752
거문도,남해,34.0286,127.3081,34.1250,127.3750,2007-11-01,17.1070
거문도,남해,34.0286,127.3081,34.1250,127.3750,2007-12-01,15.6252
거문도,남해,34.0286,127.3081,34.1250,127.3750,2008-01-01,14.7765
거문도,남해,34.0286,127.3081,34.1250,127.3750,2008-02-01,13.5248
거문도,남해,34.0286,127.3081,34.1250,127.3750,2008-03-01,12.9294
거문도,남해,34.0286,127.3081,34.1250,127.3750,2008-04-01,13.8487
거문도,남해,34.0286,127.3081,34.1250,127.3750,2008-05-01,16.2500
거문도,남해,34.0286,127.3081,34.1250,127.3750,2008-06-01,19.2340
거문도,남해,34.0286,127.3081,34.1250,127.3750,2008-07-01,24.1842
거문도,남해,34.0286,127.3081,34.1250,127.3750,2008-08-01,25.3729
거문도,남해,34.0286,127.3081,34.1250,127.3750,2008-09-01,24.8970
거문도,남해,34.0286,127.3081,34.1250,127.3750,2008-10-01,21.6926
거문도,남해,34.0286,127.3081,34.1250,127.3750,2008-11-01,17.5637
거문도,남해,34.0286,127.3081,34.1250,127.3750,2008-12-01,15.7406
거문도,남해,34.0286,127.3081,34.1250,127.3750,2009-01-01,14.4387
거문도,남해,34.0286,127.3081,34.1250,127.3750,2009-02-01,13.7396
거문도,남해,34.0286,127.3081,34.1250,127.3750,2009-03-01,14.2342
거문도,남해,34.0286,127.3081,34.1250,127.3750,2009-04-01,15.0037
거문도,남해,34.0286,127.3081,34.1250,127.3750,2009-05-01,16.8352
거문도,남해,34.0286,127.3081,34.1250,127.3750,2009-06-01,19.4367
거문도,남해,34.0286,127.3081,34.1250,127.3750,2009-07-01,22.9306
거문도,남해,34.0286,127.3081,34.1250,127.3750,2009-08-01,24.4984
거문도,남해,34.0286,127.3081,34.1250,127.3750,2009-09-01,23.8623
거문도,남해,34.0286,127.3081,34.1250,127.3750,2009-10-01,20.8110
거문도,남해,34.0286,127.3081,34.1250,127.3750,2009-11-01,17.4290
거문도,남해,34.0286,127.3081,34.1250,127.3750,2009-12-01,15.8648
거문도,남해,34.0286,127.3081,34.1250,127.3750,2010-01-01,14.3190
거문도,남해,34.0286,127.3081,34.1250,127.3750,2010-02-01,13.1954
거문도,남해,34.0286,127.3081,34.1250,127.3750,2010-03-01,13.1616
거문도,남해,34.0286,127.3081,34.1250,127.3750,2010-04-01,13.7363
거문도,남해,34.0286,127.3081,34.1250,127.3750,2010-05-01,16.1932
거문도,남해,34.0286,127.3081,34.1250,127.3750,2010-06-01,20.3463
거문도,남해,34.0286,127.3081,34.1250,127.3750,2010-07-01,23.2629
거문도,남해,34.0286,127.3081,34.1250,127.3750,2010-08-01,26.3135
거문도,남해,34.0286,127.3081,34.1250,127.3750,2010-09-01,24.4200
거문도,남해,34.0286,127.3081,34.1250,127.3750,2010-10-01,20.4616
거문도,남해,34.0286,127.3081,34.1250,127.3750,2010-11-01,17.2887
거문도,남해,34.0286,127.3081,34.1250,127.3750,2010-12-01,16.3648
거문도,남해,34.0286,127.3081,34.1250,127.3750,2011-01-01,13.9616
거문도,남해,34.0286,127.3081,34.1250,127.3750,2011-02-01,13.6725
거문도,남해,34.0286,127.3081,34.1250,127.3750,2011-03-01,12.1690
거문도,남해,34.0286,127.3081,34.1250,127.3750,2011-04-01,13.1197
거문도,남해,34.0286,127.3081,34.1250,127.3750,2011-05-01,15.2626
거문도,남해,34.0286,127.3081,34.1250,127.3750,2011-06-01,18.3387
거문도,남해,34.0286,127.3081,34.1250,127.3750,2011-07-01,23.0603
거문도,남해,34.0286,127.3081,34.1250,127.3750,2011-08-01,24.7055
거문도,남해,34.0286,127.3081,34.1250,127.3750,2011-09-01,23.3277
거문도,남해,34.0286,127.3081,34.1250,127.3750,2011-10-01,20.2584
거문도,남해,34.0286,127.3081,34.1250,127.3750,2011-11-01,18.1000
거문도,남해,34.0286,127.3081,34.1250,127.3750,2011-12-01,15.1997
거문도,남해,34.0286,127.3081,34.1250,127.3750,2012-01-01,14.0300
거문도,남해,34.0286,127.3081,34.1250,127.3750,2012-02-01,12.6490
거문도,남해,34.0286,127.3081,34.1250,127.3750,2012-03-01,13.1155
거문도,남해,34.0286,127.3081,34.1250,127.3750,2012-04-01,13.6637
거문도,남해,34.0286,127.3081,34.1250,127.3750,2012-05-01,16.3803
거문도,남해,34.0286,127.3081,34.1250,127.3750,2012-06-01,20.3520
거문도,남해,34.0286,127.3081,34.1250,127.3750,2012-07-01,23.7171
거문도,남해,34.0286,127.3081,34.1250,127.3750,2012-08-01,25.8174
거문도,남해,34.0286,127.3081,34.1250,127.3750,2012-09-01,22.8617
거문도,남해,34.0286,127.3081,34.1250,127.3750,2012-10-01,20.1958
거문도,남해,34.0286,127.3081,34.1250,127.3750,2012-11-01,16.0387
거문도,남해,34.0286,127.3081,34.1250,127.3750,2012-12-01,14.8948
거문도,남해,34.0286,127.3081,34.1250,127.3750,2013-01-01,13.3810
거문도,남해,34.0286,127.3081,34.1250,127.3750,2013-02-01,13.3243
거문도,남해,34.0286,127.3081,34.1250,127.3750,2013-03-01,13.3094
거문도,남해,34.0286,127.3081,34.1250,127.3750,2013-04-01,13.8653
거문도,남해,34.0286,127.3081,34.1250,127.3750,2013-05-01,16.1445
거문도,남해,34.0286,127.3081,34.1250,127.3750,2013-06-01,19.9543
거문도,남해,34.0286,127.3081,34.1250,127.3750,2013-07-01,23.8284
거문도,남해,34.0286,127.3081,34.1250,127.3750,2013-08-01,27.3061
거문도,남해,34.0286,127.3081,34.1250,127.3750,2013-09-01,24.4163
거문도,남해,34.0286,127.3081,34.1250,127.3750,2013-10-01,21.7400
거문도,남해,34.0286,127.3081,34.1250,127.3750,2013-11-01,18.1457
거문도,남해,34.0286,127.3081,34.1250,127.3750,2013-12-01,15.1242
거문도,남해,34.0286,127.3081,34.1250,127.3750,2014-01-01,15.3535
거문도,남해,34.0286,127.3081,34.1250,127.3750,2014-02-01,14.0750
거문도,남해,34.0286,127.3081,34.1250,127.3750,2014-03-01,13.5490
거문도,남해,34.0286,127.3081,34.1250,127.3750,2014-04-01,14.4757
거문도,남해,34.0286,127.3081,34.1250,127.3750,2014-05-01,16.3819
거문도,남해,34.0286,127.3081,34.1250,127.3750,2014-06-01,19.6757
거문도,남해,34.0286,127.3081,34.1250,127.3750,2014-07-01,22.2755
거문도,남해,34.0286,127.3081,34.1250,127.3750,2014-08-01,23.7729
거문도,남해,34.0286,127.3081,34.1250,127.3750,2014-09-01,24.1833
거문도,남해,34.0286,127.3081,34.1250,127.3750,2014-10-01,21.6471
거문도,남해,34.0286,127.3081,34.1250,127.3750,2014-11-01,17.4110
거문도,남해,34.0286,127.3081,34.1250,127.3750,2014-12-01,15.3103
거문도,남해,34.0286,127.3081,34.1250,127.3750,2015-01-01,14.1981
거문도,남해,34.0286,127.3081,34.1250,127.3750,2015-02-01,13.6575
거문도,남해,34.0286,127.3081,34.1250,127.3750,2015-03-01,12.6048
거문도,남해,34.0286,127.3081,34.1250,127.3750,2015-04-01,12.9327
거문도,남해,34.0286,127.3081,34.1250,127.3750,2015-05-01,15.5916
거문도,남해,34.0286,127.3081,34.1250,127.3750,2015-06-01,18.6507
거문도,남해,34.0286,127.3081,34.1250,127.3750,2015-07-01,21.5642
거문도,남해,34.0286,127.3081,34.1250,127.3750,2015-08-01,25.1297
거문도,남해,34.0286,127.3081,34.1250,127.3750,2015-09-01,24.0203
거문도,남해,34.0286,127.3081,34.1250,127.3750,2015-10-01,20.4426
거문도,남해,34.0286,127.3081,34.1250,127.3750,2015-11-01,17.9150
거문도,남해,34.0286,127.3081,34.1250,127.3750,2015-12-01,14.9326
거문도,남해,34.0286,127.3081,34.1250,127.3750,2016-01-01,13.8719
거문도,남해,34.0286,127.3081,34.1250,127.3750,2016-02-01,12.5700
거문도,남해,34.0286,127.3081,34.1250,127.3750,2016-03-01,12.9332
거문도,남해,34.0286,127.3081,34.1250,127.3750,2016-04-01,14.0610
거문도,남해,34.0286,127.3081,34.1250,127.3750,2016-05-01,16.0526
거문도,남해,34.0286,127.3081,34.1250,127.3750,2016-06-01,19.5333
거문도,남해,34.0286,127.3081,34.1250,127.3750,2016-07-01,23.0939
거문도,남해,34.0286,127.3081,34.1250,127.3750,2016-08-01,27.2829
거문도,남해,34.0286,127.3081,34.1250,127.3750,2016-09-01,24.0853
거문도,남해,34.0286,127.3081,34.1250,127.3750,2016-10-01,21.4413
거문도,남해,34.0286,127.3081,34.1250,127.3750,2016-11-01,17.2293
거문도,남해,34.0286,127.3081,34.1250,127.3750,2016-12-01,14.4497
거문도,남해,34.0286,127.3081,34.1250,127.3750,2017-01-01,14.1029
거문도,남해,34.0286,127.3081,34.1250,127.3750,2017-02-01,13.4236
거문도,남해,34.0286,127.3081,34.1250,127.3750,2017-03-01,13.0829
거문도,남해,34.0286,127.3081,34.1250,127.3750,2017-04-01,13.6853
거문도,남해,34.0286,127.3081,34.1250,127.3750,2017-05-01,15.5432
거문도,남해,34.0286,127.3081,34.1250,127.3750,2017-06-01,18.2153
거문도,남해,34.0286,127.3081,34.1250,127.3750,2017-07-01,24.0161
거문도,남해,34.0286,127.3081,34.1250,127.3750,2017-08-01,27.1097
거문도,남해,34.0286,127.3081,34.1250,127.3750,2017-09-01,24.3153
거문도,남해,34.0286,127.3081,34.1250,127.3750,2017-10-01,21.1055
거문도,남해,34.0286,127.3081,34.1250,127.3750,2017-11-01,17.0413
거문도,남해,34.0286,127.3081,34.1250,127.3750,2017-12-01,14.7200
거문도,남해,34.0286,127.3081,34.1250,127.3750,2018-01-01,13.5687
거문도,남해,34.0286,127.3081,34.1250,127.3750,2018-02-01,12.0964
거문도,남해,34.0286,127.3081,34.1250,127.3750,2018-03-01,12.4781
거문도,남해,34.0286,127.3081,34.1250,127.3750,2018-04-01,14.0543
거문도,남해,34.0286,127.3081,34.1250,127.3750,2018-05-01,15.9771
거문도,남해,34.0286,127.3081,34.1250,127.3750,2018-06-01,20.1797
거문도,남해,34.0286,127.3081,34.1250,127.3750,2018-07-01,24.1816
거문도,남해,34.0286,127.3081,34.1250,127.3750,2018-08-01,26.4877
거문도,남해,34.0286,127.3081,34.1250,127.3750,2018-09-01,22.8597
거문도,남해,34.0286,127.3081,34.1250,127.3750,2018-10-01,19.9103
거문도,남해,34.0286,127.3081,34.1250,127.3750,2018-11-01,16.0040
거문도,남해,34.0286,127.3081,34.1250,127.3750,2018-12-01,15.0442
거문도,남해,34.0286,127.3081,34.1250,127.3750,2019-01-01,14.1365
거문도,남해,34.0286,127.3081,34.1250,127.3750,2019-02-01,14.0804
거문도,남해,34.0286,127.3081,34.1250,127.3750,2019-03-01,12.4774
거문도,남해,34.0286,127.3081,34.1250,127.3750,2019-04-01,13.9447
거문도,남해,34.0286,127.3081,34.1250,127.3750,2019-05-01,16.5432
거문도,남해,34.0286,127.3081,34.1250,127.3750,2019-06-01,19.1717
거문도,남해,34.0286,127.3081,34.1250,127.3750,2019-07-01,22.2000
거문도,남해,34.0286,127.3081,34.1250,127.3750,2019-08-01,25.6071
거문도,남해,34.0286,127.3081,34.1250,127.3750,2019-09-01,23.2727
거문도,남해,34.0286,127.3081,34.1250,127.3750,2019-10-01,21.2697
거문도,남해,34.0286,127.3081,34.1250,127.3750,2019-11-01,17.4413
거문도,남해,34.0286,127.3081,34.1250,127.3750,2019-12-01,15.1448
거문도,남해,34.0286,127.3081,34.1250,127.3750,2020-01-01,13.6374
거문도,남해,34.0286,127.3081,34.1250,127.3750,2020-02-01,13.6210
거문도,남해,34.0286,127.3081,34.1250,127.3750,2020-03-01,13.8274
거문도,남해,34.0286,127.3081,34.1250,127.3750,2020-04-01,13.8930
거문도,남해,34.0286,127.3081,34.1250,127.3750,2020-05-01,14.9419
거문도,남해,34.0286,127.3081,34.1250,127.3750,2020-06-01,18.5000
거문도,남해,34.0286,127.3081,34.1250,127.3750,2020-07-01,20.1345
거문도,남해,34.0286,127.3081,34.1250,127.3750,2020-08-01,25.0035
거문도,남해,34.0286,127.3081,34.1250,127.3750,2020-09-01,23.6253
거문도,남해,34.0286,127.3081,34.1250,127.3750,2020-10-01,21.1481
거문도,남해,34.0286,127.3081,34.1250,127.3750,2020-11-01,17.3667
거문도,남해,34.0286,127.3081,34.1250,127.3750,2020-12-01,14.2465
거문도,남해,34.0286,127.3081,34.1250,127.3750,2021-01-01,14.7432
거문도,남해,34.0286,127.3081,34.1250,127.3750,2021-02-01,14.0896
거문도,남해,34.0286,127.3081,34.1250,127.3750,2021-03-01,13.8023
거문도,남해,34.0286,127.3081,34.1250,127.3750,2021-04-01,15.0123
거문도,남해,34.0286,127.3081,34.1250,127.3750,2021-05-01,16.4919
거문도,남해,34.0286,127.3081,34.1250,127.3750,2021-06-01,20.8087
거문도,남해,34.0286,127.3081,34.1250,127.3750,2021-07-01,24.9835
거문도,남해,34.0286,127.3081,34.1250,127.3750,2021-08-01,26.5400
거문도,남해,34.0286,127.3081,34.1250,127.3750,2021-09-01,24.9397
거문도,남해,34.0286,127.3081,34.1250,127.3750,2021-10-01,22.7119
거문도,남해,34.0286,127.3081,34.1250,127.3750,2021-11-01,17.0713
거문도,남해,34.0286,127.3081,34.1250,127.3750,2021-12-01,14.9371
거문도,남해,34.0286,127.3081,34.1250,127.3750,2022-01-01,12.9065
거문도,남해,34.0286,127.3081,34.1250,127.3750,2022-02-01,11.5582
거문도,남해,34.0286,127.3081,34.1250,127.3750,2022-03-01,11.9416
거문도,남해,34.0286,127.3081,34.1250,127.3750,2022-04-01,13.6733
거문도,남해,34.0286,127.3081,34.1250,127.3750,2022-05-01,16.0716
거문도,남해,34.0286,127.3081,34.1250,127.3750,2022-06-01,19.3310
거문도,남해,34.0286,127.3081,34.1250,127.3750,2022-07-01,23.8919
거문도,남해,34.0286,127.3081,34.1250,127.3750,2022-08-01,26.2665
거문도,남해,34.0286,127.3081,34.1250,127.3750,2022-09-01,24.4537
거문도,남해,34.0286,127.3081,34.1250,127.3750,2022-10-01,20.8435
거문도,남해,34.0286,127.3081,34.1250,127.3750,2022-11-01,16.9360
거문도,남해,34.0286,127.3081,34.1250,127.3750,2022-12-01,14.5452
거문도,남해,34.0286,127.3081,34.1250,127.3750,2023-01-01,12.6326
거문도,남해,34.0286,127.3081,34.1250,127.3750,2023-02-01,12.6889
거문도,남해,34.0286,127.3081,34.1250,127.3750,2023-03-01,13.3945
거문도,남해,34.0286,127.3081,34.1250,127.3750,2023-04-01,14.3923
거문도,남해,34.0286,127.3081,34.1250,127.3750,2023-05-01,16.2377
거문도,남해,34.0286,127.3081,34.1250,127.3750,2023-06-01,19.9243
거문도,남해,34.0286,127.3081,34.1250,127.3750,2023-07-01,22.8461
거문도,남해,34.0286,127.3081,34.1250,127.3750,2023-08-01,27.7094
거문도,남해,34.0286,127.3081,34.1250,127.3750,2023-09-01,26.5353
거문도,남해,34.0286,127.3081,34.1250,127.3750,2023-10-01,20.8194
거문도,남해,34.0286,127.3081,34.1250,127.3750,2023-11-01,17.6407
거문도,남해,34.0286,127.3081,34.1250,127.3750,2023-12-01,14.9445
거문도,남해,34.0286,127.3081,34.1250,127.3750,2024-01-01,13.6223
거문도,남해,34.0286,127.3081,34.1250,127.3750,2024-02-01,13.3976
거문도,남해,34.0286,127.3081,34.1250,127.3750,2024-03-01,13.2774
거문도,남해,34.0286,127.3081,34.1250,127.3750,2024-04-01,15.4003
거문도,남해,34.0286,127.3081,34.1250,127.3750,2024-05-01,17.7494
거문도,남해,34.0286,127.3081,34.1250,127.3750,2024-06-01,20.3833
거문도,남해,34.0286,127.3081,34.1250,127.3750,2024-07-01,23.0448
거문도,남해,34.0286,127.3081,34.1250,127.3750,2024-08-01,28.2468
거문도,남해,34.0286,127.3081,34.1250,127.3750,2024-09-01,27.9927
거문도,남해,34.0286,127.3081,34.1250,127.3750,2024-10-01,23.4765
거문도,남해,34.0286,127.3081,34.1250,127.3750,2024-11-01,18.8293
거문도,남해,34.0286,127.3081,34.1250,127.3750,2024-12-01,14.0090
거문도,남해,34.0286,127.3081,34.1250,127.3750,2025-01-01,12.2716
거문도,남해,34.0286,127.3081,34.1250,127.3750,2025-02-01,10.4775
거문도,남해,34.0286,127.3081,34.1250,127.3750,2025-03-01,11.2319
거문도,남해,34.0286,127.3081,34.1250,127.3750,2025-04-01,12.9190
거문도,남해,34.0286,127.3081,34.1250,127.3750,2025-05-01,15.4561
거문도,남해,34.0286,127.3081,34.1250,127.3750,2025-06-01,18.9933
거문도,남해,34.0286,127.3081,34.1250,127.3750,2025-07-01,25.3587
거문도,남해,34.0286,127.3081,34.1250,127.3750,2025-08-01,27.3616
거문도,남해,34.0286,127.3081,34.1250,127.3750,2025-09-01,26.0250
거문도,남해,34.0286,127.3081,34.1250,127.3750,2025-10-01,23.8403
거문도,남해,34.0286,127.3081,34.1250,127.3750,2025-11-01,18.8340
거문도,남해,34.0286,127.3081,34.1250,127.3750,2025-12-01,15.0029
거문도,남해,34.0286,127.3081,34.1250,127.3750,2026-01-01,13.0890
거문도,남해,34.0286,127.3081,34.1250,127.3750,2026-02-01,12.4532
거문도,남해,34.0286,127.3081,34.1250,127.3750,2026-03-01,12.9823
거문도,남해,34.0286,127.3081,34.1250,127.3750,2026-04-01,14.2297
제주,남해,33.5269,126.5436,33.6250,126.6250,1981-09-01,23.5930
제주,남해,33.5269,126.5436,33.6250,126.6250,1981-10-01,20.9210
제주,남해,33.5269,126.5436,33.6250,126.6250,1981-11-01,17.7410
제주,남해,33.5269,126.5436,33.6250,126.6250,1981-12-01,16.1061
제주,남해,33.5269,126.5436,33.6250,126.6250,1982-01-01,14.3587
제주,남해,33.5269,126.5436,33.6250,126.6250,1982-02-01,12.9107
제주,남해,33.5269,126.5436,33.6250,126.6250,1982-03-01,12.8284
제주,남해,33.5269,126.5436,33.6250,126.6250,1982-04-01,13.3253
제주,남해,33.5269,126.5436,33.6250,126.6250,1982-05-01,16.9510
제주,남해,33.5269,126.5436,33.6250,126.6250,1982-06-01,19.9953
제주,남해,33.5269,126.5436,33.6250,126.6250,1982-07-01,22.5142
제주,남해,33.5269,126.5436,33.6250,126.6250,1982-08-01,25.3368
제주,남해,33.5269,126.5436,33.6250,126.6250,1982-09-01,23.3813
제주,남해,33.5269,126.5436,33.6250,126.6250,1982-10-01,21.2445
제주,남해,33.5269,126.5436,33.6250,126.6250,1982-11-01,17.3740
제주,남해,33.5269,126.5436,33.6250,126.6250,1982-12-01,16.3955
제주,남해,33.5269,126.5436,33.6250,126.6250,1983-01-01,14.3277
제주,남해,33.5269,126.5436,33.6250,126.6250,1983-02-01,12.8707
제주,남해,33.5269,126.5436,33.6250,126.6250,1983-03-01,13.2416
제주,남해,33.5269,126.5436,33.6250,126.6250,1983-04-01,13.9453
제주,남해,33.5269,126.5436,33.6250,126.6250,1983-05-01,15.8848
제주,남해,33.5269,126.5436,33.6250,126.6250,1983-06-01,18.7943
제주,남해,33.5269,126.5436,33.6250,126.6250,1983-07-01,22.8477
제주,남해,33.5269,126.5436,33.6250,126.6250,1983-08-01,26.7626
제주,남해,33.5269,126.5436,33.6250,126.6250,1983-09-01,25.0820
제주,남해,33.5269,126.5436,33.6250,126.6250,1983-10-01,22.2355
제주,남해,33.5269,126.5436,33.6250,126.6250,1983-11-01,16.3873
제주,남해,33.5269,126.5436,33.6250,126.6250,1983-12-01,13.4626
제주,남해,33.5269,126.5436,33.6250,126.6250,1984-01-01,13.9645
제주,남해,33.5269,126.5436,33.6250,126.6250,1984-02-01,12.5410
제주,남해,33.5269,126.5436,33.6250,126.6250,1984-03-01,10.5297
제주,남해,33.5269,126.5436,33.6250,126.6250,1984-04-01,12.0170
제주,남해,33.5269,126.5436,33.6250,126.6250,1984-05-01,15.3758
제주,남해,33.5269,126.5436,33.6250,126.6250,1984-06-01,20.0733
제주,남해,33.5269,126.5436,33.6250,126.6250,1984-07-01,23.8419
제주,남해,33.5269,126.5436,33.6250,126.6250,1984-08-01,25.7390
제주,남해,33.5269,126.5436,33.6250,126.6250,1984-09-01,23.5623
제주,남해,33.5269,126.5436,33.6250,126.6250,1984-10-01,20.3545
제주,남해,33.5269,126.5436,33.6250,126.6250,1984-11-01,16.4613
제주,남해,33.5269,126.5436,33.6250,126.6250,1984-12-01,13.5974
제주,남해,33.5269,126.5436,33.6250,126.6250,1985-01-01,13.4248
제주,남해,33.5269,126.5436,33.6250,126.6250,1985-02-01,13.8143
제주,남해,33.5269,126.5436,33.6250,126.6250,1985-03-01,12.6597
제주,남해,33.5269,126.5436,33.6250,126.6250,1985-04-01,14.5027
제주,남해,33.5269,126.5436,33.6250,126.6250,1985-05-01,16.2590
제주,남해,33.5269,126.5436,33.6250,126.6250,1985-06-01,20.0553
제주,남해,33.5269,126.5436,33.6250,126.6250,1985-07-01,24.2029
제주,남해,33.5269,126.5436,33.6250,126.6250,1985-08-01,26.1997
제주,남해,33.5269,126.5436,33.6250,126.6250,1985-09-01,25.3660
제주,남해,33.5269,126.5436,33.6250,126.6250,1985-10-01,21.0268
제주,남해,33.5269,126.5436,33.6250,126.6250,1985-11-01,17.3420
제주,남해,33.5269,126.5436,33.6250,126.6250,1985-12-01,15.0984
제주,남해,33.5269,126.5436,33.6250,126.6250,1986-01-01,14.0468
제주,남해,33.5269,126.5436,33.6250,126.6250,1986-02-01,13.1343
제주,남해,33.5269,126.5436,33.6250,126.6250,1986-03-01,12.9371
제주,남해,33.5269,126.5436,33.6250,126.6250,1986-04-01,13.7917
제주,남해,33.5269,126.5436,33.6250,126.6250,1986-05-01,15.3826
제주,남해,33.5269,126.5436,33.6250,126.6250,1986-06-01,18.6420
제주,남해,33.5269,126.5436,33.6250,126.6250,1986-07-01,22.6823
제주,남해,33.5269,126.5436,33.6250,126.6250,1986-08-01,26.1748
제주,남해,33.5269,126.5436,33.6250,126.6250,1986-09-01,22.5980
제주,남해,33.5269,126.5436,33.6250,126.6250,1986-10-01,20.4906
제주,남해,33.5269,126.5436,33.6250,126.6250,1986-11-01,18.2380
제주,남해,33.5269,126.5436,33.6250,126.6250,1986-12-01,16.9852
제주,남해,33.5269,126.5436,33.6250,126.6250,1987-01-01,15.8319
제주,남해,33.5269,126.5436,33.6250,126.6250,1987-02-01,13.8214
제주,남해,33.5269,126.5436,33.6250,126.6250,1987-03-01,13.7129
제주,남해,33.5269,126.5436,33.6250,126.6250,1987-04-01,14.2297
제주,남해,33.5269,126.5436,33.6250,126.6250,1987-05-01,15.7258
제주,남해,33.5269,126.5436,33.6250,126.6250,1987-06-01,19.6050
제주,남해,33.5269,126.5436,33.6250,126.6250,1987-07-01,22.6442
제주,남해,33.5269,126.5436,33.6250,126.6250,1987-08-01,25.2981
제주,남해,33.5269,126.5436,33.6250,126.6250,1987-09-01,24.5760
제주,남해,33.5269,126.5436,33.6250,126.6250,1987-10-01,21.4835
제주,남해,33.5269,126.5436,33.6250,126.6250,1987-11-01,18.2120
제주,남해,33.5269,126.5436,33.6250,126.6250,1987-12-01,16.0226
제주,남해,33.5269,126.5436,33.6250,126.6250,1988-01-01,15.3823
제주,남해,33.5269,126.5436,33.6250,126.6250,1988-02-01,13.1052
제주,남해,33.5269,126.5436,33.6250,126.6250,1988-03-01,13.1981
제주,남해,33.5269,126.5436,33.6250,126.6250,1988-04-01,14.0260
제주,남해,33.5269,126.5436,33.6250,126.6250,1988-05-01,16.1635
제주,남해,33.5269,126.5436,33.6250,126.6250,1988-06-01,20.0680
제주,남해,33.5269,126.5436,33.6250,126.6250,1988-07-01,24.3016
제주,남해,33.5269,126.5436,33.6250,126.6250,1988-08-01,26.0739
제주,남해,33.5269,126.5436,33.6250,126.6250,1988-09-01,24.5713
제주,남해,33.5269,126.5436,33.6250,126.6250,1988-10-01,21.4097
제주,남해,33.5269,126.5436,33.6250,126.6250,1988-11-01,17.6330
제주,남해,33.5269,126.5436,33.6250,126.6250,1988-12-01,15.9984
제주,남해,33.5269,126.5436,33.6250,126.6250,1989-01-01,15.0694
제주,남해,33.5269,126.5436,33.6250,126.6250,1989-02-01,13.4443
제주,남해,33.5269,126.5436,33.6250,126.6250,1989-03-01,13.3584
제주,남해,33.5269,126.5436,33.6250,126.6250,1989-04-01,14.5433
제주,남해,33.5269,126.5436,33.6250,126.6250,1989-05-01,15.9797
제주,남해,33.5269,126.5436,33.6250,126.6250,1989-06-01,18.9550
제주,남해,33.5269,126.5436,33.6250,126.6250,1989-07-01,23.5113
제주,남해,33.5269,126.5436,33.6250,126.6250,1989-08-01,25.3897
제주,남해,33.5269,126.5436,33.6250,126.6250,1989-09-01,24.6813
제주,남해,33.5269,126.5436,33.6250,126.6250,1989-10-01,20.9258
제주,남해,33.5269,126.5436,33.6250,126.6250,1989-11-01,17.6710
제주,남해,33.5269,126.5436,33.6250,126.6250,1989-12-01,15.6423
제주,남해,33.5269,126.5436,33.6250,126.6250,1990-01-01,14.8084
제주,남해,33.5269,126.5436,33.6250,126.6250,1990-02-01,13.7621
제주,남해,33.5269,126.5436,33.6250,126.6250,1990-03-01,14.0000
제주,남해,33.5269,126.5436,33.6250,126.6250,1990-04-01,13.7287
제주,남해,33.5269,126.5436,33.6250,126.6250,1990-05-01,15.9803
제주,남해,33.5269,126.5436,33.6250,126.6250,1990-06-01,19.7043
제주,남해,33.5269,126.5436,33.6250,126.6250,1990-07-01,24.4848
제주,남해,33.5269,126.5436,33.6250,126.6250,1990-08-01,28.5326
제주,남해,33.5269,126.5436,33.6250,126.6250,1990-09-01,25.3847
제주,남해,33.5269,126.5436,33.6250,126.6250,1990-10-01,21.8119
제주,남해,33.5269,126.5436,33.6250,126.6250,1990-11-01,18.9197
제주,남해,33.5269,126.5436,33.6250,126.6250,1990-12-01,16.7955
제주,남해,33.5269,126.5436,33.6250,126.6250,1991-01-01,15.1352
제주,남해,33.5269,126.5436,33.6250,126.6250,1991-02-01,12.7914
제주,남해,33.5269,126.5436,33.6250,126.6250,1991-03-01,13.8529
제주,남해,33.5269,126.5436,33.6250,126.6250,1991-04-01,14.6097
제주,남해,33.5269,126.5436,33.6250,126.6250,1991-05-01,15.9687
제주,남해,33.5269,126.5436,33.6250,126.6250,1991-06-01,19.1490
제주,남해,33.5269,126.5436,33.6250,126.6250,1991-07-01,22.9484
제주,남해,33.5269,126.5436,33.6250,126.6250,1991-08-01,24.8619
제주,남해,33.5269,126.5436,33.6250,126.6250,1991-09-01,24.7093
제주,남해,33.5269,126.5436,33.6250,126.6250,1991-10-01,20.8339
제주,남해,33.5269,126.5436,33.6250,126.6250,1991-11-01,17.4103
제주,남해,33.5269,126.5436,33.6250,126.6250,1991-12-01,15.6342
제주,남해,33.5269,126.5436,33.6250,126.6250,1992-01-01,14.9116
제주,남해,33.5269,126.5436,33.6250,126.6250,1992-02-01,14.2724
제주,남해,33.5269,126.5436,33.6250,126.6250,1992-03-01,14.2661
제주,남해,33.5269,126.5436,33.6250,126.6250,1992-04-01,15.0347
제주,남해,33.5269,126.5436,33.6250,126.6250,1992-05-01,15.8674
제주,남해,33.5269,126.5436,33.6250,126.6250,1992-06-01,19.2283
제주,남해,33.5269,126.5436,33.6250,126.6250,1992-07-01,23.8977
제주,남해,33.5269,126.5436,33.6250,126.6250,1992-08-01,26.6413
제주,남해,33.5269,126.5436,33.6250,126.6250,1992-09-01,25.1310
제주,남해,33.5269,126.5436,33.6250,126.6250,1992-10-01,20.5403
제주,남해,33.5269,126.5436,33.6250,126.6250,1992-11-01,18.3747
제주,남해,33.5269,126.5436,33.6250,126.6250,1992-12-01,16.6074
제주,남해,33.5269,126.5436,33.6250,126.6250,1993-01-01,14.8987
제주,남해,33.5269,126.5436,33.6250,126.6250,1993-02-01,13.5975
제주,남해,33.5269,126.5436,33.6250,126.6250,1993-03-01,13.6055
제주,남해,33.5269,126.5436,33.6250,126.6250,1993-04-01,13.9790
제주,남해,33.5269,126.5436,33.6250,126.6250,1993-05-01,15.6971
제주,남해,33.5269,126.5436,33.6250,126.6250,1993-06-01,18.9257
제주,남해,33.5269,126.5436,33.6250,126.6250,1993-07-01,21.7303
제주,남해,33.5269,126.5436,33.6250,126.6250,1993-08-01,24.4894
제주,남해,33.5269,126.5436,33.6250,126.6250,1993-09-01,24.2543
제주,남해,33.5269,126.5436,33.6250,126.6250,1993-10-01,20.2265
제주,남해,33.5269,126.5436,33.6250,126.6250,1993-11-01,18.1410
제주,남해,33.5269,126.5436,33.6250,126.6250,1993-12-01,16.5268
제주,남해,33.5269,126.5436,33.6250,126.6250,1994-01-01,15.3213
제주,남해,33.5269,126.5436,33.6250,126.6250,1994-02-01,13.7550
제주,남해,33.5269,126.5436,33.6250,126.6250,1994-03-01,13.3403
제주,남해,33.5269,126.5436,33.6250,126.6250,1994-04-01,14.0080
제주,남해,33.5269,126.5436,33.6250,126.6250,1994-05-01,15.3800
제주,남해,33.5269,126.5436,33.6250,126.6250,1994-06-01,19.6867
제주,남해,33.5269,126.5436,33.6250,126.6250,1994-07-01,26.4174
제주,남해,33.5269,126.5436,33.6250,126.6250,1994-08-01,26.7358
제주,남해,33.5269,126.5436,33.6250,126.6250,1994-09-01,24.8800
제주,남해,33.5269,126.5436,33.6250,126.6250,1994-10-01,21.9432
제주,남해,33.5269,126.5436,33.6250,126.6250,1994-11-01,19.5290
제주,남해,33.5269,126.5436,33.6250,126.6250,1994-12-01,16.8719
제주,남해,33.5269,126.5436,33.6250,126.6250,1995-01-01,15.6026
제주,남해,33.5269,126.5436,33.6250,126.6250,1995-02-01,14.1893
제주,남해,33.5269,126.5436,33.6250,126.6250,1995-03-01,13.8984
제주,남해,33.5269,126.5436,33.6250,126.6250,1995-04-01,14.6267
제주,남해,33.5269,126.5436,33.6250,126.6250,1995-05-01,15.4745
제주,남해,33.5269,126.5436,33.6250,126.6250,1995-06-01,18.9190
제주,남해,33.5269,126.5436,33.6250,126.6250,1995-07-01,23.7745
제주,남해,33.5269,126.5436,33.6250,126.6250,1995-08-01,27.2790
제주,남해,33.5269,126.5436,33.6250,126.6250,1995-09-01,24.4177
제주,남해,33.5269,126.5436,33.6250,126.6250,1995-10-01,22.5294
제주,남해,33.5269,126.5436,33.6250,126.6250,1995-11-01,19.3803
제주,남해,33.5269,126.5436,33.6250,126.6250,1995-12-01,16.4435
제주,남해,33.5269,126.5436,33.6250,126.6250,1996-01-01,14.4800
제주,남해,33.5269,126.5436,33.6250,126.6250,1996-02-01,12.8093
제주,남해,33.5269,126.5436,33.6250,126.6250,1996-03-01,13.2832
제주,남해,33.5269,126.5436,33.6250,126.6250,1996-04-01,13.7627
제주,남해,33.5269,126.5436,33.6250,126.6250,1996-05-01,16.1810
제주,남해,33.5269,126.5436,33.6250,126.6250,1996-06-01,20.1287
제주,남해,33.5269,126.5436,33.6250,126.6250,1996-07-01,22.8161
제주,남해,33.5269,126.5436,33.6250,126.6250,1996-08-01,27.3474
제주,남해,33.5269,126.5436,33.6250,126.6250,1996-09-01,25.0437
제주,남해,33.5269,126.5436,33.6250,126.6250,1996-10-01,21.3748
제주,남해,33.5269,126.5436,33.6250,126.6250,1996-11-01,19.5830
제주,남해,33.5269,126.5436,33.6250,126.6250,1996-12-01,17.3716
제주,남해,33.5269,126.5436,33.6250,126.6250,1997-01-01,15.7584
제주,남해,33.5269,126.5436,33.6250,126.6250,1997-02-01,14.1932
제주,남해,33.5269,126.5436,33.6250,126.6250,1997-03-01,13.8939
제주,남해,33.5269,126.5436,33.6250,126.6250,1997-04-01,14.7140
제주,남해,33.5269,126.5436,33.6250,126.6250,1997-05-01,17.0223
제주,남해,33.5269,126.5436,33.6250,126.6250,1997-06-01,20.4330
제주,남해,33.5269,126.5436,33.6250,126.6250,1997-07-01,24.4719
제주,남해,33.5269,126.5436,33.6250,126.6250,1997-08-01,26.3403
제주,남해,33.5269,126.5436,33.6250,126.6250,1997-09-01,25.1600
제주,남해,33.5269,126.5436,33.6250,126.6250,1997-10-01,21.6597
제주,남해,33.5269,126.5436,33.6250,126.6250,1997-11-01,19.3793
제주,남해,33.5269,126.5436,33.6250,126.6250,1997-12-01,17.6110
제주,남해,33.5269,126.5436,33.6250,126.6250,1998-01-01,14.6329
제주,남해,33.5269,126.5436,33.6250,126.6250,1998-02-01,13.9729
제주,남해,33.5269,126.5436,33.6250,126.6250,1998-03-01,13.3635
제주,남해,33.5269,126.5436,33.6250,126.6250,1998-04-01,15.1770
제주,남해,33.5269,126.5436,33.6250,126.6250,1998-05-01,17.1671
제주,남해,33.5269,126.5436,33.6250,126.6250,1998-06-01,20.2103
제주,남해,33.5269,126.5436,33.6250,126.6250,1998-07-01,24.3055
제주,남해,33.5269,126.5436,33.6250,126.6250,1998-08-01,26.9790
제주,남해,33.5269,126.5436,33.6250,126.6250,1998-09-01,25.1427
제주,남해,33.5269,126.5436,33.6250,126.6250,1998-10-01,21.6548
제주,남해,33.5269,126.5436,33.6250,126.6250,1998-11-01,18.3153
제주,남해,33.5269,126.5436,33.6250,126.6250,1998-12-01,16.4203
제주,남해,33.5269,126.5436,33.6250,126.6250,1999-01-01,15.0858
제주,남해,33.5269,126.5436,33.6250,126.6250,1999-02-01,14.2843
제주,남해,33.5269,126.5436,33.6250,126.6250,1999-03-01,13.8000
제주,남해,33.5269,126.5436,33.6250,126.6250,1999-04-01,15.0207
제주,남해,33.5269,126.5436,33.6250,126.6250,1999-05-01,16.9990
제주,남해,33.5269,126.5436,33.6250,126.6250,1999-06-01,20.5927
제주,남해,33.5269,126.5436,33.6250,126.6250,1999-07-01,22.6645
제주,남해,33.5269,126.5436,33.6250,126.6250,1999-08-01,24.0681
제주,남해,33.5269,126.5436,33.6250,126.6250,1999-09-01,24.9303
제주,남해,33.5269,126.5436,33.6250,126.6250,1999-10-01,22.3161
제주,남해,33.5269,126.5436,33.6250,126.6250,1999-11-01,18.3967
제주,남해,33.5269,126.5436,33.6250,126.6250,1999-12-01,15.5842
제주,남해,33.5269,126.5436,33.6250,126.6250,2000-01-01,15.4652
제주,남해,33.5269,126.5436,33.6250,126.6250,2000-02-01,14.5986
제주,남해,33.5269,126.5436,33.6250,126.6250,2000-03-01,12.8071
제주,남해,33.5269,126.5436,33.6250,126.6250,2000-04-01,12.8250
제주,남해,33.5269,126.5436,33.6250,126.6250,2000-05-01,14.9681
제주,남해,33.5269,126.5436,33.6250,126.6250,2000-06-01,19.0977
제주,남해,33.5269,126.5436,33.6250,126.6250,2000-07-01,24.7097
제주,남해,33.5269,126.5436,33.6250,126.6250,2000-08-01,28.0681
제주,남해,33.5269,126.5436,33.6250,126.6250,2000-09-01,24.5397
제주,남해,33.5269,126.5436,33.6250,126.6250,2000-10-01,22.2116
제주,남해,33.5269,126.5436,33.6250,126.6250,2000-11-01,19.3037
제주,남해,33.5269,126.5436,33.6250,126.6250,2000-12-01,17.5145
제주,남해,33.5269,126.5436,33.6250,126.6250,2001-01-01,15.1339
제주,남해,33.5269,126.5436,33.6250,126.6250,2001-02-01,13.6279
제주,남해,33.5269,126.5436,33.6250,126.6250,2001-03-01,13.5742
제주,남해,33.5269,126.5436,33.6250,126.6250,2001-04-01,14.9593
제주,남해,33.5269,126.5436,33.6250,126.6250,2001-05-01,17.1674
제주,남해,33.5269,126.5436,33.6250,126.6250,2001-06-01,19.9180
제주,남해,33.5269,126.5436,33.6250,126.6250,2001-07-01,25.4861
제주,남해,33.5269,126.5436,33.6250,126.6250,2001-08-01,28.3868
제주,남해,33.5269,126.5436,33.6250,126.6250,2001-09-01,25.0043
제주,남해,33.5269,126.5436,33.6250,126.6250,2001-10-01,22.0894
제주,남해,33.5269,126.5436,33.6250,126.6250,2001-11-01,19.1183
제주,남해,33.5269,126.5436,33.6250,126.6250,2001-12-01,16.1748
제주,남해,33.5269,126.5436,33.6250,126.6250,2002-01-01,14.6484
제주,남해,33.5269,126.5436,33.6250,126.6250,2002-02-01,14.2143
제주,남해,33.5269,126.5436,33.6250,126.6250,2002-03-01,13.7097
제주,남해,33.5269,126.5436,33.6250,126.6250,2002-04-01,14.0813
제주,남해,33.5269,126.5436,33.6250,126.6250,2002-05-01,16.1000
제주,남해,33.5269,126.5436,33.6250,126.6250,2002-06-01,20.6230
제주,남해,33.5269,126.5436,33.6250,126.6250,2002-07-01,22.3587
제주,남해,33.5269,126.5436,33.6250,126.6250,2002-08-01,25.3048
제주,남해,33.5269,126.5436,33.6250,126.6250,2002-09-01,23.6047
제주,남해,33.5269,126.5436,33.6250,126.6250,2002-10-01,21.7390
제주,남해,33.5269,126.5436,33.6250,126.6250,2002-11-01,18.2757
제주,남해,33.5269,126.5436,33.6250,126.6250,2002-12-01,16.1774
제주,남해,33.5269,126.5436,33.6250,126.6250,2003-01-01,14.9697
제주,남해,33.5269,126.5436,33.6250,126.6250,2003-02-01,13.7796
제주,남해,33.5269,126.5436,33.6250,126.6250,2003-03-01,13.2674
제주,남해,33.5269,126.5436,33.6250,126.6250,2003-04-01,13.1557
제주,남해,33.5269,126.5436,33.6250,126.6250,2003-05-01,16.5103
제주,남해,33.5269,126.5436,33.6250,126.6250,2003-06-01,19.3973
제주,남해,33.5269,126.5436,33.6250,126.6250,2003-07-01,22.2435
제주,남해,33.5269,126.5436,33.6250,126.6250,2003-08-01,25.9513
제주,남해,33.5269,126.5436,33.6250,126.6250,2003-09-01,24.6017
제주,남해,33.5269,126.5436,33.6250,126.6250,2003-10-01,20.9739
제주,남해,33.5269,126.5436,33.6250,126.6250,2003-11-01,19.1677
제주,남해,33.5269,126.5436,33.6250,126.6250,2003-12-01,16.5003
제주,남해,33.5269,126.5436,33.6250,126.6250,2004-01-01,15.0752
제주,남해,33.5269,126.5436,33.6250,126.6250,2004-02-01,14.2079
제주,남해,33.5269,126.5436,33.6250,126.6250,2004-03-01,14.1684
제주,남해,33.5269,126.5436,33.6250,126.6250,2004-04-01,14.3073
제주,남해,33.5269,126.5436,33.6250,126.6250,2004-05-01,15.8432
제주,남해,33.5269,126.5436,33.6250,126.6250,2004-06-01,20.1793
제주,남해,33.5269,126.5436,33.6250,126.6250,2004-07-01,24.9668
제주,남해,33.5269,126.5436,33.6250,126.6250,2004-08-01,27.6990
제주,남해,33.5269,126.5436,33.6250,126.6250,2004-09-01,24.7423
제주,남해,33.5269,126.5436,33.6250,126.6250,2004-10-01,21.9687
제주,남해,33.5269,126.5436,33.6250,126.6250,2004-11-01,19.1457
제주,남해,33.5269,126.5436,33.6250,126.6250,2004-12-01,17.4603
제주,남해,33.5269,126.5436,33.6250,126.6250,2005-01-01,15.4390
제주,남해,33.5269,126.5436,33.6250,126.6250,2005-02-01,13.7514
제주,남해,33.5269,126.5436,33.6250,126.6250,2005-03-01,13.5668
제주,남해,33.5269,126.5436,33.6250,126.6250,2005-04-01,15.0740
제주,남해,33.5269,126.5436,33.6250,126.6250,2005-05-01,16.9284
제주,남해,33.5269,126.5436,33.6250,126.6250,2005-06-01,21.5017
제주,남해,33.5269,126.5436,33.6250,126.6250,2005-07-01,25.4584
제주,남해,33.5269,126.5436,33.6250,126.6250,2005-08-01,26.9816
제주,남해,33.5269,126.5436,33.6250,126.6250,2005-09-01,25.0940
제주,남해,33.5269,126.5436,33.6250,126.6250,2005-10-01,22.6013
제주,남해,33.5269,126.5436,33.6250,126.6250,2005-11-01,19.3727
제주,남해,33.5269,126.5436,33.6250,126.6250,2005-12-01,16.1097
제주,남해,33.5269,126.5436,33.6250,126.6250,2006-01-01,14.6155
제주,남해,33.5269,126.5436,33.6250,126.6250,2006-02-01,13.4236
제주,남해,33.5269,126.5436,33.6250,126.6250,2006-03-01,13.2490
제주,남해,33.5269,126.5436,33.6250,126.6250,2006-04-01,13.2937
제주,남해,33.5269,126.5436,33.6250,126.6250,2006-05-01,15.1252
제주,남해,33.5269,126.5436,33.6250,126.6250,2006-06-01,18.6520
제주,남해,33.5269,126.5436,33.6250,126.6250,2006-07-01,23.2194
제주,남해,33.5269,126.5436,33.6250,126.6250,2006-08-01,28.4032
제주,남해,33.5269,126.5436,33.6250,126.6250,2006-09-01,24.6503
제주,남해,33.5269,126.5436,33.6250,126.6250,2006-10-01,23.0174
제주,남해,33.5269,126.5436,33.6250,126.6250,2006-11-01,19.6083
제주,남해,33.5269,126.5436,33.6250,126.6250,2006-12-01,16.3861
제주,남해,33.5269,126.5436,33.6250,126.6250,2007-01-01,15.3971
제주,남해,33.5269,126.5436,33.6250,126.6250,2007-02-01,14.7218
제주,남해,33.5269,126.5436,33.6250,126.6250,2007-03-01,13.9848
제주,남해,33.5269,126.5436,33.6250,126.6250,2007-04-01,14.1777
제주,남해,33.5269,126.5436,33.6250,126.6250,2007-05-01,16.4945
제주,남해,33.5269,126.5436,33.6250,126.6250,2007-06-01,19.7127
제주,남해,33.5269,126.5436,33.6250,126.6250,2007-07-01,23.1768
제주,남해,33.5269,126.5436,33.6250,126.6250,2007-08-01,27.9529
제주,남해,33.5269,126.5436,33.6250,126.6250,2007-09-01,24.9457
제주,남해,33.5269,126.5436,33.6250,126.6250,2007-10-01,21.9881
제주,남해,33.5269,126.5436,33.6250,126.6250,2007-11-01,18.4120
제주,남해,33.5269,126.5436,33.6250,126.6250,2007-12-01,16.9800
제주,남해,33.5269,126.5436,33.6250,126.6250,2008-01-01,15.4048
제주,남해,33.5269,126.5436,33.6250,126.6250,2008-02-01,13.9507
제주,남해,33.5269,126.5436,33.6250,126.6250,2008-03-01,13.6003
제주,남해,33.5269,126.5436,33.6250,126.6250,2008-04-01,14.3983
제주,남해,33.5269,126.5436,33.6250,126.6250,2008-05-01,16.2006
제주,남해,33.5269,126.5436,33.6250,126.6250,2008-06-01,19.1347
제주,남해,33.5269,126.5436,33.6250,126.6250,2008-07-01,24.5542
제주,남해,33.5269,126.5436,33.6250,126.6250,2008-08-01,26.5235
제주,남해,33.5269,126.5436,33.6250,126.6250,2008-09-01,24.9653
제주,남해,33.5269,126.5436,33.6250,126.6250,2008-10-01,22.1610
제주,남해,33.5269,126.5436,33.6250,126.6250,2008-11-01,19.2867
제주,남해,33.5269,126.5436,33.6250,126.6250,2008-12-01,16.9868
제주,남해,33.5269,126.5436,33.6250,126.6250,2009-01-01,14.8090
제주,남해,33.5269,126.5436,33.6250,126.6250,2009-02-01,14.4711
제주,남해,33.5269,126.5436,33.6250,126.6250,2009-03-01,14.5590
제주,남해,33.5269,126.5436,33.6250,126.6250,2009-04-01,15.2247
제주,남해,33.5269,126.5436,33.6250,126.6250,2009-05-01,17.1616
제주,남해,33.5269,126.5436,33.6250,126.6250,2009-06-01,20.3740
제주,남해,33.5269,126.5436,33.6250,126.6250,2009-07-01,23.7765
제주,남해,33.5269,126.5436,33.6250,126.6250,2009-08-01,25.2242
제주,남해,33.5269,126.5436,33.6250,126.6250,2009-09-01,24.5733
제주,남해,33.5269,126.5436,33.6250,126.6250,2009-10-01,21.8674
제주,남해,33.5269,126.5436,33.6250,126.6250,2009-11-01,19.0300
제주,남해,33.5269,126.5436,33.6250,126.6250,2009-12-01,17.3574
제주,남해,33.5269,126.5436,33.6250,126.6250,2010-01-01,14.8113
제주,남해,33.5269,126.5436,33.6250,126.6250,2010-02-01,13.5675
제주,남해,33.5269,126.5436,33.6250,126.6250,2010-03-01,13.7174
제주,남해,33.5269,126.5436,33.6250,126.6250,2010-04-01,14.3683
제주,남해,33.5269,126.5436,33.6250,126.6250,2010-05-01,16.4690
제주,남해,33.5269,126.5436,33.6250,126.6250,2010-06-01,20.0773
제주,남해,33.5269,126.5436,33.6250,126.6250,2010-07-01,23.9445
제주,남해,33.5269,126.5436,33.6250,126.6250,2010-08-01,27.7184
제주,남해,33.5269,126.5436,33.6250,126.6250,2010-09-01,25.2740
제주,남해,33.5269,126.5436,33.6250,126.6250,2010-10-01,21.5671
제주,남해,33.5269,126.5436,33.6250,126.6250,2010-11-01,18.9123
제주,남해,33.5269,126.5436,33.6250,126.6250,2010-12-01,16.2406
제주,남해,33.5269,126.5436,33.6250,126.6250,2011-01-01,14.9758
제주,남해,33.5269,126.5436,33.6250,126.6250,2011-02-01,13.4471
제주,남해,33.5269,126.5436,33.6250,126.6250,2011-03-01,13.2303
제주,남해,33.5269,126.5436,33.6250,126.6250,2011-04-01,13.5167
제주,남해,33.5269,126.5436,33.6250,126.6250,2011-05-01,15.1187
제주,남해,33.5269,126.5436,33.6250,126.6250,2011-06-01,18.0320
제주,남해,33.5269,126.5436,33.6250,126.6250,2011-07-01,23.8419
제주,남해,33.5269,126.5436,33.6250,126.6250,2011-08-01,24.3442
제주,남해,33.5269,126.5436,33.6250,126.6250,2011-09-01,23.7930
제주,남해,33.5269,126.5436,33.6250,126.6250,2011-10-01,22.1545
제주,남해,33.5269,126.5436,33.6250,126.6250,2011-11-01,19.9523
제주,남해,33.5269,126.5436,33.6250,126.6250,2011-12-01,16.9129
제주,남해,33.5269,126.5436,33.6250,126.6250,2012-01-01,15.3181
제주,남해,33.5269,126.5436,33.6250,126.6250,2012-02-01,13.5907
제주,남해,33.5269,126.5436,33.6250,126.6250,2012-03-01,13.4106
제주,남해,33.5269,126.5436,33.6250,126.6250,2012-04-01,14.8653
제주,남해,33.5269,126.5436,33.6250,126.6250,2012-05-01,16.6416
제주,남해,33.5269,126.5436,33.6250,126.6250,2012-06-01,20.6170
제주,남해,33.5269,126.5436,33.6250,126.6250,2012-07-01,24.0952
제주,남해,33.5269,126.5436,33.6250,126.6250,2012-08-01,25.7494
제주,남해,33.5269,126.5436,33.6250,126.6250,2012-09-01,22.2803
제주,남해,33.5269,126.5436,33.6250,126.6250,2012-10-01,21.3452
제주,남해,33.5269,126.5436,33.6250,126.6250,2012-11-01,17.8043
제주,남해,33.5269,126.5436,33.6250,126.6250,2012-12-01,16.3581
제주,남해,33.5269,126.5436,33.6250,126.6250,2013-01-01,14.4219
제주,남해,33.5269,126.5436,33.6250,126.6250,2013-02-01,13.6436
제주,남해,33.5269,126.5436,33.6250,126.6250,2013-03-01,13.7252
제주,남해,33.5269,126.5436,33.6250,126.6250,2013-04-01,14.4957
제주,남해,33.5269,126.5436,33.6250,126.6250,2013-05-01,16.3071
제주,남해,33.5269,126.5436,33.6250,126.6250,2013-06-01,19.5037
제주,남해,33.5269,126.5436,33.6250,126.6250,2013-07-01,24.7487
제주,남해,33.5269,126.5436,33.6250,126.6250,2013-08-01,28.6100
제주,남해,33.5269,126.5436,33.6250,126.6250,2013-09-01,25.7807
제주,남해,33.5269,126.5436,33.6250,126.6250,2013-10-01,22.8268
제주,남해,33.5269,126.5436,33.6250,126.6250,2013-11-01,19.0427
제주,남해,33.5269,126.5436,33.6250,126.6250,2013-12-01,17.0932
제주,남해,33.5269,126.5436,33.6250,126.6250,2014-01-01,15.9245
제주,남해,33.5269,126.5436,33.6250,126.6250,2014-02-01,14.4611
제주,남해,33.5269,126.5436,33.6250,126.6250,2014-03-01,14.1848
제주,남해,33.5269,126.5436,33.6250,126.6250,2014-04-01,15.2643
제주,남해,33.5269,126.5436,33.6250,126.6250,2014-05-01,16.6977
제주,남해,33.5269,126.5436,33.6250,126.6250,2014-06-01,19.9857
제주,남해,33.5269,126.5436,33.6250,126.6250,2014-07-01,22.6481
제주,남해,33.5269,126.5436,33.6250,126.6250,2014-08-01,24.3971
제주,남해,33.5269,126.5436,33.6250,126.6250,2014-09-01,25.2853
제주,남해,33.5269,126.5436,33.6250,126.6250,2014-10-01,21.5403
제주,남해,33.5269,126.5436,33.6250,126.6250,2014-11-01,18.4693
제주,남해,33.5269,126.5436,33.6250,126.6250,2014-12-01,16.6735
제주,남해,33.5269,126.5436,33.6250,126.6250,2015-01-01,15.4700
제주,남해,33.5269,126.5436,33.6250,126.6250,2015-02-01,13.9971
제주,남해,33.5269,126.5436,33.6250,126.6250,2015-03-01,12.7613
제주,남해,33.5269,126.5436,33.6250,126.6250,2015-04-01,13.1697
제주,남해,33.5269,126.5436,33.6250,126.6250,2015-05-01,15.6742
제주,남해,33.5269,126.5436,33.6250,126.6250,2015-06-01,19.1227
제주,남해,33.5269,126.5436,33.6250,126.6250,2015-07-01,22.2810
제주,남해,33.5269,126.5436,33.6250,126.6250,2015-08-01,26.2761
제주,남해,33.5269,126.5436,33.6250,126.6250,2015-09-01,24.3917
제주,남해,33.5269,126.5436,33.6250,126.6250,2015-10-01,21.4881
제주,남해,33.5269,126.5436,33.6250,126.6250,2015-11-01,19.0877
제주,남해,33.5269,126.5436,33.6250,126.6250,2015-12-01,15.9671
제주,남해,33.5269,126.5436,33.6250,126.6250,2016-01-01,15.8119
제주,남해,33.5269,126.5436,33.6250,126.6250,2016-02-01,14.1762
제주,남해,33.5269,126.5436,33.6250,126.6250,2016-03-01,14.1684
제주,남해,33.5269,126.5436,33.6250,126.6250,2016-04-01,14.6090
제주,남해,33.5269,126.5436,33.6250,126.6250,2016-05-01,16.4852
제주,남해,33.5269,126.5436,33.6250,126.6250,2016-06-01,20.8750
제주,남해,33.5269,126.5436,33.6250,126.6250,2016-07-01,24.8774
제주,남해,33.5269,126.5436,33.6250,126.6250,2016-08-01,28.2287
제주,남해,33.5269,126.5436,33.6250,126.6250,2016-09-01,24.6487
제주,남해,33.5269,126.5436,33.6250,126.6250,2016-10-01,22.2242
제주,남해,33.5269,126.5436,33.6250,126.6250,2016-11-01,18.6637
제주,남해,33.5269,126.5436,33.6250,126.6250,2016-12-01,17.1432
제주,남해,33.5269,126.5436,33.6250,126.6250,2017-01-01,16.3187
제주,남해,33.5269,126.5436,33.6250,126.6250,2017-02-01,14.8843
제주,남해,33.5269,126.5436,33.6250,126.6250,2017-03-01,14.5684
제주,남해,33.5269,126.5436,33.6250,126.6250,2017-04-01,13.7817
제주,남해,33.5269,126.5436,33.6250,126.6250,2017-05-01,16.4587
제주,남해,33.5269,126.5436,33.6250,126.6250,2017-06-01,20.3453
제주,남해,33.5269,126.5436,33.6250,126.6250,2017-07-01,26.7868
제주,남해,33.5269,126.5436,33.6250,126.6250,2017-08-01,28.2232
제주,남해,33.5269,126.5436,33.6250,126.6250,2017-09-01,25.0843
제주,남해,33.5269,126.5436,33.6250,126.6250,2017-10-01,22.1561
제주,남해,33.5269,126.5436,33.6250,126.6250,2017-11-01,19.1113
제주,남해,33.5269,126.5436,33.6250,126.6250,2017-12-01,17.3187
제주,남해,33.5269,126.5436,33.6250,126.6250,2018-01-01,15.5897
제주,남해,33.5269,126.5436,33.6250,126.6250,2018-02-01,13.7146
제주,남해,33.5269,126.5436,33.6250,126.6250,2018-03-01,13.5690
제주,남해,33.5269,126.5436,33.6250,126.6250,2018-04-01,15.0030
제주,남해,33.5269,126.5436,33.6250,126.6250,2018-05-01,16.4758
제주,남해,33.5269,126.5436,33.6250,126.6250,2018-06-01,20.4257
제주,남해,33.5269,126.5436,33.6250,126.6250,2018-07-01,24.9119
제주,남해,33.5269,126.5436,33.6250,126.6250,2018-08-01,26.3742
제주,남해,33.5269,126.5436,33.6250,126.6250,2018-09-01,24.0343
제주,남해,33.5269,126.5436,33.6250,126.6250,2018-10-01,21.4806
제주,남해,33.5269,126.5436,33.6250,126.6250,2018-11-01,18.9150
제주,남해,33.5269,126.5436,33.6250,126.6250,2018-12-01,17.5742
제주,남해,33.5269,126.5436,33.6250,126.6250,2019-01-01,15.9703
제주,남해,33.5269,126.5436,33.6250,126.6250,2019-02-01,14.8257
제주,남해,33.5269,126.5436,33.6250,126.6250,2019-03-01,14.1061
제주,남해,33.5269,126.5436,33.6250,126.6250,2019-04-01,15.5930
제주,남해,33.5269,126.5436,33.6250,126.6250,2019-05-01,17.3574
제주,남해,33.5269,126.5436,33.6250,126.6250,2019-06-01,20.2427
제주,남해,33.5269,126.5436,33.6250,126.6250,2019-07-01,22.8994
제주,남해,33.5269,126.5436,33.6250,126.6250,2019-08-01,26.9158
제주,남해,33.5269,126.5436,33.6250,126.6250,2019-09-01,24.5710
제주,남해,33.5269,126.5436,33.6250,126.6250,2019-10-01,22.6816
제주,남해,33.5269,126.5436,33.6250,126.6250,2019-11-01,19.5027
제주,남해,33.5269,126.5436,33.6250,126.6250,2019-12-01,17.2261
제주,남해,33.5269,126.5436,33.6250,126.6250,2020-01-01,15.9874
제주,남해,33.5269,126.5436,33.6250,126.6250,2020-02-01,14.9393
제주,남해,33.5269,126.5436,33.6250,126.6250,2020-03-01,14.7800
제주,남해,33.5269,126.5436,33.6250,126.6250,2020-04-01,14.8413
제주,남해,33.5269,126.5436,33.6250,126.6250,2020-05-01,15.7910
제주,남해,33.5269,126.5436,33.6250,126.6250,2020-06-01,20.1730
제주,남해,33.5269,126.5436,33.6250,126.6250,2020-07-01,21.4903
제주,남해,33.5269,126.5436,33.6250,126.6250,2020-08-01,26.2952
제주,남해,33.5269,126.5436,33.6250,126.6250,2020-09-01,24.1290
제주,남해,33.5269,126.5436,33.6250,126.6250,2020-10-01,21.8332
제주,남해,33.5269,126.5436,33.6250,126.6250,2020-11-01,18.4677
제주,남해,33.5269,126.5436,33.6250,126.6250,2020-12-01,16.1994
제주,남해,33.5269,126.5436,33.6250,126.6250,2021-01-01,15.4442
제주,남해,33.5269,126.5436,33.6250,126.6250,2021-02-01,15.0436
제주,남해,33.5269,126.5436,33.6250,126.6250,2021-03-01,14.4994
제주,남해,33.5269,126.5436,33.6250,126.6250,2021-04-01,15.3573
제주,남해,33.5269,126.5436,33.6250,126.6250,2021-05-01,17.0287
제주,남해,33.5269,126.5436,33.6250,126.6250,2021-06-01,21.8663
제주,남해,33.5269,126.5436,33.6250,126.6250,2021-07-01,25.9306
제주,남해,33.5269,126.5436,33.6250,126.6250,2021-08-01,27.1032
제주,남해,33.5269,126.5436,33.6250,126.6250,2021-09-01,25.6410
제주,남해,33.5269,126.5436,33.6250,126.6250,2021-10-01,23.1655
제주,남해,33.5269,126.5436,33.6250,126.6250,2021-11-01,18.6313
제주,남해,33.5269,126.5436,33.6250,126.6250,2021-12-01,17.4148
제주,남해,33.5269,126.5436,33.6250,126.6250,2022-01-01,16.0352
제주,남해,33.5269,126.5436,33.6250,126.6250,2022-02-01,14.0264
제주,남해,33.5269,126.5436,33.6250,126.6250,2022-03-01,13.3161
제주,남해,33.5269,126.5436,33.6250,126.6250,2022-04-01,14.5573
제주,남해,33.5269,126.5436,33.6250,126.6250,2022-05-01,17.1710
제주,남해,33.5269,126.5436,33.6250,126.6250,2022-06-01,20.1117
제주,남해,33.5269,126.5436,33.6250,126.6250,2022-07-01,26.5532
제주,남해,33.5269,126.5436,33.6250,126.6250,2022-08-01,28.2890
제주,남해,33.5269,126.5436,33.6250,126.6250,2022-09-01,25.3613
제주,남해,33.5269,126.5436,33.6250,126.6250,2022-10-01,21.6429
제주,남해,33.5269,126.5436,33.6250,126.6250,2022-11-01,19.3877
제주,남해,33.5269,126.5436,33.6250,126.6250,2022-12-01,17.6058
제주,남해,33.5269,126.5436,33.6250,126.6250,2023-01-01,15.8097
제주,남해,33.5269,126.5436,33.6250,126.6250,2023-02-01,14.8436
제주,남해,33.5269,126.5436,33.6250,126.6250,2023-03-01,14.4923
제주,남해,33.5269,126.5436,33.6250,126.6250,2023-04-01,15.2260
제주,남해,33.5269,126.5436,33.6250,126.6250,2023-05-01,17.2665
제주,남해,33.5269,126.5436,33.6250,126.6250,2023-06-01,20.8483
제주,남해,33.5269,126.5436,33.6250,126.6250,2023-07-01,24.9384
제주,남해,33.5269,126.5436,33.6250,126.6250,2023-08-01,28.5861
제주,남해,33.5269,126.5436,33.6250,126.6250,2023-09-01,27.0340
제주,남해,33.5269,126.5436,33.6250,126.6250,2023-10-01,21.9135
제주,남해,33.5269,126.5436,33.6250,126.6250,2023-11-01,19.9077
제주,남해,33.5269,126.5436,33.6250,126.6250,2023-12-01,17.0126
제주,남해,33.5269,126.5436,33.6250,126.6250,2024-01-01,16.4565
제주,남해,33.5269,126.5436,33.6250,126.6250,2024-02-01,15.3300
제주,남해,33.5269,126.5436,33.6250,126.6250,2024-03-01,14.7081
제주,남해,33.5269,126.5436,33.6250,126.6250,2024-04-01,16.0170
제주,남해,33.5269,126.5436,33.6250,126.6250,2024-05-01,17.8639
제주,남해,33.5269,126.5436,33.6250,126.6250,2024-06-01,21.2497
제주,남해,33.5269,126.5436,33.6250,126.6250,2024-07-01,25.0319
제주,남해,33.5269,126.5436,33.6250,126.6250,2024-08-01,29.8629
제주,남해,33.5269,126.5436,33.6250,126.6250,2024-09-01,28.8070
제주,남해,33.5269,126.5436,33.6250,126.6250,2024-10-01,24.9074
제주,남해,33.5269,126.5436,33.6250,126.6250,2024-11-01,20.3600
제주,남해,33.5269,126.5436,33.6250,126.6250,2024-12-01,17.2432
제주,남해,33.5269,126.5436,33.6250,126.6250,2025-01-01,15.3674
제주,남해,33.5269,126.5436,33.6250,126.6250,2025-02-01,13.8907
제주,남해,33.5269,126.5436,33.6250,126.6250,2025-03-01,13.0619
제주,남해,33.5269,126.5436,33.6250,126.6250,2025-04-01,14.1953
제주,남해,33.5269,126.5436,33.6250,126.6250,2025-05-01,15.5571
제주,남해,33.5269,126.5436,33.6250,126.6250,2025-06-01,19.6357
제주,남해,33.5269,126.5436,33.6250,126.6250,2025-07-01,26.2439
제주,남해,33.5269,126.5436,33.6250,126.6250,2025-08-01,28.9681
제주,남해,33.5269,126.5436,33.6250,126.6250,2025-09-01,28.4453
제주,남해,33.5269,126.5436,33.6250,126.6250,2025-10-01,25.7458
제주,남해,33.5269,126.5436,33.6250,126.6250,2025-11-01,21.1297
제주,남해,33.5269,126.5436,33.6250,126.6250,2025-12-01,18.0245
제주,남해,33.5269,126.5436,33.6250,126.6250,2026-01-01,16.1894
제주,남해,33.5269,126.5436,33.6250,126.6250,2026-02-01,15.0107
제주,남해,33.5269,126.5436,33.6250,126.6250,2026-03-01,14.8048
제주,남해,33.5269,126.5436,33.6250,126.6250,2026-04-01,15.3120
서귀포,남해,33.2400,126.5614,33.1250,126.6250,1981-09-01,25.6207
서귀포,남해,33.2400,126.5614,33.1250,126.6250,1981-10-01,24.3897
서귀포,남해,33.2400,126.5614,33.1250,126.6250,1981-11-01,21.5633
서귀포,남해,33.2400,126.5614,33.1250,126.6250,1981-12-01,18.9800
서귀포,남해,33.2400,126.5614,33.1250,126.6250,1982-01-01,16.4110
서귀포,남해,33.2400,126.5614,33.1250,126.6250,1982-02-01,14.9575
서귀포,남해,33.2400,126.5614,33.1250,126.6250,1982-03-01,15.2919
서귀포,남해,33.2400,126.5614,33.1250,126.6250,1982-04-01,15.9013
서귀포,남해,33.2400,126.5614,33.1250,126.6250,1982-05-01,18.9597
서귀포,남해,33.2400,126.5614,33.1250,126.6250,1982-06-01,21.7347
서귀포,남해,33.2400,126.5614,33.1250,126.6250,1982-07-01,23.3797
서귀포,남해,33.2400,126.5614,33.1250,126.6250,1982-08-01,26.4213
서귀포,남해,33.2400,126.5614,33.1250,126.6250,1982-09-01,24.6357
서귀포,남해,33.2400,126.5614,33.1250,126.6250,1982-10-01,23.9223
서귀포,남해,33.2400,126.5614,33.1250,126.6250,1982-11-01,21.5063
서귀포,남해,33.2400,126.5614,33.1250,126.6250,1982-12-01,18.7858
서귀포,남해,33.2400,126.5614,33.1250,126.6250,1983-01-01,16.9416
서귀포,남해,33.2400,126.5614,33.1250,126.6250,1983-02-01,15.5029
서귀포,남해,33.2400,126.5614,33.1250,126.6250,1983-03-01,15.0416
서귀포,남해,33.2400,126.5614,33.1250,126.6250,1983-04-01,15.8090
서귀포,남해,33.2400,126.5614,33.1250,126.6250,1983-05-01,18.3906
서귀포,남해,33.2400,126.5614,33.1250,126.6250,1983-06-01,20.4107
서귀포,남해,33.2400,126.5614,33.1250,126.6250,1983-07-01,24.3126
서귀포,남해,33.2400,126.5614,33.1250,126.6250,1983-08-01,28.2400
서귀포,남해,33.2400,126.5614,33.1250,126.6250,1983-09-01,26.4453
서귀포,남해,33.2400,126.5614,33.1250,126.6250,1983-10-01,24.1206
서귀포,남해,33.2400,126.5614,33.1250,126.6250,1983-11-01,19.9353
서귀포,남해,33.2400,126.5614,33.1250,126.6250,1983-12-01,17.8161
서귀포,남해,33.2400,126.5614,33.1250,126.6250,1984-01-01,16.1390
서귀포,남해,33.2400,126.5614,33.1250,126.6250,1984-02-01,14.0424
서귀포,남해,33.2400,126.5614,33.1250,126.6250,1984-03-01,13.2077
서귀포,남해,33.2400,126.5614,33.1250,126.6250,1984-04-01,14.1793
서귀포,남해,33.2400,126.5614,33.1250,126.6250,1984-05-01,17.2452
서귀포,남해,33.2400,126.5614,33.1250,126.6250,1984-06-01,21.9637
서귀포,남해,33.2400,126.5614,33.1250,126.6250,1984-07-01,25.8797
서귀포,남해,33.2400,126.5614,33.1250,126.6250,1984-08-01,27.0010
서귀포,남해,33.2400,126.5614,33.1250,126.6250,1984-09-01,24.8237
서귀포,남해,33.2400,126.5614,33.1250,126.6250,1984-10-01,22.6855
서귀포,남해,33.2400,126.5614,33.1250,126.6250,1984-11-01,20.2817
서귀포,남해,33.2400,126.5614,33.1250,126.6250,1984-12-01,17.5845
서귀포,남해,33.2400,126.5614,33.1250,126.6250,1985-01-01,16.0913
서귀포,남해,33.2400,126.5614,33.1250,126.6250,1985-02-01,15.1636
서귀포,남해,33.2400,126.5614,33.1250,126.6250,1985-03-01,14.5616
서귀포,남해,33.2400,126.5614,33.1250,126.6250,1985-04-01,16.1593
서귀포,남해,33.2400,126.5614,33.1250,126.6250,1985-05-01,18.5268
서귀포,남해,33.2400,126.5614,33.1250,126.6250,1985-06-01,21.2940
서귀포,남해,33.2400,126.5614,33.1250,126.6250,1985-07-01,24.6242
서귀포,남해,33.2400,126.5614,33.1250,126.6250,1985-08-01,26.5752
서귀포,남해,33.2400,126.5614,33.1250,126.6250,1985-09-01,26.1810
서귀포,남해,33.2400,126.5614,33.1250,126.6250,1985-10-01,22.2752
서귀포,남해,33.2400,126.5614,33.1250,126.6250,1985-11-01,19.1497
서귀포,남해,33.2400,126.5614,33.1250,126.6250,1985-12-01,17.5939
서귀포,남해,33.2400,126.5614,33.1250,126.6250,1986-01-01,15.4461
서귀포,남해,33.2400,126.5614,33.1250,126.6250,1986-02-01,13.6971
서귀포,남해,33.2400,126.5614,33.1250,126.6250,1986-03-01,14.0187
서귀포,남해,33.2400,126.5614,33.1250,126.6250,1986-04-01,15.2403
서귀포,남해,33.2400,126.5614,33.1250,126.6250,1986-05-01,17.0326
서귀포,남해,33.2400,126.5614,33.1250,126.6250,1986-06-01,20.1307
서귀포,남해,33.2400,126.5614,33.1250,126.6250,1986-07-01,23.4848
서귀포,남해,33.2400,126.5614,33.1250,126.6250,1986-08-01,27.1206
서귀포,남해,33.2400,126.5614,33.1250,126.6250,1986-09-01,23.4650
서귀포,남해,33.2400,126.5614,33.1250,126.6250,1986-10-01,23.1510
서귀포,남해,33.2400,126.5614,33.1250,126.6250,1986-11-01,21.0277
서귀포,남해,33.2400,126.5614,33.1250,126.6250,1986-12-01,18.6268
서귀포,남해,33.2400,126.5614,33.1250,126.6250,1987-01-01,16.6123
서귀포,남해,33.2400,126.5614,33.1250,126.6250,1987-02-01,15.1718
서귀포,남해,33.2400,126.5614,33.1250,126.6250,1987-03-01,15.3487
서귀포,남해,33.2400,126.5614,33.1250,126.6250,1987-04-01,15.8700
서귀포,남해,33.2400,126.5614,33.1250,126.6250,1987-05-01,17.3877
서귀포,남해,33.2400,126.5614,33.1250,126.6250,1987-06-01,20.5487
서귀포,남해,33.2400,126.5614,33.1250,126.6250,1987-07-01,23.2423
서귀포,남해,33.2400,126.5614,33.1250,126.6250,1987-08-01,26.6497
서귀포,남해,33.2400,126.5614,33.1250,126.6250,1987-09-01,25.4967
서귀포,남해,33.2400,126.5614,33.1250,126.6250,1987-10-01,23.1029
서귀포,남해,33.2400,126.5614,33.1250,126.6250,1987-11-01,19.7180
서귀포,남해,33.2400,126.5614,33.1250,126.6250,1987-12-01,18.3358
서귀포,남해,33.2400,126.5614,33.1250,126.6250,1988-01-01,16.3197
서귀포,남해,33.2400,126.5614,33.1250,126.6250,1988-02-01,14.9183
서귀포,남해,33.2400,126.5614,33.1250,126.6250,1988-03-01,14.5642
서귀포,남해,33.2400,126.5614,33.1250,126.6250,1988-04-01,15.5663
서귀포,남해,33.2400,126.5614,33.1250,126.6250,1988-05-01,18.1545
서귀포,남해,33.2400,126.5614,33.1250,126.6250,1988-06-01,21.4920
서귀포,남해,33.2400,126.5614,33.1250,126.6250,1988-07-01,25.3500
서귀포,남해,33.2400,126.5614,33.1250,126.6250,1988-08-01,27.3032
서귀포,남해,33.2400,126.5614,33.1250,126.6250,1988-09-01,25.7913
서귀포,남해,33.2400,126.5614,33.1250,126.6250,1988-10-01,22.7081
서귀포,남해,33.2400,126.5614,33.1250,126.6250,1988-11-01,20.8517
서귀포,남해,33.2400,126.5614,33.1250,126.6250,1988-12-01,17.8190
서귀포,남해,33.2400,126.5614,33.1250,126.6250,1989-01-01,16.5629
서귀포,남해,33.2400,126.5614,33.1250,126.6250,1989-02-01,14.9975
서귀포,남해,33.2400,126.5614,33.1250,126.6250,1989-03-01,15.1268
서귀포,남해,33.2400,126.5614,33.1250,126.6250,1989-04-01,16.1313
서귀포,남해,33.2400,126.5614,33.1250,126.6250,1989-05-01,17.7239
서귀포,남해,33.2400,126.5614,33.1250,126.6250,1989-06-01,19.9990
서귀포,남해,33.2400,126.5614,33.1250,126.6250,1989-07-01,24.3381
서귀포,남해,33.2400,126.5614,33.1250,126.6250,1989-08-01,25.8981
서귀포,남해,33.2400,126.5614,33.1250,126.6250,1989-09-01,25.9880
서귀포,남해,33.2400,126.5614,33.1250,126.6250,1989-10-01,22.8771
서귀포,남해,33.2400,126.5614,33.1250,126.6250,1989-11-01,19.9497
서귀포,남해,33.2400,126.5614,33.1250,126.6250,1989-12-01,18.1552
서귀포,남해,33.2400,126.5614,33.1250,126.6250,1990-01-01,16.6526
서귀포,남해,33.2400,126.5614,33.1250,126.6250,1990-02-01,15.5407
서귀포,남해,33.2400,126.5614,33.1250,126.6250,1990-03-01,15.8013
서귀포,남해,33.2400,126.5614,33.1250,126.6250,1990-04-01,15.4137
서귀포,남해,33.2400,126.5614,33.1250,126.6250,1990-05-01,17.9310
서귀포,남해,33.2400,126.5614,33.1250,126.6250,1990-06-01,20.7830
서귀포,남해,33.2400,126.5614,33.1250,126.6250,1990-07-01,24.7832
서귀포,남해,33.2400,126.5614,33.1250,126.6250,1990-08-01,28.9432
서귀포,남해,33.2400,126.5614,33.1250,126.6250,1990-09-01,26.1070
서귀포,남해,33.2400,126.5614,33.1250,126.6250,1990-10-01,23.7852
서귀포,남해,33.2400,126.5614,33.1250,126.6250,1990-11-01,21.2403
서귀포,남해,33.2400,126.5614,33.1250,126.6250,1990-12-01,19.0377
서귀포,남해,33.2400,126.5614,33.1250,126.6250,1991-01-01,16.4155
서귀포,남해,33.2400,126.5614,33.1250,126.6250,1991-02-01,14.0604
서귀포,남해,33.2400,126.5614,33.1250,126.6250,1991-03-01,15.1984
서귀포,남해,33.2400,126.5614,33.1250,126.6250,1991-04-01,16.0280
서귀포,남해,33.2400,126.5614,33.1250,126.6250,1991-05-01,17.5319
서귀포,남해,33.2400,126.5614,33.1250,126.6250,1991-06-01,20.1633
서귀포,남해,33.2400,126.5614,33.1250,126.6250,1991-07-01,24.3639
서귀포,남해,33.2400,126.5614,33.1250,126.6250,1991-08-01,26.0539
서귀포,남해,33.2400,126.5614,33.1250,126.6250,1991-09-01,25.3000
서귀포,남해,33.2400,126.5614,33.1250,126.6250,1991-10-01,21.9629
서귀포,남해,33.2400,126.5614,33.1250,126.6250,1991-11-01,20.4843
서귀포,남해,33.2400,126.5614,33.1250,126.6250,1991-12-01,18.4223
서귀포,남해,33.2400,126.5614,33.1250,126.6250,1992-01-01,16.8403
서귀포,남해,33.2400,126.5614,33.1250,126.6250,1992-02-01,15.5169
서귀포,남해,33.2400,126.5614,33.1250,126.6250,1992-03-01,15.3523
서귀포,남해,33.2400,126.5614,33.1250,126.6250,1992-04-01,16.2153
서귀포,남해,33.2400,126.5614,33.1250,126.6250,1992-05-01,17.5481
서귀포,남해,33.2400,126.5614,33.1250,126.6250,1992-06-01,20.6783
서귀포,남해,33.2400,126.5614,33.1250,126.6250,1992-07-01,24.4713
서귀포,남해,33.2400,126.5614,33.1250,126.6250,1992-08-01,27.3532
서귀포,남해,33.2400,126.5614,33.1250,126.6250,1992-09-01,26.2173
서귀포,남해,33.2400,126.5614,33.1250,126.6250,1992-10-01,21.9771
서귀포,남해,33.2400,126.5614,33.1250,126.6250,1992-11-01,21.2493
서귀포,남해,33.2400,126.5614,33.1250,126.6250,1992-12-01,18.3216
서귀포,남해,33.2400,126.5614,33.1250,126.6250,1993-01-01,16.4355
서귀포,남해,33.2400,126.5614,33.1250,126.6250,1993-02-01,15.1339
서귀포,남해,33.2400,126.5614,33.1250,126.6250,1993-03-01,14.9190
서귀포,남해,33.2400,126.5614,33.1250,126.6250,1993-04-01,15.0447
서귀포,남해,33.2400,126.5614,33.1250,126.6250,1993-05-01,16.8023
서귀포,남해,33.2400,126.5614,33.1250,126.6250,1993-06-01,20.0223
서귀포,남해,33.2400,126.5614,33.1250,126.6250,1993-07-01,22.9281
서귀포,남해,33.2400,126.5614,33.1250,126.6250,1993-08-01,25.3532
서귀포,남해,33.2400,126.5614,33.1250,126.6250,1993-09-01,25.3917
서귀포,남해,33.2400,126.5614,33.1250,126.6250,1993-10-01,21.9674
서귀포,남해,33.2400,126.5614,33.1250,126.6250,1993-11-01,20.4577
서귀포,남해,33.2400,126.5614,33.1250,126.6250,1993-12-01,18.3261
서귀포,남해,33.2400,126.5614,33.1250,126.6250,1994-01-01,16.2597
서귀포,남해,33.2400,126.5614,33.1250,126.6250,1994-02-01,14.9396
서귀포,남해,33.2400,126.5614,33.1250,126.6250,1994-03-01,14.8790
서귀포,남해,33.2400,126.5614,33.1250,126.6250,1994-04-01,16.0007
서귀포,남해,33.2400,126.5614,33.1250,126.6250,1994-05-01,17.7058
서귀포,남해,33.2400,126.5614,33.1250,126.6250,1994-06-01,20.8223
서귀포,남해,33.2400,126.5614,33.1250,126.6250,1994-07-01,27.0629
서귀포,남해,33.2400,126.5614,33.1250,126.6250,1994-08-01,27.0826
서귀포,남해,33.2400,126.5614,33.1250,126.6250,1994-09-01,26.0220
서귀포,남해,33.2400,126.5614,33.1250,126.6250,1994-10-01,23.4158
서귀포,남해,33.2400,126.5614,33.1250,126.6250,1994-11-01,21.4950
서귀포,남해,33.2400,126.5614,33.1250,126.6250,1994-12-01,18.8384
서귀포,남해,33.2400,126.5614,33.1250,126.6250,1995-01-01,16.9919
서귀포,남해,33.2400,126.5614,33.1250,126.6250,1995-02-01,15.4111
서귀포,남해,33.2400,126.5614,33.1250,126.6250,1995-03-01,14.6423
서귀포,남해,33.2400,126.5614,33.1250,126.6250,1995-04-01,15.4870
서귀포,남해,33.2400,126.5614,33.1250,126.6250,1995-05-01,16.7994
서귀포,남해,33.2400,126.5614,33.1250,126.6250,1995-06-01,20.2950
서귀포,남해,33.2400,126.5614,33.1250,126.6250,1995-07-01,24.4739
서귀포,남해,33.2400,126.5614,33.1250,126.6250,1995-08-01,27.6413
서귀포,남해,33.2400,126.5614,33.1250,126.6250,1995-09-01,26.2897
서귀포,남해,33.2400,126.5614,33.1250,126.6250,1995-10-01,23.9316
서귀포,남해,33.2400,126.5614,33.1250,126.6250,1995-11-01,21.0230
서귀포,남해,33.2400,126.5614,33.1250,126.6250,1995-12-01,17.8819
서귀포,남해,33.2400,126.5614,33.1250,126.6250,1996-01-01,15.5926
서귀포,남해,33.2400,126.5614,33.1250,126.6250,1996-02-01,14.4714
서귀포,남해,33.2400,126.5614,33.1250,126.6250,1996-03-01,14.9997
서귀포,남해,33.2400,126.5614,33.1250,126.6250,1996-04-01,15.3357
서귀포,남해,33.2400,126.5614,33.1250,126.6250,1996-05-01,18.0477
서귀포,남해,33.2400,126.5614,33.1250,126.6250,1996-06-01,21.2853
서귀포,남해,33.2400,126.5614,33.1250,126.6250,1996-07-01,24.0055
서귀포,남해,33.2400,126.5614,33.1250,126.6250,1996-08-01,28.0416
서귀포,남해,33.2400,126.5614,33.1250,126.6250,1996-09-01,26.5590
서귀포,남해,33.2400,126.5614,33.1250,126.6250,1996-10-01,23.1997
서귀포,남해,33.2400,126.5614,33.1250,126.6250,1996-11-01,22.1393
서귀포,남해,33.2400,126.5614,33.1250,126.6250,1996-12-01,19.0958
서귀포,남해,33.2400,126.5614,33.1250,126.6250,1997-01-01,16.8097
서귀포,남해,33.2400,126.5614,33.1250,126.6250,1997-02-01,15.6000
서귀포,남해,33.2400,126.5614,33.1250,126.6250,1997-03-01,15.5284
서귀포,남해,33.2400,126.5614,33.1250,126.6250,1997-04-01,16.4000
서귀포,남해,33.2400,126.5614,33.1250,126.6250,1997-05-01,18.5213
서귀포,남해,33.2400,126.5614,33.1250,126.6250,1997-06-01,21.7213
서귀포,남해,33.2400,126.5614,33.1250,126.6250,1997-07-01,25.1174
서귀포,남해,33.2400,126.5614,33.1250,126.6250,1997-08-01,26.5177
서귀포,남해,33.2400,126.5614,33.1250,126.6250,1997-09-01,25.9090
서귀포,남해,33.2400,126.5614,33.1250,126.6250,1997-10-01,22.6890
서귀포,남해,33.2400,126.5614,33.1250,126.6250,1997-11-01,21.7410
서귀포,남해,33.2400,126.5614,33.1250,126.6250,1997-12-01,19.1487
서귀포,남해,33.2400,126.5614,33.1250,126.6250,1998-01-01,16.7445
서귀포,남해,33.2400,126.5614,33.1250,126.6250,1998-02-01,15.7575
서귀포,남해,33.2400,126.5614,33.1250,126.6250,1998-03-01,15.7326
서귀포,남해,33.2400,126.5614,33.1250,126.6250,1998-04-01,16.9980
서귀포,남해,33.2400,126.5614,33.1250,126.6250,1998-05-01,18.4390
서귀포,남해,33.2400,126.5614,33.1250,126.6250,1998-06-01,21.5947
서귀포,남해,33.2400,126.5614,33.1250,126.6250,1998-07-01,25.7258
서귀포,남해,33.2400,126.5614,33.1250,126.6250,1998-08-01,28.2487
서귀포,남해,33.2400,126.5614,33.1250,126.6250,1998-09-01,26.3050
서귀포,남해,33.2400,126.5614,33.1250,126.6250,1998-10-01,22.8248
서귀포,남해,33.2400,126.5614,33.1250,126.6250,1998-11-01,21.4180
서귀포,남해,33.2400,126.5614,33.1250,126.6250,1998-12-01,19.4245
서귀포,남해,33.2400,126.5614,33.1250,126.6250,1999-01-01,16.9874
서귀포,남해,33.2400,126.5614,33.1250,126.6250,1999-02-01,15.7032
서귀포,남해,33.2400,126.5614,33.1250,126.6250,1999-03-01,15.3658
서귀포,남해,33.2400,126.5614,33.1250,126.6250,1999-04-01,16.1227
서귀포,남해,33.2400,126.5614,33.1250,126.6250,1999-05-01,18.5732
서귀포,남해,33.2400,126.5614,33.1250,126.6250,1999-06-01,21.6997
서귀포,남해,33.2400,126.5614,33.1250,126.6250,1999-07-01,23.5713
서귀포,남해,33.2400,126.5614,33.1250,126.6250,1999-08-01,24.4606
서귀포,남해,33.2400,126.5614,33.1250,126.6250,1999-09-01,26.0157
서귀포,남해,33.2400,126.5614,33.1250,126.6250,1999-10-01,24.0632
서귀포,남해,33.2400,126.5614,33.1250,126.6250,1999-11-01,21.3270
서귀포,남해,33.2400,126.5614,33.1250,126.6250,1999-12-01,18.0697
서귀포,남해,33.2400,126.5614,33.1250,126.6250,2000-01-01,16.9294
서귀포,남해,33.2400,126.5614,33.1250,126.6250,2000-02-01,15.7038
서귀포,남해,33.2400,126.5614,33.1250,126.6250,2000-03-01,14.2000
서귀포,남해,33.2400,126.5614,33.1250,126.6250,2000-04-01,14.4523
서귀포,남해,33.2400,126.5614,33.1250,126.6250,2000-05-01,16.8919
서귀포,남해,33.2400,126.5614,33.1250,126.6250,2000-06-01,20.9740
서귀포,남해,33.2400,126.5614,33.1250,126.6250,2000-07-01,26.0187
서귀포,남해,33.2400,126.5614,33.1250,126.6250,2000-08-01,28.3255
서귀포,남해,33.2400,126.5614,33.1250,126.6250,2000-09-01,25.5987
서귀포,남해,33.2400,126.5614,33.1250,126.6250,2000-10-01,24.2194
서귀포,남해,33.2400,126.5614,33.1250,126.6250,2000-11-01,21.3620
서귀포,남해,33.2400,126.5614,33.1250,126.6250,2000-12-01,18.9594
서귀포,남해,33.2400,126.5614,33.1250,126.6250,2001-01-01,16.8574
서귀포,남해,33.2400,126.5614,33.1250,126.6250,2001-02-01,15.1407
서귀포,남해,33.2400,126.5614,33.1250,126.6250,2001-03-01,15.3545
서귀포,남해,33.2400,126.5614,33.1250,126.6250,2001-04-01,16.7433
서귀포,남해,33.2400,126.5614,33.1250,126.6250,2001-05-01,18.5523
서귀포,남해,33.2400,126.5614,33.1250,126.6250,2001-06-01,20.9563
서귀포,남해,33.2400,126.5614,33.1250,126.6250,2001-07-01,26.4397
서귀포,남해,33.2400,126.5614,33.1250,126.6250,2001-08-01,29.0684
서귀포,남해,33.2400,126.5614,33.1250,126.6250,2001-09-01,25.9077
서귀포,남해,33.2400,126.5614,33.1250,126.6250,2001-10-01,23.5184
서귀포,남해,33.2400,126.5614,33.1250,126.6250,2001-11-01,21.2693
서귀포,남해,33.2400,126.5614,33.1250,126.6250,2001-12-01,18.3752
서귀포,남해,33.2400,126.5614,33.1250,126.6250,2002-01-01,16.0110
서귀포,남해,33.2400,126.5614,33.1250,126.6250,2002-02-01,15.6750
서귀포,남해,33.2400,126.5614,33.1250,126.6250,2002-03-01,15.2435
서귀포,남해,33.2400,126.5614,33.1250,126.6250,2002-04-01,15.2657
서귀포,남해,33.2400,126.5614,33.1250,126.6250,2002-05-01,17.3623
서귀포,남해,33.2400,126.5614,33.1250,126.6250,2002-06-01,21.7620
서귀포,남해,33.2400,126.5614,33.1250,126.6250,2002-07-01,23.8094
서귀포,남해,33.2400,126.5614,33.1250,126.6250,2002-08-01,26.1687
서귀포,남해,33.2400,126.5614,33.1250,126.6250,2002-09-01,24.7983
서귀포,남해,33.2400,126.5614,33.1250,126.6250,2002-10-01,23.1484
서귀포,남해,33.2400,126.5614,33.1250,126.6250,2002-11-01,20.4750
서귀포,남해,33.2400,126.5614,33.1250,126.6250,2002-12-01,17.9526
서귀포,남해,33.2400,126.5614,33.1250,126.6250,2003-01-01,16.2871
서귀포,남해,33.2400,126.5614,33.1250,126.6250,2003-02-01,14.6411
서귀포,남해,33.2400,126.5614,33.1250,126.6250,2003-03-01,14.7900
서귀포,남해,33.2400,126.5614,33.1250,126.6250,2003-04-01,15.4127
서귀포,남해,33.2400,126.5614,33.1250,126.6250,2003-05-01,18.1665
서귀포,남해,33.2400,126.5614,33.1250,126.6250,2003-06-01,20.8080
서귀포,남해,33.2400,126.5614,33.1250,126.6250,2003-07-01,23.4703
서귀포,남해,33.2400,126.5614,33.1250,126.6250,2003-08-01,27.3384
서귀포,남해,33.2400,126.5614,33.1250,126.6250,2003-09-01,26.0713
서귀포,남해,33.2400,126.5614,33.1250,126.6250,2003-10-01,23.3835
서귀포,남해,33.2400,126.5614,33.1250,126.6250,2003-11-01,21.8970
서귀포,남해,33.2400,126.5614,33.1250,126.6250,2003-12-01,18.5416
서귀포,남해,33.2400,126.5614,33.1250,126.6250,2004-01-01,17.0216
서귀포,남해,33.2400,126.5614,33.1250,126.6250,2004-02-01,15.3003
서귀포,남해,33.2400,126.5614,33.1250,126.6250,2004-03-01,15.0474
서귀포,남해,33.2400,126.5614,33.1250,126.6250,2004-04-01,16.1803
서귀포,남해,33.2400,126.5614,33.1250,126.6250,2004-05-01,17.7674
서귀포,남해,33.2400,126.5614,33.1250,126.6250,2004-06-01,21.9890
서귀포,남해,33.2400,126.5614,33.1250,126.6250,2004-07-01,25.5074
서귀포,남해,33.2400,126.5614,33.1250,126.6250,2004-08-01,28.5635
서귀포,남해,33.2400,126.5614,33.1250,126.6250,2004-09-01,25.8257
서귀포,남해,33.2400,126.5614,33.1250,126.6250,2004-10-01,23.5035
서귀포,남해,33.2400,126.5614,33.1250,126.6250,2004-11-01,21.1623
서귀포,남해,33.2400,126.5614,33.1250,126.6250,2004-12-01,19.4442
서귀포,남해,33.2400,126.5614,33.1250,126.6250,2005-01-01,17.4774
서귀포,남해,33.2400,126.5614,33.1250,126.6250,2005-02-01,15.1904
서귀포,남해,33.2400,126.5614,33.1250,126.6250,2005-03-01,14.9832
서귀포,남해,33.2400,126.5614,33.1250,126.6250,2005-04-01,16.1673
서귀포,남해,33.2400,126.5614,33.1250,126.6250,2005-05-01,18.5319
서귀포,남해,33.2400,126.5614,33.1250,126.6250,2005-06-01,22.7250
서귀포,남해,33.2400,126.5614,33.1250,126.6250,2005-07-01,26.6997
서귀포,남해,33.2400,126.5614,33.1250,126.6250,2005-08-01,27.5223
서귀포,남해,33.2400,126.5614,33.1250,126.6250,2005-09-01,26.2673
서귀포,남해,33.2400,126.5614,33.1250,126.6250,2005-10-01,24.6626
서귀포,남해,33.2400,126.5614,33.1250,126.6250,2005-11-01,22.0237
서귀포,남해,33.2400,126.5614,33.1250,126.6250,2005-12-01,18.3742
서귀포,남해,33.2400,126.5614,33.1250,126.6250,2006-01-01,16.2681
서귀포,남해,33.2400,126.5614,33.1250,126.6250,2006-02-01,15.1621
서귀포,남해,33.2400,126.5614,33.1250,126.6250,2006-03-01,15.1787
서귀포,남해,33.2400,126.5614,33.1250,126.6250,2006-04-01,15.2350
서귀포,남해,33.2400,126.5614,33.1250,126.6250,2006-05-01,16.7910
서귀포,남해,33.2400,126.5614,33.1250,126.6250,2006-06-01,20.2180
서귀포,남해,33.2400,126.5614,33.1250,126.6250,2006-07-01,23.7352
서귀포,남해,33.2400,126.5614,33.1250,126.6250,2006-08-01,28.7448
서귀포,남해,33.2400,126.5614,33.1250,126.6250,2006-09-01,26.4130
서귀포,남해,33.2400,126.5614,33.1250,126.6250,2006-10-01,24.5387
서귀포,남해,33.2400,126.5614,33.1250,126.6250,2006-11-01,21.7150
서귀포,남해,33.2400,126.5614,33.1250,126.6250,2006-12-01,19.1687
서귀포,남해,33.2400,126.5614,33.1250,126.6250,2007-01-01,16.7365
서귀포,남해,33.2400,126.5614,33.1250,126.6250,2007-02-01,16.0157
서귀포,남해,33.2400,126.5614,33.1250,126.6250,2007-03-01,15.6777
서귀포,남해,33.2400,126.5614,33.1250,126.6250,2007-04-01,15.8507
서귀포,남해,33.2400,126.5614,33.1250,126.6250,2007-05-01,18.0510
서귀포,남해,33.2400,126.5614,33.1250,126.6250,2007-06-01,21.1827
서귀포,남해,33.2400,126.5614,33.1250,126.6250,2007-07-01,24.5577
서귀포,남해,33.2400,126.5614,33.1250,126.6250,2007-08-01,28.4426
서귀포,남해,33.2400,126.5614,33.1250,126.6250,2007-09-01,26.3937
서귀포,남해,33.2400,126.5614,33.1250,126.6250,2007-10-01,24.2765
서귀포,남해,33.2400,126.5614,33.1250,126.6250,2007-11-01,21.7123
서귀포,남해,33.2400,126.5614,33.1250,126.6250,2007-12-01,18.9884
서귀포,남해,33.2400,126.5614,33.1250,126.6250,2008-01-01,16.8348
서귀포,남해,33.2400,126.5614,33.1250,126.6250,2008-02-01,15.7103
서귀포,남해,33.2400,126.5614,33.1250,126.6250,2008-03-01,15.3684
서귀포,남해,33.2400,126.5614,33.1250,126.6250,2008-04-01,15.7580
서귀포,남해,33.2400,126.5614,33.1250,126.6250,2008-05-01,18.0252
서귀포,남해,33.2400,126.5614,33.1250,126.6250,2008-06-01,20.5430
서귀포,남해,33.2400,126.5614,33.1250,126.6250,2008-07-01,25.4006
서귀포,남해,33.2400,126.5614,33.1250,126.6250,2008-08-01,27.8126
서귀포,남해,33.2400,126.5614,33.1250,126.6250,2008-09-01,25.9263
서귀포,남해,33.2400,126.5614,33.1250,126.6250,2008-10-01,24.3803
서귀포,남해,33.2400,126.5614,33.1250,126.6250,2008-11-01,22.1683
서귀포,남해,33.2400,126.5614,33.1250,126.6250,2008-12-01,19.0126
서귀포,남해,33.2400,126.5614,33.1250,126.6250,2009-01-01,16.5471
서귀포,남해,33.2400,126.5614,33.1250,126.6250,2009-02-01,15.8507
서귀포,남해,33.2400,126.5614,33.1250,126.6250,2009-03-01,16.3739
서귀포,남해,33.2400,126.5614,33.1250,126.6250,2009-04-01,17.3180
서귀포,남해,33.2400,126.5614,33.1250,126.6250,2009-05-01,18.5513
서귀포,남해,33.2400,126.5614,33.1250,126.6250,2009-06-01,21.0440
서귀포,남해,33.2400,126.5614,33.1250,126.6250,2009-07-01,24.7152
서귀포,남해,33.2400,126.5614,33.1250,126.6250,2009-08-01,26.2123
서귀포,남해,33.2400,126.5614,33.1250,126.6250,2009-09-01,26.3503
서귀포,남해,33.2400,126.5614,33.1250,126.6250,2009-10-01,23.7771
서귀포,남해,33.2400,126.5614,33.1250,126.6250,2009-11-01,21.2123
서귀포,남해,33.2400,126.5614,33.1250,126.6250,2009-12-01,18.8681
서귀포,남해,33.2400,126.5614,33.1250,126.6250,2010-01-01,16.3081
서귀포,남해,33.2400,126.5614,33.1250,126.6250,2010-02-01,15.0982
서귀포,남해,33.2400,126.5614,33.1250,126.6250,2010-03-01,15.1190
서귀포,남해,33.2400,126.5614,33.1250,126.6250,2010-04-01,15.8843
서귀포,남해,33.2400,126.5614,33.1250,126.6250,2010-05-01,18.0600
서귀포,남해,33.2400,126.5614,33.1250,126.6250,2010-06-01,20.8417
서귀포,남해,33.2400,126.5614,33.1250,126.6250,2010-07-01,24.6055
서귀포,남해,33.2400,126.5614,33.1250,126.6250,2010-08-01,27.4997
서귀포,남해,33.2400,126.5614,33.1250,126.6250,2010-09-01,26.6437
서귀포,남해,33.2400,126.5614,33.1250,126.6250,2010-10-01,24.4029
서귀포,남해,33.2400,126.5614,33.1250,126.6250,2010-11-01,21.6940
서귀포,남해,33.2400,126.5614,33.1250,126.6250,2010-12-01,19.0139
서귀포,남해,33.2400,126.5614,33.1250,126.6250,2011-01-01,16.0916
서귀포,남해,33.2400,126.5614,33.1250,126.6250,2011-02-01,15.2029
서귀포,남해,33.2400,126.5614,33.1250,126.6250,2011-03-01,14.8484
서귀포,남해,33.2400,126.5614,33.1250,126.6250,2011-04-01,15.6410
서귀포,남해,33.2400,126.5614,33.1250,126.6250,2011-05-01,16.9016
서귀포,남해,33.2400,126.5614,33.1250,126.6250,2011-06-01,19.3920
서귀포,남해,33.2400,126.5614,33.1250,126.6250,2011-07-01,24.9006
서귀포,남해,33.2400,126.5614,33.1250,126.6250,2011-08-01,25.0535
서귀포,남해,33.2400,126.5614,33.1250,126.6250,2011-09-01,26.2813
서귀포,남해,33.2400,126.5614,33.1250,126.6250,2011-10-01,24.3906
서귀포,남해,33.2400,126.5614,33.1250,126.6250,2011-11-01,21.8547
서귀포,남해,33.2400,126.5614,33.1250,126.6250,2011-12-01,18.9119
서귀포,남해,33.2400,126.5614,33.1250,126.6250,2012-01-01,16.7197
서귀포,남해,33.2400,126.5614,33.1250,126.6250,2012-02-01,15.2245
서귀포,남해,33.2400,126.5614,33.1250,126.6250,2012-03-01,15.2284
서귀포,남해,33.2400,126.5614,33.1250,126.6250,2012-04-01,16.8160
서귀포,남해,33.2400,126.5614,33.1250,126.6250,2012-05-01,18.5781
서귀포,남해,33.2400,126.5614,33.1250,126.6250,2012-06-01,21.2067
서귀포,남해,33.2400,126.5614,33.1250,126.6250,2012-07-01,24.9042
서귀포,남해,33.2400,126.5614,33.1250,126.6250,2012-08-01,26.5703
서귀포,남해,33.2400,126.5614,33.1250,126.6250,2012-09-01,23.9980
서귀포,남해,33.2400,126.5614,33.1250,126.6250,2012-10-01,23.5945
서귀포,남해,33.2400,126.5614,33.1250,126.6250,2012-11-01,20.5797
서귀포,남해,33.2400,126.5614,33.1250,126.6250,2012-12-01,18.1068
서귀포,남해,33.2400,126.5614,33.1250,126.6250,2013-01-01,15.8745
서귀포,남해,33.2400,126.5614,33.1250,126.6250,2013-02-01,15.3843
서귀포,남해,33.2400,126.5614,33.1250,126.6250,2013-03-01,15.8384
서귀포,남해,33.2400,126.5614,33.1250,126.6250,2013-04-01,16.1253
서귀포,남해,33.2400,126.5614,33.1250,126.6250,2013-05-01,18.3655
서귀포,남해,33.2400,126.5614,33.1250,126.6250,2013-06-01,20.6493
서귀포,남해,33.2400,126.5614,33.1250,126.6250,2013-07-01,25.5158
서귀포,남해,33.2400,126.5614,33.1250,126.6250,2013-08-01,29.0042
서귀포,남해,33.2400,126.5614,33.1250,126.6250,2013-09-01,27.4027
서귀포,남해,33.2400,126.5614,33.1250,126.6250,2013-10-01,24.6984
서귀포,남해,33.2400,126.5614,33.1250,126.6250,2013-11-01,21.9940
서귀포,남해,33.2400,126.5614,33.1250,126.6250,2013-12-01,18.7419
서귀포,남해,33.2400,126.5614,33.1250,126.6250,2014-01-01,17.0503
서귀포,남해,33.2400,126.5614,33.1250,126.6250,2014-02-01,16.0368
서귀포,남해,33.2400,126.5614,33.1250,126.6250,2014-03-01,15.9123
서귀포,남해,33.2400,126.5614,33.1250,126.6250,2014-04-01,16.9763
서귀포,남해,33.2400,126.5614,33.1250,126.6250,2014-05-01,17.9158
서귀포,남해,33.2400,126.5614,33.1250,126.6250,2014-06-01,20.2370
서귀포,남해,33.2400,126.5614,33.1250,126.6250,2014-07-01,23.1929
서귀포,남해,33.2400,126.5614,33.1250,126.6250,2014-08-01,25.7871
서귀포,남해,33.2400,126.5614,33.1250,126.6250,2014-09-01,25.9233
서귀포,남해,33.2400,126.5614,33.1250,126.6250,2014-10-01,22.3106
서귀포,남해,33.2400,126.5614,33.1250,126.6250,2014-11-01,20.9833
서귀포,남해,33.2400,126.5614,33.1250,126.6250,2014-12-01,18.3045
서귀포,남해,33.2400,126.5614,33.1250,126.6250,2015-01-01,16.4329
서귀포,남해,33.2400,126.5614,33.1250,126.6250,2015-02-01,15.4846
서귀포,남해,33.2400,126.5614,33.1250,126.6250,2015-03-01,14.5668
서귀포,남해,33.2400,126.5614,33.1250,126.6250,2015-04-01,14.7297
서귀포,남해,33.2400,126.5614,33.1250,126.6250,2015-05-01,17.4852
서귀포,남해,33.2400,126.5614,33.1250,126.6250,2015-06-01,19.9333
서귀포,남해,33.2400,126.5614,33.1250,126.6250,2015-07-01,22.9190
서귀포,남해,33.2400,126.5614,33.1250,126.6250,2015-08-01,27.1400
서귀포,남해,33.2400,126.5614,33.1250,126.6250,2015-09-01,25.1273
서귀포,남해,33.2400,126.5614,33.1250,126.6250,2015-10-01,22.8658
서귀포,남해,33.2400,126.5614,33.1250,126.6250,2015-11-01,21.3107
서귀포,남해,33.2400,126.5614,33.1250,126.6250,2015-12-01,18.8406
서귀포,남해,33.2400,126.5614,33.1250,126.6250,2016-01-01,16.8706
서귀포,남해,33.2400,126.5614,33.1250,126.6250,2016-02-01,15.4934
서귀포,남해,33.2400,126.5614,33.1250,126.6250,2016-03-01,15.4965
서귀포,남해,33.2400,126.5614,33.1250,126.6250,2016-04-01,16.6810
서귀포,남해,33.2400,126.5614,33.1250,126.6250,2016-05-01,18.4377
서귀포,남해,33.2400,126.5614,33.1250,126.6250,2016-06-01,21.7113
서귀포,남해,33.2400,126.5614,33.1250,126.6250,2016-07-01,26.0277
서귀포,남해,33.2400,126.5614,33.1250,126.6250,2016-08-01,29.4432
서귀포,남해,33.2400,126.5614,33.1250,126.6250,2016-09-01,25.3580
서귀포,남해,33.2400,126.5614,33.1250,126.6250,2016-10-01,24.1229
서귀포,남해,33.2400,126.5614,33.1250,126.6250,2016-11-01,22.1607
서귀포,남해,33.2400,126.5614,33.1250,126.6250,2016-12-01,19.5926
서귀포,남해,33.2400,126.5614,33.1250,126.6250,2017-01-01,17.2981
서귀포,남해,33.2400,126.5614,33.1250,126.6250,2017-02-01,16.2889
서귀포,남해,33.2400,126.5614,33.1250,126.6250,2017-03-01,15.8003
서귀포,남해,33.2400,126.5614,33.1250,126.6250,2017-04-01,16.1590
서귀포,남해,33.2400,126.5614,33.1250,126.6250,2017-05-01,18.6277
서귀포,남해,33.2400,126.5614,33.1250,126.6250,2017-06-01,22.0150
서귀포,남해,33.2400,126.5614,33.1250,126.6250,2017-07-01,27.2406
서귀포,남해,33.2400,126.5614,33.1250,126.6250,2017-08-01,29.2010
서귀포,남해,33.2400,126.5614,33.1250,126.6250,2017-09-01,27.5063
서귀포,남해,33.2400,126.5614,33.1250,126.6250,2017-10-01,24.2316
서귀포,남해,33.2400,126.5614,33.1250,126.6250,2017-11-01,21.9853
서귀포,남해,33.2400,126.5614,33.1250,126.6250,2017-12-01,18.7668
서귀포,남해,33.2400,126.5614,33.1250,126.6250,2018-01-01,16.1555
서귀포,남해,33.2400,126.5614,33.1250,126.6250,2018-02-01,14.9875
서귀포,남해,33.2400,126.5614,33.1250,126.6250,2018-03-01,15.2945
서귀포,남해,33.2400,126.5614,33.1250,126.6250,2018-04-01,16.8217
서귀포,남해,33.2400,126.5614,33.1250,126.6250,2018-05-01,18.2410
서귀포,남해,33.2400,126.5614,33.1250,126.6250,2018-06-01,22.1807
서귀포,남해,33.2400,126.5614,33.1250,126.6250,2018-07-01,25.7339
서귀포,남해,33.2400,126.5614,33.1250,126.6250,2018-08-01,26.8900
서귀포,남해,33.2400,126.5614,33.1250,126.6250,2018-09-01,25.9470
서귀포,남해,33.2400,126.5614,33.1250,126.6250,2018-10-01,23.1555
서귀포,남해,33.2400,126.5614,33.1250,126.6250,2018-11-01,21.5280
서귀포,남해,33.2400,126.5614,33.1250,126.6250,2018-12-01,19.7894
서귀포,남해,33.2400,126.5614,33.1250,126.6250,2019-01-01,17.6339
서귀포,남해,33.2400,126.5614,33.1250,126.6250,2019-02-01,16.5739
서귀포,남해,33.2400,126.5614,33.1250,126.6250,2019-03-01,16.5729
서귀포,남해,33.2400,126.5614,33.1250,126.6250,2019-04-01,17.0637
서귀포,남해,33.2400,126.5614,33.1250,126.6250,2019-05-01,19.1632
서귀포,남해,33.2400,126.5614,33.1250,126.6250,2019-06-01,21.4050
서귀포,남해,33.2400,126.5614,33.1250,126.6250,2019-07-01,23.8152
서귀포,남해,33.2400,126.5614,33.1250,126.6250,2019-08-01,27.4545
서귀포,남해,33.2400,126.5614,33.1250,126.6250,2019-09-01,26.2833
서귀포,남해,33.2400,126.5614,33.1250,126.6250,2019-10-01,24.3487
서귀포,남해,33.2400,126.5614,33.1250,126.6250,2019-11-01,21.8207
서귀포,남해,33.2400,126.5614,33.1250,126.6250,2019-12-01,20.0035
서귀포,남해,33.2400,126.5614,33.1250,126.6250,2020-01-01,17.4800
서귀포,남해,33.2400,126.5614,33.1250,126.6250,2020-02-01,16.3259
서귀포,남해,33.2400,126.5614,33.1250,126.6250,2020-03-01,16.1123
서귀포,남해,33.2400,126.5614,33.1250,126.6250,2020-04-01,16.9790
서귀포,남해,33.2400,126.5614,33.1250,126.6250,2020-05-01,17.6735
서귀포,남해,33.2400,126.5614,33.1250,126.6250,2020-06-01,21.7780
서귀포,남해,33.2400,126.5614,33.1250,126.6250,2020-07-01,23.3600
서귀포,남해,33.2400,126.5614,33.1250,126.6250,2020-08-01,27.5926
서귀포,남해,33.2400,126.5614,33.1250,126.6250,2020-09-01,24.6643
서귀포,남해,33.2400,126.5614,33.1250,126.6250,2020-10-01,23.1752
서귀포,남해,33.2400,126.5614,33.1250,126.6250,2020-11-01,21.4010
서귀포,남해,33.2400,126.5614,33.1250,126.6250,2020-12-01,19.2355
서귀포,남해,33.2400,126.5614,33.1250,126.6250,2021-01-01,17.2065
서귀포,남해,33.2400,126.5614,33.1250,126.6250,2021-02-01,16.4811
서귀포,남해,33.2400,126.5614,33.1250,126.6250,2021-03-01,16.4806
서귀포,남해,33.2400,126.5614,33.1250,126.6250,2021-04-01,17.6247
서귀포,남해,33.2400,126.5614,33.1250,126.6250,2021-05-01,19.1194
서귀포,남해,33.2400,126.5614,33.1250,126.6250,2021-06-01,22.6177
서귀포,남해,33.2400,126.5614,33.1250,126.6250,2021-07-01,26.5510
서귀포,남해,33.2400,126.5614,33.1250,126.6250,2021-08-01,27.4323
서귀포,남해,33.2400,126.5614,33.1250,126.6250,2021-09-01,26.6793
서귀포,남해,33.2400,126.5614,33.1250,126.6250,2021-10-01,25.2065
서귀포,남해,33.2400,126.5614,33.1250,126.6250,2021-11-01,21.5910
서귀포,남해,33.2400,126.5614,33.1250,126.6250,2021-12-01,19.6868
서귀포,남해,33.2400,126.5614,33.1250,126.6250,2022-01-01,17.2481
서귀포,남해,33.2400,126.5614,33.1250,126.6250,2022-02-01,15.4479
서귀포,남해,33.2400,126.5614,33.1250,126.6250,2022-03-01,16.1387
서귀포,남해,33.2400,126.5614,33.1250,126.6250,2022-04-01,18.2853
서귀포,남해,33.2400,126.5614,33.1250,126.6250,2022-05-01,19.6490
서귀포,남해,33.2400,126.5614,33.1250,126.6250,2022-06-01,21.4950
서귀포,남해,33.2400,126.5614,33.1250,126.6250,2022-07-01,27.2216
서귀포,남해,33.2400,126.5614,33.1250,126.6250,2022-08-01,29.0787
서귀포,남해,33.2400,126.5614,33.1250,126.6250,2022-09-01,26.6260
서귀포,남해,33.2400,126.5614,33.1250,126.6250,2022-10-01,24.2735
서귀포,남해,33.2400,126.5614,33.1250,126.6250,2022-11-01,22.3157
서귀포,남해,33.2400,126.5614,33.1250,126.6250,2022-12-01,20.0210
서귀포,남해,33.2400,126.5614,33.1250,126.6250,2023-01-01,17.4074
서귀포,남해,33.2400,126.5614,33.1250,126.6250,2023-02-01,16.3986
서귀포,남해,33.2400,126.5614,33.1250,126.6250,2023-03-01,16.9471
서귀포,남해,33.2400,126.5614,33.1250,126.6250,2023-04-01,17.9103
서귀포,남해,33.2400,126.5614,33.1250,126.6250,2023-05-01,18.8239
서귀포,남해,33.2400,126.5614,33.1250,126.6250,2023-06-01,22.2643
서귀포,남해,33.2400,126.5614,33.1250,126.6250,2023-07-01,25.8139
서귀포,남해,33.2400,126.5614,33.1250,126.6250,2023-08-01,28.8068
서귀포,남해,33.2400,126.5614,33.1250,126.6250,2023-09-01,27.7433
서귀포,남해,33.2400,126.5614,33.1250,126.6250,2023-10-01,24.5816
서귀포,남해,33.2400,126.5614,33.1250,126.6250,2023-11-01,22.5720
서귀포,남해,33.2400,126.5614,33.1250,126.6250,2023-12-01,19.7194
서귀포,남해,33.2400,126.5614,33.1250,126.6250,2024-01-01,17.5752
서귀포,남해,33.2400,126.5614,33.1250,126.6250,2024-02-01,16.3755
서귀포,남해,33.2400,126.5614,33.1250,126.6250,2024-03-01,16.3165
서귀포,남해,33.2400,126.5614,33.1250,126.6250,2024-04-01,17.4600
서귀포,남해,33.2400,126.5614,33.1250,126.6250,2024-05-01,19.3574
서귀포,남해,33.2400,126.5614,33.1250,126.6250,2024-06-01,22.2103
서귀포,남해,33.2400,126.5614,33.1250,126.6250,2024-07-01,25.8819
서귀포,남해,33.2400,126.5614,33.1250,126.6250,2024-08-01,30.5606
서귀포,남해,33.2400,126.5614,33.1250,126.6250,2024-09-01,29.5347
서귀포,남해,33.2400,126.5614,33.1250,126.6250,2024-10-01,26.3852
서귀포,남해,33.2400,126.5614,33.1250,126.6250,2024-11-01,22.6207
서귀포,남해,33.2400,126.5614,33.1250,126.6250,2024-12-01,19.0487
서귀포,남해,33.2400,126.5614,33.1250,126.6250,2025-01-01,16.6181
서귀포,남해,33.2400,126.5614,33.1250,126.6250,2025-02-01,14.9639
서귀포,남해,33.2400,126.5614,33.1250,126.6250,2025-03-01,14.9877
서귀포,남해,33.2400,126.5614,33.1250,126.6250,2025-04-01,15.8617
서귀포,남해,33.2400,126.5614,33.1250,126.6250,2025-05-01,17.3287
서귀포,남해,33.2400,126.5614,33.1250,126.6250,2025-06-01,20.9793
서귀포,남해,33.2400,126.5614,33.1250,126.6250,2025-07-01,27.1223
서귀포,남해,33.2400,126.5614,33.1250,126.6250,2025-08-01,29.2994
서귀포,남해,33.2400,126.5614,33.1250,126.6250,2025-09-01,29.6670
서귀포,남해,33.2400,126.5614,33.1250,126.6250,2025-10-01,27.5894
서귀포,남해,33.2400,126.5614,33.1250,126.6250,2025-11-01,22.9427
서귀포,남해,33.2400,126.5614,33.1250,126.6250,2025-12-01,20.1619
서귀포,남해,33.2400,126.5614,33.1250,126.6250,2026-01-01,17.8026
서귀포,남해,33.2400,126.5614,33.1250,126.6250,2026-02-01,17.0268
서귀포,남해,33.2400,126.5614,33.1250,126.6250,2026-03-01,17.1058
서귀포,남해,33.2400,126.5614,33.1250,126.6250,2026-04-01,17.4463
울산,동해,35.5022,129.3878,35.3750,129.3750,1981-09-01,22.9733
울산,동해,35.5022,129.3878,35.3750,129.3750,1981-10-01,22.5806
울산,동해,35.5022,129.3878,35.3750,129.3750,1981-11-01,19.4743
울산,동해,35.5022,129.3878,35.3750,129.3750,1981-12-01,17.0152
울산,동해,35.5022,129.3878,35.3750,129.3750,1982-01-01,14.4219
울산,동해,35.5022,129.3878,35.3750,129.3750,1982-02-01,12.6636
울산,동해,35.5022,129.3878,35.3750,129.3750,1982-03-01,13.8761
울산,동해,35.5022,129.3878,35.3750,129.3750,1982-04-01,14.7720
울산,동해,35.5022,129.3878,35.3750,129.3750,1982-05-01,17.3903
울산,동해,35.5022,129.3878,35.3750,129.3750,1982-06-01,20.5780
울산,동해,35.5022,129.3878,35.3750,129.3750,1982-07-01,23.5710
울산,동해,35.5022,129.3878,35.3750,129.3750,1982-08-01,25.8071
울산,동해,35.5022,129.3878,35.3750,129.3750,1982-09-01,24.1597
울산,동해,35.5022,129.3878,35.3750,129.3750,1982-10-01,21.5961
울산,동해,35.5022,129.3878,35.3750,129.3750,1982-11-01,18.5943
울산,동해,35.5022,129.3878,35.3750,129.3750,1982-12-01,16.7116
울산,동해,35.5022,129.3878,35.3750,129.3750,1983-01-01,14.5490
울산,동해,35.5022,129.3878,35.3750,129.3750,1983-02-01,13.0839
울산,동해,35.5022,129.3878,35.3750,129.3750,1983-03-01,13.1700
울산,동해,35.5022,129.3878,35.3750,129.3750,1983-04-01,14.4210
울산,동해,35.5022,129.3878,35.3750,129.3750,1983-05-01,16.6194
울산,동해,35.5022,129.3878,35.3750,129.3750,1983-06-01,19.7780
울산,동해,35.5022,129.3878,35.3750,129.3750,1983-07-01,22.2635
울산,동해,35.5022,129.3878,35.3750,129.3750,1983-08-01,24.3884
울산,동해,35.5022,129.3878,35.3750,129.3750,1983-09-01,24.9323
울산,동해,35.5022,129.3878,35.3750,129.3750,1983-10-01,22.2435
울산,동해,35.5022,129.3878,35.3750,129.3750,1983-11-01,18.6760
울산,동해,35.5022,129.3878,35.3750,129.3750,1983-12-01,15.8735
울산,동해,35.5022,129.3878,35.3750,129.3750,1984-01-01,13.1790
울산,동해,35.5022,129.3878,35.3750,129.3750,1984-02-01,11.8834
울산,동해,35.5022,129.3878,35.3750,129.3750,1984-03-01,11.8697
울산,동해,35.5022,129.3878,35.3750,129.3750,1984-04-01,13.0207
울산,동해,35.5022,129.3878,35.3750,129.3750,1984-05-01,15.2690
울산,동해,35.5022,129.3878,35.3750,129.3750,1984-06-01,19.7733
울산,동해,35.5022,129.3878,35.3750,129.3750,1984-07-01,22.8403
울산,동해,35.5022,129.3878,35.3750,129.3750,1984-08-01,26.8206
울산,동해,35.5022,129.3878,35.3750,129.3750,1984-09-01,24.0933
울산,동해,35.5022,129.3878,35.3750,129.3750,1984-10-01,21.2052
울산,동해,35.5022,129.3878,35.3750,129.3750,1984-11-01,17.6930
울산,동해,35.5022,129.3878,35.3750,129.3750,1984-12-01,16.1429
울산,동해,35.5022,129.3878,35.3750,129.3750,1985-01-01,13.7319
울산,동해,35.5022,129.3878,35.3750,129.3750,1985-02-01,12.7729
울산,동해,35.5022,129.3878,35.3750,129.3750,1985-03-01,12.5452
울산,동해,35.5022,129.3878,35.3750,129.3750,1985-04-01,14.0020
울산,동해,35.5022,129.3878,35.3750,129.3750,1985-05-01,16.8119
울산,동해,35.5022,129.3878,35.3750,129.3750,1985-06-01,19.8880
울산,동해,35.5022,129.3878,35.3750,129.3750,1985-07-01,23.3068
울산,동해,35.5022,129.3878,35.3750,129.3750,1985-08-01,26.4781
울산,동해,35.5022,129.3878,35.3750,129.3750,1985-09-01,25.4423
울산,동해,35.5022,129.3878,35.3750,129.3750,1985-10-01,21.4084
울산,동해,35.5022,129.3878,35.3750,129.3750,1985-11-01,17.7873
울산,동해,35.5022,129.3878,35.3750,129.3750,1985-12-01,14.9445
울산,동해,35.5022,129.3878,35.3750,129.3750,1986-01-01,13.5271
울산,동해,35.5022,129.3878,35.3750,129.3750,1986-02-01,12.2889
울산,동해,35.5022,129.3878,35.3750,129.3750,1986-03-01,12.3513
울산,동해,35.5022,129.3878,35.3750,129.3750,1986-04-01,13.8120
울산,동해,35.5022,129.3878,35.3750,129.3750,1986-05-01,15.8952
울산,동해,35.5022,129.3878,35.3750,129.3750,1986-06-01,18.5147
울산,동해,35.5022,129.3878,35.3750,129.3750,1986-07-01,21.5706
울산,동해,35.5022,129.3878,35.3750,129.3750,1986-08-01,25.9832
울산,동해,35.5022,129.3878,35.3750,129.3750,1986-09-01,22.5793
울산,동해,35.5022,129.3878,35.3750,129.3750,1986-10-01,19.4219
울산,동해,35.5022,129.3878,35.3750,129.3750,1986-11-01,19.0820
울산,동해,35.5022,129.3878,35.3750,129.3750,1986-12-01,16.7858
울산,동해,35.5022,129.3878,35.3750,129.3750,1987-01-01,14.9723
울산,동해,35.5022,129.3878,35.3750,129.3750,1987-02-01,13.7300
울산,동해,35.5022,129.3878,35.3750,129.3750,1987-03-01,13.3539
울산,동해,35.5022,129.3878,35.3750,129.3750,1987-04-01,14.3067
울산,동해,35.5022,129.3878,35.3750,129.3750,1987-05-01,16.5387
울산,동해,35.5022,129.3878,35.3750,129.3750,1987-06-01,19.2100
울산,동해,35.5022,129.3878,35.3750,129.3750,1987-07-01,22.5358
울산,동해,35.5022,129.3878,35.3750,129.3750,1987-08-01,24.1023
울산,동해,35.5022,129.3878,35.3750,129.3750,1987-09-01,22.9113
울산,동해,35.5022,129.3878,35.3750,129.3750,1987-10-01,21.4139
울산,동해,35.5022,129.3878,35.3750,129.3750,1987-11-01,18.2940
울산,동해,35.5022,129.3878,35.3750,129.3750,1987-12-01,16.3294
울산,동해,35.5022,129.3878,35.3750,129.3750,1988-01-01,14.9606
울산,동해,35.5022,129.3878,35.3750,129.3750,1988-02-01,13.5966
울산,동해,35.5022,129.3878,35.3750,129.3750,1988-03-01,13.1910
울산,동해,35.5022,129.3878,35.3750,129.3750,1988-04-01,14.2777
울산,동해,35.5022,129.3878,35.3750,129.3750,1988-05-01,16.8829
울산,동해,35.5022,129.3878,35.3750,129.3750,1988-06-01,19.9977
울산,동해,35.5022,129.3878,35.3750,129.3750,1988-07-01,23.9755
울산,동해,35.5022,129.3878,35.3750,129.3750,1988-08-01,26.1613
울산,동해,35.5022,129.3878,35.3750,129.3750,1988-09-01,24.9833
울산,동해,35.5022,129.3878,35.3750,129.3750,1988-10-01,22.1626
울산,동해,35.5022,129.3878,35.3750,129.3750,1988-11-01,18.0153
울산,동해,35.5022,129.3878,35.3750,129.3750,1988-12-01,15.8471
울산,동해,35.5022,129.3878,35.3750,129.3750,1989-01-01,14.5310
울산,동해,35.5022,129.3878,35.3750,129.3750,1989-02-01,13.9636
울산,동해,35.5022,129.3878,35.3750,129.3750,1989-03-01,13.5481
울산,동해,35.5022,129.3878,35.3750,129.3750,1989-04-01,14.7777
울산,동해,35.5022,129.3878,35.3750,129.3750,1989-05-01,16.7081
울산,동해,35.5022,129.3878,35.3750,129.3750,1989-06-01,18.9750
울산,동해,35.5022,129.3878,35.3750,129.3750,1989-07-01,22.8416
울산,동해,35.5022,129.3878,35.3750,129.3750,1989-08-01,24.8574
울산,동해,35.5022,129.3878,35.3750,129.3750,1989-09-01,25.1717
울산,동해,35.5022,129.3878,35.3750,129.3750,1989-10-01,22.2187
울산,동해,35.5022,129.3878,35.3750,129.3750,1989-11-01,18.8043
울산,동해,35.5022,129.3878,35.3750,129.3750,1989-12-01,16.2832
울산,동해,35.5022,129.3878,35.3750,129.3750,1990-01-01,15.1503
울산,동해,35.5022,129.3878,35.3750,129.3750,1990-02-01,13.9282
울산,동해,35.5022,129.3878,35.3750,129.3750,1990-03-01,14.2313
울산,동해,35.5022,129.3878,35.3750,129.3750,1990-04-01,14.8987
울산,동해,35.5022,129.3878,35.3750,129.3750,1990-05-01,17.0594
울산,동해,35.5022,129.3878,35.3750,129.3750,1990-06-01,18.9493
울산,동해,35.5022,129.3878,35.3750,129.3750,1990-07-01,23.1487
울산,동해,35.5022,129.3878,35.3750,129.3750,1990-08-01,27.6768
울산,동해,35.5022,129.3878,35.3750,129.3750,1990-09-01,25.4107
울산,동해,35.5022,129.3878,35.3750,129.3750,1990-10-01,22.3335
울산,동해,35.5022,129.3878,35.3750,129.3750,1990-11-01,19.8527
울산,동해,35.5022,129.3878,35.3750,129.3750,1990-12-01,16.5339
울산,동해,35.5022,129.3878,35.3750,129.3750,1991-01-01,14.4103
울산,동해,35.5022,129.3878,35.3750,129.3750,1991-02-01,12.9921
울산,동해,35.5022,129.3878,35.3750,129.3750,1991-03-01,13.7535
울산,동해,35.5022,129.3878,35.3750,129.3750,1991-04-01,14.7970
울산,동해,35.5022,129.3878,35.3750,129.3750,1991-05-01,15.8826
울산,동해,35.5022,129.3878,35.3750,129.3750,1991-06-01,18.6993
울산,동해,35.5022,129.3878,35.3750,129.3750,1991-07-01,21.8903
울산,동해,35.5022,129.3878,35.3750,129.3750,1991-08-01,23.7842
울산,동해,35.5022,129.3878,35.3750,129.3750,1991-09-01,24.3870
울산,동해,35.5022,129.3878,35.3750,129.3750,1991-10-01,21.1084
울산,동해,35.5022,129.3878,35.3750,129.3750,1991-11-01,18.2973
울산,동해,35.5022,129.3878,35.3750,129.3750,1991-12-01,17.2255
울산,동해,35.5022,129.3878,35.3750,129.3750,1992-01-01,14.8794
울산,동해,35.5022,129.3878,35.3750,129.3750,1992-02-01,13.8752
울산,동해,35.5022,129.3878,35.3750,129.3750,1992-03-01,13.9090
울산,동해,35.5022,129.3878,35.3750,129.3750,1992-04-01,14.5880
울산,동해,35.5022,129.3878,35.3750,129.3750,1992-05-01,16.5145
울산,동해,35.5022,129.3878,35.3750,129.3750,1992-06-01,19.5607
울산,동해,35.5022,129.3878,35.3750,129.3750,1992-07-01,22.6571
울산,동해,35.5022,129.3878,35.3750,129.3750,1992-08-01,25.1113
울산,동해,35.5022,129.3878,35.3750,129.3750,1992-09-01,25.2933
울산,동해,35.5022,129.3878,35.3750,129.3750,1992-10-01,21.3035
울산,동해,35.5022,129.3878,35.3750,129.3750,1992-11-01,18.7737
울산,동해,35.5022,129.3878,35.3750,129.3750,1992-12-01,16.9232
울산,동해,35.5022,129.3878,35.3750,129.3750,1993-01-01,14.9513
울산,동해,35.5022,129.3878,35.3750,129.3750,1993-02-01,13.4743
울산,동해,35.5022,129.3878,35.3750,129.3750,1993-03-01,13.2852
울산,동해,35.5022,129.3878,35.3750,129.3750,1993-04-01,14.1137
울산,동해,35.5022,129.3878,35.3750,129.3750,1993-05-01,16.4348
울산,동해,35.5022,129.3878,35.3750,129.3750,1993-06-01,18.4840
울산,동해,35.5022,129.3878,35.3750,129.3750,1993-07-01,20.6358
울산,동해,35.5022,129.3878,35.3750,129.3750,1993-08-01,23.4652
울산,동해,35.5022,129.3878,35.3750,129.3750,1993-09-01,23.3310
울산,동해,35.5022,129.3878,35.3750,129.3750,1993-10-01,20.8268
울산,동해,35.5022,129.3878,35.3750,129.3750,1993-11-01,19.3057
울산,동해,35.5022,129.3878,35.3750,129.3750,1993-12-01,16.6048
울산,동해,35.5022,129.3878,35.3750,129.3750,1994-01-01,15.0084
울산,동해,35.5022,129.3878,35.3750,129.3750,1994-02-01,13.4979
울산,동해,35.5022,129.3878,35.3750,129.3750,1994-03-01,13.2648
울산,동해,35.5022,129.3878,35.3750,129.3750,1994-04-01,14.6287
울산,동해,35.5022,129.3878,35.3750,129.3750,1994-05-01,15.5581
울산,동해,35.5022,129.3878,35.3750,129.3750,1994-06-01,19.3963
울산,동해,35.5022,129.3878,35.3750,129.3750,1994-07-01,25.0297
울산,동해,35.5022,129.3878,35.3750,129.3750,1994-08-01,27.0552
울산,동해,35.5022,129.3878,35.3750,129.3750,1994-09-01,24.8720
울산,동해,35.5022,129.3878,35.3750,129.3750,1994-10-01,20.8197
울산,동해,35.5022,129.3878,35.3750,129.3750,1994-11-01,19.7127
울산,동해,35.5022,129.3878,35.3750,129.3750,1994-12-01,17.2235
울산,동해,35.5022,129.3878,35.3750,129.3750,1995-01-01,15.5674
울산,동해,35.5022,129.3878,35.3750,129.3750,1995-02-01,13.7307
울산,동해,35.5022,129.3878,35.3750,129.3750,1995-03-01,13.4474
울산,동해,35.5022,129.3878,35.3750,129.3750,1995-04-01,14.2870
울산,동해,35.5022,129.3878,35.3750,129.3750,1995-05-01,16.3100
울산,동해,35.5022,129.3878,35.3750,129.3750,1995-06-01,19.1570
울산,동해,35.5022,129.3878,35.3750,129.3750,1995-07-01,22.1403
울산,동해,35.5022,129.3878,35.3750,129.3750,1995-08-01,26.0852
울산,동해,35.5022,129.3878,35.3750,129.3750,1995-09-01,23.8533
울산,동해,35.5022,129.3878,35.3750,129.3750,1995-10-01,22.4403
울산,동해,35.5022,129.3878,35.3750,129.3750,1995-11-01,19.6460
울산,동해,35.5022,129.3878,35.3750,129.3750,1995-12-01,16.0229
울산,동해,35.5022,129.3878,35.3750,129.3750,1996-01-01,13.8900
울산,동해,35.5022,129.3878,35.3750,129.3750,1996-02-01,12.6459
울산,동해,35.5022,129.3878,35.3750,129.3750,1996-03-01,13.3190
울산,동해,35.5022,129.3878,35.3750,129.3750,1996-04-01,13.3603
울산,동해,35.5022,129.3878,35.3750,129.3750,1996-05-01,15.5710
울산,동해,35.5022,129.3878,35.3750,129.3750,1996-06-01,19.4810
울산,동해,35.5022,129.3878,35.3750,129.3750,1996-07-01,21.3387
울산,동해,35.5022,129.3878,35.3750,129.3750,1996-08-01,26.2268
울산,동해,35.5022,129.3878,35.3750,129.3750,1996-09-01,24.6057
울산,동해,35.5022,129.3878,35.3750,129.3750,1996-10-01,21.1745
울산,동해,35.5022,129.3878,35.3750,129.3750,1996-11-01,19.7623
울산,동해,35.5022,129.3878,35.3750,129.3750,1996-12-01,17.4516
울산,동해,35.5022,129.3878,35.3750,129.3750,1997-01-01,15.1100
울산,동해,35.5022,129.3878,35.3750,129.3750,1997-02-01,13.5693
울산,동해,35.5022,129.3878,35.3750,129.3750,1997-03-01,14.0213
울산,동해,35.5022,129.3878,35.3750,129.3750,1997-04-01,14.9140
울산,동해,35.5022,129.3878,35.3750,129.3750,1997-05-01,16.4700
울산,동해,35.5022,129.3878,35.3750,129.3750,1997-06-01,20.5907
울산,동해,35.5022,129.3878,35.3750,129.3750,1997-07-01,24.0881
울산,동해,35.5022,129.3878,35.3750,129.3750,1997-08-01,24.8187
울산,동해,35.5022,129.3878,35.3750,129.3750,1997-09-01,24.4410
울산,동해,35.5022,129.3878,35.3750,129.3750,1997-10-01,21.2794
울산,동해,35.5022,129.3878,35.3750,129.3750,1997-11-01,19.0713
울산,동해,35.5022,129.3878,35.3750,129.3750,1997-12-01,17.0684
울산,동해,35.5022,129.3878,35.3750,129.3750,1998-01-01,15.6345
울산,동해,35.5022,129.3878,35.3750,129.3750,1998-02-01,13.3300
울산,동해,35.5022,129.3878,35.3750,129.3750,1998-03-01,14.0884
울산,동해,35.5022,129.3878,35.3750,129.3750,1998-04-01,15.7973
울산,동해,35.5022,129.3878,35.3750,129.3750,1998-05-01,18.2723
울산,동해,35.5022,129.3878,35.3750,129.3750,1998-06-01,21.0020
울산,동해,35.5022,129.3878,35.3750,129.3750,1998-07-01,24.2210
울산,동해,35.5022,129.3878,35.3750,129.3750,1998-08-01,26.9110
울산,동해,35.5022,129.3878,35.3750,129.3750,1998-09-01,25.8507
울산,동해,35.5022,129.3878,35.3750,129.3750,1998-10-01,23.1761
울산,동해,35.5022,129.3878,35.3750,129.3750,1998-11-01,19.4740
울산,동해,35.5022,129.3878,35.3750,129.3750,1998-12-01,17.1365
울산,동해,35.5022,129.3878,35.3750,129.3750,1999-01-01,14.9681
울산,동해,35.5022,129.3878,35.3750,129.3750,1999-02-01,13.8082
울산,동해,35.5022,129.3878,35.3750,129.3750,1999-03-01,14.0152
울산,동해,35.5022,129.3878,35.3750,129.3750,1999-04-01,15.1363
울산,동해,35.5022,129.3878,35.3750,129.3750,1999-05-01,16.7739
울산,동해,35.5022,129.3878,35.3750,129.3750,1999-06-01,20.4050
울산,동해,35.5022,129.3878,35.3750,129.3750,1999-07-01,22.4061
울산,동해,35.5022,129.3878,35.3750,129.3750,1999-08-01,24.2455
울산,동해,35.5022,129.3878,35.3750,129.3750,1999-09-01,24.4057
울산,동해,35.5022,129.3878,35.3750,129.3750,1999-10-01,22.5842
울산,동해,35.5022,129.3878,35.3750,129.3750,1999-11-01,19.7540
울산,동해,35.5022,129.3878,35.3750,129.3750,1999-12-01,16.9290
울산,동해,35.5022,129.3878,35.3750,129.3750,2000-01-01,15.3442
울산,동해,35.5022,129.3878,35.3750,129.3750,2000-02-01,13.5169
울산,동해,35.5022,129.3878,35.3750,129.3750,2000-03-01,13.2081
울산,동해,35.5022,129.3878,35.3750,129.3750,2000-04-01,13.6220
울산,동해,35.5022,129.3878,35.3750,129.3750,2000-05-01,15.1506
울산,동해,35.5022,129.3878,35.3750,129.3750,2000-06-01,18.9237
울산,동해,35.5022,129.3878,35.3750,129.3750,2000-07-01,23.3777
울산,동해,35.5022,129.3878,35.3750,129.3750,2000-08-01,26.3684
울산,동해,35.5022,129.3878,35.3750,129.3750,2000-09-01,23.6630
울산,동해,35.5022,129.3878,35.3750,129.3750,2000-10-01,21.8697
울산,동해,35.5022,129.3878,35.3750,129.3750,2000-11-01,19.3037
울산,동해,35.5022,129.3878,35.3750,129.3750,2000-12-01,17.0981
울산,동해,35.5022,129.3878,35.3750,129.3750,2001-01-01,15.4261
울산,동해,35.5022,129.3878,35.3750,129.3750,2001-02-01,14.0657
울산,동해,35.5022,129.3878,35.3750,129.3750,2001-03-01,13.8316
울산,동해,35.5022,129.3878,35.3750,129.3750,2001-04-01,15.8247
울산,동해,35.5022,129.3878,35.3750,129.3750,2001-05-01,17.6000
울산,동해,35.5022,129.3878,35.3750,129.3750,2001-06-01,20.0727
울산,동해,35.5022,129.3878,35.3750,129.3750,2001-07-01,24.6213
울산,동해,35.5022,129.3878,35.3750,129.3750,2001-08-01,27.6365
울산,동해,35.5022,129.3878,35.3750,129.3750,2001-09-01,24.7613
울산,동해,35.5022,129.3878,35.3750,129.3750,2001-10-01,22.4345
울산,동해,35.5022,129.3878,35.3750,129.3750,2001-11-01,19.8653
울산,동해,35.5022,129.3878,35.3750,129.3750,2001-12-01,16.8597
울산,동해,35.5022,129.3878,35.3750,129.3750,2002-01-01,13.5390
울산,동해,35.5022,129.3878,35.3750,129.3750,2002-02-01,13.9111
울산,동해,35.5022,129.3878,35.3750,129.3750,2002-03-01,13.8958
울산,동해,35.5022,129.3878,35.3750,129.3750,2002-04-01,15.0080
울산,동해,35.5022,129.3878,35.3750,129.3750,2002-05-01,16.4935
울산,동해,35.5022,129.3878,35.3750,129.3750,2002-06-01,20.4173
울산,동해,35.5022,129.3878,35.3750,129.3750,2002-07-01,22.3187
울산,동해,35.5022,129.3878,35.3750,129.3750,2002-08-01,24.4319
울산,동해,35.5022,129.3878,35.3750,129.3750,2002-09-01,23.6900
울산,동해,35.5022,129.3878,35.3750,129.3750,2002-10-01,21.5348
울산,동해,35.5022,129.3878,35.3750,129.3750,2002-11-01,18.0990
울산,동해,35.5022,129.3878,35.3750,129.3750,2002-12-01,16.3629
울산,동해,35.5022,129.3878,35.3750,129.3750,2003-01-01,14.0787
울산,동해,35.5022,129.3878,35.3750,129.3750,2003-02-01,13.5214
울산,동해,35.5022,129.3878,35.3750,129.3750,2003-03-01,13.9642
울산,동해,35.5022,129.3878,35.3750,129.3750,2003-04-01,14.1550
울산,동해,35.5022,129.3878,35.3750,129.3750,2003-05-01,16.9755
울산,동해,35.5022,129.3878,35.3750,129.3750,2003-06-01,20.1670
울산,동해,35.5022,129.3878,35.3750,129.3750,2003-07-01,21.6155
울산,동해,35.5022,129.3878,35.3750,129.3750,2003-08-01,25.1310
울산,동해,35.5022,129.3878,35.3750,129.3750,2003-09-01,24.0417
울산,동해,35.5022,129.3878,35.3750,129.3750,2003-10-01,21.3452
울산,동해,35.5022,129.3878,35.3750,129.3750,2003-11-01,19.3090
울산,동해,35.5022,129.3878,35.3750,129.3750,2003-12-01,16.7319
울산,동해,35.5022,129.3878,35.3750,129.3750,2004-01-01,14.3800
울산,동해,35.5022,129.3878,35.3750,129.3750,2004-02-01,13.4138
울산,동해,35.5022,129.3878,35.3750,129.3750,2004-03-01,13.9168
울산,동해,35.5022,129.3878,35.3750,129.3750,2004-04-01,14.9873
울산,동해,35.5022,129.3878,35.3750,129.3750,2004-05-01,16.4348
울산,동해,35.5022,129.3878,35.3750,129.3750,2004-06-01,20.7787
울산,동해,35.5022,129.3878,35.3750,129.3750,2004-07-01,23.9700
울산,동해,35.5022,129.3878,35.3750,129.3750,2004-08-01,25.9416
울산,동해,35.5022,129.3878,35.3750,129.3750,2004-09-01,24.6030
울산,동해,35.5022,129.3878,35.3750,129.3750,2004-10-01,20.8261
울산,동해,35.5022,129.3878,35.3750,129.3750,2004-11-01,19.1433
울산,동해,35.5022,129.3878,35.3750,129.3750,2004-12-01,17.2129
울산,동해,35.5022,129.3878,35.3750,129.3750,2005-01-01,15.2155
울산,동해,35.5022,129.3878,35.3750,129.3750,2005-02-01,13.4607
울산,동해,35.5022,129.3878,35.3750,129.3750,2005-03-01,13.1129
울산,동해,35.5022,129.3878,35.3750,129.3750,2005-04-01,14.1947
울산,동해,35.5022,129.3878,35.3750,129.3750,2005-05-01,16.8861
울산,동해,35.5022,129.3878,35.3750,129.3750,2005-06-01,20.8413
울산,동해,35.5022,129.3878,35.3750,129.3750,2005-07-01,23.2458
울산,동해,35.5022,129.3878,35.3750,129.3750,2005-08-01,26.5194
울산,동해,35.5022,129.3878,35.3750,129.3750,2005-09-01,24.9283
울산,동해,35.5022,129.3878,35.3750,129.3750,2005-10-01,22.2823
울산,동해,35.5022,129.3878,35.3750,129.3750,2005-11-01,20.2097
울산,동해,35.5022,129.3878,35.3750,129.3750,2005-12-01,15.9903
울산,동해,35.5022,129.3878,35.3750,129.3750,2006-01-01,13.9919
울산,동해,35.5022,129.3878,35.3750,129.3750,2006-02-01,13.2357
울산,동해,35.5022,129.3878,35.3750,129.3750,2006-03-01,13.0674
울산,동해,35.5022,129.3878,35.3750,129.3750,2006-04-01,14.2263
울산,동해,35.5022,129.3878,35.3750,129.3750,2006-05-01,15.5323
울산,동해,35.5022,129.3878,35.3750,129.3750,2006-06-01,18.4813
울산,동해,35.5022,129.3878,35.3750,129.3750,2006-07-01,21.7348
울산,동해,35.5022,129.3878,35.3750,129.3750,2006-08-01,26.8716
울산,동해,35.5022,129.3878,35.3750,129.3750,2006-09-01,24.3923
울산,동해,35.5022,129.3878,35.3750,129.3750,2006-10-01,21.9735
울산,동해,35.5022,129.3878,35.3750,129.3750,2006-11-01,19.6250
울산,동해,35.5022,129.3878,35.3750,129.3750,2006-12-01,17.0129
울산,동해,35.5022,129.3878,35.3750,129.3750,2007-01-01,15.0216
울산,동해,35.5022,129.3878,35.3750,129.3750,2007-02-01,14.9079
울산,동해,35.5022,129.3878,35.3750,129.3750,2007-03-01,14.5832
울산,동해,35.5022,129.3878,35.3750,129.3750,2007-04-01,14.9280
울산,동해,35.5022,129.3878,35.3750,129.3750,2007-05-01,16.8461
울산,동해,35.5022,129.3878,35.3750,129.3750,2007-06-01,20.1423
울산,동해,35.5022,129.3878,35.3750,129.3750,2007-07-01,22.3206
울산,동해,35.5022,129.3878,35.3750,129.3750,2007-08-01,26.8348
울산,동해,35.5022,129.3878,35.3750,129.3750,2007-09-01,25.4997
울산,동해,35.5022,129.3878,35.3750,129.3750,2007-10-01,23.0368
울산,동해,35.5022,129.3878,35.3750,129.3750,2007-11-01,19.2503
울산,동해,35.5022,129.3878,35.3750,129.3750,2007-12-01,17.2477
울산,동해,35.5022,129.3878,35.3750,129.3750,2008-01-01,14.9897
울산,동해,35.5022,129.3878,35.3750,129.3750,2008-02-01,14.0179
울산,동해,35.5022,129.3878,35.3750,129.3750,2008-03-01,13.7616
울산,동해,35.5022,129.3878,35.3750,129.3750,2008-04-01,14.7550
울산,동해,35.5022,129.3878,35.3750,129.3750,2008-05-01,16.8568
울산,동해,35.5022,129.3878,35.3750,129.3750,2008-06-01,19.9240
울산,동해,35.5022,129.3878,35.3750,129.3750,2008-07-01,23.5529
울산,동해,35.5022,129.3878,35.3750,129.3750,2008-08-01,25.9874
울산,동해,35.5022,129.3878,35.3750,129.3750,2008-09-01,25.4480
울산,동해,35.5022,129.3878,35.3750,129.3750,2008-10-01,23.3919
울산,동해,35.5022,129.3878,35.3750,129.3750,2008-11-01,19.9960
울산,동해,35.5022,129.3878,35.3750,129.3750,2008-12-01,17.0800
울산,동해,35.5022,129.3878,35.3750,129.3750,2009-01-01,15.1606
울산,동해,35.5022,129.3878,35.3750,129.3750,2009-02-01,14.3625
울산,동해,35.5022,129.3878,35.3750,129.3750,2009-03-01,14.8126
울산,동해,35.5022,129.3878,35.3750,129.3750,2009-04-01,15.2643
울산,동해,35.5022,129.3878,35.3750,129.3750,2009-05-01,16.9139
울산,동해,35.5022,129.3878,35.3750,129.3750,2009-06-01,19.9263
울산,동해,35.5022,129.3878,35.3750,129.3750,2009-07-01,23.0365
울산,동해,35.5022,129.3878,35.3750,129.3750,2009-08-01,25.0874
울산,동해,35.5022,129.3878,35.3750,129.3750,2009-09-01,24.3560
울산,동해,35.5022,129.3878,35.3750,129.3750,2009-10-01,22.0239
울산,동해,35.5022,129.3878,35.3750,129.3750,2009-11-01,19.3363
울산,동해,35.5022,129.3878,35.3750,129.3750,2009-12-01,17.4132
울산,동해,35.5022,129.3878,35.3750,129.3750,2010-01-01,14.4819
울산,동해,35.5022,129.3878,35.3750,129.3750,2010-02-01,14.1161
울산,동해,35.5022,129.3878,35.3750,129.3750,2010-03-01,13.2916
울산,동해,35.5022,129.3878,35.3750,129.3750,2010-04-01,14.6550
울산,동해,35.5022,129.3878,35.3750,129.3750,2010-05-01,17.3023
울산,동해,35.5022,129.3878,35.3750,129.3750,2010-06-01,20.4810
울산,동해,35.5022,129.3878,35.3750,129.3750,2010-07-01,23.3761
울산,동해,35.5022,129.3878,35.3750,129.3750,2010-08-01,26.8523
울산,동해,35.5022,129.3878,35.3750,129.3750,2010-09-01,25.2823
울산,동해,35.5022,129.3878,35.3750,129.3750,2010-10-01,22.6684
울산,동해,35.5022,129.3878,35.3750,129.3750,2010-11-01,20.0377
울산,동해,35.5022,129.3878,35.3750,129.3750,2010-12-01,17.5345
울산,동해,35.5022,129.3878,35.3750,129.3750,2011-01-01,14.3232
울산,동해,35.5022,129.3878,35.3750,129.3750,2011-02-01,12.6714
울산,동해,35.5022,129.3878,35.3750,129.3750,2011-03-01,12.6594
울산,동해,35.5022,129.3878,35.3750,129.3750,2011-04-01,13.8380
울산,동해,35.5022,129.3878,35.3750,129.3750,2011-05-01,15.4303
울산,동해,35.5022,129.3878,35.3750,129.3750,2011-06-01,19.1677
울산,동해,35.5022,129.3878,35.3750,129.3750,2011-07-01,23.0187
울산,동해,35.5022,129.3878,35.3750,129.3750,2011-08-01,25.1623
울산,동해,35.5022,129.3878,35.3750,129.3750,2011-09-01,24.7453
울산,동해,35.5022,129.3878,35.3750,129.3750,2011-10-01,22.9671
울산,동해,35.5022,129.3878,35.3750,129.3750,2011-11-01,20.8123
울산,동해,35.5022,129.3878,35.3750,129.3750,2011-12-01,17.3945
울산,동해,35.5022,129.3878,35.3750,129.3750,2012-01-01,14.6677
울산,동해,35.5022,129.3878,35.3750,129.3750,2012-02-01,13.3231
울산,동해,35.5022,129.3878,35.3750,129.3750,2012-03-01,13.6171
울산,동해,35.5022,129.3878,35.3750,129.3750,2012-04-01,15.0190
울산,동해,35.5022,129.3878,35.3750,129.3750,2012-05-01,17.5277
울산,동해,35.5022,129.3878,35.3750,129.3750,2012-06-01,20.5070
울산,동해,35.5022,129.3878,35.3750,129.3750,2012-07-01,23.8087
울산,동해,35.5022,129.3878,35.3750,129.3750,2012-08-01,26.9403
울산,동해,35.5022,129.3878,35.3750,129.3750,2012-09-01,23.5240
울산,동해,35.5022,129.3878,35.3750,129.3750,2012-10-01,21.1429
울산,동해,35.5022,129.3878,35.3750,129.3750,2012-11-01,17.9833
울산,동해,35.5022,129.3878,35.3750,129.3750,2012-12-01,16.1758
울산,동해,35.5022,129.3878,35.3750,129.3750,2013-01-01,14.4929
울산,동해,35.5022,129.3878,35.3750,129.3750,2013-02-01,13.4000
울산,동해,35.5022,129.3878,35.3750,129.3750,2013-03-01,14.5316
울산,동해,35.5022,129.3878,35.3750,129.3750,2013-04-01,14.8773
울산,동해,35.5022,129.3878,35.3750,129.3750,2013-05-01,17.0052
울산,동해,35.5022,129.3878,35.3750,129.3750,2013-06-01,20.6687
울산,동해,35.5022,129.3878,35.3750,129.3750,2013-07-01,23.7713
울산,동해,35.5022,129.3878,35.3750,129.3750,2013-08-01,27.0581
울산,동해,35.5022,129.3878,35.3750,129.3750,2013-09-01,25.7017
울산,동해,35.5022,129.3878,35.3750,129.3750,2013-10-01,23.1432
울산,동해,35.5022,129.3878,35.3750,129.3750,2013-11-01,20.2090
울산,동해,35.5022,129.3878,35.3750,129.3750,2013-12-01,16.8281
울산,동해,35.5022,129.3878,35.3750,129.3750,2014-01-01,14.8952
울산,동해,35.5022,129.3878,35.3750,129.3750,2014-02-01,14.3925
울산,동해,35.5022,129.3878,35.3750,129.3750,2014-03-01,13.6710
울산,동해,35.5022,129.3878,35.3750,129.3750,2014-04-01,15.5607
울산,동해,35.5022,129.3878,35.3750,129.3750,2014-05-01,16.6181
울산,동해,35.5022,129.3878,35.3750,129.3750,2014-06-01,19.7767
울산,동해,35.5022,129.3878,35.3750,129.3750,2014-07-01,22.5371
울산,동해,35.5022,129.3878,35.3750,129.3750,2014-08-01,24.6106
울산,동해,35.5022,129.3878,35.3750,129.3750,2014-09-01,25.1240
울산,동해,35.5022,129.3878,35.3750,129.3750,2014-10-01,22.5777
울산,동해,35.5022,129.3878,35.3750,129.3750,2014-11-01,19.7690
울산,동해,35.5022,129.3878,35.3750,129.3750,2014-12-01,16.2729
울산,동해,35.5022,129.3878,35.3750,129.3750,2015-01-01,14.1265
울산,동해,35.5022,129.3878,35.3750,129.3750,2015-02-01,13.7275
울산,동해,35.5022,129.3878,35.3750,129.3750,2015-03-01,13.5771
울산,동해,35.5022,129.3878,35.3750,129.3750,2015-04-01,14.1457
울산,동해,35.5022,129.3878,35.3750,129.3750,2015-05-01,16.1971
울산,동해,35.5022,129.3878,35.3750,129.3750,2015-06-01,19.5447
울산,동해,35.5022,129.3878,35.3750,129.3750,2015-07-01,21.7629
울산,동해,35.5022,129.3878,35.3750,129.3750,2015-08-01,25.6287
울산,동해,35.5022,129.3878,35.3750,129.3750,2015-09-01,23.9247
울산,동해,35.5022,129.3878,35.3750,129.3750,2015-10-01,21.4190
울산,동해,35.5022,129.3878,35.3750,129.3750,2015-11-01,19.0733
울산,동해,35.5022,129.3878,35.3750,129.3750,2015-12-01,16.7065
울산,동해,35.5022,129.3878,35.3750,129.3750,2016-01-01,15.2568
울산,동해,35.5022,129.3878,35.3750,129.3750,2016-02-01,13.6117
울산,동해,35.5022,129.3878,35.3750,129.3750,2016-03-01,14.2284
울산,동해,35.5022,129.3878,35.3750,129.3750,2016-04-01,15.4380
울산,동해,35.5022,129.3878,35.3750,129.3750,2016-05-01,17.6210
울산,동해,35.5022,129.3878,35.3750,129.3750,2016-06-01,20.6613
울산,동해,35.5022,129.3878,35.3750,129.3750,2016-07-01,23.9032
울산,동해,35.5022,129.3878,35.3750,129.3750,2016-08-01,28.4955
울산,동해,35.5022,129.3878,35.3750,129.3750,2016-09-01,24.9003
울산,동해,35.5022,129.3878,35.3750,129.3750,2016-10-01,22.5106
울산,동해,35.5022,129.3878,35.3750,129.3750,2016-11-01,20.4603
울산,동해,35.5022,129.3878,35.3750,129.3750,2016-12-01,17.1306
울산,동해,35.5022,129.3878,35.3750,129.3750,2017-01-01,15.5355
울산,동해,35.5022,129.3878,35.3750,129.3750,2017-02-01,14.0579
울산,동해,35.5022,129.3878,35.3750,129.3750,2017-03-01,14.7171
울산,동해,35.5022,129.3878,35.3750,129.3750,2017-04-01,15.4123
울산,동해,35.5022,129.3878,35.3750,129.3750,2017-05-01,16.7155
울산,동해,35.5022,129.3878,35.3750,129.3750,2017-06-01,20.2570
울산,동해,35.5022,129.3878,35.3750,129.3750,2017-07-01,24.1961
울산,동해,35.5022,129.3878,35.3750,129.3750,2017-08-01,27.4719
울산,동해,35.5022,129.3878,35.3750,129.3750,2017-09-01,25.2430
울산,동해,35.5022,129.3878,35.3750,129.3750,2017-10-01,22.9945
울산,동해,35.5022,129.3878,35.3750,129.3750,2017-11-01,20.1583
울산,동해,35.5022,129.3878,35.3750,129.3750,2017-12-01,16.2413
울산,동해,35.5022,129.3878,35.3750,129.3750,2018-01-01,14.2126
울산,동해,35.5022,129.3878,35.3750,129.3750,2018-02-01,13.1107
울산,동해,35.5022,129.3878,35.3750,129.3750,2018-03-01,13.9223
울산,동해,35.5022,129.3878,35.3750,129.3750,2018-04-01,14.7423
울산,동해,35.5022,129.3878,35.3750,129.3750,2018-05-01,17.2542
울산,동해,35.5022,129.3878,35.3750,129.3750,2018-06-01,20.4980
울산,동해,35.5022,129.3878,35.3750,129.3750,2018-07-01,24.7045
울산,동해,35.5022,129.3878,35.3750,129.3750,2018-08-01,27.1045
울산,동해,35.5022,129.3878,35.3750,129.3750,2018-09-01,24.1627
울산,동해,35.5022,129.3878,35.3750,129.3750,2018-10-01,21.5213
울산,동해,35.5022,129.3878,35.3750,129.3750,2018-11-01,19.2547
울산,동해,35.5022,129.3878,35.3750,129.3750,2018-12-01,17.5048
울산,동해,35.5022,129.3878,35.3750,129.3750,2019-01-01,15.6471
울산,동해,35.5022,129.3878,35.3750,129.3750,2019-02-01,14.8211
울산,동해,35.5022,129.3878,35.3750,129.3750,2019-03-01,15.0552
울산,동해,35.5022,129.3878,35.3750,129.3750,2019-04-01,15.6880
울산,동해,35.5022,129.3878,35.3750,129.3750,2019-05-01,17.9371
울산,동해,35.5022,129.3878,35.3750,129.3750,2019-06-01,20.7660
울산,동해,35.5022,129.3878,35.3750,129.3750,2019-07-01,22.9303
울산,동해,35.5022,129.3878,35.3750,129.3750,2019-08-01,26.3939
울산,동해,35.5022,129.3878,35.3750,129.3750,2019-09-01,24.1203
울산,동해,35.5022,129.3878,35.3750,129.3750,2019-10-01,22.6765
울산,동해,35.5022,129.3878,35.3750,129.3750,2019-11-01,19.4007
울산,동해,35.5022,129.3878,35.3750,129.3750,2019-12-01,17.8335
울산,동해,35.5022,129.3878,35.3750,129.3750,2020-01-01,15.6513
울산,동해,35.5022,129.3878,35.3750,129.3750,2020-02-01,14.5531
울산,동해,35.5022,129.3878,35.3750,129.3750,2020-03-01,14.9694
울산,동해,35.5022,129.3878,35.3750,129.3750,2020-04-01,15.3467
울산,동해,35.5022,129.3878,35.3750,129.3750,2020-05-01,16.8706
울산,동해,35.5022,129.3878,35.3750,129.3750,2020-06-01,20.6143
울산,동해,35.5022,129.3878,35.3750,129.3750,2020-07-01,22.1758
울산,동해,35.5022,129.3878,35.3750,129.3750,2020-08-01,25.1513
울산,동해,35.5022,129.3878,35.3750,129.3750,2020-09-01,23.9037
울산,동해,35.5022,129.3878,35.3750,129.3750,2020-10-01,21.4894
울산,동해,35.5022,129.3878,35.3750,129.3750,2020-11-01,20.0203
울산,동해,35.5022,129.3878,35.3750,129.3750,2020-12-01,17.2694
울산,동해,35.5022,129.3878,35.3750,129.3750,2021-01-01,15.2210
울산,동해,35.5022,129.3878,35.3750,129.3750,2021-02-01,14.9382
울산,동해,35.5022,129.3878,35.3750,129.3750,2021-03-01,15.3084
울산,동해,35.5022,129.3878,35.3750,129.3750,2021-04-01,16.5833
울산,동해,35.5022,129.3878,35.3750,129.3750,2021-05-01,17.5148
울산,동해,35.5022,129.3878,35.3750,129.3750,2021-06-01,21.2853
울산,동해,35.5022,129.3878,35.3750,129.3750,2021-07-01,25.4471
울산,동해,35.5022,129.3878,35.3750,129.3750,2021-08-01,27.0039
울산,동해,35.5022,129.3878,35.3750,129.3750,2021-09-01,25.1613
울산,동해,35.5022,129.3878,35.3750,129.3750,2021-10-01,24.4513
울산,동해,35.5022,129.3878,35.3750,129.3750,2021-11-01,19.6667
울산,동해,35.5022,129.3878,35.3750,129.3750,2021-12-01,17.0974
울산,동해,35.5022,129.3878,35.3750,129.3750,2022-01-01,14.8090
울산,동해,35.5022,129.3878,35.3750,129.3750,2022-02-01,12.9818
울산,동해,35.5022,129.3878,35.3750,129.3750,2022-03-01,13.6387
울산,동해,35.5022,129.3878,35.3750,129.3750,2022-04-01,15.5327
울산,동해,35.5022,129.3878,35.3750,129.3750,2022-05-01,17.5890
울산,동해,35.5022,129.3878,35.3750,129.3750,2022-06-01,20.3213
울산,동해,35.5022,129.3878,35.3750,129.3750,2022-07-01,24.8955
울산,동해,35.5022,129.3878,35.3750,129.3750,2022-08-01,26.0565
울산,동해,35.5022,129.3878,35.3750,129.3750,2022-09-01,25.4530
울산,동해,35.5022,129.3878,35.3750,129.3750,2022-10-01,22.8481
울산,동해,35.5022,129.3878,35.3750,129.3750,2022-11-01,20.0947
울산,동해,35.5022,129.3878,35.3750,129.3750,2022-12-01,17.6926
울산,동해,35.5022,129.3878,35.3750,129.3750,2023-01-01,14.5977
울산,동해,35.5022,129.3878,35.3750,129.3750,2023-02-01,14.1625
울산,동해,35.5022,129.3878,35.3750,129.3750,2023-03-01,15.2848
울산,동해,35.5022,129.3878,35.3750,129.3750,2023-04-01,16.3280
울산,동해,35.5022,129.3878,35.3750,129.3750,2023-05-01,17.7374
울산,동해,35.5022,129.3878,35.3750,129.3750,2023-06-01,21.2257
울산,동해,35.5022,129.3878,35.3750,129.3750,2023-07-01,23.5642
울산,동해,35.5022,129.3878,35.3750,129.3750,2023-08-01,26.9852
울산,동해,35.5022,129.3878,35.3750,129.3750,2023-09-01,26.1327
울산,동해,35.5022,129.3878,35.3750,129.3750,2023-10-01,21.9987
울산,동해,35.5022,129.3878,35.3750,129.3750,2023-11-01,19.1547
울산,동해,35.5022,129.3878,35.3750,129.3750,2023-12-01,16.7158
울산,동해,35.5022,129.3878,35.3750,129.3750,2024-01-01,14.9994
울산,동해,35.5022,129.3878,35.3750,129.3750,2024-02-01,14.2093
울산,동해,35.5022,129.3878,35.3750,129.3750,2024-03-01,14.3087
울산,동해,35.5022,129.3878,35.3750,129.3750,2024-04-01,16.3090
울산,동해,35.5022,129.3878,35.3750,129.3750,2024-05-01,17.8594
울산,동해,35.5022,129.3878,35.3750,129.3750,2024-06-01,21.2633
울산,동해,35.5022,129.3878,35.3750,129.3750,2024-07-01,22.5926
울산,동해,35.5022,129.3878,35.3750,129.3750,2024-08-01,28.4035
울산,동해,35.5022,129.3878,35.3750,129.3750,2024-09-01,27.9450
울산,동해,35.5022,129.3878,35.3750,129.3750,2024-10-01,24.0326
울산,동해,35.5022,129.3878,35.3750,129.3750,2024-11-01,20.9670
울산,동해,35.5022,129.3878,35.3750,129.3750,2024-12-01,16.3487
울산,동해,35.5022,129.3878,35.3750,129.3750,2025-01-01,14.3639
울산,동해,35.5022,129.3878,35.3750,129.3750,2025-02-01,12.5025
울산,동해,35.5022,129.3878,35.3750,129.3750,2025-03-01,12.8087
울산,동해,35.5022,129.3878,35.3750,129.3750,2025-04-01,13.6583
울산,동해,35.5022,129.3878,35.3750,129.3750,2025-05-01,15.8958
울산,동해,35.5022,129.3878,35.3750,129.3750,2025-06-01,19.2033
울산,동해,35.5022,129.3878,35.3750,129.3750,2025-07-01,25.0352
울산,동해,35.5022,129.3878,35.3750,129.3750,2025-08-01,27.3826
울산,동해,35.5022,129.3878,35.3750,129.3750,2025-09-01,26.2407
울산,동해,35.5022,129.3878,35.3750,129.3750,2025-10-01,24.3971
울산,동해,35.5022,129.3878,35.3750,129.3750,2025-11-01,20.8977
울산,동해,35.5022,129.3878,35.3750,129.3750,2025-12-01,17.4781
울산,동해,35.5022,129.3878,35.3750,129.3750,2026-01-01,15.3890
울산,동해,35.5022,129.3878,35.3750,129.3750,2026-02-01,14.5986
울산,동해,35.5022,129.3878,35.3750,129.3750,2026-03-01,14.9216
울산,동해,35.5022,129.3878,35.3750,129.3750,2026-04-01,15.9237
포항,동해,36.0431,129.3786,36.1250,129.6250,1981-09-01,20.7393
포항,동해,36.0431,129.3786,36.1250,129.6250,1981-10-01,19.5529
포항,동해,36.0431,129.3786,36.1250,129.6250,1981-11-01,17.3357
포항,동해,36.0431,129.3786,36.1250,129.6250,1981-12-01,16.5016
포항,동해,36.0431,129.3786,36.1250,129.6250,1982-01-01,13.4023
포항,동해,36.0431,129.3786,36.1250,129.6250,1982-02-01,11.1979
포항,동해,36.0431,129.3786,36.1250,129.6250,1982-03-01,13.1126
포항,동해,36.0431,129.3786,36.1250,129.6250,1982-04-01,14.0043
포항,동해,36.0431,129.3786,36.1250,129.6250,1982-05-01,15.9416
포항,동해,36.0431,129.3786,36.1250,129.6250,1982-06-01,19.8097
포항,동해,36.0431,129.3786,36.1250,129.6250,1982-07-01,23.1765
포항,동해,36.0431,129.3786,36.1250,129.6250,1982-08-01,25.1406
포항,동해,36.0431,129.3786,36.1250,129.6250,1982-09-01,24.0883
포항,동해,36.0431,129.3786,36.1250,129.6250,1982-10-01,21.1065
포항,동해,36.0431,129.3786,36.1250,129.6250,1982-11-01,17.7597
포항,동해,36.0431,129.3786,36.1250,129.6250,1982-12-01,15.2952
포항,동해,36.0431,129.3786,36.1250,129.6250,1983-01-01,13.1139
포항,동해,36.0431,129.3786,36.1250,129.6250,1983-02-01,11.9561
포항,동해,36.0431,129.3786,36.1250,129.6250,1983-03-01,12.0032
포항,동해,36.0431,129.3786,36.1250,129.6250,1983-04-01,13.7360
포항,동해,36.0431,129.3786,36.1250,129.6250,1983-05-01,15.7242
포항,동해,36.0431,129.3786,36.1250,129.6250,1983-06-01,18.7513
포항,동해,36.0431,129.3786,36.1250,129.6250,1983-07-01,22.2116
포항,동해,36.0431,129.3786,36.1250,129.6250,1983-08-01,25.1074
포항,동해,36.0431,129.3786,36.1250,129.6250,1983-09-01,24.2920
포항,동해,36.0431,129.3786,36.1250,129.6250,1983-10-01,20.9694
포항,동해,36.0431,129.3786,36.1250,129.6250,1983-11-01,18.3020
포항,동해,36.0431,129.3786,36.1250,129.6250,1983-12-01,14.8323
포항,동해,36.0431,129.3786,36.1250,129.6250,1984-01-01,12.2623
포항,동해,36.0431,129.3786,36.1250,129.6250,1984-02-01,10.5148
포항,동해,36.0431,129.3786,36.1250,129.6250,1984-03-01,9.1629
포항,동해,36.0431,129.3786,36.1250,129.6250,1984-04-01,11.7840
포항,동해,36.0431,129.3786,36.1250,129.6250,1984-05-01,15.2465
포항,동해,36.0431,129.3786,36.1250,129.6250,1984-06-01,18.6197
포항,동해,36.0431,129.3786,36.1250,129.6250,1984-07-01,22.3558
포항,동해,36.0431,129.3786,36.1250,129.6250,1984-08-01,24.8190
포항,동해,36.0431,129.3786,36.1250,129.6250,1984-09-01,23.5040
포항,동해,36.0431,129.3786,36.1250,129.6250,1984-10-01,20.7071
포항,동해,36.0431,129.3786,36.1250,129.6250,1984-11-01,17.6420
포항,동해,36.0431,129.3786,36.1250,129.6250,1984-12-01,15.3858
포항,동해,36.0431,129.3786,36.1250,129.6250,1985-01-01,12.9526
포항,동해,36.0431,129.3786,36.1250,129.6250,1985-02-01,11.1857
포항,동해,36.0431,129.3786,36.1250,129.6250,1985-03-01,11.5639
포항,동해,36.0431,129.3786,36.1250,129.6250,1985-04-01,13.2540
포항,동해,36.0431,129.3786,36.1250,129.6250,1985-05-01,15.7900
포항,동해,36.0431,129.3786,36.1250,129.6250,1985-06-01,19.2743
포항,동해,36.0431,129.3786,36.1250,129.6250,1985-07-01,22.5371
포항,동해,36.0431,129.3786,36.1250,129.6250,1985-08-01,25.8129
포항,동해,36.0431,129.3786,36.1250,129.6250,1985-09-01,24.7527
포항,동해,36.0431,129.3786,36.1250,129.6250,1985-10-01,20.8406
포항,동해,36.0431,129.3786,36.1250,129.6250,1985-11-01,17.0697
포항,동해,36.0431,129.3786,36.1250,129.6250,1985-12-01,13.6774
포항,동해,36.0431,129.3786,36.1250,129.6250,1986-01-01,11.7945
포항,동해,36.0431,129.3786,36.1250,129.6250,1986-02-01,9.6875
포항,동해,36.0431,129.3786,36.1250,129.6250,1986-03-01,10.9229
포항,동해,36.0431,129.3786,36.1250,129.6250,1986-04-01,13.0400
포항,동해,36.0431,129.3786,36.1250,129.6250,1986-05-01,15.4287
포항,동해,36.0431,129.3786,36.1250,129.6250,1986-06-01,18.3743
포항,동해,36.0431,129.3786,36.1250,129.6250,1986-07-01,20.7381
포항,동해,36.0431,129.3786,36.1250,129.6250,1986-08-01,23.9719
포항,동해,36.0431,129.3786,36.1250,129.6250,1986-09-01,21.4090
포항,동해,36.0431,129.3786,36.1250,129.6250,1986-10-01,18.8235
포항,동해,36.0431,129.3786,36.1250,129.6250,1986-11-01,17.3137
포항,동해,36.0431,129.3786,36.1250,129.6250,1986-12-01,16.3484
포항,동해,36.0431,129.3786,36.1250,129.6250,1987-01-01,13.6748
포항,동해,36.0431,129.3786,36.1250,129.6250,1987-02-01,12.4975
포항,동해,36.0431,129.3786,36.1250,129.6250,1987-03-01,12.2839
포항,동해,36.0431,129.3786,36.1250,129.6250,1987-04-01,13.2620
포항,동해,36.0431,129.3786,36.1250,129.6250,1987-05-01,15.4768
포항,동해,36.0431,129.3786,36.1250,129.6250,1987-06-01,19.1430
포항,동해,36.0431,129.3786,36.1250,129.6250,1987-07-01,21.5803
포항,동해,36.0431,129.3786,36.1250,129.6250,1987-08-01,22.5132
포항,동해,36.0431,129.3786,36.1250,129.6250,1987-09-01,22.0467
포항,동해,36.0431,129.3786,36.1250,129.6250,1987-10-01,21.1439
포항,동해,36.0431,129.3786,36.1250,129.6250,1987-11-01,17.7933
포항,동해,36.0431,129.3786,36.1250,129.6250,1987-12-01,15.5194
포항,동해,36.0431,129.3786,36.1250,129.6250,1988-01-01,13.8939
포항,동해,36.0431,129.3786,36.1250,129.6250,1988-02-01,12.4369
포항,동해,36.0431,129.3786,36.1250,129.6250,1988-03-01,12.2803
포항,동해,36.0431,129.3786,36.1250,129.6250,1988-04-01,13.5837
포항,동해,36.0431,129.3786,36.1250,129.6250,1988-05-01,15.8497
포항,동해,36.0431,129.3786,36.1250,129.6250,1988-06-01,18.9523
포항,동해,36.0431,129.3786,36.1250,129.6250,1988-07-01,22.9181
포항,동해,36.0431,129.3786,36.1250,129.6250,1988-08-01,25.2481
포항,동해,36.0431,129.3786,36.1250,129.6250,1988-09-01,23.9307
포항,동해,36.0431,129.3786,36.1250,129.6250,1988-10-01,21.5681
포항,동해,36.0431,129.3786,36.1250,129.6250,1988-11-01,17.1303
포항,동해,36.0431,129.3786,36.1250,129.6250,1988-12-01,14.6052
포항,동해,36.0431,129.3786,36.1250,129.6250,1989-01-01,13.7390
포항,동해,36.0431,129.3786,36.1250,129.6250,1989-02-01,12.9575
포항,동해,36.0431,129.3786,36.1250,129.6250,1989-03-01,12.8945
포항,동해,36.0431,129.3786,36.1250,129.6250,1989-04-01,14.5240
포항,동해,36.0431,129.3786,36.1250,129.6250,1989-05-01,16.4648
포항,동해,36.0431,129.3786,36.1250,129.6250,1989-06-01,18.5930
포항,동해,36.0431,129.3786,36.1250,129.6250,1989-07-01,21.7255
포항,동해,36.0431,129.3786,36.1250,129.6250,1989-08-01,24.7458
포항,동해,36.0431,129.3786,36.1250,129.6250,1989-09-01,24.4517
포항,동해,36.0431,129.3786,36.1250,129.6250,1989-10-01,20.9597
포항,동해,36.0431,129.3786,36.1250,129.6250,1989-11-01,17.8120
포항,동해,36.0431,129.3786,36.1250,129.6250,1989-12-01,15.3171
포항,동해,36.0431,129.3786,36.1250,129.6250,1990-01-01,13.0594
포항,동해,36.0431,129.3786,36.1250,129.6250,1990-02-01,12.6725
포항,동해,36.0431,129.3786,36.1250,129.6250,1990-03-01,13.3916
포항,동해,36.0431,129.3786,36.1250,129.6250,1990-04-01,14.1510
포항,동해,36.0431,129.3786,36.1250,129.6250,1990-05-01,16.2261
포항,동해,36.0431,129.3786,36.1250,129.6250,1990-06-01,18.3550
포항,동해,36.0431,129.3786,36.1250,129.6250,1990-07-01,22.6481
포항,동해,36.0431,129.3786,36.1250,129.6250,1990-08-01,26.4468
포항,동해,36.0431,129.3786,36.1250,129.6250,1990-09-01,24.1137
포항,동해,36.0431,129.3786,36.1250,129.6250,1990-10-01,21.4013
포항,동해,36.0431,129.3786,36.1250,129.6250,1990-11-01,18.0583
포항,동해,36.0431,129.3786,36.1250,129.6250,1990-12-01,15.5371
포항,동해,36.0431,129.3786,36.1250,129.6250,1991-01-01,12.2045
포항,동해,36.0431,129.3786,36.1250,129.6250,1991-02-01,10.9239
포항,동해,36.0431,129.3786,36.1250,129.6250,1991-03-01,11.9261
포항,동해,36.0431,129.3786,36.1250,129.6250,1991-04-01,13.9767
포항,동해,36.0431,129.3786,36.1250,129.6250,1991-05-01,15.3258
포항,동해,36.0431,129.3786,36.1250,129.6250,1991-06-01,18.2013
포항,동해,36.0431,129.3786,36.1250,129.6250,1991-07-01,20.7426
포항,동해,36.0431,129.3786,36.1250,129.6250,1991-08-01,22.8510
포항,동해,36.0431,129.3786,36.1250,129.6250,1991-09-01,23.9237
포항,동해,36.0431,129.3786,36.1250,129.6250,1991-10-01,20.8445
포항,동해,36.0431,129.3786,36.1250,129.6250,1991-11-01,16.9827
포항,동해,36.0431,129.3786,36.1250,129.6250,1991-12-01,15.3635
포항,동해,36.0431,129.3786,36.1250,129.6250,1992-01-01,13.8252
포항,동해,36.0431,129.3786,36.1250,129.6250,1992-02-01,12.6172
포항,동해,36.0431,129.3786,36.1250,129.6250,1992-03-01,13.2726
포항,동해,36.0431,129.3786,36.1250,129.6250,1992-04-01,14.0720
포항,동해,36.0431,129.3786,36.1250,129.6250,1992-05-01,15.9877
포항,동해,36.0431,129.3786,36.1250,129.6250,1992-06-01,18.5140
포항,동해,36.0431,129.3786,36.1250,129.6250,1992-07-01,22.1755
포항,동해,36.0431,129.3786,36.1250,129.6250,1992-08-01,23.7890
포항,동해,36.0431,129.3786,36.1250,129.6250,1992-09-01,23.8667
포항,동해,36.0431,129.3786,36.1250,129.6250,1992-10-01,20.6571
포항,동해,36.0431,129.3786,36.1250,129.6250,1992-11-01,17.2467
포항,동해,36.0431,129.3786,36.1250,129.6250,1992-12-01,15.9468
포항,동해,36.0431,129.3786,36.1250,129.6250,1993-01-01,13.3697
포항,동해,36.0431,129.3786,36.1250,129.6250,1993-02-01,11.2332
포항,동해,36.0431,129.3786,36.1250,129.6250,1993-03-01,11.5745
포항,동해,36.0431,129.3786,36.1250,129.6250,1993-04-01,13.5360
포항,동해,36.0431,129.3786,36.1250,129.6250,1993-05-01,15.8987
포항,동해,36.0431,129.3786,36.1250,129.6250,1993-06-01,17.6000
포항,동해,36.0431,129.3786,36.1250,129.6250,1993-07-01,20.5355
포항,동해,36.0431,129.3786,36.1250,129.6250,1993-08-01,22.0852
포항,동해,36.0431,129.3786,36.1250,129.6250,1993-09-01,22.3890
포항,동해,36.0431,129.3786,36.1250,129.6250,1993-10-01,19.4610
포항,동해,36.0431,129.3786,36.1250,129.6250,1993-11-01,16.7413
포항,동해,36.0431,129.3786,36.1250,129.6250,1993-12-01,14.7126
포항,동해,36.0431,129.3786,36.1250,129.6250,1994-01-01,12.3797
포항,동해,36.0431,129.3786,36.1250,129.6250,1994-02-01,11.8896
포항,동해,36.0431,129.3786,36.1250,129.6250,1994-03-01,11.4235
포항,동해,36.0431,129.3786,36.1250,129.6250,1994-04-01,13.5950
포항,동해,36.0431,129.3786,36.1250,129.6250,1994-05-01,14.9913
포항,동해,36.0431,129.3786,36.1250,129.6250,1994-06-01,18.1877
포항,동해,36.0431,129.3786,36.1250,129.6250,1994-07-01,23.9374
포항,동해,36.0431,129.3786,36.1250,129.6250,1994-08-01,25.8842
포항,동해,36.0431,129.3786,36.1250,129.6250,1994-09-01,24.2090
포항,동해,36.0431,129.3786,36.1250,129.6250,1994-10-01,20.4845
포항,동해,36.0431,129.3786,36.1250,129.6250,1994-11-01,18.5763
포항,동해,36.0431,129.3786,36.1250,129.6250,1994-12-01,16.4377
포항,동해,36.0431,129.3786,36.1250,129.6250,1995-01-01,14.4558
포항,동해,36.0431,129.3786,36.1250,129.6250,1995-02-01,12.8421
포항,동해,36.0431,129.3786,36.1250,129.6250,1995-03-01,12.7261
포항,동해,36.0431,129.3786,36.1250,129.6250,1995-04-01,13.8093
포항,동해,36.0431,129.3786,36.1250,129.6250,1995-05-01,15.5823
포항,동해,36.0431,129.3786,36.1250,129.6250,1995-06-01,18.5817
포항,동해,36.0431,129.3786,36.1250,129.6250,1995-07-01,20.6897
포항,동해,36.0431,129.3786,36.1250,129.6250,1995-08-01,23.9613
포항,동해,36.0431,129.3786,36.1250,129.6250,1995-09-01,22.2917
포항,동해,36.0431,129.3786,36.1250,129.6250,1995-10-01,20.5006
포항,동해,36.0431,129.3786,36.1250,129.6250,1995-11-01,18.2177
포항,동해,36.0431,129.3786,36.1250,129.6250,1995-12-01,15.4332
포항,동해,36.0431,129.3786,36.1250,129.6250,1996-01-01,12.7868
포항,동해,36.0431,129.3786,36.1250,129.6250,1996-02-01,10.3990
포항,동해,36.0431,129.3786,36.1250,129.6250,1996-03-01,11.3903
포항,동해,36.0431,129.3786,36.1250,129.6250,1996-04-01,12.4100
포항,동해,36.0431,129.3786,36.1250,129.6250,1996-05-01,14.9074
포항,동해,36.0431,129.3786,36.1250,129.6250,1996-06-01,18.4220
포항,동해,36.0431,129.3786,36.1250,129.6250,1996-07-01,19.8510
포항,동해,36.0431,129.3786,36.1250,129.6250,1996-08-01,24.7542
포항,동해,36.0431,129.3786,36.1250,129.6250,1996-09-01,23.3187
포항,동해,36.0431,129.3786,36.1250,129.6250,1996-10-01,19.9274
포항,동해,36.0431,129.3786,36.1250,129.6250,1996-11-01,18.6240
포항,동해,36.0431,129.3786,36.1250,129.6250,1996-12-01,16.6977
포항,동해,36.0431,129.3786,36.1250,129.6250,1997-01-01,13.9494
포항,동해,36.0431,129.3786,36.1250,129.6250,1997-02-01,12.7225
포항,동해,36.0431,129.3786,36.1250,129.6250,1997-03-01,13.2671
포항,동해,36.0431,129.3786,36.1250,129.6250,1997-04-01,14.3083
포항,동해,36.0431,129.3786,36.1250,129.6250,1997-05-01,15.9000
포항,동해,36.0431,129.3786,36.1250,129.6250,1997-06-01,19.7627
포항,동해,36.0431,129.3786,36.1250,129.6250,1997-07-01,22.5300
포항,동해,36.0431,129.3786,36.1250,129.6250,1997-08-01,24.0310
포항,동해,36.0431,129.3786,36.1250,129.6250,1997-09-01,23.3283
포항,동해,36.0431,129.3786,36.1250,129.6250,1997-10-01,20.2510
포항,동해,36.0431,129.3786,36.1250,129.6250,1997-11-01,18.0027
포항,동해,36.0431,129.3786,36.1250,129.6250,1997-12-01,15.6268
포항,동해,36.0431,129.3786,36.1250,129.6250,1998-01-01,14.5477
포항,동해,36.0431,129.3786,36.1250,129.6250,1998-02-01,12.9361
포항,동해,36.0431,129.3786,36.1250,129.6250,1998-03-01,13.0884
포항,동해,36.0431,129.3786,36.1250,129.6250,1998-04-01,15.1757
포항,동해,36.0431,129.3786,36.1250,129.6250,1998-05-01,17.4932
포항,동해,36.0431,129.3786,36.1250,129.6250,1998-06-01,20.2850
포항,동해,36.0431,129.3786,36.1250,129.6250,1998-07-01,23.0845
포항,동해,36.0431,129.3786,36.1250,129.6250,1998-08-01,25.7906
포항,동해,36.0431,129.3786,36.1250,129.6250,1998-09-01,24.5783
포항,동해,36.0431,129.3786,36.1250,129.6250,1998-10-01,22.4848
포항,동해,36.0431,129.3786,36.1250,129.6250,1998-11-01,18.1923
포항,동해,36.0431,129.3786,36.1250,129.6250,1998-12-01,15.6142
포항,동해,36.0431,129.3786,36.1250,129.6250,1999-01-01,13.6913
포항,동해,36.0431,129.3786,36.1250,129.6250,1999-02-01,11.8518
포항,동해,36.0431,129.3786,36.1250,129.6250,1999-03-01,12.9635
포항,동해,36.0431,129.3786,36.1250,129.6250,1999-04-01,14.3377
포항,동해,36.0431,129.3786,36.1250,129.6250,1999-05-01,16.2958
포항,동해,36.0431,129.3786,36.1250,129.6250,1999-06-01,19.4913
포항,동해,36.0431,129.3786,36.1250,129.6250,1999-07-01,21.8506
포항,동해,36.0431,129.3786,36.1250,129.6250,1999-08-01,23.8777
포항,동해,36.0431,129.3786,36.1250,129.6250,1999-09-01,23.6447
포항,동해,36.0431,129.3786,36.1250,129.6250,1999-10-01,22.0442
포항,동해,36.0431,129.3786,36.1250,129.6250,1999-11-01,18.3950
포항,동해,36.0431,129.3786,36.1250,129.6250,1999-12-01,15.9281
포항,동해,36.0431,129.3786,36.1250,129.6250,2000-01-01,14.1342
포항,동해,36.0431,129.3786,36.1250,129.6250,2000-02-01,12.5028
포항,동해,36.0431,129.3786,36.1250,129.6250,2000-03-01,12.1845
포항,동해,36.0431,129.3786,36.1250,129.6250,2000-04-01,13.0790
포항,동해,36.0431,129.3786,36.1250,129.6250,2000-05-01,15.1403
포항,동해,36.0431,129.3786,36.1250,129.6250,2000-06-01,18.7987
포항,동해,36.0431,129.3786,36.1250,129.6250,2000-07-01,23.1406
포항,동해,36.0431,129.3786,36.1250,129.6250,2000-08-01,25.3913
포항,동해,36.0431,129.3786,36.1250,129.6250,2000-09-01,22.1690
포항,동해,36.0431,129.3786,36.1250,129.6250,2000-10-01,20.1048
포항,동해,36.0431,129.3786,36.1250,129.6250,2000-11-01,18.0263
포항,동해,36.0431,129.3786,36.1250,129.6250,2000-12-01,16.2629
포항,동해,36.0431,129.3786,36.1250,129.6250,2001-01-01,14.1061
포항,동해,36.0431,129.3786,36.1250,129.6250,2001-02-01,13.1957
포항,동해,36.0431,129.3786,36.1250,129.6250,2001-03-01,12.7377
포항,동해,36.0431,129.3786,36.1250,129.6250,2001-04-01,15.2313
포항,동해,36.0431,129.3786,36.1250,129.6250,2001-05-01,17.0087
포항,동해,36.0431,129.3786,36.1250,129.6250,2001-06-01,19.5073
포항,동해,36.0431,129.3786,36.1250,129.6250,2001-07-01,23.2555
포항,동해,36.0431,129.3786,36.1250,129.6250,2001-08-01,26.6981
포항,동해,36.0431,129.3786,36.1250,129.6250,2001-09-01,24.7013
포항,동해,36.0431,129.3786,36.1250,129.6250,2001-10-01,21.9674
포항,동해,36.0431,129.3786,36.1250,129.6250,2001-11-01,18.8760
포항,동해,36.0431,129.3786,36.1250,129.6250,2001-12-01,15.7481
포항,동해,36.0431,129.3786,36.1250,129.6250,2002-01-01,12.6532
포항,동해,36.0431,129.3786,36.1250,129.6250,2002-02-01,12.4668
포항,동해,36.0431,129.3786,36.1250,129.6250,2002-03-01,12.8932
포항,동해,36.0431,129.3786,36.1250,129.6250,2002-04-01,14.7517
포항,동해,36.0431,129.3786,36.1250,129.6250,2002-05-01,15.6977
포항,동해,36.0431,129.3786,36.1250,129.6250,2002-06-01,19.3123
포항,동해,36.0431,129.3786,36.1250,129.6250,2002-07-01,22.3465
포항,동해,36.0431,129.3786,36.1250,129.6250,2002-08-01,24.3032
포항,동해,36.0431,129.3786,36.1250,129.6250,2002-09-01,23.2063
포항,동해,36.0431,129.3786,36.1250,129.6250,2002-10-01,21.2513
포항,동해,36.0431,129.3786,36.1250,129.6250,2002-11-01,16.8810
포항,동해,36.0431,129.3786,36.1250,129.6250,2002-12-01,15.1545
포항,동해,36.0431,129.3786,36.1250,129.6250,2003-01-01,12.8997
포항,동해,36.0431,129.3786,36.1250,129.6250,2003-02-01,11.3161
포항,동해,36.0431,129.3786,36.1250,129.6250,2003-03-01,12.9365
포항,동해,36.0431,129.3786,36.1250,129.6250,2003-04-01,13.4147
포항,동해,36.0431,129.3786,36.1250,129.6250,2003-05-01,16.2352
포항,동해,36.0431,129.3786,36.1250,129.6250,2003-06-01,19.5763
포항,동해,36.0431,129.3786,36.1250,129.6250,2003-07-01,21.2232
포항,동해,36.0431,129.3786,36.1250,129.6250,2003-08-01,24.1652
포항,동해,36.0431,129.3786,36.1250,129.6250,2003-09-01,23.3707
포항,동해,36.0431,129.3786,36.1250,129.6250,2003-10-01,20.8184
포항,동해,36.0431,129.3786,36.1250,129.6250,2003-11-01,17.8613
포항,동해,36.0431,129.3786,36.1250,129.6250,2003-12-01,15.8858
포항,동해,36.0431,129.3786,36.1250,129.6250,2004-01-01,13.4545
포항,동해,36.0431,129.3786,36.1250,129.6250,2004-02-01,12.3386
포항,동해,36.0431,129.3786,36.1250,129.6250,2004-03-01,12.3539
포항,동해,36.0431,129.3786,36.1250,129.6250,2004-04-01,14.5963
포항,동해,36.0431,129.3786,36.1250,129.6250,2004-05-01,16.0626
포항,동해,36.0431,129.3786,36.1250,129.6250,2004-06-01,20.2930
포항,동해,36.0431,129.3786,36.1250,129.6250,2004-07-01,22.8348
포항,동해,36.0431,129.3786,36.1250,129.6250,2004-08-01,25.2119
포항,동해,36.0431,129.3786,36.1250,129.6250,2004-09-01,23.4420
포항,동해,36.0431,129.3786,36.1250,129.6250,2004-10-01,19.5390
포항,동해,36.0431,129.3786,36.1250,129.6250,2004-11-01,17.5580
포항,동해,36.0431,129.3786,36.1250,129.6250,2004-12-01,16.1719
포항,동해,36.0431,129.3786,36.1250,129.6250,2005-01-01,14.2384
포항,동해,36.0431,129.3786,36.1250,129.6250,2005-02-01,12.0721
포항,동해,36.0431,129.3786,36.1250,129.6250,2005-03-01,12.1410
포항,동해,36.0431,129.3786,36.1250,129.6250,2005-04-01,13.5573
포항,동해,36.0431,129.3786,36.1250,129.6250,2005-05-01,16.3865
포항,동해,36.0431,129.3786,36.1250,129.6250,2005-06-01,19.7730
포항,동해,36.0431,129.3786,36.1250,129.6250,2005-07-01,22.6277
포항,동해,36.0431,129.3786,36.1250,129.6250,2005-08-01,25.1035
포항,동해,36.0431,129.3786,36.1250,129.6250,2005-09-01,24.2777
포항,동해,36.0431,129.3786,36.1250,129.6250,2005-10-01,21.4442
포항,동해,36.0431,129.3786,36.1250,129.6250,2005-11-01,18.6760
포항,동해,36.0431,129.3786,36.1250,129.6250,2005-12-01,14.6297
포항,동해,36.0431,129.3786,36.1250,129.6250,2006-01-01,12.1116
포항,동해,36.0431,129.3786,36.1250,129.6250,2006-02-01,11.6100
포항,동해,36.0431,129.3786,36.1250,129.6250,2006-03-01,12.1445
포항,동해,36.0431,129.3786,36.1250,129.6250,2006-04-01,13.4457
포항,동해,36.0431,129.3786,36.1250,129.6250,2006-05-01,15.1771
포항,동해,36.0431,129.3786,36.1250,129.6250,2006-06-01,17.9230
포항,동해,36.0431,129.3786,36.1250,129.6250,2006-07-01,20.5548
포항,동해,36.0431,129.3786,36.1250,129.6250,2006-08-01,25.7171
포항,동해,36.0431,129.3786,36.1250,129.6250,2006-09-01,23.4737
포항,동해,36.0431,129.3786,36.1250,129.6250,2006-10-01,21.7694
포항,동해,36.0431,129.3786,36.1250,129.6250,2006-11-01,19.0897
포항,동해,36.0431,129.3786,36.1250,129.6250,2006-12-01,16.4487
포항,동해,36.0431,129.3786,36.1250,129.6250,2007-01-01,14.3248
포항,동해,36.0431,129.3786,36.1250,129.6250,2007-02-01,13.7389
포항,동해,36.0431,129.3786,36.1250,129.6250,2007-03-01,13.7045
포항,동해,36.0431,129.3786,36.1250,129.6250,2007-04-01,13.9740
포항,동해,36.0431,129.3786,36.1250,129.6250,2007-05-01,15.7539
포항,동해,36.0431,129.3786,36.1250,129.6250,2007-06-01,19.7067
포항,동해,36.0431,129.3786,36.1250,129.6250,2007-07-01,21.8387
포항,동해,36.0431,129.3786,36.1250,129.6250,2007-08-01,25.3265
포항,동해,36.0431,129.3786,36.1250,129.6250,2007-09-01,24.6660
포항,동해,36.0431,129.3786,36.1250,129.6250,2007-10-01,22.0165
포항,동해,36.0431,129.3786,36.1250,129.6250,2007-11-01,17.4147
포항,동해,36.0431,129.3786,36.1250,129.6250,2007-12-01,16.4242
포항,동해,36.0431,129.3786,36.1250,129.6250,2008-01-01,13.9261
포항,동해,36.0431,129.3786,36.1250,129.6250,2008-02-01,12.8203
포항,동해,36.0431,129.3786,36.1250,129.6250,2008-03-01,12.9006
포항,동해,36.0431,129.3786,36.1250,129.6250,2008-04-01,13.9743
포항,동해,36.0431,129.3786,36.1250,129.6250,2008-05-01,16.4955
포항,동해,36.0431,129.3786,36.1250,129.6250,2008-06-01,19.1897
포항,동해,36.0431,129.3786,36.1250,129.6250,2008-07-01,22.2410
포항,동해,36.0431,129.3786,36.1250,129.6250,2008-08-01,24.4635
포항,동해,36.0431,129.3786,36.1250,129.6250,2008-09-01,24.7140
포항,동해,36.0431,129.3786,36.1250,129.6250,2008-10-01,22.5797
포항,동해,36.0431,129.3786,36.1250,129.6250,2008-11-01,18.7797
포항,동해,36.0431,129.3786,36.1250,129.6250,2008-12-01,16.2771
포항,동해,36.0431,129.3786,36.1250,129.6250,2009-01-01,14.5516
포항,동해,36.0431,129.3786,36.1250,129.6250,2009-02-01,13.8143
포항,동해,36.0431,129.3786,36.1250,129.6250,2009-03-01,13.9432
포항,동해,36.0431,129.3786,36.1250,129.6250,2009-04-01,14.7920
포항,동해,36.0431,129.3786,36.1250,129.6250,2009-05-01,16.4448
포항,동해,36.0431,129.3786,36.1250,129.6250,2009-06-01,19.1793
포항,동해,36.0431,129.3786,36.1250,129.6250,2009-07-01,21.5481
포항,동해,36.0431,129.3786,36.1250,129.6250,2009-08-01,24.3303
포항,동해,36.0431,129.3786,36.1250,129.6250,2009-09-01,23.7060
포항,동해,36.0431,129.3786,36.1250,129.6250,2009-10-01,21.5371
포항,동해,36.0431,129.3786,36.1250,129.6250,2009-11-01,18.9797
포항,동해,36.0431,129.3786,36.1250,129.6250,2009-12-01,16.0671
포항,동해,36.0431,129.3786,36.1250,129.6250,2010-01-01,11.6445
포항,동해,36.0431,129.3786,36.1250,129.6250,2010-02-01,12.2604
포항,동해,36.0431,129.3786,36.1250,129.6250,2010-03-01,12.4177
포항,동해,36.0431,129.3786,36.1250,129.6250,2010-04-01,13.7743
포항,동해,36.0431,129.3786,36.1250,129.6250,2010-05-01,16.2958
포항,동해,36.0431,129.3786,36.1250,129.6250,2010-06-01,20.5777
포항,동해,36.0431,129.3786,36.1250,129.6250,2010-07-01,22.6881
포항,동해,36.0431,129.3786,36.1250,129.6250,2010-08-01,25.1852
포항,동해,36.0431,129.3786,36.1250,129.6250,2010-09-01,24.1767
포항,동해,36.0431,129.3786,36.1250,129.6250,2010-10-01,21.1994
포항,동해,36.0431,129.3786,36.1250,129.6250,2010-11-01,18.9437
포항,동해,36.0431,129.3786,36.1250,129.6250,2010-12-01,16.8361
포항,동해,36.0431,129.3786,36.1250,129.6250,2011-01-01,13.2984
포항,동해,36.0431,129.3786,36.1250,129.6250,2011-02-01,11.4486
포항,동해,36.0431,129.3786,36.1250,129.6250,2011-03-01,10.5616
포항,동해,36.0431,129.3786,36.1250,129.6250,2011-04-01,13.1027
포항,동해,36.0431,129.3786,36.1250,129.6250,2011-05-01,14.5197
포항,동해,36.0431,129.3786,36.1250,129.6250,2011-06-01,17.8897
포항,동해,36.0431,129.3786,36.1250,129.6250,2011-07-01,21.1645
포항,동해,36.0431,129.3786,36.1250,129.6250,2011-08-01,24.0816
포항,동해,36.0431,129.3786,36.1250,129.6250,2011-09-01,23.3873
포항,동해,36.0431,129.3786,36.1250,129.6250,2011-10-01,21.2571
포항,동해,36.0431,129.3786,36.1250,129.6250,2011-11-01,19.6867
포항,동해,36.0431,129.3786,36.1250,129.6250,2011-12-01,16.6687
포항,동해,36.0431,129.3786,36.1250,129.6250,2012-01-01,13.4042
포항,동해,36.0431,129.3786,36.1250,129.6250,2012-02-01,11.3290
포항,동해,36.0431,129.3786,36.1250,129.6250,2012-03-01,12.6723
포항,동해,36.0431,129.3786,36.1250,129.6250,2012-04-01,14.6927
포항,동해,36.0431,129.3786,36.1250,129.6250,2012-05-01,17.1055
포항,동해,36.0431,129.3786,36.1250,129.6250,2012-06-01,20.3107
포항,동해,36.0431,129.3786,36.1250,129.6250,2012-07-01,23.2926
포항,동해,36.0431,129.3786,36.1250,129.6250,2012-08-01,25.9332
포항,동해,36.0431,129.3786,36.1250,129.6250,2012-09-01,23.3827
포항,동해,36.0431,129.3786,36.1250,129.6250,2012-10-01,20.3139
포항,동해,36.0431,129.3786,36.1250,129.6250,2012-11-01,16.6977
포항,동해,36.0431,129.3786,36.1250,129.6250,2012-12-01,14.9258
포항,동해,36.0431,129.3786,36.1250,129.6250,2013-01-01,12.9952
포항,동해,36.0431,129.3786,36.1250,129.6250,2013-02-01,12.5514
포항,동해,36.0431,129.3786,36.1250,129.6250,2013-03-01,13.0677
포항,동해,36.0431,129.3786,36.1250,129.6250,2013-04-01,14.3847
포항,동해,36.0431,129.3786,36.1250,129.6250,2013-05-01,16.1819
포항,동해,36.0431,129.3786,36.1250,129.6250,2013-06-01,20.7147
포항,동해,36.0431,129.3786,36.1250,129.6250,2013-07-01,21.3429
포항,동해,36.0431,129.3786,36.1250,129.6250,2013-08-01,24.6523
포항,동해,36.0431,129.3786,36.1250,129.6250,2013-09-01,24.6870
포항,동해,36.0431,129.3786,36.1250,129.6250,2013-10-01,22.3397
포항,동해,36.0431,129.3786,36.1250,129.6250,2013-11-01,19.5243
포항,동해,36.0431,129.3786,36.1250,129.6250,2013-12-01,14.5452
포항,동해,36.0431,129.3786,36.1250,129.6250,2014-01-01,13.1048
포항,동해,36.0431,129.3786,36.1250,129.6250,2014-02-01,13.2746
포항,동해,36.0431,129.3786,36.1250,129.6250,2014-03-01,13.1529
포항,동해,36.0431,129.3786,36.1250,129.6250,2014-04-01,15.0243
포항,동해,36.0431,129.3786,36.1250,129.6250,2014-05-01,16.3290
포항,동해,36.0431,129.3786,36.1250,129.6250,2014-06-01,19.2173
포항,동해,36.0431,129.3786,36.1250,129.6250,2014-07-01,22.0290
포항,동해,36.0431,129.3786,36.1250,129.6250,2014-08-01,23.8745
포항,동해,36.0431,129.3786,36.1250,129.6250,2014-09-01,24.2843
포항,동해,36.0431,129.3786,36.1250,129.6250,2014-10-01,22.1258
포항,동해,36.0431,129.3786,36.1250,129.6250,2014-11-01,19.0390
포항,동해,36.0431,129.3786,36.1250,129.6250,2014-12-01,15.3097
포항,동해,36.0431,129.3786,36.1250,129.6250,2015-01-01,12.1745
포항,동해,36.0431,129.3786,36.1250,129.6250,2015-02-01,11.4475
포항,동해,36.0431,129.3786,36.1250,129.6250,2015-03-01,12.4068
포항,동해,36.0431,129.3786,36.1250,129.6250,2015-04-01,13.4073
포항,동해,36.0431,129.3786,36.1250,129.6250,2015-05-01,15.3910
포항,동해,36.0431,129.3786,36.1250,129.6250,2015-06-01,18.0510
포항,동해,36.0431,129.3786,36.1250,129.6250,2015-07-01,20.6087
포항,동해,36.0431,129.3786,36.1250,129.6250,2015-08-01,24.4403
포항,동해,36.0431,129.3786,36.1250,129.6250,2015-09-01,23.1737
포항,동해,36.0431,129.3786,36.1250,129.6250,2015-10-01,20.9006
포항,동해,36.0431,129.3786,36.1250,129.6250,2015-11-01,18.5023
포항,동해,36.0431,129.3786,36.1250,129.6250,2015-12-01,15.8152
포항,동해,36.0431,129.3786,36.1250,129.6250,2016-01-01,14.1552
포항,동해,36.0431,129.3786,36.1250,129.6250,2016-02-01,11.4300
포항,동해,36.0431,129.3786,36.1250,129.6250,2016-03-01,11.9919
포항,동해,36.0431,129.3786,36.1250,129.6250,2016-04-01,14.9133
포항,동해,36.0431,129.3786,36.1250,129.6250,2016-05-01,16.8929
포항,동해,36.0431,129.3786,36.1250,129.6250,2016-06-01,19.7767
포항,동해,36.0431,129.3786,36.1250,129.6250,2016-07-01,22.4158
포항,동해,36.0431,129.3786,36.1250,129.6250,2016-08-01,27.1610
포항,동해,36.0431,129.3786,36.1250,129.6250,2016-09-01,24.3870
포항,동해,36.0431,129.3786,36.1250,129.6250,2016-10-01,21.9126
포항,동해,36.0431,129.3786,36.1250,129.6250,2016-11-01,19.3847
포항,동해,36.0431,129.3786,36.1250,129.6250,2016-12-01,16.7726
포항,동해,36.0431,129.3786,36.1250,129.6250,2017-01-01,14.8552
포항,동해,36.0431,129.3786,36.1250,129.6250,2017-02-01,13.0700
포항,동해,36.0431,129.3786,36.1250,129.6250,2017-03-01,13.7694
포항,동해,36.0431,129.3786,36.1250,129.6250,2017-04-01,14.9497
포항,동해,36.0431,129.3786,36.1250,129.6250,2017-05-01,16.4642
포항,동해,36.0431,129.3786,36.1250,129.6250,2017-06-01,19.1480
포항,동해,36.0431,129.3786,36.1250,129.6250,2017-07-01,21.2677
포항,동해,36.0431,129.3786,36.1250,129.6250,2017-08-01,25.9610
포항,동해,36.0431,129.3786,36.1250,129.6250,2017-09-01,24.3023
포항,동해,36.0431,129.3786,36.1250,129.6250,2017-10-01,22.4423
포항,동해,36.0431,129.3786,36.1250,129.6250,2017-11-01,19.4480
포항,동해,36.0431,129.3786,36.1250,129.6250,2017-12-01,14.9926
포항,동해,36.0431,129.3786,36.1250,129.6250,2018-01-01,13.2877
포항,동해,36.0431,129.3786,36.1250,129.6250,2018-02-01,10.9304
포항,동해,36.0431,129.3786,36.1250,129.6250,2018-03-01,11.8500
포항,동해,36.0431,129.3786,36.1250,129.6250,2018-04-01,14.1040
포항,동해,36.0431,129.3786,36.1250,129.6250,2018-05-01,16.4545
포항,동해,36.0431,129.3786,36.1250,129.6250,2018-06-01,19.2507
포항,동해,36.0431,129.3786,36.1250,129.6250,2018-07-01,23.4013
포항,동해,36.0431,129.3786,36.1250,129.6250,2018-08-01,26.5426
포항,동해,36.0431,129.3786,36.1250,129.6250,2018-09-01,22.5667
포항,동해,36.0431,129.3786,36.1250,129.6250,2018-10-01,20.4916
포항,동해,36.0431,129.3786,36.1250,129.6250,2018-11-01,17.7457
포항,동해,36.0431,129.3786,36.1250,129.6250,2018-12-01,16.4594
포항,동해,36.0431,129.3786,36.1250,129.6250,2019-01-01,14.7319
포항,동해,36.0431,129.3786,36.1250,129.6250,2019-02-01,14.0243
포항,동해,36.0431,129.3786,36.1250,129.6250,2019-03-01,14.5497
포항,동해,36.0431,129.3786,36.1250,129.6250,2019-04-01,15.2260
포항,동해,36.0431,129.3786,36.1250,129.6250,2019-05-01,17.4368
포항,동해,36.0431,129.3786,36.1250,129.6250,2019-06-01,20.0963
포항,동해,36.0431,129.3786,36.1250,129.6250,2019-07-01,21.9081
포항,동해,36.0431,129.3786,36.1250,129.6250,2019-08-01,25.7881
포항,동해,36.0431,129.3786,36.1250,129.6250,2019-09-01,23.9087
포항,동해,36.0431,129.3786,36.1250,129.6250,2019-10-01,21.9239
포항,동해,36.0431,129.3786,36.1250,129.6250,2019-11-01,19.1483
포항,동해,36.0431,129.3786,36.1250,129.6250,2019-12-01,17.3461
포항,동해,36.0431,129.3786,36.1250,129.6250,2020-01-01,14.6987
포항,동해,36.0431,129.3786,36.1250,129.6250,2020-02-01,13.1497
포항,동해,36.0431,129.3786,36.1250,129.6250,2020-03-01,14.0461
포항,동해,36.0431,129.3786,36.1250,129.6250,2020-04-01,15.5180
포항,동해,36.0431,129.3786,36.1250,129.6250,2020-05-01,16.3826
포항,동해,36.0431,129.3786,36.1250,129.6250,2020-06-01,19.9777
포항,동해,36.0431,129.3786,36.1250,129.6250,2020-07-01,21.5187
포항,동해,36.0431,129.3786,36.1250,129.6250,2020-08-01,22.5352
포항,동해,36.0431,129.3786,36.1250,129.6250,2020-09-01,21.6947
포항,동해,36.0431,129.3786,36.1250,129.6250,2020-10-01,20.0806
포항,동해,36.0431,129.3786,36.1250,129.6250,2020-11-01,17.9607
포항,동해,36.0431,129.3786,36.1250,129.6250,2020-12-01,15.9016
포항,동해,36.0431,129.3786,36.1250,129.6250,2021-01-01,14.0442
포항,동해,36.0431,129.3786,36.1250,129.6250,2021-02-01,13.7643
포항,동해,36.0431,129.3786,36.1250,129.6250,2021-03-01,14.2761
포항,동해,36.0431,129.3786,36.1250,129.6250,2021-04-01,15.9003
포항,동해,36.0431,129.3786,36.1250,129.6250,2021-05-01,16.8548
포항,동해,36.0431,129.3786,36.1250,129.6250,2021-06-01,20.3260
포항,동해,36.0431,129.3786,36.1250,129.6250,2021-07-01,24.8148
포항,동해,36.0431,129.3786,36.1250,129.6250,2021-08-01,26.4523
포항,동해,36.0431,129.3786,36.1250,129.6250,2021-09-01,24.4787
포항,동해,36.0431,129.3786,36.1250,129.6250,2021-10-01,23.6010
포항,동해,36.0431,129.3786,36.1250,129.6250,2021-11-01,19.5677
포항,동해,36.0431,129.3786,36.1250,129.6250,2021-12-01,16.6961
포항,동해,36.0431,129.3786,36.1250,129.6250,2022-01-01,14.0342
포항,동해,36.0431,129.3786,36.1250,129.6250,2022-02-01,11.9846
포항,동해,36.0431,129.3786,36.1250,129.6250,2022-03-01,12.7661
포항,동해,36.0431,129.3786,36.1250,129.6250,2022-04-01,14.8150
포항,동해,36.0431,129.3786,36.1250,129.6250,2022-05-01,17.0158
포항,동해,36.0431,129.3786,36.1250,129.6250,2022-06-01,20.1587
포항,동해,36.0431,129.3786,36.1250,129.6250,2022-07-01,23.9303
포항,동해,36.0431,129.3786,36.1250,129.6250,2022-08-01,24.7726
포항,동해,36.0431,129.3786,36.1250,129.6250,2022-09-01,24.9620
포항,동해,36.0431,129.3786,36.1250,129.6250,2022-10-01,22.6500
포항,동해,36.0431,129.3786,36.1250,129.6250,2022-11-01,19.7557
포항,동해,36.0431,129.3786,36.1250,129.6250,2022-12-01,17.4235
포항,동해,36.0431,129.3786,36.1250,129.6250,2023-01-01,14.0755
포항,동해,36.0431,129.3786,36.1250,129.6250,2023-02-01,13.2082
포항,동해,36.0431,129.3786,36.1250,129.6250,2023-03-01,14.9194
포항,동해,36.0431,129.3786,36.1250,129.6250,2023-04-01,16.2067
포항,동해,36.0431,129.3786,36.1250,129.6250,2023-05-01,17.4129
포항,동해,36.0431,129.3786,36.1250,129.6250,2023-06-01,20.5460
포항,동해,36.0431,129.3786,36.1250,129.6250,2023-07-01,21.9771
포항,동해,36.0431,129.3786,36.1250,129.6250,2023-08-01,25.5977
포항,동해,36.0431,129.3786,36.1250,129.6250,2023-09-01,25.5373
포항,동해,36.0431,129.3786,36.1250,129.6250,2023-10-01,21.7606
포항,동해,36.0431,129.3786,36.1250,129.6250,2023-11-01,17.7147
포항,동해,36.0431,129.3786,36.1250,129.6250,2023-12-01,15.0213
포항,동해,36.0431,129.3786,36.1250,129.6250,2024-01-01,13.2568
포항,동해,36.0431,129.3786,36.1250,129.6250,2024-02-01,12.1610
포항,동해,36.0431,129.3786,36.1250,129.6250,2024-03-01,12.9929
포항,동해,36.0431,129.3786,36.1250,129.6250,2024-04-01,16.0833
포항,동해,36.0431,129.3786,36.1250,129.6250,2024-05-01,17.4787
포항,동해,36.0431,129.3786,36.1250,129.6250,2024-06-01,20.4133
포항,동해,36.0431,129.3786,36.1250,129.6250,2024-07-01,21.4058
포항,동해,36.0431,129.3786,36.1250,129.6250,2024-08-01,26.9861
포항,동해,36.0431,129.3786,36.1250,129.6250,2024-09-01,27.3883
포항,동해,36.0431,129.3786,36.1250,129.6250,2024-10-01,23.7994
포항,동해,36.0431,129.3786,36.1250,129.6250,2024-11-01,21.0150
포항,동해,36.0431,129.3786,36.1250,129.6250,2024-12-01,16.6868
포항,동해,36.0431,129.3786,36.1250,129.6250,2025-01-01,13.7532
포항,동해,36.0431,129.3786,36.1250,129.6250,2025-02-01,11.4296
포항,동해,36.0431,129.3786,36.1250,129.6250,2025-03-01,11.7342
포항,동해,36.0431,129.3786,36.1250,129.6250,2025-04-01,12.7017
포항,동해,36.0431,129.3786,36.1250,129.6250,2025-05-01,14.6258
포항,동해,36.0431,129.3786,36.1250,129.6250,2025-06-01,18.9830
포항,동해,36.0431,129.3786,36.1250,129.6250,2025-07-01,24.2781
포항,동해,36.0431,129.3786,36.1250,129.6250,2025-08-01,26.4948
포항,동해,36.0431,129.3786,36.1250,129.6250,2025-09-01,23.9867
포항,동해,36.0431,129.3786,36.1250,129.6250,2025-10-01,23.4055
포항,동해,36.0431,129.3786,36.1250,129.6250,2025-11-01,20.7430
포항,동해,36.0431,129.3786,36.1250,129.6250,2025-12-01,17.0745
포항,동해,36.0431,129.3786,36.1250,129.6250,2026-01-01,14.6832
포항,동해,36.0431,129.3786,36.1250,129.6250,2026-02-01,13.4889
포항,동해,36.0431,129.3786,36.1250,129.6250,2026-03-01,14.4403
포항,동해,36.0431,129.3786,36.1250,129.6250,2026-04-01,15.6423
묵호,동해,37.5503,129.1167,37.6250,129.1250,1981-09-01,20.4830
묵호,동해,37.5503,129.1167,37.6250,129.1250,1981-10-01,17.6968
묵호,동해,37.5503,129.1167,37.6250,129.1250,1981-11-01,13.8200
묵호,동해,37.5503,129.1167,37.6250,129.1250,1981-12-01,11.1510
묵호,동해,37.5503,129.1167,37.6250,129.1250,1982-01-01,8.8968
묵호,동해,37.5503,129.1167,37.6250,129.1250,1982-02-01,7.7079
묵호,동해,37.5503,129.1167,37.6250,129.1250,1982-03-01,9.4606
묵호,동해,37.5503,129.1167,37.6250,129.1250,1982-04-01,12.3067
묵호,동해,37.5503,129.1167,37.6250,129.1250,1982-05-01,14.5787
묵호,동해,37.5503,129.1167,37.6250,129.1250,1982-06-01,18.9483
묵호,동해,37.5503,129.1167,37.6250,129.1250,1982-07-01,22.8010
묵호,동해,37.5503,129.1167,37.6250,129.1250,1982-08-01,24.3877
묵호,동해,37.5503,129.1167,37.6250,129.1250,1982-09-01,21.6007
묵호,동해,37.5503,129.1167,37.6250,129.1250,1982-10-01,19.5723
묵호,동해,37.5503,129.1167,37.6250,129.1250,1982-11-01,14.9433
묵호,동해,37.5503,129.1167,37.6250,129.1250,1982-12-01,11.5374
묵호,동해,37.5503,129.1167,37.6250,129.1250,1983-01-01,10.4129
묵호,동해,37.5503,129.1167,37.6250,129.1250,1983-02-01,8.3457
묵호,동해,37.5503,129.1167,37.6250,129.1250,1983-03-01,7.9632
묵호,동해,37.5503,129.1167,37.6250,129.1250,1983-04-01,9.9263
묵호,동해,37.5503,129.1167,37.6250,129.1250,1983-05-01,12.8261
묵호,동해,37.5503,129.1167,37.6250,129.1250,1983-06-01,16.7647
묵호,동해,37.5503,129.1167,37.6250,129.1250,1983-07-01,20.1684
묵호,동해,37.5503,129.1167,37.6250,129.1250,1983-08-01,24.2748
묵호,동해,37.5503,129.1167,37.6250,129.1250,1983-09-01,22.8090
묵호,동해,37.5503,129.1167,37.6250,129.1250,1983-10-01,19.8616
묵호,동해,37.5503,129.1167,37.6250,129.1250,1983-11-01,16.7933
묵호,동해,37.5503,129.1167,37.6250,129.1250,1983-12-01,13.5590
묵호,동해,37.5503,129.1167,37.6250,129.1250,1984-01-01,8.9442
묵호,동해,37.5503,129.1167,37.6250,129.1250,1984-02-01,6.5659
묵호,동해,37.5503,129.1167,37.6250,129.1250,1984-03-01,6.3503
묵호,동해,37.5503,129.1167,37.6250,129.1250,1984-04-01,8.5393
묵호,동해,37.5503,129.1167,37.6250,129.1250,1984-05-01,13.8742
묵호,동해,37.5503,129.1167,37.6250,129.1250,1984-06-01,16.7163
묵호,동해,37.5503,129.1167,37.6250,129.1250,1984-07-01,21.5771
묵호,동해,37.5503,129.1167,37.6250,129.1250,1984-08-01,24.7039
묵호,동해,37.5503,129.1167,37.6250,129.1250,1984-09-01,21.1803
묵호,동해,37.5503,129.1167,37.6250,129.1250,1984-10-01,18.5661
묵호,동해,37.5503,129.1167,37.6250,129.1250,1984-11-01,14.3720
묵호,동해,37.5503,129.1167,37.6250,129.1250,1984-12-01,12.4035
묵호,동해,37.5503,129.1167,37.6250,129.1250,1985-01-01,10.6745
묵호,동해,37.5503,129.1167,37.6250,129.1250,1985-02-01,9.8607
묵호,동해,37.5503,129.1167,37.6250,129.1250,1985-03-01,10.2500
묵호,동해,37.5503,129.1167,37.6250,129.1250,1985-04-01,11.5423
묵호,동해,37.5503,129.1167,37.6250,129.1250,1985-05-01,14.1258
묵호,동해,37.5503,129.1167,37.6250,129.1250,1985-06-01,18.3193
묵호,동해,37.5503,129.1167,37.6250,129.1250,1985-07-01,22.6294
묵호,동해,37.5503,129.1167,37.6250,129.1250,1985-08-01,24.2629
묵호,동해,37.5503,129.1167,37.6250,129.1250,1985-09-01,22.4550
묵호,동해,37.5503,129.1167,37.6250,129.1250,1985-10-01,20.0358
묵호,동해,37.5503,129.1167,37.6250,129.1250,1985-11-01,15.7260
묵호,동해,37.5503,129.1167,37.6250,129.1250,1985-12-01,12.2306
묵호,동해,37.5503,129.1167,37.6250,129.1250,1986-01-01,9.2523
묵호,동해,37.5503,129.1167,37.6250,129.1250,1986-02-01,7.1536
묵호,동해,37.5503,129.1167,37.6250,129.1250,1986-03-01,7.3906
묵호,동해,37.5503,129.1167,37.6250,129.1250,1986-04-01,10.2797
묵호,동해,37.5503,129.1167,37.6250,129.1250,1986-05-01,13.6132
묵호,동해,37.5503,129.1167,37.6250,129.1250,1986-06-01,16.5517
묵호,동해,37.5503,129.1167,37.6250,129.1250,1986-07-01,19.0726
묵호,동해,37.5503,129.1167,37.6250,129.1250,1986-08-01,21.8477
묵호,동해,37.5503,129.1167,37.6250,129.1250,1986-09-01,20.3467
묵호,동해,37.5503,129.1167,37.6250,129.1250,1986-10-01,17.5535
묵호,동해,37.5503,129.1167,37.6250,129.1250,1986-11-01,14.8890
묵호,동해,37.5503,129.1167,37.6250,129.1250,1986-12-01,13.4032
묵호,동해,37.5503,129.1167,37.6250,129.1250,1987-01-01,11.8774
묵호,동해,37.5503,129.1167,37.6250,129.1250,1987-02-01,9.6796
묵호,동해,37.5503,129.1167,37.6250,129.1250,1987-03-01,8.8929
묵호,동해,37.5503,129.1167,37.6250,129.1250,1987-04-01,10.4340
묵호,동해,37.5503,129.1167,37.6250,129.1250,1987-05-01,14.4974
묵호,동해,37.5503,129.1167,37.6250,129.1250,1987-06-01,18.4517
묵호,동해,37.5503,129.1167,37.6250,129.1250,1987-07-01,21.6061
묵호,동해,37.5503,129.1167,37.6250,129.1250,1987-08-01,22.1232
묵호,동해,37.5503,129.1167,37.6250,129.1250,1987-09-01,20.8223
묵호,동해,37.5503,129.1167,37.6250,129.1250,1987-10-01,19.3619
묵호,동해,37.5503,129.1167,37.6250,129.1250,1987-11-01,15.3627
묵호,동해,37.5503,129.1167,37.6250,129.1250,1987-12-01,12.6061
묵호,동해,37.5503,129.1167,37.6250,129.1250,1988-01-01,11.5952
묵호,동해,37.5503,129.1167,37.6250,129.1250,1988-02-01,10.2148
묵호,동해,37.5503,129.1167,37.6250,129.1250,1988-03-01,10.2842
묵호,동해,37.5503,129.1167,37.6250,129.1250,1988-04-01,12.7340
묵호,동해,37.5503,129.1167,37.6250,129.1250,1988-05-01,15.1552
묵호,동해,37.5503,129.1167,37.6250,129.1250,1988-06-01,18.2250
묵호,동해,37.5503,129.1167,37.6250,129.1250,1988-07-01,22.5948
묵호,동해,37.5503,129.1167,37.6250,129.1250,1988-08-01,24.5113
묵호,동해,37.5503,129.1167,37.6250,129.1250,1988-09-01,23.4010
묵호,동해,37.5503,129.1167,37.6250,129.1250,1988-10-01,20.5839
묵호,동해,37.5503,129.1167,37.6250,129.1250,1988-11-01,16.5873
묵호,동해,37.5503,129.1167,37.6250,129.1250,1988-12-01,12.9584
묵호,동해,37.5503,129.1167,37.6250,129.1250,1989-01-01,11.5994
묵호,동해,37.5503,129.1167,37.6250,129.1250,1989-02-01,11.2071
묵호,동해,37.5503,129.1167,37.6250,129.1250,1989-03-01,11.0577
묵호,동해,37.5503,129.1167,37.6250,129.1250,1989-04-01,13.6053
묵호,동해,37.5503,129.1167,37.6250,129.1250,1989-05-01,15.7742
묵호,동해,37.5503,129.1167,37.6250,129.1250,1989-06-01,17.5713
묵호,동해,37.5503,129.1167,37.6250,129.1250,1989-07-01,20.9239
묵호,동해,37.5503,129.1167,37.6250,129.1250,1989-08-01,24.0561
묵호,동해,37.5503,129.1167,37.6250,129.1250,1989-09-01,22.5387
묵호,동해,37.5503,129.1167,37.6250,129.1250,1989-10-01,19.8171
묵호,동해,37.5503,129.1167,37.6250,129.1250,1989-11-01,15.2403
묵호,동해,37.5503,129.1167,37.6250,129.1250,1989-12-01,14.2058
묵호,동해,37.5503,129.1167,37.6250,129.1250,1990-01-01,11.4045
묵호,동해,37.5503,129.1167,37.6250,129.1250,1990-02-01,10.6236
묵호,동해,37.5503,129.1167,37.6250,129.1250,1990-03-01,11.7884
묵호,동해,37.5503,129.1167,37.6250,129.1250,1990-04-01,12.8253
묵호,동해,37.5503,129.1167,37.6250,129.1250,1990-05-01,15.3042
묵호,동해,37.5503,129.1167,37.6250,129.1250,1990-06-01,17.0063
묵호,동해,37.5503,129.1167,37.6250,129.1250,1990-07-01,20.2116
묵호,동해,37.5503,129.1167,37.6250,129.1250,1990-08-01,24.7977
묵호,동해,37.5503,129.1167,37.6250,129.1250,1990-09-01,21.9980
묵호,동해,37.5503,129.1167,37.6250,129.1250,1990-10-01,20.6655
묵호,동해,37.5503,129.1167,37.6250,129.1250,1990-11-01,17.0237
묵호,동해,37.5503,129.1167,37.6250,129.1250,1990-12-01,12.8277
묵호,동해,37.5503,129.1167,37.6250,129.1250,1991-01-01,9.0468
묵호,동해,37.5503,129.1167,37.6250,129.1250,1991-02-01,8.6636
묵호,동해,37.5503,129.1167,37.6250,129.1250,1991-03-01,9.1810
묵호,동해,37.5503,129.1167,37.6250,129.1250,1991-04-01,11.5887
묵호,동해,37.5503,129.1167,37.6250,129.1250,1991-05-01,15.2355
묵호,동해,37.5503,129.1167,37.6250,129.1250,1991-06-01,18.5220
묵호,동해,37.5503,129.1167,37.6250,129.1250,1991-07-01,21.2603
묵호,동해,37.5503,129.1167,37.6250,129.1250,1991-08-01,22.7587
묵호,동해,37.5503,129.1167,37.6250,129.1250,1991-09-01,22.9307
묵호,동해,37.5503,129.1167,37.6250,129.1250,1991-10-01,19.9352
묵호,동해,37.5503,129.1167,37.6250,129.1250,1991-11-01,15.9133
묵호,동해,37.5503,129.1167,37.6250,129.1250,1991-12-01,13.6500
묵호,동해,37.5503,129.1167,37.6250,129.1250,1992-01-01,13.0177
묵호,동해,37.5503,129.1167,37.6250,129.1250,1992-02-01,10.1366
묵호,동해,37.5503,129.1167,37.6250,129.1250,1992-03-01,10.3458
묵호,동해,37.5503,129.1167,37.6250,129.1250,1992-04-01,12.4460
묵호,동해,37.5503,129.1167,37.6250,129.1250,1992-05-01,15.1797
묵호,동해,37.5503,129.1167,37.6250,129.1250,1992-06-01,17.7243
묵호,동해,37.5503,129.1167,37.6250,129.1250,1992-07-01,22.4019
묵호,동해,37.5503,129.1167,37.6250,129.1250,1992-08-01,23.1523
묵호,동해,37.5503,129.1167,37.6250,129.1250,1992-09-01,23.1227
묵호,동해,37.5503,129.1167,37.6250,129.1250,1992-10-01,18.7758
묵호,동해,37.5503,129.1167,37.6250,129.1250,1992-11-01,15.4783
묵호,동해,37.5503,129.1167,37.6250,129.1250,1992-12-01,12.2135
묵호,동해,37.5503,129.1167,37.6250,129.1250,1993-01-01,10.6903
묵호,동해,37.5503,129.1167,37.6250,129.1250,1993-02-01,7.8500
묵호,동해,37.5503,129.1167,37.6250,129.1250,1993-03-01,8.9429
묵호,동해,37.5503,129.1167,37.6250,129.1250,1993-04-01,10.5127
묵호,동해,37.5503,129.1167,37.6250,129.1250,1993-05-01,13.8232
묵호,동해,37.5503,129.1167,37.6250,129.1250,1993-06-01,16.9833
묵호,동해,37.5503,129.1167,37.6250,129.1250,1993-07-01,20.0387
묵호,동해,37.5503,129.1167,37.6250,129.1250,1993-08-01,20.7161
묵호,동해,37.5503,129.1167,37.6250,129.1250,1993-09-01,20.9793
묵호,동해,37.5503,129.1167,37.6250,129.1250,1993-10-01,18.2477
묵호,동해,37.5503,129.1167,37.6250,129.1250,1993-11-01,14.6903
묵호,동해,37.5503,129.1167,37.6250,129.1250,1993-12-01,11.9003
묵호,동해,37.5503,129.1167,37.6250,129.1250,1994-01-01,8.4013
묵호,동해,37.5503,129.1167,37.6250,129.1250,1994-02-01,8.0132
묵호,동해,37.5503,129.1167,37.6250,129.1250,1994-03-01,7.6784
묵호,동해,37.5503,129.1167,37.6250,129.1250,1994-04-01,10.1213
묵호,동해,37.5503,129.1167,37.6250,129.1250,1994-05-01,13.4297
묵호,동해,37.5503,129.1167,37.6250,129.1250,1994-06-01,17.6710
묵호,동해,37.5503,129.1167,37.6250,129.1250,1994-07-01,24.0526
묵호,동해,37.5503,129.1167,37.6250,129.1250,1994-08-01,25.8429
묵호,동해,37.5503,129.1167,37.6250,129.1250,1994-09-01,22.8283
묵호,동해,37.5503,129.1167,37.6250,129.1250,1994-10-01,18.2961
묵호,동해,37.5503,129.1167,37.6250,129.1250,1994-11-01,16.3223
묵호,동해,37.5503,129.1167,37.6250,129.1250,1994-12-01,14.7813
묵호,동해,37.5503,129.1167,37.6250,129.1250,1995-01-01,12.2474
묵호,동해,37.5503,129.1167,37.6250,129.1250,1995-02-01,10.1193
묵호,동해,37.5503,129.1167,37.6250,129.1250,1995-03-01,10.3397
묵호,동해,37.5503,129.1167,37.6250,129.1250,1995-04-01,11.7803
묵호,동해,37.5503,129.1167,37.6250,129.1250,1995-05-01,13.9874
묵호,동해,37.5503,129.1167,37.6250,129.1250,1995-06-01,17.1020
묵호,동해,37.5503,129.1167,37.6250,129.1250,1995-07-01,21.9603
묵호,동해,37.5503,129.1167,37.6250,129.1250,1995-08-01,25.0971
묵호,동해,37.5503,129.1167,37.6250,129.1250,1995-09-01,21.0813
묵호,동해,37.5503,129.1167,37.6250,129.1250,1995-10-01,19.4465
묵호,동해,37.5503,129.1167,37.6250,129.1250,1995-11-01,15.7920
묵호,동해,37.5503,129.1167,37.6250,129.1250,1995-12-01,11.6274
묵호,동해,37.5503,129.1167,37.6250,129.1250,1996-01-01,9.7719
묵호,동해,37.5503,129.1167,37.6250,129.1250,1996-02-01,7.5555
묵호,동해,37.5503,129.1167,37.6250,129.1250,1996-03-01,7.3616
묵호,동해,37.5503,129.1167,37.6250,129.1250,1996-04-01,10.4307
묵호,동해,37.5503,129.1167,37.6250,129.1250,1996-05-01,13.1913
묵호,동해,37.5503,129.1167,37.6250,129.1250,1996-06-01,16.4380
묵호,동해,37.5503,129.1167,37.6250,129.1250,1996-07-01,19.8858
묵호,동해,37.5503,129.1167,37.6250,129.1250,1996-08-01,23.9226
묵호,동해,37.5503,129.1167,37.6250,129.1250,1996-09-01,21.9310
묵호,동해,37.5503,129.1167,37.6250,129.1250,1996-10-01,19.3516
묵호,동해,37.5503,129.1167,37.6250,129.1250,1996-11-01,15.3197
묵호,동해,37.5503,129.1167,37.6250,129.1250,1996-12-01,11.6594
묵호,동해,37.5503,129.1167,37.6250,129.1250,1997-01-01,8.6032
묵호,동해,37.5503,129.1167,37.6250,129.1250,1997-02-01,7.9975
묵호,동해,37.5503,129.1167,37.6250,129.1250,1997-03-01,9.9710
묵호,동해,37.5503,129.1167,37.6250,129.1250,1997-04-01,12.6830
묵호,동해,37.5503,129.1167,37.6250,129.1250,1997-05-01,14.9416
묵호,동해,37.5503,129.1167,37.6250,129.1250,1997-06-01,19.0863
묵호,동해,37.5503,129.1167,37.6250,129.1250,1997-07-01,22.1113
묵호,동해,37.5503,129.1167,37.6250,129.1250,1997-08-01,23.7135
묵호,동해,37.5503,129.1167,37.6250,129.1250,1997-09-01,22.4400
묵호,동해,37.5503,129.1167,37.6250,129.1250,1997-10-01,19.3016
묵호,동해,37.5503,129.1167,37.6250,129.1250,1997-11-01,15.3400
묵호,동해,37.5503,129.1167,37.6250,129.1250,1997-12-01,12.4900
묵호,동해,37.5503,129.1167,37.6250,129.1250,1998-01-01,12.1781
묵호,동해,37.5503,129.1167,37.6250,129.1250,1998-02-01,10.9729
묵호,동해,37.5503,129.1167,37.6250,129.1250,1998-03-01,11.5535
묵호,동해,37.5503,129.1167,37.6250,129.1250,1998-04-01,14.0653
묵호,동해,37.5503,129.1167,37.6250,129.1250,1998-05-01,15.8497
묵호,동해,37.5503,129.1167,37.6250,129.1250,1998-06-01,19.2407
묵호,동해,37.5503,129.1167,37.6250,129.1250,1998-07-01,22.4116
묵호,동해,37.5503,129.1167,37.6250,129.1250,1998-08-01,23.9890
묵호,동해,37.5503,129.1167,37.6250,129.1250,1998-09-01,23.4560
묵호,동해,37.5503,129.1167,37.6250,129.1250,1998-10-01,20.3000
묵호,동해,37.5503,129.1167,37.6250,129.1250,1998-11-01,15.8860
묵호,동해,37.5503,129.1167,37.6250,129.1250,1998-12-01,13.5816
묵호,동해,37.5503,129.1167,37.6250,129.1250,1999-01-01,11.8216
묵호,동해,37.5503,129.1167,37.6250,129.1250,1999-02-01,10.0832
묵호,동해,37.5503,129.1167,37.6250,129.1250,1999-03-01,10.1816
묵호,동해,37.5503,129.1167,37.6250,129.1250,1999-04-01,12.5237
묵호,동해,37.5503,129.1167,37.6250,129.1250,1999-05-01,14.9242
묵호,동해,37.5503,129.1167,37.6250,129.1250,1999-06-01,18.1997
묵호,동해,37.5503,129.1167,37.6250,129.1250,1999-07-01,21.8958
묵호,동해,37.5503,129.1167,37.6250,129.1250,1999-08-01,23.9329
묵호,동해,37.5503,129.1167,37.6250,129.1250,1999-09-01,22.6153
묵호,동해,37.5503,129.1167,37.6250,129.1250,1999-10-01,18.6045
묵호,동해,37.5503,129.1167,37.6250,129.1250,1999-11-01,15.6263
묵호,동해,37.5503,129.1167,37.6250,129.1250,1999-12-01,12.2119
묵호,동해,37.5503,129.1167,37.6250,129.1250,2000-01-01,11.5168
묵호,동해,37.5503,129.1167,37.6250,129.1250,2000-02-01,10.3814
묵호,동해,37.5503,129.1167,37.6250,129.1250,2000-03-01,10.1745
묵호,동해,37.5503,129.1167,37.6250,129.1250,2000-04-01,11.3547
묵호,동해,37.5503,129.1167,37.6250,129.1250,2000-05-01,13.4526
묵호,동해,37.5503,129.1167,37.6250,129.1250,2000-06-01,18.2497
묵호,동해,37.5503,129.1167,37.6250,129.1250,2000-07-01,22.7313
묵호,동해,37.5503,129.1167,37.6250,129.1250,2000-08-01,24.6132
묵호,동해,37.5503,129.1167,37.6250,129.1250,2000-09-01,21.0673
묵호,동해,37.5503,129.1167,37.6250,129.1250,2000-10-01,18.6826
묵호,동해,37.5503,129.1167,37.6250,129.1250,2000-11-01,16.4687
묵호,동해,37.5503,129.1167,37.6250,129.1250,2000-12-01,12.7297
묵호,동해,37.5503,129.1167,37.6250,129.1250,2001-01-01,10.4487
묵호,동해,37.5503,129.1167,37.6250,129.1250,2001-02-01,10.7850
묵호,동해,37.5503,129.1167,37.6250,129.1250,2001-03-01,9.7545
묵호,동해,37.5503,129.1167,37.6250,129.1250,2001-04-01,13.2663
묵호,동해,37.5503,129.1167,37.6250,129.1250,2001-05-01,15.7513
묵호,동해,37.5503,129.1167,37.6250,129.1250,2001-06-01,19.0727
묵호,동해,37.5503,129.1167,37.6250,129.1250,2001-07-01,22.9077
묵호,동해,37.5503,129.1167,37.6250,129.1250,2001-08-01,26.1835
묵호,동해,37.5503,129.1167,37.6250,129.1250,2001-09-01,24.3707
묵호,동해,37.5503,129.1167,37.6250,129.1250,2001-10-01,20.2258
묵호,동해,37.5503,129.1167,37.6250,129.1250,2001-11-01,17.5393
묵호,동해,37.5503,129.1167,37.6250,129.1250,2001-12-01,14.3897
묵호,동해,37.5503,129.1167,37.6250,129.1250,2002-01-01,11.4684
묵호,동해,37.5503,129.1167,37.6250,129.1250,2002-02-01,10.8579
묵호,동해,37.5503,129.1167,37.6250,129.1250,2002-03-01,10.3535
묵호,동해,37.5503,129.1167,37.6250,129.1250,2002-04-01,11.9353
묵호,동해,37.5503,129.1167,37.6250,129.1250,2002-05-01,14.9597
묵호,동해,37.5503,129.1167,37.6250,129.1250,2002-06-01,18.4217
묵호,동해,37.5503,129.1167,37.6250,129.1250,2002-07-01,20.5384
묵호,동해,37.5503,129.1167,37.6250,129.1250,2002-08-01,22.8645
묵호,동해,37.5503,129.1167,37.6250,129.1250,2002-09-01,21.4413
묵호,동해,37.5503,129.1167,37.6250,129.1250,2002-10-01,19.0165
묵호,동해,37.5503,129.1167,37.6250,129.1250,2002-11-01,16.4057
묵호,동해,37.5503,129.1167,37.6250,129.1250,2002-12-01,12.7471
묵호,동해,37.5503,129.1167,37.6250,129.1250,2003-01-01,10.9039
묵호,동해,37.5503,129.1167,37.6250,129.1250,2003-02-01,8.9089
묵호,동해,37.5503,129.1167,37.6250,129.1250,2003-03-01,9.2781
묵호,동해,37.5503,129.1167,37.6250,129.1250,2003-04-01,11.7903
묵호,동해,37.5503,129.1167,37.6250,129.1250,2003-05-01,15.3645
묵호,동해,37.5503,129.1167,37.6250,129.1250,2003-06-01,19.1637
묵호,동해,37.5503,129.1167,37.6250,129.1250,2003-07-01,20.8071
묵호,동해,37.5503,129.1167,37.6250,129.1250,2003-08-01,22.6965
묵호,동해,37.5503,129.1167,37.6250,129.1250,2003-09-01,21.5697
묵호,동해,37.5503,129.1167,37.6250,129.1250,2003-10-01,18.4374
묵호,동해,37.5503,129.1167,37.6250,129.1250,2003-11-01,15.7957
묵호,동해,37.5503,129.1167,37.6250,129.1250,2003-12-01,14.0477
묵호,동해,37.5503,129.1167,37.6250,129.1250,2004-01-01,12.5119
묵호,동해,37.5503,129.1167,37.6250,129.1250,2004-02-01,10.1783
묵호,동해,37.5503,129.1167,37.6250,129.1250,2004-03-01,10.5755
묵호,동해,37.5503,129.1167,37.6250,129.1250,2004-04-01,12.4600
묵호,동해,37.5503,129.1167,37.6250,129.1250,2004-05-01,15.8358
묵호,동해,37.5503,129.1167,37.6250,129.1250,2004-06-01,18.6740
묵호,동해,37.5503,129.1167,37.6250,129.1250,2004-07-01,21.5277
묵호,동해,37.5503,129.1167,37.6250,129.1250,2004-08-01,23.9910
묵호,동해,37.5503,129.1167,37.6250,129.1250,2004-09-01,22.0767
묵호,동해,37.5503,129.1167,37.6250,129.1250,2004-10-01,19.0084
묵호,동해,37.5503,129.1167,37.6250,129.1250,2004-11-01,17.0100
묵호,동해,37.5503,129.1167,37.6250,129.1250,2004-12-01,13.9010
묵호,동해,37.5503,129.1167,37.6250,129.1250,2005-01-01,11.2900
묵호,동해,37.5503,129.1167,37.6250,129.1250,2005-02-01,8.7618
묵호,동해,37.5503,129.1167,37.6250,129.1250,2005-03-01,9.5710
묵호,동해,37.5503,129.1167,37.6250,129.1250,2005-04-01,11.7397
묵호,동해,37.5503,129.1167,37.6250,129.1250,2005-05-01,13.5032
묵호,동해,37.5503,129.1167,37.6250,129.1250,2005-06-01,18.4217
묵호,동해,37.5503,129.1167,37.6250,129.1250,2005-07-01,23.1648
묵호,동해,37.5503,129.1167,37.6250,129.1250,2005-08-01,24.8552
묵호,동해,37.5503,129.1167,37.6250,129.1250,2005-09-01,22.0133
묵호,동해,37.5503,129.1167,37.6250,129.1250,2005-10-01,19.2619
묵호,동해,37.5503,129.1167,37.6250,129.1250,2005-11-01,15.4387
묵호,동해,37.5503,129.1167,37.6250,129.1250,2005-12-01,11.1406
묵호,동해,37.5503,129.1167,37.6250,129.1250,2006-01-01,8.7839
묵호,동해,37.5503,129.1167,37.6250,129.1250,2006-02-01,7.5350
묵호,동해,37.5503,129.1167,37.6250,129.1250,2006-03-01,9.1661
묵호,동해,37.5503,129.1167,37.6250,129.1250,2006-04-01,9.8630
묵호,동해,37.5503,129.1167,37.6250,129.1250,2006-05-01,12.3532
묵호,동해,37.5503,129.1167,37.6250,129.1250,2006-06-01,17.0263
묵호,동해,37.5503,129.1167,37.6250,129.1250,2006-07-01,19.4352
묵호,동해,37.5503,129.1167,37.6250,129.1250,2006-08-01,24.9619
묵호,동해,37.5503,129.1167,37.6250,129.1250,2006-09-01,22.0410
묵호,동해,37.5503,129.1167,37.6250,129.1250,2006-10-01,20.2113
묵호,동해,37.5503,129.1167,37.6250,129.1250,2006-11-01,14.8087
묵호,동해,37.5503,129.1167,37.6250,129.1250,2006-12-01,12.2039
묵호,동해,37.5503,129.1167,37.6250,129.1250,2007-01-01,10.7239
묵호,동해,37.5503,129.1167,37.6250,129.1250,2007-02-01,12.0539
묵호,동해,37.5503,129.1167,37.6250,129.1250,2007-03-01,11.4674
묵호,동해,37.5503,129.1167,37.6250,129.1250,2007-04-01,12.0833
묵호,동해,37.5503,129.1167,37.6250,129.1250,2007-05-01,14.5832
묵호,동해,37.5503,129.1167,37.6250,129.1250,2007-06-01,18.9147
묵호,동해,37.5503,129.1167,37.6250,129.1250,2007-07-01,21.5442
묵호,동해,37.5503,129.1167,37.6250,129.1250,2007-08-01,24.4045
묵호,동해,37.5503,129.1167,37.6250,129.1250,2007-09-01,22.2707
묵호,동해,37.5503,129.1167,37.6250,129.1250,2007-10-01,20.2348
묵호,동해,37.5503,129.1167,37.6250,129.1250,2007-11-01,16.8423
묵호,동해,37.5503,129.1167,37.6250,129.1250,2007-12-01,13.9897
묵호,동해,37.5503,129.1167,37.6250,129.1250,2008-01-01,12.4032
묵호,동해,37.5503,129.1167,37.6250,129.1250,2008-02-01,11.3824
묵호,동해,37.5503,129.1167,37.6250,129.1250,2008-03-01,11.5884
묵호,동해,37.5503,129.1167,37.6250,129.1250,2008-04-01,13.2990
묵호,동해,37.5503,129.1167,37.6250,129.1250,2008-05-01,15.3277
묵호,동해,37.5503,129.1167,37.6250,129.1250,2008-06-01,18.6177
묵호,동해,37.5503,129.1167,37.6250,129.1250,2008-07-01,22.8784
묵호,동해,37.5503,129.1167,37.6250,129.1250,2008-08-01,24.0535
묵호,동해,37.5503,129.1167,37.6250,129.1250,2008-09-01,23.5550
묵호,동해,37.5503,129.1167,37.6250,129.1250,2008-10-01,21.8119
묵호,동해,37.5503,129.1167,37.6250,129.1250,2008-11-01,18.5313
묵호,동해,37.5503,129.1167,37.6250,129.1250,2008-12-01,14.4500
묵호,동해,37.5503,129.1167,37.6250,129.1250,2009-01-01,12.1806
묵호,동해,37.5503,129.1167,37.6250,129.1250,2009-02-01,12.2089
묵호,동해,37.5503,129.1167,37.6250,129.1250,2009-03-01,12.7629
묵호,동해,37.5503,129.1167,37.6250,129.1250,2009-04-01,13.6760
묵호,동해,37.5503,129.1167,37.6250,129.1250,2009-05-01,15.7348
묵호,동해,37.5503,129.1167,37.6250,129.1250,2009-06-01,18.0613
묵호,동해,37.5503,129.1167,37.6250,129.1250,2009-07-01,19.8968
묵호,동해,37.5503,129.1167,37.6250,129.1250,2009-08-01,22.8894
묵호,동해,37.5503,129.1167,37.6250,129.1250,2009-09-01,22.0293
묵호,동해,37.5503,129.1167,37.6250,129.1250,2009-10-01,20.6306
묵호,동해,37.5503,129.1167,37.6250,129.1250,2009-11-01,17.2883
묵호,동해,37.5503,129.1167,37.6250,129.1250,2009-12-01,14.7081
묵호,동해,37.5503,129.1167,37.6250,129.1250,2010-01-01,10.0139
묵호,동해,37.5503,129.1167,37.6250,129.1250,2010-02-01,9.0993
묵호,동해,37.5503,129.1167,37.6250,129.1250,2010-03-01,9.3890
묵호,동해,37.5503,129.1167,37.6250,129.1250,2010-04-01,10.0257
묵호,동해,37.5503,129.1167,37.6250,129.1250,2010-05-01,13.7387
묵호,동해,37.5503,129.1167,37.6250,129.1250,2010-06-01,19.5180
묵호,동해,37.5503,129.1167,37.6250,129.1250,2010-07-01,21.8645
묵호,동해,37.5503,129.1167,37.6250,129.1250,2010-08-01,25.0400
묵호,동해,37.5503,129.1167,37.6250,129.1250,2010-09-01,22.1290
묵호,동해,37.5503,129.1167,37.6250,129.1250,2010-10-01,20.4790
묵호,동해,37.5503,129.1167,37.6250,129.1250,2010-11-01,17.7087
묵호,동해,37.5503,129.1167,37.6250,129.1250,2010-12-01,13.6971
묵호,동해,37.5503,129.1167,37.6250,129.1250,2011-01-01,10.1071
묵호,동해,37.5503,129.1167,37.6250,129.1250,2011-02-01,8.6025
묵호,동해,37.5503,129.1167,37.6250,129.1250,2011-03-01,9.2829
묵호,동해,37.5503,129.1167,37.6250,129.1250,2011-04-01,11.5243
묵호,동해,37.5503,129.1167,37.6250,129.1250,2011-05-01,13.9897
묵호,동해,37.5503,129.1167,37.6250,129.1250,2011-06-01,16.8797
묵호,동해,37.5503,129.1167,37.6250,129.1250,2011-07-01,20.8626
묵호,동해,37.5503,129.1167,37.6250,129.1250,2011-08-01,23.5506
묵호,동해,37.5503,129.1167,37.6250,129.1250,2011-09-01,22.8450
묵호,동해,37.5503,129.1167,37.6250,129.1250,2011-10-01,19.4216
묵호,동해,37.5503,129.1167,37.6250,129.1250,2011-11-01,16.7057
묵호,동해,37.5503,129.1167,37.6250,129.1250,2011-12-01,14.7416
묵호,동해,37.5503,129.1167,37.6250,129.1250,2012-01-01,12.0065
묵호,동해,37.5503,129.1167,37.6250,129.1250,2012-02-01,9.2124
묵호,동해,37.5503,129.1167,37.6250,129.1250,2012-03-01,9.9548
묵호,동해,37.5503,129.1167,37.6250,129.1250,2012-04-01,13.1960
묵호,동해,37.5503,129.1167,37.6250,129.1250,2012-05-01,15.6629
묵호,동해,37.5503,129.1167,37.6250,129.1250,2012-06-01,18.5613
묵호,동해,37.5503,129.1167,37.6250,129.1250,2012-07-01,22.2403
묵호,동해,37.5503,129.1167,37.6250,129.1250,2012-08-01,24.4703
묵호,동해,37.5503,129.1167,37.6250,129.1250,2012-09-01,20.0657
묵호,동해,37.5503,129.1167,37.6250,129.1250,2012-10-01,19.0332
묵호,동해,37.5503,129.1167,37.6250,129.1250,2012-11-01,14.5907
묵호,동해,37.5503,129.1167,37.6250,129.1250,2012-12-01,13.6403
묵호,동해,37.5503,129.1167,37.6250,129.1250,2013-01-01,10.5552
묵호,동해,37.5503,129.1167,37.6250,129.1250,2013-02-01,10.0132
묵호,동해,37.5503,129.1167,37.6250,129.1250,2013-03-01,9.8574
묵호,동해,37.5503,129.1167,37.6250,129.1250,2013-04-01,11.2787
묵호,동해,37.5503,129.1167,37.6250,129.1250,2013-05-01,13.8442
묵호,동해,37.5503,129.1167,37.6250,129.1250,2013-06-01,19.5313
묵호,동해,37.5503,129.1167,37.6250,129.1250,2013-07-01,22.4132
묵호,동해,37.5503,129.1167,37.6250,129.1250,2013-08-01,26.1281
묵호,동해,37.5503,129.1167,37.6250,129.1250,2013-09-01,22.4103
묵호,동해,37.5503,129.1167,37.6250,129.1250,2013-10-01,20.8510
묵호,동해,37.5503,129.1167,37.6250,129.1250,2013-11-01,17.2810
묵호,동해,37.5503,129.1167,37.6250,129.1250,2013-12-01,14.0148
묵호,동해,37.5503,129.1167,37.6250,129.1250,2014-01-01,11.7297
묵호,동해,37.5503,129.1167,37.6250,129.1250,2014-02-01,10.0625
묵호,동해,37.5503,129.1167,37.6250,129.1250,2014-03-01,10.9510
묵호,동해,37.5503,129.1167,37.6250,129.1250,2014-04-01,13.6460
묵호,동해,37.5503,129.1167,37.6250,129.1250,2014-05-01,13.6832
묵호,동해,37.5503,129.1167,37.6250,129.1250,2014-06-01,18.4980
묵호,동해,37.5503,129.1167,37.6250,129.1250,2014-07-01,22.4323
묵호,동해,37.5503,129.1167,37.6250,129.1250,2014-08-01,23.5923
묵호,동해,37.5503,129.1167,37.6250,129.1250,2014-09-01,23.1427
묵호,동해,37.5503,129.1167,37.6250,129.1250,2014-10-01,19.9506
묵호,동해,37.5503,129.1167,37.6250,129.1250,2014-11-01,16.8790
묵호,동해,37.5503,129.1167,37.6250,129.1250,2014-12-01,14.3452
묵호,동해,37.5503,129.1167,37.6250,129.1250,2015-01-01,11.2919
묵호,동해,37.5503,129.1167,37.6250,129.1250,2015-02-01,9.3757
묵호,동해,37.5503,129.1167,37.6250,129.1250,2015-03-01,9.2981
묵호,동해,37.5503,129.1167,37.6250,129.1250,2015-04-01,10.9657
묵호,동해,37.5503,129.1167,37.6250,129.1250,2015-05-01,14.3074
묵호,동해,37.5503,129.1167,37.6250,129.1250,2015-06-01,17.2670
묵호,동해,37.5503,129.1167,37.6250,129.1250,2015-07-01,20.2723
묵호,동해,37.5503,129.1167,37.6250,129.1250,2015-08-01,25.0823
묵호,동해,37.5503,129.1167,37.6250,129.1250,2015-09-01,22.0883
묵호,동해,37.5503,129.1167,37.6250,129.1250,2015-10-01,18.3458
묵호,동해,37.5503,129.1167,37.6250,129.1250,2015-11-01,14.2663
묵호,동해,37.5503,129.1167,37.6250,129.1250,2015-12-01,12.9755
묵호,동해,37.5503,129.1167,37.6250,129.1250,2016-01-01,12.9426
묵호,동해,37.5503,129.1167,37.6250,129.1250,2016-02-01,9.4262
묵호,동해,37.5503,129.1167,37.6250,129.1250,2016-03-01,10.4061
묵호,동해,37.5503,129.1167,37.6250,129.1250,2016-04-01,12.2500
묵호,동해,37.5503,129.1167,37.6250,129.1250,2016-05-01,15.0365
묵호,동해,37.5503,129.1167,37.6250,129.1250,2016-06-01,18.9687
묵호,동해,37.5503,129.1167,37.6250,129.1250,2016-07-01,21.7365
묵호,동해,37.5503,129.1167,37.6250,129.1250,2016-08-01,25.5119
묵호,동해,37.5503,129.1167,37.6250,129.1250,2016-09-01,21.7433
묵호,동해,37.5503,129.1167,37.6250,129.1250,2016-10-01,20.2335
묵호,동해,37.5503,129.1167,37.6250,129.1250,2016-11-01,15.3793
묵호,동해,37.5503,129.1167,37.6250,129.1250,2016-12-01,15.5713
묵호,동해,37.5503,129.1167,37.6250,129.1250,2017-01-01,13.0400
묵호,동해,37.5503,129.1167,37.6250,129.1250,2017-02-01,11.4943
묵호,동해,37.5503,129.1167,37.6250,129.1250,2017-03-01,12.1858
묵호,동해,37.5503,129.1167,37.6250,129.1250,2017-04-01,13.2400
묵호,동해,37.5503,129.1167,37.6250,129.1250,2017-05-01,14.7155
묵호,동해,37.5503,129.1167,37.6250,129.1250,2017-06-01,18.5030
묵호,동해,37.5503,129.1167,37.6250,129.1250,2017-07-01,22.8039
묵호,동해,37.5503,129.1167,37.6250,129.1250,2017-08-01,25.4258
묵호,동해,37.5503,129.1167,37.6250,129.1250,2017-09-01,23.5493
묵호,동해,37.5503,129.1167,37.6250,129.1250,2017-10-01,20.1487
묵호,동해,37.5503,129.1167,37.6250,129.1250,2017-11-01,18.4987
묵호,동해,37.5503,129.1167,37.6250,129.1250,2017-12-01,13.5545
묵호,동해,37.5503,129.1167,37.6250,129.1250,2018-01-01,10.8968
묵호,동해,37.5503,129.1167,37.6250,129.1250,2018-02-01,8.6611
묵호,동해,37.5503,129.1167,37.6250,129.1250,2018-03-01,9.6455
묵호,동해,37.5503,129.1167,37.6250,129.1250,2018-04-01,13.2973
묵호,동해,37.5503,129.1167,37.6250,129.1250,2018-05-01,15.3381
묵호,동해,37.5503,129.1167,37.6250,129.1250,2018-06-01,19.0567
묵호,동해,37.5503,129.1167,37.6250,129.1250,2018-07-01,23.9274
묵호,동해,37.5503,129.1167,37.6250,129.1250,2018-08-01,25.9797
묵호,동해,37.5503,129.1167,37.6250,129.1250,2018-09-01,22.7340
묵호,동해,37.5503,129.1167,37.6250,129.1250,2018-10-01,20.0545
묵호,동해,37.5503,129.1167,37.6250,129.1250,2018-11-01,16.5720
묵호,동해,37.5503,129.1167,37.6250,129.1250,2018-12-01,13.5106
묵호,동해,37.5503,129.1167,37.6250,129.1250,2019-01-01,13.3739
묵호,동해,37.5503,129.1167,37.6250,129.1250,2019-02-01,12.0593
묵호,동해,37.5503,129.1167,37.6250,129.1250,2019-03-01,13.1748
묵호,동해,37.5503,129.1167,37.6250,129.1250,2019-04-01,13.6327
묵호,동해,37.5503,129.1167,37.6250,129.1250,2019-05-01,16.2445
묵호,동해,37.5503,129.1167,37.6250,129.1250,2019-06-01,18.5180
묵호,동해,37.5503,129.1167,37.6250,129.1250,2019-07-01,22.4516
묵호,동해,37.5503,129.1167,37.6250,129.1250,2019-08-01,25.5587
묵호,동해,37.5503,129.1167,37.6250,129.1250,2019-09-01,22.5903
묵호,동해,37.5503,129.1167,37.6250,129.1250,2019-10-01,21.5868
묵호,동해,37.5503,129.1167,37.6250,129.1250,2019-11-01,17.5037
묵호,동해,37.5503,129.1167,37.6250,129.1250,2019-12-01,15.6287
묵호,동해,37.5503,129.1167,37.6250,129.1250,2020-01-01,13.1410
묵호,동해,37.5503,129.1167,37.6250,129.1250,2020-02-01,11.7393
묵호,동해,37.5503,129.1167,37.6250,129.1250,2020-03-01,11.3165
묵호,동해,37.5503,129.1167,37.6250,129.1250,2020-04-01,13.9450
묵호,동해,37.5503,129.1167,37.6250,129.1250,2020-05-01,14.9119
묵호,동해,37.5503,129.1167,37.6250,129.1250,2020-06-01,18.4167
묵호,동해,37.5503,129.1167,37.6250,129.1250,2020-07-01,21.6800
묵호,동해,37.5503,129.1167,37.6250,129.1250,2020-08-01,23.5081
묵호,동해,37.5503,129.1167,37.6250,129.1250,2020-09-01,21.2770
묵호,동해,37.5503,129.1167,37.6250,129.1250,2020-10-01,18.8523
묵호,동해,37.5503,129.1167,37.6250,129.1250,2020-11-01,17.0777
묵호,동해,37.5503,129.1167,37.6250,129.1250,2020-12-01,15.5806
묵호,동해,37.5503,129.1167,37.6250,129.1250,2021-01-01,12.2529
묵호,동해,37.5503,129.1167,37.6250,129.1250,2021-02-01,11.9893
묵호,동해,37.5503,129.1167,37.6250,129.1250,2021-03-01,12.9045
묵호,동해,37.5503,129.1167,37.6250,129.1250,2021-04-01,15.0747
묵호,동해,37.5503,129.1167,37.6250,129.1250,2021-05-01,15.8316
묵호,동해,37.5503,129.1167,37.6250,129.1250,2021-06-01,19.2010
묵호,동해,37.5503,129.1167,37.6250,129.1250,2021-07-01,24.7300
묵호,동해,37.5503,129.1167,37.6250,129.1250,2021-08-01,26.0335
묵호,동해,37.5503,129.1167,37.6250,129.1250,2021-09-01,23.5230
묵호,동해,37.5503,129.1167,37.6250,129.1250,2021-10-01,22.7245
묵호,동해,37.5503,129.1167,37.6250,129.1250,2021-11-01,19.1893
묵호,동해,37.5503,129.1167,37.6250,129.1250,2021-12-01,16.0319
묵호,동해,37.5503,129.1167,37.6250,129.1250,2022-01-01,13.2890
묵호,동해,37.5503,129.1167,37.6250,129.1250,2022-02-01,10.3554
묵호,동해,37.5503,129.1167,37.6250,129.1250,2022-03-01,10.6597
묵호,동해,37.5503,129.1167,37.6250,129.1250,2022-04-01,13.0347
묵호,동해,37.5503,129.1167,37.6250,129.1250,2022-05-01,15.6519
묵호,동해,37.5503,129.1167,37.6250,129.1250,2022-06-01,19.2047
묵호,동해,37.5503,129.1167,37.6250,129.1250,2022-07-01,23.8555
묵호,동해,37.5503,129.1167,37.6250,129.1250,2022-08-01,25.1026
묵호,동해,37.5503,129.1167,37.6250,129.1250,2022-09-01,23.6983
묵호,동해,37.5503,129.1167,37.6250,129.1250,2022-10-01,20.5745
묵호,동해,37.5503,129.1167,37.6250,129.1250,2022-11-01,17.8887
묵호,동해,37.5503,129.1167,37.6250,129.1250,2022-12-01,15.8032
묵호,동해,37.5503,129.1167,37.6250,129.1250,2023-01-01,12.2065
묵호,동해,37.5503,129.1167,37.6250,129.1250,2023-02-01,11.1611
묵호,동해,37.5503,129.1167,37.6250,129.1250,2023-03-01,12.9855
묵호,동해,37.5503,129.1167,37.6250,129.1250,2023-04-01,14.6997
묵호,동해,37.5503,129.1167,37.6250,129.1250,2023-05-01,15.8790
묵호,동해,37.5503,129.1167,37.6250,129.1250,2023-06-01,18.7257
묵호,동해,37.5503,129.1167,37.6250,129.1250,2023-07-01,22.3474
묵호,동해,37.5503,129.1167,37.6250,129.1250,2023-08-01,24.3481
묵호,동해,37.5503,129.1167,37.6250,129.1250,2023-09-01,24.5807
묵호,동해,37.5503,129.1167,37.6250,129.1250,2023-10-01,21.4694
묵호,동해,37.5503,129.1167,37.6250,129.1250,2023-11-01,17.6070
묵호,동해,37.5503,129.1167,37.6250,129.1250,2023-12-01,14.7852
묵호,동해,37.5503,129.1167,37.6250,129.1250,2024-01-01,11.4094
묵호,동해,37.5503,129.1167,37.6250,129.1250,2024-02-01,7.4034
묵호,동해,37.5503,129.1167,37.6250,129.1250,2024-03-01,10.0810
묵호,동해,37.5503,129.1167,37.6250,129.1250,2024-04-01,14.2743
묵호,동해,37.5503,129.1167,37.6250,129.1250,2024-05-01,16.2100
묵호,동해,37.5503,129.1167,37.6250,129.1250,2024-06-01,20.2183
묵호,동해,37.5503,129.1167,37.6250,129.1250,2024-07-01,23.1358
묵호,동해,37.5503,129.1167,37.6250,129.1250,2024-08-01,27.2787
묵호,동해,37.5503,129.1167,37.6250,129.1250,2024-09-01,25.9727
묵호,동해,37.5503,129.1167,37.6250,129.1250,2024-10-01,21.7739
묵호,동해,37.5503,129.1167,37.6250,129.1250,2024-11-01,17.8913
묵호,동해,37.5503,129.1167,37.6250,129.1250,2024-12-01,14.1197
묵호,동해,37.5503,129.1167,37.6250,129.1250,2025-01-01,11.8277
묵호,동해,37.5503,129.1167,37.6250,129.1250,2025-02-01,9.0961
묵호,동해,37.5503,129.1167,37.6250,129.1250,2025-03-01,9.8116
묵호,동해,37.5503,129.1167,37.6250,129.1250,2025-04-01,11.0733
묵호,동해,37.5503,129.1167,37.6250,129.1250,2025-05-01,14.0965
묵호,동해,37.5503,129.1167,37.6250,129.1250,2025-06-01,19.1750
묵호,동해,37.5503,129.1167,37.6250,129.1250,2025-07-01,24.7055
묵호,동해,37.5503,129.1167,37.6250,129.1250,2025-08-01,26.3758
묵호,동해,37.5503,129.1167,37.6250,129.1250,2025-09-01,24.8813
묵호,동해,37.5503,129.1167,37.6250,129.1250,2025-10-01,19.8990
묵호,동해,37.5503,129.1167,37.6250,129.1250,2025-11-01,17.5543
묵호,동해,37.5503,129.1167,37.6250,129.1250,2025-12-01,14.7484
묵호,동해,37.5503,129.1167,37.6250,129.1250,2026-01-01,12.8977
묵호,동해,37.5503,129.1167,37.6250,129.1250,2026-02-01,11.4864
묵호,동해,37.5503,129.1167,37.6250,129.1250,2026-03-01,11.9032
묵호,동해,37.5503,129.1167,37.6250,129.1250,2026-04-01,13.3617
속초,동해,38.2069,128.5942,38.1250,128.6250,1981-09-01,20.5287
속초,동해,38.2069,128.5942,38.1250,128.6250,1981-10-01,17.0290
속초,동해,38.2069,128.5942,38.1250,128.6250,1981-11-01,12.7467
속초,동해,38.2069,128.5942,38.1250,128.6250,1981-12-01,9.0819
속초,동해,38.2069,128.5942,38.1250,128.6250,1982-01-01,6.6658
속초,동해,38.2069,128.5942,38.1250,128.6250,1982-02-01,5.3521
속초,동해,38.2069,128.5942,38.1250,128.6250,1982-03-01,7.3448
속초,동해,38.2069,128.5942,38.1250,128.6250,1982-04-01,10.7257
속초,동해,38.2069,128.5942,38.1250,128.6250,1982-05-01,13.2981
속초,동해,38.2069,128.5942,38.1250,128.6250,1982-06-01,18.3530
속초,동해,38.2069,128.5942,38.1250,128.6250,1982-07-01,22.9000
속초,동해,38.2069,128.5942,38.1250,128.6250,1982-08-01,24.1329
속초,동해,38.2069,128.5942,38.1250,128.6250,1982-09-01,21.5693
속초,동해,38.2069,128.5942,38.1250,128.6250,1982-10-01,18.6429
속초,동해,38.2069,128.5942,38.1250,128.6250,1982-11-01,14.3183
속초,동해,38.2069,128.5942,38.1250,128.6250,1982-12-01,10.0697
속초,동해,38.2069,128.5942,38.1250,128.6250,1983-01-01,7.8103
속초,동해,38.2069,128.5942,38.1250,128.6250,1983-02-01,6.8450
속초,동해,38.2069,128.5942,38.1250,128.6250,1983-03-01,5.8829
속초,동해,38.2069,128.5942,38.1250,128.6250,1983-04-01,7.8917
속초,동해,38.2069,128.5942,38.1250,128.6250,1983-05-01,11.3055
속초,동해,38.2069,128.5942,38.1250,128.6250,1983-06-01,15.9433
속초,동해,38.2069,128.5942,38.1250,128.6250,1983-07-01,19.0361
속초,동해,38.2069,128.5942,38.1250,128.6250,1983-08-01,23.7584
속초,동해,38.2069,128.5942,38.1250,128.6250,1983-09-01,22.3273
속초,동해,38.2069,128.5942,38.1250,128.6250,1983-10-01,18.4897
속초,동해,38.2069,128.5942,38.1250,128.6250,1983-11-01,15.3853
속초,동해,38.2069,128.5942,38.1250,128.6250,1983-12-01,11.7419
속초,동해,38.2069,128.5942,38.1250,128.6250,1984-01-01,7.6823
속초,동해,38.2069,128.5942,38.1250,128.6250,1984-02-01,5.2093
속초,동해,38.2069,128.5942,38.1250,128.6250,1984-03-01,4.7648
속초,동해,38.2069,128.5942,38.1250,128.6250,1984-04-01,7.5307
속초,동해,38.2069,128.5942,38.1250,128.6250,1984-05-01,12.6674
속초,동해,38.2069,128.5942,38.1250,128.6250,1984-06-01,17.1887
속초,동해,38.2069,128.5942,38.1250,128.6250,1984-07-01,21.7190
속초,동해,38.2069,128.5942,38.1250,128.6250,1984-08-01,24.7135
속초,동해,38.2069,128.5942,38.1250,128.6250,1984-09-01,21.3567
속초,동해,38.2069,128.5942,38.1250,128.6250,1984-10-01,18.1832
속초,동해,38.2069,128.5942,38.1250,128.6250,1984-11-01,13.3090
속초,동해,38.2069,128.5942,38.1250,128.6250,1984-12-01,9.7439
속초,동해,38.2069,128.5942,38.1250,128.6250,1985-01-01,7.8335
속초,동해,38.2069,128.5942,38.1250,128.6250,1985-02-01,7.8607
속초,동해,38.2069,128.5942,38.1250,128.6250,1985-03-01,9.6981
속초,동해,38.2069,128.5942,38.1250,128.6250,1985-04-01,11.0833
속초,동해,38.2069,128.5942,38.1250,128.6250,1985-05-01,14.0565
속초,동해,38.2069,128.5942,38.1250,128.6250,1985-06-01,17.9590
속초,동해,38.2069,128.5942,38.1250,128.6250,1985-07-01,22.8516
속초,동해,38.2069,128.5942,38.1250,128.6250,1985-08-01,24.5503
속초,동해,38.2069,128.5942,38.1250,128.6250,1985-09-01,22.2167
속초,동해,38.2069,128.5942,38.1250,128.6250,1985-10-01,18.6510
속초,동해,38.2069,128.5942,38.1250,128.6250,1985-11-01,15.0097
속초,동해,38.2069,128.5942,38.1250,128.6250,1985-12-01,12.2626
속초,동해,38.2069,128.5942,38.1250,128.6250,1986-01-01,8.7374
속초,동해,38.2069,128.5942,38.1250,128.6250,1986-02-01,6.4646
속초,동해,38.2069,128.5942,38.1250,128.6250,1986-03-01,6.3016
속초,동해,38.2069,128.5942,38.1250,128.6250,1986-04-01,7.7860
속초,동해,38.2069,128.5942,38.1250,128.6250,1986-05-01,11.6413
속초,동해,38.2069,128.5942,38.1250,128.6250,1986-06-01,15.9333
속초,동해,38.2069,128.5942,38.1250,128.6250,1986-07-01,18.4426
속초,동해,38.2069,128.5942,38.1250,128.6250,1986-08-01,21.6590
속초,동해,38.2069,128.5942,38.1250,128.6250,1986-09-01,19.4920
속초,동해,38.2069,128.5942,38.1250,128.6250,1986-10-01,16.3903
속초,동해,38.2069,128.5942,38.1250,128.6250,1986-11-01,14.4527
속초,동해,38.2069,128.5942,38.1250,128.6250,1986-12-01,12.0261
속초,동해,38.2069,128.5942,38.1250,128.6250,1987-01-01,9.4787
속초,동해,38.2069,128.5942,38.1250,128.6250,1987-02-01,8.0043
속초,동해,38.2069,128.5942,38.1250,128.6250,1987-03-01,8.0810
속초,동해,38.2069,128.5942,38.1250,128.6250,1987-04-01,10.3353
속초,동해,38.2069,128.5942,38.1250,128.6250,1987-05-01,13.9035
속초,동해,38.2069,128.5942,38.1250,128.6250,1987-06-01,18.3953
속초,동해,38.2069,128.5942,38.1250,128.6250,1987-07-01,21.5316
속초,동해,38.2069,128.5942,38.1250,128.6250,1987-08-01,21.8503
속초,동해,38.2069,128.5942,38.1250,128.6250,1987-09-01,20.3920
속초,동해,38.2069,128.5942,38.1250,128.6250,1987-10-01,18.2813
속초,동해,38.2069,128.5942,38.1250,128.6250,1987-11-01,13.4813
속초,동해,38.2069,128.5942,38.1250,128.6250,1987-12-01,11.5752
속초,동해,38.2069,128.5942,38.1250,128.6250,1988-01-01,10.4206
속초,동해,38.2069,128.5942,38.1250,128.6250,1988-02-01,8.6914
속초,동해,38.2069,128.5942,38.1250,128.6250,1988-03-01,9.0306
속초,동해,38.2069,128.5942,38.1250,128.6250,1988-04-01,12.1843
속초,동해,38.2069,128.5942,38.1250,128.6250,1988-05-01,15.0616
속초,동해,38.2069,128.5942,38.1250,128.6250,1988-06-01,18.0507
속초,동해,38.2069,128.5942,38.1250,128.6250,1988-07-01,22.0106
속초,동해,38.2069,128.5942,38.1250,128.6250,1988-08-01,24.4110
속초,동해,38.2069,128.5942,38.1250,128.6250,1988-09-01,22.7713
속초,동해,38.2069,128.5942,38.1250,128.6250,1988-10-01,20.3565
속초,동해,38.2069,128.5942,38.1250,128.6250,1988-11-01,16.3560
속초,동해,38.2069,128.5942,38.1250,128.6250,1988-12-01,12.7116
속초,동해,38.2069,128.5942,38.1250,128.6250,1989-01-01,10.0894
속초,동해,38.2069,128.5942,38.1250,128.6250,1989-02-01,8.3518
속초,동해,38.2069,128.5942,38.1250,128.6250,1989-03-01,9.6732
속초,동해,38.2069,128.5942,38.1250,128.6250,1989-04-01,12.8557
속초,동해,38.2069,128.5942,38.1250,128.6250,1989-05-01,14.7894
속초,동해,38.2069,128.5942,38.1250,128.6250,1989-06-01,17.6913
속초,동해,38.2069,128.5942,38.1250,128.6250,1989-07-01,20.4939
속초,동해,38.2069,128.5942,38.1250,128.6250,1989-08-01,23.9268
속초,동해,38.2069,128.5942,38.1250,128.6250,1989-09-01,21.7813
속초,동해,38.2069,128.5942,38.1250,128.6250,1989-10-01,18.3106
속초,동해,38.2069,128.5942,38.1250,128.6250,1989-11-01,14.3843
속초,동해,38.2069,128.5942,38.1250,128.6250,1989-12-01,12.8397
속초,동해,38.2069,128.5942,38.1250,128.6250,1990-01-01,9.4835
속초,동해,38.2069,128.5942,38.1250,128.6250,1990-02-01,9.2229
속초,동해,38.2069,128.5942,38.1250,128.6250,1990-03-01,9.6203
속초,동해,38.2069,128.5942,38.1250,128.6250,1990-04-01,11.1450
속초,동해,38.2069,128.5942,38.1250,128.6250,1990-05-01,14.5161
속초,동해,38.2069,128.5942,38.1250,128.6250,1990-06-01,17.1733
속초,동해,38.2069,128.5942,38.1250,128.6250,1990-07-01,20.0687
속초,동해,38.2069,128.5942,38.1250,128.6250,1990-08-01,24.6648
속초,동해,38.2069,128.5942,38.1250,128.6250,1990-09-01,21.2300
속초,동해,38.2069,128.5942,38.1250,128.6250,1990-10-01,19.1884
속초,동해,38.2069,128.5942,38.1250,128.6250,1990-11-01,16.7837
속초,동해,38.2069,128.5942,38.1250,128.6250,1990-12-01,12.1216
속초,동해,38.2069,128.5942,38.1250,128.6250,1991-01-01,8.0419
속초,동해,38.2069,128.5942,38.1250,128.6250,1991-02-01,5.2968
속초,동해,38.2069,128.5942,38.1250,128.6250,1991-03-01,6.3968
속초,동해,38.2069,128.5942,38.1250,128.6250,1991-04-01,10.8290
속초,동해,38.2069,128.5942,38.1250,128.6250,1991-05-01,13.8826
속초,동해,38.2069,128.5942,38.1250,128.6250,1991-06-01,18.1500
속초,동해,38.2069,128.5942,38.1250,128.6250,1991-07-01,21.6290
속초,동해,38.2069,128.5942,38.1250,128.6250,1991-08-01,22.4723
속초,동해,38.2069,128.5942,38.1250,128.6250,1991-09-01,22.0493
속초,동해,38.2069,128.5942,38.1250,128.6250,1991-10-01,19.2094
속초,동해,38.2069,128.5942,38.1250,128.6250,1991-11-01,14.8023
속초,동해,38.2069,128.5942,38.1250,128.6250,1991-12-01,11.4477
속초,동해,38.2069,128.5942,38.1250,128.6250,1992-01-01,10.5387
속초,동해,38.2069,128.5942,38.1250,128.6250,1992-02-01,8.7762
속초,동해,38.2069,128.5942,38.1250,128.6250,1992-03-01,8.6390
속초,동해,38.2069,128.5942,38.1250,128.6250,1992-04-01,12.0847
속초,동해,38.2069,128.5942,38.1250,128.6250,1992-05-01,14.5271
속초,동해,38.2069,128.5942,38.1250,128.6250,1992-06-01,17.6100
속초,동해,38.2069,128.5942,38.1250,128.6250,1992-07-01,22.2023
속초,동해,38.2069,128.5942,38.1250,128.6250,1992-08-01,22.9823
속초,동해,38.2069,128.5942,38.1250,128.6250,1992-09-01,22.5860
속초,동해,38.2069,128.5942,38.1250,128.6250,1992-10-01,18.7226
속초,동해,38.2069,128.5942,38.1250,128.6250,1992-11-01,15.1313
속초,동해,38.2069,128.5942,38.1250,128.6250,1992-12-01,11.3042
속초,동해,38.2069,128.5942,38.1250,128.6250,1993-01-01,8.7797
속초,동해,38.2069,128.5942,38.1250,128.6250,1993-02-01,7.2329
속초,동해,38.2069,128.5942,38.1250,128.6250,1993-03-01,7.4813
속초,동해,38.2069,128.5942,38.1250,128.6250,1993-04-01,9.8777
속초,동해,38.2069,128.5942,38.1250,128.6250,1993-05-01,13.3374
속초,동해,38.2069,128.5942,38.1250,128.6250,1993-06-01,16.7117
속초,동해,38.2069,128.5942,38.1250,128.6250,1993-07-01,20.2600
속초,동해,38.2069,128.5942,38.1250,128.6250,1993-08-01,20.7397
속초,동해,38.2069,128.5942,38.1250,128.6250,1993-09-01,20.9993
속초,동해,38.2069,128.5942,38.1250,128.6250,1993-10-01,18.0197
속초,동해,38.2069,128.5942,38.1250,128.6250,1993-11-01,14.3077
속초,동해,38.2069,128.5942,38.1250,128.6250,1993-12-01,9.8226
속초,동해,38.2069,128.5942,38.1250,128.6250,1994-01-01,6.6635
속초,동해,38.2069,128.5942,38.1250,128.6250,1994-02-01,5.9046
속초,동해,38.2069,128.5942,38.1250,128.6250,1994-03-01,6.7477
속초,동해,38.2069,128.5942,38.1250,128.6250,1994-04-01,8.8210
속초,동해,38.2069,128.5942,38.1250,128.6250,1994-05-01,13.3345
속초,동해,38.2069,128.5942,38.1250,128.6250,1994-06-01,17.5737
속초,동해,38.2069,128.5942,38.1250,128.6250,1994-07-01,23.8839
속초,동해,38.2069,128.5942,38.1250,128.6250,1994-08-01,25.8994
속초,동해,38.2069,128.5942,38.1250,128.6250,1994-09-01,22.7123
속초,동해,38.2069,128.5942,38.1250,128.6250,1994-10-01,17.6126
속초,동해,38.2069,128.5942,38.1250,128.6250,1994-11-01,15.3873
속초,동해,38.2069,128.5942,38.1250,128.6250,1994-12-01,12.4500
속초,동해,38.2069,128.5942,38.1250,128.6250,1995-01-01,8.9619
속초,동해,38.2069,128.5942,38.1250,128.6250,1995-02-01,7.8486
속초,동해,38.2069,128.5942,38.1250,128.6250,1995-03-01,8.5203
속초,동해,38.2069,128.5942,38.1250,128.6250,1995-04-01,10.5173
속초,동해,38.2069,128.5942,38.1250,128.6250,1995-05-01,12.9874
속초,동해,38.2069,128.5942,38.1250,128.6250,1995-06-01,16.8617
속초,동해,38.2069,128.5942,38.1250,128.6250,1995-07-01,22.6765
속초,동해,38.2069,128.5942,38.1250,128.6250,1995-08-01,24.6681
속초,동해,38.2069,128.5942,38.1250,128.6250,1995-09-01,21.1030
속초,동해,38.2069,128.5942,38.1250,128.6250,1995-10-01,18.2339
속초,동해,38.2069,128.5942,38.1250,128.6250,1995-11-01,15.1527
속초,동해,38.2069,128.5942,38.1250,128.6250,1995-12-01,11.1129
속초,동해,38.2069,128.5942,38.1250,128.6250,1996-01-01,9.3039
속초,동해,38.2069,128.5942,38.1250,128.6250,1996-02-01,7.0497
속초,동해,38.2069,128.5942,38.1250,128.6250,1996-03-01,6.7581
속초,동해,38.2069,128.5942,38.1250,128.6250,1996-04-01,9.2853
속초,동해,38.2069,128.5942,38.1250,128.6250,1996-05-01,11.9065
속초,동해,38.2069,128.5942,38.1250,128.6250,1996-06-01,16.6377
속초,동해,38.2069,128.5942,38.1250,128.6250,1996-07-01,19.9852
속초,동해,38.2069,128.5942,38.1250,128.6250,1996-08-01,23.7374
속초,동해,38.2069,128.5942,38.1250,128.6250,1996-09-01,21.8577
속초,동해,38.2069,128.5942,38.1250,128.6250,1996-10-01,18.5316
속초,동해,38.2069,128.5942,38.1250,128.6250,1996-11-01,14.9430
속초,동해,38.2069,128.5942,38.1250,128.6250,1996-12-01,11.2990
속초,동해,38.2069,128.5942,38.1250,128.6250,1997-01-01,8.1865
속초,동해,38.2069,128.5942,38.1250,128.6250,1997-02-01,7.1004
속초,동해,38.2069,128.5942,38.1250,128.6250,1997-03-01,8.0097
속초,동해,38.2069,128.5942,38.1250,128.6250,1997-04-01,11.5310
속초,동해,38.2069,128.5942,38.1250,128.6250,1997-05-01,14.8565
속초,동해,38.2069,128.5942,38.1250,128.6250,1997-06-01,18.4683
속초,동해,38.2069,128.5942,38.1250,128.6250,1997-07-01,22.1994
속초,동해,38.2069,128.5942,38.1250,128.6250,1997-08-01,23.7603
속초,동해,38.2069,128.5942,38.1250,128.6250,1997-09-01,21.6093
속초,동해,38.2069,128.5942,38.1250,128.6250,1997-10-01,18.8281
속초,동해,38.2069,128.5942,38.1250,128.6250,1997-11-01,15.2387
속초,동해,38.2069,128.5942,38.1250,128.6250,1997-12-01,10.9900
속초,동해,38.2069,128.5942,38.1250,128.6250,1998-01-01,9.6329
속초,동해,38.2069,128.5942,38.1250,128.6250,1998-02-01,8.9321
속초,동해,38.2069,128.5942,38.1250,128.6250,1998-03-01,10.3990
속초,동해,38.2069,128.5942,38.1250,128.6250,1998-04-01,13.2263
속초,동해,38.2069,128.5942,38.1250,128.6250,1998-05-01,15.2906
속초,동해,38.2069,128.5942,38.1250,128.6250,1998-06-01,18.4197
속초,동해,38.2069,128.5942,38.1250,128.6250,1998-07-01,21.9435
속초,동해,38.2069,128.5942,38.1250,128.6250,1998-08-01,24.1994
속초,동해,38.2069,128.5942,38.1250,128.6250,1998-09-01,23.4270
속초,동해,38.2069,128.5942,38.1250,128.6250,1998-10-01,20.6871
속초,동해,38.2069,128.5942,38.1250,128.6250,1998-11-01,16.0443
속초,동해,38.2069,128.5942,38.1250,128.6250,1998-12-01,12.3848
속초,동해,38.2069,128.5942,38.1250,128.6250,1999-01-01,11.4068
속초,동해,38.2069,128.5942,38.1250,128.6250,1999-02-01,8.5693
속초,동해,38.2069,128.5942,38.1250,128.6250,1999-03-01,9.0958
속초,동해,38.2069,128.5942,38.1250,128.6250,1999-04-01,11.3033
속초,동해,38.2069,128.5942,38.1250,128.6250,1999-05-01,14.9639
속초,동해,38.2069,128.5942,38.1250,128.6250,1999-06-01,18.7390
속초,동해,38.2069,128.5942,38.1250,128.6250,1999-07-01,22.2039
속초,동해,38.2069,128.5942,38.1250,128.6250,1999-08-01,24.0497
속초,동해,38.2069,128.5942,38.1250,128.6250,1999-09-01,22.4373
속초,동해,38.2069,128.5942,38.1250,128.6250,1999-10-01,18.3316
속초,동해,38.2069,128.5942,38.1250,128.6250,1999-11-01,15.3247
속초,동해,38.2069,128.5942,38.1250,128.6250,1999-12-01,10.7742
속초,동해,38.2069,128.5942,38.1250,128.6250,2000-01-01,8.6632
속초,동해,38.2069,128.5942,38.1250,128.6250,2000-02-01,8.5914
속초,동해,38.2069,128.5942,38.1250,128.6250,2000-03-01,8.4013
속초,동해,38.2069,128.5942,38.1250,128.6250,2000-04-01,9.5773
속초,동해,38.2069,128.5942,38.1250,128.6250,2000-05-01,12.5900
속초,동해,38.2069,128.5942,38.1250,128.6250,2000-06-01,17.7940
속초,동해,38.2069,128.5942,38.1250,128.6250,2000-07-01,23.1861
속초,동해,38.2069,128.5942,38.1250,128.6250,2000-08-01,24.5639
속초,동해,38.2069,128.5942,38.1250,128.6250,2000-09-01,21.2453
속초,동해,38.2069,128.5942,38.1250,128.6250,2000-10-01,17.9610
속초,동해,38.2069,128.5942,38.1250,128.6250,2000-11-01,15.3183
속초,동해,38.2069,128.5942,38.1250,128.6250,2000-12-01,11.2477
속초,동해,38.2069,128.5942,38.1250,128.6250,2001-01-01,6.8558
속초,동해,38.2069,128.5942,38.1250,128.6250,2001-02-01,7.7950
속초,동해,38.2069,128.5942,38.1250,128.6250,2001-03-01,7.8503
속초,동해,38.2069,128.5942,38.1250,128.6250,2001-04-01,11.4100
속초,동해,38.2069,128.5942,38.1250,128.6250,2001-05-01,15.1994
속초,동해,38.2069,128.5942,38.1250,128.6250,2001-06-01,18.5553
속초,동해,38.2069,128.5942,38.1250,128.6250,2001-07-01,23.0671
속초,동해,38.2069,128.5942,38.1250,128.6250,2001-08-01,25.5716
속초,동해,38.2069,128.5942,38.1250,128.6250,2001-09-01,23.4803
속초,동해,38.2069,128.5942,38.1250,128.6250,2001-10-01,19.0765
속초,동해,38.2069,128.5942,38.1250,128.6250,2001-11-01,15.6133
속초,동해,38.2069,128.5942,38.1250,128.6250,2001-12-01,12.6632
속초,동해,38.2069,128.5942,38.1250,128.6250,2002-01-01,10.8319
속초,동해,38.2069,128.5942,38.1250,128.6250,2002-02-01,10.3068
속초,동해,38.2069,128.5942,38.1250,128.6250,2002-03-01,9.7416
속초,동해,38.2069,128.5942,38.1250,128.6250,2002-04-01,11.6403
속초,동해,38.2069,128.5942,38.1250,128.6250,2002-05-01,14.4839
속초,동해,38.2069,128.5942,38.1250,128.6250,2002-06-01,18.5437
속초,동해,38.2069,128.5942,38.1250,128.6250,2002-07-01,20.5806
속초,동해,38.2069,128.5942,38.1250,128.6250,2002-08-01,22.6090
속초,동해,38.2069,128.5942,38.1250,128.6250,2002-09-01,20.9183
속초,동해,38.2069,128.5942,38.1250,128.6250,2002-10-01,18.1865
속초,동해,38.2069,128.5942,38.1250,128.6250,2002-11-01,14.4117
속초,동해,38.2069,128.5942,38.1250,128.6250,2002-12-01,10.0574
속초,동해,38.2069,128.5942,38.1250,128.6250,2003-01-01,7.0568
속초,동해,38.2069,128.5942,38.1250,128.6250,2003-02-01,5.4846
속초,동해,38.2069,128.5942,38.1250,128.6250,2003-03-01,6.3968
속초,동해,38.2069,128.5942,38.1250,128.6250,2003-04-01,10.3297
속초,동해,38.2069,128.5942,38.1250,128.6250,2003-05-01,14.6477
속초,동해,38.2069,128.5942,38.1250,128.6250,2003-06-01,19.4937
속초,동해,38.2069,128.5942,38.1250,128.6250,2003-07-01,20.8829
속초,동해,38.2069,128.5942,38.1250,128.6250,2003-08-01,22.7145
속초,동해,38.2069,128.5942,38.1250,128.6250,2003-09-01,21.6203
속초,동해,38.2069,128.5942,38.1250,128.6250,2003-10-01,18.3110
속초,동해,38.2069,128.5942,38.1250,128.6250,2003-11-01,14.7267
속초,동해,38.2069,128.5942,38.1250,128.6250,2003-12-01,12.0468
속초,동해,38.2069,128.5942,38.1250,128.6250,2004-01-01,11.6090
속초,동해,38.2069,128.5942,38.1250,128.6250,2004-02-01,9.6828
속초,동해,38.2069,128.5942,38.1250,128.6250,2004-03-01,9.2545
속초,동해,38.2069,128.5942,38.1250,128.6250,2004-04-01,10.4563
속초,동해,38.2069,128.5942,38.1250,128.6250,2004-05-01,13.8900
속초,동해,38.2069,128.5942,38.1250,128.6250,2004-06-01,18.2210
속초,동해,38.2069,128.5942,38.1250,128.6250,2004-07-01,21.2842
속초,동해,38.2069,128.5942,38.1250,128.6250,2004-08-01,24.0574
속초,동해,38.2069,128.5942,38.1250,128.6250,2004-09-01,21.9503
속초,동해,38.2069,128.5942,38.1250,128.6250,2004-10-01,18.5026
속초,동해,38.2069,128.5942,38.1250,128.6250,2004-11-01,16.1727
속초,동해,38.2069,128.5942,38.1250,128.6250,2004-12-01,13.4335
속초,동해,38.2069,128.5942,38.1250,128.6250,2005-01-01,9.1919
속초,동해,38.2069,128.5942,38.1250,128.6250,2005-02-01,6.8825
속초,동해,38.2069,128.5942,38.1250,128.6250,2005-03-01,6.2013
속초,동해,38.2069,128.5942,38.1250,128.6250,2005-04-01,9.9163
속초,동해,38.2069,128.5942,38.1250,128.6250,2005-05-01,12.6194
속초,동해,38.2069,128.5942,38.1250,128.6250,2005-06-01,18.6627
속초,동해,38.2069,128.5942,38.1250,128.6250,2005-07-01,22.5723
속초,동해,38.2069,128.5942,38.1250,128.6250,2005-08-01,24.4629
속초,동해,38.2069,128.5942,38.1250,128.6250,2005-09-01,21.8953
속초,동해,38.2069,128.5942,38.1250,128.6250,2005-10-01,19.0932
속초,동해,38.2069,128.5942,38.1250,128.6250,2005-11-01,15.3220
속초,동해,38.2069,128.5942,38.1250,128.6250,2005-12-01,9.9684
속초,동해,38.2069,128.5942,38.1250,128.6250,2006-01-01,5.5858
속초,동해,38.2069,128.5942,38.1250,128.6250,2006-02-01,5.0500
속초,동해,38.2069,128.5942,38.1250,128.6250,2006-03-01,6.3665
속초,동해,38.2069,128.5942,38.1250,128.6250,2006-04-01,9.0250
속초,동해,38.2069,128.5942,38.1250,128.6250,2006-05-01,11.7323
속초,동해,38.2069,128.5942,38.1250,128.6250,2006-06-01,16.6207
속초,동해,38.2069,128.5942,38.1250,128.6250,2006-07-01,19.2632
속초,동해,38.2069,128.5942,38.1250,128.6250,2006-08-01,24.7994
속초,동해,38.2069,128.5942,38.1250,128.6250,2006-09-01,21.9033
속초,동해,38.2069,128.5942,38.1250,128.6250,2006-10-01,19.9035
속초,동해,38.2069,128.5942,38.1250,128.6250,2006-11-01,14.2940
속초,동해,38.2069,128.5942,38.1250,128.6250,2006-12-01,11.6742
속초,동해,38.2069,128.5942,38.1250,128.6250,2007-01-01,8.8097
속초,동해,38.2069,128.5942,38.1250,128.6250,2007-02-01,10.8889
속초,동해,38.2069,128.5942,38.1250,128.6250,2007-03-01,11.2952
속초,동해,38.2069,128.5942,38.1250,128.6250,2007-04-01,12.6370
속초,동해,38.2069,128.5942,38.1250,128.6250,2007-05-01,15.1674
속초,동해,38.2069,128.5942,38.1250,128.6250,2007-06-01,18.7730
속초,동해,38.2069,128.5942,38.1250,128.6250,2007-07-01,21.5319
속초,동해,38.2069,128.5942,38.1250,128.6250,2007-08-01,24.2613
속초,동해,38.2069,128.5942,38.1250,128.6250,2007-09-01,21.8850
속초,동해,38.2069,128.5942,38.1250,128.6250,2007-10-01,19.5648
속초,동해,38.2069,128.5942,38.1250,128.6250,2007-11-01,16.1840
속초,동해,38.2069,128.5942,38.1250,128.6250,2007-12-01,13.1677
속초,동해,38.2069,128.5942,38.1250,128.6250,2008-01-01,11.3452
속초,동해,38.2069,128.5942,38.1250,128.6250,2008-02-01,10.1034
속초,동해,38.2069,128.5942,38.1250,128.6250,2008-03-01,11.6929
속초,동해,38.2069,128.5942,38.1250,128.6250,2008-04-01,13.3560
속초,동해,38.2069,128.5942,38.1250,128.6250,2008-05-01,14.3958
속초,동해,38.2069,128.5942,38.1250,128.6250,2008-06-01,18.1687
속초,동해,38.2069,128.5942,38.1250,128.6250,2008-07-01,22.8284
속초,동해,38.2069,128.5942,38.1250,128.6250,2008-08-01,24.3684
속초,동해,38.2069,128.5942,38.1250,128.6250,2008-09-01,23.0767
속초,동해,38.2069,128.5942,38.1250,128.6250,2008-10-01,20.4342
속초,동해,38.2069,128.5942,38.1250,128.6250,2008-11-01,17.5217
속초,동해,38.2069,128.5942,38.1250,128.6250,2008-12-01,13.5829
속초,동해,38.2069,128.5942,38.1250,128.6250,2009-01-01,11.7548
속초,동해,38.2069,128.5942,38.1250,128.6250,2009-02-01,11.9521
속초,동해,38.2069,128.5942,38.1250,128.6250,2009-03-01,12.5213
속초,동해,38.2069,128.5942,38.1250,128.6250,2009-04-01,12.8233
속초,동해,38.2069,128.5942,38.1250,128.6250,2009-05-01,14.6839
속초,동해,38.2069,128.5942,38.1250,128.6250,2009-06-01,17.6070
속초,동해,38.2069,128.5942,38.1250,128.6250,2009-07-01,20.1590
속초,동해,38.2069,128.5942,38.1250,128.6250,2009-08-01,22.6584
속초,동해,38.2069,128.5942,38.1250,128.6250,2009-09-01,21.3017
속초,동해,38.2069,128.5942,38.1250,128.6250,2009-10-01,18.4974
속초,동해,38.2069,128.5942,38.1250,128.6250,2009-11-01,14.5973
속초,동해,38.2069,128.5942,38.1250,128.6250,2009-12-01,12.2365
속초,동해,38.2069,128.5942,38.1250,128.6250,2010-01-01,7.4474
속초,동해,38.2069,128.5942,38.1250,128.6250,2010-02-01,5.4446
속초,동해,38.2069,128.5942,38.1250,128.6250,2010-03-01,7.5619
속초,동해,38.2069,128.5942,38.1250,128.6250,2010-04-01,9.8297
속초,동해,38.2069,128.5942,38.1250,128.6250,2010-05-01,12.9097
속초,동해,38.2069,128.5942,38.1250,128.6250,2010-06-01,18.6610
속초,동해,38.2069,128.5942,38.1250,128.6250,2010-07-01,22.8335
속초,동해,38.2069,128.5942,38.1250,128.6250,2010-08-01,25.5919
속초,동해,38.2069,128.5942,38.1250,128.6250,2010-09-01,21.3450
속초,동해,38.2069,128.5942,38.1250,128.6250,2010-10-01,18.5929
속초,동해,38.2069,128.5942,38.1250,128.6250,2010-11-01,16.4463
속초,동해,38.2069,128.5942,38.1250,128.6250,2010-12-01,12.9590
속초,동해,38.2069,128.5942,38.1250,128.6250,2011-01-01,5.7010
속초,동해,38.2069,128.5942,38.1250,128.6250,2011-02-01,5.2250
속초,동해,38.2069,128.5942,38.1250,128.6250,2011-03-01,6.8332
속초,동해,38.2069,128.5942,38.1250,128.6250,2011-04-01,10.4250
속초,동해,38.2069,128.5942,38.1250,128.6250,2011-05-01,13.4710
속초,동해,38.2069,128.5942,38.1250,128.6250,2011-06-01,17.0683
속초,동해,38.2069,128.5942,38.1250,128.6250,2011-07-01,20.8561
속초,동해,38.2069,128.5942,38.1250,128.6250,2011-08-01,24.0165
속초,동해,38.2069,128.5942,38.1250,128.6250,2011-09-01,22.6417
속초,동해,38.2069,128.5942,38.1250,128.6250,2011-10-01,19.0816
속초,동해,38.2069,128.5942,38.1250,128.6250,2011-11-01,16.0470
속초,동해,38.2069,128.5942,38.1250,128.6250,2011-12-01,13.5094
속초,동해,38.2069,128.5942,38.1250,128.6250,2012-01-01,11.4461
속초,동해,38.2069,128.5942,38.1250,128.6250,2012-02-01,8.2110
속초,동해,38.2069,128.5942,38.1250,128.6250,2012-03-01,9.0171
속초,동해,38.2069,128.5942,38.1250,128.6250,2012-04-01,12.7220
속초,동해,38.2069,128.5942,38.1250,128.6250,2012-05-01,15.3729
속초,동해,38.2069,128.5942,38.1250,128.6250,2012-06-01,18.9573
속초,동해,38.2069,128.5942,38.1250,128.6250,2012-07-01,22.1158
속초,동해,38.2069,128.5942,38.1250,128.6250,2012-08-01,23.9548
속초,동해,38.2069,128.5942,38.1250,128.6250,2012-09-01,20.2743
속초,동해,38.2069,128.5942,38.1250,128.6250,2012-10-01,18.5426
속초,동해,38.2069,128.5942,38.1250,128.6250,2012-11-01,13.7187
속초,동해,38.2069,128.5942,38.1250,128.6250,2012-12-01,12.1068
속초,동해,38.2069,128.5942,38.1250,128.6250,2013-01-01,9.5200
속초,동해,38.2069,128.5942,38.1250,128.6250,2013-02-01,8.3264
속초,동해,38.2069,128.5942,38.1250,128.6250,2013-03-01,9.1045
속초,동해,38.2069,128.5942,38.1250,128.6250,2013-04-01,11.0920
속초,동해,38.2069,128.5942,38.1250,128.6250,2013-05-01,14.2316
속초,동해,38.2069,128.5942,38.1250,128.6250,2013-06-01,19.6063
속초,동해,38.2069,128.5942,38.1250,128.6250,2013-07-01,22.4503
속초,동해,38.2069,128.5942,38.1250,128.6250,2013-08-01,25.6610
속초,동해,38.2069,128.5942,38.1250,128.6250,2013-09-01,22.0710
속초,동해,38.2069,128.5942,38.1250,128.6250,2013-10-01,19.3881
속초,동해,38.2069,128.5942,38.1250,128.6250,2013-11-01,14.3657
속초,동해,38.2069,128.5942,38.1250,128.6250,2013-12-01,10.4248
속초,동해,38.2069,128.5942,38.1250,128.6250,2014-01-01,8.6258
속초,동해,38.2069,128.5942,38.1250,128.6250,2014-02-01,8.7350
속초,동해,38.2069,128.5942,38.1250,128.6250,2014-03-01,10.2984
속초,동해,38.2069,128.5942,38.1250,128.6250,2014-04-01,12.9897
속초,동해,38.2069,128.5942,38.1250,128.6250,2014-05-01,14.1490
속초,동해,38.2069,128.5942,38.1250,128.6250,2014-06-01,18.8327
속초,동해,38.2069,128.5942,38.1250,128.6250,2014-07-01,23.0574
속초,동해,38.2069,128.5942,38.1250,128.6250,2014-08-01,24.1545
속초,동해,38.2069,128.5942,38.1250,128.6250,2014-09-01,22.9443
속초,동해,38.2069,128.5942,38.1250,128.6250,2014-10-01,19.3239
속초,동해,38.2069,128.5942,38.1250,128.6250,2014-11-01,15.8957
속초,동해,38.2069,128.5942,38.1250,128.6250,2014-12-01,13.3097
속초,동해,38.2069,128.5942,38.1250,128.6250,2015-01-01,10.8377
속초,동해,38.2069,128.5942,38.1250,128.6250,2015-02-01,6.6168
속초,동해,38.2069,128.5942,38.1250,128.6250,2015-03-01,6.5203
속초,동해,38.2069,128.5942,38.1250,128.6250,2015-04-01,7.8377
속초,동해,38.2069,128.5942,38.1250,128.6250,2015-05-01,11.9687
속초,동해,38.2069,128.5942,38.1250,128.6250,2015-06-01,16.8793
속초,동해,38.2069,128.5942,38.1250,128.6250,2015-07-01,20.6968
속초,동해,38.2069,128.5942,38.1250,128.6250,2015-08-01,25.0397
속초,동해,38.2069,128.5942,38.1250,128.6250,2015-09-01,21.8980
속초,동해,38.2069,128.5942,38.1250,128.6250,2015-10-01,18.6361
속초,동해,38.2069,128.5942,38.1250,128.6250,2015-11-01,14.5757
속초,동해,38.2069,128.5942,38.1250,128.6250,2015-12-01,10.1490
속초,동해,38.2069,128.5942,38.1250,128.6250,2016-01-01,10.7810
속초,동해,38.2069,128.5942,38.1250,128.6250,2016-02-01,7.0721
속초,동해,38.2069,128.5942,38.1250,128.6250,2016-03-01,9.0177
속초,동해,38.2069,128.5942,38.1250,128.6250,2016-04-01,11.0380
속초,동해,38.2069,128.5942,38.1250,128.6250,2016-05-01,13.5903
속초,동해,38.2069,128.5942,38.1250,128.6250,2016-06-01,18.7130
속초,동해,38.2069,128.5942,38.1250,128.6250,2016-07-01,21.8200
속초,동해,38.2069,128.5942,38.1250,128.6250,2016-08-01,25.9745
속초,동해,38.2069,128.5942,38.1250,128.6250,2016-09-01,21.2513
속초,동해,38.2069,128.5942,38.1250,128.6250,2016-10-01,18.8616
속초,동해,38.2069,128.5942,38.1250,128.6250,2016-11-01,13.6993
속초,동해,38.2069,128.5942,38.1250,128.6250,2016-12-01,12.8371
속초,동해,38.2069,128.5942,38.1250,128.6250,2017-01-01,12.0774
속초,동해,38.2069,128.5942,38.1250,128.6250,2017-02-01,11.2864
속초,동해,38.2069,128.5942,38.1250,128.6250,2017-03-01,11.3913
속초,동해,38.2069,128.5942,38.1250,128.6250,2017-04-01,12.7793
속초,동해,38.2069,128.5942,38.1250,128.6250,2017-05-01,15.1929
속초,동해,38.2069,128.5942,38.1250,128.6250,2017-06-01,18.5950
속초,동해,38.2069,128.5942,38.1250,128.6250,2017-07-01,24.2368
속초,동해,38.2069,128.5942,38.1250,128.6250,2017-08-01,24.4655
속초,동해,38.2069,128.5942,38.1250,128.6250,2017-09-01,22.9657
속초,동해,38.2069,128.5942,38.1250,128.6250,2017-10-01,18.6310
속초,동해,38.2069,128.5942,38.1250,128.6250,2017-11-01,17.7197
속초,동해,38.2069,128.5942,38.1250,128.6250,2017-12-01,13.4371
속초,동해,38.2069,128.5942,38.1250,128.6250,2018-01-01,9.8868
속초,동해,38.2069,128.5942,38.1250,128.6250,2018-02-01,6.4571
속초,동해,38.2069,128.5942,38.1250,128.6250,2018-03-01,8.1352
속초,동해,38.2069,128.5942,38.1250,128.6250,2018-04-01,12.2213
속초,동해,38.2069,128.5942,38.1250,128.6250,2018-05-01,14.9716
속초,동해,38.2069,128.5942,38.1250,128.6250,2018-06-01,19.0130
속초,동해,38.2069,128.5942,38.1250,128.6250,2018-07-01,23.7603
속초,동해,38.2069,128.5942,38.1250,128.6250,2018-08-01,25.6781
속초,동해,38.2069,128.5942,38.1250,128.6250,2018-09-01,22.0853
속초,동해,38.2069,128.5942,38.1250,128.6250,2018-10-01,19.2181
속초,동해,38.2069,128.5942,38.1250,128.6250,2018-11-01,16.0347
속초,동해,38.2069,128.5942,38.1250,128.6250,2018-12-01,13.2858
속초,동해,38.2069,128.5942,38.1250,128.6250,2019-01-01,10.7729
속초,동해,38.2069,128.5942,38.1250,128.6250,2019-02-01,10.3996
속초,동해,38.2069,128.5942,38.1250,128.6250,2019-03-01,12.1574
속초,동해,38.2069,128.5942,38.1250,128.6250,2019-04-01,13.0887
속초,동해,38.2069,128.5942,38.1250,128.6250,2019-05-01,16.3532
속초,동해,38.2069,128.5942,38.1250,128.6250,2019-06-01,18.7253
속초,동해,38.2069,128.5942,38.1250,128.6250,2019-07-01,22.5729
속초,동해,38.2069,128.5942,38.1250,128.6250,2019-08-01,25.2713
속초,동해,38.2069,128.5942,38.1250,128.6250,2019-09-01,22.3067
속초,동해,38.2069,128.5942,38.1250,128.6250,2019-10-01,19.9884
속초,동해,38.2069,128.5942,38.1250,128.6250,2019-11-01,16.7487
속초,동해,38.2069,128.5942,38.1250,128.6250,2019-12-01,15.6032
속초,동해,38.2069,128.5942,38.1250,128.6250,2020-01-01,13.1997
속초,동해,38.2069,128.5942,38.1250,128.6250,2020-02-01,11.3083
속초,동해,38.2069,128.5942,38.1250,128.6250,2020-03-01,10.6652
속초,동해,38.2069,128.5942,38.1250,128.6250,2020-04-01,13.5580
속초,동해,38.2069,128.5942,38.1250,128.6250,2020-05-01,15.0861
속초,동해,38.2069,128.5942,38.1250,128.6250,2020-06-01,18.8980
속초,동해,38.2069,128.5942,38.1250,128.6250,2020-07-01,21.9345
속초,동해,38.2069,128.5942,38.1250,128.6250,2020-08-01,24.0790
속초,동해,38.2069,128.5942,38.1250,128.6250,2020-09-01,21.5650
속초,동해,38.2069,128.5942,38.1250,128.6250,2020-10-01,17.6790
속초,동해,38.2069,128.5942,38.1250,128.6250,2020-11-01,15.7260
속초,동해,38.2069,128.5942,38.1250,128.6250,2020-12-01,13.9110
속초,동해,38.2069,128.5942,38.1250,128.6250,2021-01-01,9.0826
속초,동해,38.2069,128.5942,38.1250,128.6250,2021-02-01,9.9579
속초,동해,38.2069,128.5942,38.1250,128.6250,2021-03-01,11.8758
속초,동해,38.2069,128.5942,38.1250,128.6250,2021-04-01,14.0823
속초,동해,38.2069,128.5942,38.1250,128.6250,2021-05-01,15.6681
속초,동해,38.2069,128.5942,38.1250,128.6250,2021-06-01,19.4623
속초,동해,38.2069,128.5942,38.1250,128.6250,2021-07-01,24.7929
속초,동해,38.2069,128.5942,38.1250,128.6250,2021-08-01,25.9074
속초,동해,38.2069,128.5942,38.1250,128.6250,2021-09-01,22.5817
속초,동해,38.2069,128.5942,38.1250,128.6250,2021-10-01,21.0984
속초,동해,38.2069,128.5942,38.1250,128.6250,2021-11-01,17.8107
속초,동해,38.2069,128.5942,38.1250,128.6250,2021-12-01,14.7997
속초,동해,38.2069,128.5942,38.1250,128.6250,2022-01-01,10.8858
속초,동해,38.2069,128.5942,38.1250,128.6250,2022-02-01,9.2461
속초,동해,38.2069,128.5942,38.1250,128.6250,2022-03-01,9.9045
속초,동해,38.2069,128.5942,38.1250,128.6250,2022-04-01,12.2477
속초,동해,38.2069,128.5942,38.1250,128.6250,2022-05-01,15.5984
속초,동해,38.2069,128.5942,38.1250,128.6250,2022-06-01,18.8407
속초,동해,38.2069,128.5942,38.1250,128.6250,2022-07-01,23.6187
속초,동해,38.2069,128.5942,38.1250,128.6250,2022-08-01,25.0994
속초,동해,38.2069,128.5942,38.1250,128.6250,2022-09-01,22.9640
속초,동해,38.2069,128.5942,38.1250,128.6250,2022-10-01,19.7987
속초,동해,38.2069,128.5942,38.1250,128.6250,2022-11-01,16.3260
속초,동해,38.2069,128.5942,38.1250,128.6250,2022-12-01,14.7906
속초,동해,38.2069,128.5942,38.1250,128.6250,2023-01-01,11.5329
속초,동해,38.2069,128.5942,38.1250,128.6250,2023-02-01,10.6407
속초,동해,38.2069,128.5942,38.1250,128.6250,2023-03-01,11.7813
속초,동해,38.2069,128.5942,38.1250,128.6250,2023-04-01,12.2690
속초,동해,38.2069,128.5942,38.1250,128.6250,2023-05-01,14.2784
속초,동해,38.2069,128.5942,38.1250,128.6250,2023-06-01,19.2063
속초,동해,38.2069,128.5942,38.1250,128.6250,2023-07-01,22.9626
속초,동해,38.2069,128.5942,38.1250,128.6250,2023-08-01,24.5135
속초,동해,38.2069,128.5942,38.1250,128.6250,2023-09-01,23.5020
속초,동해,38.2069,128.5942,38.1250,128.6250,2023-10-01,20.8361
속초,동해,38.2069,128.5942,38.1250,128.6250,2023-11-01,16.4663
속초,동해,38.2069,128.5942,38.1250,128.6250,2023-12-01,12.6161
속초,동해,38.2069,128.5942,38.1250,128.6250,2024-01-01,8.9206
속초,동해,38.2069,128.5942,38.1250,128.6250,2024-02-01,4.4797
속초,동해,38.2069,128.5942,38.1250,128.6250,2024-03-01,7.7335
속초,동해,38.2069,128.5942,38.1250,128.6250,2024-04-01,13.3083
속초,동해,38.2069,128.5942,38.1250,128.6250,2024-05-01,16.3203
속초,동해,38.2069,128.5942,38.1250,128.6250,2024-06-01,20.4957
속초,동해,38.2069,128.5942,38.1250,128.6250,2024-07-01,23.4577
속초,동해,38.2069,128.5942,38.1250,128.6250,2024-08-01,27.3503
속초,동해,38.2069,128.5942,38.1250,128.6250,2024-09-01,24.8897
속초,동해,38.2069,128.5942,38.1250,128.6250,2024-10-01,21.3710
속초,동해,38.2069,128.5942,38.1250,128.6250,2024-11-01,17.6310
속초,동해,38.2069,128.5942,38.1250,128.6250,2024-12-01,13.2265
속초,동해,38.2069,128.5942,38.1250,128.6250,2025-01-01,10.6419
속초,동해,38.2069,128.5942,38.1250,128.6250,2025-02-01,6.7654
속초,동해,38.2069,128.5942,38.1250,128.6250,2025-03-01,7.4048
속초,동해,38.2069,128.5942,38.1250,128.6250,2025-04-01,9.6397
속초,동해,38.2069,128.5942,38.1250,128.6250,2025-05-01,13.4690
속초,동해,38.2069,128.5942,38.1250,128.6250,2025-06-01,19.6147
속초,동해,38.2069,128.5942,38.1250,128.6250,2025-07-01,24.6429
속초,동해,38.2069,128.5942,38.1250,128.6250,2025-08-01,26.7100
속초,동해,38.2069,128.5942,38.1250,128.6250,2025-09-01,24.7083
속초,동해,38.2069,128.5942,38.1250,128.6250,2025-10-01,19.7739
속초,동해,38.2069,128.5942,38.1250,128.6250,2025-11-01,16.6093
속초,동해,38.2069,128.5942,38.1250,128.6250,2025-12-01,14.0626
속초,동해,38.2069,128.5942,38.1250,128.6250,2026-01-01,10.9842
속초,동해,38.2069,128.5942,38.1250,128.6250,2026-02-01,10.4861
속초,동해,38.2069,128.5942,38.1250,128.6250,2026-03-01,11.3235
속초,동해,38.2069,128.5942,38.1250,128.6250,2026-04-01,12.1733
