path	group	type	read	reader	note_mentions_name	category
source_code/Multiscale-and-Multiphysics-Integrated-Simulator-for-Tsunami/Pre and post-processors/CADMAS-MESH-MULTI/Installer/CADMAS-MESH-MULTI-x64-setup.exe	source_code/Multiscale-and-Multiphysics-Integrated-Simulator-for-Tsunami/Pre and post-processors	바이너리	실패	mechanical	Y	바이너리
source_code/Multiscale-and-Multiphysics-Integrated-Simulator-for-Tsunami/Pre and post-processors/CADMAS-MESH-MULTI/Manual/CADMAS-MESH MULTI_Manual_English.pdf	source_code/Multiscale-and-Multiphysics-Integrated-Simulator-for-Tsunami/Pre and post-processors	문서	실패	mechanical		매뉴얼·문서
source_code/Multiscale-and-Multiphysics-Integrated-Simulator-for-Tsunami/Pre and post-processors/CADMAS-MESH-MULTI/Manual/CADMAS-MESH-MULTI_Manual_Japanese.pdf	source_code/Multiscale-and-Multiphysics-Integrated-Simulator-for-Tsunami/Pre and post-processors	문서	실패	mechanical		매뉴얼·문서
source_code/Multiscale-and-Multiphysics-Integrated-Simulator-for-Tsunami/Pre and post-processors/CADMAS-MESH-MULTI/ReadMe.md	source_code/Multiscale-and-Multiphysics-Integrated-Simulator-for-Tsunami/Pre and post-processors	문서	LLM판독	grok	Y	매뉴얼·문서
source_code/Multiscale-and-Multiphysics-Integrated-Simulator-for-Tsunami/Pre and post-processors/CADMAS-MESH/Installer/CADMAS-MESH_setup.exe	source_code/Multiscale-and-Multiphysics-Integrated-Simulator-for-Tsunami/Pre and post-processors	바이너리	실패	mechanical	Y	바이너리
source_code/Multiscale-and-Multiphysics-Integrated-Simulator-for-Tsunami/Pre and post-processors/CADMAS-MESH/Manual/CADMAS-MESH_Manual_English.pdf	source_code/Multiscale-and-Multiphysics-Integrated-Simulator-for-Tsunami/Pre and post-processors	문서	실패	mechanical		매뉴얼·문서
source_code/Multiscale-and-Multiphysics-Integrated-Simulator-for-Tsunami/Pre and post-processors/CADMAS-MESH/Manual/CADMAS-MESH_Manual_Japanese.pdf	source_code/Multiscale-and-Multiphysics-Integrated-Simulator-for-Tsunami/Pre and post-processors	문서	실패	mechanical		매뉴얼·문서
source_code/Multiscale-and-Multiphysics-Integrated-Simulator-for-Tsunami/Pre and post-processors/CADMAS-MESH/ReadMe.md	source_code/Multiscale-and-Multiphysics-Integrated-Simulator-for-Tsunami/Pre and post-processors	문서	LLM판독	grok	Y	매뉴얼·문서
source_code/Multiscale-and-Multiphysics-Integrated-Simulator-for-Tsunami/Pre and post-processors/CADMAS-VR/Inataller/CadmasVR_Setup.exe	source_code/Multiscale-and-Multiphysics-Integrated-Simulator-for-Tsunami/Pre and post-processors	바이너리	실패	mechanical	Y	바이너리
source_code/Multiscale-and-Multiphysics-Integrated-Simulator-for-Tsunami/Pre and post-processors/CADMAS-VR/Manual/CADMAS-VR_Manual_English.pdf	source_code/Multiscale-and-Multiphysics-Integrated-Simulator-for-Tsunami/Pre and post-processors	문서	실패	mechanical		매뉴얼·문서
source_code/Multiscale-and-Multiphysics-Integrated-Simulator-for-Tsunami/Pre and post-processors/CADMAS-VR/Manual/CADMAS-VR_Manual_Japanese.pdf	source_code/Multiscale-and-Multiphysics-Integrated-Simulator-for-Tsunami/Pre and post-processors	문서	실패	mechanical		매뉴얼·문서
source_code/Multiscale-and-Multiphysics-Integrated-Simulator-for-Tsunami/Pre and post-processors/CADMAS-VR/ReadMe.md	source_code/Multiscale-and-Multiphysics-Integrated-Simulator-for-Tsunami/Pre and post-processors	문서	LLM판독	grok	Y	매뉴얼·문서
source_code/Multiscale-and-Multiphysics-Integrated-Simulator-for-Tsunami/Pre and post-processors/ViewKai/Manual/View3DKai Manual_English.pdf	source_code/Multiscale-and-Multiphysics-Integrated-Simulator-for-Tsunami/Pre and post-processors	문서	실패	mechanical		매뉴얼·문서
source_code/Multiscale-and-Multiphysics-Integrated-Simulator-for-Tsunami/Pre and post-processors/ViewKai/ReadMe.md	source_code/Multiscale-and-Multiphysics-Integrated-Simulator-for-Tsunami/Pre and post-processors	문서	LLM판독	grok	Y	매뉴얼·문서
source_code/Multiscale-and-Multiphysics-Integrated-Simulator-for-Tsunami/Pre and post-processors/ViewKai/Source code/GF_CONV.h	source_code/Multiscale-and-Multiphysics-Integrated-Simulator-for-Tsunami/Pre and post-processors	코드	LLM판독	codex	Y	부속도구·스크립트
source_code/Multiscale-and-Multiphysics-Integrated-Simulator-for-Tsunami/Pre and post-processors/ViewKai/Source code/Makefile	source_code/Multiscale-and-Multiphysics-Integrated-Simulator-for-Tsunami/Pre and post-processors	기타(설정·입력·빌드)	LLM판독	codex		빌드·설정·기타
source_code/Multiscale-and-Multiphysics-Integrated-Simulator-for-Tsunami/Pre and post-processors/ViewKai/Source code/gf_a1main.f	source_code/Multiscale-and-Multiphysics-Integrated-Simulator-for-Tsunami/Pre and post-processors	코드	LLM판독	codex	Y	부속도구·스크립트
source_code/Multiscale-and-Multiphysics-Integrated-Simulator-for-Tsunami/Pre and post-processors/ViewKai/Source code/gf_a2init.f	source_code/Multiscale-and-Multiphysics-Integrated-Simulator-for-Tsunami/Pre and post-processors	코드	LLM판독	codex	Y	부속도구·스크립트
source_code/Multiscale-and-Multiphysics-Integrated-Simulator-for-Tsunami/Pre and post-processors/ViewKai/Source code/gf_a3grid.f	source_code/Multiscale-and-Multiphysics-Integrated-Simulator-for-Tsunami/Pre and post-processors	코드	LLM판독	codex		부속도구·스크립트
source_code/Multiscale-and-Multiphysics-Integrated-Simulator-for-Tsunami/Pre and post-processors/ViewKai/Source code/gf_a4tran.f	source_code/Multiscale-and-Multiphysics-Integrated-Simulator-for-Tsunami/Pre and post-processors	코드	LLM판독	codex		부속도구·스크립트
source_code/Multiscale-and-Multiphysics-Integrated-Simulator-for-Tsunami/Pre and post-processors/ViewKai/Source code/gf_bcd.f	source_code/Multiscale-and-Multiphysics-Integrated-Simulator-for-Tsunami/Pre and post-processors	코드	LLM판독	codex		부속도구·스크립트
source_code/Multiscale-and-Multiphysics-Integrated-Simulator-for-Tsunami/Pre and post-processors/ViewKai/Source code/gf_bci.f	source_code/Multiscale-and-Multiphysics-Integrated-Simulator-for-Tsunami/Pre and post-processors	코드	LLM판독	codex		부속도구·스크립트
source_code/Multiscale-and-Multiphysics-Integrated-Simulator-for-Tsunami/Pre and post-processors/ViewKai/Source code/gf_vald.f	source_code/Multiscale-and-Multiphysics-Integrated-Simulator-for-Tsunami/Pre and post-processors	코드	LLM판독	codex	Y	부속도구·스크립트
source_code/Multiscale-and-Multiphysics-Integrated-Simulator-for-Tsunami/Pre and post-processors/ViewKai/Source code/gf_vali.f	source_code/Multiscale-and-Multiphysics-Integrated-Simulator-for-Tsunami/Pre and post-processors	코드	LLM판독	codex		부속도구·스크립트
source_code/Multiscale-and-Multiphysics-Integrated-Simulator-for-Tsunami/README.md	source_code/Multiscale-and-Multiphysics-Integrated-Simulator-for-Tsunami	문서	LLM판독	grok	Y	매뉴얼·문서
source_code/Multiscale-and-Multiphysics-Integrated-Simulator-for-Tsunami/Simulators/AGENT/Manual/CADMAS-AGENT_Manual_English.pdf	source_code/Multiscale-and-Multiphysics-Integrated-Simulator-for-Tsunami/Simulators	문서	실패	mechanical	Y	매뉴얼·문서
source_code/Multiscale-and-Multiphysics-Integrated-Simulator-for-Tsunami/Simulators/AGENT/Manual/CADMAS-AGENT_Manual_Japanese.pdf	source_code/Multiscale-and-Multiphysics-Integrated-Simulator-for-Tsunami/Simulators	문서	실패	mechanical		매뉴얼·문서
source_code/Multiscale-and-Multiphysics-Integrated-Simulator-for-Tsunami/Simulators/AGENT/ReadMe.md	source_code/Multiscale-and-Multiphysics-Integrated-Simulator-for-Tsunami/Simulators	문서	LLM판독	grok	Y	매뉴얼·문서
source_code/Multiscale-and-Multiphysics-Integrated-Simulator-for-Tsunami/Simulators/AGENT/Source code/Makefile	source_code/Multiscale-and-Multiphysics-Integrated-Simulator-for-Tsunami/Simulators	기타(설정·입력·빌드)	LLM판독	codex		빌드·설정·기타
source_code/Multiscale-and-Multiphysics-Integrated-Simulator-for-Tsunami/Simulators/AGENT/Source code/allocate_cadmas.f90	source_code/Multiscale-and-Multiphysics-Integrated-Simulator-for-Tsunami/Simulators	코드	LLM판독	codex		자체코드
source_code/Multiscale-and-Multiphysics-Integrated-Simulator-for-Tsunami/Simulators/AGENT/Source code/allocate_potential.f90	source_code/Multiscale-and-Multiphysics-Integrated-Simulator-for-Tsunami/Simulators	코드	LLM판독	codex		자체코드
source_code/Multiscale-and-Multiphysics-Integrated-Simulator-for-Tsunami/Simulators/AGENT/Source code/errmsg.f90	source_code/Multiscale-and-Multiphysics-Integrated-Simulator-for-Tsunami/Simulators	코드	LLM판독	codex		자체코드
source_code/Multiscale-and-Multiphysics-Integrated-Simulator-for-Tsunami/Simulators/AGENT/Source code/errstop.f90	source_code/Multiscale-and-Multiphysics-Integrated-Simulator-for-Tsunami/Simulators	코드	LLM판독	codex	Y	자체코드
source_code/Multiscale-and-Multiphysics-Integrated-Simulator-for-Tsunami/Simulators/AGENT/Source code/get_direction.f90	source_code/Multiscale-and-Multiphysics-Integrated-Simulator-for-Tsunami/Simulators	코드	LLM판독	codex	Y	자체코드
source_code/Multiscale-and-Multiphysics-Integrated-Simulator-for-Tsunami/Simulators/AGENT/Source code/initialize.f90	source_code/Multiscale-and-Multiphysics-Integrated-Simulator-for-Tsunami/Simulators	코드	LLM판독	codex	Y	자체코드
source_code/Multiscale-and-Multiphysics-Integrated-Simulator-for-Tsunami/Simulators/AGENT/Source code/m_agent.f90	source_code/Multiscale-and-Multiphysics-Integrated-Simulator-for-Tsunami/Simulators	코드	LLM판독	codex	Y	자체코드
source_code/Multiscale-and-Multiphysics-Integrated-Simulator-for-Tsunami/Simulators/AGENT/Source code/m_cadmas.f90	source_code/Multiscale-and-Multiphysics-Integrated-Simulator-for-Tsunami/Simulators	코드	LLM판독	codex	Y	자체코드
source_code/Multiscale-and-Multiphysics-Integrated-Simulator-for-Tsunami/Simulators/AGENT/Source code/m_danger.f90	source_code/Multiscale-and-Multiphysics-Integrated-Simulator-for-Tsunami/Simulators	코드	LLM판독	codex		자체코드
source_code/Multiscale-and-Multiphysics-Integrated-Simulator-for-Tsunami/Simulators/AGENT/Source code/m_flag.f90	source_code/Multiscale-and-Multiphysics-Integrated-Simulator-for-Tsunami/Simulators	코드	LLM판독	codex		자체코드
source_code/Multiscale-and-Multiphysics-Integrated-Simulator-for-Tsunami/Simulators/AGENT/Source code/m_output.f90	source_code/Multiscale-and-Multiphysics-Integrated-Simulator-for-Tsunami/Simulators	코드	LLM판독	codex		자체코드
source_code/Multiscale-and-Multiphysics-Integrated-Simulator-for-Tsunami/Simulators/AGENT/Source code/m_potential.f90	source_code/Multiscale-and-Multiphysics-Integrated-Simulator-for-Tsunami/Simulators	코드	LLM판독	codex		자체코드
source_code/Multiscale-and-Multiphysics-Integrated-Simulator-for-Tsunami/Simulators/AGENT/Source code/m_prob.f90	source_code/Multiscale-and-Multiphysics-Integrated-Simulator-for-Tsunami/Simulators	코드	LLM판독	codex		자체코드
source_code/Multiscale-and-Multiphysics-Integrated-Simulator-for-Tsunami/Simulators/AGENT/Source code/m_timectl.f90	source_code/Multiscale-and-Multiphysics-Integrated-Simulator-for-Tsunami/Simulators	코드	LLM판독	codex		자체코드
source_code/Multiscale-and-Multiphysics-Integrated-Simulator-for-Tsunami/Simulators/AGENT/Source code/main.f90	source_code/Multiscale-and-Multiphysics-Integrated-Simulator-for-Tsunami/Simulators	코드	LLM판독	codex	Y	자체코드
source_code/Multiscale-and-Multiphysics-Integrated-Simulator-for-Tsunami/Simulators/AGENT/Source code/make_n_potential.f90	source_code/Multiscale-and-Multiphysics-Integrated-Simulator-for-Tsunami/Simulators	코드	LLM판독	codex	Y	자체코드
source_code/Multiscale-and-Multiphysics-Integrated-Simulator-for-Tsunami/Simulators/AGENT/Source code/make_potential_mob.f90	source_code/Multiscale-and-Multiphysics-Integrated-Simulator-for-Tsunami/Simulators	코드	LLM판독	codex	Y	자체코드
source_code/Multiscale-and-Multiphysics-Integrated-Simulator-for-Tsunami/Simulators/AGENT/Source code/make_potential_mob_revise.f90	source_code/Multiscale-and-Multiphysics-Integrated-Simulator-for-Tsunami/Simulators	코드	LLM판독	codex		자체코드
source_code/Multiscale-and-Multiphysics-Integrated-Simulator-for-Tsunami/Simulators/AGENT/Source code/make_potential_shelter.f90	source_code/Multiscale-and-Multiphysics-Integrated-Simulator-for-Tsunami/Simulators	코드	LLM판독	codex	Y	자체코드
source_code/Multiscale-and-Multiphysics-Integrated-Simulator-for-Tsunami/Simulators/AGENT/Source code/make_signpost.f90	source_code/Multiscale-and-Multiphysics-Integrated-Simulator-for-Tsunami/Simulators	코드	LLM판독	codex	Y	자체코드
source_code/Multiscale-and-Multiphysics-Integrated-Simulator-for-Tsunami/Simulators/AGENT/Source code/mod_comm.f90	source_code/Multiscale-and-Multiphysics-Integrated-Simulator-for-Tsunami/Simulators	코드	LLM판독	codex	Y	자체코드
source_code/Multiscale-and-Multiphysics-Integrated-Simulator-for-Tsunami/Simulators/AGENT/Source code/move_agent.f90	source_code/Multiscale-and-Multiphysics-Integrated-Simulator-for-Tsunami/Simulators	코드	LLM판독	codex	Y	자체코드
source_code/Multiscale-and-Multiphysics-Integrated-Simulator-for-Tsunami/Simulators/AGENT/Source code/open_file.f90	source_code/Multiscale-and-Multiphysics-Integrated-Simulator-for-Tsunami/Simulators	코드	LLM판독	codex	Y	자체코드
source_code/Multiscale-and-Multiphysics-Integrated-Simulator-for-Tsunami/Simulators/AGENT/Source code/output.f90	source_code/Multiscale-and-Multiphysics-Integrated-Simulator-for-Tsunami/Simulators	코드	LLM판독	codex	Y	자체코드
source_code/Multiscale-and-Multiphysics-Integrated-Simulator-for-Tsunami/Simulators/AGENT/Source code/pot_total.f90	source_code/Multiscale-and-Multiphysics-Integrated-Simulator-for-Tsunami/Simulators	코드	LLM판독	codex	Y	자체코드
source_code/Multiscale-and-Multiphysics-Integrated-Simulator-for-Tsunami/Simulators/AGENT/Source code/random_normal.f90	source_code/Multiscale-and-Multiphysics-Integrated-Simulator-for-Tsunami/Simulators	코드	LLM판독	codex	Y	자체코드
source_code/Multiscale-and-Multiphysics-Integrated-Simulator-for-Tsunami/Simulators/AGENT/Source code/read_agent.f90	source_code/Multiscale-and-Multiphysics-Integrated-Simulator-for-Tsunami/Simulators	코드	LLM판독	codex		자체코드
source_code/Multiscale-and-Multiphysics-Integrated-Simulator-for-Tsunami/Simulators/AGENT/Source code/read_cadmas.f90	source_code/Multiscale-and-Multiphysics-Integrated-Simulator-for-Tsunami/Simulators	코드	LLM판독	codex	Y	자체코드
source_code/Multiscale-and-Multiphysics-Integrated-Simulator-for-Tsunami/Simulators/AGENT/Source code/read_condition.f90	source_code/Multiscale-and-Multiphysics-Integrated-Simulator-for-Tsunami/Simulators	코드	LLM판독	codex		자체코드
source_code/Multiscale-and-Multiphysics-Integrated-Simulator-for-Tsunami/Simulators/AGENT/Source code/read_move_boundary.f90	source_code/Multiscale-and-Multiphysics-Integrated-Simulator-for-Tsunami/Simulators	코드	LLM판독	codex		자체코드
source_code/Multiscale-and-Multiphysics-Integrated-Simulator-for-Tsunami/Simulators/AGENT/Source code/read_potential.f90	source_code/Multiscale-and-Multiphysics-Integrated-Simulator-for-Tsunami/Simulators	코드	LLM판독	codex		자체코드
source_code/Multiscale-and-Multiphysics-Integrated-Simulator-for-Tsunami/Simulators/AGENT/Source code/read_shelter.f90	source_code/Multiscale-and-Multiphysics-Integrated-Simulator-for-Tsunami/Simulators	코드	LLM판독	codex		자체코드
source_code/Multiscale-and-Multiphysics-Integrated-Simulator-for-Tsunami/Simulators/AGENT/Source code/read_signpost.f90	source_code/Multiscale-and-Multiphysics-Integrated-Simulator-for-Tsunami/Simulators	코드	LLM판독	codex		자체코드
source_code/Multiscale-and-Multiphysics-Integrated-Simulator-for-Tsunami/Simulators/AGENT/Source code/recursive_search_shelter.f90	source_code/Multiscale-and-Multiphysics-Integrated-Simulator-for-Tsunami/Simulators	코드	LLM판독	codex	Y	자체코드
source_code/Multiscale-and-Multiphysics-Integrated-Simulator-for-Tsunami/Simulators/AGENT/Source code/remesh.f90	source_code/Multiscale-and-Multiphysics-Integrated-Simulator-for-Tsunami/Simulators	코드	LLM판독	codex	Y	자체코드
source_code/Multiscale-and-Multiphysics-Integrated-Simulator-for-Tsunami/Simulators/AGENT/Source code/slope_function.f90	source_code/Multiscale-and-Multiphysics-Integrated-Simulator-for-Tsunami/Simulators	코드	LLM판독	codex	Y	자체코드
source_code/Multiscale-and-Multiphysics-Integrated-Simulator-for-Tsunami/Simulators/AGENT/Source code/solver.f90	source_code/Multiscale-and-Multiphysics-Integrated-Simulator-for-Tsunami/Simulators	코드	LLM판독	codex	Y	자체코드
source_code/Multiscale-and-Multiphysics-Integrated-Simulator-for-Tsunami/Simulators/AGENT/Source code/underwater_function.f90	source_code/Multiscale-and-Multiphysics-Integrated-Simulator-for-Tsunami/Simulators	코드	LLM판독	codex	Y	자체코드
source_code/Multiscale-and-Multiphysics-Integrated-Simulator-for-Tsunami/Simulators/AGENT/Source code/update_attribute.f90	source_code/Multiscale-and-Multiphysics-Integrated-Simulator-for-Tsunami/Simulators	코드	LLM판독	codex	Y	자체코드
source_code/Multiscale-and-Multiphysics-Integrated-Simulator-for-Tsunami/Simulators/AGENT/Source code/update_rw.f90	source_code/Multiscale-and-Multiphysics-Integrated-Simulator-for-Tsunami/Simulators	코드	LLM판독	codex		자체코드
source_code/Multiscale-and-Multiphysics-Integrated-Simulator-for-Tsunami/Simulators/AGENT/Tutorial/AGENT_Tutorial_English.pdf	source_code/Multiscale-and-Multiphysics-Integrated-Simulator-for-Tsunami/Simulators	문서	실패	mechanical		매뉴얼·문서
source_code/Multiscale-and-Multiphysics-Integrated-Simulator-for-Tsunami/Simulators/AGENT/Tutorial/AGENT_Tutorial_Japanese.pdf	source_code/Multiscale-and-Multiphysics-Integrated-Simulator-for-Tsunami/Simulators	문서	실패	mechanical		매뉴얼·문서
source_code/Multiscale-and-Multiphysics-Integrated-Simulator-for-Tsunami/Simulators/CADMAS-SURF-3D/Manual/CADMAS-SURF3D_Manual_Japanese.pdf	source_code/Multiscale-and-Multiphysics-Integrated-Simulator-for-Tsunami/Simulators	문서	실패	mechanical	Y	매뉴얼·문서
source_code/Multiscale-and-Multiphysics-Integrated-Simulator-for-Tsunami/Simulators/CADMAS-SURF-3D/Manual/CADMAS-SURF3D_Manural_English.pdf	source_code/Multiscale-and-Multiphysics-Integrated-Simulator-for-Tsunami/Simulators	문서	실패	mechanical	Y	매뉴얼·문서
source_code/Multiscale-and-Multiphysics-Integrated-Simulator-for-Tsunami/Simulators/CADMAS-SURF-3D/Manual/STOC-CADMAS_Manual_Japanese.pdf	source_code/Multiscale-and-Multiphysics-Integrated-Simulator-for-Tsunami/Simulators	문서	실패	mechanical	Y	매뉴얼·문서
source_code/Multiscale-and-Multiphysics-Integrated-Simulator-for-Tsunami/Simulators/CADMAS-SURF-3D/ReadMe.md	source_code/Multiscale-and-Multiphysics-Integrated-Simulator-for-Tsunami/Simulators	문서	LLM판독	grok	Y	매뉴얼·문서
source_code/Multiscale-and-Multiphysics-Integrated-Simulator-for-Tsunami/Simulators/CADMAS-SURF-3D/Source code/.DS_Store	source_code/Multiscale-and-Multiphysics-Integrated-Simulator-for-Tsunami/Simulators	기타(설정·입력·빌드)	실패	mechanical		빌드·설정·기타
source_code/Multiscale-and-Multiphysics-Integrated-Simulator-for-Tsunami/Simulators/CADMAS-SURF-3D/Source code/A11111.in	source_code/Multiscale-and-Multiphysics-Integrated-Simulator-for-Tsunami/Simulators	기타(설정·입력·빌드)	LLM판독	codex		빌드·설정·기타
source_code/Multiscale-and-Multiphysics-Integrated-Simulator-for-Tsunami/Simulators/CADMAS-SURF-3D/Source code/Makefile	source_code/Multiscale-and-Multiphysics-Integrated-Simulator-for-Tsunami/Simulators	기타(설정·입력·빌드)	LLM판독	codex		빌드·설정·기타
source_code/Multiscale-and-Multiphysics-Integrated-Simulator-for-Tsunami/Simulators/CADMAS-SURF-3D/Source code/VF_A0PRM.h	source_code/Multiscale-and-Multiphysics-Integrated-Simulator-for-Tsunami/Simulators	코드	LLM판독	codex	Y	자체코드
source_code/Multiscale-and-Multiphysics-Integrated-Simulator-for-Tsunami/Simulators/CADMAS-SURF-3D/Source code/VF_A0PRM_mpversion.h	source_code/Multiscale-and-Multiphysics-Integrated-Simulator-for-Tsunami/Simulators	코드	LLM판독	codex		자체코드
source_code/Multiscale-and-Multiphysics-Integrated-Simulator-for-Tsunami/Simulators/CADMAS-SURF-3D/Source code/VF_ACOMPI.h	source_code/Multiscale-and-Multiphysics-Integrated-Simulator-for-Tsunami/Simulators	코드	LLM판독	codex	Y	자체코드
source_code/Multiscale-and-Multiphysics-Integrated-Simulator-for-Tsunami/Simulators/CADMAS-SURF-3D/Source code/VF_ACOMPR.h	source_code/Multiscale-and-Multiphysics-Integrated-Simulator-for-Tsunami/Simulators	코드	LLM판독	codex	Y	자체코드
source_code/Multiscale-and-Multiphysics-Integrated-Simulator-for-Tsunami/Simulators/CADMAS-SURF-3D/Source code/VF_ACPUTR.h	source_code/Multiscale-and-Multiphysics-Integrated-Simulator-for-Tsunami/Simulators	코드	LLM판독	codex		자체코드
source_code/Multiscale-and-Multiphysics-Integrated-Simulator-for-Tsunami/Simulators/CADMAS-SURF-3D/Source code/VF_ADBGI.h	source_code/Multiscale-and-Multiphysics-Integrated-Simulator-for-Tsunami/Simulators	코드	LLM판독	codex		자체코드
source_code/Multiscale-and-Multiphysics-Integrated-Simulator-for-Tsunami/Simulators/CADMAS-SURF-3D/Source code/VF_ADBGR.h	source_code/Multiscale-and-Multiphysics-Integrated-Simulator-for-Tsunami/Simulators	코드	LLM판독	codex		자체코드
source_code/Multiscale-and-Multiphysics-Integrated-Simulator-for-Tsunami/Simulators/CADMAS-SURF-3D/Source code/VF_AFILEI.h	source_code/Multiscale-and-Multiphysics-Integrated-Simulator-for-Tsunami/Simulators	코드	LLM판독	codex		자체코드
source_code/Multiscale-and-Multiphysics-Integrated-Simulator-for-Tsunami/Simulators/CADMAS-SURF-3D/Source code/VF_AFILER.h	source_code/Multiscale-and-Multiphysics-Integrated-Simulator-for-Tsunami/Simulators	코드	LLM판독	codex		자체코드
source_code/Multiscale-and-Multiphysics-Integrated-Simulator-for-Tsunami/Simulators/CADMAS-SURF-3D/Source code/VF_ANUMBI.h	source_code/Multiscale-and-Multiphysics-Integrated-Simulator-for-Tsunami/Simulators	코드	LLM판독	codex		자체코드
source_code/Multiscale-and-Multiphysics-Integrated-Simulator-for-Tsunami/Simulators/CADMAS-SURF-3D/Source code/VF_APARAI.h	source_code/Multiscale-and-Multiphysics-Integrated-Simulator-for-Tsunami/Simulators	코드	LLM판독	codex	Y	자체코드
source_code/Multiscale-and-Multiphysics-Integrated-Simulator-for-Tsunami/Simulators/CADMAS-SURF-3D/Source code/VF_APARAR.h	source_code/Multiscale-and-Multiphysics-Integrated-Simulator-for-Tsunami/Simulators	코드	LLM판독	codex	Y	자체코드
source_code/Multiscale-and-Multiphysics-Integrated-Simulator-for-Tsunami/Simulators/CADMAS-SURF-3D/Source code/VF_APHYSI.h	source_code/Multiscale-and-Multiphysics-Integrated-Simulator-for-Tsunami/Simulators	코드	LLM판독	codex		자체코드
source_code/Multiscale-and-Multiphysics-Integrated-Simulator-for-Tsunami/Simulators/CADMAS-SURF-3D/Source code/VF_APHYSR.h	source_code/Multiscale-and-Multiphysics-Integrated-Simulator-for-Tsunami/Simulators	코드	LLM판독	codex	Y	자체코드
source_code/Multiscale-and-Multiphysics-Integrated-Simulator-for-Tsunami/Simulators/CADMAS-SURF-3D/Source code/VF_ASEABT.h	source_code/Multiscale-and-Multiphysics-Integrated-Simulator-for-Tsunami/Simulators	코드	LLM판독	codex		자체코드
source_code/Multiscale-and-Multiphysics-Integrated-Simulator-for-Tsunami/Simulators/CADMAS-SURF-3D/Source code/VF_ASTOCI.h	source_code/Multiscale-and-Multiphysics-Integrated-Simulator-for-Tsunami/Simulators	코드	LLM판독	codex	Y	자체코드
source_code/Multiscale-and-Multiphysics-Integrated-Simulator-for-Tsunami/Simulators/CADMAS-SURF-3D/Source code/VF_ASTOCR.h	source_code/Multiscale-and-Multiphysics-Integrated-Simulator-for-Tsunami/Simulators	코드	LLM판독	codex	Y	자체코드
source_code/Multiscale-and-Multiphysics-Integrated-Simulator-for-Tsunami/Simulators/CADMAS-SURF-3D/Source code/VF_ATIMEI.h	source_code/Multiscale-and-Multiphysics-Integrated-Simulator-for-Tsunami/Simulators	코드	LLM판독	codex		자체코드
source_code/Multiscale-and-Multiphysics-Integrated-Simulator-for-Tsunami/Simulators/CADMAS-SURF-3D/Source code/VF_ATIMER.h	source_code/Multiscale-and-Multiphysics-Integrated-Simulator-for-Tsunami/Simulators	코드	LLM판독	codex	Y	자체코드
source_code/Multiscale-and-Multiphysics-Integrated-Simulator-for-Tsunami/Simulators/CADMAS-SURF-3D/Source code/db_ini.f	source_code/Multiscale-and-Multiphysics-Integrated-Simulator-for-Tsunami/Simulators	코드	LLM판독	codex		자체코드
source_code/Multiscale-and-Multiphysics-Integrated-Simulator-for-Tsunami/Simulators/CADMAS-SURF-3D/Source code/db_trn.f	source_code/Multiscale-and-Multiphysics-Integrated-Simulator-for-Tsunami/Simulators	코드	LLM판독	codex		자체코드
source_code/Multiscale-and-Multiphysics-Integrated-Simulator-for-Tsunami/Simulators/CADMAS-SURF-3D/Source code/dummy.f90	source_code/Multiscale-and-Multiphysics-Integrated-Simulator-for-Tsunami/Simulators	코드	LLM판독	codex	Y	자체코드
source_code/Multiscale-and-Multiphysics-Integrated-Simulator-for-Tsunami/Simulators/CADMAS-SURF-3D/Source code/mod_apara.f	source_code/Multiscale-and-Multiphysics-Integrated-Simulator-for-Tsunami/Simulators	코드	LLM판독	codex		자체코드
source_code/Multiscale-and-Multiphysics-Integrated-Simulator-for-Tsunami/Simulators/CADMAS-SURF-3D/Source code/mod_comm.f90	source_code/Multiscale-and-Multiphysics-Integrated-Simulator-for-Tsunami/Simulators	코드	LLM판독	codex	Y	자체코드
source_code/Multiscale-and-Multiphysics-Integrated-Simulator-for-Tsunami/Simulators/CADMAS-SURF-3D/Source code/mod_fault.f	source_code/Multiscale-and-Multiphysics-Integrated-Simulator-for-Tsunami/Simulators	코드	LLM판독	codex	Y	자체코드
source_code/Multiscale-and-Multiphysics-Integrated-Simulator-for-Tsunami/Simulators/CADMAS-SURF-3D/Source code/vf_a1main.f	source_code/Multiscale-and-Multiphysics-Integrated-Simulator-for-Tsunami/Simulators	코드	LLM판독	codex	Y	자체코드
source_code/Multiscale-and-Multiphysics-Integrated-Simulator-for-Tsunami/Simulators/CADMAS-SURF-3D/Source code/vf_a2clos.f	source_code/Multiscale-and-Multiphysics-Integrated-Simulator-for-Tsunami/Simulators	코드	LLM판독	codex		자체코드
source_code/Multiscale-and-Multiphysics-Integrated-Simulator-for-Tsunami/Simulators/CADMAS-SURF-3D/Source code/vf_a2cput.f	source_code/Multiscale-and-Multiphysics-Integrated-Simulator-for-Tsunami/Simulators	코드	LLM판독	codex		자체코드
source_code/Multiscale-and-Multiphysics-Integrated-Simulator-for-Tsunami/Simulators/CADMAS-SURF-3D/Source code/vf_a2dflt.f	source_code/Multiscale-and-Multiphysics-Integrated-Simulator-for-Tsunami/Simulators	코드	LLM판독	codex	Y	자체코드
source_code/Multiscale-and-Multiphysics-Integrated-Simulator-for-Tsunami/Simulators/CADMAS-SURF-3D/Source code/vf_a2err.f	source_code/Multiscale-and-Multiphysics-Integrated-Simulator-for-Tsunami/Simulators	코드	LLM판독	codex		자체코드
source_code/Multiscale-and-Multiphysics-Integrated-Simulator-for-Tsunami/Simulators/CADMAS-SURF-3D/Source code/vf_bspp.f	source_code/Multiscale-and-Multiphysics-Integrated-Simulator-for-Tsunami/Simulators	코드	LLM판독	codex		자체코드
source_code/Multiscale-and-Multiphysics-Integrated-Simulator-for-Tsunami/Simulators/CADMAS-SURF-3D/Source code/vf_bsppfl.f	source_code/Multiscale-and-Multiphysics-Integrated-Simulator-for-Tsunami/Simulators	코드	LLM판독	codex		자체코드
source_code/Multiscale-and-Multiphysics-Integrated-Simulator-for-Tsunami/Simulators/CADMAS-SURF-3D/Source code/vf_bsss.f	source_code/Multiscale-and-Multiphysics-Integrated-Simulator-for-Tsunami/Simulators	코드	LLM판독	codex		자체코드
source_code/Multiscale-and-Multiphysics-Integrated-Simulator-for-Tsunami/Simulators/CADMAS-SURF-3D/Source code/vf_bsuwem.f	source_code/Multiscale-and-Multiphysics-Integrated-Simulator-for-Tsunami/Simulators	코드	LLM판독	codex	Y	자체코드
source_code/Multiscale-and-Multiphysics-Integrated-Simulator-for-Tsunami/Simulators/CADMAS-SURF-3D/Source code/vf_bsuwn.f	source_code/Multiscale-and-Multiphysics-Integrated-Simulator-for-Tsunami/Simulators	코드	LLM판독	codex	Y	자체코드
source_code/Multiscale-and-Multiphysics-Integrated-Simulator-for-Tsunami/Simulators/CADMAS-SURF-3D/Source code/vf_bsuwn3.f	source_code/Multiscale-and-Multiphysics-Integrated-Simulator-for-Tsunami/Simulators	코드	LLM판독	codex	Y	자체코드
source_code/Multiscale-and-Multiphysics-Integrated-Simulator-for-Tsunami/Simulators/CADMAS-SURF-3D/Source code/vf_bsuwt.f	source_code/Multiscale-and-Multiphysics-Integrated-Simulator-for-Tsunami/Simulators	코드	LLM판독	codex	Y	자체코드
source_code/Multiscale-and-Multiphysics-Integrated-Simulator-for-Tsunami/Simulators/CADMAS-SURF-3D/Source code/vf_bsuwt2.f	source_code/Multiscale-and-Multiphysics-Integrated-Simulator-for-Tsunami/Simulators	코드	LLM판독	codex	Y	자체코드
source_code/Multiscale-and-Multiphysics-Integrated-Simulator-for-Tsunami/Simulators/CADMAS-SURF-3D/Source code/vf_bwff.f	source_code/Multiscale-and-Multiphysics-Integrated-Simulator-for-Tsunami/Simulators	코드	LLM판독	codex		자체코드
source_code/Multiscale-and-Multiphysics-Integrated-Simulator-for-Tsunami/Simulators/CADMAS-SURF-3D/Source code/vf_bwffsf.f	source_code/Multiscale-and-Multiphysics-Integrated-Simulator-for-Tsunami/Simulators	코드	LLM판독	codex		자체코드
source_code/Multiscale-and-Multiphysics-Integrated-Simulator-for-Tsunami/Simulators/CADMAS-SURF-3D/Source code/vf_bwke.f	source_code/Multiscale-and-Multiphysics-Integrated-Simulator-for-Tsunami/Simulators	코드	LLM판독	codex		자체코드
source_code/Multiscale-and-Multiphysics-Integrated-Simulator-for-Tsunami/Simulators/CADMAS-SURF-3D/Source code/vf_bwkelg.f	source_code/Multiscale-and-Multiphysics-Integrated-Simulator-for-Tsunami/Simulators	코드	LLM판독	codex		자체코드
source_code/Multiscale-and-Multiphysics-Integrated-Simulator-for-Tsunami/Simulators/CADMAS-SURF-3D/Source code/vf_bwpp.f	source_code/Multiscale-and-Multiphysics-Integrated-Simulator-for-Tsunami/Simulators	코드	LLM판독	codex		자체코드
source_code/Multiscale-and-Multiphysics-Integrated-Simulator-for-Tsunami/Simulators/CADMAS-SURF-3D/Source code/vf_bwss.f	source_code/Multiscale-and-Multiphysics-Integrated-Simulator-for-Tsunami/Simulators	코드	LLM판독	codex		자체코드
source_code/Multiscale-and-Multiphysics-Integrated-Simulator-for-Tsunami/Simulators/CADMAS-SURF-3D/Source code/vf_bwuwn.f	source_code/Multiscale-and-Multiphysics-Integrated-Simulator-for-Tsunami/Simulators	코드	LLM판독	codex	Y	자체코드
source_code/Multiscale-and-Multiphysics-Integrated-Simulator-for-Tsunami/Simulators/CADMAS-SURF-3D/Source code/vf_bwuwt.f	source_code/Multiscale-and-Multiphysics-Integrated-Simulator-for-Tsunami/Simulators	코드	LLM판독	codex	Y	자체코드
source_code/Multiscale-and-Multiphysics-Integrated-Simulator-for-Tsunami/Simulators/CADMAS-SURF-3D/Source code/vf_careap.f	source_code/Multiscale-and-Multiphysics-Integrated-Simulator-for-Tsunami/Simulators	코드	LLM판독	codex	Y	자체코드
source_code/Multiscale-and-Multiphysics-Integrated-Simulator-for-Tsunami/Simulators/CADMAS-SURF-3D/Source code/vf_cdd00.f	source_code/Multiscale-and-Multiphysics-Integrated-Simulator-for-Tsunami/Simulators	코드	LLM판독	codex	Y	자체코드
source_code/Multiscale-and-Multiphysics-Integrated-Simulator-for-Tsunami/Simulators/CADMAS-SURF-3D/Source code/vf_cdiv00.f	source_code/Multiscale-and-Multiphysics-Integrated-Simulator-for-Tsunami/Simulators	코드	LLM판독	codex	Y	자체코드
source_code/Multiscale-and-Multiphysics-Integrated-Simulator-for-Tsunami/Simulators/CADMAS-SURF-3D/Source code/vf_cdtcal.f	source_code/Multiscale-and-Multiphysics-Integrated-Simulator-for-Tsunami/Simulators	코드	LLM판독	codex	Y	자체코드
source_code/Multiscale-and-Multiphysics-Integrated-Simulator-for-Tsunami/Simulators/CADMAS-SURF-3D/Source code/vf_cforce.f	source_code/Multiscale-and-Multiphysics-Integrated-Simulator-for-Tsunami/Simulators	코드	LLM판독	codex	Y	자체코드
source_code/Multiscale-and-Multiphysics-Integrated-Simulator-for-Tsunami/Simulators/CADMAS-SURF-3D/Source code/vf_cggv.f	source_code/Multiscale-and-Multiphysics-Integrated-Simulator-for-Tsunami/Simulators	코드	LLM판독	codex		자체코드
source_code/Multiscale-and-Multiphysics-Integrated-Simulator-for-Tsunami/Simulators/CADMAS-SURF-3D/Source code/vf_cggxyz.f	source_code/Multiscale-and-Multiphysics-Integrated-Simulator-for-Tsunami/Simulators	코드	LLM판독	codex		자체코드
source_code/Multiscale-and-Multiphysics-Integrated-Simulator-for-Tsunami/Simulators/CADMAS-SURF-3D/Source code/vf_cglv.f	source_code/Multiscale-and-Multiphysics-Integrated-Simulator-for-Tsunami/Simulators	코드	LLM판독	codex	Y	자체코드
source_code/Multiscale-and-Multiphysics-Integrated-Simulator-for-Tsunami/Simulators/CADMAS-SURF-3D/Source code/vf_cglxyz.f	source_code/Multiscale-and-Multiphysics-Integrated-Simulator-for-Tsunami/Simulators	코드	LLM판독	codex	Y	자체코드
source_code/Multiscale-and-Multiphysics-Integrated-Simulator-for-Tsunami/Simulators/CADMAS-SURF-3D/Source code/vf_cgrid.f	source_code/Multiscale-and-Multiphysics-Integrated-Simulator-for-Tsunami/Simulators	코드	LLM판독	codex		자체코드
source_code/Multiscale-and-Multiphysics-Integrated-Simulator-for-Tsunami/Simulators/CADMAS-SURF-3D/Source code/vf_cindb.f	source_code/Multiscale-and-Multiphysics-Integrated-Simulator-for-Tsunami/Simulators	코드	LLM판독	codex		자체코드
source_code/Multiscale-and-Multiphysics-Integrated-Simulator-for-Tsunami/Simulators/CADMAS-SURF-3D/Source code/vf_cindc.f	source_code/Multiscale-and-Multiphysics-Integrated-Simulator-for-Tsunami/Simulators	코드	LLM판독	codex		자체코드
source_code/Multiscale-and-Multiphysics-Integrated-Simulator-for-Tsunami/Simulators/CADMAS-SURF-3D/Source code/vf_cindx.f	source_code/Multiscale-and-Multiphysics-Integrated-Simulator-for-Tsunami/Simulators	코드	LLM판독	codex		자체코드
source_code/Multiscale-and-Multiphysics-Integrated-Simulator-for-Tsunami/Simulators/CADMAS-SURF-3D/Source code/vf_cinit.f	source_code/Multiscale-and-Multiphysics-Integrated-Simulator-for-Tsunami/Simulators	코드	LLM판독	codex		자체코드
source_code/Multiscale-and-Multiphysics-Integrated-Simulator-for-Tsunami/Simulators/CADMAS-SURF-3D/Source code/vf_clm00.f	source_code/Multiscale-and-Multiphysics-Integrated-Simulator-for-Tsunami/Simulators	코드	LLM판독	codex	Y	자체코드
source_code/Multiscale-and-Multiphysics-Integrated-Simulator-for-Tsunami/Simulators/CADMAS-SURF-3D/Source code/vf_clogks.f	source_code/Multiscale-and-Multiphysics-Integrated-Simulator-for-Tsunami/Simulators	코드	LLM판독	codex	Y	자체코드
source_code/Multiscale-and-Multiphysics-Integrated-Simulator-for-Tsunami/Simulators/CADMAS-SURF-3D/Source code/vf_cloglw.f	source_code/Multiscale-and-Multiphysics-Integrated-Simulator-for-Tsunami/Simulators	코드	LLM판독	codex	Y	자체코드
source_code/Multiscale-and-Multiphysics-Integrated-Simulator-for-Tsunami/Simulators/CADMAS-SURF-3D/Source code/vf_cnfdfl.f	source_code/Multiscale-and-Multiphysics-Integrated-Simulator-for-Tsunami/Simulators	코드	LLM판독	codex		자체코드
source_code/Multiscale-and-Multiphysics-Integrated-Simulator-for-Tsunami/Simulators/CADMAS-SURF-3D/Source code/vf_cnu00.f	source_code/Multiscale-and-Multiphysics-Integrated-Simulator-for-Tsunami/Simulators	코드	LLM판독	codex	Y	자체코드
source_code/Multiscale-and-Multiphysics-Integrated-Simulator-for-Tsunami/Simulators/CADMAS-SURF-3D/Source code/vf_cnut0.f	source_code/Multiscale-and-Multiphysics-Integrated-Simulator-for-Tsunami/Simulators	코드	LLM판독	codex	Y	자체코드
source_code/Multiscale-and-Multiphysics-Integrated-Simulator-for-Tsunami/Simulators/CADMAS-SURF-3D/Source code/vf_comak0.f	source_code/Multiscale-and-Multiphysics-Integrated-Simulator-for-Tsunami/Simulators	코드	LLM판독	codex	Y	자체코드
source_code/Multiscale-and-Multiphysics-Integrated-Simulator-for-Tsunami/Simulators/CADMAS-SURF-3D/Source code/vf_cpara.f	source_code/Multiscale-and-Multiphysics-Integrated-Simulator-for-Tsunami/Simulators	코드	LLM판독	codex		자체코드
source_code/Multiscale-and-Multiphysics-Integrated-Simulator-for-Tsunami/Simulators/CADMAS-SURF-3D/Source code/vf_croot2.f	source_code/Multiscale-and-Multiphysics-Integrated-Simulator-for-Tsunami/Simulators	코드	LLM판독	codex		자체코드
source_code/Multiscale-and-Multiphysics-Integrated-Simulator-for-Tsunami/Simulators/CADMAS-SURF-3D/Source code/vf_croot3.f	source_code/Multiscale-and-Multiphysics-Integrated-Simulator-for-Tsunami/Simulators	코드	LLM판독	codex		자체코드
source_code/Multiscale-and-Multiphysics-Integrated-Simulator-for-Tsunami/Simulators/CADMAS-SURF-3D/Source code/vf_csetup.f	source_code/Multiscale-and-Multiphysics-Integrated-Simulator-for-Tsunami/Simulators	코드	LLM판독	codex		자체코드
source_code/Multiscale-and-Multiphysics-Integrated-Simulator-for-Tsunami/Simulators/CADMAS-SURF-3D/Source code/vf_cvort.f	source_code/Multiscale-and-Multiphysics-Integrated-Simulator-for-Tsunami/Simulators	코드	LLM판독	codex	Y	자체코드
source_code/Multiscale-and-Multiphysics-Integrated-Simulator-for-Tsunami/Simulators/CADMAS-SURF-3D/Source code/vf_cwlvl.f	source_code/Multiscale-and-Multiphysics-Integrated-Simulator-for-Tsunami/Simulators	코드	LLM판독	codex	Y	자체코드
source_code/Multiscale-and-Multiphysics-Integrated-Simulator-for-Tsunami/Simulators/CADMAS-SURF-3D/Source code/vf_cwmak0.f	source_code/Multiscale-and-Multiphysics-Integrated-Simulator-for-Tsunami/Simulators	코드	LLM판독	codex	Y	자체코드
source_code/Multiscale-and-Multiphysics-Integrated-Simulator-for-Tsunami/Simulators/CADMAS-SURF-3D/Source code/vf_cwmak1.f	source_code/Multiscale-and-Multiphysics-Integrated-Simulator-for-Tsunami/Simulators	코드	LLM판독	codex		자체코드
source_code/Multiscale-and-Multiphysics-Integrated-Simulator-for-Tsunami/Simulators/CADMAS-SURF-3D/Source code/vf_cwmak2.f	source_code/Multiscale-and-Multiphysics-Integrated-Simulator-for-Tsunami/Simulators	코드	LLM판독	codex		자체코드
source_code/Multiscale-and-Multiphysics-Integrated-Simulator-for-Tsunami/Simulators/CADMAS-SURF-3D/Source code/vf_cwmsrc.f	source_code/Multiscale-and-Multiphysics-Integrated-Simulator-for-Tsunami/Simulators	코드	LLM판독	codex	Y	자체코드
source_code/Multiscale-and-Multiphysics-Integrated-Simulator-for-Tsunami/Simulators/CADMAS-SURF-3D/Source code/vf_cwmtb1.f	source_code/Multiscale-and-Multiphysics-Integrated-Simulator-for-Tsunami/Simulators	코드	LLM판독	codex	Y	자체코드
source_code/Multiscale-and-Multiphysics-Integrated-Simulator-for-Tsunami/Simulators/CADMAS-SURF-3D/Source code/vf_cwmtb12.f	source_code/Multiscale-and-Multiphysics-Integrated-Simulator-for-Tsunami/Simulators	코드	LLM판독	codex		자체코드
source_code/Multiscale-and-Multiphysics-Integrated-Simulator-for-Tsunami/Simulators/CADMAS-SURF-3D/Source code/vf_cwmtb2.f	source_code/Multiscale-and-Multiphysics-Integrated-Simulator-for-Tsunami/Simulators	코드	LLM판독	codex	Y	자체코드
source_code/Multiscale-and-Multiphysics-Integrated-Simulator-for-Tsunami/Simulators/CADMAS-SURF-3D/Source code/vf_cwmtb22.f	source_code/Multiscale-and-Multiphysics-Integrated-Simulator-for-Tsunami/Simulators	코드	LLM판독	codex		자체코드
source_code/Multiscale-and-Multiphysics-Integrated-Simulator-for-Tsunami/Simulators/CADMAS-SURF-3D/Source code/vf_cwzero.f	source_code/Multiscale-and-Multiphysics-Integrated-Simulator-for-Tsunami/Simulators	코드	LLM판독	codex		자체코드
source_code/Multiscale-and-Multiphysics-Integrated-Simulator-for-Tsunami/Simulators/CADMAS-SURF-3D/Source code/vf_f1cal.f	source_code/Multiscale-and-Multiphysics-Integrated-Simulator-for-Tsunami/Simulators	코드	LLM판독	codex	Y	자체코드
source_code/Multiscale-and-Multiphysics-Integrated-Simulator-for-Tsunami/Simulators/CADMAS-SURF-3D/Source code/vf_faulti.f	source_code/Multiscale-and-Multiphysics-Integrated-Simulator-for-Tsunami/Simulators	코드	LLM판독	codex	Y	자체코드
source_code/Multiscale-and-Multiphysics-Integrated-Simulator-for-Tsunami/Simulators/CADMAS-SURF-3D/Source code/vf_faultt.f	source_code/Multiscale-and-Multiphysics-Integrated-Simulator-for-Tsunami/Simulators	코드	LLM판독	codex	Y	자체코드
source_code/Multiscale-and-Multiphysics-Integrated-Simulator-for-Tsunami/Simulators/CADMAS-SURF-3D/Source code/vf_fbubup.f	source_code/Multiscale-and-Multiphysics-Integrated-Simulator-for-Tsunami/Simulators	코드	LLM판독	codex	Y	자체코드
source_code/Multiscale-and-Multiphysics-Integrated-Simulator-for-Tsunami/Simulators/CADMAS-SURF-3D/Source code/vf_fconv.f	source_code/Multiscale-and-Multiphysics-Integrated-Simulator-for-Tsunami/Simulators	코드	LLM판독	codex	Y	자체코드
source_code/Multiscale-and-Multiphysics-Integrated-Simulator-for-Tsunami/Simulators/CADMAS-SURF-3D/Source code/vf_fconvs.f	source_code/Multiscale-and-Multiphysics-Integrated-Simulator-for-Tsunami/Simulators	코드	LLM판독	codex	Y	자체코드
source_code/Multiscale-and-Multiphysics-Integrated-Simulator-for-Tsunami/Simulators/CADMAS-SURF-3D/Source code/vf_fcut01.f	source_code/Multiscale-and-Multiphysics-Integrated-Simulator-for-Tsunami/Simulators	코드	LLM판독	codex	Y	자체코드
source_code/Multiscale-and-Multiphysics-Integrated-Simulator-for-Tsunami/Simulators/CADMAS-SURF-3D/Source code/vf_fdropf.f	source_code/Multiscale-and-Multiphysics-Integrated-Simulator-for-Tsunami/Simulators	코드	LLM판독	codex	Y	자체코드
source_code/Multiscale-and-Multiphysics-Integrated-Simulator-for-Tsunami/Simulators/CADMAS-SURF-3D/Source code/vf_feuler.f	source_code/Multiscale-and-Multiphysics-Integrated-Simulator-for-Tsunami/Simulators	코드	LLM판독	codex	Y	자체코드
source_code/Multiscale-and-Multiphysics-Integrated-Simulator-for-Tsunami/Simulators/CADMAS-SURF-3D/Source code/vf_fgene.f	source_code/Multiscale-and-Multiphysics-Integrated-Simulator-for-Tsunami/Simulators	코드	LLM판독	codex	Y	자체코드
source_code/Multiscale-and-Multiphysics-Integrated-Simulator-for-Tsunami/Simulators/CADMAS-SURF-3D/Source code/vf_fmod1.f	source_code/Multiscale-and-Multiphysics-Integrated-Simulator-for-Tsunami/Simulators	코드	LLM판독	codex	Y	자체코드
source_code/Multiscale-and-Multiphysics-Integrated-Simulator-for-Tsunami/Simulators/CADMAS-SURF-3D/Source code/vf_fnfini.f	source_code/Multiscale-and-Multiphysics-Integrated-Simulator-for-Tsunami/Simulators	코드	LLM판독	codex	Y	자체코드
source_code/Multiscale-and-Multiphysics-Integrated-Simulator-for-Tsunami/Simulators/CADMAS-SURF-3D/Source code/vf_fnfprv.f	source_code/Multiscale-and-Multiphysics-Integrated-Simulator-for-Tsunami/Simulators	코드	LLM판독	codex	Y	자체코드
source_code/Multiscale-and-Multiphysics-Integrated-Simulator-for-Tsunami/Simulators/CADMAS-SURF-3D/Source code/vf_fpvcip.f	source_code/Multiscale-and-Multiphysics-Integrated-Simulator-for-Tsunami/Simulators	코드	LLM판독	codex	Y	자체코드
source_code/Multiscale-and-Multiphysics-Integrated-Simulator-for-Tsunami/Simulators/CADMAS-SURF-3D/Source code/vf_fpvcpp.f	source_code/Multiscale-and-Multiphysics-Integrated-Simulator-for-Tsunami/Simulators	코드	LLM판독	codex	Y	자체코드
source_code/Multiscale-and-Multiphysics-Integrated-Simulator-for-Tsunami/Simulators/CADMAS-SURF-3D/Source code/vf_fseabt.f	source_code/Multiscale-and-Multiphysics-Integrated-Simulator-for-Tsunami/Simulators	코드	LLM판독	codex	Y	자체코드
source_code/Multiscale-and-Multiphysics-Integrated-Simulator-for-Tsunami/Simulators/CADMAS-SURF-3D/Source code/vf_fslp2a.f	source_code/Multiscale-and-Multiphysics-Integrated-Simulator-for-Tsunami/Simulators	코드	LLM판독	codex		자체코드
source_code/Multiscale-and-Multiphysics-Integrated-Simulator-for-Tsunami/Simulators/CADMAS-SURF-3D/Source code/vf_fslp2f.f	source_code/Multiscale-and-Multiphysics-Integrated-Simulator-for-Tsunami/Simulators	코드	LLM판독	codex		자체코드
source_code/Multiscale-and-Multiphysics-Integrated-Simulator-for-Tsunami/Simulators/CADMAS-SURF-3D/Source code/vf_fslp3a.f	source_code/Multiscale-and-Multiphysics-Integrated-Simulator-for-Tsunami/Simulators	코드	LLM판독	codex		자체코드
source_code/Multiscale-and-Multiphysics-Integrated-Simulator-for-Tsunami/Simulators/CADMAS-SURF-3D/Source code/vf_fslp3f.f	source_code/Multiscale-and-Multiphysics-Integrated-Simulator-for-Tsunami/Simulators	코드	LLM판독	codex		자체코드
source_code/Multiscale-and-Multiphysics-Integrated-Simulator-for-Tsunami/Simulators/CADMAS-SURF-3D/Source code/vf_hsort.f	source_code/Multiscale-and-Multiphysics-Integrated-Simulator-for-Tsunami/Simulators	코드	LLM판독	codex		자체코드
source_code/Multiscale-and-Multiphysics-Integrated-Simulator-for-Tsunami/Simulators/CADMAS-SURF-3D/Source code/vf_ii1inp.f	source_code/Multiscale-and-Multiphysics-Integrated-Simulator-for-Tsunami/Simulators	코드	LLM판독	codex	Y	자체코드
source_code/Multiscale-and-Multiphysics-Integrated-Simulator-for-Tsunami/Simulators/CADMAS-SURF-3D/Source code/vf_iiboun.f	source_code/Multiscale-and-Multiphysics-Integrated-Simulator-for-Tsunami/Simulators	코드	LLM판독	codex		자체코드
source_code/Multiscale-and-Multiphysics-Integrated-Simulator-for-Tsunami/Simulators/CADMAS-SURF-3D/Source code/vf_iicomp.f	source_code/Multiscale-and-Multiphysics-Integrated-Simulator-for-Tsunami/Simulators	코드	LLM판독	codex		자체코드
source_code/Multiscale-and-Multiphysics-Integrated-Simulator-for-Tsunami/Simulators/CADMAS-SURF-3D/Source code/vf_iidbg.f	source_code/Multiscale-and-Multiphysics-Integrated-Simulator-for-Tsunami/Simulators	코드	LLM판독	codex		자체코드
source_code/Multiscale-and-Multiphysics-Integrated-Simulator-for-Tsunami/Simulators/CADMAS-SURF-3D/Source code/vf_iiequa.f	source_code/Multiscale-and-Multiphysics-Integrated-Simulator-for-Tsunami/Simulators	코드	LLM판독	codex		자체코드
source_code/Multiscale-and-Multiphysics-Integrated-Simulator-for-Tsunami/Simulators/CADMAS-SURF-3D/Source code/vf_iifile.f	source_code/Multiscale-and-Multiphysics-Integrated-Simulator-for-Tsunami/Simulators	코드	LLM판독	codex	Y	자체코드
source_code/Multiscale-and-Multiphysics-Integrated-Simulator-for-Tsunami/Simulators/CADMAS-SURF-3D/Source code/vf_iigrid.f	source_code/Multiscale-and-Multiphysics-Integrated-Simulator-for-Tsunami/Simulators	코드	LLM판독	codex		자체코드
source_code/Multiscale-and-Multiphysics-Integrated-Simulator-for-Tsunami/Simulators/CADMAS-SURF-3D/Source code/vf_iimate.f	source_code/Multiscale-and-Multiphysics-Integrated-Simulator-for-Tsunami/Simulators	코드	LLM판독	codex	Y	자체코드
source_code/Multiscale-and-Multiphysics-Integrated-Simulator-for-Tsunami/Simulators/CADMAS-SURF-3D/Source code/vf_iimdl.f	source_code/Multiscale-and-Multiphysics-Integrated-Simulator-for-Tsunami/Simulators	코드	LLM판독	codex	Y	자체코드
source_code/Multiscale-and-Multiphysics-Integrated-Simulator-for-Tsunami/Simulators/CADMAS-SURF-3D/Source code/vf_iiobst.f	source_code/Multiscale-and-Multiphysics-Integrated-Simulator-for-Tsunami/Simulators	코드	LLM판독	codex		자체코드
source_code/Multiscale-and-Multiphysics-Integrated-Simulator-for-Tsunami/Simulators/CADMAS-SURF-3D/Source code/vf_iiopt.f	source_code/Multiscale-and-Multiphysics-Integrated-Simulator-for-Tsunami/Simulators	코드	LLM판독	codex	Y	자체코드
source_code/Multiscale-and-Multiphysics-Integrated-Simulator-for-Tsunami/Simulators/CADMAS-SURF-3D/Source code/vf_iipara.f	source_code/Multiscale-and-Multiphysics-Integrated-Simulator-for-Tsunami/Simulators	코드	LLM판독	codex		자체코드
source_code/Multiscale-and-Multiphysics-Integrated-Simulator-for-Tsunami/Simulators/CADMAS-SURF-3D/Source code/vf_iiporo.f	source_code/Multiscale-and-Multiphysics-Integrated-Simulator-for-Tsunami/Simulators	코드	LLM판독	codex	Y	자체코드
source_code/Multiscale-and-Multiphysics-Integrated-Simulator-for-Tsunami/Simulators/CADMAS-SURF-3D/Source code/vf_iitime.f	source_code/Multiscale-and-Multiphysics-Integrated-Simulator-for-Tsunami/Simulators	코드	LLM판독	codex		자체코드
source_code/Multiscale-and-Multiphysics-Integrated-Simulator-for-Tsunami/Simulators/CADMAS-SURF-3D/Source code/vf_im1inp.f	source_code/Multiscale-and-Multiphysics-Integrated-Simulator-for-Tsunami/Simulators	코드	LLM판독	codex		자체코드
source_code/Multiscale-and-Multiphysics-Integrated-Simulator-for-Tsunami/Simulators/CADMAS-SURF-3D/Source code/vf_im2inp.f	source_code/Multiscale-and-Multiphysics-Integrated-Simulator-for-Tsunami/Simulators	코드	LLM판독	codex		자체코드
source_code/Multiscale-and-Multiphysics-Integrated-Simulator-for-Tsunami/Simulators/CADMAS-SURF-3D/Source code/vf_ip1inp.f	source_code/Multiscale-and-Multiphysics-Integrated-Simulator-for-Tsunami/Simulators	코드	LLM판독	codex		자체코드
source_code/Multiscale-and-Multiphysics-Integrated-Simulator-for-Tsunami/Simulators/CADMAS-SURF-3D/Source code/vf_ir1inp.f	source_code/Multiscale-and-Multiphysics-Integrated-Simulator-for-Tsunami/Simulators	코드	LLM판독	codex		자체코드
source_code/Multiscale-and-Multiphysics-Integrated-Simulator-for-Tsunami/Simulators/CADMAS-SURF-3D/Source code/vf_k1cal.f	source_code/Multiscale-and-Multiphysics-Integrated-Simulator-for-Tsunami/Simulators	코드	LLM판독	codex	Y	자체코드
source_code/Multiscale-and-Multiphysics-Integrated-Simulator-for-Tsunami/Simulators/CADMAS-SURF-3D/Source code/vf_kgene.f	source_code/Multiscale-and-Multiphysics-Integrated-Simulator-for-Tsunami/Simulators	코드	LLM판독	codex	Y	자체코드
source_code/Multiscale-and-Multiphysics-Integrated-Simulator-for-Tsunami/Simulators/CADMAS-SURF-3D/Source code/vf_m1bcgs.f	source_code/Multiscale-and-Multiphysics-Integrated-Simulator-for-Tsunami/Simulators	코드	LLM판독	codex	Y	자체코드
source_code/Multiscale-and-Multiphysics-Integrated-Simulator-for-Tsunami/Simulators/CADMAS-SURF-3D/Source code/vf_mzax.f	source_code/Multiscale-and-Multiphysics-Integrated-Simulator-for-Tsunami/Simulators	코드	LLM판독	codex		자체코드
source_code/Multiscale-and-Multiphysics-Integrated-Simulator-for-Tsunami/Simulators/CADMAS-SURF-3D/Source code/vf_mzbkwd.f	source_code/Multiscale-and-Multiphysics-Integrated-Simulator-for-Tsunami/Simulators	코드	LLM판독	codex		자체코드
source_code/Multiscale-and-Multiphysics-Integrated-Simulator-for-Tsunami/Simulators/CADMAS-SURF-3D/Source code/vf_mzdcmp.f	source_code/Multiscale-and-Multiphysics-Integrated-Simulator-for-Tsunami/Simulators	코드	LLM판독	codex		자체코드
source_code/Multiscale-and-Multiphysics-Integrated-Simulator-for-Tsunami/Simulators/CADMAS-SURF-3D/Source code/vf_mzfrwd.f	source_code/Multiscale-and-Multiphysics-Integrated-Simulator-for-Tsunami/Simulators	코드	LLM판독	codex		자체코드
source_code/Multiscale-and-Multiphysics-Integrated-Simulator-for-Tsunami/Simulators/CADMAS-SURF-3D/Source code/vf_mzip.f	source_code/Multiscale-and-Multiphysics-Integrated-Simulator-for-Tsunami/Simulators	코드	LLM판독	codex		자체코드
source_code/Multiscale-and-Multiphysics-Integrated-Simulator-for-Tsunami/Simulators/CADMAS-SURF-3D/Source code/vf_mzminv.f	source_code/Multiscale-and-Multiphysics-Integrated-Simulator-for-Tsunami/Simulators	코드	LLM판독	codex		자체코드
source_code/Multiscale-and-Multiphysics-Integrated-Simulator-for-Tsunami/Simulators/CADMAS-SURF-3D/Source code/vf_og1ini.f	source_code/Multiscale-and-Multiphysics-Integrated-Simulator-for-Tsunami/Simulators	코드	LLM판독	codex		자체코드
source_code/Multiscale-and-Multiphysics-Integrated-Simulator-for-Tsunami/Simulators/CADMAS-SURF-3D/Source code/vf_og1trn.f	source_code/Multiscale-and-Multiphysics-Integrated-Simulator-for-Tsunami/Simulators	코드	LLM판독	codex		자체코드
source_code/Multiscale-and-Multiphysics-Integrated-Simulator-for-Tsunami/Simulators/CADMAS-SURF-3D/Source code/vf_ogbcin.f	source_code/Multiscale-and-Multiphysics-Integrated-Simulator-for-Tsunami/Simulators	코드	LLM판독	codex		자체코드
source_code/Multiscale-and-Multiphysics-Integrated-Simulator-for-Tsunami/Simulators/CADMAS-SURF-3D/Source code/vf_ogbcnm.f	source_code/Multiscale-and-Multiphysics-Integrated-Simulator-for-Tsunami/Simulators	코드	LLM판독	codex		자체코드
source_code/Multiscale-and-Multiphysics-Integrated-Simulator-for-Tsunami/Simulators/CADMAS-SURF-3D/Source code/vf_ogbcvl.f	source_code/Multiscale-and-Multiphysics-Integrated-Simulator-for-Tsunami/Simulators	코드	LLM판독	codex		자체코드
source_code/Multiscale-and-Multiphysics-Integrated-Simulator-for-Tsunami/Simulators/CADMAS-SURF-3D/Source code/vf_ol1ini.f	source_code/Multiscale-and-Multiphysics-Integrated-Simulator-for-Tsunami/Simulators	코드	LLM판독	codex	Y	자체코드
source_code/Multiscale-and-Multiphysics-Integrated-Simulator-for-Tsunami/Simulators/CADMAS-SURF-3D/Source code/vf_ol1trn.f	source_code/Multiscale-and-Multiphysics-Integrated-Simulator-for-Tsunami/Simulators	코드	LLM판독	codex		자체코드
source_code/Multiscale-and-Multiphysics-Integrated-Simulator-for-Tsunami/Simulators/CADMAS-SURF-3D/Source code/vf_ol3di.f	source_code/Multiscale-and-Multiphysics-Integrated-Simulator-for-Tsunami/Simulators	코드	LLM판독	codex		자체코드
source_code/Multiscale-and-Multiphysics-Integrated-Simulator-for-Tsunami/Simulators/CADMAS-SURF-3D/Source code/vf_ol3dnf.f	source_code/Multiscale-and-Multiphysics-Integrated-Simulator-for-Tsunami/Simulators	코드	LLM판독	codex		자체코드
source_code/Multiscale-and-Multiphysics-Integrated-Simulator-for-Tsunami/Simulators/CADMAS-SURF-3D/Source code/vf_ol3dr.f	source_code/Multiscale-and-Multiphysics-Integrated-Simulator-for-Tsunami/Simulators	코드	LLM판독	codex		자체코드
source_code/Multiscale-and-Multiphysics-Integrated-Simulator-for-Tsunami/Simulators/CADMAS-SURF-3D/Source code/vf_olbc.f	source_code/Multiscale-and-Multiphysics-Integrated-Simulator-for-Tsunami/Simulators	코드	LLM판독	codex		자체코드
source_code/Multiscale-and-Multiphysics-Integrated-Simulator-for-Tsunami/Simulators/CADMAS-SURF-3D/Source code/vf_om1ini.f	source_code/Multiscale-and-Multiphysics-Integrated-Simulator-for-Tsunami/Simulators	코드	LLM판독	codex		자체코드
source_code/Multiscale-and-Multiphysics-Integrated-Simulator-for-Tsunami/Simulators/CADMAS-SURF-3D/Source code/vf_om1trn.f	source_code/Multiscale-and-Multiphysics-Integrated-Simulator-for-Tsunami/Simulators	코드	LLM판독	codex		자체코드
source_code/Multiscale-and-Multiphysics-Integrated-Simulator-for-Tsunami/Simulators/CADMAS-SURF-3D/Source code/vf_or1ini.f	source_code/Multiscale-and-Multiphysics-Integrated-Simulator-for-Tsunami/Simulators	코드	LLM판독	codex		자체코드
source_code/Multiscale-and-Multiphysics-Integrated-Simulator-for-Tsunami/Simulators/CADMAS-SURF-3D/Source code/vf_or1trn.f	source_code/Multiscale-and-Multiphysics-Integrated-Simulator-for-Tsunami/Simulators	코드	LLM판독	codex		자체코드
source_code/Multiscale-and-Multiphysics-Integrated-Simulator-for-Tsunami/Simulators/CADMAS-SURF-3D/Source code/vf_ot1ini.f	source_code/Multiscale-and-Multiphysics-Integrated-Simulator-for-Tsunami/Simulators	코드	LLM판독	codex		자체코드
source_code/Multiscale-and-Multiphysics-Integrated-Simulator-for-Tsunami/Simulators/CADMAS-SURF-3D/Source code/vf_ot1trn.f	source_code/Multiscale-and-Multiphysics-Integrated-Simulator-for-Tsunami/Simulators	코드	LLM판독	codex		자체코드
source_code/Multiscale-and-Multiphysics-Integrated-Simulator-for-Tsunami/Simulators/CADMAS-SURF-3D/Source code/vf_p0barr.f	source_code/Multiscale-and-Multiphysics-Integrated-Simulator-for-Tsunami/Simulators	코드	LLM판독	codex		자체코드
source_code/Multiscale-and-Multiphysics-Integrated-Simulator-for-Tsunami/Simulators/CADMAS-SURF-3D/Source code/vf_p0bcsc.f	source_code/Multiscale-and-Multiphysics-Integrated-Simulator-for-Tsunami/Simulators	코드	LLM판독	codex		자체코드
source_code/Multiscale-and-Multiphysics-Integrated-Simulator-for-Tsunami/Simulators/CADMAS-SURF-3D/Source code/vf_p0bcsi.f	source_code/Multiscale-and-Multiphysics-Integrated-Simulator-for-Tsunami/Simulators	코드	LLM판독	codex		자체코드
source_code/Multiscale-and-Multiphysics-Integrated-Simulator-for-Tsunami/Simulators/CADMAS-SURF-3D/Source code/vf_p0end.f	source_code/Multiscale-and-Multiphysics-Integrated-Simulator-for-Tsunami/Simulators	코드	LLM판독	codex		자체코드
source_code/Multiscale-and-Multiphysics-Integrated-Simulator-for-Tsunami/Simulators/CADMAS-SURF-3D/Source code/vf_p0enda.f	source_code/Multiscale-and-Multiphysics-Integrated-Simulator-for-Tsunami/Simulators	코드	LLM판독	codex		자체코드
source_code/Multiscale-and-Multiphysics-Integrated-Simulator-for-Tsunami/Simulators/CADMAS-SURF-3D/Source code/vf_p0init.f	source_code/Multiscale-and-Multiphysics-Integrated-Simulator-for-Tsunami/Simulators	코드	LLM판독	codex		자체코드
source_code/Multiscale-and-Multiphysics-Integrated-Simulator-for-Tsunami/Simulators/CADMAS-SURF-3D/Source code/vf_p0mind.f	source_code/Multiscale-and-Multiphysics-Integrated-Simulator-for-Tsunami/Simulators	코드	LLM판독	codex		자체코드
source_code/Multiscale-and-Multiphysics-Integrated-Simulator-for-Tsunami/Simulators/CADMAS-SURF-3D/Source code/vf_p0sumi.f	source_code/Multiscale-and-Multiphysics-Integrated-Simulator-for-Tsunami/Simulators	코드	LLM판독	codex		자체코드
source_code/Multiscale-and-Multiphysics-Integrated-Simulator-for-Tsunami/Simulators/CADMAS-SURF-3D/Source code/vf_p0time.f	source_code/Multiscale-and-Multiphysics-Integrated-Simulator-for-Tsunami/Simulators	코드	LLM판독	codex		자체코드
source_code/Multiscale-and-Multiphysics-Integrated-Simulator-for-Tsunami/Simulators/CADMAS-SURF-3D/Source code/vf_p1bcsc.f	source_code/Multiscale-and-Multiphysics-Integrated-Simulator-for-Tsunami/Simulators	코드	LLM판독	codex		자체코드
source_code/Multiscale-and-Multiphysics-Integrated-Simulator-for-Tsunami/Simulators/CADMAS-SURF-3D/Source code/vf_p1bcsd.f	source_code/Multiscale-and-Multiphysics-Integrated-Simulator-for-Tsunami/Simulators	코드	LLM판독	codex		자체코드
source_code/Multiscale-and-Multiphysics-Integrated-Simulator-for-Tsunami/Simulators/CADMAS-SURF-3D/Source code/vf_p1bcsi.f	source_code/Multiscale-and-Multiphysics-Integrated-Simulator-for-Tsunami/Simulators	코드	LLM판독	codex		자체코드
source_code/Multiscale-and-Multiphysics-Integrated-Simulator-for-Tsunami/Simulators/CADMAS-SURF-3D/Source code/vf_p1maxd.f	source_code/Multiscale-and-Multiphysics-Integrated-Simulator-for-Tsunami/Simulators	코드	LLM판독	codex		자체코드
source_code/Multiscale-and-Multiphysics-Integrated-Simulator-for-Tsunami/Simulators/CADMAS-SURF-3D/Source code/vf_p1mind.f	source_code/Multiscale-and-Multiphysics-Integrated-Simulator-for-Tsunami/Simulators	코드	LLM판독	codex		자체코드
source_code/Multiscale-and-Multiphysics-Integrated-Simulator-for-Tsunami/Simulators/CADMAS-SURF-3D/Source code/vf_p1mini.f	source_code/Multiscale-and-Multiphysics-Integrated-Simulator-for-Tsunami/Simulators	코드	LLM판독	codex		자체코드
source_code/Multiscale-and-Multiphysics-Integrated-Simulator-for-Tsunami/Simulators/CADMAS-SURF-3D/Source code/vf_p1sumd.f	source_code/Multiscale-and-Multiphysics-Integrated-Simulator-for-Tsunami/Simulators	코드	LLM판독	codex		자체코드
source_code/Multiscale-and-Multiphysics-Integrated-Simulator-for-Tsunami/Simulators/CADMAS-SURF-3D/Source code/vf_p1sumi.f	source_code/Multiscale-and-Multiphysics-Integrated-Simulator-for-Tsunami/Simulators	코드	LLM판독	codex		자체코드
source_code/Multiscale-and-Multiphysics-Integrated-Simulator-for-Tsunami/Simulators/CADMAS-SURF-3D/Source code/vf_p3srd1.f	source_code/Multiscale-and-Multiphysics-Integrated-Simulator-for-Tsunami/Simulators	코드	LLM판독	codex		자체코드
source_code/Multiscale-and-Multiphysics-Integrated-Simulator-for-Tsunami/Simulators/CADMAS-SURF-3D/Source code/vf_p3srd2.f	source_code/Multiscale-and-Multiphysics-Integrated-Simulator-for-Tsunami/Simulators	코드	LLM판독	codex		자체코드
source_code/Multiscale-and-Multiphysics-Integrated-Simulator-for-Tsunami/Simulators/CADMAS-SURF-3D/Source code/vf_p3sri1.f	source_code/Multiscale-and-Multiphysics-Integrated-Simulator-for-Tsunami/Simulators	코드	LLM판독	codex		자체코드
source_code/Multiscale-and-Multiphysics-Integrated-Simulator-for-Tsunami/Simulators/CADMAS-SURF-3D/Source code/vf_p3sri2.f	source_code/Multiscale-and-Multiphysics-Integrated-Simulator-for-Tsunami/Simulators	코드	LLM판독	codex		자체코드
source_code/Multiscale-and-Multiphysics-Integrated-Simulator-for-Tsunami/Simulators/CADMAS-SURF-3D/Source code/vf_pcdc2p.f	source_code/Multiscale-and-Multiphysics-Integrated-Simulator-for-Tsunami/Simulators	코드	LLM판독	codex		자체코드
source_code/Multiscale-and-Multiphysics-Integrated-Simulator-for-Tsunami/Simulators/CADMAS-SURF-3D/Source code/vf_pcdp2c.f	source_code/Multiscale-and-Multiphysics-Integrated-Simulator-for-Tsunami/Simulators	코드	LLM판독	codex		자체코드
source_code/Multiscale-and-Multiphysics-Integrated-Simulator-for-Tsunami/Simulators/CADMAS-SURF-3D/Source code/vf_pmgbc0.f	source_code/Multiscale-and-Multiphysics-Integrated-Simulator-for-Tsunami/Simulators	코드	LLM판독	codex		자체코드
source_code/Multiscale-and-Multiphysics-Integrated-Simulator-for-Tsunami/Simulators/CADMAS-SURF-3D/Source code/vf_pmgc2p._org	source_code/Multiscale-and-Multiphysics-Integrated-Simulator-for-Tsunami/Simulators	기타(설정·입력·빌드)	LLM판독	codex		빌드·설정·기타
source_code/Multiscale-and-Multiphysics-Integrated-Simulator-for-Tsunami/Simulators/CADMAS-SURF-3D/Source code/vf_pmgc2p.f	source_code/Multiscale-and-Multiphysics-Integrated-Simulator-for-Tsunami/Simulators	코드	LLM판독	codex	Y	자체코드
source_code/Multiscale-and-Multiphysics-Integrated-Simulator-for-Tsunami/Simulators/CADMAS-SURF-3D/Source code/vf_pmgc2p.f_org	source_code/Multiscale-and-Multiphysics-Integrated-Simulator-for-Tsunami/Simulators	기타(설정·입력·빌드)	LLM판독	codex		빌드·설정·기타
source_code/Multiscale-and-Multiphysics-Integrated-Simulator-for-Tsunami/Simulators/CADMAS-SURF-3D/Source code/vf_pmgc2p_cf.f	source_code/Multiscale-and-Multiphysics-Integrated-Simulator-for-Tsunami/Simulators	코드	LLM판독	codex		자체코드
source_code/Multiscale-and-Multiphysics-Integrated-Simulator-for-Tsunami/Simulators/CADMAS-SURF-3D/Source code/vf_pmgflx.f	source_code/Multiscale-and-Multiphysics-Integrated-Simulator-for-Tsunami/Simulators	코드	LLM판독	codex		자체코드
source_code/Multiscale-and-Multiphysics-Integrated-Simulator-for-Tsunami/Simulators/CADMAS-SURF-3D/Source code/vf_pmgfly.f	source_code/Multiscale-and-Multiphysics-Integrated-Simulator-for-Tsunami/Simulators	코드	LLM판독	codex		자체코드
source_code/Multiscale-and-Multiphysics-Integrated-Simulator-for-Tsunami/Simulators/CADMAS-SURF-3D/Source code/vf_pmgggt.f	source_code/Multiscale-and-Multiphysics-Integrated-Simulator-for-Tsunami/Simulators	코드	LLM판독	codex		자체코드
source_code/Multiscale-and-Multiphysics-Integrated-Simulator-for-Tsunami/Simulators/CADMAS-SURF-3D/Source code/vf_pmggpt.f	source_code/Multiscale-and-Multiphysics-Integrated-Simulator-for-Tsunami/Simulators	코드	LLM판독	codex		자체코드
source_code/Multiscale-and-Multiphysics-Integrated-Simulator-for-Tsunami/Simulators/CADMAS-SURF-3D/Source code/vf_pmginp.f	source_code/Multiscale-and-Multiphysics-Integrated-Simulator-for-Tsunami/Simulators	코드	LLM판독	codex	Y	자체코드
source_code/Multiscale-and-Multiphysics-Integrated-Simulator-for-Tsunami/Simulators/CADMAS-SURF-3D/Source code/vf_pmgp2c.f	source_code/Multiscale-and-Multiphysics-Integrated-Simulator-for-Tsunami/Simulators	코드	LLM판독	codex	Y	자체코드
source_code/Multiscale-and-Multiphysics-Integrated-Simulator-for-Tsunami/Simulators/CADMAS-SURF-3D/Source code/vf_pmgp2c_cf.f	source_code/Multiscale-and-Multiphysics-Integrated-Simulator-for-Tsunami/Simulators	코드	LLM판독	codex	Y	자체코드
source_code/Multiscale-and-Multiphysics-Integrated-Simulator-for-Tsunami/Simulators/CADMAS-SURF-3D/Source code/vf_pmgp2c_pf.f	source_code/Multiscale-and-Multiphysics-Integrated-Simulator-for-Tsunami/Simulators	코드	LLM판독	codex		자체코드
source_code/Multiscale-and-Multiphysics-Integrated-Simulator-for-Tsunami/Simulators/CADMAS-SURF-3D/Source code/vf_pmgset.f	source_code/Multiscale-and-Multiphysics-Integrated-Simulator-for-Tsunami/Simulators	코드	LLM판독	codex	Y	자체코드
source_code/Multiscale-and-Multiphysics-Integrated-Simulator-for-Tsunami/Simulators/CADMAS-SURF-3D/Source code/vf_pmgst2.f	source_code/Multiscale-and-Multiphysics-Integrated-Simulator-for-Tsunami/Simulators	코드	LLM판독	codex		자체코드
source_code/Multiscale-and-Multiphysics-Integrated-Simulator-for-Tsunami/Simulators/CADMAS-SURF-3D/Source code/vf_pmgsts.f	source_code/Multiscale-and-Multiphysics-Integrated-Simulator-for-Tsunami/Simulators	코드	LLM판독	codex		자체코드
source_code/Multiscale-and-Multiphysics-Integrated-Simulator-for-Tsunami/Simulators/CADMAS-SURF-3D/Source code/vf_s1cal.f	source_code/Multiscale-and-Multiphysics-Integrated-Simulator-for-Tsunami/Simulators	코드	LLM판독	codex	Y	자체코드
source_code/Multiscale-and-Multiphysics-Integrated-Simulator-for-Tsunami/Simulators/CADMAS-SURF-3D/Source code/vf_sconvd.f	source_code/Multiscale-and-Multiphysics-Integrated-Simulator-for-Tsunami/Simulators	코드	LLM판독	codex	Y	자체코드
source_code/Multiscale-and-Multiphysics-Integrated-Simulator-for-Tsunami/Simulators/CADMAS-SURF-3D/Source code/vf_sdiff.f	source_code/Multiscale-and-Multiphysics-Integrated-Simulator-for-Tsunami/Simulators	코드	LLM판독	codex	Y	자체코드
source_code/Multiscale-and-Multiphysics-Integrated-Simulator-for-Tsunami/Simulators/CADMAS-SURF-3D/Source code/vf_seuler.f	source_code/Multiscale-and-Multiphysics-Integrated-Simulator-for-Tsunami/Simulators	코드	LLM판독	codex	Y	자체코드
source_code/Multiscale-and-Multiphysics-Integrated-Simulator-for-Tsunami/Simulators/CADMAS-SURF-3D/Source code/vf_stoc_1d.f	source_code/Multiscale-and-Multiphysics-Integrated-Simulator-for-Tsunami/Simulators	코드	LLM판독	codex		자체코드
source_code/Multiscale-and-Multiphysics-Integrated-Simulator-for-Tsunami/Simulators/CADMAS-SURF-3D/Source code/vf_stoc_area.f	source_code/Multiscale-and-Multiphysics-Integrated-Simulator-for-Tsunami/Simulators	코드	LLM판독	codex		자체코드
source_code/Multiscale-and-Multiphysics-Integrated-Simulator-for-Tsunami/Simulators/CADMAS-SURF-3D/Source code/vf_stoc_fconv.f	source_code/Multiscale-and-Multiphysics-Integrated-Simulator-for-Tsunami/Simulators	코드	LLM판독	codex		자체코드
source_code/Multiscale-and-Multiphysics-Integrated-Simulator-for-Tsunami/Simulators/CADMAS-SURF-3D/Source code/vf_stoc_init.f	source_code/Multiscale-and-Multiphysics-Integrated-Simulator-for-Tsunami/Simulators	코드	LLM판독	codex	Y	자체코드
source_code/Multiscale-and-Multiphysics-Integrated-Simulator-for-Tsunami/Simulators/CADMAS-SURF-3D/Source code/vf_stoc_obst.f	source_code/Multiscale-and-Multiphysics-Integrated-Simulator-for-Tsunami/Simulators	코드	LLM판독	codex		자체코드
source_code/Multiscale-and-Multiphysics-Integrated-Simulator-for-Tsunami/Simulators/CADMAS-SURF-3D/Source code/vf_stoc_pors.f	source_code/Multiscale-and-Multiphysics-Integrated-Simulator-for-Tsunami/Simulators	코드	LLM판독	codex		자체코드
source_code/Multiscale-and-Multiphysics-Integrated-Simulator-for-Tsunami/Simulators/CADMAS-SURF-3D/Source code/vf_stoc_recv.f	source_code/Multiscale-and-Multiphysics-Integrated-Simulator-for-Tsunami/Simulators	코드	LLM판독	codex	Y	자체코드
source_code/Multiscale-and-Multiphysics-Integrated-Simulator-for-Tsunami/Simulators/CADMAS-SURF-3D/Source code/vf_stoc_send.f	source_code/Multiscale-and-Multiphysics-Integrated-Simulator-for-Tsunami/Simulators	코드	LLM판독	codex	Y	자체코드
source_code/Multiscale-and-Multiphysics-Integrated-Simulator-for-Tsunami/Simulators/CADMAS-SURF-3D/Source code/vf_t1cal.f	source_code/Multiscale-and-Multiphysics-Integrated-Simulator-for-Tsunami/Simulators	코드	LLM판독	codex	Y	자체코드
source_code/Multiscale-and-Multiphysics-Integrated-Simulator-for-Tsunami/Simulators/CADMAS-SURF-3D/Source code/vf_v1cal.f	source_code/Multiscale-and-Multiphysics-Integrated-Simulator-for-Tsunami/Simulators	코드	LLM판독	codex	Y	자체코드
source_code/Multiscale-and-Multiphysics-Integrated-Simulator-for-Tsunami/Simulators/CADMAS-SURF-3D/Source code/vf_veuler.f	source_code/Multiscale-and-Multiphysics-Integrated-Simulator-for-Tsunami/Simulators	코드	LLM판독	codex	Y	자체코드
source_code/Multiscale-and-Multiphysics-Integrated-Simulator-for-Tsunami/Simulators/CADMAS-SURF-3D/Source code/vf_vflxdu.f	source_code/Multiscale-and-Multiphysics-Integrated-Simulator-for-Tsunami/Simulators	코드	LLM판독	codex	Y	자체코드
source_code/Multiscale-and-Multiphysics-Integrated-Simulator-for-Tsunami/Simulators/CADMAS-SURF-3D/Source code/vf_vflxdv.f	source_code/Multiscale-and-Multiphysics-Integrated-Simulator-for-Tsunami/Simulators	코드	LLM판독	codex	Y	자체코드
source_code/Multiscale-and-Multiphysics-Integrated-Simulator-for-Tsunami/Simulators/CADMAS-SURF-3D/Source code/vf_vflxdw.f	source_code/Multiscale-and-Multiphysics-Integrated-Simulator-for-Tsunami/Simulators	코드	LLM판독	codex	Y	자체코드
source_code/Multiscale-and-Multiphysics-Integrated-Simulator-for-Tsunami/Simulators/CADMAS-SURF-3D/Source code/vf_vgene.f	source_code/Multiscale-and-Multiphysics-Integrated-Simulator-for-Tsunami/Simulators	코드	LLM판독	codex	Y	자체코드
source_code/Multiscale-and-Multiphysics-Integrated-Simulator-for-Tsunami/Simulators/CADMAS-SURF-3D/Source code/vf_vmodif.f	source_code/Multiscale-and-Multiphysics-Integrated-Simulator-for-Tsunami/Simulators	코드	LLM판독	codex	Y	자체코드
source_code/Multiscale-and-Multiphysics-Integrated-Simulator-for-Tsunami/Simulators/CADMAS-SURF-3D/Source code/vf_vpcoef.f	source_code/Multiscale-and-Multiphysics-Integrated-Simulator-for-Tsunami/Simulators	코드	LLM판독	codex	Y	자체코드
source_code/Multiscale-and-Multiphysics-Integrated-Simulator-for-Tsunami/Simulators/CADMAS-SURF-3D/Source code/vf_vpsol.f	source_code/Multiscale-and-Multiphysics-Integrated-Simulator-for-Tsunami/Simulators	코드	LLM판독	codex	Y	자체코드
source_code/Multiscale-and-Multiphysics-Integrated-Simulator-for-Tsunami/Simulators/CADMAS-SURF-3D/Source code/vf_wcnd0.f	source_code/Multiscale-and-Multiphysics-Integrated-Simulator-for-Tsunami/Simulators	코드	LLM판독	codex	Y	자체코드
source_code/Multiscale-and-Multiphysics-Integrated-Simulator-for-Tsunami/Simulators/CADMAS-SURF-3D/Source code/vf_wsfmb2.f	source_code/Multiscale-and-Multiphysics-Integrated-Simulator-for-Tsunami/Simulators	코드	LLM판독	codex	Y	자체코드
source_code/Multiscale-and-Multiphysics-Integrated-Simulator-for-Tsunami/Simulators/CADMAS-SURF-3D/Source code/vf_wstk0.f	source_code/Multiscale-and-Multiphysics-Integrated-Simulator-for-Tsunami/Simulators	코드	LLM판독	codex	Y	자체코드
source_code/Multiscale-and-Multiphysics-Integrated-Simulator-for-Tsunami/Simulators/CADMAS-SURF-3D/Source code/vf_zgetim.f	source_code/Multiscale-and-Multiphysics-Integrated-Simulator-for-Tsunami/Simulators	코드	LLM판독	codex		자체코드
source_code/Multiscale-and-Multiphysics-Integrated-Simulator-for-Tsunami/Simulators/CADMAS-SURF-3D/Source code/vf_zgetln.f	source_code/Multiscale-and-Multiphysics-Integrated-Simulator-for-Tsunami/Simulators	코드	LLM판독	codex		자체코드
source_code/Multiscale-and-Multiphysics-Integrated-Simulator-for-Tsunami/Simulators/CADMAS-SURF-3D/Source code/vf_zgetln_mpversion.f	source_code/Multiscale-and-Multiphysics-Integrated-Simulator-for-Tsunami/Simulators	코드	LLM판독	codex		자체코드
source_code/Multiscale-and-Multiphysics-Integrated-Simulator-for-Tsunami/Simulators/CADMAS-SURF-3D/Source code/vf_zgetln_mpversion.f.orig	source_code/Multiscale-and-Multiphysics-Integrated-Simulator-for-Tsunami/Simulators	기타(설정·입력·빌드)	LLM판독	codex		빌드·설정·기타
source_code/Multiscale-and-Multiphysics-Integrated-Simulator-for-Tsunami/Simulators/CADMAS-SURF-3D/Source code/vf_zseti1.f	source_code/Multiscale-and-Multiphysics-Integrated-Simulator-for-Tsunami/Simulators	코드	LLM판독	codex		자체코드
source_code/Multiscale-and-Multiphysics-Integrated-Simulator-for-Tsunami/Simulators/CADMAS-SURF-3D/Source code/vf_zseti2.f	source_code/Multiscale-and-Multiphysics-Integrated-Simulator-for-Tsunami/Simulators	코드	LLM판독	codex		자체코드
source_code/Multiscale-and-Multiphysics-Integrated-Simulator-for-Tsunami/Simulators/CADMAS-SURF-3D/Source code/vf_zseti3.f	source_code/Multiscale-and-Multiphysics-Integrated-Simulator-for-Tsunami/Simulators	코드	LLM판독	codex		자체코드
source_code/Multiscale-and-Multiphysics-Integrated-Simulator-for-Tsunami/Simulators/CADMAS-SURF-3D/Source code/vf_zsetr1.f	source_code/Multiscale-and-Multiphysics-Integrated-Simulator-for-Tsunami/Simulators	코드	LLM판독	codex		자체코드
source_code/Multiscale-and-Multiphysics-Integrated-Simulator-for-Tsunami/Simulators/CADMAS-SURF-3D/Source code/vf_zsetr2.f	source_code/Multiscale-and-Multiphysics-Integrated-Simulator-for-Tsunami/Simulators	코드	LLM판독	codex		자체코드
source_code/Multiscale-and-Multiphysics-Integrated-Simulator-for-Tsunami/Simulators/CADMAS-SURF-3D/Source code/vf_zsetr3.f	source_code/Multiscale-and-Multiphysics-Integrated-Simulator-for-Tsunami/Simulators	코드	LLM판독	codex		자체코드
source_code/Multiscale-and-Multiphysics-Integrated-Simulator-for-Tsunami/Simulators/CADMAS-SURF-3D/Source code/vf_zstoi.f	source_code/Multiscale-and-Multiphysics-Integrated-Simulator-for-Tsunami/Simulators	코드	LLM판독	codex		자체코드
source_code/Multiscale-and-Multiphysics-Integrated-Simulator-for-Tsunami/Simulators/CADMAS-SURF-3D/Source code/vf_zstor.f	source_code/Multiscale-and-Multiphysics-Integrated-Simulator-for-Tsunami/Simulators	코드	LLM판독	codex		자체코드
source_code/Multiscale-and-Multiphysics-Integrated-Simulator-for-Tsunami/Simulators/CADMAS-SURF-3D/Source code/vf_zstows.f	source_code/Multiscale-and-Multiphysics-Integrated-Simulator-for-Tsunami/Simulators	코드	LLM판독	codex		자체코드
source_code/Multiscale-and-Multiphysics-Integrated-Simulator-for-Tsunami/Simulators/CADMAS-SURF-3D/Source code/vf_ztimec.f	source_code/Multiscale-and-Multiphysics-Integrated-Simulator-for-Tsunami/Simulators	코드	LLM판독	codex		자체코드
source_code/Multiscale-and-Multiphysics-Integrated-Simulator-for-Tsunami/Simulators/CADMAS-SURF-3D/Source code/vf_zxmg_abort.f	source_code/Multiscale-and-Multiphysics-Integrated-Simulator-for-Tsunami/Simulators	코드	LLM판독	codex		자체코드
source_code/Multiscale-and-Multiphysics-Integrated-Simulator-for-Tsunami/Simulators/CADMAS-SURF-3D/Source code/vf_zxmg_allmnd.f	source_code/Multiscale-and-Multiphysics-Integrated-Simulator-for-Tsunami/Simulators	코드	LLM판독	codex		자체코드
source_code/Multiscale-and-Multiphysics-Integrated-Simulator-for-Tsunami/Simulators/CADMAS-SURF-3D/Source code/vf_zxmg_allsmi.f	source_code/Multiscale-and-Multiphysics-Integrated-Simulator-for-Tsunami/Simulators	코드	LLM판독	codex		자체코드
source_code/Multiscale-and-Multiphysics-Integrated-Simulator-for-Tsunami/Simulators/CADMAS-SURF-3D/Source code/vf_zxmg_barri.f	source_code/Multiscale-and-Multiphysics-Integrated-Simulator-for-Tsunami/Simulators	코드	LLM판독	codex		자체코드
source_code/Multiscale-and-Multiphysics-Integrated-Simulator-for-Tsunami/Simulators/CADMAS-SURF-3D/Source code/vf_zxmg_bcastc.f	source_code/Multiscale-and-Multiphysics-Integrated-Simulator-for-Tsunami/Simulators	코드	LLM판독	codex		자체코드
source_code/Multiscale-and-Multiphysics-Integrated-Simulator-for-Tsunami/Simulators/CADMAS-SURF-3D/Source code/vf_zxmg_bcasti.f	source_code/Multiscale-and-Multiphysics-Integrated-Simulator-for-Tsunami/Simulators	코드	LLM판독	codex		자체코드
source_code/Multiscale-and-Multiphysics-Integrated-Simulator-for-Tsunami/Simulators/CADMAS-SURF-3D/Source code/vf_zxmg_crank.f	source_code/Multiscale-and-Multiphysics-Integrated-Simulator-for-Tsunami/Simulators	코드	LLM판독	codex		자체코드
source_code/Multiscale-and-Multiphysics-Integrated-Simulator-for-Tsunami/Simulators/CADMAS-SURF-3D/Source code/vf_zxmg_csize.f	source_code/Multiscale-and-Multiphysics-Integrated-Simulator-for-Tsunami/Simulators	코드	LLM판독	codex		자체코드
source_code/Multiscale-and-Multiphysics-Integrated-Simulator-for-Tsunami/Simulators/CADMAS-SURF-3D/Source code/vf_zxmg_final.f	source_code/Multiscale-and-Multiphysics-Integrated-Simulator-for-Tsunami/Simulators	코드	LLM판독	codex		자체코드
source_code/Multiscale-and-Multiphysics-Integrated-Simulator-for-Tsunami/Simulators/CADMAS-SURF-3D/Source code/vf_zxmg_init.f	source_code/Multiscale-and-Multiphysics-Integrated-Simulator-for-Tsunami/Simulators	코드	LLM판독	codex		자체코드
source_code/Multiscale-and-Multiphysics-Integrated-Simulator-for-Tsunami/Simulators/CADMAS-SURF-3D/Source code/vf_zxmg_irecvd.f	source_code/Multiscale-and-Multiphysics-Integrated-Simulator-for-Tsunami/Simulators	코드	LLM판독	codex		자체코드
source_code/Multiscale-and-Multiphysics-Integrated-Simulator-for-Tsunami/Simulators/CADMAS-SURF-3D/Source code/vf_zxmg_irecvi.f	source_code/Multiscale-and-Multiphysics-Integrated-Simulator-for-Tsunami/Simulators	코드	LLM판독	codex		자체코드
source_code/Multiscale-and-Multiphysics-Integrated-Simulator-for-Tsunami/Simulators/CADMAS-SURF-3D/Source code/vf_zxmg_isendd.f	source_code/Multiscale-and-Multiphysics-Integrated-Simulator-for-Tsunami/Simulators	코드	LLM판독	codex		자체코드
source_code/Multiscale-and-Multiphysics-Integrated-Simulator-for-Tsunami/Simulators/CADMAS-SURF-3D/Source code/vf_zxmg_isendi.f	source_code/Multiscale-and-Multiphysics-Integrated-Simulator-for-Tsunami/Simulators	코드	LLM판독	codex		자체코드
source_code/Multiscale-and-Multiphysics-Integrated-Simulator-for-Tsunami/Simulators/CADMAS-SURF-3D/Source code/vf_zxmg_split.f	source_code/Multiscale-and-Multiphysics-Integrated-Simulator-for-Tsunami/Simulators	코드	LLM판독	codex		자체코드
source_code/Multiscale-and-Multiphysics-Integrated-Simulator-for-Tsunami/Simulators/CADMAS-SURF-3D/Source code/vf_zxmg_wait.f	source_code/Multiscale-and-Multiphysics-Integrated-Simulator-for-Tsunami/Simulators	코드	LLM판독	codex		자체코드
source_code/Multiscale-and-Multiphysics-Integrated-Simulator-for-Tsunami/Simulators/CADMAS-SURF-3D/Source code/vf_zxmg_wtime.f	source_code/Multiscale-and-Multiphysics-Integrated-Simulator-for-Tsunami/Simulators	코드	LLM판독	codex		자체코드
source_code/Multiscale-and-Multiphysics-Integrated-Simulator-for-Tsunami/Simulators/CADMAS-SURF-3D/Source code/vf_zxmp_allmnd.f	source_code/Multiscale-and-Multiphysics-Integrated-Simulator-for-Tsunami/Simulators	코드	LLM판독	codex		자체코드
source_code/Multiscale-and-Multiphysics-Integrated-Simulator-for-Tsunami/Simulators/CADMAS-SURF-3D/Source code/vf_zxmp_allmni.f	source_code/Multiscale-and-Multiphysics-Integrated-Simulator-for-Tsunami/Simulators	코드	LLM판독	codex		자체코드
source_code/Multiscale-and-Multiphysics-Integrated-Simulator-for-Tsunami/Simulators/CADMAS-SURF-3D/Source code/vf_zxmp_allmxd.f	source_code/Multiscale-and-Multiphysics-Integrated-Simulator-for-Tsunami/Simulators	코드	LLM판독	codex		자체코드
source_code/Multiscale-and-Multiphysics-Integrated-Simulator-for-Tsunami/Simulators/CADMAS-SURF-3D/Source code/vf_zxmp_allsmd.f	source_code/Multiscale-and-Multiphysics-Integrated-Simulator-for-Tsunami/Simulators	코드	LLM판독	codex		자체코드
source_code/Multiscale-and-Multiphysics-Integrated-Simulator-for-Tsunami/Simulators/CADMAS-SURF-3D/Source code/vf_zxmp_allsmi.f	source_code/Multiscale-and-Multiphysics-Integrated-Simulator-for-Tsunami/Simulators	코드	LLM판독	codex		자체코드
source_code/Multiscale-and-Multiphysics-Integrated-Simulator-for-Tsunami/Simulators/CADMAS-SURF-3D/Source code/vf_zxmp_barri.f	source_code/Multiscale-and-Multiphysics-Integrated-Simulator-for-Tsunami/Simulators	코드	LLM판독	codex		자체코드
source_code/Multiscale-and-Multiphysics-Integrated-Simulator-for-Tsunami/Simulators/CADMAS-SURF-3D/Source code/vf_zxmp_bcastc.f	source_code/Multiscale-and-Multiphysics-Integrated-Simulator-for-Tsunami/Simulators	코드	LLM판독	codex		자체코드
source_code/Multiscale-and-Multiphysics-Integrated-Simulator-for-Tsunami/Simulators/CADMAS-SURF-3D/Source code/vf_zxmp_bcastd.f	source_code/Multiscale-and-Multiphysics-Integrated-Simulator-for-Tsunami/Simulators	코드	LLM판독	codex		자체코드
source_code/Multiscale-and-Multiphysics-Integrated-Simulator-for-Tsunami/Simulators/CADMAS-SURF-3D/Source code/vf_zxmp_bcasti.f	source_code/Multiscale-and-Multiphysics-Integrated-Simulator-for-Tsunami/Simulators	코드	LLM판독	codex		자체코드
source_code/Multiscale-and-Multiphysics-Integrated-Simulator-for-Tsunami/Simulators/CADMAS-SURF-3D/Source code/vf_zxmp_crank.f	source_code/Multiscale-and-Multiphysics-Integrated-Simulator-for-Tsunami/Simulators	코드	LLM판독	codex		자체코드
source_code/Multiscale-and-Multiphysics-Integrated-Simulator-for-Tsunami/Simulators/CADMAS-SURF-3D/Source code/vf_zxmp_csize.f	source_code/Multiscale-and-Multiphysics-Integrated-Simulator-for-Tsunami/Simulators	코드	LLM판독	codex		자체코드
source_code/Multiscale-and-Multiphysics-Integrated-Simulator-for-Tsunami/Simulators/CADMAS-SURF-3D/Source code/vf_zxmp_gatheri.f	source_code/Multiscale-and-Multiphysics-Integrated-Simulator-for-Tsunami/Simulators	코드	LLM판독	codex		자체코드
source_code/Multiscale-and-Multiphysics-Integrated-Simulator-for-Tsunami/Simulators/CADMAS-SURF-3D/Source code/vf_zxmp_gathervd.f	source_code/Multiscale-and-Multiphysics-Integrated-Simulator-for-Tsunami/Simulators	코드	LLM판독	codex		자체코드
source_code/Multiscale-and-Multiphysics-Integrated-Simulator-for-Tsunami/Simulators/CADMAS-SURF-3D/Source code/vf_zxmp_gathervi.f	source_code/Multiscale-and-Multiphysics-Integrated-Simulator-for-Tsunami/Simulators	코드	LLM판독	codex		자체코드
source_code/Multiscale-and-Multiphysics-Integrated-Simulator-for-Tsunami/Simulators/CADMAS-SURF-3D/Source code/vf_zxmp_irecvd.f	source_code/Multiscale-and-Multiphysics-Integrated-Simulator-for-Tsunami/Simulators	코드	LLM판독	codex		자체코드
source_code/Multiscale-and-Multiphysics-Integrated-Simulator-for-Tsunami/Simulators/CADMAS-SURF-3D/Source code/vf_zxmp_irecvi.f	source_code/Multiscale-and-Multiphysics-Integrated-Simulator-for-Tsunami/Simulators	코드	LLM판독	codex		자체코드
source_code/Multiscale-and-Multiphysics-Integrated-Simulator-for-Tsunami/Simulators/CADMAS-SURF-3D/Source code/vf_zxmp_isendd.f	source_code/Multiscale-and-Multiphysics-Integrated-Simulator-for-Tsunami/Simulators	코드	LLM판독	codex		자체코드
source_code/Multiscale-and-Multiphysics-Integrated-Simulator-for-Tsunami/Simulators/CADMAS-SURF-3D/Source code/vf_zxmp_isendi.f	source_code/Multiscale-and-Multiphysics-Integrated-Simulator-for-Tsunami/Simulators	코드	LLM판독	codex		자체코드
source_code/Multiscale-and-Multiphysics-Integrated-Simulator-for-Tsunami/Simulators/CADMAS-SURF-3D/Source code/vf_zxmp_scattervd.f	source_code/Multiscale-and-Multiphysics-Integrated-Simulator-for-Tsunami/Simulators	코드	LLM판독	codex		자체코드
source_code/Multiscale-and-Multiphysics-Integrated-Simulator-for-Tsunami/Simulators/CADMAS-SURF-3D/Source code/vf_zxmp_wait.f	source_code/Multiscale-and-Multiphysics-Integrated-Simulator-for-Tsunami/Simulators	코드	LLM판독	codex		자체코드
source_code/Multiscale-and-Multiphysics-Integrated-Simulator-for-Tsunami/Simulators/CADMAS-SURF-3D/Tutorial/CADMAS-SURF3D_Tutorial_English.pdf	source_code/Multiscale-and-Multiphysics-Integrated-Simulator-for-Tsunami/Simulators	문서	실패	mechanical		매뉴얼·문서
source_code/Multiscale-and-Multiphysics-Integrated-Simulator-for-Tsunami/Simulators/CADMAS-SURF-3D/Tutorial/CADMAS-SURF3D_Tutorial_Japanese.pdf	source_code/Multiscale-and-Multiphysics-Integrated-Simulator-for-Tsunami/Simulators	문서	실패	mechanical		매뉴얼·문서
source_code/Multiscale-and-Multiphysics-Integrated-Simulator-for-Tsunami/Simulators/CADMAS-SURF-3D2F/Manual/CADMAS-2F_Manual_Japanese.pdf	source_code/Multiscale-and-Multiphysics-Integrated-Simulator-for-Tsunami/Simulators	문서	실패	mechanical		매뉴얼·문서
source_code/Multiscale-and-Multiphysics-Integrated-Simulator-for-Tsunami/Simulators/CADMAS-SURF-3D2F/Manual/CADMAS-2F_Manural_English.pdf	source_code/Multiscale-and-Multiphysics-Integrated-Simulator-for-Tsunami/Simulators	문서	실패	mechanical	Y	매뉴얼·문서
source_code/Multiscale-and-Multiphysics-Integrated-Simulator-for-Tsunami/Simulators/CADMAS-SURF-3D2F/ReadMe.md	source_code/Multiscale-and-Multiphysics-Integrated-Simulator-for-Tsunami/Simulators	문서	LLM판독	grok	Y	매뉴얼·문서
source_code/Multiscale-and-Multiphysics-Integrated-Simulator-for-Tsunami/Simulators/CADMAS-SURF-3D2F/Source code/A11111.in	source_code/Multiscale-and-Multiphysics-Integrated-Simulator-for-Tsunami/Simulators	기타(설정·입력·빌드)	LLM판독	codex		빌드·설정·기타
source_code/Multiscale-and-Multiphysics-Integrated-Simulator-for-Tsunami/Simulators/CADMAS-SURF-3D2F/Source code/Makefile	source_code/Multiscale-and-Multiphysics-Integrated-Simulator-for-Tsunami/Simulators	기타(설정·입력·빌드)	LLM판독	codex		빌드·설정·기타
source_code/Multiscale-and-Multiphysics-Integrated-Simulator-for-Tsunami/Simulators/CADMAS-SURF-3D2F/Source code/SF_STRUCT.h	source_code/Multiscale-and-Multiphysics-Integrated-Simulator-for-Tsunami/Simulators	코드	LLM판독	codex	Y	자체코드
source_code/Multiscale-and-Multiphysics-Integrated-Simulator-for-Tsunami/Simulators/CADMAS-SURF-3D2F/Source code/VF_A0PRM.h	source_code/Multiscale-and-Multiphysics-Integrated-Simulator-for-Tsunami/Simulators	코드	LLM판독	codex	Y	자체코드
source_code/Multiscale-and-Multiphysics-Integrated-Simulator-for-Tsunami/Simulators/CADMAS-SURF-3D2F/Source code/VF_ACOMPI.h	source_code/Multiscale-and-Multiphysics-Integrated-Simulator-for-Tsunami/Simulators	코드	LLM판독	codex	Y	자체코드
source_code/Multiscale-and-Multiphysics-Integrated-Simulator-for-Tsunami/Simulators/CADMAS-SURF-3D2F/Source code/VF_ACOMPR.h	source_code/Multiscale-and-Multiphysics-Integrated-Simulator-for-Tsunami/Simulators	코드	LLM판독	codex	Y	자체코드
source_code/Multiscale-and-Multiphysics-Integrated-Simulator-for-Tsunami/Simulators/CADMAS-SURF-3D2F/Source code/VF_ACPUTR.h	source_code/Multiscale-and-Multiphysics-Integrated-Simulator-for-Tsunami/Simulators	코드	LLM판독	codex		자체코드
source_code/Multiscale-and-Multiphysics-Integrated-Simulator-for-Tsunami/Simulators/CADMAS-SURF-3D2F/Source code/VF_ADBGI.h	source_code/Multiscale-and-Multiphysics-Integrated-Simulator-for-Tsunami/Simulators	코드	LLM판독	codex		자체코드
source_code/Multiscale-and-Multiphysics-Integrated-Simulator-for-Tsunami/Simulators/CADMAS-SURF-3D2F/Source code/VF_ADBGR.h	source_code/Multiscale-and-Multiphysics-Integrated-Simulator-for-Tsunami/Simulators	코드	LLM판독	codex		자체코드
source_code/Multiscale-and-Multiphysics-Integrated-Simulator-for-Tsunami/Simulators/CADMAS-SURF-3D2F/Source code/VF_AFILEI.h	source_code/Multiscale-and-Multiphysics-Integrated-Simulator-for-Tsunami/Simulators	코드	LLM판독	codex		자체코드
source_code/Multiscale-and-Multiphysics-Integrated-Simulator-for-Tsunami/Simulators/CADMAS-SURF-3D2F/Source code/VF_AFILER.h	source_code/Multiscale-and-Multiphysics-Integrated-Simulator-for-Tsunami/Simulators	코드	LLM판독	codex		자체코드
source_code/Multiscale-and-Multiphysics-Integrated-Simulator-for-Tsunami/Simulators/CADMAS-SURF-3D2F/Source code/VF_ANUMBI.h	source_code/Multiscale-and-Multiphysics-Integrated-Simulator-for-Tsunami/Simulators	코드	LLM판독	codex		자체코드
source_code/Multiscale-and-Multiphysics-Integrated-Simulator-for-Tsunami/Simulators/CADMAS-SURF-3D2F/Source code/VF_APARAI.h	source_code/Multiscale-and-Multiphysics-Integrated-Simulator-for-Tsunami/Simulators	코드	LLM판독	codex	Y	자체코드
source_code/Multiscale-and-Multiphysics-Integrated-Simulator-for-Tsunami/Simulators/CADMAS-SURF-3D2F/Source code/VF_APARAR.h	source_code/Multiscale-and-Multiphysics-Integrated-Simulator-for-Tsunami/Simulators	코드	LLM판독	codex	Y	자체코드
source_code/Multiscale-and-Multiphysics-Integrated-Simulator-for-Tsunami/Simulators/CADMAS-SURF-3D2F/Source code/VF_APHYSI.h	source_code/Multiscale-and-Multiphysics-Integrated-Simulator-for-Tsunami/Simulators	코드	LLM판독	codex		자체코드
source_code/Multiscale-and-Multiphysics-Integrated-Simulator-for-Tsunami/Simulators/CADMAS-SURF-3D2F/Source code/VF_APHYSR.h	source_code/Multiscale-and-Multiphysics-Integrated-Simulator-for-Tsunami/Simulators	코드	LLM판독	codex	Y	자체코드
source_code/Multiscale-and-Multiphysics-Integrated-Simulator-for-Tsunami/Simulators/CADMAS-SURF-3D2F/Source code/VF_ASEABT.h	source_code/Multiscale-and-Multiphysics-Integrated-Simulator-for-Tsunami/Simulators	코드	LLM판독	codex		자체코드
source_code/Multiscale-and-Multiphysics-Integrated-Simulator-for-Tsunami/Simulators/CADMAS-SURF-3D2F/Source code/VF_ASTOCI.h	source_code/Multiscale-and-Multiphysics-Integrated-Simulator-for-Tsunami/Simulators	코드	LLM판독	codex	Y	자체코드
source_code/Multiscale-and-Multiphysics-Integrated-Simulator-for-Tsunami/Simulators/CADMAS-SURF-3D2F/Source code/VF_ASTOCR.h	source_code/Multiscale-and-Multiphysics-Integrated-Simulator-for-Tsunami/Simulators	코드	LLM판독	codex	Y	자체코드
source_code/Multiscale-and-Multiphysics-Integrated-Simulator-for-Tsunami/Simulators/CADMAS-SURF-3D2F/Source code/VF_ATIMEI.h	source_code/Multiscale-and-Multiphysics-Integrated-Simulator-for-Tsunami/Simulators	코드	LLM판독	codex		자체코드
source_code/Multiscale-and-Multiphysics-Integrated-Simulator-for-Tsunami/Simulators/CADMAS-SURF-3D2F/Source code/VF_ATIMER.h	source_code/Multiscale-and-Multiphysics-Integrated-Simulator-for-Tsunami/Simulators	코드	LLM판독	codex	Y	자체코드
source_code/Multiscale-and-Multiphysics-Integrated-Simulator-for-Tsunami/Simulators/CADMAS-SURF-3D2F/Source code/dummy.f90	source_code/Multiscale-and-Multiphysics-Integrated-Simulator-for-Tsunami/Simulators	코드	LLM판독	codex	Y	자체코드
source_code/Multiscale-and-Multiphysics-Integrated-Simulator-for-Tsunami/Simulators/CADMAS-SURF-3D2F/Source code/mod_comm.f90	source_code/Multiscale-and-Multiphysics-Integrated-Simulator-for-Tsunami/Simulators	코드	LLM판독	codex	Y	자체코드
source_code/Multiscale-and-Multiphysics-Integrated-Simulator-for-Tsunami/Simulators/CADMAS-SURF-3D2F/Source code/mod_dem.f90	source_code/Multiscale-and-Multiphysics-Integrated-Simulator-for-Tsunami/Simulators	코드	LLM판독	codex	Y	자체코드
source_code/Multiscale-and-Multiphysics-Integrated-Simulator-for-Tsunami/Simulators/CADMAS-SURF-3D2F/Source code/mod_fault.f	source_code/Multiscale-and-Multiphysics-Integrated-Simulator-for-Tsunami/Simulators	코드	LLM판독	codex	Y	자체코드
source_code/Multiscale-and-Multiphysics-Integrated-Simulator-for-Tsunami/Simulators/CADMAS-SURF-3D2F/Source code/obj_list.txt	source_code/Multiscale-and-Multiphysics-Integrated-Simulator-for-Tsunami/Simulators	문서	LLM판독	codex		매뉴얼·문서
source_code/Multiscale-and-Multiphysics-Integrated-Simulator-for-Tsunami/Simulators/CADMAS-SURF-3D2F/Source code/sf_addset.f	source_code/Multiscale-and-Multiphysics-Integrated-Simulator-for-Tsunami/Simulators	코드	LLM판독	codex		자체코드
source_code/Multiscale-and-Multiphysics-Integrated-Simulator-for-Tsunami/Simulators/CADMAS-SURF-3D2F/Source code/sf_adjoin.f	source_code/Multiscale-and-Multiphysics-Integrated-Simulator-for-Tsunami/Simulators	코드	LLM판독	codex		자체코드
source_code/Multiscale-and-Multiphysics-Integrated-Simulator-for-Tsunami/Simulators/CADMAS-SURF-3D2F/Source code/sf_alloc0.f	source_code/Multiscale-and-Multiphysics-Integrated-Simulator-for-Tsunami/Simulators	코드	LLM판독	codex		자체코드
source_code/Multiscale-and-Multiphysics-Integrated-Simulator-for-Tsunami/Simulators/CADMAS-SURF-3D2F/Source code/sf_alloc1.f	source_code/Multiscale-and-Multiphysics-Integrated-Simulator-for-Tsunami/Simulators	코드	LLM판독	codex		자체코드
source_code/Multiscale-and-Multiphysics-Integrated-Simulator-for-Tsunami/Simulators/CADMAS-SURF-3D2F/Source code/sf_array.f90	source_code/Multiscale-and-Multiphysics-Integrated-Simulator-for-Tsunami/Simulators	코드	LLM판독	codex		자체코드
source_code/Multiscale-and-Multiphysics-Integrated-Simulator-for-Tsunami/Simulators/CADMAS-SURF-3D2F/Source code/sf_axb.f	source_code/Multiscale-and-Multiphysics-Integrated-Simulator-for-Tsunami/Simulators	코드	LLM판독	codex		자체코드
source_code/Multiscale-and-Multiphysics-Integrated-Simulator-for-Tsunami/Simulators/CADMAS-SURF-3D2F/Source code/sf_axbt.f	source_code/Multiscale-and-Multiphysics-Integrated-Simulator-for-Tsunami/Simulators	코드	LLM판독	codex		자체코드
source_code/Multiscale-and-Multiphysics-Integrated-Simulator-for-Tsunami/Simulators/CADMAS-SURF-3D2F/Source code/sf_bc_reset.f	source_code/Multiscale-and-Multiphysics-Integrated-Simulator-for-Tsunami/Simulators	코드	LLM판독	codex		자체코드
source_code/Multiscale-and-Multiphysics-Integrated-Simulator-for-Tsunami/Simulators/CADMAS-SURF-3D2F/Source code/sf_bcast_d.f	source_code/Multiscale-and-Multiphysics-Integrated-Simulator-for-Tsunami/Simulators	코드	LLM판독	codex		자체코드
source_code/Multiscale-and-Multiphysics-Integrated-Simulator-for-Tsunami/Simulators/CADMAS-SURF-3D2F/Source code/sf_bcast_i.f	source_code/Multiscale-and-Multiphysics-Integrated-Simulator-for-Tsunami/Simulators	코드	LLM판독	codex		자체코드
source_code/Multiscale-and-Multiphysics-Integrated-Simulator-for-Tsunami/Simulators/CADMAS-SURF-3D2F/Source code/sf_bcs_obst.f	source_code/Multiscale-and-Multiphysics-Integrated-Simulator-for-Tsunami/Simulators	코드	LLM판독	codex		자체코드
source_code/Multiscale-and-Multiphysics-Integrated-Simulator-for-Tsunami/Simulators/CADMAS-SURF-3D2F/Source code/sf_bnd_gelem.f	source_code/Multiscale-and-Multiphysics-Integrated-Simulator-for-Tsunami/Simulators	코드	LLM판독	codex		자체코드
source_code/Multiscale-and-Multiphysics-Integrated-Simulator-for-Tsunami/Simulators/CADMAS-SURF-3D2F/Source code/sf_c_mpi_allreduce_i.f	source_code/Multiscale-and-Multiphysics-Integrated-Simulator-for-Tsunami/Simulators	코드	LLM판독	codex		자체코드
source_code/Multiscale-and-Multiphysics-Integrated-Simulator-for-Tsunami/Simulators/CADMAS-SURF-3D2F/Source code/sf_c_mpi_barrier.f	source_code/Multiscale-and-Multiphysics-Integrated-Simulator-for-Tsunami/Simulators	코드	LLM판독	codex		자체코드
source_code/Multiscale-and-Multiphysics-Integrated-Simulator-for-Tsunami/Simulators/CADMAS-SURF-3D2F/Source code/sf_c_mpi_comm_rank.f	source_code/Multiscale-and-Multiphysics-Integrated-Simulator-for-Tsunami/Simulators	코드	LLM판독	codex		자체코드
source_code/Multiscale-and-Multiphysics-Integrated-Simulator-for-Tsunami/Simulators/CADMAS-SURF-3D2F/Source code/sf_c_mpi_comm_size.f	source_code/Multiscale-and-Multiphysics-Integrated-Simulator-for-Tsunami/Simulators	코드	LLM판독	codex		자체코드
source_code/Multiscale-and-Multiphysics-Integrated-Simulator-for-Tsunami/Simulators/CADMAS-SURF-3D2F/Source code/sf_c_mpi_recv_d.f	source_code/Multiscale-and-Multiphysics-Integrated-Simulator-for-Tsunami/Simulators	코드	LLM판독	codex		자체코드
source_code/Multiscale-and-Multiphysics-Integrated-Simulator-for-Tsunami/Simulators/CADMAS-SURF-3D2F/Source code/sf_c_mpi_recv_i.f	source_code/Multiscale-and-Multiphysics-Integrated-Simulator-for-Tsunami/Simulators	코드	LLM판독	codex		자체코드
source_code/Multiscale-and-Multiphysics-Integrated-Simulator-for-Tsunami/Simulators/CADMAS-SURF-3D2F/Source code/sf_c_mpi_send_d.f	source_code/Multiscale-and-Multiphysics-Integrated-Simulator-for-Tsunami/Simulators	코드	LLM판독	codex		자체코드
source_code/Multiscale-and-Multiphysics-Integrated-Simulator-for-Tsunami/Simulators/CADMAS-SURF-3D2F/Source code/sf_c_mpi_send_i.f	source_code/Multiscale-and-Multiphysics-Integrated-Simulator-for-Tsunami/Simulators	코드	LLM판독	codex		자체코드
source_code/Multiscale-and-Multiphysics-Integrated-Simulator-for-Tsunami/Simulators/CADMAS-SURF-3D2F/Source code/sf_cent_elem.f	source_code/Multiscale-and-Multiphysics-Integrated-Simulator-for-Tsunami/Simulators	코드	LLM판독	codex		자체코드
source_code/Multiscale-and-Multiphysics-Integrated-Simulator-for-Tsunami/Simulators/CADMAS-SURF-3D2F/Source code/sf_cinit.f	source_code/Multiscale-and-Multiphysics-Integrated-Simulator-for-Tsunami/Simulators	코드	LLM판독	codex		자체코드
source_code/Multiscale-and-Multiphysics-Integrated-Simulator-for-Tsunami/Simulators/CADMAS-SURF-3D2F/Source code/sf_col3.f	source_code/Multiscale-and-Multiphysics-Integrated-Simulator-for-Tsunami/Simulators	코드	LLM판독	codex		자체코드
source_code/Multiscale-and-Multiphysics-Integrated-Simulator-for-Tsunami/Simulators/CADMAS-SURF-3D2F/Source code/sf_col4.f	source_code/Multiscale-and-Multiphysics-Integrated-Simulator-for-Tsunami/Simulators	코드	LLM판독	codex		자체코드
source_code/Multiscale-and-Multiphysics-Integrated-Simulator-for-Tsunami/Simulators/CADMAS-SURF-3D2F/Source code/sf_coltr.f	source_code/Multiscale-and-Multiphysics-Integrated-Simulator-for-Tsunami/Simulators	코드	LLM판독	codex		자체코드
source_code/Multiscale-and-Multiphysics-Integrated-Simulator-for-Tsunami/Simulators/CADMAS-SURF-3D2F/Source code/sf_comm_d_2.f	source_code/Multiscale-and-Multiphysics-Integrated-Simulator-for-Tsunami/Simulators	코드	LLM판독	codex		자체코드
source_code/Multiscale-and-Multiphysics-Integrated-Simulator-for-Tsunami/Simulators/CADMAS-SURF-3D2F/Source code/sf_comm_i_1.f	source_code/Multiscale-and-Multiphysics-Integrated-Simulator-for-Tsunami/Simulators	코드	LLM판독	codex		자체코드
source_code/Multiscale-and-Multiphysics-Integrated-Simulator-for-Tsunami/Simulators/CADMAS-SURF-3D2F/Source code/sf_comm_i_2.f	source_code/Multiscale-and-Multiphysics-Integrated-Simulator-for-Tsunami/Simulators	코드	LLM판독	codex		자체코드
source_code/Multiscale-and-Multiphysics-Integrated-Simulator-for-Tsunami/Simulators/CADMAS-SURF-3D2F/Source code/sf_comm_init.f	source_code/Multiscale-and-Multiphysics-Integrated-Simulator-for-Tsunami/Simulators	코드	LLM판독	codex		자체코드
source_code/Multiscale-and-Multiphysics-Integrated-Simulator-for-Tsunami/Simulators/CADMAS-SURF-3D2F/Source code/sf_cross1.f	source_code/Multiscale-and-Multiphysics-Integrated-Simulator-for-Tsunami/Simulators	코드	LLM판독	codex	Y	자체코드
source_code/Multiscale-and-Multiphysics-Integrated-Simulator-for-Tsunami/Simulators/CADMAS-SURF-3D2F/Source code/sf_cross2.f	source_code/Multiscale-and-Multiphysics-Integrated-Simulator-for-Tsunami/Simulators	코드	LLM판독	codex	Y	자체코드
source_code/Multiscale-and-Multiphysics-Integrated-Simulator-for-Tsunami/Simulators/CADMAS-SURF-3D2F/Source code/sf_cscrib.f	source_code/Multiscale-and-Multiphysics-Integrated-Simulator-for-Tsunami/Simulators	코드	LLM판독	codex		자체코드
source_code/Multiscale-and-Multiphysics-Integrated-Simulator-for-Tsunami/Simulators/CADMAS-SURF-3D2F/Source code/sf_cut2.f	source_code/Multiscale-and-Multiphysics-Integrated-Simulator-for-Tsunami/Simulators	코드	LLM판독	codex		자체코드
source_code/Multiscale-and-Multiphysics-Integrated-Simulator-for-Tsunami/Simulators/CADMAS-SURF-3D2F/Source code/sf_cut2tr.f	source_code/Multiscale-and-Multiphysics-Integrated-Simulator-for-Tsunami/Simulators	코드	LLM판독	codex		자체코드
source_code/Multiscale-and-Multiphysics-Integrated-Simulator-for-Tsunami/Simulators/CADMAS-SURF-3D2F/Source code/sf_cut2x.f	source_code/Multiscale-and-Multiphysics-Integrated-Simulator-for-Tsunami/Simulators	코드	LLM판독	codex		자체코드
source_code/Multiscale-and-Multiphysics-Integrated-Simulator-for-Tsunami/Simulators/CADMAS-SURF-3D2F/Source code/sf_cut3.f	source_code/Multiscale-and-Multiphysics-Integrated-Simulator-for-Tsunami/Simulators	코드	LLM판독	codex	Y	자체코드
source_code/Multiscale-and-Multiphysics-Integrated-Simulator-for-Tsunami/Simulators/CADMAS-SURF-3D2F/Source code/sf_cut3x.f	source_code/Multiscale-and-Multiphysics-Integrated-Simulator-for-Tsunami/Simulators	코드	LLM판독	codex	Y	자체코드
source_code/Multiscale-and-Multiphysics-Integrated-Simulator-for-Tsunami/Simulators/CADMAS-SURF-3D2F/Source code/sf_dcopy.f	source_code/Multiscale-and-Multiphysics-Integrated-Simulator-for-Tsunami/Simulators	코드	LLM판독	codex		자체코드
source_code/Multiscale-and-Multiphysics-Integrated-Simulator-for-Tsunami/Simulators/CADMAS-SURF-3D2F/Source code/sf_dealloc.f	source_code/Multiscale-and-Multiphysics-Integrated-Simulator-for-Tsunami/Simulators	코드	LLM판독	codex		자체코드
source_code/Multiscale-and-Multiphysics-Integrated-Simulator-for-Tsunami/Simulators/CADMAS-SURF-3D2F/Source code/sf_dircos.f	source_code/Multiscale-and-Multiphysics-Integrated-Simulator-for-Tsunami/Simulators	코드	LLM판독	codex		자체코드
source_code/Multiscale-and-Multiphysics-Integrated-Simulator-for-Tsunami/Simulators/CADMAS-SURF-3D2F/Source code/sf_dpth_init.f	source_code/Multiscale-and-Multiphysics-Integrated-Simulator-for-Tsunami/Simulators	코드	LLM판독	codex		자체코드
source_code/Multiscale-and-Multiphysics-Integrated-Simulator-for-Tsunami/Simulators/CADMAS-SURF-3D2F/Source code/sf_dpth_update.f	source_code/Multiscale-and-Multiphysics-Integrated-Simulator-for-Tsunami/Simulators	코드	LLM판독	codex	Y	자체코드
source_code/Multiscale-and-Multiphysics-Integrated-Simulator-for-Tsunami/Simulators/CADMAS-SURF-3D2F/Source code/sf_elem_range.f	source_code/Multiscale-and-Multiphysics-Integrated-Simulator-for-Tsunami/Simulators	코드	LLM판독	codex		자체코드
source_code/Multiscale-and-Multiphysics-Integrated-Simulator-for-Tsunami/Simulators/CADMAS-SURF-3D2F/Source code/sf_elem_skip.f	source_code/Multiscale-and-Multiphysics-Integrated-Simulator-for-Tsunami/Simulators	코드	LLM판독	codex		자체코드
source_code/Multiscale-and-Multiphysics-Integrated-Simulator-for-Tsunami/Simulators/CADMAS-SURF-3D2F/Source code/sf_ens_geom.f	source_code/Multiscale-and-Multiphysics-Integrated-Simulator-for-Tsunami/Simulators	코드	LLM판독	codex		자체코드
source_code/Multiscale-and-Multiphysics-Integrated-Simulator-for-Tsunami/Simulators/CADMAS-SURF-3D2F/Source code/sf_ens_out.f	source_code/Multiscale-and-Multiphysics-Integrated-Simulator-for-Tsunami/Simulators	코드	LLM판독	codex		자체코드
source_code/Multiscale-and-Multiphysics-Integrated-Simulator-for-Tsunami/Simulators/CADMAS-SURF-3D2F/Source code/sf_fill.f	source_code/Multiscale-and-Multiphysics-Integrated-Simulator-for-Tsunami/Simulators	코드	LLM판독	codex		자체코드
source_code/Multiscale-and-Multiphysics-Integrated-Simulator-for-Tsunami/Simulators/CADMAS-SURF-3D2F/Source code/sf_gdpth.f	source_code/Multiscale-and-Multiphysics-Integrated-Simulator-for-Tsunami/Simulators	코드	LLM판독	codex		자체코드
source_code/Multiscale-and-Multiphysics-Integrated-Simulator-for-Tsunami/Simulators/CADMAS-SURF-3D2F/Source code/sf_gipnd.f	source_code/Multiscale-and-Multiphysics-Integrated-Simulator-for-Tsunami/Simulators	코드	LLM판독	codex		자체코드
source_code/Multiscale-and-Multiphysics-Integrated-Simulator-for-Tsunami/Simulators/CADMAS-SURF-3D2F/Source code/sf_gpres.f	source_code/Multiscale-and-Multiphysics-Integrated-Simulator-for-Tsunami/Simulators	코드	LLM판독	codex		자체코드
source_code/Multiscale-and-Multiphysics-Integrated-Simulator-for-Tsunami/Simulators/CADMAS-SURF-3D2F/Source code/sf_grdl.f	source_code/Multiscale-and-Multiphysics-Integrated-Simulator-for-Tsunami/Simulators	코드	LLM판독	codex		자체코드
source_code/Multiscale-and-Multiphysics-Integrated-Simulator-for-Tsunami/Simulators/CADMAS-SURF-3D2F/Source code/sf_gsfhx.f	source_code/Multiscale-and-Multiphysics-Integrated-Simulator-for-Tsunami/Simulators	코드	LLM판독	codex		자체코드
source_code/Multiscale-and-Multiphysics-Integrated-Simulator-for-Tsunami/Simulators/CADMAS-SURF-3D2F/Source code/sf_gsfpn.f	source_code/Multiscale-and-Multiphysics-Integrated-Simulator-for-Tsunami/Simulators	코드	LLM판독	codex		자체코드
source_code/Multiscale-and-Multiphysics-Integrated-Simulator-for-Tsunami/Simulators/CADMAS-SURF-3D2F/Source code/sf_hqu1.f	source_code/Multiscale-and-Multiphysics-Integrated-Simulator-for-Tsunami/Simulators	코드	LLM판독	codex		자체코드
source_code/Multiscale-and-Multiphysics-Integrated-Simulator-for-Tsunami/Simulators/CADMAS-SURF-3D2F/Source code/sf_icopy.f	source_code/Multiscale-and-Multiphysics-Integrated-Simulator-for-Tsunami/Simulators	코드	LLM판독	codex		자체코드
source_code/Multiscale-and-Multiphysics-Integrated-Simulator-for-Tsunami/Simulators/CADMAS-SURF-3D2F/Source code/sf_ij.f	source_code/Multiscale-and-Multiphysics-Integrated-Simulator-for-Tsunami/Simulators	코드	LLM판독	codex		자체코드
source_code/Multiscale-and-Multiphysics-Integrated-Simulator-for-Tsunami/Simulators/CADMAS-SURF-3D2F/Source code/sf_ijk.f	source_code/Multiscale-and-Multiphysics-Integrated-Simulator-for-Tsunami/Simulators	코드	LLM판독	codex		자체코드
source_code/Multiscale-and-Multiphysics-Integrated-Simulator-for-Tsunami/Simulators/CADMAS-SURF-3D2F/Source code/sf_indx_reset.f	source_code/Multiscale-and-Multiphysics-Integrated-Simulator-for-Tsunami/Simulators	코드	LLM판독	codex		자체코드
source_code/Multiscale-and-Multiphysics-Integrated-Simulator-for-Tsunami/Simulators/CADMAS-SURF-3D2F/Source code/sf_intpl_dpth.f	source_code/Multiscale-and-Multiphysics-Integrated-Simulator-for-Tsunami/Simulators	코드	LLM판독	codex		자체코드
source_code/Multiscale-and-Multiphysics-Integrated-Simulator-for-Tsunami/Simulators/CADMAS-SURF-3D2F/Source code/sf_length.f	source_code/Multiscale-and-Multiphysics-Integrated-Simulator-for-Tsunami/Simulators	코드	LLM판독	codex		자체코드
source_code/Multiscale-and-Multiphysics-Integrated-Simulator-for-Tsunami/Simulators/CADMAS-SURF-3D2F/Source code/sf_mdfxyz.f	source_code/Multiscale-and-Multiphysics-Integrated-Simulator-for-Tsunami/Simulators	코드	LLM판독	codex		자체코드
source_code/Multiscale-and-Multiphysics-Integrated-Simulator-for-Tsunami/Simulators/CADMAS-SURF-3D2F/Source code/sf_mdlndh.f	source_code/Multiscale-and-Multiphysics-Integrated-Simulator-for-Tsunami/Simulators	코드	LLM판독	codex		자체코드
source_code/Multiscale-and-Multiphysics-Integrated-Simulator-for-Tsunami/Simulators/CADMAS-SURF-3D2F/Source code/sf_mdporo.f	source_code/Multiscale-and-Multiphysics-Integrated-Simulator-for-Tsunami/Simulators	코드	LLM판독	codex	Y	자체코드
source_code/Multiscale-and-Multiphysics-Integrated-Simulator-for-Tsunami/Simulators/CADMAS-SURF-3D2F/Source code/sf_mdporo_h.f	source_code/Multiscale-and-Multiphysics-Integrated-Simulator-for-Tsunami/Simulators	코드	LLM판독	codex	Y	자체코드
source_code/Multiscale-and-Multiphysics-Integrated-Simulator-for-Tsunami/Simulators/CADMAS-SURF-3D2F/Source code/sf_mean1.f	source_code/Multiscale-and-Multiphysics-Integrated-Simulator-for-Tsunami/Simulators	코드	LLM판독	codex		자체코드
source_code/Multiscale-and-Multiphysics-Integrated-Simulator-for-Tsunami/Simulators/CADMAS-SURF-3D2F/Source code/sf_mean4.f	source_code/Multiscale-and-Multiphysics-Integrated-Simulator-for-Tsunami/Simulators	코드	LLM판독	codex		자체코드
source_code/Multiscale-and-Multiphysics-Integrated-Simulator-for-Tsunami/Simulators/CADMAS-SURF-3D2F/Source code/sf_mktehx.f	source_code/Multiscale-and-Multiphysics-Integrated-Simulator-for-Tsunami/Simulators	코드	LLM판독	codex		자체코드
source_code/Multiscale-and-Multiphysics-Integrated-Simulator-for-Tsunami/Simulators/CADMAS-SURF-3D2F/Source code/sf_mktepn.f	source_code/Multiscale-and-Multiphysics-Integrated-Simulator-for-Tsunami/Simulators	코드	LLM판독	codex		자체코드
source_code/Multiscale-and-Multiphysics-Integrated-Simulator-for-Tsunami/Simulators/CADMAS-SURF-3D2F/Source code/sf_mpi_allreduce_d.f	source_code/Multiscale-and-Multiphysics-Integrated-Simulator-for-Tsunami/Simulators	코드	LLM판독	codex		자체코드
source_code/Multiscale-and-Multiphysics-Integrated-Simulator-for-Tsunami/Simulators/CADMAS-SURF-3D2F/Source code/sf_mpi_allreduce_i.f	source_code/Multiscale-and-Multiphysics-Integrated-Simulator-for-Tsunami/Simulators	코드	LLM판독	codex		자체코드
source_code/Multiscale-and-Multiphysics-Integrated-Simulator-for-Tsunami/Simulators/CADMAS-SURF-3D2F/Source code/sf_mpi_irecv_d.f	source_code/Multiscale-and-Multiphysics-Integrated-Simulator-for-Tsunami/Simulators	코드	LLM판독	codex		자체코드
source_code/Multiscale-and-Multiphysics-Integrated-Simulator-for-Tsunami/Simulators/CADMAS-SURF-3D2F/Source code/sf_mpi_irecv_i.f	source_code/Multiscale-and-Multiphysics-Integrated-Simulator-for-Tsunami/Simulators	코드	LLM판독	codex		자체코드
source_code/Multiscale-and-Multiphysics-Integrated-Simulator-for-Tsunami/Simulators/CADMAS-SURF-3D2F/Source code/sf_mpi_isend_d.f	source_code/Multiscale-and-Multiphysics-Integrated-Simulator-for-Tsunami/Simulators	코드	LLM판독	codex		자체코드
source_code/Multiscale-and-Multiphysics-Integrated-Simulator-for-Tsunami/Simulators/CADMAS-SURF-3D2F/Source code/sf_mpi_isend_i.f	source_code/Multiscale-and-Multiphysics-Integrated-Simulator-for-Tsunami/Simulators	코드	LLM판독	codex		자체코드
source_code/Multiscale-and-Multiphysics-Integrated-Simulator-for-Tsunami/Simulators/CADMAS-SURF-3D2F/Source code/sf_mpi_recv_d.f	source_code/Multiscale-and-Multiphysics-Integrated-Simulator-for-Tsunami/Simulators	코드	LLM판독	codex		자체코드
source_code/Multiscale-and-Multiphysics-Integrated-Simulator-for-Tsunami/Simulators/CADMAS-SURF-3D2F/Source code/sf_mpi_recv_i.f	source_code/Multiscale-and-Multiphysics-Integrated-Simulator-for-Tsunami/Simulators	코드	LLM판독	codex		자체코드
source_code/Multiscale-and-Multiphysics-Integrated-Simulator-for-Tsunami/Simulators/CADMAS-SURF-3D2F/Source code/sf_mpi_reduce_d.f	source_code/Multiscale-and-Multiphysics-Integrated-Simulator-for-Tsunami/Simulators	코드	LLM판독	codex		자체코드
source_code/Multiscale-and-Multiphysics-Integrated-Simulator-for-Tsunami/Simulators/CADMAS-SURF-3D2F/Source code/sf_mpi_reduce_i.f	source_code/Multiscale-and-Multiphysics-Integrated-Simulator-for-Tsunami/Simulators	코드	LLM판독	codex		자체코드
source_code/Multiscale-and-Multiphysics-Integrated-Simulator-for-Tsunami/Simulators/CADMAS-SURF-3D2F/Source code/sf_mpi_send_d.f	source_code/Multiscale-and-Multiphysics-Integrated-Simulator-for-Tsunami/Simulators	코드	LLM판독	codex		자체코드
source_code/Multiscale-and-Multiphysics-Integrated-Simulator-for-Tsunami/Simulators/CADMAS-SURF-3D2F/Source code/sf_mpi_send_i.f	source_code/Multiscale-and-Multiphysics-Integrated-Simulator-for-Tsunami/Simulators	코드	LLM판독	codex		자체코드
source_code/Multiscale-and-Multiphysics-Integrated-Simulator-for-Tsunami/Simulators/CADMAS-SURF-3D2F/Source code/sf_mpi_waitall.f	source_code/Multiscale-and-Multiphysics-Integrated-Simulator-for-Tsunami/Simulators	코드	LLM판독	codex		자체코드
source_code/Multiscale-and-Multiphysics-Integrated-Simulator-for-Tsunami/Simulators/CADMAS-SURF-3D2F/Source code/sf_nf_reset.f	source_code/Multiscale-and-Multiphysics-Integrated-Simulator-for-Tsunami/Simulators	코드	LLM판독	codex		자체코드
source_code/Multiscale-and-Multiphysics-Integrated-Simulator-for-Tsunami/Simulators/CADMAS-SURF-3D2F/Source code/sf_nrmvec.f	source_code/Multiscale-and-Multiphysics-Integrated-Simulator-for-Tsunami/Simulators	코드	LLM판독	codex	Y	자체코드
source_code/Multiscale-and-Multiphysics-Integrated-Simulator-for-Tsunami/Simulators/CADMAS-SURF-3D2F/Source code/sf_obst_por.f	source_code/Multiscale-and-Multiphysics-Integrated-Simulator-for-Tsunami/Simulators	코드	LLM판독	codex		자체코드
source_code/Multiscale-and-Multiphysics-Integrated-Simulator-for-Tsunami/Simulators/CADMAS-SURF-3D2F/Source code/sf_pface0.f	source_code/Multiscale-and-Multiphysics-Integrated-Simulator-for-Tsunami/Simulators	코드	LLM판독	codex	Y	자체코드
source_code/Multiscale-and-Multiphysics-Integrated-Simulator-for-Tsunami/Simulators/CADMAS-SURF-3D2F/Source code/sf_pface1.f	source_code/Multiscale-and-Multiphysics-Integrated-Simulator-for-Tsunami/Simulators	코드	LLM판독	codex		자체코드
source_code/Multiscale-and-Multiphysics-Integrated-Simulator-for-Tsunami/Simulators/CADMAS-SURF-3D2F/Source code/sf_pface2.f	source_code/Multiscale-and-Multiphysics-Integrated-Simulator-for-Tsunami/Simulators	코드	LLM판독	codex		자체코드
source_code/Multiscale-and-Multiphysics-Integrated-Simulator-for-Tsunami/Simulators/CADMAS-SURF-3D2F/Source code/sf_pface3.f	source_code/Multiscale-and-Multiphysics-Integrated-Simulator-for-Tsunami/Simulators	코드	LLM판독	codex	Y	자체코드
source_code/Multiscale-and-Multiphysics-Integrated-Simulator-for-Tsunami/Simulators/CADMAS-SURF-3D2F/Source code/sf_pfc_skip.f	source_code/Multiscale-and-Multiphysics-Integrated-Simulator-for-Tsunami/Simulators	코드	LLM판독	codex		자체코드
source_code/Multiscale-and-Multiphysics-Integrated-Simulator-for-Tsunami/Simulators/CADMAS-SURF-3D2F/Source code/sf_pmgbc0.f	source_code/Multiscale-and-Multiphysics-Integrated-Simulator-for-Tsunami/Simulators	코드	LLM판독	codex		자체코드
source_code/Multiscale-and-Multiphysics-Integrated-Simulator-for-Tsunami/Simulators/CADMAS-SURF-3D2F/Source code/sf_pos_init.f	source_code/Multiscale-and-Multiphysics-Integrated-Simulator-for-Tsunami/Simulators	코드	LLM판독	codex		자체코드
source_code/Multiscale-and-Multiphysics-Integrated-Simulator-for-Tsunami/Simulators/CADMAS-SURF-3D2F/Source code/sf_pos_update1.f	source_code/Multiscale-and-Multiphysics-Integrated-Simulator-for-Tsunami/Simulators	코드	LLM판독	codex		자체코드
source_code/Multiscale-and-Multiphysics-Integrated-Simulator-for-Tsunami/Simulators/CADMAS-SURF-3D2F/Source code/sf_pos_update2.f	source_code/Multiscale-and-Multiphysics-Integrated-Simulator-for-Tsunami/Simulators	코드	LLM판독	codex	Y	자체코드
source_code/Multiscale-and-Multiphysics-Integrated-Simulator-for-Tsunami/Simulators/CADMAS-SURF-3D2F/Source code/sf_pos_updt.f	source_code/Multiscale-and-Multiphysics-Integrated-Simulator-for-Tsunami/Simulators	코드	LLM판독	codex		자체코드
source_code/Multiscale-and-Multiphysics-Integrated-Simulator-for-Tsunami/Simulators/CADMAS-SURF-3D2F/Source code/sf_prsini.f	source_code/Multiscale-and-Multiphysics-Integrated-Simulator-for-Tsunami/Simulators	코드	LLM판독	codex		자체코드
source_code/Multiscale-and-Multiphysics-Integrated-Simulator-for-Tsunami/Simulators/CADMAS-SURF-3D2F/Source code/sf_prstrn.f	source_code/Multiscale-and-Multiphysics-Integrated-Simulator-for-Tsunami/Simulators	코드	LLM판독	codex		자체코드
source_code/Multiscale-and-Multiphysics-Integrated-Simulator-for-Tsunami/Simulators/CADMAS-SURF-3D2F/Source code/sf_rd_obst.f	source_code/Multiscale-and-Multiphysics-Integrated-Simulator-for-Tsunami/Simulators	코드	LLM판독	codex		자체코드
source_code/Multiscale-and-Multiphysics-Integrated-Simulator-for-Tsunami/Simulators/CADMAS-SURF-3D2F/Source code/sf_rd_restart.f	source_code/Multiscale-and-Multiphysics-Integrated-Simulator-for-Tsunami/Simulators	코드	LLM판독	codex		자체코드
source_code/Multiscale-and-Multiphysics-Integrated-Simulator-for-Tsunami/Simulators/CADMAS-SURF-3D2F/Source code/sf_realloc.f	source_code/Multiscale-and-Multiphysics-Integrated-Simulator-for-Tsunami/Simulators	코드	LLM판독	codex		자체코드
source_code/Multiscale-and-Multiphysics-Integrated-Simulator-for-Tsunami/Simulators/CADMAS-SURF-3D2F/Source code/sf_recv_cont.f	source_code/Multiscale-and-Multiphysics-Integrated-Simulator-for-Tsunami/Simulators	코드	LLM판독	codex		자체코드
source_code/Multiscale-and-Multiphysics-Integrated-Simulator-for-Tsunami/Simulators/CADMAS-SURF-3D2F/Source code/sf_reduce_d.f	source_code/Multiscale-and-Multiphysics-Integrated-Simulator-for-Tsunami/Simulators	코드	LLM판독	codex		자체코드
source_code/Multiscale-and-Multiphysics-Integrated-Simulator-for-Tsunami/Simulators/CADMAS-SURF-3D2F/Source code/sf_reduce_i.f	source_code/Multiscale-and-Multiphysics-Integrated-Simulator-for-Tsunami/Simulators	코드	LLM판독	codex		자체코드
source_code/Multiscale-and-Multiphysics-Integrated-Simulator-for-Tsunami/Simulators/CADMAS-SURF-3D2F/Source code/sf_remv.f	source_code/Multiscale-and-Multiphysics-Integrated-Simulator-for-Tsunami/Simulators	코드	LLM판독	codex		자체코드
source_code/Multiscale-and-Multiphysics-Integrated-Simulator-for-Tsunami/Simulators/CADMAS-SURF-3D2F/Source code/sf_reset_ff.f	source_code/Multiscale-and-Multiphysics-Integrated-Simulator-for-Tsunami/Simulators	코드	LLM판독	codex		자체코드
source_code/Multiscale-and-Multiphysics-Integrated-Simulator-for-Tsunami/Simulators/CADMAS-SURF-3D2F/Source code/sf_reset_uu.f	source_code/Multiscale-and-Multiphysics-Integrated-Simulator-for-Tsunami/Simulators	코드	LLM판독	codex		자체코드
source_code/Multiscale-and-Multiphysics-Integrated-Simulator-for-Tsunami/Simulators/CADMAS-SURF-3D2F/Source code/sf_rface0.f	source_code/Multiscale-and-Multiphysics-Integrated-Simulator-for-Tsunami/Simulators	코드	LLM판독	codex	Y	자체코드
source_code/Multiscale-and-Multiphysics-Integrated-Simulator-for-Tsunami/Simulators/CADMAS-SURF-3D2F/Source code/sf_rface2.f	source_code/Multiscale-and-Multiphysics-Integrated-Simulator-for-Tsunami/Simulators	코드	LLM판독	codex		자체코드
source_code/Multiscale-and-Multiphysics-Integrated-Simulator-for-Tsunami/Simulators/CADMAS-SURF-3D2F/Source code/sf_rint.f	source_code/Multiscale-and-Multiphysics-Integrated-Simulator-for-Tsunami/Simulators	코드	LLM판독	codex		자체코드
source_code/Multiscale-and-Multiphysics-Integrated-Simulator-for-Tsunami/Simulators/CADMAS-SURF-3D2F/Source code/sf_s34.f	source_code/Multiscale-and-Multiphysics-Integrated-Simulator-for-Tsunami/Simulators	코드	LLM판독	codex		자체코드
source_code/Multiscale-and-Multiphysics-Integrated-Simulator-for-Tsunami/Simulators/CADMAS-SURF-3D2F/Source code/sf_send_rst.f	source_code/Multiscale-and-Multiphysics-Integrated-Simulator-for-Tsunami/Simulators	코드	LLM판독	codex		자체코드
source_code/Multiscale-and-Multiphysics-Integrated-Simulator-for-Tsunami/Simulators/CADMAS-SURF-3D2F/Source code/sf_send_surf.f	source_code/Multiscale-and-Multiphysics-Integrated-Simulator-for-Tsunami/Simulators	코드	LLM판독	codex		자체코드
source_code/Multiscale-and-Multiphysics-Integrated-Simulator-for-Tsunami/Simulators/CADMAS-SURF-3D2F/Source code/sf_stm0.f	source_code/Multiscale-and-Multiphysics-Integrated-Simulator-for-Tsunami/Simulators	코드	LLM판독	codex		자체코드
source_code/Multiscale-and-Multiphysics-Integrated-Simulator-for-Tsunami/Simulators/CADMAS-SURF-3D2F/Source code/sf_stm1.f	source_code/Multiscale-and-Multiphysics-Integrated-Simulator-for-Tsunami/Simulators	코드	LLM판독	codex	Y	자체코드
source_code/Multiscale-and-Multiphysics-Integrated-Simulator-for-Tsunami/Simulators/CADMAS-SURF-3D2F/Source code/sf_stm2.f	source_code/Multiscale-and-Multiphysics-Integrated-Simulator-for-Tsunami/Simulators	코드	LLM판독	codex	Y	자체코드
source_code/Multiscale-and-Multiphysics-Integrated-Simulator-for-Tsunami/Simulators/CADMAS-SURF-3D2F/Source code/sf_stm3.f	source_code/Multiscale-and-Multiphysics-Integrated-Simulator-for-Tsunami/Simulators	코드	LLM판독	codex		자체코드
source_code/Multiscale-and-Multiphysics-Integrated-Simulator-for-Tsunami/Simulators/CADMAS-SURF-3D2F/Source code/sf_stm_c_mpi_comm_rank.f	source_code/Multiscale-and-Multiphysics-Integrated-Simulator-for-Tsunami/Simulators	코드	LLM판독	codex		자체코드
source_code/Multiscale-and-Multiphysics-Integrated-Simulator-for-Tsunami/Simulators/CADMAS-SURF-3D2F/Source code/sf_stm_c_mpi_comm_size.f	source_code/Multiscale-and-Multiphysics-Integrated-Simulator-for-Tsunami/Simulators	코드	LLM판독	codex		자체코드
source_code/Multiscale-and-Multiphysics-Integrated-Simulator-for-Tsunami/Simulators/CADMAS-SURF-3D2F/Source code/sf_stm_c_mpi_recv_d.f	source_code/Multiscale-and-Multiphysics-Integrated-Simulator-for-Tsunami/Simulators	코드	LLM판독	codex		자체코드
source_code/Multiscale-and-Multiphysics-Integrated-Simulator-for-Tsunami/Simulators/CADMAS-SURF-3D2F/Source code/sf_stm_c_mpi_recv_i.f	source_code/Multiscale-and-Multiphysics-Integrated-Simulator-for-Tsunami/Simulators	코드	LLM판독	codex		자체코드
source_code/Multiscale-and-Multiphysics-Integrated-Simulator-for-Tsunami/Simulators/CADMAS-SURF-3D2F/Source code/sf_stm_c_mpi_send_d.f	source_code/Multiscale-and-Multiphysics-Integrated-Simulator-for-Tsunami/Simulators	코드	LLM판독	codex		자체코드
source_code/Multiscale-and-Multiphysics-Integrated-Simulator-for-Tsunami/Simulators/CADMAS-SURF-3D2F/Source code/sf_stm_c_mpi_send_i.f	source_code/Multiscale-and-Multiphysics-Integrated-Simulator-for-Tsunami/Simulators	코드	LLM판독	codex		자체코드
source_code/Multiscale-and-Multiphysics-Integrated-Simulator-for-Tsunami/Simulators/CADMAS-SURF-3D2F/Source code/sf_stm_comm_init.f	source_code/Multiscale-and-Multiphysics-Integrated-Simulator-for-Tsunami/Simulators	코드	LLM판독	codex		자체코드
source_code/Multiscale-and-Multiphysics-Integrated-Simulator-for-Tsunami/Simulators/CADMAS-SURF-3D2F/Source code/sf_stm_finalize.f	source_code/Multiscale-and-Multiphysics-Integrated-Simulator-for-Tsunami/Simulators	코드	LLM판독	codex		자체코드
source_code/Multiscale-and-Multiphysics-Integrated-Simulator-for-Tsunami/Simulators/CADMAS-SURF-3D2F/Source code/sf_stm_gather_d.f	source_code/Multiscale-and-Multiphysics-Integrated-Simulator-for-Tsunami/Simulators	코드	LLM판독	codex		자체코드
source_code/Multiscale-and-Multiphysics-Integrated-Simulator-for-Tsunami/Simulators/CADMAS-SURF-3D2F/Source code/sf_stm_gather_i.f	source_code/Multiscale-and-Multiphysics-Integrated-Simulator-for-Tsunami/Simulators	코드	LLM판독	codex		자체코드
source_code/Multiscale-and-Multiphysics-Integrated-Simulator-for-Tsunami/Simulators/CADMAS-SURF-3D2F/Source code/sf_stm_obst.f	source_code/Multiscale-and-Multiphysics-Integrated-Simulator-for-Tsunami/Simulators	코드	LLM판독	codex		자체코드
source_code/Multiscale-and-Multiphysics-Integrated-Simulator-for-Tsunami/Simulators/CADMAS-SURF-3D2F/Source code/sf_stm_scatter_d.f	source_code/Multiscale-and-Multiphysics-Integrated-Simulator-for-Tsunami/Simulators	코드	LLM판독	codex		자체코드
source_code/Multiscale-and-Multiphysics-Integrated-Simulator-for-Tsunami/Simulators/CADMAS-SURF-3D2F/Source code/sf_str0.f	source_code/Multiscale-and-Multiphysics-Integrated-Simulator-for-Tsunami/Simulators	코드	LLM판독	codex		자체코드
source_code/Multiscale-and-Multiphysics-Integrated-Simulator-for-Tsunami/Simulators/CADMAS-SURF-3D2F/Source code/sf_str1.f	source_code/Multiscale-and-Multiphysics-Integrated-Simulator-for-Tsunami/Simulators	코드	LLM판독	codex		자체코드
source_code/Multiscale-and-Multiphysics-Integrated-Simulator-for-Tsunami/Simulators/CADMAS-SURF-3D2F/Source code/sf_str2.f	source_code/Multiscale-and-Multiphysics-Integrated-Simulator-for-Tsunami/Simulators	코드	LLM판독	codex		자체코드
source_code/Multiscale-and-Multiphysics-Integrated-Simulator-for-Tsunami/Simulators/CADMAS-SURF-3D2F/Source code/sf_str3.f	source_code/Multiscale-and-Multiphysics-Integrated-Simulator-for-Tsunami/Simulators	코드	LLM판독	codex		자체코드
source_code/Multiscale-and-Multiphysics-Integrated-Simulator-for-Tsunami/Simulators/CADMAS-SURF-3D2F/Source code/sf_str_obst.f	source_code/Multiscale-and-Multiphysics-Integrated-Simulator-for-Tsunami/Simulators	코드	LLM판독	codex	Y	자체코드
source_code/Multiscale-and-Multiphysics-Integrated-Simulator-for-Tsunami/Simulators/CADMAS-SURF-3D2F/Source code/sf_stria.f	source_code/Multiscale-and-Multiphysics-Integrated-Simulator-for-Tsunami/Simulators	코드	LLM판독	codex		자체코드
source_code/Multiscale-and-Multiphysics-Integrated-Simulator-for-Tsunami/Simulators/CADMAS-SURF-3D2F/Source code/sf_tetdiv.f	source_code/Multiscale-and-Multiphysics-Integrated-Simulator-for-Tsunami/Simulators	코드	LLM판독	codex	Y	자체코드
source_code/Multiscale-and-Multiphysics-Integrated-Simulator-for-Tsunami/Simulators/CADMAS-SURF-3D2F/Source code/sf_tetvol.f	source_code/Multiscale-and-Multiphysics-Integrated-Simulator-for-Tsunami/Simulators	코드	LLM판독	codex	Y	자체코드
source_code/Multiscale-and-Multiphysics-Integrated-Simulator-for-Tsunami/Simulators/CADMAS-SURF-3D2F/Source code/sf_trm1.f	source_code/Multiscale-and-Multiphysics-Integrated-Simulator-for-Tsunami/Simulators	코드	LLM판독	codex		자체코드
source_code/Multiscale-and-Multiphysics-Integrated-Simulator-for-Tsunami/Simulators/CADMAS-SURF-3D2F/Source code/sf_trm2.f	source_code/Multiscale-and-Multiphysics-Integrated-Simulator-for-Tsunami/Simulators	코드	LLM판독	codex		자체코드
source_code/Multiscale-and-Multiphysics-Integrated-Simulator-for-Tsunami/Simulators/CADMAS-SURF-3D2F/Source code/sf_trns1.f	source_code/Multiscale-and-Multiphysics-Integrated-Simulator-for-Tsunami/Simulators	코드	LLM판독	codex		자체코드
source_code/Multiscale-and-Multiphysics-Integrated-Simulator-for-Tsunami/Simulators/CADMAS-SURF-3D2F/Source code/sf_trns2.f	source_code/Multiscale-and-Multiphysics-Integrated-Simulator-for-Tsunami/Simulators	코드	LLM판독	codex		자체코드
source_code/Multiscale-and-Multiphysics-Integrated-Simulator-for-Tsunami/Simulators/CADMAS-SURF-3D2F/Source code/sf_type.f90	source_code/Multiscale-and-Multiphysics-Integrated-Simulator-for-Tsunami/Simulators	코드	LLM판독	codex	Y	자체코드
source_code/Multiscale-and-Multiphysics-Integrated-Simulator-for-Tsunami/Simulators/CADMAS-SURF-3D2F/Source code/sf_updt_obst.f	source_code/Multiscale-and-Multiphysics-Integrated-Simulator-for-Tsunami/Simulators	코드	LLM판독	codex		자체코드
source_code/Multiscale-and-Multiphysics-Integrated-Simulator-for-Tsunami/Simulators/CADMAS-SURF-3D2F/Source code/sf_vecml.f	source_code/Multiscale-and-Multiphysics-Integrated-Simulator-for-Tsunami/Simulators	코드	LLM판독	codex		자체코드
source_code/Multiscale-and-Multiphysics-Integrated-Simulator-for-Tsunami/Simulators/CADMAS-SURF-3D2F/Source code/sf_volchk.f	source_code/Multiscale-and-Multiphysics-Integrated-Simulator-for-Tsunami/Simulators	코드	LLM판독	codex	Y	자체코드
source_code/Multiscale-and-Multiphysics-Integrated-Simulator-for-Tsunami/Simulators/CADMAS-SURF-3D2F/Source code/sf_wt_restart.f	source_code/Multiscale-and-Multiphysics-Integrated-Simulator-for-Tsunami/Simulators	코드	LLM판독	codex		자체코드
source_code/Multiscale-and-Multiphysics-Integrated-Simulator-for-Tsunami/Simulators/CADMAS-SURF-3D2F/Source code/user_eos.f	source_code/Multiscale-and-Multiphysics-Integrated-Simulator-for-Tsunami/Simulators	코드	LLM판독	codex	Y	자체코드
source_code/Multiscale-and-Multiphysics-Integrated-Simulator-for-Tsunami/Simulators/CADMAS-SURF-3D2F/Source code/vf_a1main.f	source_code/Multiscale-and-Multiphysics-Integrated-Simulator-for-Tsunami/Simulators	코드	LLM판독	codex	Y	자체코드
source_code/Multiscale-and-Multiphysics-Integrated-Simulator-for-Tsunami/Simulators/CADMAS-SURF-3D2F/Source code/vf_a2array.f90	source_code/Multiscale-and-Multiphysics-Integrated-Simulator-for-Tsunami/Simulators	코드	LLM판독	codex		자체코드
source_code/Multiscale-and-Multiphysics-Integrated-Simulator-for-Tsunami/Simulators/CADMAS-SURF-3D2F/Source code/vf_a2clos.f	source_code/Multiscale-and-Multiphysics-Integrated-Simulator-for-Tsunami/Simulators	코드	LLM판독	codex		자체코드
source_code/Multiscale-and-Multiphysics-Integrated-Simulator-for-Tsunami/Simulators/CADMAS-SURF-3D2F/Source code/vf_a2cput.f	source_code/Multiscale-and-Multiphysics-Integrated-Simulator-for-Tsunami/Simulators	코드	LLM판독	codex		자체코드
source_code/Multiscale-and-Multiphysics-Integrated-Simulator-for-Tsunami/Simulators/CADMAS-SURF-3D2F/Source code/vf_a2dflt.f	source_code/Multiscale-and-Multiphysics-Integrated-Simulator-for-Tsunami/Simulators	코드	LLM판독	codex	Y	자체코드
source_code/Multiscale-and-Multiphysics-Integrated-Simulator-for-Tsunami/Simulators/CADMAS-SURF-3D2F/Source code/vf_a2err.f	source_code/Multiscale-and-Multiphysics-Integrated-Simulator-for-Tsunami/Simulators	코드	LLM판독	codex		자체코드
source_code/Multiscale-and-Multiphysics-Integrated-Simulator-for-Tsunami/Simulators/CADMAS-SURF-3D2F/Source code/vf_bspp.f	source_code/Multiscale-and-Multiphysics-Integrated-Simulator-for-Tsunami/Simulators	코드	LLM판독	codex		자체코드
source_code/Multiscale-and-Multiphysics-Integrated-Simulator-for-Tsunami/Simulators/CADMAS-SURF-3D2F/Source code/vf_bsppfl.f	source_code/Multiscale-and-Multiphysics-Integrated-Simulator-for-Tsunami/Simulators	코드	LLM판독	codex		자체코드
source_code/Multiscale-and-Multiphysics-Integrated-Simulator-for-Tsunami/Simulators/CADMAS-SURF-3D2F/Source code/vf_bsss.f	source_code/Multiscale-and-Multiphysics-Integrated-Simulator-for-Tsunami/Simulators	코드	LLM판독	codex		자체코드
source_code/Multiscale-and-Multiphysics-Integrated-Simulator-for-Tsunami/Simulators/CADMAS-SURF-3D2F/Source code/vf_bsuwem.f	source_code/Multiscale-and-Multiphysics-Integrated-Simulator-for-Tsunami/Simulators	코드	LLM판독	codex	Y	자체코드
source_code/Multiscale-and-Multiphysics-Integrated-Simulator-for-Tsunami/Simulators/CADMAS-SURF-3D2F/Source code/vf_bsuwn.f	source_code/Multiscale-and-Multiphysics-Integrated-Simulator-for-Tsunami/Simulators	코드	LLM판독	codex	Y	자체코드
source_code/Multiscale-and-Multiphysics-Integrated-Simulator-for-Tsunami/Simulators/CADMAS-SURF-3D2F/Source code/vf_bsuwn3.f	source_code/Multiscale-and-Multiphysics-Integrated-Simulator-for-Tsunami/Simulators	코드	LLM판독	codex	Y	자체코드
source_code/Multiscale-and-Multiphysics-Integrated-Simulator-for-Tsunami/Simulators/CADMAS-SURF-3D2F/Source code/vf_bsuwt.f	source_code/Multiscale-and-Multiphysics-Integrated-Simulator-for-Tsunami/Simulators	코드	LLM판독	codex	Y	자체코드
source_code/Multiscale-and-Multiphysics-Integrated-Simulator-for-Tsunami/Simulators/CADMAS-SURF-3D2F/Source code/vf_bsuwt2.f	source_code/Multiscale-and-Multiphysics-Integrated-Simulator-for-Tsunami/Simulators	코드	LLM판독	codex	Y	자체코드
source_code/Multiscale-and-Multiphysics-Integrated-Simulator-for-Tsunami/Simulators/CADMAS-SURF-3D2F/Source code/vf_bwff.f	source_code/Multiscale-and-Multiphysics-Integrated-Simulator-for-Tsunami/Simulators	코드	LLM판독	codex		자체코드
source_code/Multiscale-and-Multiphysics-Integrated-Simulator-for-Tsunami/Simulators/CADMAS-SURF-3D2F/Source code/vf_bwffsf.f	source_code/Multiscale-and-Multiphysics-Integrated-Simulator-for-Tsunami/Simulators	코드	LLM판독	codex		자체코드
source_code/Multiscale-and-Multiphysics-Integrated-Simulator-for-Tsunami/Simulators/CADMAS-SURF-3D2F/Source code/vf_bwke.f	source_code/Multiscale-and-Multiphysics-Integrated-Simulator-for-Tsunami/Simulators	코드	LLM판독	codex		자체코드
source_code/Multiscale-and-Multiphysics-Integrated-Simulator-for-Tsunami/Simulators/CADMAS-SURF-3D2F/Source code/vf_bwkelg.f	source_code/Multiscale-and-Multiphysics-Integrated-Simulator-for-Tsunami/Simulators	코드	LLM판독	codex		자체코드
source_code/Multiscale-and-Multiphysics-Integrated-Simulator-for-Tsunami/Simulators/CADMAS-SURF-3D2F/Source code/vf_bwpp.f	source_code/Multiscale-and-Multiphysics-Integrated-Simulator-for-Tsunami/Simulators	코드	LLM판독	codex		자체코드
source_code/Multiscale-and-Multiphysics-Integrated-Simulator-for-Tsunami/Simulators/CADMAS-SURF-3D2F/Source code/vf_bwss.f	source_code/Multiscale-and-Multiphysics-Integrated-Simulator-for-Tsunami/Simulators	코드	LLM판독	codex		자체코드
source_code/Multiscale-and-Multiphysics-Integrated-Simulator-for-Tsunami/Simulators/CADMAS-SURF-3D2F/Source code/vf_bwuwg.f	source_code/Multiscale-and-Multiphysics-Integrated-Simulator-for-Tsunami/Simulators	코드	LLM판독	codex		자체코드
source_code/Multiscale-and-Multiphysics-Integrated-Simulator-for-Tsunami/Simulators/CADMAS-SURF-3D2F/Source code/vf_bwuwn.f	source_code/Multiscale-and-Multiphysics-Integrated-Simulator-for-Tsunami/Simulators	코드	LLM판독	codex	Y	자체코드
source_code/Multiscale-and-Multiphysics-Integrated-Simulator-for-Tsunami/Simulators/CADMAS-SURF-3D2F/Source code/vf_bwuwt.f	source_code/Multiscale-and-Multiphysics-Integrated-Simulator-for-Tsunami/Simulators	코드	LLM판독	codex	Y	자체코드
source_code/Multiscale-and-Multiphysics-Integrated-Simulator-for-Tsunami/Simulators/CADMAS-SURF-3D2F/Source code/vf_careap.f	source_code/Multiscale-and-Multiphysics-Integrated-Simulator-for-Tsunami/Simulators	코드	LLM판독	codex	Y	자체코드
source_code/Multiscale-and-Multiphysics-Integrated-Simulator-for-Tsunami/Simulators/CADMAS-SURF-3D2F/Source code/vf_cdd00.f	source_code/Multiscale-and-Multiphysics-Integrated-Simulator-for-Tsunami/Simulators	코드	LLM판독	codex	Y	자체코드
source_code/Multiscale-and-Multiphysics-Integrated-Simulator-for-Tsunami/Simulators/CADMAS-SURF-3D2F/Source code/vf_cdiv00.f	source_code/Multiscale-and-Multiphysics-Integrated-Simulator-for-Tsunami/Simulators	코드	LLM판독	codex	Y	자체코드
source_code/Multiscale-and-Multiphysics-Integrated-Simulator-for-Tsunami/Simulators/CADMAS-SURF-3D2F/Source code/vf_cdtcal.f	source_code/Multiscale-and-Multiphysics-Integrated-Simulator-for-Tsunami/Simulators	코드	LLM판독	codex	Y	자체코드
source_code/Multiscale-and-Multiphysics-Integrated-Simulator-for-Tsunami/Simulators/CADMAS-SURF-3D2F/Source code/vf_cforce.f	source_code/Multiscale-and-Multiphysics-Integrated-Simulator-for-Tsunami/Simulators	코드	LLM판독	codex	Y	자체코드
source_code/Multiscale-and-Multiphysics-Integrated-Simulator-for-Tsunami/Simulators/CADMAS-SURF-3D2F/Source code/vf_cfxyz.f	source_code/Multiscale-and-Multiphysics-Integrated-Simulator-for-Tsunami/Simulators	코드	LLM판독	codex		자체코드
source_code/Multiscale-and-Multiphysics-Integrated-Simulator-for-Tsunami/Simulators/CADMAS-SURF-3D2F/Source code/vf_cgcpr1.f	source_code/Multiscale-and-Multiphysics-Integrated-Simulator-for-Tsunami/Simulators	코드	LLM판독	codex		자체코드
source_code/Multiscale-and-Multiphysics-Integrated-Simulator-for-Tsunami/Simulators/CADMAS-SURF-3D2F/Source code/vf_cgcpr2.f	source_code/Multiscale-and-Multiphysics-Integrated-Simulator-for-Tsunami/Simulators	코드	LLM판독	codex		자체코드
source_code/Multiscale-and-Multiphysics-Integrated-Simulator-for-Tsunami/Simulators/CADMAS-SURF-3D2F/Source code/vf_cggv.f	source_code/Multiscale-and-Multiphysics-Integrated-Simulator-for-Tsunami/Simulators	코드	LLM판독	codex		자체코드
source_code/Multiscale-and-Multiphysics-Integrated-Simulator-for-Tsunami/Simulators/CADMAS-SURF-3D2F/Source code/vf_cggvh.f	source_code/Multiscale-and-Multiphysics-Integrated-Simulator-for-Tsunami/Simulators	코드	LLM판독	codex		자체코드
source_code/Multiscale-and-Multiphysics-Integrated-Simulator-for-Tsunami/Simulators/CADMAS-SURF-3D2F/Source code/vf_cggxyz.f	source_code/Multiscale-and-Multiphysics-Integrated-Simulator-for-Tsunami/Simulators	코드	LLM판독	codex		자체코드
source_code/Multiscale-and-Multiphysics-Integrated-Simulator-for-Tsunami/Simulators/CADMAS-SURF-3D2F/Source code/vf_cgind0.f	source_code/Multiscale-and-Multiphysics-Integrated-Simulator-for-Tsunami/Simulators	코드	LLM판독	codex		자체코드
source_code/Multiscale-and-Multiphysics-Integrated-Simulator-for-Tsunami/Simulators/CADMAS-SURF-3D2F/Source code/vf_cgindb.f	source_code/Multiscale-and-Multiphysics-Integrated-Simulator-for-Tsunami/Simulators	코드	LLM판독	codex		자체코드
source_code/Multiscale-and-Multiphysics-Integrated-Simulator-for-Tsunami/Simulators/CADMAS-SURF-3D2F/Source code/vf_cgindx.f	source_code/Multiscale-and-Multiphysics-Integrated-Simulator-for-Tsunami/Simulators	코드	LLM판독	codex		자체코드
source_code/Multiscale-and-Multiphysics-Integrated-Simulator-for-Tsunami/Simulators/CADMAS-SURF-3D2F/Source code/vf_cglv.f	source_code/Multiscale-and-Multiphysics-Integrated-Simulator-for-Tsunami/Simulators	코드	LLM판독	codex	Y	자체코드
source_code/Multiscale-and-Multiphysics-Integrated-Simulator-for-Tsunami/Simulators/CADMAS-SURF-3D2F/Source code/vf_cglxyz.f	source_code/Multiscale-and-Multiphysics-Integrated-Simulator-for-Tsunami/Simulators	코드	LLM판독	codex	Y	자체코드
source_code/Multiscale-and-Multiphysics-Integrated-Simulator-for-Tsunami/Simulators/CADMAS-SURF-3D2F/Source code/vf_cgrid.f	source_code/Multiscale-and-Multiphysics-Integrated-Simulator-for-Tsunami/Simulators	코드	LLM판독	codex		자체코드
source_code/Multiscale-and-Multiphysics-Integrated-Simulator-for-Tsunami/Simulators/CADMAS-SURF-3D2F/Source code/vf_cgswp.f	source_code/Multiscale-and-Multiphysics-Integrated-Simulator-for-Tsunami/Simulators	코드	LLM판독	codex		자체코드
source_code/Multiscale-and-Multiphysics-Integrated-Simulator-for-Tsunami/Simulators/CADMAS-SURF-3D2F/Source code/vf_cindb.f	source_code/Multiscale-and-Multiphysics-Integrated-Simulator-for-Tsunami/Simulators	코드	LLM판독	codex		자체코드
source_code/Multiscale-and-Multiphysics-Integrated-Simulator-for-Tsunami/Simulators/CADMAS-SURF-3D2F/Source code/vf_cindc.f	source_code/Multiscale-and-Multiphysics-Integrated-Simulator-for-Tsunami/Simulators	코드	LLM판독	codex		자체코드
source_code/Multiscale-and-Multiphysics-Integrated-Simulator-for-Tsunami/Simulators/CADMAS-SURF-3D2F/Source code/vf_cindx.f	source_code/Multiscale-and-Multiphysics-Integrated-Simulator-for-Tsunami/Simulators	코드	LLM판독	codex		자체코드
source_code/Multiscale-and-Multiphysics-Integrated-Simulator-for-Tsunami/Simulators/CADMAS-SURF-3D2F/Source code/vf_cinit.f	source_code/Multiscale-and-Multiphysics-Integrated-Simulator-for-Tsunami/Simulators	코드	LLM판독	codex		자체코드
source_code/Multiscale-and-Multiphysics-Integrated-Simulator-for-Tsunami/Simulators/CADMAS-SURF-3D2F/Source code/vf_clm00.f	source_code/Multiscale-and-Multiphysics-Integrated-Simulator-for-Tsunami/Simulators	코드	LLM판독	codex	Y	자체코드
source_code/Multiscale-and-Multiphysics-Integrated-Simulator-for-Tsunami/Simulators/CADMAS-SURF-3D2F/Source code/vf_clogks.f	source_code/Multiscale-and-Multiphysics-Integrated-Simulator-for-Tsunami/Simulators	코드	LLM판독	codex	Y	자체코드
source_code/Multiscale-and-Multiphysics-Integrated-Simulator-for-Tsunami/Simulators/CADMAS-SURF-3D2F/Source code/vf_cloglw.f	source_code/Multiscale-and-Multiphysics-Integrated-Simulator-for-Tsunami/Simulators	코드	LLM판독	codex	Y	자체코드
source_code/Multiscale-and-Multiphysics-Integrated-Simulator-for-Tsunami/Simulators/CADMAS-SURF-3D2F/Source code/vf_cnfdfl.f	source_code/Multiscale-and-Multiphysics-Integrated-Simulator-for-Tsunami/Simulators	코드	LLM판독	codex		자체코드
source_code/Multiscale-and-Multiphysics-Integrated-Simulator-for-Tsunami/Simulators/CADMAS-SURF-3D2F/Source code/vf_cnu00.f	source_code/Multiscale-and-Multiphysics-Integrated-Simulator-for-Tsunami/Simulators	코드	LLM판독	codex	Y	자체코드
source_code/Multiscale-and-Multiphysics-Integrated-Simulator-for-Tsunami/Simulators/CADMAS-SURF-3D2F/Source code/vf_cnut0.f	source_code/Multiscale-and-Multiphysics-Integrated-Simulator-for-Tsunami/Simulators	코드	LLM판독	codex	Y	자체코드
source_code/Multiscale-and-Multiphysics-Integrated-Simulator-for-Tsunami/Simulators/CADMAS-SURF-3D2F/Source code/vf_comak0.f	source_code/Multiscale-and-Multiphysics-Integrated-Simulator-for-Tsunami/Simulators	코드	LLM판독	codex	Y	자체코드
source_code/Multiscale-and-Multiphysics-Integrated-Simulator-for-Tsunami/Simulators/CADMAS-SURF-3D2F/Source code/vf_cpara.f	source_code/Multiscale-and-Multiphysics-Integrated-Simulator-for-Tsunami/Simulators	코드	LLM판독	codex		자체코드
source_code/Multiscale-and-Multiphysics-Integrated-Simulator-for-Tsunami/Simulators/CADMAS-SURF-3D2F/Source code/vf_croot2.f	source_code/Multiscale-and-Multiphysics-Integrated-Simulator-for-Tsunami/Simulators	코드	LLM판독	codex		자체코드
source_code/Multiscale-and-Multiphysics-Integrated-Simulator-for-Tsunami/Simulators/CADMAS-SURF-3D2F/Source code/vf_croot3.f	source_code/Multiscale-and-Multiphysics-Integrated-Simulator-for-Tsunami/Simulators	코드	LLM판독	codex		자체코드
source_code/Multiscale-and-Multiphysics-Integrated-Simulator-for-Tsunami/Simulators/CADMAS-SURF-3D2F/Source code/vf_cset2f.f	source_code/Multiscale-and-Multiphysics-Integrated-Simulator-for-Tsunami/Simulators	코드	LLM판독	codex	Y	자체코드
source_code/Multiscale-and-Multiphysics-Integrated-Simulator-for-Tsunami/Simulators/CADMAS-SURF-3D2F/Source code/vf_csetup.f	source_code/Multiscale-and-Multiphysics-Integrated-Simulator-for-Tsunami/Simulators	코드	LLM판독	codex		자체코드
source_code/Multiscale-and-Multiphysics-Integrated-Simulator-for-Tsunami/Simulators/CADMAS-SURF-3D2F/Source code/vf_cvort.f	source_code/Multiscale-and-Multiphysics-Integrated-Simulator-for-Tsunami/Simulators	코드	LLM판독	codex	Y	자체코드
source_code/Multiscale-and-Multiphysics-Integrated-Simulator-for-Tsunami/Simulators/CADMAS-SURF-3D2F/Source code/vf_cwlvl.f	source_code/Multiscale-and-Multiphysics-Integrated-Simulator-for-Tsunami/Simulators	코드	LLM판독	codex	Y	자체코드
source_code/Multiscale-and-Multiphysics-Integrated-Simulator-for-Tsunami/Simulators/CADMAS-SURF-3D2F/Source code/vf_cwmak0.f	source_code/Multiscale-and-Multiphysics-Integrated-Simulator-for-Tsunami/Simulators	코드	LLM판독	codex	Y	자체코드
source_code/Multiscale-and-Multiphysics-Integrated-Simulator-for-Tsunami/Simulators/CADMAS-SURF-3D2F/Source code/vf_cwmak1.f	source_code/Multiscale-and-Multiphysics-Integrated-Simulator-for-Tsunami/Simulators	코드	LLM판독	codex		자체코드
source_code/Multiscale-and-Multiphysics-Integrated-Simulator-for-Tsunami/Simulators/CADMAS-SURF-3D2F/Source code/vf_cwmak2.f	source_code/Multiscale-and-Multiphysics-Integrated-Simulator-for-Tsunami/Simulators	코드	LLM판독	codex		자체코드
source_code/Multiscale-and-Multiphysics-Integrated-Simulator-for-Tsunami/Simulators/CADMAS-SURF-3D2F/Source code/vf_cwmtb1.f	source_code/Multiscale-and-Multiphysics-Integrated-Simulator-for-Tsunami/Simulators	코드	LLM판독	codex	Y	자체코드
source_code/Multiscale-and-Multiphysics-Integrated-Simulator-for-Tsunami/Simulators/CADMAS-SURF-3D2F/Source code/vf_cwmtb2.f	source_code/Multiscale-and-Multiphysics-Integrated-Simulator-for-Tsunami/Simulators	코드	LLM판독	codex	Y	자체코드
source_code/Multiscale-and-Multiphysics-Integrated-Simulator-for-Tsunami/Simulators/CADMAS-SURF-3D2F/Source code/vf_cwzero.f	source_code/Multiscale-and-Multiphysics-Integrated-Simulator-for-Tsunami/Simulators	코드	LLM판독	codex		자체코드
source_code/Multiscale-and-Multiphysics-Integrated-Simulator-for-Tsunami/Simulators/CADMAS-SURF-3D2F/Source code/vf_debug.f	source_code/Multiscale-and-Multiphysics-Integrated-Simulator-for-Tsunami/Simulators	코드	LLM판독	codex		자체코드
source_code/Multiscale-and-Multiphysics-Integrated-Simulator-for-Tsunami/Simulators/CADMAS-SURF-3D2F/Source code/vf_f1cal.f	source_code/Multiscale-and-Multiphysics-Integrated-Simulator-for-Tsunami/Simulators	코드	LLM판독	codex	Y	자체코드
source_code/Multiscale-and-Multiphysics-Integrated-Simulator-for-Tsunami/Simulators/CADMAS-SURF-3D2F/Source code/vf_faulti.f	source_code/Multiscale-and-Multiphysics-Integrated-Simulator-for-Tsunami/Simulators	코드	LLM판독	codex	Y	자체코드
source_code/Multiscale-and-Multiphysics-Integrated-Simulator-for-Tsunami/Simulators/CADMAS-SURF-3D2F/Source code/vf_faultt.f	source_code/Multiscale-and-Multiphysics-Integrated-Simulator-for-Tsunami/Simulators	코드	LLM판독	codex	Y	자체코드
source_code/Multiscale-and-Multiphysics-Integrated-Simulator-for-Tsunami/Simulators/CADMAS-SURF-3D2F/Source code/vf_fbubup.f	source_code/Multiscale-and-Multiphysics-Integrated-Simulator-for-Tsunami/Simulators	코드	LLM판독	codex	Y	자체코드
source_code/Multiscale-and-Multiphysics-Integrated-Simulator-for-Tsunami/Simulators/CADMAS-SURF-3D2F/Source code/vf_fconv.f	source_code/Multiscale-and-Multiphysics-Integrated-Simulator-for-Tsunami/Simulators	코드	LLM판독	codex	Y	자체코드
source_code/Multiscale-and-Multiphysics-Integrated-Simulator-for-Tsunami/Simulators/CADMAS-SURF-3D2F/Source code/vf_fconvs.f	source_code/Multiscale-and-Multiphysics-Integrated-Simulator-for-Tsunami/Simulators	코드	LLM판독	codex	Y	자체코드
source_code/Multiscale-and-Multiphysics-Integrated-Simulator-for-Tsunami/Simulators/CADMAS-SURF-3D2F/Source code/vf_fcut01.f	source_code/Multiscale-and-Multiphysics-Integrated-Simulator-for-Tsunami/Simulators	코드	LLM판독	codex	Y	자체코드
source_code/Multiscale-and-Multiphysics-Integrated-Simulator-for-Tsunami/Simulators/CADMAS-SURF-3D2F/Source code/vf_fdropf.f	source_code/Multiscale-and-Multiphysics-Integrated-Simulator-for-Tsunami/Simulators	코드	LLM판독	codex	Y	자체코드
source_code/Multiscale-and-Multiphysics-Integrated-Simulator-for-Tsunami/Simulators/CADMAS-SURF-3D2F/Source code/vf_feuler.f	source_code/Multiscale-and-Multiphysics-Integrated-Simulator-for-Tsunami/Simulators	코드	LLM판독	codex	Y	자체코드
source_code/Multiscale-and-Multiphysics-Integrated-Simulator-for-Tsunami/Simulators/CADMAS-SURF-3D2F/Source code/vf_fmod1.f	source_code/Multiscale-and-Multiphysics-Integrated-Simulator-for-Tsunami/Simulators	코드	LLM판독	codex	Y	자체코드
source_code/Multiscale-and-Multiphysics-Integrated-Simulator-for-Tsunami/Simulators/CADMAS-SURF-3D2F/Source code/vf_fnfbub.f	source_code/Multiscale-and-Multiphysics-Integrated-Simulator-for-Tsunami/Simulators	코드	LLM판독	codex		자체코드
source_code/Multiscale-and-Multiphysics-Integrated-Simulator-for-Tsunami/Simulators/CADMAS-SURF-3D2F/Source code/vf_fnfini.f	source_code/Multiscale-and-Multiphysics-Integrated-Simulator-for-Tsunami/Simulators	코드	LLM판독	codex	Y	자체코드
source_code/Multiscale-and-Multiphysics-Integrated-Simulator-for-Tsunami/Simulators/CADMAS-SURF-3D2F/Source code/vf_fnfprv.f	source_code/Multiscale-and-Multiphysics-Integrated-Simulator-for-Tsunami/Simulators	코드	LLM판독	codex	Y	자체코드
source_code/Multiscale-and-Multiphysics-Integrated-Simulator-for-Tsunami/Simulators/CADMAS-SURF-3D2F/Source code/vf_fpvcip.f	source_code/Multiscale-and-Multiphysics-Integrated-Simulator-for-Tsunami/Simulators	코드	LLM판독	codex	Y	자체코드
source_code/Multiscale-and-Multiphysics-Integrated-Simulator-for-Tsunami/Simulators/CADMAS-SURF-3D2F/Source code/vf_fseabt.f	source_code/Multiscale-and-Multiphysics-Integrated-Simulator-for-Tsunami/Simulators	코드	LLM판독	codex	Y	자체코드
source_code/Multiscale-and-Multiphysics-Integrated-Simulator-for-Tsunami/Simulators/CADMAS-SURF-3D2F/Source code/vf_fslp2a.f	source_code/Multiscale-and-Multiphysics-Integrated-Simulator-for-Tsunami/Simulators	코드	LLM판독	codex		자체코드
source_code/Multiscale-and-Multiphysics-Integrated-Simulator-for-Tsunami/Simulators/CADMAS-SURF-3D2F/Source code/vf_fslp2f.f	source_code/Multiscale-and-Multiphysics-Integrated-Simulator-for-Tsunami/Simulators	코드	LLM판독	codex		자체코드
source_code/Multiscale-and-Multiphysics-Integrated-Simulator-for-Tsunami/Simulators/CADMAS-SURF-3D2F/Source code/vf_fslp3a.f	source_code/Multiscale-and-Multiphysics-Integrated-Simulator-for-Tsunami/Simulators	코드	LLM판독	codex		자체코드
source_code/Multiscale-and-Multiphysics-Integrated-Simulator-for-Tsunami/Simulators/CADMAS-SURF-3D2F/Source code/vf_fslp3f.f	source_code/Multiscale-and-Multiphysics-Integrated-Simulator-for-Tsunami/Simulators	코드	LLM판독	codex		자체코드
source_code/Multiscale-and-Multiphysics-Integrated-Simulator-for-Tsunami/Simulators/CADMAS-SURF-3D2F/Source code/vf_hsort.f	source_code/Multiscale-and-Multiphysics-Integrated-Simulator-for-Tsunami/Simulators	코드	LLM판독	codex		자체코드
source_code/Multiscale-and-Multiphysics-Integrated-Simulator-for-Tsunami/Simulators/CADMAS-SURF-3D2F/Source code/vf_ii1inp.f	source_code/Multiscale-and-Multiphysics-Integrated-Simulator-for-Tsunami/Simulators	코드	LLM판독	codex	Y	자체코드
source_code/Multiscale-and-Multiphysics-Integrated-Simulator-for-Tsunami/Simulators/CADMAS-SURF-3D2F/Source code/vf_iiboun.f	source_code/Multiscale-and-Multiphysics-Integrated-Simulator-for-Tsunami/Simulators	코드	LLM판독	codex		자체코드
source_code/Multiscale-and-Multiphysics-Integrated-Simulator-for-Tsunami/Simulators/CADMAS-SURF-3D2F/Source code/vf_iicomp.f	source_code/Multiscale-and-Multiphysics-Integrated-Simulator-for-Tsunami/Simulators	코드	LLM판독	codex		자체코드
source_code/Multiscale-and-Multiphysics-Integrated-Simulator-for-Tsunami/Simulators/CADMAS-SURF-3D2F/Source code/vf_iidbg.f	source_code/Multiscale-and-Multiphysics-Integrated-Simulator-for-Tsunami/Simulators	코드	LLM판독	codex		자체코드
source_code/Multiscale-and-Multiphysics-Integrated-Simulator-for-Tsunami/Simulators/CADMAS-SURF-3D2F/Source code/vf_iiequa.f	source_code/Multiscale-and-Multiphysics-Integrated-Simulator-for-Tsunami/Simulators	코드	LLM판독	codex		자체코드
source_code/Multiscale-and-Multiphysics-Integrated-Simulator-for-Tsunami/Simulators/CADMAS-SURF-3D2F/Source code/vf_iifile.f	source_code/Multiscale-and-Multiphysics-Integrated-Simulator-for-Tsunami/Simulators	코드	LLM판독	codex	Y	자체코드
source_code/Multiscale-and-Multiphysics-Integrated-Simulator-for-Tsunami/Simulators/CADMAS-SURF-3D2F/Source code/vf_iigrid.f	source_code/Multiscale-and-Multiphysics-Integrated-Simulator-for-Tsunami/Simulators	코드	LLM판독	codex		자체코드
source_code/Multiscale-and-Multiphysics-Integrated-Simulator-for-Tsunami/Simulators/CADMAS-SURF-3D2F/Source code/vf_iihidm.f	source_code/Multiscale-and-Multiphysics-Integrated-Simulator-for-Tsunami/Simulators	코드	LLM판독	codex		자체코드
source_code/Multiscale-and-Multiphysics-Integrated-Simulator-for-Tsunami/Simulators/CADMAS-SURF-3D2F/Source code/vf_iimate.f	source_code/Multiscale-and-Multiphysics-Integrated-Simulator-for-Tsunami/Simulators	코드	LLM판독	codex	Y	자체코드
source_code/Multiscale-and-Multiphysics-Integrated-Simulator-for-Tsunami/Simulators/CADMAS-SURF-3D2F/Source code/vf_iimdl.f	source_code/Multiscale-and-Multiphysics-Integrated-Simulator-for-Tsunami/Simulators	코드	LLM판독	codex	Y	자체코드
source_code/Multiscale-and-Multiphysics-Integrated-Simulator-for-Tsunami/Simulators/CADMAS-SURF-3D2F/Source code/vf_iiobst.f	source_code/Multiscale-and-Multiphysics-Integrated-Simulator-for-Tsunami/Simulators	코드	LLM판독	codex		자체코드
source_code/Multiscale-and-Multiphysics-Integrated-Simulator-for-Tsunami/Simulators/CADMAS-SURF-3D2F/Source code/vf_iiopt.f	source_code/Multiscale-and-Multiphysics-Integrated-Simulator-for-Tsunami/Simulators	코드	LLM판독	codex	Y	자체코드
source_code/Multiscale-and-Multiphysics-Integrated-Simulator-for-Tsunami/Simulators/CADMAS-SURF-3D2F/Source code/vf_iipara.f	source_code/Multiscale-and-Multiphysics-Integrated-Simulator-for-Tsunami/Simulators	코드	LLM판독	codex		자체코드
source_code/Multiscale-and-Multiphysics-Integrated-Simulator-for-Tsunami/Simulators/CADMAS-SURF-3D2F/Source code/vf_iiporo.f	source_code/Multiscale-and-Multiphysics-Integrated-Simulator-for-Tsunami/Simulators	코드	LLM판독	codex	Y	자체코드
source_code/Multiscale-and-Multiphysics-Integrated-Simulator-for-Tsunami/Simulators/CADMAS-SURF-3D2F/Source code/vf_iitime.f	source_code/Multiscale-and-Multiphysics-Integrated-Simulator-for-Tsunami/Simulators	코드	LLM판독	codex		자체코드
source_code/Multiscale-and-Multiphysics-Integrated-Simulator-for-Tsunami/Simulators/CADMAS-SURF-3D2F/Source code/vf_im1inp.f	source_code/Multiscale-and-Multiphysics-Integrated-Simulator-for-Tsunami/Simulators	코드	LLM판독	codex		자체코드
source_code/Multiscale-and-Multiphysics-Integrated-Simulator-for-Tsunami/Simulators/CADMAS-SURF-3D2F/Source code/vf_ip1inp.f	source_code/Multiscale-and-Multiphysics-Integrated-Simulator-for-Tsunami/Simulators	코드	LLM판독	codex		자체코드
source_code/Multiscale-and-Multiphysics-Integrated-Simulator-for-Tsunami/Simulators/CADMAS-SURF-3D2F/Source code/vf_ir1inp.f	source_code/Multiscale-and-Multiphysics-Integrated-Simulator-for-Tsunami/Simulators	코드	LLM판독	codex		자체코드
source_code/Multiscale-and-Multiphysics-Integrated-Simulator-for-Tsunami/Simulators/CADMAS-SURF-3D2F/Source code/vf_jpcoef.f	source_code/Multiscale-and-Multiphysics-Integrated-Simulator-for-Tsunami/Simulators	코드	LLM판독	codex	Y	자체코드
source_code/Multiscale-and-Multiphysics-Integrated-Simulator-for-Tsunami/Simulators/CADMAS-SURF-3D2F/Source code/vf_jphdm1.f	source_code/Multiscale-and-Multiphysics-Integrated-Simulator-for-Tsunami/Simulators	코드	LLM판독	codex	Y	자체코드
source_code/Multiscale-and-Multiphysics-Integrated-Simulator-for-Tsunami/Simulators/CADMAS-SURF-3D2F/Source code/vf_jphdm2.f	source_code/Multiscale-and-Multiphysics-Integrated-Simulator-for-Tsunami/Simulators	코드	LLM판독	codex	Y	자체코드
source_code/Multiscale-and-Multiphysics-Integrated-Simulator-for-Tsunami/Simulators/CADMAS-SURF-3D2F/Source code/vf_k1cal.f	source_code/Multiscale-and-Multiphysics-Integrated-Simulator-for-Tsunami/Simulators	코드	LLM판독	codex	Y	자체코드
source_code/Multiscale-and-Multiphysics-Integrated-Simulator-for-Tsunami/Simulators/CADMAS-SURF-3D2F/Source code/vf_kgene.f	source_code/Multiscale-and-Multiphysics-Integrated-Simulator-for-Tsunami/Simulators	코드	LLM판독	codex	Y	자체코드
source_code/Multiscale-and-Multiphysics-Integrated-Simulator-for-Tsunami/Simulators/CADMAS-SURF-3D2F/Source code/vf_m1bcgs.f	source_code/Multiscale-and-Multiphysics-Integrated-Simulator-for-Tsunami/Simulators	코드	LLM판독	codex	Y	자체코드
source_code/Multiscale-and-Multiphysics-Integrated-Simulator-for-Tsunami/Simulators/CADMAS-SURF-3D2F/Source code/vf_mzax.f	source_code/Multiscale-and-Multiphysics-Integrated-Simulator-for-Tsunami/Simulators	코드	LLM판독	codex		자체코드
source_code/Multiscale-and-Multiphysics-Integrated-Simulator-for-Tsunami/Simulators/CADMAS-SURF-3D2F/Source code/vf_mzbkwd.f	source_code/Multiscale-and-Multiphysics-Integrated-Simulator-for-Tsunami/Simulators	코드	LLM판독	codex		자체코드
source_code/Multiscale-and-Multiphysics-Integrated-Simulator-for-Tsunami/Simulators/CADMAS-SURF-3D2F/Source code/vf_mzdcmp.f	source_code/Multiscale-and-Multiphysics-Integrated-Simulator-for-Tsunami/Simulators	코드	LLM판독	codex		자체코드
source_code/Multiscale-and-Multiphysics-Integrated-Simulator-for-Tsunami/Simulators/CADMAS-SURF-3D2F/Source code/vf_mzfrwd.f	source_code/Multiscale-and-Multiphysics-Integrated-Simulator-for-Tsunami/Simulators	코드	LLM판독	codex		자체코드
source_code/Multiscale-and-Multiphysics-Integrated-Simulator-for-Tsunami/Simulators/CADMAS-SURF-3D2F/Source code/vf_mzip.f	source_code/Multiscale-and-Multiphysics-Integrated-Simulator-for-Tsunami/Simulators	코드	LLM판독	codex		자체코드
source_code/Multiscale-and-Multiphysics-Integrated-Simulator-for-Tsunami/Simulators/CADMAS-SURF-3D2F/Source code/vf_mzminv.f	source_code/Multiscale-and-Multiphysics-Integrated-Simulator-for-Tsunami/Simulators	코드	LLM판독	codex		자체코드
source_code/Multiscale-and-Multiphysics-Integrated-Simulator-for-Tsunami/Simulators/CADMAS-SURF-3D2F/Source code/vf_og1ini.f	source_code/Multiscale-and-Multiphysics-Integrated-Simulator-for-Tsunami/Simulators	코드	LLM판독	codex		자체코드
source_code/Multiscale-and-Multiphysics-Integrated-Simulator-for-Tsunami/Simulators/CADMAS-SURF-3D2F/Source code/vf_og1trn.f	source_code/Multiscale-and-Multiphysics-Integrated-Simulator-for-Tsunami/Simulators	코드	LLM판독	codex		자체코드
source_code/Multiscale-and-Multiphysics-Integrated-Simulator-for-Tsunami/Simulators/CADMAS-SURF-3D2F/Source code/vf_ogbcin.f	source_code/Multiscale-and-Multiphysics-Integrated-Simulator-for-Tsunami/Simulators	코드	LLM판독	codex		자체코드
source_code/Multiscale-and-Multiphysics-Integrated-Simulator-for-Tsunami/Simulators/CADMAS-SURF-3D2F/Source code/vf_ogbcnm.f	source_code/Multiscale-and-Multiphysics-Integrated-Simulator-for-Tsunami/Simulators	코드	LLM판독	codex		자체코드
source_code/Multiscale-and-Multiphysics-Integrated-Simulator-for-Tsunami/Simulators/CADMAS-SURF-3D2F/Source code/vf_ogbcvl.f	source_code/Multiscale-and-Multiphysics-Integrated-Simulator-for-Tsunami/Simulators	코드	LLM판독	codex		자체코드
source_code/Multiscale-and-Multiphysics-Integrated-Simulator-for-Tsunami/Simulators/CADMAS-SURF-3D2F/Source code/vf_ol1ini.f	source_code/Multiscale-and-Multiphysics-Integrated-Simulator-for-Tsunami/Simulators	코드	LLM판독	codex	Y	자체코드
source_code/Multiscale-and-Multiphysics-Integrated-Simulator-for-Tsunami/Simulators/CADMAS-SURF-3D2F/Source code/vf_ol1trn.f	source_code/Multiscale-and-Multiphysics-Integrated-Simulator-for-Tsunami/Simulators	코드	LLM판독	codex		자체코드
source_code/Multiscale-and-Multiphysics-Integrated-Simulator-for-Tsunami/Simulators/CADMAS-SURF-3D2F/Source code/vf_ol3di.f	source_code/Multiscale-and-Multiphysics-Integrated-Simulator-for-Tsunami/Simulators	코드	LLM판독	codex		자체코드
source_code/Multiscale-and-Multiphysics-Integrated-Simulator-for-Tsunami/Simulators/CADMAS-SURF-3D2F/Source code/vf_ol3dnf.f	source_code/Multiscale-and-Multiphysics-Integrated-Simulator-for-Tsunami/Simulators	코드	LLM판독	codex		자체코드
source_code/Multiscale-and-Multiphysics-Integrated-Simulator-for-Tsunami/Simulators/CADMAS-SURF-3D2F/Source code/vf_ol3dr.f	source_code/Multiscale-and-Multiphysics-Integrated-Simulator-for-Tsunami/Simulators	코드	LLM판독	codex		자체코드
source_code/Multiscale-and-Multiphysics-Integrated-Simulator-for-Tsunami/Simulators/CADMAS-SURF-3D2F/Source code/vf_olbc.f	source_code/Multiscale-and-Multiphysics-Integrated-Simulator-for-Tsunami/Simulators	코드	LLM판독	codex		자체코드
source_code/Multiscale-and-Multiphysics-Integrated-Simulator-for-Tsunami/Simulators/CADMAS-SURF-3D2F/Source code/vf_om1ini.f	source_code/Multiscale-and-Multiphysics-Integrated-Simulator-for-Tsunami/Simulators	코드	LLM판독	codex		자체코드
source_code/Multiscale-and-Multiphysics-Integrated-Simulator-for-Tsunami/Simulators/CADMAS-SURF-3D2F/Source code/vf_om1trn.f	source_code/Multiscale-and-Multiphysics-Integrated-Simulator-for-Tsunami/Simulators	코드	LLM판독	codex		자체코드
source_code/Multiscale-and-Multiphysics-Integrated-Simulator-for-Tsunami/Simulators/CADMAS-SURF-3D2F/Source code/vf_or1ini.f	source_code/Multiscale-and-Multiphysics-Integrated-Simulator-for-Tsunami/Simulators	코드	LLM판독	codex		자체코드
source_code/Multiscale-and-Multiphysics-Integrated-Simulator-for-Tsunami/Simulators/CADMAS-SURF-3D2F/Source code/vf_or1trn.f	source_code/Multiscale-and-Multiphysics-Integrated-Simulator-for-Tsunami/Simulators	코드	LLM판독	codex		자체코드
source_code/Multiscale-and-Multiphysics-Integrated-Simulator-for-Tsunami/Simulators/CADMAS-SURF-3D2F/Source code/vf_ot1ini.f	source_code/Multiscale-and-Multiphysics-Integrated-Simulator-for-Tsunami/Simulators	코드	LLM판독	codex		자체코드
source_code/Multiscale-and-Multiphysics-Integrated-Simulator-for-Tsunami/Simulators/CADMAS-SURF-3D2F/Source code/vf_ot1trn.f	source_code/Multiscale-and-Multiphysics-Integrated-Simulator-for-Tsunami/Simulators	코드	LLM판독	codex		자체코드
source_code/Multiscale-and-Multiphysics-Integrated-Simulator-for-Tsunami/Simulators/CADMAS-SURF-3D2F/Source code/vf_p0bcsc.f	source_code/Multiscale-and-Multiphysics-Integrated-Simulator-for-Tsunami/Simulators	코드	LLM판독	codex		자체코드
source_code/Multiscale-and-Multiphysics-Integrated-Simulator-for-Tsunami/Simulators/CADMAS-SURF-3D2F/Source code/vf_p0bcsi.f	source_code/Multiscale-and-Multiphysics-Integrated-Simulator-for-Tsunami/Simulators	코드	LLM판독	codex		자체코드
source_code/Multiscale-and-Multiphysics-Integrated-Simulator-for-Tsunami/Simulators/CADMAS-SURF-3D2F/Source code/vf_p0enda.f	source_code/Multiscale-and-Multiphysics-Integrated-Simulator-for-Tsunami/Simulators	코드	LLM판독	codex		자체코드
source_code/Multiscale-and-Multiphysics-Integrated-Simulator-for-Tsunami/Simulators/CADMAS-SURF-3D2F/Source code/vf_p0init.f	source_code/Multiscale-and-Multiphysics-Integrated-Simulator-for-Tsunami/Simulators	코드	LLM판독	codex		자체코드
source_code/Multiscale-and-Multiphysics-Integrated-Simulator-for-Tsunami/Simulators/CADMAS-SURF-3D2F/Source code/vf_p0mind.f	source_code/Multiscale-and-Multiphysics-Integrated-Simulator-for-Tsunami/Simulators	코드	LLM판독	codex		자체코드
source_code/Multiscale-and-Multiphysics-Integrated-Simulator-for-Tsunami/Simulators/CADMAS-SURF-3D2F/Source code/vf_p0sumi.f	source_code/Multiscale-and-Multiphysics-Integrated-Simulator-for-Tsunami/Simulators	코드	LLM판독	codex		자체코드
source_code/Multiscale-and-Multiphysics-Integrated-Simulator-for-Tsunami/Simulators/CADMAS-SURF-3D2F/Source code/vf_p0time.f	source_code/Multiscale-and-Multiphysics-Integrated-Simulator-for-Tsunami/Simulators	코드	LLM판독	codex		자체코드
source_code/Multiscale-and-Multiphysics-Integrated-Simulator-for-Tsunami/Simulators/CADMAS-SURF-3D2F/Source code/vf_p1barr.f	source_code/Multiscale-and-Multiphysics-Integrated-Simulator-for-Tsunami/Simulators	코드	LLM판독	codex		자체코드
source_code/Multiscale-and-Multiphysics-Integrated-Simulator-for-Tsunami/Simulators/CADMAS-SURF-3D2F/Source code/vf_p1bcsc.f	source_code/Multiscale-and-Multiphysics-Integrated-Simulator-for-Tsunami/Simulators	코드	LLM판독	codex		자체코드
source_code/Multiscale-and-Multiphysics-Integrated-Simulator-for-Tsunami/Simulators/CADMAS-SURF-3D2F/Source code/vf_p1bcsd.f	source_code/Multiscale-and-Multiphysics-Integrated-Simulator-for-Tsunami/Simulators	코드	LLM판독	codex		자체코드
source_code/Multiscale-and-Multiphysics-Integrated-Simulator-for-Tsunami/Simulators/CADMAS-SURF-3D2F/Source code/vf_p1bcsi.f	source_code/Multiscale-and-Multiphysics-Integrated-Simulator-for-Tsunami/Simulators	코드	LLM판독	codex		자체코드
source_code/Multiscale-and-Multiphysics-Integrated-Simulator-for-Tsunami/Simulators/CADMAS-SURF-3D2F/Source code/vf_p1end.f	source_code/Multiscale-and-Multiphysics-Integrated-Simulator-for-Tsunami/Simulators	코드	LLM판독	codex		자체코드
source_code/Multiscale-and-Multiphysics-Integrated-Simulator-for-Tsunami/Simulators/CADMAS-SURF-3D2F/Source code/vf_p1enda.f	source_code/Multiscale-and-Multiphysics-Integrated-Simulator-for-Tsunami/Simulators	코드	LLM판독	codex		자체코드
source_code/Multiscale-and-Multiphysics-Integrated-Simulator-for-Tsunami/Simulators/CADMAS-SURF-3D2F/Source code/vf_p1init.f	source_code/Multiscale-and-Multiphysics-Integrated-Simulator-for-Tsunami/Simulators	코드	LLM판독	codex		자체코드
source_code/Multiscale-and-Multiphysics-Integrated-Simulator-for-Tsunami/Simulators/CADMAS-SURF-3D2F/Source code/vf_p1maxd.f	source_code/Multiscale-and-Multiphysics-Integrated-Simulator-for-Tsunami/Simulators	코드	LLM판독	codex		자체코드
source_code/Multiscale-and-Multiphysics-Integrated-Simulator-for-Tsunami/Simulators/CADMAS-SURF-3D2F/Source code/vf_p1mind.f	source_code/Multiscale-and-Multiphysics-Integrated-Simulator-for-Tsunami/Simulators	코드	LLM판독	codex		자체코드
source_code/Multiscale-and-Multiphysics-Integrated-Simulator-for-Tsunami/Simulators/CADMAS-SURF-3D2F/Source code/vf_p1mini.f	source_code/Multiscale-and-Multiphysics-Integrated-Simulator-for-Tsunami/Simulators	코드	LLM판독	codex		자체코드
source_code/Multiscale-and-Multiphysics-Integrated-Simulator-for-Tsunami/Simulators/CADMAS-SURF-3D2F/Source code/vf_p1sumd.f	source_code/Multiscale-and-Multiphysics-Integrated-Simulator-for-Tsunami/Simulators	코드	LLM판독	codex		자체코드
source_code/Multiscale-and-Multiphysics-Integrated-Simulator-for-Tsunami/Simulators/CADMAS-SURF-3D2F/Source code/vf_p1sumi.f	source_code/Multiscale-and-Multiphysics-Integrated-Simulator-for-Tsunami/Simulators	코드	LLM판독	codex		자체코드
source_code/Multiscale-and-Multiphysics-Integrated-Simulator-for-Tsunami/Simulators/CADMAS-SURF-3D2F/Source code/vf_p1time.f	source_code/Multiscale-and-Multiphysics-Integrated-Simulator-for-Tsunami/Simulators	코드	LLM판독	codex		자체코드
source_code/Multiscale-and-Multiphysics-Integrated-Simulator-for-Tsunami/Simulators/CADMAS-SURF-3D2F/Source code/vf_p3srd1.f	source_code/Multiscale-and-Multiphysics-Integrated-Simulator-for-Tsunami/Simulators	코드	LLM판독	codex		자체코드
source_code/Multiscale-and-Multiphysics-Integrated-Simulator-for-Tsunami/Simulators/CADMAS-SURF-3D2F/Source code/vf_p3srd2.f	source_code/Multiscale-and-Multiphysics-Integrated-Simulator-for-Tsunami/Simulators	코드	LLM판독	codex		자체코드
source_code/Multiscale-and-Multiphysics-Integrated-Simulator-for-Tsunami/Simulators/CADMAS-SURF-3D2F/Source code/vf_p3sri1.f	source_code/Multiscale-and-Multiphysics-Integrated-Simulator-for-Tsunami/Simulators	코드	LLM판독	codex		자체코드
source_code/Multiscale-and-Multiphysics-Integrated-Simulator-for-Tsunami/Simulators/CADMAS-SURF-3D2F/Source code/vf_p3sri2.f	source_code/Multiscale-and-Multiphysics-Integrated-Simulator-for-Tsunami/Simulators	코드	LLM판독	codex		자체코드
source_code/Multiscale-and-Multiphysics-Integrated-Simulator-for-Tsunami/Simulators/CADMAS-SURF-3D2F/Source code/vf_pmgbc0.f	source_code/Multiscale-and-Multiphysics-Integrated-Simulator-for-Tsunami/Simulators	코드	LLM판독	codex		자체코드
source_code/Multiscale-and-Multiphysics-Integrated-Simulator-for-Tsunami/Simulators/CADMAS-SURF-3D2F/Source code/vf_pmgc2p.f	source_code/Multiscale-and-Multiphysics-Integrated-Simulator-for-Tsunami/Simulators	코드	LLM판독	codex	Y	자체코드
source_code/Multiscale-and-Multiphysics-Integrated-Simulator-for-Tsunami/Simulators/CADMAS-SURF-3D2F/Source code/vf_pmgc2p.f_org	source_code/Multiscale-and-Multiphysics-Integrated-Simulator-for-Tsunami/Simulators	기타(설정·입력·빌드)	LLM판독	codex		빌드·설정·기타
source_code/Multiscale-and-Multiphysics-Integrated-Simulator-for-Tsunami/Simulators/CADMAS-SURF-3D2F/Source code/vf_pmgc2p_cf.f	source_code/Multiscale-and-Multiphysics-Integrated-Simulator-for-Tsunami/Simulators	코드	LLM판독	codex		자체코드
source_code/Multiscale-and-Multiphysics-Integrated-Simulator-for-Tsunami/Simulators/CADMAS-SURF-3D2F/Source code/vf_pmgflx.f	source_code/Multiscale-and-Multiphysics-Integrated-Simulator-for-Tsunami/Simulators	코드	LLM판독	codex		자체코드
source_code/Multiscale-and-Multiphysics-Integrated-Simulator-for-Tsunami/Simulators/CADMAS-SURF-3D2F/Source code/vf_pmgfly.f	source_code/Multiscale-and-Multiphysics-Integrated-Simulator-for-Tsunami/Simulators	코드	LLM판독	codex		자체코드
source_code/Multiscale-and-Multiphysics-Integrated-Simulator-for-Tsunami/Simulators/CADMAS-SURF-3D2F/Source code/vf_pmgggt.f	source_code/Multiscale-and-Multiphysics-Integrated-Simulator-for-Tsunami/Simulators	코드	LLM판독	codex		자체코드
source_code/Multiscale-and-Multiphysics-Integrated-Simulator-for-Tsunami/Simulators/CADMAS-SURF-3D2F/Source code/vf_pmggpt.f	source_code/Multiscale-and-Multiphysics-Integrated-Simulator-for-Tsunami/Simulators	코드	LLM판독	codex		자체코드
source_code/Multiscale-and-Multiphysics-Integrated-Simulator-for-Tsunami/Simulators/CADMAS-SURF-3D2F/Source code/vf_pmginp.f	source_code/Multiscale-and-Multiphysics-Integrated-Simulator-for-Tsunami/Simulators	코드	LLM판독	codex	Y	자체코드
source_code/Multiscale-and-Multiphysics-Integrated-Simulator-for-Tsunami/Simulators/CADMAS-SURF-3D2F/Source code/vf_pmgp2c.f	source_code/Multiscale-and-Multiphysics-Integrated-Simulator-for-Tsunami/Simulators	코드	LLM판독	codex	Y	자체코드
source_code/Multiscale-and-Multiphysics-Integrated-Simulator-for-Tsunami/Simulators/CADMAS-SURF-3D2F/Source code/vf_pmgp2c_cf.f	source_code/Multiscale-and-Multiphysics-Integrated-Simulator-for-Tsunami/Simulators	코드	LLM판독	codex	Y	자체코드
source_code/Multiscale-and-Multiphysics-Integrated-Simulator-for-Tsunami/Simulators/CADMAS-SURF-3D2F/Source code/vf_pmgp2c_pf.f	source_code/Multiscale-and-Multiphysics-Integrated-Simulator-for-Tsunami/Simulators	코드	LLM판독	codex		자체코드
source_code/Multiscale-and-Multiphysics-Integrated-Simulator-for-Tsunami/Simulators/CADMAS-SURF-3D2F/Source code/vf_pmgset.f	source_code/Multiscale-and-Multiphysics-Integrated-Simulator-for-Tsunami/Simulators	코드	LLM판독	codex	Y	자체코드
source_code/Multiscale-and-Multiphysics-Integrated-Simulator-for-Tsunami/Simulators/CADMAS-SURF-3D2F/Source code/vf_pmgst2.f	source_code/Multiscale-and-Multiphysics-Integrated-Simulator-for-Tsunami/Simulators	코드	LLM판독	codex		자체코드
source_code/Multiscale-and-Multiphysics-Integrated-Simulator-for-Tsunami/Simulators/CADMAS-SURF-3D2F/Source code/vf_pmgsts.f	source_code/Multiscale-and-Multiphysics-Integrated-Simulator-for-Tsunami/Simulators	코드	LLM판독	codex		자체코드
source_code/Multiscale-and-Multiphysics-Integrated-Simulator-for-Tsunami/Simulators/CADMAS-SURF-3D2F/Source code/vf_s1cal.f	source_code/Multiscale-and-Multiphysics-Integrated-Simulator-for-Tsunami/Simulators	코드	LLM판독	codex	Y	자체코드
source_code/Multiscale-and-Multiphysics-Integrated-Simulator-for-Tsunami/Simulators/CADMAS-SURF-3D2F/Source code/vf_sconvd.f	source_code/Multiscale-and-Multiphysics-Integrated-Simulator-for-Tsunami/Simulators	코드	LLM판독	codex	Y	자체코드
source_code/Multiscale-and-Multiphysics-Integrated-Simulator-for-Tsunami/Simulators/CADMAS-SURF-3D2F/Source code/vf_sdiff.f	source_code/Multiscale-and-Multiphysics-Integrated-Simulator-for-Tsunami/Simulators	코드	LLM판독	codex	Y	자체코드
source_code/Multiscale-and-Multiphysics-Integrated-Simulator-for-Tsunami/Simulators/CADMAS-SURF-3D2F/Source code/vf_seuler.f	source_code/Multiscale-and-Multiphysics-Integrated-Simulator-for-Tsunami/Simulators	코드	LLM판독	codex	Y	자체코드
source_code/Multiscale-and-Multiphysics-Integrated-Simulator-for-Tsunami/Simulators/CADMAS-SURF-3D2F/Source code/vf_stoc_init.f	source_code/Multiscale-and-Multiphysics-Integrated-Simulator-for-Tsunami/Simulators	코드	LLM판독	codex	Y	자체코드
source_code/Multiscale-and-Multiphysics-Integrated-Simulator-for-Tsunami/Simulators/CADMAS-SURF-3D2F/Source code/vf_t1cal.f	source_code/Multiscale-and-Multiphysics-Integrated-Simulator-for-Tsunami/Simulators	코드	LLM판독	codex	Y	자체코드
source_code/Multiscale-and-Multiphysics-Integrated-Simulator-for-Tsunami/Simulators/CADMAS-SURF-3D2F/Source code/vf_v1cal.f	source_code/Multiscale-and-Multiphysics-Integrated-Simulator-for-Tsunami/Simulators	코드	LLM판독	codex	Y	자체코드
source_code/Multiscale-and-Multiphysics-Integrated-Simulator-for-Tsunami/Simulators/CADMAS-SURF-3D2F/Source code/vf_v1eos.f	source_code/Multiscale-and-Multiphysics-Integrated-Simulator-for-Tsunami/Simulators	코드	LLM판독	codex	Y	자체코드
source_code/Multiscale-and-Multiphysics-Integrated-Simulator-for-Tsunami/Simulators/CADMAS-SURF-3D2F/Source code/vf_veuler.f	source_code/Multiscale-and-Multiphysics-Integrated-Simulator-for-Tsunami/Simulators	코드	LLM판독	codex	Y	자체코드
source_code/Multiscale-and-Multiphysics-Integrated-Simulator-for-Tsunami/Simulators/CADMAS-SURF-3D2F/Source code/vf_vflxdu.f	source_code/Multiscale-and-Multiphysics-Integrated-Simulator-for-Tsunami/Simulators	코드	LLM판독	codex	Y	자체코드
source_code/Multiscale-and-Multiphysics-Integrated-Simulator-for-Tsunami/Simulators/CADMAS-SURF-3D2F/Source code/vf_vflxdv.f	source_code/Multiscale-and-Multiphysics-Integrated-Simulator-for-Tsunami/Simulators	코드	LLM판독	codex	Y	자체코드
source_code/Multiscale-and-Multiphysics-Integrated-Simulator-for-Tsunami/Simulators/CADMAS-SURF-3D2F/Source code/vf_vflxdw.f	source_code/Multiscale-and-Multiphysics-Integrated-Simulator-for-Tsunami/Simulators	코드	LLM판독	codex	Y	자체코드
source_code/Multiscale-and-Multiphysics-Integrated-Simulator-for-Tsunami/Simulators/CADMAS-SURF-3D2F/Source code/vf_vgene.f	source_code/Multiscale-and-Multiphysics-Integrated-Simulator-for-Tsunami/Simulators	코드	LLM판독	codex	Y	자체코드
source_code/Multiscale-and-Multiphysics-Integrated-Simulator-for-Tsunami/Simulators/CADMAS-SURF-3D2F/Source code/vf_vmodif.f	source_code/Multiscale-and-Multiphysics-Integrated-Simulator-for-Tsunami/Simulators	코드	LLM판독	codex	Y	자체코드
source_code/Multiscale-and-Multiphysics-Integrated-Simulator-for-Tsunami/Simulators/CADMAS-SURF-3D2F/Source code/vf_vpcoef.f	source_code/Multiscale-and-Multiphysics-Integrated-Simulator-for-Tsunami/Simulators	코드	LLM판독	codex	Y	자체코드
source_code/Multiscale-and-Multiphysics-Integrated-Simulator-for-Tsunami/Simulators/CADMAS-SURF-3D2F/Source code/vf_vpdrdt.f	source_code/Multiscale-and-Multiphysics-Integrated-Simulator-for-Tsunami/Simulators	코드	LLM판독	codex	Y	자체코드
source_code/Multiscale-and-Multiphysics-Integrated-Simulator-for-Tsunami/Simulators/CADMAS-SURF-3D2F/Source code/vf_vpsol.f	source_code/Multiscale-and-Multiphysics-Integrated-Simulator-for-Tsunami/Simulators	코드	LLM판독	codex	Y	자체코드
source_code/Multiscale-and-Multiphysics-Integrated-Simulator-for-Tsunami/Simulators/CADMAS-SURF-3D2F/Source code/vf_wcnd0.f	source_code/Multiscale-and-Multiphysics-Integrated-Simulator-for-Tsunami/Simulators	코드	LLM판독	codex	Y	자체코드
source_code/Multiscale-and-Multiphysics-Integrated-Simulator-for-Tsunami/Simulators/CADMAS-SURF-3D2F/Source code/vf_wsfmb2.f	source_code/Multiscale-and-Multiphysics-Integrated-Simulator-for-Tsunami/Simulators	코드	LLM판독	codex	Y	자체코드
source_code/Multiscale-and-Multiphysics-Integrated-Simulator-for-Tsunami/Simulators/CADMAS-SURF-3D2F/Source code/vf_wstk0.f	source_code/Multiscale-and-Multiphysics-Integrated-Simulator-for-Tsunami/Simulators	코드	LLM판독	codex	Y	자체코드
source_code/Multiscale-and-Multiphysics-Integrated-Simulator-for-Tsunami/Simulators/CADMAS-SURF-3D2F/Source code/vf_zgetln.f	source_code/Multiscale-and-Multiphysics-Integrated-Simulator-for-Tsunami/Simulators	코드	LLM판독	codex		자체코드
source_code/Multiscale-and-Multiphysics-Integrated-Simulator-for-Tsunami/Simulators/CADMAS-SURF-3D2F/Source code/vf_zseti1.f	source_code/Multiscale-and-Multiphysics-Integrated-Simulator-for-Tsunami/Simulators	코드	LLM판독	codex		자체코드
source_code/Multiscale-and-Multiphysics-Integrated-Simulator-for-Tsunami/Simulators/CADMAS-SURF-3D2F/Source code/vf_zseti2.f	source_code/Multiscale-and-Multiphysics-Integrated-Simulator-for-Tsunami/Simulators	코드	LLM판독	codex		자체코드
source_code/Multiscale-and-Multiphysics-Integrated-Simulator-for-Tsunami/Simulators/CADMAS-SURF-3D2F/Source code/vf_zseti3.f	source_code/Multiscale-and-Multiphysics-Integrated-Simulator-for-Tsunami/Simulators	코드	LLM판독	codex		자체코드
source_code/Multiscale-and-Multiphysics-Integrated-Simulator-for-Tsunami/Simulators/CADMAS-SURF-3D2F/Source code/vf_zsetr1.f	source_code/Multiscale-and-Multiphysics-Integrated-Simulator-for-Tsunami/Simulators	코드	LLM판독	codex		자체코드
source_code/Multiscale-and-Multiphysics-Integrated-Simulator-for-Tsunami/Simulators/CADMAS-SURF-3D2F/Source code/vf_zsetr2.f	source_code/Multiscale-and-Multiphysics-Integrated-Simulator-for-Tsunami/Simulators	코드	LLM판독	codex		자체코드
source_code/Multiscale-and-Multiphysics-Integrated-Simulator-for-Tsunami/Simulators/CADMAS-SURF-3D2F/Source code/vf_zsetr3.f	source_code/Multiscale-and-Multiphysics-Integrated-Simulator-for-Tsunami/Simulators	코드	LLM판독	codex		자체코드
source_code/Multiscale-and-Multiphysics-Integrated-Simulator-for-Tsunami/Simulators/CADMAS-SURF-3D2F/Source code/vf_zstoi.f	source_code/Multiscale-and-Multiphysics-Integrated-Simulator-for-Tsunami/Simulators	코드	LLM판독	codex		자체코드
source_code/Multiscale-and-Multiphysics-Integrated-Simulator-for-Tsunami/Simulators/CADMAS-SURF-3D2F/Source code/vf_zstor.f	source_code/Multiscale-and-Multiphysics-Integrated-Simulator-for-Tsunami/Simulators	코드	LLM판독	codex		자체코드
source_code/Multiscale-and-Multiphysics-Integrated-Simulator-for-Tsunami/Simulators/CADMAS-SURF-3D2F/Source code/vf_zstows.f	source_code/Multiscale-and-Multiphysics-Integrated-Simulator-for-Tsunami/Simulators	코드	LLM판독	codex		자체코드
source_code/Multiscale-and-Multiphysics-Integrated-Simulator-for-Tsunami/Simulators/CADMAS-SURF-3D2F/Source code/vf_ztimec.f	source_code/Multiscale-and-Multiphysics-Integrated-Simulator-for-Tsunami/Simulators	코드	LLM판독	codex		자체코드
source_code/Multiscale-and-Multiphysics-Integrated-Simulator-for-Tsunami/Simulators/CADMAS-SURF-3D2F/Source code/vf_zxmg_abort.f	source_code/Multiscale-and-Multiphysics-Integrated-Simulator-for-Tsunami/Simulators	코드	LLM판독	codex		자체코드
source_code/Multiscale-and-Multiphysics-Integrated-Simulator-for-Tsunami/Simulators/CADMAS-SURF-3D2F/Source code/vf_zxmg_allmnd.f	source_code/Multiscale-and-Multiphysics-Integrated-Simulator-for-Tsunami/Simulators	코드	LLM판독	codex		자체코드
source_code/Multiscale-and-Multiphysics-Integrated-Simulator-for-Tsunami/Simulators/CADMAS-SURF-3D2F/Source code/vf_zxmg_allsmi.f	source_code/Multiscale-and-Multiphysics-Integrated-Simulator-for-Tsunami/Simulators	코드	LLM판독	codex		자체코드
source_code/Multiscale-and-Multiphysics-Integrated-Simulator-for-Tsunami/Simulators/CADMAS-SURF-3D2F/Source code/vf_zxmg_barri.f	source_code/Multiscale-and-Multiphysics-Integrated-Simulator-for-Tsunami/Simulators	코드	LLM판독	codex		자체코드
source_code/Multiscale-and-Multiphysics-Integrated-Simulator-for-Tsunami/Simulators/CADMAS-SURF-3D2F/Source code/vf_zxmg_bcastc.f	source_code/Multiscale-and-Multiphysics-Integrated-Simulator-for-Tsunami/Simulators	코드	LLM판독	codex		자체코드
source_code/Multiscale-and-Multiphysics-Integrated-Simulator-for-Tsunami/Simulators/CADMAS-SURF-3D2F/Source code/vf_zxmg_bcasti.f	source_code/Multiscale-and-Multiphysics-Integrated-Simulator-for-Tsunami/Simulators	코드	LLM판독	codex		자체코드
source_code/Multiscale-and-Multiphysics-Integrated-Simulator-for-Tsunami/Simulators/CADMAS-SURF-3D2F/Source code/vf_zxmg_crank.f	source_code/Multiscale-and-Multiphysics-Integrated-Simulator-for-Tsunami/Simulators	코드	LLM판독	codex		자체코드
source_code/Multiscale-and-Multiphysics-Integrated-Simulator-for-Tsunami/Simulators/CADMAS-SURF-3D2F/Source code/vf_zxmg_csize.f	source_code/Multiscale-and-Multiphysics-Integrated-Simulator-for-Tsunami/Simulators	코드	LLM판독	codex		자체코드
source_code/Multiscale-and-Multiphysics-Integrated-Simulator-for-Tsunami/Simulators/CADMAS-SURF-3D2F/Source code/vf_zxmg_final.f	source_code/Multiscale-and-Multiphysics-Integrated-Simulator-for-Tsunami/Simulators	코드	LLM판독	codex		자체코드
source_code/Multiscale-and-Multiphysics-Integrated-Simulator-for-Tsunami/Simulators/CADMAS-SURF-3D2F/Source code/vf_zxmg_init.f	source_code/Multiscale-and-Multiphysics-Integrated-Simulator-for-Tsunami/Simulators	코드	LLM판독	codex		자체코드
source_code/Multiscale-and-Multiphysics-Integrated-Simulator-for-Tsunami/Simulators/CADMAS-SURF-3D2F/Source code/vf_zxmg_irecvd.f	source_code/Multiscale-and-Multiphysics-Integrated-Simulator-for-Tsunami/Simulators	코드	LLM판독	codex		자체코드
source_code/Multiscale-and-Multiphysics-Integrated-Simulator-for-Tsunami/Simulators/CADMAS-SURF-3D2F/Source code/vf_zxmg_irecvi.f	source_code/Multiscale-and-Multiphysics-Integrated-Simulator-for-Tsunami/Simulators	코드	LLM판독	codex		자체코드
source_code/Multiscale-and-Multiphysics-Integrated-Simulator-for-Tsunami/Simulators/CADMAS-SURF-3D2F/Source code/vf_zxmg_isendd.f	source_code/Multiscale-and-Multiphysics-Integrated-Simulator-for-Tsunami/Simulators	코드	LLM판독	codex		자체코드
source_code/Multiscale-and-Multiphysics-Integrated-Simulator-for-Tsunami/Simulators/CADMAS-SURF-3D2F/Source code/vf_zxmg_isendi.f	source_code/Multiscale-and-Multiphysics-Integrated-Simulator-for-Tsunami/Simulators	코드	LLM판독	codex		자체코드
source_code/Multiscale-and-Multiphysics-Integrated-Simulator-for-Tsunami/Simulators/CADMAS-SURF-3D2F/Source code/vf_zxmg_split.f	source_code/Multiscale-and-Multiphysics-Integrated-Simulator-for-Tsunami/Simulators	코드	LLM판독	codex		자체코드
source_code/Multiscale-and-Multiphysics-Integrated-Simulator-for-Tsunami/Simulators/CADMAS-SURF-3D2F/Source code/vf_zxmg_wait.f	source_code/Multiscale-and-Multiphysics-Integrated-Simulator-for-Tsunami/Simulators	코드	LLM판독	codex		자체코드
source_code/Multiscale-and-Multiphysics-Integrated-Simulator-for-Tsunami/Simulators/CADMAS-SURF-3D2F/Source code/vf_zxmg_wtime.f	source_code/Multiscale-and-Multiphysics-Integrated-Simulator-for-Tsunami/Simulators	코드	LLM판독	codex		자체코드
source_code/Multiscale-and-Multiphysics-Integrated-Simulator-for-Tsunami/Simulators/CADMAS-SURF-3D2F/Source code/vf_zxmp_abort.f	source_code/Multiscale-and-Multiphysics-Integrated-Simulator-for-Tsunami/Simulators	코드	LLM판독	codex		자체코드
source_code/Multiscale-and-Multiphysics-Integrated-Simulator-for-Tsunami/Simulators/CADMAS-SURF-3D2F/Source code/vf_zxmp_allmnd.f	source_code/Multiscale-and-Multiphysics-Integrated-Simulator-for-Tsunami/Simulators	코드	LLM판독	codex		자체코드
source_code/Multiscale-and-Multiphysics-Integrated-Simulator-for-Tsunami/Simulators/CADMAS-SURF-3D2F/Source code/vf_zxmp_allmni.f	source_code/Multiscale-and-Multiphysics-Integrated-Simulator-for-Tsunami/Simulators	코드	LLM판독	codex		자체코드
source_code/Multiscale-and-Multiphysics-Integrated-Simulator-for-Tsunami/Simulators/CADMAS-SURF-3D2F/Source code/vf_zxmp_allmxd.f	source_code/Multiscale-and-Multiphysics-Integrated-Simulator-for-Tsunami/Simulators	코드	LLM판독	codex		자체코드
source_code/Multiscale-and-Multiphysics-Integrated-Simulator-for-Tsunami/Simulators/CADMAS-SURF-3D2F/Source code/vf_zxmp_allsmd.f	source_code/Multiscale-and-Multiphysics-Integrated-Simulator-for-Tsunami/Simulators	코드	LLM판독	codex		자체코드
source_code/Multiscale-and-Multiphysics-Integrated-Simulator-for-Tsunami/Simulators/CADMAS-SURF-3D2F/Source code/vf_zxmp_allsmi.f	source_code/Multiscale-and-Multiphysics-Integrated-Simulator-for-Tsunami/Simulators	코드	LLM판독	codex		자체코드
source_code/Multiscale-and-Multiphysics-Integrated-Simulator-for-Tsunami/Simulators/CADMAS-SURF-3D2F/Source code/vf_zxmp_barri.f	source_code/Multiscale-and-Multiphysics-Integrated-Simulator-for-Tsunami/Simulators	코드	LLM판독	codex		자체코드
source_code/Multiscale-and-Multiphysics-Integrated-Simulator-for-Tsunami/Simulators/CADMAS-SURF-3D2F/Source code/vf_zxmp_bcastc.f	source_code/Multiscale-and-Multiphysics-Integrated-Simulator-for-Tsunami/Simulators	코드	LLM판독	codex		자체코드
source_code/Multiscale-and-Multiphysics-Integrated-Simulator-for-Tsunami/Simulators/CADMAS-SURF-3D2F/Source code/vf_zxmp_bcastd.f	source_code/Multiscale-and-Multiphysics-Integrated-Simulator-for-Tsunami/Simulators	코드	LLM판독	codex		자체코드
source_code/Multiscale-and-Multiphysics-Integrated-Simulator-for-Tsunami/Simulators/CADMAS-SURF-3D2F/Source code/vf_zxmp_bcasti.f	source_code/Multiscale-and-Multiphysics-Integrated-Simulator-for-Tsunami/Simulators	코드	LLM판독	codex		자체코드
source_code/Multiscale-and-Multiphysics-Integrated-Simulator-for-Tsunami/Simulators/CADMAS-SURF-3D2F/Source code/vf_zxmp_crank.f	source_code/Multiscale-and-Multiphysics-Integrated-Simulator-for-Tsunami/Simulators	코드	LLM판독	codex		자체코드
source_code/Multiscale-and-Multiphysics-Integrated-Simulator-for-Tsunami/Simulators/CADMAS-SURF-3D2F/Source code/vf_zxmp_csize.f	source_code/Multiscale-and-Multiphysics-Integrated-Simulator-for-Tsunami/Simulators	코드	LLM판독	codex		자체코드
source_code/Multiscale-and-Multiphysics-Integrated-Simulator-for-Tsunami/Simulators/CADMAS-SURF-3D2F/Source code/vf_zxmp_final.f	source_code/Multiscale-and-Multiphysics-Integrated-Simulator-for-Tsunami/Simulators	코드	LLM판독	codex		자체코드
source_code/Multiscale-and-Multiphysics-Integrated-Simulator-for-Tsunami/Simulators/CADMAS-SURF-3D2F/Source code/vf_zxmp_init.f	source_code/Multiscale-and-Multiphysics-Integrated-Simulator-for-Tsunami/Simulators	코드	LLM판독	codex		자체코드
source_code/Multiscale-and-Multiphysics-Integrated-Simulator-for-Tsunami/Simulators/CADMAS-SURF-3D2F/Source code/vf_zxmp_irecvd.f	source_code/Multiscale-and-Multiphysics-Integrated-Simulator-for-Tsunami/Simulators	코드	LLM판독	codex		자체코드
source_code/Multiscale-and-Multiphysics-Integrated-Simulator-for-Tsunami/Simulators/CADMAS-SURF-3D2F/Source code/vf_zxmp_irecvi.f	source_code/Multiscale-and-Multiphysics-Integrated-Simulator-for-Tsunami/Simulators	코드	LLM판독	codex		자체코드
source_code/Multiscale-and-Multiphysics-Integrated-Simulator-for-Tsunami/Simulators/CADMAS-SURF-3D2F/Source code/vf_zxmp_isendd.f	source_code/Multiscale-and-Multiphysics-Integrated-Simulator-for-Tsunami/Simulators	코드	LLM판독	codex		자체코드
source_code/Multiscale-and-Multiphysics-Integrated-Simulator-for-Tsunami/Simulators/CADMAS-SURF-3D2F/Source code/vf_zxmp_isendi.f	source_code/Multiscale-and-Multiphysics-Integrated-Simulator-for-Tsunami/Simulators	코드	LLM판독	codex		자체코드
source_code/Multiscale-and-Multiphysics-Integrated-Simulator-for-Tsunami/Simulators/CADMAS-SURF-3D2F/Source code/vf_zxmp_wait.f	source_code/Multiscale-and-Multiphysics-Integrated-Simulator-for-Tsunami/Simulators	코드	LLM판독	codex		자체코드
source_code/Multiscale-and-Multiphysics-Integrated-Simulator-for-Tsunami/Simulators/CADMAS-SURF-3D2F/Source code/vf_zxmp_wtime.f	source_code/Multiscale-and-Multiphysics-Integrated-Simulator-for-Tsunami/Simulators	코드	LLM판독	codex		자체코드
source_code/Multiscale-and-Multiphysics-Integrated-Simulator-for-Tsunami/Simulators/CADMAS-SURF-3D2F/Tutorial/CADMAS-2F_Tutorial_English.pdf	source_code/Multiscale-and-Multiphysics-Integrated-Simulator-for-Tsunami/Simulators	문서	실패	mechanical		매뉴얼·문서
source_code/Multiscale-and-Multiphysics-Integrated-Simulator-for-Tsunami/Simulators/CADMAS-SURF-3D2F/Tutorial/CADMAS-2F_Tutorial_Japanese.pdf	source_code/Multiscale-and-Multiphysics-Integrated-Simulator-for-Tsunami/Simulators	문서	실패	mechanical		매뉴얼·문서
source_code/Multiscale-and-Multiphysics-Integrated-Simulator-for-Tsunami/Simulators/STR3D/Manual/CADMAS-STR_Manual_English.pdf	source_code/Multiscale-and-Multiphysics-Integrated-Simulator-for-Tsunami/Simulators	문서	실패	mechanical		매뉴얼·문서
source_code/Multiscale-and-Multiphysics-Integrated-Simulator-for-Tsunami/Simulators/STR3D/Manual/CADMAS-STR_Manual_Japanese.pdf	source_code/Multiscale-and-Multiphysics-Integrated-Simulator-for-Tsunami/Simulators	문서	실패	mechanical		매뉴얼·문서
source_code/Multiscale-and-Multiphysics-Integrated-Simulator-for-Tsunami/Simulators/STR3D/Manual/CADMAS-STR_Program Instructions (CADMAS)_Japanese.pdf	source_code/Multiscale-and-Multiphysics-Integrated-Simulator-for-Tsunami/Simulators	문서	실패	mechanical		매뉴얼·문서
source_code/Multiscale-and-Multiphysics-Integrated-Simulator-for-Tsunami/Simulators/STR3D/Manual/CADMAS-STR_Program Instructions(CADMAS)_English.pdf	source_code/Multiscale-and-Multiphysics-Integrated-Simulator-for-Tsunami/Simulators	문서	실패	mechanical		매뉴얼·문서
source_code/Multiscale-and-Multiphysics-Integrated-Simulator-for-Tsunami/Simulators/STR3D/Manual/CADMAS-STR_Program Instructions_English.pdf	source_code/Multiscale-and-Multiphysics-Integrated-Simulator-for-Tsunami/Simulators	문서	실패	mechanical		매뉴얼·문서
source_code/Multiscale-and-Multiphysics-Integrated-Simulator-for-Tsunami/Simulators/STR3D/Manual/CADMAS-STR_Program Instructions_Japanese.pdf	source_code/Multiscale-and-Multiphysics-Integrated-Simulator-for-Tsunami/Simulators	문서	실패	mechanical		매뉴얼·문서
source_code/Multiscale-and-Multiphysics-Integrated-Simulator-for-Tsunami/Simulators/STR3D/ReadMe.md	source_code/Multiscale-and-Multiphysics-Integrated-Simulator-for-Tsunami/Simulators	문서	LLM판독	grok	Y	매뉴얼·문서
source_code/Multiscale-and-Multiphysics-Integrated-Simulator-for-Tsunami/Simulators/STR3D/Source code/contact/areacd.f	source_code/Multiscale-and-Multiphysics-Integrated-Simulator-for-Tsunami/Simulators	코드	LLM판독	codex		자체코드
source_code/Multiscale-and-Multiphysics-Integrated-Simulator-for-Tsunami/Simulators/STR3D/Source code/contact/areain.f	source_code/Multiscale-and-Multiphysics-Integrated-Simulator-for-Tsunami/Simulators	코드	LLM판독	codex		자체코드
source_code/Multiscale-and-Multiphysics-Integrated-Simulator-for-Tsunami/Simulators/STR3D/Source code/contact/bctset.f	source_code/Multiscale-and-Multiphysics-Integrated-Simulator-for-Tsunami/Simulators	코드	LLM판독	codex		자체코드
source_code/Multiscale-and-Multiphysics-Integrated-Simulator-for-Tsunami/Simulators/STR3D/Source code/contact/circhk.f	source_code/Multiscale-and-Multiphysics-Integrated-Simulator-for-Tsunami/Simulators	코드	LLM판독	codex		자체코드
source_code/Multiscale-and-Multiphysics-Integrated-Simulator-for-Tsunami/Simulators/STR3D/Source code/contact/cntrfc.f	source_code/Multiscale-and-Multiphysics-Integrated-Simulator-for-Tsunami/Simulators	코드	LLM판독	codex		자체코드
source_code/Multiscale-and-Multiphysics-Integrated-Simulator-for-Tsunami/Simulators/STR3D/Source code/contact/cont_init.f	source_code/Multiscale-and-Multiphysics-Integrated-Simulator-for-Tsunami/Simulators	코드	LLM판독	codex		자체코드
source_code/Multiscale-and-Multiphysics-Integrated-Simulator-for-Tsunami/Simulators/STR3D/Source code/contact/cont_init_p.f	source_code/Multiscale-and-Multiphysics-Integrated-Simulator-for-Tsunami/Simulators	코드	LLM판독	codex		자체코드
source_code/Multiscale-and-Multiphysics-Integrated-Simulator-for-Tsunami/Simulators/STR3D/Source code/contact/cont_tbl.f	source_code/Multiscale-and-Multiphysics-Integrated-Simulator-for-Tsunami/Simulators	코드	LLM판독	codex		자체코드
source_code/Multiscale-and-Multiphysics-Integrated-Simulator-for-Tsunami/Simulators/STR3D/Source code/contact/cont_tbl_p.f	source_code/Multiscale-and-Multiphysics-Integrated-Simulator-for-Tsunami/Simulators	코드	LLM판독	codex		자체코드
source_code/Multiscale-and-Multiphysics-Integrated-Simulator-for-Tsunami/Simulators/STR3D/Source code/contact/contact.f	source_code/Multiscale-and-Multiphysics-Integrated-Simulator-for-Tsunami/Simulators	코드	LLM판독	codex	Y	자체코드
source_code/Multiscale-and-Multiphysics-Integrated-Simulator-for-Tsunami/Simulators/STR3D/Source code/contact/contactp.f	source_code/Multiscale-and-Multiphysics-Integrated-Simulator-for-Tsunami/Simulators	코드	LLM판독	codex	Y	자체코드
source_code/Multiscale-and-Multiphysics-Integrated-Simulator-for-Tsunami/Simulators/STR3D/Source code/contact/corredge.f	source_code/Multiscale-and-Multiphysics-Integrated-Simulator-for-Tsunami/Simulators	코드	LLM판독	codex		자체코드
source_code/Multiscale-and-Multiphysics-Integrated-Simulator-for-Tsunami/Simulators/STR3D/Source code/contact/corrface1.f	source_code/Multiscale-and-Multiphysics-Integrated-Simulator-for-Tsunami/Simulators	코드	LLM판독	codex	Y	자체코드
source_code/Multiscale-and-Multiphysics-Integrated-Simulator-for-Tsunami/Simulators/STR3D/Source code/contact/corrface2.f	source_code/Multiscale-and-Multiphysics-Integrated-Simulator-for-Tsunami/Simulators	코드	LLM판독	codex		자체코드
source_code/Multiscale-and-Multiphysics-Integrated-Simulator-for-Tsunami/Simulators/STR3D/Source code/contact/corrface3.f	source_code/Multiscale-and-Multiphysics-Integrated-Simulator-for-Tsunami/Simulators	코드	LLM판독	codex		자체코드
source_code/Multiscale-and-Multiphysics-Integrated-Simulator-for-Tsunami/Simulators/STR3D/Source code/contact/crh2edge.f	source_code/Multiscale-and-Multiphysics-Integrated-Simulator-for-Tsunami/Simulators	코드	LLM판독	codex		자체코드
source_code/Multiscale-and-Multiphysics-Integrated-Simulator-for-Tsunami/Simulators/STR3D/Source code/contact/crh2face.f	source_code/Multiscale-and-Multiphysics-Integrated-Simulator-for-Tsunami/Simulators	코드	LLM판독	codex		자체코드
source_code/Multiscale-and-Multiphysics-Integrated-Simulator-for-Tsunami/Simulators/STR3D/Source code/contact/crh2set.f	source_code/Multiscale-and-Multiphysics-Integrated-Simulator-for-Tsunami/Simulators	코드	LLM판독	codex		자체코드
source_code/Multiscale-and-Multiphysics-Integrated-Simulator-for-Tsunami/Simulators/STR3D/Source code/contact/crh2stke.f	source_code/Multiscale-and-Multiphysics-Integrated-Simulator-for-Tsunami/Simulators	코드	LLM판독	codex		자체코드
source_code/Multiscale-and-Multiphysics-Integrated-Simulator-for-Tsunami/Simulators/STR3D/Source code/contact/crh2stkf.f	source_code/Multiscale-and-Multiphysics-Integrated-Simulator-for-Tsunami/Simulators	코드	LLM판독	codex		자체코드
source_code/Multiscale-and-Multiphysics-Integrated-Simulator-for-Tsunami/Simulators/STR3D/Source code/contact/crh2vrtx.f	source_code/Multiscale-and-Multiphysics-Integrated-Simulator-for-Tsunami/Simulators	코드	LLM판독	codex		자체코드
source_code/Multiscale-and-Multiphysics-Integrated-Simulator-for-Tsunami/Simulators/STR3D/Source code/contact/csfhx.f	source_code/Multiscale-and-Multiphysics-Integrated-Simulator-for-Tsunami/Simulators	코드	LLM판독	codex		자체코드
source_code/Multiscale-and-Multiphysics-Integrated-Simulator-for-Tsunami/Simulators/STR3D/Source code/contact/csfpn.f	source_code/Multiscale-and-Multiphysics-Integrated-Simulator-for-Tsunami/Simulators	코드	LLM판독	codex		자체코드
source_code/Multiscale-and-Multiphysics-Integrated-Simulator-for-Tsunami/Simulators/STR3D/Source code/contact/csfte.f	source_code/Multiscale-and-Multiphysics-Integrated-Simulator-for-Tsunami/Simulators	코드	LLM판독	codex		자체코드
source_code/Multiscale-and-Multiphysics-Integrated-Simulator-for-Tsunami/Simulators/STR3D/Source code/contact/edgechk.f	source_code/Multiscale-and-Multiphysics-Integrated-Simulator-for-Tsunami/Simulators	코드	LLM판독	codex		자체코드
source_code/Multiscale-and-Multiphysics-Integrated-Simulator-for-Tsunami/Simulators/STR3D/Source code/contact/edgedl.f	source_code/Multiscale-and-Multiphysics-Integrated-Simulator-for-Tsunami/Simulators	코드	LLM판독	codex		자체코드
source_code/Multiscale-and-Multiphysics-Integrated-Simulator-for-Tsunami/Simulators/STR3D/Source code/contact/edgeout.f	source_code/Multiscale-and-Multiphysics-Integrated-Simulator-for-Tsunami/Simulators	코드	LLM판독	codex		자체코드
source_code/Multiscale-and-Multiphysics-Integrated-Simulator-for-Tsunami/Simulators/STR3D/Source code/contact/edgeslip.f	source_code/Multiscale-and-Multiphysics-Integrated-Simulator-for-Tsunami/Simulators	코드	LLM판독	codex		자체코드
source_code/Multiscale-and-Multiphysics-Integrated-Simulator-for-Tsunami/Simulators/STR3D/Source code/contact/edgestk.f	source_code/Multiscale-and-Multiphysics-Integrated-Simulator-for-Tsunami/Simulators	코드	LLM판독	codex		자체코드
source_code/Multiscale-and-Multiphysics-Integrated-Simulator-for-Tsunami/Simulators/STR3D/Source code/contact/edgquad.f	source_code/Multiscale-and-Multiphysics-Integrated-Simulator-for-Tsunami/Simulators	코드	LLM판독	codex		자체코드
source_code/Multiscale-and-Multiphysics-Integrated-Simulator-for-Tsunami/Simulators/STR3D/Source code/contact/elcquad.f	source_code/Multiscale-and-Multiphysics-Integrated-Simulator-for-Tsunami/Simulators	코드	LLM판독	codex		자체코드
source_code/Multiscale-and-Multiphysics-Integrated-Simulator-for-Tsunami/Simulators/STR3D/Source code/contact/enpfrcd.f	source_code/Multiscale-and-Multiphysics-Integrated-Simulator-for-Tsunami/Simulators	코드	LLM판독	codex		자체코드
source_code/Multiscale-and-Multiphysics-Integrated-Simulator-for-Tsunami/Simulators/STR3D/Source code/contact/estfedge.f	source_code/Multiscale-and-Multiphysics-Integrated-Simulator-for-Tsunami/Simulators	코드	LLM판독	codex		자체코드
source_code/Multiscale-and-Multiphysics-Integrated-Simulator-for-Tsunami/Simulators/STR3D/Source code/contact/estfface.f	source_code/Multiscale-and-Multiphysics-Integrated-Simulator-for-Tsunami/Simulators	코드	LLM판독	codex	Y	자체코드
source_code/Multiscale-and-Multiphysics-Integrated-Simulator-for-Tsunami/Simulators/STR3D/Source code/contact/facechk.f	source_code/Multiscale-and-Multiphysics-Integrated-Simulator-for-Tsunami/Simulators	코드	LLM판독	codex		자체코드
source_code/Multiscale-and-Multiphysics-Integrated-Simulator-for-Tsunami/Simulators/STR3D/Source code/contact/faceon.f	source_code/Multiscale-and-Multiphysics-Integrated-Simulator-for-Tsunami/Simulators	코드	LLM판독	codex		자체코드
source_code/Multiscale-and-Multiphysics-Integrated-Simulator-for-Tsunami/Simulators/STR3D/Source code/contact/faceout.f	source_code/Multiscale-and-Multiphysics-Integrated-Simulator-for-Tsunami/Simulators	코드	LLM판독	codex		자체코드
source_code/Multiscale-and-Multiphysics-Integrated-Simulator-for-Tsunami/Simulators/STR3D/Source code/contact/facerl.f	source_code/Multiscale-and-Multiphysics-Integrated-Simulator-for-Tsunami/Simulators	코드	LLM판독	codex		자체코드
source_code/Multiscale-and-Multiphysics-Integrated-Simulator-for-Tsunami/Simulators/STR3D/Source code/contact/facesepa.f	source_code/Multiscale-and-Multiphysics-Integrated-Simulator-for-Tsunami/Simulators	코드	LLM판독	codex		자체코드
source_code/Multiscale-and-Multiphysics-Integrated-Simulator-for-Tsunami/Simulators/STR3D/Source code/contact/facestk.f	source_code/Multiscale-and-Multiphysics-Integrated-Simulator-for-Tsunami/Simulators	코드	LLM판독	codex		자체코드
source_code/Multiscale-and-Multiphysics-Integrated-Simulator-for-Tsunami/Simulators/STR3D/Source code/contact/fricchk.f	source_code/Multiscale-and-Multiphysics-Integrated-Simulator-for-Tsunami/Simulators	코드	LLM판독	codex		자체코드
source_code/Multiscale-and-Multiphysics-Integrated-Simulator-for-Tsunami/Simulators/STR3D/Source code/contact/fricedge.f	source_code/Multiscale-and-Multiphysics-Integrated-Simulator-for-Tsunami/Simulators	코드	LLM판독	codex	Y	자체코드
source_code/Multiscale-and-Multiphysics-Integrated-Simulator-for-Tsunami/Simulators/STR3D/Source code/contact/fricface.f	source_code/Multiscale-and-Multiphysics-Integrated-Simulator-for-Tsunami/Simulators	코드	LLM판독	codex		자체코드
source_code/Multiscale-and-Multiphysics-Integrated-Simulator-for-Tsunami/Simulators/STR3D/Source code/contact/fricint.f	source_code/Multiscale-and-Multiphysics-Integrated-Simulator-for-Tsunami/Simulators	코드	LLM판독	codex		자체코드
source_code/Multiscale-and-Multiphysics-Integrated-Simulator-for-Tsunami/Simulators/STR3D/Source code/contact/fricset.f	source_code/Multiscale-and-Multiphysics-Integrated-Simulator-for-Tsunami/Simulators	코드	LLM판독	codex		자체코드
source_code/Multiscale-and-Multiphysics-Integrated-Simulator-for-Tsunami/Simulators/STR3D/Source code/contact/fricstf.f	source_code/Multiscale-and-Multiphysics-Integrated-Simulator-for-Tsunami/Simulators	코드	LLM판독	codex	Y	자체코드
source_code/Multiscale-and-Multiphysics-Integrated-Simulator-for-Tsunami/Simulators/STR3D/Source code/contact/grazeel.f	source_code/Multiscale-and-Multiphysics-Integrated-Simulator-for-Tsunami/Simulators	코드	LLM판독	codex		자체코드
source_code/Multiscale-and-Multiphysics-Integrated-Simulator-for-Tsunami/Simulators/STR3D/Source code/contact/gsfhx.f	source_code/Multiscale-and-Multiphysics-Integrated-Simulator-for-Tsunami/Simulators	코드	LLM판독	codex		자체코드
source_code/Multiscale-and-Multiphysics-Integrated-Simulator-for-Tsunami/Simulators/STR3D/Source code/contact/gsfpn.f	source_code/Multiscale-and-Multiphysics-Integrated-Simulator-for-Tsunami/Simulators	코드	LLM판독	codex		자체코드
source_code/Multiscale-and-Multiphysics-Integrated-Simulator-for-Tsunami/Simulators/STR3D/Source code/contact/gsurf.f	source_code/Multiscale-and-Multiphysics-Integrated-Simulator-for-Tsunami/Simulators	코드	LLM판독	codex		자체코드
source_code/Multiscale-and-Multiphysics-Integrated-Simulator-for-Tsunami/Simulators/STR3D/Source code/contact/gsurfq.f	source_code/Multiscale-and-Multiphysics-Integrated-Simulator-for-Tsunami/Simulators	코드	LLM판독	codex		자체코드
source_code/Multiscale-and-Multiphysics-Integrated-Simulator-for-Tsunami/Simulators/STR3D/Source code/contact/gsurfx.f	source_code/Multiscale-and-Multiphysics-Integrated-Simulator-for-Tsunami/Simulators	코드	LLM판독	codex		자체코드
source_code/Multiscale-and-Multiphysics-Integrated-Simulator-for-Tsunami/Simulators/STR3D/Source code/contact/initidx.f	source_code/Multiscale-and-Multiphysics-Integrated-Simulator-for-Tsunami/Simulators	코드	LLM판독	codex		자체코드
source_code/Multiscale-and-Multiphysics-Integrated-Simulator-for-Tsunami/Simulators/STR3D/Source code/contact/istchk.f	source_code/Multiscale-and-Multiphysics-Integrated-Simulator-for-Tsunami/Simulators	코드	LLM판독	codex	Y	자체코드
source_code/Multiscale-and-Multiphysics-Integrated-Simulator-for-Tsunami/Simulators/STR3D/Source code/contact/lencd.f	source_code/Multiscale-and-Multiphysics-Integrated-Simulator-for-Tsunami/Simulators	코드	LLM판독	codex		자체코드
source_code/Multiscale-and-Multiphysics-Integrated-Simulator-for-Tsunami/Simulators/STR3D/Source code/contact/lhsidx.f	source_code/Multiscale-and-Multiphysics-Integrated-Simulator-for-Tsunami/Simulators	코드	LLM판독	codex		자체코드
source_code/Multiscale-and-Multiphysics-Integrated-Simulator-for-Tsunami/Simulators/STR3D/Source code/contact/makefile	source_code/Multiscale-and-Multiphysics-Integrated-Simulator-for-Tsunami/Simulators	기타(설정·입력·빌드)	LLM판독	codex		빌드·설정·기타
source_code/Multiscale-and-Multiphysics-Integrated-Simulator-for-Tsunami/Simulators/STR3D/Source code/contact/mktehx.f	source_code/Multiscale-and-Multiphysics-Integrated-Simulator-for-Tsunami/Simulators	코드	LLM판독	codex		자체코드
source_code/Multiscale-and-Multiphysics-Integrated-Simulator-for-Tsunami/Simulators/STR3D/Source code/contact/mktepn.f	source_code/Multiscale-and-Multiphysics-Integrated-Simulator-for-Tsunami/Simulators	코드	LLM판독	codex		자체코드
source_code/Multiscale-and-Multiphysics-Integrated-Simulator-for-Tsunami/Simulators/STR3D/Source code/contact/mpccorr.f	source_code/Multiscale-and-Multiphysics-Integrated-Simulator-for-Tsunami/Simulators	코드	LLM판독	codex	Y	자체코드
source_code/Multiscale-and-Multiphysics-Integrated-Simulator-for-Tsunami/Simulators/STR3D/Source code/contact/mpccorr11.f	source_code/Multiscale-and-Multiphysics-Integrated-Simulator-for-Tsunami/Simulators	코드	LLM판독	codex	Y	자체코드
source_code/Multiscale-and-Multiphysics-Integrated-Simulator-for-Tsunami/Simulators/STR3D/Source code/contact/mpccorr12.f	source_code/Multiscale-and-Multiphysics-Integrated-Simulator-for-Tsunami/Simulators	코드	LLM판독	codex	Y	자체코드
source_code/Multiscale-and-Multiphysics-Integrated-Simulator-for-Tsunami/Simulators/STR3D/Source code/contact/mpccorr13.f	source_code/Multiscale-and-Multiphysics-Integrated-Simulator-for-Tsunami/Simulators	코드	LLM판독	codex	Y	자체코드
source_code/Multiscale-and-Multiphysics-Integrated-Simulator-for-Tsunami/Simulators/STR3D/Source code/contact/mpccorr2.f	source_code/Multiscale-and-Multiphysics-Integrated-Simulator-for-Tsunami/Simulators	코드	LLM판독	codex		자체코드
source_code/Multiscale-and-Multiphysics-Integrated-Simulator-for-Tsunami/Simulators/STR3D/Source code/contact/mpccorr3.f	source_code/Multiscale-and-Multiphysics-Integrated-Simulator-for-Tsunami/Simulators	코드	LLM판독	codex		자체코드
source_code/Multiscale-and-Multiphysics-Integrated-Simulator-for-Tsunami/Simulators/STR3D/Source code/contact/mpcedge.f	source_code/Multiscale-and-Multiphysics-Integrated-Simulator-for-Tsunami/Simulators	코드	LLM판독	codex		자체코드
source_code/Multiscale-and-Multiphysics-Integrated-Simulator-for-Tsunami/Simulators/STR3D/Source code/contact/mpcface.f	source_code/Multiscale-and-Multiphysics-Integrated-Simulator-for-Tsunami/Simulators	코드	LLM판독	codex		자체코드
source_code/Multiscale-and-Multiphysics-Integrated-Simulator-for-Tsunami/Simulators/STR3D/Source code/contact/mpcpreb.f	source_code/Multiscale-and-Multiphysics-Integrated-Simulator-for-Tsunami/Simulators	코드	LLM판독	codex		자체코드
source_code/Multiscale-and-Multiphysics-Integrated-Simulator-for-Tsunami/Simulators/STR3D/Source code/contact/mpcrank.f	source_code/Multiscale-and-Multiphysics-Integrated-Simulator-for-Tsunami/Simulators	코드	LLM판독	codex		자체코드
source_code/Multiscale-and-Multiphysics-Integrated-Simulator-for-Tsunami/Simulators/STR3D/Source code/contact/mpcset.f	source_code/Multiscale-and-Multiphysics-Integrated-Simulator-for-Tsunami/Simulators	코드	LLM판독	codex	Y	자체코드
source_code/Multiscale-and-Multiphysics-Integrated-Simulator-for-Tsunami/Simulators/STR3D/Source code/contact/mpcset2.f	source_code/Multiscale-and-Multiphysics-Integrated-Simulator-for-Tsunami/Simulators	코드	LLM판독	codex		자체코드
source_code/Multiscale-and-Multiphysics-Integrated-Simulator-for-Tsunami/Simulators/STR3D/Source code/contact/mpcsize.f	source_code/Multiscale-and-Multiphysics-Integrated-Simulator-for-Tsunami/Simulators	코드	LLM판독	codex		자체코드
source_code/Multiscale-and-Multiphysics-Integrated-Simulator-for-Tsunami/Simulators/STR3D/Source code/contact/mpcslv.f	source_code/Multiscale-and-Multiphysics-Integrated-Simulator-for-Tsunami/Simulators	코드	LLM판독	codex	Y	자체코드
source_code/Multiscale-and-Multiphysics-Integrated-Simulator-for-Tsunami/Simulators/STR3D/Source code/contact/mpcstke.f	source_code/Multiscale-and-Multiphysics-Integrated-Simulator-for-Tsunami/Simulators	코드	LLM판독	codex		자체코드
source_code/Multiscale-and-Multiphysics-Integrated-Simulator-for-Tsunami/Simulators/STR3D/Source code/contact/mpcstkf.f	source_code/Multiscale-and-Multiphysics-Integrated-Simulator-for-Tsunami/Simulators	코드	LLM판독	codex		자체코드
source_code/Multiscale-and-Multiphysics-Integrated-Simulator-for-Tsunami/Simulators/STR3D/Source code/contact/mpcvrtx.f	source_code/Multiscale-and-Multiphysics-Integrated-Simulator-for-Tsunami/Simulators	코드	LLM판독	codex		자체코드
source_code/Multiscale-and-Multiphysics-Integrated-Simulator-for-Tsunami/Simulators/STR3D/Source code/contact/mstnod.f	source_code/Multiscale-and-Multiphysics-Integrated-Simulator-for-Tsunami/Simulators	코드	LLM판독	codex		자체코드
source_code/Multiscale-and-Multiphysics-Integrated-Simulator-for-Tsunami/Simulators/STR3D/Source code/contact/npfedge.f	source_code/Multiscale-and-Multiphysics-Integrated-Simulator-for-Tsunami/Simulators	코드	LLM판독	codex		자체코드
source_code/Multiscale-and-Multiphysics-Integrated-Simulator-for-Tsunami/Simulators/STR3D/Source code/contact/npfface.f	source_code/Multiscale-and-Multiphysics-Integrated-Simulator-for-Tsunami/Simulators	코드	LLM판독	codex	Y	자체코드
source_code/Multiscale-and-Multiphysics-Integrated-Simulator-for-Tsunami/Simulators/STR3D/Source code/contact/npforced.f	source_code/Multiscale-and-Multiphysics-Integrated-Simulator-for-Tsunami/Simulators	코드	LLM판독	codex	Y	자체코드
source_code/Multiscale-and-Multiphysics-Integrated-Simulator-for-Tsunami/Simulators/STR3D/Source code/contact/npfric.f	source_code/Multiscale-and-Multiphysics-Integrated-Simulator-for-Tsunami/Simulators	코드	LLM판독	codex		자체코드
source_code/Multiscale-and-Multiphysics-Integrated-Simulator-for-Tsunami/Simulators/STR3D/Source code/contact/npfricd.f	source_code/Multiscale-and-Multiphysics-Integrated-Simulator-for-Tsunami/Simulators	코드	LLM판독	codex		자체코드
source_code/Multiscale-and-Multiphysics-Integrated-Simulator-for-Tsunami/Simulators/STR3D/Source code/contact/nrmvec.f	source_code/Multiscale-and-Multiphysics-Integrated-Simulator-for-Tsunami/Simulators	코드	LLM판독	codex		자체코드
source_code/Multiscale-and-Multiphysics-Integrated-Simulator-for-Tsunami/Simulators/STR3D/Source code/contact/penchk.f	source_code/Multiscale-and-Multiphysics-Integrated-Simulator-for-Tsunami/Simulators	코드	LLM판독	codex	Y	자체코드
source_code/Multiscale-and-Multiphysics-Integrated-Simulator-for-Tsunami/Simulators/STR3D/Source code/contact/penst.f	source_code/Multiscale-and-Multiphysics-Integrated-Simulator-for-Tsunami/Simulators	코드	LLM판독	codex	Y	자체코드
source_code/Multiscale-and-Multiphysics-Integrated-Simulator-for-Tsunami/Simulators/STR3D/Source code/contact/resfric.f	source_code/Multiscale-and-Multiphysics-Integrated-Simulator-for-Tsunami/Simulators	코드	LLM판독	codex		자체코드
source_code/Multiscale-and-Multiphysics-Integrated-Simulator-for-Tsunami/Simulators/STR3D/Source code/contact/rfcedge.f	source_code/Multiscale-and-Multiphysics-Integrated-Simulator-for-Tsunami/Simulators	코드	LLM판독	codex		자체코드
source_code/Multiscale-and-Multiphysics-Integrated-Simulator-for-Tsunami/Simulators/STR3D/Source code/contact/rfcface.f	source_code/Multiscale-and-Multiphysics-Integrated-Simulator-for-Tsunami/Simulators	코드	LLM판독	codex		자체코드
source_code/Multiscale-and-Multiphysics-Integrated-Simulator-for-Tsunami/Simulators/STR3D/Source code/contact/rhsidxb.f	source_code/Multiscale-and-Multiphysics-Integrated-Simulator-for-Tsunami/Simulators	코드	LLM판독	codex		자체코드
source_code/Multiscale-and-Multiphysics-Integrated-Simulator-for-Tsunami/Simulators/STR3D/Source code/contact/rhsidxf.f	source_code/Multiscale-and-Multiphysics-Integrated-Simulator-for-Tsunami/Simulators	코드	LLM판독	codex		자체코드
source_code/Multiscale-and-Multiphysics-Integrated-Simulator-for-Tsunami/Simulators/STR3D/Source code/contact/rhsidxr.f	source_code/Multiscale-and-Multiphysics-Integrated-Simulator-for-Tsunami/Simulators	코드	LLM판독	codex		자체코드
source_code/Multiscale-and-Multiphysics-Integrated-Simulator-for-Tsunami/Simulators/STR3D/Source code/contact/rlcorr.f	source_code/Multiscale-and-Multiphysics-Integrated-Simulator-for-Tsunami/Simulators	코드	LLM판독	codex		자체코드
source_code/Multiscale-and-Multiphysics-Integrated-Simulator-for-Tsunami/Simulators/STR3D/Source code/contact/rmpccal.f	source_code/Multiscale-and-Multiphysics-Integrated-Simulator-for-Tsunami/Simulators	코드	LLM판독	codex		자체코드
source_code/Multiscale-and-Multiphysics-Integrated-Simulator-for-Tsunami/Simulators/STR3D/Source code/contact/slvnrm.f	source_code/Multiscale-and-Multiphysics-Integrated-Simulator-for-Tsunami/Simulators	코드	LLM판독	codex	Y	자체코드
source_code/Multiscale-and-Multiphysics-Integrated-Simulator-for-Tsunami/Simulators/STR3D/Source code/contact/spcdedge.f	source_code/Multiscale-and-Multiphysics-Integrated-Simulator-for-Tsunami/Simulators	코드	LLM판독	codex		자체코드
source_code/Multiscale-and-Multiphysics-Integrated-Simulator-for-Tsunami/Simulators/STR3D/Source code/contact/spcdface1.f	source_code/Multiscale-and-Multiphysics-Integrated-Simulator-for-Tsunami/Simulators	코드	LLM판독	codex	Y	자체코드
source_code/Multiscale-and-Multiphysics-Integrated-Simulator-for-Tsunami/Simulators/STR3D/Source code/contact/spcdface2.f	source_code/Multiscale-and-Multiphysics-Integrated-Simulator-for-Tsunami/Simulators	코드	LLM판독	codex		자체코드
source_code/Multiscale-and-Multiphysics-Integrated-Simulator-for-Tsunami/Simulators/STR3D/Source code/contact/spcdface3.f	source_code/Multiscale-and-Multiphysics-Integrated-Simulator-for-Tsunami/Simulators	코드	LLM판독	codex		자체코드
source_code/Multiscale-and-Multiphysics-Integrated-Simulator-for-Tsunami/Simulators/STR3D/Source code/contact/stickchk.f	source_code/Multiscale-and-Multiphysics-Integrated-Simulator-for-Tsunami/Simulators	코드	LLM판독	codex		자체코드
source_code/Multiscale-and-Multiphysics-Integrated-Simulator-for-Tsunami/Simulators/STR3D/Source code/contact/tredge.f	source_code/Multiscale-and-Multiphysics-Integrated-Simulator-for-Tsunami/Simulators	코드	LLM판독	codex		자체코드
source_code/Multiscale-and-Multiphysics-Integrated-Simulator-for-Tsunami/Simulators/STR3D/Source code/contact/trface.f	source_code/Multiscale-and-Multiphysics-Integrated-Simulator-for-Tsunami/Simulators	코드	LLM판독	codex		자체코드
source_code/Multiscale-and-Multiphysics-Integrated-Simulator-for-Tsunami/Simulators/STR3D/Source code/contact/volcd.f	source_code/Multiscale-and-Multiphysics-Integrated-Simulator-for-Tsunami/Simulators	코드	LLM판독	codex		자체코드
source_code/Multiscale-and-Multiphysics-Integrated-Simulator-for-Tsunami/Simulators/STR3D/Source code/contact/volin.f	source_code/Multiscale-and-Multiphysics-Integrated-Simulator-for-Tsunami/Simulators	코드	LLM판독	codex		자체코드
source_code/Multiscale-and-Multiphysics-Integrated-Simulator-for-Tsunami/Simulators/STR3D/Source code/contact/volin3.f	source_code/Multiscale-and-Multiphysics-Integrated-Simulator-for-Tsunami/Simulators	코드	LLM판독	codex		자체코드
source_code/Multiscale-and-Multiphysics-Integrated-Simulator-for-Tsunami/Simulators/STR3D/Source code/contact/vrtxchk.f	source_code/Multiscale-and-Multiphysics-Integrated-Simulator-for-Tsunami/Simulators	코드	LLM판독	codex		자체코드
source_code/Multiscale-and-Multiphysics-Integrated-Simulator-for-Tsunami/Simulators/STR3D/Source code/contact/vrtxsepa.f	source_code/Multiscale-and-Multiphysics-Integrated-Simulator-for-Tsunami/Simulators	코드	LLM판독	codex		자체코드
source_code/Multiscale-and-Multiphysics-Integrated-Simulator-for-Tsunami/Simulators/STR3D/Source code/contact/vrtxslip.f	source_code/Multiscale-and-Multiphysics-Integrated-Simulator-for-Tsunami/Simulators	코드	LLM판독	codex		자체코드
source_code/Multiscale-and-Multiphysics-Integrated-Simulator-for-Tsunami/Simulators/STR3D/Source code/contact/vrtxstk.f	source_code/Multiscale-and-Multiphysics-Integrated-Simulator-for-Tsunami/Simulators	코드	LLM판독	codex		자체코드
source_code/Multiscale-and-Multiphysics-Integrated-Simulator-for-Tsunami/Simulators/STR3D/Source code/contact/wrksize.f	source_code/Multiscale-and-Multiphysics-Integrated-Simulator-for-Tsunami/Simulators	코드	LLM판독	codex		자체코드
source_code/Multiscale-and-Multiphysics-Integrated-Simulator-for-Tsunami/Simulators/STR3D/Source code/femap/blk_e.f	source_code/Multiscale-and-Multiphysics-Integrated-Simulator-for-Tsunami/Simulators	코드	LLM판독	codex		자체코드
source_code/Multiscale-and-Multiphysics-Integrated-Simulator-for-Tsunami/Simulators/STR3D/Source code/femap/blk_s.f	source_code/Multiscale-and-Multiphysics-Integrated-Simulator-for-Tsunami/Simulators	코드	LLM판독	codex		자체코드
source_code/Multiscale-and-Multiphysics-Integrated-Simulator-for-Tsunami/Simulators/STR3D/Source code/femap/femap_geom.f	source_code/Multiscale-and-Multiphysics-Integrated-Simulator-for-Tsunami/Simulators	코드	LLM판독	codex	Y	자체코드
source_code/Multiscale-and-Multiphysics-Integrated-Simulator-for-Tsunami/Simulators/STR3D/Source code/femap/femap_out.f	source_code/Multiscale-and-Multiphysics-Integrated-Simulator-for-Tsunami/Simulators	코드	LLM판독	codex	Y	자체코드
source_code/Multiscale-and-Multiphysics-Integrated-Simulator-for-Tsunami/Simulators/STR3D/Source code/femap/fmp_bar.f	source_code/Multiscale-and-Multiphysics-Integrated-Simulator-for-Tsunami/Simulators	코드	LLM판독	codex		자체코드
source_code/Multiscale-and-Multiphysics-Integrated-Simulator-for-Tsunami/Simulators/STR3D/Source code/femap/fmp_elem.f	source_code/Multiscale-and-Multiphysics-Integrated-Simulator-for-Tsunami/Simulators	코드	LLM판독	codex		자체코드
source_code/Multiscale-and-Multiphysics-Integrated-Simulator-for-Tsunami/Simulators/STR3D/Source code/femap/fmp_mat.f	source_code/Multiscale-and-Multiphysics-Integrated-Simulator-for-Tsunami/Simulators	코드	LLM판독	codex		자체코드
source_code/Multiscale-and-Multiphysics-Integrated-Simulator-for-Tsunami/Simulators/STR3D/Source code/femap/fmp_nodal.f	source_code/Multiscale-and-Multiphysics-Integrated-Simulator-for-Tsunami/Simulators	코드	LLM판독	codex		자체코드
source_code/Multiscale-and-Multiphysics-Integrated-Simulator-for-Tsunami/Simulators/STR3D/Source code/femap/fmp_node.f	source_code/Multiscale-and-Multiphysics-Integrated-Simulator-for-Tsunami/Simulators	코드	LLM판독	codex		자체코드
source_code/Multiscale-and-Multiphysics-Integrated-Simulator-for-Tsunami/Simulators/STR3D/Source code/femap/fmp_ous.f	source_code/Multiscale-and-Multiphysics-Integrated-Simulator-for-Tsunami/Simulators	코드	LLM판독	codex		자체코드
source_code/Multiscale-and-Multiphysics-Integrated-Simulator-for-Tsunami/Simulators/STR3D/Source code/femap/fmp_prop.f	source_code/Multiscale-and-Multiphysics-Integrated-Simulator-for-Tsunami/Simulators	코드	LLM판독	codex		자체코드
source_code/Multiscale-and-Multiphysics-Integrated-Simulator-for-Tsunami/Simulators/STR3D/Source code/femap/fmp_rod.f	source_code/Multiscale-and-Multiphysics-Integrated-Simulator-for-Tsunami/Simulators	코드	LLM판독	codex		자체코드
source_code/Multiscale-and-Multiphysics-Integrated-Simulator-for-Tsunami/Simulators/STR3D/Source code/femap/fmp_soil.f	source_code/Multiscale-and-Multiphysics-Integrated-Simulator-for-Tsunami/Simulators	코드	LLM판독	codex		자체코드
source_code/Multiscale-and-Multiphysics-Integrated-Simulator-for-Tsunami/Simulators/STR3D/Source code/femap/fmp_sol.f	source_code/Multiscale-and-Multiphysics-Integrated-Simulator-for-Tsunami/Simulators	코드	LLM판독	codex		자체코드
source_code/Multiscale-and-Multiphysics-Integrated-Simulator-for-Tsunami/Simulators/STR3D/Source code/femap/makefile	source_code/Multiscale-and-Multiphysics-Integrated-Simulator-for-Tsunami/Simulators	기타(설정·입력·빌드)	LLM판독	codex		빌드·설정·기타
source_code/Multiscale-and-Multiphysics-Integrated-Simulator-for-Tsunami/Simulators/STR3D/Source code/femap/wt_data.f	source_code/Multiscale-and-Multiphysics-Integrated-Simulator-for-Tsunami/Simulators	코드	LLM판독	codex		자체코드
source_code/Multiscale-and-Multiphysics-Integrated-Simulator-for-Tsunami/Simulators/STR3D/Source code/femap/wt_vec.f	source_code/Multiscale-and-Multiphysics-Integrated-Simulator-for-Tsunami/Simulators	코드	LLM판독	codex		자체코드
source_code/Multiscale-and-Multiphysics-Integrated-Simulator-for-Tsunami/Simulators/STR3D/Source code/femap/wt_zero_i.f	source_code/Multiscale-and-Multiphysics-Integrated-Simulator-for-Tsunami/Simulators	코드	LLM판독	codex		자체코드
source_code/Multiscale-and-Multiphysics-Integrated-Simulator-for-Tsunami/Simulators/STR3D/Source code/femap/wt_zero_r.f	source_code/Multiscale-and-Multiphysics-Integrated-Simulator-for-Tsunami/Simulators	코드	LLM판독	codex		자체코드
source_code/Multiscale-and-Multiphysics-Integrated-Simulator-for-Tsunami/Simulators/STR3D/Source code/geo/cgadmg.f	source_code/Multiscale-and-Multiphysics-Integrated-Simulator-for-Tsunami/Simulators	코드	LLM판독	codex	Y	자체코드
source_code/Multiscale-and-Multiphysics-Integrated-Simulator-for-Tsunami/Simulators/STR3D/Source code/geo/cgindx1g.f	source_code/Multiscale-and-Multiphysics-Integrated-Simulator-for-Tsunami/Simulators	코드	LLM판독	codex	Y	자체코드
source_code/Multiscale-and-Multiphysics-Integrated-Simulator-for-Tsunami/Simulators/STR3D/Source code/geo/geomtx.f	source_code/Multiscale-and-Multiphysics-Integrated-Simulator-for-Tsunami/Simulators	코드	LLM판독	codex	Y	자체코드
source_code/Multiscale-and-Multiphysics-Integrated-Simulator-for-Tsunami/Simulators/STR3D/Source code/geo/glbstfg.f	source_code/Multiscale-and-Multiphysics-Integrated-Simulator-for-Tsunami/Simulators	코드	LLM판독	codex	Y	자체코드
source_code/Multiscale-and-Multiphysics-Integrated-Simulator-for-Tsunami/Simulators/STR3D/Source code/geo/gmtx.f	source_code/Multiscale-and-Multiphysics-Integrated-Simulator-for-Tsunami/Simulators	코드	LLM판독	codex		자체코드
source_code/Multiscale-and-Multiphysics-Integrated-Simulator-for-Tsunami/Simulators/STR3D/Source code/geo/gmtxhx2.f	source_code/Multiscale-and-Multiphysics-Integrated-Simulator-for-Tsunami/Simulators	코드	LLM판독	codex		자체코드
source_code/Multiscale-and-Multiphysics-Integrated-Simulator-for-Tsunami/Simulators/STR3D/Source code/geo/gmtxpn2.f	source_code/Multiscale-and-Multiphysics-Integrated-Simulator-for-Tsunami/Simulators	코드	LLM판독	codex		자체코드
source_code/Multiscale-and-Multiphysics-Integrated-Simulator-for-Tsunami/Simulators/STR3D/Source code/geo/gmtxte1.f	source_code/Multiscale-and-Multiphysics-Integrated-Simulator-for-Tsunami/Simulators	코드	LLM판독	codex		자체코드
source_code/Multiscale-and-Multiphysics-Integrated-Simulator-for-Tsunami/Simulators/STR3D/Source code/geo/gmtxte2.f	source_code/Multiscale-and-Multiphysics-Integrated-Simulator-for-Tsunami/Simulators	코드	LLM판독	codex		자체코드
source_code/Multiscale-and-Multiphysics-Integrated-Simulator-for-Tsunami/Simulators/STR3D/Source code/geo/gnpfhx2.f	source_code/Multiscale-and-Multiphysics-Integrated-Simulator-for-Tsunami/Simulators	코드	LLM판독	codex		자체코드
source_code/Multiscale-and-Multiphysics-Integrated-Simulator-for-Tsunami/Simulators/STR3D/Source code/geo/gnpflw.f	source_code/Multiscale-and-Multiphysics-Integrated-Simulator-for-Tsunami/Simulators	코드	LLM판독	codex		자체코드
source_code/Multiscale-and-Multiphysics-Integrated-Simulator-for-Tsunami/Simulators/STR3D/Source code/geo/gnpflwd.f	source_code/Multiscale-and-Multiphysics-Integrated-Simulator-for-Tsunami/Simulators	코드	LLM판독	codex	Y	자체코드
source_code/Multiscale-and-Multiphysics-Integrated-Simulator-for-Tsunami/Simulators/STR3D/Source code/geo/gnpfpn2.f	source_code/Multiscale-and-Multiphysics-Integrated-Simulator-for-Tsunami/Simulators	코드	LLM판독	codex		자체코드
source_code/Multiscale-and-Multiphysics-Integrated-Simulator-for-Tsunami/Simulators/STR3D/Source code/geo/gnpfte1.f	source_code/Multiscale-and-Multiphysics-Integrated-Simulator-for-Tsunami/Simulators	코드	LLM판독	codex		자체코드
source_code/Multiscale-and-Multiphysics-Integrated-Simulator-for-Tsunami/Simulators/STR3D/Source code/geo/gnpfte2.f	source_code/Multiscale-and-Multiphysics-Integrated-Simulator-for-Tsunami/Simulators	코드	LLM판독	codex		자체코드
source_code/Multiscale-and-Multiphysics-Integrated-Simulator-for-Tsunami/Simulators/STR3D/Source code/geo/makefile	source_code/Multiscale-and-Multiphysics-Integrated-Simulator-for-Tsunami/Simulators	기타(설정·입력·빌드)	LLM판독	codex		빌드·설정·기타
source_code/Multiscale-and-Multiphysics-Integrated-Simulator-for-Tsunami/Simulators/STR3D/Source code/geo/mergdp.f	source_code/Multiscale-and-Multiphysics-Integrated-Simulator-for-Tsunami/Simulators	코드	LLM판독	codex	Y	자체코드
source_code/Multiscale-and-Multiphysics-Integrated-Simulator-for-Tsunami/Simulators/STR3D/Source code/geo/mpctrnsg.f	source_code/Multiscale-and-Multiphysics-Integrated-Simulator-for-Tsunami/Simulators	코드	LLM판독	codex	Y	자체코드
source_code/Multiscale-and-Multiphysics-Integrated-Simulator-for-Tsunami/Simulators/STR3D/Source code/geo/npflow.f	source_code/Multiscale-and-Multiphysics-Integrated-Simulator-for-Tsunami/Simulators	코드	LLM판독	codex	Y	자체코드
source_code/Multiscale-and-Multiphysics-Integrated-Simulator-for-Tsunami/Simulators/STR3D/Source code/geo/npflowd.f	source_code/Multiscale-and-Multiphysics-Integrated-Simulator-for-Tsunami/Simulators	코드	LLM판독	codex	Y	자체코드
source_code/Multiscale-and-Multiphysics-Integrated-Simulator-for-Tsunami/Simulators/STR3D/Source code/geo/outsoil.f	source_code/Multiscale-and-Multiphysics-Integrated-Simulator-for-Tsunami/Simulators	코드	LLM판독	codex	Y	자체코드
source_code/Multiscale-and-Multiphysics-Integrated-Simulator-for-Tsunami/Simulators/STR3D/Source code/geo/pcnstr.f	source_code/Multiscale-and-Multiphysics-Integrated-Simulator-for-Tsunami/Simulators	코드	LLM판독	codex		자체코드
source_code/Multiscale-and-Multiphysics-Integrated-Simulator-for-Tsunami/Simulators/STR3D/Source code/geo/pcnstri.f	source_code/Multiscale-and-Multiphysics-Integrated-Simulator-for-Tsunami/Simulators	코드	LLM판독	codex	Y	자체코드
source_code/Multiscale-and-Multiphysics-Integrated-Simulator-for-Tsunami/Simulators/STR3D/Source code/geo/spcdrhvg.f	source_code/Multiscale-and-Multiphysics-Integrated-Simulator-for-Tsunami/Simulators	코드	LLM판독	codex	Y	자체코드
source_code/Multiscale-and-Multiphysics-Integrated-Simulator-for-Tsunami/Simulators/STR3D/Source code/geo/vavrg.f	source_code/Multiscale-and-Multiphysics-Integrated-Simulator-for-Tsunami/Simulators	코드	LLM판독	codex	Y	자체코드
source_code/Multiscale-and-Multiphysics-Integrated-Simulator-for-Tsunami/Simulators/STR3D/Source code/geo/velhx2.f	source_code/Multiscale-and-Multiphysics-Integrated-Simulator-for-Tsunami/Simulators	코드	LLM판독	codex		자체코드
source_code/Multiscale-and-Multiphysics-Integrated-Simulator-for-Tsunami/Simulators/STR3D/Source code/geo/velpn2.f	source_code/Multiscale-and-Multiphysics-Integrated-Simulator-for-Tsunami/Simulators	코드	LLM판독	codex		자체코드
source_code/Multiscale-and-Multiphysics-Integrated-Simulator-for-Tsunami/Simulators/STR3D/Source code/geo/velte1.f	source_code/Multiscale-and-Multiphysics-Integrated-Simulator-for-Tsunami/Simulators	코드	LLM판독	codex		자체코드
source_code/Multiscale-and-Multiphysics-Integrated-Simulator-for-Tsunami/Simulators/STR3D/Source code/geo/velte2.f	source_code/Multiscale-and-Multiphysics-Integrated-Simulator-for-Tsunami/Simulators	코드	LLM판독	codex		자체코드
source_code/Multiscale-and-Multiphysics-Integrated-Simulator-for-Tsunami/Simulators/STR3D/Source code/geo/vintpn1.f	source_code/Multiscale-and-Multiphysics-Integrated-Simulator-for-Tsunami/Simulators	코드	LLM판독	codex		자체코드
source_code/Multiscale-and-Multiphysics-Integrated-Simulator-for-Tsunami/Simulators/STR3D/Source code/geo/vintpn2.f	source_code/Multiscale-and-Multiphysics-Integrated-Simulator-for-Tsunami/Simulators	코드	LLM판독	codex		자체코드
source_code/Multiscale-and-Multiphysics-Integrated-Simulator-for-Tsunami/Simulators/STR3D/Source code/geo/wtsoil.f	source_code/Multiscale-and-Multiphysics-Integrated-Simulator-for-Tsunami/Simulators	코드	LLM판독	codex	Y	자체코드
source_code/Multiscale-and-Multiphysics-Integrated-Simulator-for-Tsunami/Simulators/STR3D/Source code/glb_comm/bctset0.f	source_code/Multiscale-and-Multiphysics-Integrated-Simulator-for-Tsunami/Simulators	코드	LLM판독	codex		자체코드
source_code/Multiscale-and-Multiphysics-Integrated-Simulator-for-Tsunami/Simulators/STR3D/Source code/glb_comm/cont_init_0.f	source_code/Multiscale-and-Multiphysics-Integrated-Simulator-for-Tsunami/Simulators	코드	LLM판독	codex		자체코드
source_code/Multiscale-and-Multiphysics-Integrated-Simulator-for-Tsunami/Simulators/STR3D/Source code/glb_comm/contact0.f	source_code/Multiscale-and-Multiphysics-Integrated-Simulator-for-Tsunami/Simulators	코드	LLM판독	codex		자체코드
source_code/Multiscale-and-Multiphysics-Integrated-Simulator-for-Tsunami/Simulators/STR3D/Source code/glb_comm/ens_geom0.f	source_code/Multiscale-and-Multiphysics-Integrated-Simulator-for-Tsunami/Simulators	코드	LLM판독	codex		자체코드
source_code/Multiscale-and-Multiphysics-Integrated-Simulator-for-Tsunami/Simulators/STR3D/Source code/glb_comm/femap_out0.f	source_code/Multiscale-and-Multiphysics-Integrated-Simulator-for-Tsunami/Simulators	코드	LLM판독	codex		자체코드
source_code/Multiscale-and-Multiphysics-Integrated-Simulator-for-Tsunami/Simulators/STR3D/Source code/glb_comm/fmp_bar0.f	source_code/Multiscale-and-Multiphysics-Integrated-Simulator-for-Tsunami/Simulators	코드	LLM판독	codex		자체코드
source_code/Multiscale-and-Multiphysics-Integrated-Simulator-for-Tsunami/Simulators/STR3D/Source code/glb_comm/fmp_nodal0.f	source_code/Multiscale-and-Multiphysics-Integrated-Simulator-for-Tsunami/Simulators	코드	LLM판독	codex		자체코드
source_code/Multiscale-and-Multiphysics-Integrated-Simulator-for-Tsunami/Simulators/STR3D/Source code/glb_comm/fmp_ous0.f	source_code/Multiscale-and-Multiphysics-Integrated-Simulator-for-Tsunami/Simulators	코드	LLM판독	codex		자체코드
source_code/Multiscale-and-Multiphysics-Integrated-Simulator-for-Tsunami/Simulators/STR3D/Source code/glb_comm/fmp_rod0.f	source_code/Multiscale-and-Multiphysics-Integrated-Simulator-for-Tsunami/Simulators	코드	LLM판독	codex		자체코드
source_code/Multiscale-and-Multiphysics-Integrated-Simulator-for-Tsunami/Simulators/STR3D/Source code/glb_comm/fmp_soil0.f	source_code/Multiscale-and-Multiphysics-Integrated-Simulator-for-Tsunami/Simulators	코드	LLM판독	codex		자체코드
source_code/Multiscale-and-Multiphysics-Integrated-Simulator-for-Tsunami/Simulators/STR3D/Source code/glb_comm/fmp_sol0.f	source_code/Multiscale-and-Multiphysics-Integrated-Simulator-for-Tsunami/Simulators	코드	LLM판독	codex		자체코드
source_code/Multiscale-and-Multiphysics-Integrated-Simulator-for-Tsunami/Simulators/STR3D/Source code/glb_comm/fric_updt.f	source_code/Multiscale-and-Multiphysics-Integrated-Simulator-for-Tsunami/Simulators	코드	LLM판독	codex		자체코드
source_code/Multiscale-and-Multiphysics-Integrated-Simulator-for-Tsunami/Simulators/STR3D/Source code/glb_comm/fricchk0.f	source_code/Multiscale-and-Multiphysics-Integrated-Simulator-for-Tsunami/Simulators	코드	LLM판독	codex		자체코드
source_code/Multiscale-and-Multiphysics-Integrated-Simulator-for-Tsunami/Simulators/STR3D/Source code/glb_comm/gather_nodal_d.f	source_code/Multiscale-and-Multiphysics-Integrated-Simulator-for-Tsunami/Simulators	코드	LLM판독	codex		자체코드
source_code/Multiscale-and-Multiphysics-Integrated-Simulator-for-Tsunami/Simulators/STR3D/Source code/glb_comm/gather_nodal_i.f	source_code/Multiscale-and-Multiphysics-Integrated-Simulator-for-Tsunami/Simulators	코드	LLM판독	codex		자체코드
source_code/Multiscale-and-Multiphysics-Integrated-Simulator-for-Tsunami/Simulators/STR3D/Source code/glb_comm/gather_surface.f	source_code/Multiscale-and-Multiphysics-Integrated-Simulator-for-Tsunami/Simulators	코드	LLM판독	codex		자체코드
source_code/Multiscale-and-Multiphysics-Integrated-Simulator-for-Tsunami/Simulators/STR3D/Source code/glb_comm/glb_comm.f	source_code/Multiscale-and-Multiphysics-Integrated-Simulator-for-Tsunami/Simulators	코드	LLM판독	codex	Y	자체코드
source_code/Multiscale-and-Multiphysics-Integrated-Simulator-for-Tsunami/Simulators/STR3D/Source code/glb_comm/islv_updt.f	source_code/Multiscale-and-Multiphysics-Integrated-Simulator-for-Tsunami/Simulators	코드	LLM판독	codex		자체코드
source_code/Multiscale-and-Multiphysics-Integrated-Simulator-for-Tsunami/Simulators/STR3D/Source code/glb_comm/istchk0.f	source_code/Multiscale-and-Multiphysics-Integrated-Simulator-for-Tsunami/Simulators	코드	LLM판독	codex		자체코드
source_code/Multiscale-and-Multiphysics-Integrated-Simulator-for-Tsunami/Simulators/STR3D/Source code/glb_comm/makefile	source_code/Multiscale-and-Multiphysics-Integrated-Simulator-for-Tsunami/Simulators	기타(설정·입력·빌드)	LLM판독	codex		빌드·설정·기타
source_code/Multiscale-and-Multiphysics-Integrated-Simulator-for-Tsunami/Simulators/STR3D/Source code/glb_comm/mdpress0.f	source_code/Multiscale-and-Multiphysics-Integrated-Simulator-for-Tsunami/Simulators	코드	LLM판독	codex		자체코드
source_code/Multiscale-and-Multiphysics-Integrated-Simulator-for-Tsunami/Simulators/STR3D/Source code/glb_comm/npflow0.f	source_code/Multiscale-and-Multiphysics-Integrated-Simulator-for-Tsunami/Simulators	코드	LLM판독	codex		자체코드
source_code/Multiscale-and-Multiphysics-Integrated-Simulator-for-Tsunami/Simulators/STR3D/Source code/glb_comm/outnod0.f	source_code/Multiscale-and-Multiphysics-Integrated-Simulator-for-Tsunami/Simulators	코드	LLM판독	codex		자체코드
source_code/Multiscale-and-Multiphysics-Integrated-Simulator-for-Tsunami/Simulators/STR3D/Source code/glb_comm/output0.f	source_code/Multiscale-and-Multiphysics-Integrated-Simulator-for-Tsunami/Simulators	코드	LLM판독	codex		자체코드
source_code/Multiscale-and-Multiphysics-Integrated-Simulator-for-Tsunami/Simulators/STR3D/Source code/glb_comm/outsoil0.f	source_code/Multiscale-and-Multiphysics-Integrated-Simulator-for-Tsunami/Simulators	코드	LLM판독	codex		자체코드
source_code/Multiscale-and-Multiphysics-Integrated-Simulator-for-Tsunami/Simulators/STR3D/Source code/glb_comm/outsol0.f	source_code/Multiscale-and-Multiphysics-Integrated-Simulator-for-Tsunami/Simulators	코드	LLM판독	codex		자체코드
source_code/Multiscale-and-Multiphysics-Integrated-Simulator-for-Tsunami/Simulators/STR3D/Source code/glb_comm/rd_restart0.f	source_code/Multiscale-and-Multiphysics-Integrated-Simulator-for-Tsunami/Simulators	코드	LLM판독	codex		자체코드
source_code/Multiscale-and-Multiphysics-Integrated-Simulator-for-Tsunami/Simulators/STR3D/Source code/glb_comm/rdpress0.f	source_code/Multiscale-and-Multiphysics-Integrated-Simulator-for-Tsunami/Simulators	코드	LLM판독	codex		자체코드
source_code/Multiscale-and-Multiphysics-Integrated-Simulator-for-Tsunami/Simulators/STR3D/Source code/glb_comm/recv_pres0.f	source_code/Multiscale-and-Multiphysics-Integrated-Simulator-for-Tsunami/Simulators	코드	LLM판독	codex		자체코드
source_code/Multiscale-and-Multiphysics-Integrated-Simulator-for-Tsunami/Simulators/STR3D/Source code/glb_comm/recv_rst0.f	source_code/Multiscale-and-Multiphysics-Integrated-Simulator-for-Tsunami/Simulators	코드	LLM판독	codex		자체코드
source_code/Multiscale-and-Multiphysics-Integrated-Simulator-for-Tsunami/Simulators/STR3D/Source code/glb_comm/recv_surf0.f	source_code/Multiscale-and-Multiphysics-Integrated-Simulator-for-Tsunami/Simulators	코드	LLM판독	codex		자체코드
source_code/Multiscale-and-Multiphysics-Integrated-Simulator-for-Tsunami/Simulators/STR3D/Source code/glb_comm/remesh0.f	source_code/Multiscale-and-Multiphysics-Integrated-Simulator-for-Tsunami/Simulators	코드	LLM판독	codex		자체코드
source_code/Multiscale-and-Multiphysics-Integrated-Simulator-for-Tsunami/Simulators/STR3D/Source code/glb_comm/resfrc0.f	source_code/Multiscale-and-Multiphysics-Integrated-Simulator-for-Tsunami/Simulators	코드	LLM판독	codex		자체코드
source_code/Multiscale-and-Multiphysics-Integrated-Simulator-for-Tsunami/Simulators/STR3D/Source code/glb_comm/rmsh_init0.f	source_code/Multiscale-and-Multiphysics-Integrated-Simulator-for-Tsunami/Simulators	코드	LLM판독	codex		자체코드
source_code/Multiscale-and-Multiphysics-Integrated-Simulator-for-Tsunami/Simulators/STR3D/Source code/glb_comm/scatter_nodal_d.f	source_code/Multiscale-and-Multiphysics-Integrated-Simulator-for-Tsunami/Simulators	코드	LLM판독	codex		자체코드
source_code/Multiscale-and-Multiphysics-Integrated-Simulator-for-Tsunami/Simulators/STR3D/Source code/glb_comm/scatter_nodal_i.f	source_code/Multiscale-and-Multiphysics-Integrated-Simulator-for-Tsunami/Simulators	코드	LLM판독	codex		자체코드
source_code/Multiscale-and-Multiphysics-Integrated-Simulator-for-Tsunami/Simulators/STR3D/Source code/glb_comm/scatter_surface.f	source_code/Multiscale-and-Multiphysics-Integrated-Simulator-for-Tsunami/Simulators	코드	LLM판독	codex		자체코드
source_code/Multiscale-and-Multiphysics-Integrated-Simulator-for-Tsunami/Simulators/STR3D/Source code/glb_comm/send_cont0.f	source_code/Multiscale-and-Multiphysics-Integrated-Simulator-for-Tsunami/Simulators	코드	LLM판독	codex		자체코드
source_code/Multiscale-and-Multiphysics-Integrated-Simulator-for-Tsunami/Simulators/STR3D/Source code/glb_comm/send_pos0.f	source_code/Multiscale-and-Multiphysics-Integrated-Simulator-for-Tsunami/Simulators	코드	LLM판독	codex		자체코드
source_code/Multiscale-and-Multiphysics-Integrated-Simulator-for-Tsunami/Simulators/STR3D/Source code/glb_comm/stickchk0.f	source_code/Multiscale-and-Multiphysics-Integrated-Simulator-for-Tsunami/Simulators	코드	LLM판독	codex		자체코드
source_code/Multiscale-and-Multiphysics-Integrated-Simulator-for-Tsunami/Simulators/STR3D/Source code/glb_comm/wt_restart0.f	source_code/Multiscale-and-Multiphysics-Integrated-Simulator-for-Tsunami/Simulators	코드	LLM판독	codex		자체코드
source_code/Multiscale-and-Multiphysics-Integrated-Simulator-for-Tsunami/Simulators/STR3D/Source code/input/Count_data/Count_data.f	source_code/Multiscale-and-Multiphysics-Integrated-Simulator-for-Tsunami/Simulators	코드	LLM판독	codex		자체코드
source_code/Multiscale-and-Multiphysics-Integrated-Simulator-for-Tsunami/Simulators/STR3D/Source code/input/Count_data/Ct_BCTSET.f	source_code/Multiscale-and-Multiphysics-Integrated-Simulator-for-Tsunami/Simulators	코드	LLM판독	codex		자체코드
source_code/Multiscale-and-Multiphysics-Integrated-Simulator-for-Tsunami/Simulators/STR3D/Source code/input/Count_data/Ct_BSURFS.f	source_code/Multiscale-and-Multiphysics-Integrated-Simulator-for-Tsunami/Simulators	코드	LLM판독	codex		자체코드
source_code/Multiscale-and-Multiphysics-Integrated-Simulator-for-Tsunami/Simulators/STR3D/Source code/input/Count_data/Ct_LOAD.f	source_code/Multiscale-and-Multiphysics-Integrated-Simulator-for-Tsunami/Simulators	코드	LLM판독	codex		자체코드
source_code/Multiscale-and-Multiphysics-Integrated-Simulator-for-Tsunami/Simulators/STR3D/Source code/input/Count_data/Ct_MPC.f	source_code/Multiscale-and-Multiphysics-Integrated-Simulator-for-Tsunami/Simulators	코드	LLM판독	codex		자체코드
source_code/Multiscale-and-Multiphysics-Integrated-Simulator-for-Tsunami/Simulators/STR3D/Source code/input/Count_data/Ct_PLOAD2.f	source_code/Multiscale-and-Multiphysics-Integrated-Simulator-for-Tsunami/Simulators	코드	LLM판독	codex		자체코드
source_code/Multiscale-and-Multiphysics-Integrated-Simulator-for-Tsunami/Simulators/STR3D/Source code/input/Count_data/Ct_SPC.f	source_code/Multiscale-and-Multiphysics-Integrated-Simulator-for-Tsunami/Simulators	코드	LLM판독	codex		자체코드
source_code/Multiscale-and-Multiphysics-Integrated-Simulator-for-Tsunami/Simulators/STR3D/Source code/input/Count_data/Ct_SPC1.f	source_code/Multiscale-and-Multiphysics-Integrated-Simulator-for-Tsunami/Simulators	코드	LLM판독	codex		자체코드
source_code/Multiscale-and-Multiphysics-Integrated-Simulator-for-Tsunami/Simulators/STR3D/Source code/input/Count_data/Ct_SPCADD.f	source_code/Multiscale-and-Multiphysics-Integrated-Simulator-for-Tsunami/Simulators	코드	LLM판독	codex		자체코드
source_code/Multiscale-and-Multiphysics-Integrated-Simulator-for-Tsunami/Simulators/STR3D/Source code/input/Count_data/Ct_TABLEM1.f	source_code/Multiscale-and-Multiphysics-Integrated-Simulator-for-Tsunami/Simulators	코드	LLM판독	codex		자체코드
source_code/Multiscale-and-Multiphysics-Integrated-Simulator-for-Tsunami/Simulators/STR3D/Source code/input/Count_data/Ct_TEMP.f	source_code/Multiscale-and-Multiphysics-Integrated-Simulator-for-Tsunami/Simulators	코드	LLM판독	codex		자체코드
source_code/Multiscale-and-Multiphysics-Integrated-Simulator-for-Tsunami/Simulators/STR3D/Source code/input/Count_data/Ct_TEMPD.f	source_code/Multiscale-and-Multiphysics-Integrated-Simulator-for-Tsunami/Simulators	코드	LLM판독	codex		자체코드
source_code/Multiscale-and-Multiphysics-Integrated-Simulator-for-Tsunami/Simulators/STR3D/Source code/input/Count_data/Ct_TEMPP1.f	source_code/Multiscale-and-Multiphysics-Integrated-Simulator-for-Tsunami/Simulators	코드	LLM판독	codex		자체코드
source_code/Multiscale-and-Multiphysics-Integrated-Simulator-for-Tsunami/Simulators/STR3D/Source code/input/Count_data/Ct_TSTEP.f	source_code/Multiscale-and-Multiphysics-Integrated-Simulator-for-Tsunami/Simulators	코드	LLM판독	codex		자체코드
source_code/Multiscale-and-Multiphysics-Integrated-Simulator-for-Tsunami/Simulators/STR3D/Source code/input/Count_data/endt.f	source_code/Multiscale-and-Multiphysics-Integrated-Simulator-for-Tsunami/Simulators	코드	LLM판독	codex		자체코드
source_code/Multiscale-and-Multiphysics-Integrated-Simulator-for-Tsunami/Simulators/STR3D/Source code/input/Count_data/makefile	source_code/Multiscale-and-Multiphysics-Integrated-Simulator-for-Tsunami/Simulators	기타(설정·입력·빌드)	LLM판독	codex		빌드·설정·기타
source_code/Multiscale-and-Multiphysics-Integrated-Simulator-for-Tsunami/Simulators/STR3D/Source code/input/Count_data/tb_end.f	source_code/Multiscale-and-Multiphysics-Integrated-Simulator-for-Tsunami/Simulators	코드	LLM판독	codex		자체코드
source_code/Multiscale-and-Multiphysics-Integrated-Simulator-for-Tsunami/Simulators/STR3D/Source code/input/Read_data/Rd_BCTSET.f	source_code/Multiscale-and-Multiphysics-Integrated-Simulator-for-Tsunami/Simulators	코드	LLM판독	codex		자체코드
source_code/Multiscale-and-Multiphysics-Integrated-Simulator-for-Tsunami/Simulators/STR3D/Source code/input/Read_data/Rd_BSURFS.f	source_code/Multiscale-and-Multiphysics-Integrated-Simulator-for-Tsunami/Simulators	코드	LLM판독	codex		자체코드
source_code/Multiscale-and-Multiphysics-Integrated-Simulator-for-Tsunami/Simulators/STR3D/Source code/input/Read_data/Rd_CONTACT.f	source_code/Multiscale-and-Multiphysics-Integrated-Simulator-for-Tsunami/Simulators	코드	LLM판독	codex		자체코드
source_code/Multiscale-and-Multiphysics-Integrated-Simulator-for-Tsunami/Simulators/STR3D/Source code/input/Read_data/Rd_CORD2C.f	source_code/Multiscale-and-Multiphysics-Integrated-Simulator-for-Tsunami/Simulators	코드	LLM판독	codex		자체코드
source_code/Multiscale-and-Multiphysics-Integrated-Simulator-for-Tsunami/Simulators/STR3D/Source code/input/Read_data/Rd_CORD2R.f	source_code/Multiscale-and-Multiphysics-Integrated-Simulator-for-Tsunami/Simulators	코드	LLM판독	codex		자체코드
source_code/Multiscale-and-Multiphysics-Integrated-Simulator-for-Tsunami/Simulators/STR3D/Source code/input/Read_data/Rd_FORCE.f	source_code/Multiscale-and-Multiphysics-Integrated-Simulator-for-Tsunami/Simulators	코드	LLM판독	codex		자체코드
source_code/Multiscale-and-Multiphysics-Integrated-Simulator-for-Tsunami/Simulators/STR3D/Source code/input/Read_data/Rd_FRIC.f	source_code/Multiscale-and-Multiphysics-Integrated-Simulator-for-Tsunami/Simulators	코드	LLM판독	codex		자체코드
source_code/Multiscale-and-Multiphysics-Integrated-Simulator-for-Tsunami/Simulators/STR3D/Source code/input/Read_data/Rd_GRAV.f	source_code/Multiscale-and-Multiphysics-Integrated-Simulator-for-Tsunami/Simulators	코드	LLM판독	codex		자체코드
source_code/Multiscale-and-Multiphysics-Integrated-Simulator-for-Tsunami/Simulators/STR3D/Source code/input/Read_data/Rd_GRID.f	source_code/Multiscale-and-Multiphysics-Integrated-Simulator-for-Tsunami/Simulators	코드	LLM판독	codex		자체코드
source_code/Multiscale-and-Multiphysics-Integrated-Simulator-for-Tsunami/Simulators/STR3D/Source code/input/Read_data/Rd_LOAD.f	source_code/Multiscale-and-Multiphysics-Integrated-Simulator-for-Tsunami/Simulators	코드	LLM판독	codex		자체코드
source_code/Multiscale-and-Multiphysics-Integrated-Simulator-for-Tsunami/Simulators/STR3D/Source code/input/Read_data/Rd_MAT1.f	source_code/Multiscale-and-Multiphysics-Integrated-Simulator-for-Tsunami/Simulators	코드	LLM판독	codex		자체코드
source_code/Multiscale-and-Multiphysics-Integrated-Simulator-for-Tsunami/Simulators/STR3D/Source code/input/Read_data/Rd_MAT9.f	source_code/Multiscale-and-Multiphysics-Integrated-Simulator-for-Tsunami/Simulators	코드	LLM판독	codex		자체코드
source_code/Multiscale-and-Multiphysics-Integrated-Simulator-for-Tsunami/Simulators/STR3D/Source code/input/Read_data/Rd_MATS1.f	source_code/Multiscale-and-Multiphysics-Integrated-Simulator-for-Tsunami/Simulators	코드	LLM판독	codex	Y	자체코드
source_code/Multiscale-and-Multiphysics-Integrated-Simulator-for-Tsunami/Simulators/STR3D/Source code/input/Read_data/Rd_MATT1.f	source_code/Multiscale-and-Multiphysics-Integrated-Simulator-for-Tsunami/Simulators	코드	LLM판독	codex		자체코드
source_code/Multiscale-and-Multiphysics-Integrated-Simulator-for-Tsunami/Simulators/STR3D/Source code/input/Read_data/Rd_MPC.f	source_code/Multiscale-and-Multiphysics-Integrated-Simulator-for-Tsunami/Simulators	코드	LLM판독	codex		자체코드
source_code/Multiscale-and-Multiphysics-Integrated-Simulator-for-Tsunami/Simulators/STR3D/Source code/input/Read_data/Rd_NLPARM.f	source_code/Multiscale-and-Multiphysics-Integrated-Simulator-for-Tsunami/Simulators	코드	LLM판독	codex		자체코드
source_code/Multiscale-and-Multiphysics-Integrated-Simulator-for-Tsunami/Simulators/STR3D/Source code/input/Read_data/Rd_PARAM.f	source_code/Multiscale-and-Multiphysics-Integrated-Simulator-for-Tsunami/Simulators	코드	LLM판독	codex		자체코드
source_code/Multiscale-and-Multiphysics-Integrated-Simulator-for-Tsunami/Simulators/STR3D/Source code/input/Read_data/Rd_PBAR.f	source_code/Multiscale-and-Multiphysics-Integrated-Simulator-for-Tsunami/Simulators	코드	LLM판독	codex		자체코드
source_code/Multiscale-and-Multiphysics-Integrated-Simulator-for-Tsunami/Simulators/STR3D/Source code/input/Read_data/Rd_PBARL.f	source_code/Multiscale-and-Multiphysics-Integrated-Simulator-for-Tsunami/Simulators	코드	LLM판독	codex		자체코드
source_code/Multiscale-and-Multiphysics-Integrated-Simulator-for-Tsunami/Simulators/STR3D/Source code/input/Read_data/Rd_PLOAD.f	source_code/Multiscale-and-Multiphysics-Integrated-Simulator-for-Tsunami/Simulators	코드	LLM판독	codex		자체코드
source_code/Multiscale-and-Multiphysics-Integrated-Simulator-for-Tsunami/Simulators/STR3D/Source code/input/Read_data/Rd_PLOAD1.f	source_code/Multiscale-and-Multiphysics-Integrated-Simulator-for-Tsunami/Simulators	코드	LLM판독	codex		자체코드
source_code/Multiscale-and-Multiphysics-Integrated-Simulator-for-Tsunami/Simulators/STR3D/Source code/input/Read_data/Rd_PLOAD2.f	source_code/Multiscale-and-Multiphysics-Integrated-Simulator-for-Tsunami/Simulators	코드	LLM판독	codex		자체코드
source_code/Multiscale-and-Multiphysics-Integrated-Simulator-for-Tsunami/Simulators/STR3D/Source code/input/Read_data/Rd_PLOAD4.f	source_code/Multiscale-and-Multiphysics-Integrated-Simulator-for-Tsunami/Simulators	코드	LLM판독	codex		자체코드
source_code/Multiscale-and-Multiphysics-Integrated-Simulator-for-Tsunami/Simulators/STR3D/Source code/input/Read_data/Rd_REST.f	source_code/Multiscale-and-Multiphysics-Integrated-Simulator-for-Tsunami/Simulators	코드	LLM판독	codex		자체코드
source_code/Multiscale-and-Multiphysics-Integrated-Simulator-for-Tsunami/Simulators/STR3D/Source code/input/Read_data/Rd_RFORCE.f	source_code/Multiscale-and-Multiphysics-Integrated-Simulator-for-Tsunami/Simulators	코드	LLM판독	codex		자체코드
source_code/Multiscale-and-Multiphysics-Integrated-Simulator-for-Tsunami/Simulators/STR3D/Source code/input/Read_data/Rd_RLOAD1.f	source_code/Multiscale-and-Multiphysics-Integrated-Simulator-for-Tsunami/Simulators	코드	LLM판독	codex		자체코드
source_code/Multiscale-and-Multiphysics-Integrated-Simulator-for-Tsunami/Simulators/STR3D/Source code/input/Read_data/Rd_SHELL.f	source_code/Multiscale-and-Multiphysics-Integrated-Simulator-for-Tsunami/Simulators	코드	LLM판독	codex		자체코드
source_code/Multiscale-and-Multiphysics-Integrated-Simulator-for-Tsunami/Simulators/STR3D/Source code/input/Read_data/Rd_SOLID.f	source_code/Multiscale-and-Multiphysics-Integrated-Simulator-for-Tsunami/Simulators	코드	LLM판독	codex		자체코드
source_code/Multiscale-and-Multiphysics-Integrated-Simulator-for-Tsunami/Simulators/STR3D/Source code/input/Read_data/Rd_SPC.f	source_code/Multiscale-and-Multiphysics-Integrated-Simulator-for-Tsunami/Simulators	코드	LLM판독	codex		자체코드
source_code/Multiscale-and-Multiphysics-Integrated-Simulator-for-Tsunami/Simulators/STR3D/Source code/input/Read_data/Rd_SPC1.f	source_code/Multiscale-and-Multiphysics-Integrated-Simulator-for-Tsunami/Simulators	코드	LLM판독	codex		자체코드
source_code/Multiscale-and-Multiphysics-Integrated-Simulator-for-Tsunami/Simulators/STR3D/Source code/input/Read_data/Rd_SPCADD.f	source_code/Multiscale-and-Multiphysics-Integrated-Simulator-for-Tsunami/Simulators	코드	LLM판독	codex		자체코드
source_code/Multiscale-and-Multiphysics-Integrated-Simulator-for-Tsunami/Simulators/STR3D/Source code/input/Read_data/Rd_SUBCASE.f	source_code/Multiscale-and-Multiphysics-Integrated-Simulator-for-Tsunami/Simulators	코드	LLM판독	codex		자체코드
source_code/Multiscale-and-Multiphysics-Integrated-Simulator-for-Tsunami/Simulators/STR3D/Source code/input/Read_data/Rd_TABLEM1.f	source_code/Multiscale-and-Multiphysics-Integrated-Simulator-for-Tsunami/Simulators	코드	LLM판독	codex		자체코드
source_code/Multiscale-and-Multiphysics-Integrated-Simulator-for-Tsunami/Simulators/STR3D/Source code/input/Read_data/Rd_TEMP.f	source_code/Multiscale-and-Multiphysics-Integrated-Simulator-for-Tsunami/Simulators	코드	LLM판독	codex		자체코드
source_code/Multiscale-and-Multiphysics-Integrated-Simulator-for-Tsunami/Simulators/STR3D/Source code/input/Read_data/Rd_TEMPD.f	source_code/Multiscale-and-Multiphysics-Integrated-Simulator-for-Tsunami/Simulators	코드	LLM판독	codex		자체코드
source_code/Multiscale-and-Multiphysics-Integrated-Simulator-for-Tsunami/Simulators/STR3D/Source code/input/Read_data/Rd_TEMPP1.f	source_code/Multiscale-and-Multiphysics-Integrated-Simulator-for-Tsunami/Simulators	코드	LLM판독	codex		자체코드
source_code/Multiscale-and-Multiphysics-Integrated-Simulator-for-Tsunami/Simulators/STR3D/Source code/input/Read_data/Rd_TLOAD1.f	source_code/Multiscale-and-Multiphysics-Integrated-Simulator-for-Tsunami/Simulators	코드	LLM판독	codex		자체코드
source_code/Multiscale-and-Multiphysics-Integrated-Simulator-for-Tsunami/Simulators/STR3D/Source code/input/Read_data/Rd_TSTEP.f	source_code/Multiscale-and-Multiphysics-Integrated-Simulator-for-Tsunami/Simulators	코드	LLM판독	codex		자체코드
source_code/Multiscale-and-Multiphysics-Integrated-Simulator-for-Tsunami/Simulators/STR3D/Source code/input/Read_data/Rd_TSTEPNL.f	source_code/Multiscale-and-Multiphysics-Integrated-Simulator-for-Tsunami/Simulators	코드	LLM판독	codex		자체코드
source_code/Multiscale-and-Multiphysics-Integrated-Simulator-for-Tsunami/Simulators/STR3D/Source code/input/Read_data/Read_data.f	source_code/Multiscale-and-Multiphysics-Integrated-Simulator-for-Tsunami/Simulators	코드	LLM판독	codex		자체코드
source_code/Multiscale-and-Multiphysics-Integrated-Simulator-for-Tsunami/Simulators/STR3D/Source code/input/Read_data/get_comm.f	source_code/Multiscale-and-Multiphysics-Integrated-Simulator-for-Tsunami/Simulators	코드	LLM판독	codex		자체코드
source_code/Multiscale-and-Multiphysics-Integrated-Simulator-for-Tsunami/Simulators/STR3D/Source code/input/Read_data/inqtxt.f	source_code/Multiscale-and-Multiphysics-Integrated-Simulator-for-Tsunami/Simulators	코드	LLM판독	codex		자체코드
source_code/Multiscale-and-Multiphysics-Integrated-Simulator-for-Tsunami/Simulators/STR3D/Source code/input/Read_data/makefile	source_code/Multiscale-and-Multiphysics-Integrated-Simulator-for-Tsunami/Simulators	기타(설정·입력·빌드)	LLM판독	codex		빌드·설정·기타
source_code/Multiscale-and-Multiphysics-Integrated-Simulator-for-Tsunami/Simulators/STR3D/Source code/input/Read_data/resfr.f	source_code/Multiscale-and-Multiphysics-Integrated-Simulator-for-Tsunami/Simulators	코드	LLM판독	codex		자체코드
source_code/Multiscale-and-Multiphysics-Integrated-Simulator-for-Tsunami/Simulators/STR3D/Source code/input/Read_data/thru.f	source_code/Multiscale-and-Multiphysics-Integrated-Simulator-for-Tsunami/Simulators	코드	LLM판독	codex		자체코드
source_code/Multiscale-and-Multiphysics-Integrated-Simulator-for-Tsunami/Simulators/STR3D/Source code/input/Set_table/Set_table.f	source_code/Multiscale-and-Multiphysics-Integrated-Simulator-for-Tsunami/Simulators	코드	LLM판독	codex		자체코드
source_code/Multiscale-and-Multiphysics-Integrated-Simulator-for-Tsunami/Simulators/STR3D/Source code/input/Set_table/St_BCTPARA.f	source_code/Multiscale-and-Multiphysics-Integrated-Simulator-for-Tsunami/Simulators	코드	LLM판독	codex		자체코드
source_code/Multiscale-and-Multiphysics-Integrated-Simulator-for-Tsunami/Simulators/STR3D/Source code/input/Set_table/St_BCTSET.f	source_code/Multiscale-and-Multiphysics-Integrated-Simulator-for-Tsunami/Simulators	코드	LLM판독	codex		자체코드
source_code/Multiscale-and-Multiphysics-Integrated-Simulator-for-Tsunami/Simulators/STR3D/Source code/input/Set_table/St_BSURFS.f	source_code/Multiscale-and-Multiphysics-Integrated-Simulator-for-Tsunami/Simulators	코드	LLM판독	codex		자체코드
source_code/Multiscale-and-Multiphysics-Integrated-Simulator-for-Tsunami/Simulators/STR3D/Source code/input/Set_table/St_ELEM.f	source_code/Multiscale-and-Multiphysics-Integrated-Simulator-for-Tsunami/Simulators	코드	LLM판독	codex		자체코드
source_code/Multiscale-and-Multiphysics-Integrated-Simulator-for-Tsunami/Simulators/STR3D/Source code/input/Set_table/St_FORCE.f	source_code/Multiscale-and-Multiphysics-Integrated-Simulator-for-Tsunami/Simulators	코드	LLM판독	codex		자체코드
source_code/Multiscale-and-Multiphysics-Integrated-Simulator-for-Tsunami/Simulators/STR3D/Source code/input/Set_table/St_MATS1.f	source_code/Multiscale-and-Multiphysics-Integrated-Simulator-for-Tsunami/Simulators	코드	LLM판독	codex		자체코드
source_code/Multiscale-and-Multiphysics-Integrated-Simulator-for-Tsunami/Simulators/STR3D/Source code/input/Set_table/St_MATT1.f	source_code/Multiscale-and-Multiphysics-Integrated-Simulator-for-Tsunami/Simulators	코드	LLM판독	codex		자체코드
source_code/Multiscale-and-Multiphysics-Integrated-Simulator-for-Tsunami/Simulators/STR3D/Source code/input/Set_table/St_MPC.f	source_code/Multiscale-and-Multiphysics-Integrated-Simulator-for-Tsunami/Simulators	코드	LLM판독	codex		자체코드
source_code/Multiscale-and-Multiphysics-Integrated-Simulator-for-Tsunami/Simulators/STR3D/Source code/input/Set_table/St_PLOAD.f	source_code/Multiscale-and-Multiphysics-Integrated-Simulator-for-Tsunami/Simulators	코드	LLM판독	codex		자체코드
source_code/Multiscale-and-Multiphysics-Integrated-Simulator-for-Tsunami/Simulators/STR3D/Source code/input/Set_table/St_PLOAD1.f	source_code/Multiscale-and-Multiphysics-Integrated-Simulator-for-Tsunami/Simulators	코드	LLM판독	codex		자체코드
source_code/Multiscale-and-Multiphysics-Integrated-Simulator-for-Tsunami/Simulators/STR3D/Source code/input/Set_table/St_PLOAD4.f	source_code/Multiscale-and-Multiphysics-Integrated-Simulator-for-Tsunami/Simulators	코드	LLM판독	codex		자체코드
source_code/Multiscale-and-Multiphysics-Integrated-Simulator-for-Tsunami/Simulators/STR3D/Source code/input/Set_table/St_SID.f	source_code/Multiscale-and-Multiphysics-Integrated-Simulator-for-Tsunami/Simulators	코드	LLM판독	codex		자체코드
source_code/Multiscale-and-Multiphysics-Integrated-Simulator-for-Tsunami/Simulators/STR3D/Source code/input/Set_table/St_SPC.f	source_code/Multiscale-and-Multiphysics-Integrated-Simulator-for-Tsunami/Simulators	코드	LLM판독	codex		자체코드
source_code/Multiscale-and-Multiphysics-Integrated-Simulator-for-Tsunami/Simulators/STR3D/Source code/input/Set_table/St_SPC1.f	source_code/Multiscale-and-Multiphysics-Integrated-Simulator-for-Tsunami/Simulators	코드	LLM판독	codex		자체코드
source_code/Multiscale-and-Multiphysics-Integrated-Simulator-for-Tsunami/Simulators/STR3D/Source code/input/Set_table/St_TEMP.f	source_code/Multiscale-and-Multiphysics-Integrated-Simulator-for-Tsunami/Simulators	코드	LLM판독	codex		자체코드
source_code/Multiscale-and-Multiphysics-Integrated-Simulator-for-Tsunami/Simulators/STR3D/Source code/input/Set_table/St_TEMPP1.f	source_code/Multiscale-and-Multiphysics-Integrated-Simulator-for-Tsunami/Simulators	코드	LLM판독	codex		자체코드
source_code/Multiscale-and-Multiphysics-Integrated-Simulator-for-Tsunami/Simulators/STR3D/Source code/input/Set_table/makefile	source_code/Multiscale-and-Multiphysics-Integrated-Simulator-for-Tsunami/Simulators	기타(설정·입력·빌드)	LLM판독	codex		빌드·설정·기타
source_code/Multiscale-and-Multiphysics-Integrated-Simulator-for-Tsunami/Simulators/STR3D/Source code/input/Set_table/nm_count.f	source_code/Multiscale-and-Multiphysics-Integrated-Simulator-for-Tsunami/Simulators	코드	LLM판독	codex		자체코드
source_code/Multiscale-and-Multiphysics-Integrated-Simulator-for-Tsunami/Simulators/STR3D/Source code/input/Set_table/sid_count.f	source_code/Multiscale-and-Multiphysics-Integrated-Simulator-for-Tsunami/Simulators	코드	LLM판독	codex		자체코드
source_code/Multiscale-and-Multiphysics-Integrated-Simulator-for-Tsunami/Simulators/STR3D/Source code/input/Set_table/sid_count2.f	source_code/Multiscale-and-Multiphysics-Integrated-Simulator-for-Tsunami/Simulators	코드	LLM판독	codex		자체코드
source_code/Multiscale-and-Multiphysics-Integrated-Simulator-for-Tsunami/Simulators/STR3D/Source code/input/Set_table/tb_count.f	source_code/Multiscale-and-Multiphysics-Integrated-Simulator-for-Tsunami/Simulators	코드	LLM판독	codex		자체코드
source_code/Multiscale-and-Multiphysics-Integrated-Simulator-for-Tsunami/Simulators/STR3D/Source code/input/data_check.f	source_code/Multiscale-and-Multiphysics-Integrated-Simulator-for-Tsunami/Simulators	코드	LLM판독	codex		자체코드
source_code/Multiscale-and-Multiphysics-Integrated-Simulator-for-Tsunami/Simulators/STR3D/Source code/input/input.f	source_code/Multiscale-and-Multiphysics-Integrated-Simulator-for-Tsunami/Simulators	코드	LLM판독	codex	Y	자체코드
source_code/Multiscale-and-Multiphysics-Integrated-Simulator-for-Tsunami/Simulators/STR3D/Source code/input/makefile	source_code/Multiscale-and-Multiphysics-Integrated-Simulator-for-Tsunami/Simulators	기타(설정·입력·빌드)	LLM판독	codex		빌드·설정·기타
source_code/Multiscale-and-Multiphysics-Integrated-Simulator-for-Tsunami/Simulators/STR3D/Source code/main/alloc.f	source_code/Multiscale-and-Multiphysics-Integrated-Simulator-for-Tsunami/Simulators	코드	LLM판독	codex		자체코드
source_code/Multiscale-and-Multiphysics-Integrated-Simulator-for-Tsunami/Simulators/STR3D/Source code/main/astea_mechanical.f	source_code/Multiscale-and-Multiphysics-Integrated-Simulator-for-Tsunami/Simulators	코드	LLM판독	codex	Y	자체코드
source_code/Multiscale-and-Multiphysics-Integrated-Simulator-for-Tsunami/Simulators/STR3D/Source code/main/bar_geom.f	source_code/Multiscale-and-Multiphysics-Integrated-Simulator-for-Tsunami/Simulators	코드	LLM판독	codex		자체코드
source_code/Multiscale-and-Multiphysics-Integrated-Simulator-for-Tsunami/Simulators/STR3D/Source code/main/contact_geom.f	source_code/Multiscale-and-Multiphysics-Integrated-Simulator-for-Tsunami/Simulators	코드	LLM판독	codex		자체코드
source_code/Multiscale-and-Multiphysics-Integrated-Simulator-for-Tsunami/Simulators/STR3D/Source code/main/dirinit.f	source_code/Multiscale-and-Multiphysics-Integrated-Simulator-for-Tsunami/Simulators	코드	LLM판독	codex		자체코드
source_code/Multiscale-and-Multiphysics-Integrated-Simulator-for-Tsunami/Simulators/STR3D/Source code/main/elem_init.f	source_code/Multiscale-and-Multiphysics-Integrated-Simulator-for-Tsunami/Simulators	코드	LLM판독	codex		자체코드
source_code/Multiscale-and-Multiphysics-Integrated-Simulator-for-Tsunami/Simulators/STR3D/Source code/main/ens_case.f	source_code/Multiscale-and-Multiphysics-Integrated-Simulator-for-Tsunami/Simulators	코드	LLM판독	codex		자체코드
source_code/Multiscale-and-Multiphysics-Integrated-Simulator-for-Tsunami/Simulators/STR3D/Source code/main/ens_case_t.f	source_code/Multiscale-and-Multiphysics-Integrated-Simulator-for-Tsunami/Simulators	코드	LLM판독	codex		자체코드
source_code/Multiscale-and-Multiphysics-Integrated-Simulator-for-Tsunami/Simulators/STR3D/Source code/main/ens_geom.f	source_code/Multiscale-and-Multiphysics-Integrated-Simulator-for-Tsunami/Simulators	코드	LLM판독	codex		자체코드
source_code/Multiscale-and-Multiphysics-Integrated-Simulator-for-Tsunami/Simulators/STR3D/Source code/main/flnset1.f	source_code/Multiscale-and-Multiphysics-Integrated-Simulator-for-Tsunami/Simulators	코드	LLM판독	codex		자체코드
source_code/Multiscale-and-Multiphysics-Integrated-Simulator-for-Tsunami/Simulators/STR3D/Source code/main/getprm.f	source_code/Multiscale-and-Multiphysics-Integrated-Simulator-for-Tsunami/Simulators	코드	LLM판독	codex		자체코드
source_code/Multiscale-and-Multiphysics-Integrated-Simulator-for-Tsunami/Simulators/STR3D/Source code/main/main.f	source_code/Multiscale-and-Multiphysics-Integrated-Simulator-for-Tsunami/Simulators	코드	LLM판독	codex	Y	자체코드
source_code/Multiscale-and-Multiphysics-Integrated-Simulator-for-Tsunami/Simulators/STR3D/Source code/main/makefile	source_code/Multiscale-and-Multiphysics-Integrated-Simulator-for-Tsunami/Simulators	기타(설정·입력·빌드)	LLM판독	codex		빌드·설정·기타
source_code/Multiscale-and-Multiphysics-Integrated-Simulator-for-Tsunami/Simulators/STR3D/Source code/main/mk_dir.c	source_code/Multiscale-and-Multiphysics-Integrated-Simulator-for-Tsunami/Simulators	코드	LLM판독	codex		자체코드
source_code/Multiscale-and-Multiphysics-Integrated-Simulator-for-Tsunami/Simulators/STR3D/Source code/main/mumps_para.f	source_code/Multiscale-and-Multiphysics-Integrated-Simulator-for-Tsunami/Simulators	코드	LLM판독	codex		자체코드
source_code/Multiscale-and-Multiphysics-Integrated-Simulator-for-Tsunami/Simulators/STR3D/Source code/main/ncgset.f	source_code/Multiscale-and-Multiphysics-Integrated-Simulator-for-Tsunami/Simulators	코드	LLM판독	codex		자체코드
source_code/Multiscale-and-Multiphysics-Integrated-Simulator-for-Tsunami/Simulators/STR3D/Source code/main/part_renum.f	source_code/Multiscale-and-Multiphysics-Integrated-Simulator-for-Tsunami/Simulators	코드	LLM판독	codex		자체코드
source_code/Multiscale-and-Multiphysics-Integrated-Simulator-for-Tsunami/Simulators/STR3D/Source code/main/part_surf.f	source_code/Multiscale-and-Multiphysics-Integrated-Simulator-for-Tsunami/Simulators	코드	LLM판독	codex		자체코드
source_code/Multiscale-and-Multiphysics-Integrated-Simulator-for-Tsunami/Simulators/STR3D/Source code/main/rdpress.f	source_code/Multiscale-and-Multiphysics-Integrated-Simulator-for-Tsunami/Simulators	코드	LLM판독	codex		자체코드
source_code/Multiscale-and-Multiphysics-Integrated-Simulator-for-Tsunami/Simulators/STR3D/Source code/main/rmsh_init.f	source_code/Multiscale-and-Multiphysics-Integrated-Simulator-for-Tsunami/Simulators	코드	LLM판독	codex		자체코드
source_code/Multiscale-and-Multiphysics-Integrated-Simulator-for-Tsunami/Simulators/STR3D/Source code/main/rmsh_initp.f	source_code/Multiscale-and-Multiphysics-Integrated-Simulator-for-Tsunami/Simulators	코드	LLM판독	codex		자체코드
source_code/Multiscale-and-Multiphysics-Integrated-Simulator-for-Tsunami/Simulators/STR3D/Source code/main/rod_geom.f	source_code/Multiscale-and-Multiphysics-Integrated-Simulator-for-Tsunami/Simulators	코드	LLM판독	codex		자체코드
source_code/Multiscale-and-Multiphysics-Integrated-Simulator-for-Tsunami/Simulators/STR3D/Source code/main/rst_cntl.f	source_code/Multiscale-and-Multiphysics-Integrated-Simulator-for-Tsunami/Simulators	코드	LLM판독	codex		자체코드
source_code/Multiscale-and-Multiphysics-Integrated-Simulator-for-Tsunami/Simulators/STR3D/Source code/main/shell_geom.f	source_code/Multiscale-and-Multiphysics-Integrated-Simulator-for-Tsunami/Simulators	코드	LLM판독	codex		자체코드
source_code/Multiscale-and-Multiphysics-Integrated-Simulator-for-Tsunami/Simulators/STR3D/Source code/main/solid_geom.f	source_code/Multiscale-and-Multiphysics-Integrated-Simulator-for-Tsunami/Simulators	코드	LLM판독	codex		자체코드
source_code/Multiscale-and-Multiphysics-Integrated-Simulator-for-Tsunami/Simulators/STR3D/Source code/main/surf_geom.f	source_code/Multiscale-and-Multiphysics-Integrated-Simulator-for-Tsunami/Simulators	코드	LLM판독	codex		자체코드
source_code/Multiscale-and-Multiphysics-Integrated-Simulator-for-Tsunami/Simulators/STR3D/Source code/main/tstepset.f	source_code/Multiscale-and-Multiphysics-Integrated-Simulator-for-Tsunami/Simulators	코드	LLM판독	codex		자체코드
source_code/Multiscale-and-Multiphysics-Integrated-Simulator-for-Tsunami/Simulators/STR3D/Source code/makefile	source_code/Multiscale-and-Multiphysics-Integrated-Simulator-for-Tsunami/Simulators	기타(설정·입력·빌드)	LLM판독	codex		빌드·설정·기타
source_code/Multiscale-and-Multiphysics-Integrated-Simulator-for-Tsunami/Simulators/STR3D/Source code/module/dmumps_root.h	source_code/Multiscale-and-Multiphysics-Integrated-Simulator-for-Tsunami/Simulators	코드	LLM판독	codex		자체코드
source_code/Multiscale-and-Multiphysics-Integrated-Simulator-for-Tsunami/Simulators/STR3D/Source code/module/dmumps_struc.h	source_code/Multiscale-and-Multiphysics-Integrated-Simulator-for-Tsunami/Simulators	코드	LLM판독	codex	Y	자체코드
source_code/Multiscale-and-Multiphysics-Integrated-Simulator-for-Tsunami/Simulators/STR3D/Source code/module/input_work.f90	source_code/Multiscale-and-Multiphysics-Integrated-Simulator-for-Tsunami/Simulators	코드	LLM판독	codex	Y	자체코드
source_code/Multiscale-and-Multiphysics-Integrated-Simulator-for-Tsunami/Simulators/STR3D/Source code/module/m_mumps.f90	source_code/Multiscale-and-Multiphysics-Integrated-Simulator-for-Tsunami/Simulators	코드	LLM판독	codex	Y	자체코드
source_code/Multiscale-and-Multiphysics-Integrated-Simulator-for-Tsunami/Simulators/STR3D/Source code/module/m_part.f90	source_code/Multiscale-and-Multiphysics-Integrated-Simulator-for-Tsunami/Simulators	코드	LLM판독	codex	Y	자체코드
source_code/Multiscale-and-Multiphysics-Integrated-Simulator-for-Tsunami/Simulators/STR3D/Source code/module/m_val.f90	source_code/Multiscale-and-Multiphysics-Integrated-Simulator-for-Tsunami/Simulators	코드	LLM판독	codex	Y	자체코드
source_code/Multiscale-and-Multiphysics-Integrated-Simulator-for-Tsunami/Simulators/STR3D/Source code/module/makefile	source_code/Multiscale-and-Multiphysics-Integrated-Simulator-for-Tsunami/Simulators	기타(설정·입력·빌드)	LLM판독	codex		빌드·설정·기타
source_code/Multiscale-and-Multiphysics-Integrated-Simulator-for-Tsunami/Simulators/STR3D/Source code/module/mavbl.f90	source_code/Multiscale-and-Multiphysics-Integrated-Simulator-for-Tsunami/Simulators	코드	LLM판독	codex	Y	자체코드
source_code/Multiscale-and-Multiphysics-Integrated-Simulator-for-Tsunami/Simulators/STR3D/Source code/module/mod_comm.f90	source_code/Multiscale-and-Multiphysics-Integrated-Simulator-for-Tsunami/Simulators	코드	LLM판독	codex	Y	자체코드
source_code/Multiscale-and-Multiphysics-Integrated-Simulator-for-Tsunami/Simulators/STR3D/Source code/module/mpc_work.f90	source_code/Multiscale-and-Multiphysics-Integrated-Simulator-for-Tsunami/Simulators	코드	LLM판독	codex		자체코드
source_code/Multiscale-and-Multiphysics-Integrated-Simulator-for-Tsunami/Simulators/STR3D/Source code/module/mpi_param.f90	source_code/Multiscale-and-Multiphysics-Integrated-Simulator-for-Tsunami/Simulators	코드	LLM판독	codex		자체코드
source_code/Multiscale-and-Multiphysics-Integrated-Simulator-for-Tsunami/Simulators/STR3D/Source code/module/mused.f90	source_code/Multiscale-and-Multiphysics-Integrated-Simulator-for-Tsunami/Simulators	코드	LLM판독	codex	Y	자체코드
source_code/Multiscale-and-Multiphysics-Integrated-Simulator-for-Tsunami/Simulators/STR3D/Source code/mpi_comm/c_mpi_allreduce_i.f	source_code/Multiscale-and-Multiphysics-Integrated-Simulator-for-Tsunami/Simulators	코드	LLM판독	codex		자체코드
source_code/Multiscale-and-Multiphysics-Integrated-Simulator-for-Tsunami/Simulators/STR3D/Source code/mpi_comm/c_mpi_barrier.f	source_code/Multiscale-and-Multiphysics-Integrated-Simulator-for-Tsunami/Simulators	코드	LLM판독	codex		자체코드
source_code/Multiscale-and-Multiphysics-Integrated-Simulator-for-Tsunami/Simulators/STR3D/Source code/mpi_comm/c_mpi_init.f	source_code/Multiscale-and-Multiphysics-Integrated-Simulator-for-Tsunami/Simulators	코드	LLM판독	codex	Y	자체코드
source_code/Multiscale-and-Multiphysics-Integrated-Simulator-for-Tsunami/Simulators/STR3D/Source code/mpi_comm/c_mpi_recv_d.f	source_code/Multiscale-and-Multiphysics-Integrated-Simulator-for-Tsunami/Simulators	코드	LLM판독	codex		자체코드
source_code/Multiscale-and-Multiphysics-Integrated-Simulator-for-Tsunami/Simulators/STR3D/Source code/mpi_comm/c_mpi_recv_i.f	source_code/Multiscale-and-Multiphysics-Integrated-Simulator-for-Tsunami/Simulators	코드	LLM판독	codex		자체코드
source_code/Multiscale-and-Multiphysics-Integrated-Simulator-for-Tsunami/Simulators/STR3D/Source code/mpi_comm/c_mpi_send_d.f	source_code/Multiscale-and-Multiphysics-Integrated-Simulator-for-Tsunami/Simulators	코드	LLM판독	codex	Y	자체코드
source_code/Multiscale-and-Multiphysics-Integrated-Simulator-for-Tsunami/Simulators/STR3D/Source code/mpi_comm/c_mpi_send_i.f	source_code/Multiscale-and-Multiphysics-Integrated-Simulator-for-Tsunami/Simulators	코드	LLM판독	codex		자체코드
source_code/Multiscale-and-Multiphysics-Integrated-Simulator-for-Tsunami/Simulators/STR3D/Source code/mpi_comm/c_mpi_waitall.f	source_code/Multiscale-and-Multiphysics-Integrated-Simulator-for-Tsunami/Simulators	코드	LLM판독	codex		자체코드
source_code/Multiscale-and-Multiphysics-Integrated-Simulator-for-Tsunami/Simulators/STR3D/Source code/mpi_comm/cg_mpi_allreduce_d.f	source_code/Multiscale-and-Multiphysics-Integrated-Simulator-for-Tsunami/Simulators	코드	LLM판독	codex		자체코드
source_code/Multiscale-and-Multiphysics-Integrated-Simulator-for-Tsunami/Simulators/STR3D/Source code/mpi_comm/cg_mpi_allreduce_i.f	source_code/Multiscale-and-Multiphysics-Integrated-Simulator-for-Tsunami/Simulators	코드	LLM판독	codex		자체코드
source_code/Multiscale-and-Multiphysics-Integrated-Simulator-for-Tsunami/Simulators/STR3D/Source code/mpi_comm/cg_mpi_irecv_d.f	source_code/Multiscale-and-Multiphysics-Integrated-Simulator-for-Tsunami/Simulators	코드	LLM판독	codex		자체코드
source_code/Multiscale-and-Multiphysics-Integrated-Simulator-for-Tsunami/Simulators/STR3D/Source code/mpi_comm/cg_mpi_irecv_i.f	source_code/Multiscale-and-Multiphysics-Integrated-Simulator-for-Tsunami/Simulators	코드	LLM판독	codex		자체코드
source_code/Multiscale-and-Multiphysics-Integrated-Simulator-for-Tsunami/Simulators/STR3D/Source code/mpi_comm/cg_mpi_isend_d.f	source_code/Multiscale-and-Multiphysics-Integrated-Simulator-for-Tsunami/Simulators	코드	LLM판독	codex		자체코드
source_code/Multiscale-and-Multiphysics-Integrated-Simulator-for-Tsunami/Simulators/STR3D/Source code/mpi_comm/cg_mpi_isend_i.f	source_code/Multiscale-and-Multiphysics-Integrated-Simulator-for-Tsunami/Simulators	코드	LLM판독	codex		자체코드
source_code/Multiscale-and-Multiphysics-Integrated-Simulator-for-Tsunami/Simulators/STR3D/Source code/mpi_comm/comm_cg.f	source_code/Multiscale-and-Multiphysics-Integrated-Simulator-for-Tsunami/Simulators	코드	LLM판독	codex		자체코드
source_code/Multiscale-and-Multiphysics-Integrated-Simulator-for-Tsunami/Simulators/STR3D/Source code/mpi_comm/comm_cg2.f	source_code/Multiscale-and-Multiphysics-Integrated-Simulator-for-Tsunami/Simulators	코드	LLM판독	codex		자체코드
source_code/Multiscale-and-Multiphysics-Integrated-Simulator-for-Tsunami/Simulators/STR3D/Source code/mpi_comm/comm_cg2x.f	source_code/Multiscale-and-Multiphysics-Integrated-Simulator-for-Tsunami/Simulators	코드	LLM판독	codex		자체코드
source_code/Multiscale-and-Multiphysics-Integrated-Simulator-for-Tsunami/Simulators/STR3D/Source code/mpi_comm/comm_cgx.f	source_code/Multiscale-and-Multiphysics-Integrated-Simulator-for-Tsunami/Simulators	코드	LLM판독	codex		자체코드
source_code/Multiscale-and-Multiphysics-Integrated-Simulator-for-Tsunami/Simulators/STR3D/Source code/mpi_comm/comm_dbl.f	source_code/Multiscale-and-Multiphysics-Integrated-Simulator-for-Tsunami/Simulators	코드	LLM판독	codex		자체코드
source_code/Multiscale-and-Multiphysics-Integrated-Simulator-for-Tsunami/Simulators/STR3D/Source code/mpi_comm/comm_dblx.f	source_code/Multiscale-and-Multiphysics-Integrated-Simulator-for-Tsunami/Simulators	코드	LLM판독	codex		자체코드
source_code/Multiscale-and-Multiphysics-Integrated-Simulator-for-Tsunami/Simulators/STR3D/Source code/mpi_comm/comm_intx.f	source_code/Multiscale-and-Multiphysics-Integrated-Simulator-for-Tsunami/Simulators	코드	LLM판독	codex		자체코드
source_code/Multiscale-and-Multiphysics-Integrated-Simulator-for-Tsunami/Simulators/STR3D/Source code/mpi_comm/comm_tblx.f	source_code/Multiscale-and-Multiphysics-Integrated-Simulator-for-Tsunami/Simulators	코드	LLM판독	codex		자체코드
source_code/Multiscale-and-Multiphysics-Integrated-Simulator-for-Tsunami/Simulators/STR3D/Source code/mpi_comm/m_mpi_bcast_d.f	source_code/Multiscale-and-Multiphysics-Integrated-Simulator-for-Tsunami/Simulators	코드	LLM판독	codex		자체코드
source_code/Multiscale-and-Multiphysics-Integrated-Simulator-for-Tsunami/Simulators/STR3D/Source code/mpi_comm/m_mpi_bcast_i.f	source_code/Multiscale-and-Multiphysics-Integrated-Simulator-for-Tsunami/Simulators	코드	LLM판독	codex		자체코드
source_code/Multiscale-and-Multiphysics-Integrated-Simulator-for-Tsunami/Simulators/STR3D/Source code/mpi_comm/m_mpi_recv_d.f	source_code/Multiscale-and-Multiphysics-Integrated-Simulator-for-Tsunami/Simulators	코드	LLM판독	codex		자체코드
source_code/Multiscale-and-Multiphysics-Integrated-Simulator-for-Tsunami/Simulators/STR3D/Source code/mpi_comm/m_mpi_recv_i.f	source_code/Multiscale-and-Multiphysics-Integrated-Simulator-for-Tsunami/Simulators	코드	LLM판독	claude		자체코드
source_code/Multiscale-and-Multiphysics-Integrated-Simulator-for-Tsunami/Simulators/STR3D/Source code/mpi_comm/m_mpi_reduce_d.f	source_code/Multiscale-and-Multiphysics-Integrated-Simulator-for-Tsunami/Simulators	코드	LLM판독	claude		자체코드
source_code/Multiscale-and-Multiphysics-Integrated-Simulator-for-Tsunami/Simulators/STR3D/Source code/mpi_comm/m_mpi_send_d.f	source_code/Multiscale-and-Multiphysics-Integrated-Simulator-for-Tsunami/Simulators	코드	LLM판독	claude		자체코드
source_code/Multiscale-and-Multiphysics-Integrated-Simulator-for-Tsunami/Simulators/STR3D/Source code/mpi_comm/m_mpi_send_i.f	source_code/Multiscale-and-Multiphysics-Integrated-Simulator-for-Tsunami/Simulators	코드	LLM판독	claude		자체코드
source_code/Multiscale-and-Multiphysics-Integrated-Simulator-for-Tsunami/Simulators/STR3D/Source code/mpi_comm/makefile	source_code/Multiscale-and-Multiphysics-Integrated-Simulator-for-Tsunami/Simulators	기타(설정·입력·빌드)	LLM판독	claude		빌드·설정·기타
source_code/Multiscale-and-Multiphysics-Integrated-Simulator-for-Tsunami/Simulators/STR3D/Source code/mpi_comm/recv_kk.f	source_code/Multiscale-and-Multiphysics-Integrated-Simulator-for-Tsunami/Simulators	코드	LLM판독	claude		자체코드
source_code/Multiscale-and-Multiphysics-Integrated-Simulator-for-Tsunami/Simulators/STR3D/Source code/mpi_comm/recv_pres.f	source_code/Multiscale-and-Multiphysics-Integrated-Simulator-for-Tsunami/Simulators	코드	LLM판독	claude	Y	자체코드
source_code/Multiscale-and-Multiphysics-Integrated-Simulator-for-Tsunami/Simulators/STR3D/Source code/mpi_comm/recv_rr.f	source_code/Multiscale-and-Multiphysics-Integrated-Simulator-for-Tsunami/Simulators	코드	LLM판독	claude		자체코드
source_code/Multiscale-and-Multiphysics-Integrated-Simulator-for-Tsunami/Simulators/STR3D/Source code/mpi_comm/recv_rst.f	source_code/Multiscale-and-Multiphysics-Integrated-Simulator-for-Tsunami/Simulators	코드	LLM판독	claude		자체코드
source_code/Multiscale-and-Multiphysics-Integrated-Simulator-for-Tsunami/Simulators/STR3D/Source code/mpi_comm/recv_surf.f	source_code/Multiscale-and-Multiphysics-Integrated-Simulator-for-Tsunami/Simulators	코드	LLM판독	claude	Y	자체코드
source_code/Multiscale-and-Multiphysics-Integrated-Simulator-for-Tsunami/Simulators/STR3D/Source code/mpi_comm/remesh.f	source_code/Multiscale-and-Multiphysics-Integrated-Simulator-for-Tsunami/Simulators	코드	LLM판독	claude	Y	자체코드
source_code/Multiscale-and-Multiphysics-Integrated-Simulator-for-Tsunami/Simulators/STR3D/Source code/mpi_comm/send_cont.f	source_code/Multiscale-and-Multiphysics-Integrated-Simulator-for-Tsunami/Simulators	코드	LLM판독	claude	Y	자체코드
source_code/Multiscale-and-Multiphysics-Integrated-Simulator-for-Tsunami/Simulators/STR3D/Source code/mpi_comm/send_kk.f	source_code/Multiscale-and-Multiphysics-Integrated-Simulator-for-Tsunami/Simulators	코드	LLM판독	claude		자체코드
source_code/Multiscale-and-Multiphysics-Integrated-Simulator-for-Tsunami/Simulators/STR3D/Source code/mpi_comm/send_pos.f	source_code/Multiscale-and-Multiphysics-Integrated-Simulator-for-Tsunami/Simulators	코드	LLM판독	claude	Y	자체코드
source_code/Multiscale-and-Multiphysics-Integrated-Simulator-for-Tsunami/Simulators/STR3D/Source code/mpi_comm/send_rr.f	source_code/Multiscale-and-Multiphysics-Integrated-Simulator-for-Tsunami/Simulators	코드	LLM판독	claude		자체코드
source_code/Multiscale-and-Multiphysics-Integrated-Simulator-for-Tsunami/Simulators/STR3D/Source code/partition/bcast_tbl.f	source_code/Multiscale-and-Multiphysics-Integrated-Simulator-for-Tsunami/Simulators	코드	LLM판독	claude		자체코드
source_code/Multiscale-and-Multiphysics-Integrated-Simulator-for-Tsunami/Simulators/STR3D/Source code/partition/cont_tbl_g.f	source_code/Multiscale-and-Multiphysics-Integrated-Simulator-for-Tsunami/Simulators	코드	LLM판독	claude		자체코드
source_code/Multiscale-and-Multiphysics-Integrated-Simulator-for-Tsunami/Simulators/STR3D/Source code/partition/dealloc.f	source_code/Multiscale-and-Multiphysics-Integrated-Simulator-for-Tsunami/Simulators	코드	LLM판독	claude		자체코드
source_code/Multiscale-and-Multiphysics-Integrated-Simulator-for-Tsunami/Simulators/STR3D/Source code/partition/ens_geom_p.f	source_code/Multiscale-and-Multiphysics-Integrated-Simulator-for-Tsunami/Simulators	코드	LLM판독	claude	Y	자체코드
source_code/Multiscale-and-Multiphysics-Integrated-Simulator-for-Tsunami/Simulators/STR3D/Source code/partition/ex_add.f	source_code/Multiscale-and-Multiphysics-Integrated-Simulator-for-Tsunami/Simulators	코드	LLM판독	claude		자체코드
source_code/Multiscale-and-Multiphysics-Integrated-Simulator-for-Tsunami/Simulators/STR3D/Source code/partition/ex_pload4.f	source_code/Multiscale-and-Multiphysics-Integrated-Simulator-for-Tsunami/Simulators	코드	LLM판독	claude		자체코드
source_code/Multiscale-and-Multiphysics-Integrated-Simulator-for-Tsunami/Simulators/STR3D/Source code/partition/ex_spc.f	source_code/Multiscale-and-Multiphysics-Integrated-Simulator-for-Tsunami/Simulators	코드	LLM판독	claude		자체코드
source_code/Multiscale-and-Multiphysics-Integrated-Simulator-for-Tsunami/Simulators/STR3D/Source code/partition/ex_spc1.f	source_code/Multiscale-and-Multiphysics-Integrated-Simulator-for-Tsunami/Simulators	코드	LLM판독	claude		자체코드
source_code/Multiscale-and-Multiphysics-Integrated-Simulator-for-Tsunami/Simulators/STR3D/Source code/partition/makefile	source_code/Multiscale-and-Multiphysics-Integrated-Simulator-for-Tsunami/Simulators	기타(설정·입력·빌드)	LLM판독	claude		빌드·설정·기타
source_code/Multiscale-and-Multiphysics-Integrated-Simulator-for-Tsunami/Simulators/STR3D/Source code/partition/metis_partition.c	source_code/Multiscale-and-Multiphysics-Integrated-Simulator-for-Tsunami/Simulators	코드	LLM판독	claude	Y	자체코드
source_code/Multiscale-and-Multiphysics-Integrated-Simulator-for-Tsunami/Simulators/STR3D/Source code/partition/part.f	source_code/Multiscale-and-Multiphysics-Integrated-Simulator-for-Tsunami/Simulators	코드	LLM판독	claude		자체코드
source_code/Multiscale-and-Multiphysics-Integrated-Simulator-for-Tsunami/Simulators/STR3D/Source code/partition/part_c.f	source_code/Multiscale-and-Multiphysics-Integrated-Simulator-for-Tsunami/Simulators	코드	LLM판독	claude		자체코드
source_code/Multiscale-and-Multiphysics-Integrated-Simulator-for-Tsunami/Simulators/STR3D/Source code/partition/part_geom.f	source_code/Multiscale-and-Multiphysics-Integrated-Simulator-for-Tsunami/Simulators	코드	LLM판독	claude	Y	자체코드
source_code/Multiscale-and-Multiphysics-Integrated-Simulator-for-Tsunami/Simulators/STR3D/Source code/partition/part_send_tblx.f	source_code/Multiscale-and-Multiphysics-Integrated-Simulator-for-Tsunami/Simulators	코드	LLM판독	claude		자체코드
source_code/Multiscale-and-Multiphysics-Integrated-Simulator-for-Tsunami/Simulators/STR3D/Source code/partition/part_send_tblx1.f	source_code/Multiscale-and-Multiphysics-Integrated-Simulator-for-Tsunami/Simulators	코드	LLM판독	claude		자체코드
source_code/Multiscale-and-Multiphysics-Integrated-Simulator-for-Tsunami/Simulators/STR3D/Source code/partition/part_send_tblx2.f	source_code/Multiscale-and-Multiphysics-Integrated-Simulator-for-Tsunami/Simulators	코드	LLM판독	claude		자체코드
source_code/Multiscale-and-Multiphysics-Integrated-Simulator-for-Tsunami/Simulators/STR3D/Source code/partition/partition.f	source_code/Multiscale-and-Multiphysics-Integrated-Simulator-for-Tsunami/Simulators	코드	LLM판독	claude		자체코드
source_code/Multiscale-and-Multiphysics-Integrated-Simulator-for-Tsunami/Simulators/STR3D/Source code/partition/recv_tbl.f	source_code/Multiscale-and-Multiphysics-Integrated-Simulator-for-Tsunami/Simulators	코드	LLM판독	claude		자체코드
source_code/Multiscale-and-Multiphysics-Integrated-Simulator-for-Tsunami/Simulators/STR3D/Source code/partition/recv_tblx.f	source_code/Multiscale-and-Multiphysics-Integrated-Simulator-for-Tsunami/Simulators	코드	LLM판독	claude		자체코드
source_code/Multiscale-and-Multiphysics-Integrated-Simulator-for-Tsunami/Simulators/STR3D/Source code/partition/send_tbl.f	source_code/Multiscale-and-Multiphysics-Integrated-Simulator-for-Tsunami/Simulators	코드	LLM판독	claude		자체코드
source_code/Multiscale-and-Multiphysics-Integrated-Simulator-for-Tsunami/Simulators/STR3D/Source code/seq/cgadmg_s.f	source_code/Multiscale-and-Multiphysics-Integrated-Simulator-for-Tsunami/Simulators	코드	LLM판독	codex		자체코드
source_code/Multiscale-and-Multiphysics-Integrated-Simulator-for-Tsunami/Simulators/STR3D/Source code/seq/cgindx2_s.f	source_code/Multiscale-and-Multiphysics-Integrated-Simulator-for-Tsunami/Simulators	코드	LLM판독	codex		자체코드
source_code/Multiscale-and-Multiphysics-Integrated-Simulator-for-Tsunami/Simulators/STR3D/Source code/seq/clsindex_s.f	source_code/Multiscale-and-Multiphysics-Integrated-Simulator-for-Tsunami/Simulators	코드	LLM판독	codex	Y	자체코드
source_code/Multiscale-and-Multiphysics-Integrated-Simulator-for-Tsunami/Simulators/STR3D/Source code/seq/geomtx_s.f	source_code/Multiscale-and-Multiphysics-Integrated-Simulator-for-Tsunami/Simulators	코드	LLM판독	codex	Y	자체코드
source_code/Multiscale-and-Multiphysics-Integrated-Simulator-for-Tsunami/Simulators/STR3D/Source code/seq/glbstfg_s.f	source_code/Multiscale-and-Multiphysics-Integrated-Simulator-for-Tsunami/Simulators	코드	LLM판독	codex	Y	자체코드
source_code/Multiscale-and-Multiphysics-Integrated-Simulator-for-Tsunami/Simulators/STR3D/Source code/seq/gmtxhx2_s.f	source_code/Multiscale-and-Multiphysics-Integrated-Simulator-for-Tsunami/Simulators	코드	LLM판독	codex		자체코드
source_code/Multiscale-and-Multiphysics-Integrated-Simulator-for-Tsunami/Simulators/STR3D/Source code/seq/gmtxpn2_s.f	source_code/Multiscale-and-Multiphysics-Integrated-Simulator-for-Tsunami/Simulators	코드	LLM판독	codex		자체코드
source_code/Multiscale-and-Multiphysics-Integrated-Simulator-for-Tsunami/Simulators/STR3D/Source code/seq/gmtxte1_s.f	source_code/Multiscale-and-Multiphysics-Integrated-Simulator-for-Tsunami/Simulators	코드	LLM판독	codex		자체코드
source_code/Multiscale-and-Multiphysics-Integrated-Simulator-for-Tsunami/Simulators/STR3D/Source code/seq/gmtxte2_s.f	source_code/Multiscale-and-Multiphysics-Integrated-Simulator-for-Tsunami/Simulators	코드	LLM판독	codex		자체코드
source_code/Multiscale-and-Multiphysics-Integrated-Simulator-for-Tsunami/Simulators/STR3D/Source code/seq/gnpflw_s.f	source_code/Multiscale-and-Multiphysics-Integrated-Simulator-for-Tsunami/Simulators	코드	LLM판독	codex		자체코드
source_code/Multiscale-and-Multiphysics-Integrated-Simulator-for-Tsunami/Simulators/STR3D/Source code/seq/makefile	source_code/Multiscale-and-Multiphysics-Integrated-Simulator-for-Tsunami/Simulators	기타(설정·입력·빌드)	LLM판독	codex		빌드·설정·기타
source_code/Multiscale-and-Multiphysics-Integrated-Simulator-for-Tsunami/Simulators/STR3D/Source code/seq/mkindex_s.f	source_code/Multiscale-and-Multiphysics-Integrated-Simulator-for-Tsunami/Simulators	코드	LLM판독	codex		자체코드
source_code/Multiscale-and-Multiphysics-Integrated-Simulator-for-Tsunami/Simulators/STR3D/Source code/seq/nl_static_s.f	source_code/Multiscale-and-Multiphysics-Integrated-Simulator-for-Tsunami/Simulators	코드	LLM판독	codex		자체코드
source_code/Multiscale-and-Multiphysics-Integrated-Simulator-for-Tsunami/Simulators/STR3D/Source code/seq/nl_transient_s.f	source_code/Multiscale-and-Multiphysics-Integrated-Simulator-for-Tsunami/Simulators	코드	LLM판독	codex	Y	자체코드
source_code/Multiscale-and-Multiphysics-Integrated-Simulator-for-Tsunami/Simulators/STR3D/Source code/seq/npflow_s.f	source_code/Multiscale-and-Multiphysics-Integrated-Simulator-for-Tsunami/Simulators	코드	LLM판독	codex		자체코드
source_code/Multiscale-and-Multiphysics-Integrated-Simulator-for-Tsunami/Simulators/STR3D/Source code/seq/npforce_s.f	source_code/Multiscale-and-Multiphysics-Integrated-Simulator-for-Tsunami/Simulators	코드	LLM판독	codex	Y	자체코드
source_code/Multiscale-and-Multiphysics-Integrated-Simulator-for-Tsunami/Simulators/STR3D/Source code/seq/spcdrhvg_s.f	source_code/Multiscale-and-Multiphysics-Integrated-Simulator-for-Tsunami/Simulators	코드	LLM판독	codex		자체코드
source_code/Multiscale-and-Multiphysics-Integrated-Simulator-for-Tsunami/Simulators/STR3D/Source code/src/bcgstb.f	source_code/Multiscale-and-Multiphysics-Integrated-Simulator-for-Tsunami/Simulators	코드	LLM판독	codex	Y	자체코드
source_code/Multiscale-and-Multiphysics-Integrated-Simulator-for-Tsunami/Simulators/STR3D/Source code/src/bdfbm.f	source_code/Multiscale-and-Multiphysics-Integrated-Simulator-for-Tsunami/Simulators	코드	LLM판독	codex		자체코드
source_code/Multiscale-and-Multiphysics-Integrated-Simulator-for-Tsunami/Simulators/STR3D/Source code/src/bdfhx2.f	source_code/Multiscale-and-Multiphysics-Integrated-Simulator-for-Tsunami/Simulators	코드	LLM판독	codex		자체코드
source_code/Multiscale-and-Multiphysics-Integrated-Simulator-for-Tsunami/Simulators/STR3D/Source code/src/bdfpn2.f	source_code/Multiscale-and-Multiphysics-Integrated-Simulator-for-Tsunami/Simulators	코드	LLM판독	codex		자체코드
source_code/Multiscale-and-Multiphysics-Integrated-Simulator-for-Tsunami/Simulators/STR3D/Source code/src/bdfte1.f	source_code/Multiscale-and-Multiphysics-Integrated-Simulator-for-Tsunami/Simulators	코드	LLM판독	codex		자체코드
source_code/Multiscale-and-Multiphysics-Integrated-Simulator-for-Tsunami/Simulators/STR3D/Source code/src/bdftrs.f	source_code/Multiscale-and-Multiphysics-Integrated-Simulator-for-Tsunami/Simulators	코드	LLM판독	codex		자체코드
source_code/Multiscale-and-Multiphysics-Integrated-Simulator-for-Tsunami/Simulators/STR3D/Source code/src/bdyfc.f	source_code/Multiscale-and-Multiphysics-Integrated-Simulator-for-Tsunami/Simulators	코드	LLM판독	codex	Y	자체코드
source_code/Multiscale-and-Multiphysics-Integrated-Simulator-for-Tsunami/Simulators/STR3D/Source code/src/beam0.f	source_code/Multiscale-and-Multiphysics-Integrated-Simulator-for-Tsunami/Simulators	코드	LLM판독	codex		자체코드
source_code/Multiscale-and-Multiphysics-Integrated-Simulator-for-Tsunami/Simulators/STR3D/Source code/src/beam2.f	source_code/Multiscale-and-Multiphysics-Integrated-Simulator-for-Tsunami/Simulators	코드	LLM판독	codex		자체코드
source_code/Multiscale-and-Multiphysics-Integrated-Simulator-for-Tsunami/Simulators/STR3D/Source code/src/blmbm.f	source_code/Multiscale-and-Multiphysics-Integrated-Simulator-for-Tsunami/Simulators	코드	LLM판독	codex		자체코드
source_code/Multiscale-and-Multiphysics-Integrated-Simulator-for-Tsunami/Simulators/STR3D/Source code/src/blmpn1.f	source_code/Multiscale-and-Multiphysics-Integrated-Simulator-for-Tsunami/Simulators	코드	LLM판독	codex		자체코드
source_code/Multiscale-and-Multiphysics-Integrated-Simulator-for-Tsunami/Simulators/STR3D/Source code/src/blmpn1s.f	source_code/Multiscale-and-Multiphysics-Integrated-Simulator-for-Tsunami/Simulators	코드	LLM판독	codex		자체코드
source_code/Multiscale-and-Multiphysics-Integrated-Simulator-for-Tsunami/Simulators/STR3D/Source code/src/blmtx.f	source_code/Multiscale-and-Multiphysics-Integrated-Simulator-for-Tsunami/Simulators	코드	LLM판독	codex	Y	자체코드
source_code/Multiscale-and-Multiphysics-Integrated-Simulator-for-Tsunami/Simulators/STR3D/Source code/src/cg3fwb.f	source_code/Multiscale-and-Multiphysics-Integrated-Simulator-for-Tsunami/Simulators	코드	LLM판독	codex	Y	자체코드
source_code/Multiscale-and-Multiphysics-Integrated-Simulator-for-Tsunami/Simulators/STR3D/Source code/src/cg3fwb2.f	source_code/Multiscale-and-Multiphysics-Integrated-Simulator-for-Tsunami/Simulators	코드	LLM판독	codex		자체코드
source_code/Multiscale-and-Multiphysics-Integrated-Simulator-for-Tsunami/Simulators/STR3D/Source code/src/cg3ilu.f	source_code/Multiscale-and-Multiphysics-Integrated-Simulator-for-Tsunami/Simulators	코드	LLM판독	codex	Y	자체코드
source_code/Multiscale-and-Multiphysics-Integrated-Simulator-for-Tsunami/Simulators/STR3D/Source code/src/cg3ilu2.f	source_code/Multiscale-and-Multiphysics-Integrated-Simulator-for-Tsunami/Simulators	코드	LLM판독	codex		자체코드
source_code/Multiscale-and-Multiphysics-Integrated-Simulator-for-Tsunami/Simulators/STR3D/Source code/src/cg3ml2.f	source_code/Multiscale-and-Multiphysics-Integrated-Simulator-for-Tsunami/Simulators	코드	LLM판독	codex		자체코드
source_code/Multiscale-and-Multiphysics-Integrated-Simulator-for-Tsunami/Simulators/STR3D/Source code/src/cg3ml3.f	source_code/Multiscale-and-Multiphysics-Integrated-Simulator-for-Tsunami/Simulators	코드	LLM판독	codex		자체코드
source_code/Multiscale-and-Multiphysics-Integrated-Simulator-for-Tsunami/Simulators/STR3D/Source code/src/cgadm.f	source_code/Multiscale-and-Multiphysics-Integrated-Simulator-for-Tsunami/Simulators	코드	LLM판독	codex	Y	자체코드
source_code/Multiscale-and-Multiphysics-Integrated-Simulator-for-Tsunami/Simulators/STR3D/Source code/src/cgindx2.f	source_code/Multiscale-and-Multiphysics-Integrated-Simulator-for-Tsunami/Simulators	코드	LLM판독	codex	Y	자체코드
source_code/Multiscale-and-Multiphysics-Integrated-Simulator-for-Tsunami/Simulators/STR3D/Source code/src/cgindx3.f	source_code/Multiscale-and-Multiphysics-Integrated-Simulator-for-Tsunami/Simulators	코드	LLM판독	codex	Y	자체코드
source_code/Multiscale-and-Multiphysics-Integrated-Simulator-for-Tsunami/Simulators/STR3D/Source code/src/clsindex.f	source_code/Multiscale-and-Multiphysics-Integrated-Simulator-for-Tsunami/Simulators	코드	LLM판독	codex	Y	자체코드
source_code/Multiscale-and-Multiphysics-Integrated-Simulator-for-Tsunami/Simulators/STR3D/Source code/src/dbeam0.f	source_code/Multiscale-and-Multiphysics-Integrated-Simulator-for-Tsunami/Simulators	코드	LLM판독	codex		자체코드
source_code/Multiscale-and-Multiphysics-Integrated-Simulator-for-Tsunami/Simulators/STR3D/Source code/src/derhx2.f	source_code/Multiscale-and-Multiphysics-Integrated-Simulator-for-Tsunami/Simulators	코드	LLM판독	codex	Y	자체코드
source_code/Multiscale-and-Multiphysics-Integrated-Simulator-for-Tsunami/Simulators/STR3D/Source code/src/derpn2.f	source_code/Multiscale-and-Multiphysics-Integrated-Simulator-for-Tsunami/Simulators	코드	LLM판독	codex	Y	자체코드
source_code/Multiscale-and-Multiphysics-Integrated-Simulator-for-Tsunami/Simulators/STR3D/Source code/src/derqu2.f	source_code/Multiscale-and-Multiphysics-Integrated-Simulator-for-Tsunami/Simulators	코드	LLM판독	codex		자체코드
source_code/Multiscale-and-Multiphysics-Integrated-Simulator-for-Tsunami/Simulators/STR3D/Source code/src/derte2.f	source_code/Multiscale-and-Multiphysics-Integrated-Simulator-for-Tsunami/Simulators	코드	LLM판독	codex	Y	자체코드
source_code/Multiscale-and-Multiphysics-Integrated-Simulator-for-Tsunami/Simulators/STR3D/Source code/src/dertr2.f	source_code/Multiscale-and-Multiphysics-Integrated-Simulator-for-Tsunami/Simulators	코드	LLM판독	codex		자체코드
source_code/Multiscale-and-Multiphysics-Integrated-Simulator-for-Tsunami/Simulators/STR3D/Source code/src/derxbm.f	source_code/Multiscale-and-Multiphysics-Integrated-Simulator-for-Tsunami/Simulators	코드	LLM판독	codex		자체코드
source_code/Multiscale-and-Multiphysics-Integrated-Simulator-for-Tsunami/Simulators/STR3D/Source code/src/derxhx1.f	source_code/Multiscale-and-Multiphysics-Integrated-Simulator-for-Tsunami/Simulators	코드	LLM판독	codex		자체코드
source_code/Multiscale-and-Multiphysics-Integrated-Simulator-for-Tsunami/Simulators/STR3D/Source code/src/derxhx2.f	source_code/Multiscale-and-Multiphysics-Integrated-Simulator-for-Tsunami/Simulators	코드	LLM판독	codex		자체코드
source_code/Multiscale-and-Multiphysics-Integrated-Simulator-for-Tsunami/Simulators/STR3D/Source code/src/derxpn2.f	source_code/Multiscale-and-Multiphysics-Integrated-Simulator-for-Tsunami/Simulators	코드	LLM판독	codex		자체코드
source_code/Multiscale-and-Multiphysics-Integrated-Simulator-for-Tsunami/Simulators/STR3D/Source code/src/derxte1.f	source_code/Multiscale-and-Multiphysics-Integrated-Simulator-for-Tsunami/Simulators	코드	LLM판독	codex		자체코드
source_code/Multiscale-and-Multiphysics-Integrated-Simulator-for-Tsunami/Simulators/STR3D/Source code/src/det3.f	source_code/Multiscale-and-Multiphysics-Integrated-Simulator-for-Tsunami/Simulators	코드	LLM판독	codex	Y	자체코드
source_code/Multiscale-and-Multiphysics-Integrated-Simulator-for-Tsunami/Simulators/STR3D/Source code/src/dfdsg.f	source_code/Multiscale-and-Multiphysics-Integrated-Simulator-for-Tsunami/Simulators	코드	LLM판독	codex	Y	자체코드
source_code/Multiscale-and-Multiphysics-Integrated-Simulator-for-Tsunami/Simulators/STR3D/Source code/src/dflt_damp.f	source_code/Multiscale-and-Multiphysics-Integrated-Simulator-for-Tsunami/Simulators	코드	LLM판독	codex	Y	자체코드
source_code/Multiscale-and-Multiphysics-Integrated-Simulator-for-Tsunami/Simulators/STR3D/Source code/src/dirupdt.f	source_code/Multiscale-and-Multiphysics-Integrated-Simulator-for-Tsunami/Simulators	코드	LLM판독	codex	Y	자체코드
source_code/Multiscale-and-Multiphysics-Integrated-Simulator-for-Tsunami/Simulators/STR3D/Source code/src/dsol0.f	source_code/Multiscale-and-Multiphysics-Integrated-Simulator-for-Tsunami/Simulators	코드	LLM판독	codex	Y	자체코드
source_code/Multiscale-and-Multiphysics-Integrated-Simulator-for-Tsunami/Simulators/STR3D/Source code/src/dsol1.f	source_code/Multiscale-and-Multiphysics-Integrated-Simulator-for-Tsunami/Simulators	코드	LLM판독	codex	Y	자체코드
source_code/Multiscale-and-Multiphysics-Integrated-Simulator-for-Tsunami/Simulators/STR3D/Source code/src/dtprdct.f	source_code/Multiscale-and-Multiphysics-Integrated-Simulator-for-Tsunami/Simulators	코드	LLM판독	codex	Y	자체코드
source_code/Multiscale-and-Multiphysics-Integrated-Simulator-for-Tsunami/Simulators/STR3D/Source code/src/efphx2.f	source_code/Multiscale-and-Multiphysics-Integrated-Simulator-for-Tsunami/Simulators	코드	LLM판독	codex		자체코드
source_code/Multiscale-and-Multiphysics-Integrated-Simulator-for-Tsunami/Simulators/STR3D/Source code/src/efppn2.f	source_code/Multiscale-and-Multiphysics-Integrated-Simulator-for-Tsunami/Simulators	코드	LLM판독	codex		자체코드
source_code/Multiscale-and-Multiphysics-Integrated-Simulator-for-Tsunami/Simulators/STR3D/Source code/src/efpte1.f	source_code/Multiscale-and-Multiphysics-Integrated-Simulator-for-Tsunami/Simulators	코드	LLM판독	codex		자체코드
source_code/Multiscale-and-Multiphysics-Integrated-Simulator-for-Tsunami/Simulators/STR3D/Source code/src/efrcp.f	source_code/Multiscale-and-Multiphysics-Integrated-Simulator-for-Tsunami/Simulators	코드	LLM판독	codex	Y	자체코드
source_code/Multiscale-and-Multiphysics-Integrated-Simulator-for-Tsunami/Simulators/STR3D/Source code/src/emassbm.f	source_code/Multiscale-and-Multiphysics-Integrated-Simulator-for-Tsunami/Simulators	코드	LLM판독	codex		자체코드
source_code/Multiscale-and-Multiphysics-Integrated-Simulator-for-Tsunami/Simulators/STR3D/Source code/src/emasshx2.f	source_code/Multiscale-and-Multiphysics-Integrated-Simulator-for-Tsunami/Simulators	코드	LLM판독	codex		자체코드
source_code/Multiscale-and-Multiphysics-Integrated-Simulator-for-Tsunami/Simulators/STR3D/Source code/src/emassmtx.f	source_code/Multiscale-and-Multiphysics-Integrated-Simulator-for-Tsunami/Simulators	코드	LLM판독	codex	Y	자체코드
source_code/Multiscale-and-Multiphysics-Integrated-Simulator-for-Tsunami/Simulators/STR3D/Source code/src/emasspn2.f	source_code/Multiscale-and-Multiphysics-Integrated-Simulator-for-Tsunami/Simulators	코드	LLM판독	codex		자체코드
source_code/Multiscale-and-Multiphysics-Integrated-Simulator-for-Tsunami/Simulators/STR3D/Source code/src/emasste1.f	source_code/Multiscale-and-Multiphysics-Integrated-Simulator-for-Tsunami/Simulators	코드	LLM판독	codex	Y	자체코드
source_code/Multiscale-and-Multiphysics-Integrated-Simulator-for-Tsunami/Simulators/STR3D/Source code/src/emasstrs.f	source_code/Multiscale-and-Multiphysics-Integrated-Simulator-for-Tsunami/Simulators	코드	LLM판독	codex		자체코드
source_code/Multiscale-and-Multiphysics-Integrated-Simulator-for-Tsunami/Simulators/STR3D/Source code/src/enfdisp.f	source_code/Multiscale-and-Multiphysics-Integrated-Simulator-for-Tsunami/Simulators	코드	LLM판독	codex		자체코드
source_code/Multiscale-and-Multiphysics-Integrated-Simulator-for-Tsunami/Simulators/STR3D/Source code/src/enpfaddg.f	source_code/Multiscale-and-Multiphysics-Integrated-Simulator-for-Tsunami/Simulators	코드	LLM판독	codex		자체코드
source_code/Multiscale-and-Multiphysics-Integrated-Simulator-for-Tsunami/Simulators/STR3D/Source code/src/enpfaddm.f	source_code/Multiscale-and-Multiphysics-Integrated-Simulator-for-Tsunami/Simulators	코드	LLM판독	codex		자체코드
source_code/Multiscale-and-Multiphysics-Integrated-Simulator-for-Tsunami/Simulators/STR3D/Source code/src/enpfbm.f	source_code/Multiscale-and-Multiphysics-Integrated-Simulator-for-Tsunami/Simulators	코드	LLM판독	codex		자체코드
source_code/Multiscale-and-Multiphysics-Integrated-Simulator-for-Tsunami/Simulators/STR3D/Source code/src/enpfhx2.f	source_code/Multiscale-and-Multiphysics-Integrated-Simulator-for-Tsunami/Simulators	코드	LLM판독	codex		자체코드
source_code/Multiscale-and-Multiphysics-Integrated-Simulator-for-Tsunami/Simulators/STR3D/Source code/src/enpfpn1.f	source_code/Multiscale-and-Multiphysics-Integrated-Simulator-for-Tsunami/Simulators	코드	LLM판독	codex		자체코드
source_code/Multiscale-and-Multiphysics-Integrated-Simulator-for-Tsunami/Simulators/STR3D/Source code/src/enpfpn2.f	source_code/Multiscale-and-Multiphysics-Integrated-Simulator-for-Tsunami/Simulators	코드	LLM판독	codex		자체코드
source_code/Multiscale-and-Multiphysics-Integrated-Simulator-for-Tsunami/Simulators/STR3D/Source code/src/enpfrc.f	source_code/Multiscale-and-Multiphysics-Integrated-Simulator-for-Tsunami/Simulators	코드	LLM판독	codex		자체코드
source_code/Multiscale-and-Multiphysics-Integrated-Simulator-for-Tsunami/Simulators/STR3D/Source code/src/enpfte1.f	source_code/Multiscale-and-Multiphysics-Integrated-Simulator-for-Tsunami/Simulators	코드	LLM판독	codex		자체코드
source_code/Multiscale-and-Multiphysics-Integrated-Simulator-for-Tsunami/Simulators/STR3D/Source code/src/enpfte2.f	source_code/Multiscale-and-Multiphysics-Integrated-Simulator-for-Tsunami/Simulators	코드	LLM판독	codex		자체코드
source_code/Multiscale-and-Multiphysics-Integrated-Simulator-for-Tsunami/Simulators/STR3D/Source code/src/enpftrs.f	source_code/Multiscale-and-Multiphysics-Integrated-Simulator-for-Tsunami/Simulators	코드	LLM판독	codex		자체코드
source_code/Multiscale-and-Multiphysics-Integrated-Simulator-for-Tsunami/Simulators/STR3D/Source code/src/estfbm.f	source_code/Multiscale-and-Multiphysics-Integrated-Simulator-for-Tsunami/Simulators	코드	LLM판독	codex		자체코드
source_code/Multiscale-and-Multiphysics-Integrated-Simulator-for-Tsunami/Simulators/STR3D/Source code/src/estfhx1.f	source_code/Multiscale-and-Multiphysics-Integrated-Simulator-for-Tsunami/Simulators	코드	LLM판독	codex		자체코드
source_code/Multiscale-and-Multiphysics-Integrated-Simulator-for-Tsunami/Simulators/STR3D/Source code/src/estfhx2.f	source_code/Multiscale-and-Multiphysics-Integrated-Simulator-for-Tsunami/Simulators	코드	LLM판독	codex	Y	자체코드
source_code/Multiscale-and-Multiphysics-Integrated-Simulator-for-Tsunami/Simulators/STR3D/Source code/src/estfmtx.f	source_code/Multiscale-and-Multiphysics-Integrated-Simulator-for-Tsunami/Simulators	코드	LLM판독	codex	Y	자체코드
source_code/Multiscale-and-Multiphysics-Integrated-Simulator-for-Tsunami/Simulators/STR3D/Source code/src/estfpn1.f	source_code/Multiscale-and-Multiphysics-Integrated-Simulator-for-Tsunami/Simulators	코드	LLM판독	codex		자체코드
source_code/Multiscale-and-Multiphysics-Integrated-Simulator-for-Tsunami/Simulators/STR3D/Source code/src/estfte2.f	source_code/Multiscale-and-Multiphysics-Integrated-Simulator-for-Tsunami/Simulators	코드	LLM판독	codex		자체코드
source_code/Multiscale-and-Multiphysics-Integrated-Simulator-for-Tsunami/Simulators/STR3D/Source code/src/estftrs.f	source_code/Multiscale-and-Multiphysics-Integrated-Simulator-for-Tsunami/Simulators	코드	LLM판독	codex		자체코드
source_code/Multiscale-and-Multiphysics-Integrated-Simulator-for-Tsunami/Simulators/STR3D/Source code/src/etabm.f	source_code/Multiscale-and-Multiphysics-Integrated-Simulator-for-Tsunami/Simulators	코드	LLM판독	codex		자체코드
source_code/Multiscale-and-Multiphysics-Integrated-Simulator-for-Tsunami/Simulators/STR3D/Source code/src/etahx1.f	source_code/Multiscale-and-Multiphysics-Integrated-Simulator-for-Tsunami/Simulators	코드	LLM판독	codex		자체코드
source_code/Multiscale-and-Multiphysics-Integrated-Simulator-for-Tsunami/Simulators/STR3D/Source code/src/etamtx.f	source_code/Multiscale-and-Multiphysics-Integrated-Simulator-for-Tsunami/Simulators	코드	LLM판독	codex		자체코드
source_code/Multiscale-and-Multiphysics-Integrated-Simulator-for-Tsunami/Simulators/STR3D/Source code/src/etapn1s.f	source_code/Multiscale-and-Multiphysics-Integrated-Simulator-for-Tsunami/Simulators	코드	LLM판독	codex		자체코드
source_code/Multiscale-and-Multiphysics-Integrated-Simulator-for-Tsunami/Simulators/STR3D/Source code/src/evolpn2.f	source_code/Multiscale-and-Multiphysics-Integrated-Simulator-for-Tsunami/Simulators	코드	LLM판독	codex		자체코드
source_code/Multiscale-and-Multiphysics-Integrated-Simulator-for-Tsunami/Simulators/STR3D/Source code/src/evolte2.f	source_code/Multiscale-and-Multiphysics-Integrated-Simulator-for-Tsunami/Simulators	코드	LLM판독	codex		자체코드
source_code/Multiscale-and-Multiphysics-Integrated-Simulator-for-Tsunami/Simulators/STR3D/Source code/src/fnorm.f	source_code/Multiscale-and-Multiphysics-Integrated-Simulator-for-Tsunami/Simulators	코드	LLM판독	codex		자체코드
source_code/Multiscale-and-Multiphysics-Integrated-Simulator-for-Tsunami/Simulators/STR3D/Source code/src/force.f	source_code/Multiscale-and-Multiphysics-Integrated-Simulator-for-Tsunami/Simulators	코드	LLM판독	codex		자체코드
source_code/Multiscale-and-Multiphysics-Integrated-Simulator-for-Tsunami/Simulators/STR3D/Source code/src/frcadd.f	source_code/Multiscale-and-Multiphysics-Integrated-Simulator-for-Tsunami/Simulators	코드	LLM판독	codex		자체코드
source_code/Multiscale-and-Multiphysics-Integrated-Simulator-for-Tsunami/Simulators/STR3D/Source code/src/gauss_ln_3.h	source_code/Multiscale-and-Multiphysics-Integrated-Simulator-for-Tsunami/Simulators	코드	LLM판독	codex	Y	자체코드
source_code/Multiscale-and-Multiphysics-Integrated-Simulator-for-Tsunami/Simulators/STR3D/Source code/src/gauss_pn_32.h	source_code/Multiscale-and-Multiphysics-Integrated-Simulator-for-Tsunami/Simulators	코드	LLM판독	codex		자체코드
source_code/Multiscale-and-Multiphysics-Integrated-Simulator-for-Tsunami/Simulators/STR3D/Source code/src/gauss_pn_73.h	source_code/Multiscale-and-Multiphysics-Integrated-Simulator-for-Tsunami/Simulators	코드	LLM판독	codex	Y	자체코드
source_code/Multiscale-and-Multiphysics-Integrated-Simulator-for-Tsunami/Simulators/STR3D/Source code/src/gauss_te_5.h	source_code/Multiscale-and-Multiphysics-Integrated-Simulator-for-Tsunami/Simulators	코드	LLM판독	codex	Y	자체코드
source_code/Multiscale-and-Multiphysics-Integrated-Simulator-for-Tsunami/Simulators/STR3D/Source code/src/green.f	source_code/Multiscale-and-Multiphysics-Integrated-Simulator-for-Tsunami/Simulators	코드	LLM판독	codex		자체코드
source_code/Multiscale-and-Multiphysics-Integrated-Simulator-for-Tsunami/Simulators/STR3D/Source code/src/green_hx1.f	source_code/Multiscale-and-Multiphysics-Integrated-Simulator-for-Tsunami/Simulators	코드	LLM판독	codex		자체코드
source_code/Multiscale-and-Multiphysics-Integrated-Simulator-for-Tsunami/Simulators/STR3D/Source code/src/green_pn1.f	source_code/Multiscale-and-Multiphysics-Integrated-Simulator-for-Tsunami/Simulators	코드	LLM판독	codex		자체코드
source_code/Multiscale-and-Multiphysics-Integrated-Simulator-for-Tsunami/Simulators/STR3D/Source code/src/green_pn1s.f	source_code/Multiscale-and-Multiphysics-Integrated-Simulator-for-Tsunami/Simulators	코드	LLM판독	codex		자체코드
source_code/Multiscale-and-Multiphysics-Integrated-Simulator-for-Tsunami/Simulators/STR3D/Source code/src/iccg.f	source_code/Multiscale-and-Multiphysics-Integrated-Simulator-for-Tsunami/Simulators	코드	LLM판독	codex	Y	자체코드
source_code/Multiscale-and-Multiphysics-Integrated-Simulator-for-Tsunami/Simulators/STR3D/Source code/src/ichsky.f	source_code/Multiscale-and-Multiphysics-Integrated-Simulator-for-Tsunami/Simulators	코드	LLM판독	codex		자체코드
source_code/Multiscale-and-Multiphysics-Integrated-Simulator-for-Tsunami/Simulators/STR3D/Source code/src/idcrset.f	source_code/Multiscale-and-Multiphysics-Integrated-Simulator-for-Tsunami/Simulators	코드	LLM판독	codex		자체코드
source_code/Multiscale-and-Multiphysics-Integrated-Simulator-for-Tsunami/Simulators/STR3D/Source code/src/intplpn1.f	source_code/Multiscale-and-Multiphysics-Integrated-Simulator-for-Tsunami/Simulators	코드	LLM판독	codex		자체코드
source_code/Multiscale-and-Multiphysics-Integrated-Simulator-for-Tsunami/Simulators/STR3D/Source code/src/intplpn2.f	source_code/Multiscale-and-Multiphysics-Integrated-Simulator-for-Tsunami/Simulators	코드	LLM판독	codex		자체코드
source_code/Multiscale-and-Multiphysics-Integrated-Simulator-for-Tsunami/Simulators/STR3D/Source code/src/ist_beam.f	source_code/Multiscale-and-Multiphysics-Integrated-Simulator-for-Tsunami/Simulators	코드	LLM판독	codex		자체코드
source_code/Multiscale-and-Multiphysics-Integrated-Simulator-for-Tsunami/Simulators/STR3D/Source code/src/ist_trs.f	source_code/Multiscale-and-Multiphysics-Integrated-Simulator-for-Tsunami/Simulators	코드	LLM판독	codex		자체코드
source_code/Multiscale-and-Multiphysics-Integrated-Simulator-for-Tsunami/Simulators/STR3D/Source code/src/ist_updt.f	source_code/Multiscale-and-Multiphysics-Integrated-Simulator-for-Tsunami/Simulators	코드	LLM판독	codex	Y	자체코드
source_code/Multiscale-and-Multiphysics-Integrated-Simulator-for-Tsunami/Simulators/STR3D/Source code/src/jacob3.f	source_code/Multiscale-and-Multiphysics-Integrated-Simulator-for-Tsunami/Simulators	코드	LLM판독	codex		자체코드
source_code/Multiscale-and-Multiphysics-Integrated-Simulator-for-Tsunami/Simulators/STR3D/Source code/src/jacobi.f	source_code/Multiscale-and-Multiphysics-Integrated-Simulator-for-Tsunami/Simulators	코드	LLM판독	codex		자체코드
source_code/Multiscale-and-Multiphysics-Integrated-Simulator-for-Tsunami/Simulators/STR3D/Source code/src/koji3d.f	source_code/Multiscale-and-Multiphysics-Integrated-Simulator-for-Tsunami/Simulators	코드	LLM판독	codex	Y	자체코드
source_code/Multiscale-and-Multiphysics-Integrated-Simulator-for-Tsunami/Simulators/STR3D/Source code/src/koji3e.f	source_code/Multiscale-and-Multiphysics-Integrated-Simulator-for-Tsunami/Simulators	코드	LLM판독	codex		자체코드
source_code/Multiscale-and-Multiphysics-Integrated-Simulator-for-Tsunami/Simulators/STR3D/Source code/src/lcchx1.f	source_code/Multiscale-and-Multiphysics-Integrated-Simulator-for-Tsunami/Simulators	코드	LLM판독	codex		자체코드
source_code/Multiscale-and-Multiphysics-Integrated-Simulator-for-Tsunami/Simulators/STR3D/Source code/src/lccpn1.f	source_code/Multiscale-and-Multiphysics-Integrated-Simulator-for-Tsunami/Simulators	코드	LLM판독	codex		자체코드
source_code/Multiscale-and-Multiphysics-Integrated-Simulator-for-Tsunami/Simulators/STR3D/Source code/src/loadqu2.f	source_code/Multiscale-and-Multiphysics-Integrated-Simulator-for-Tsunami/Simulators	코드	LLM판독	codex		자체코드
source_code/Multiscale-and-Multiphysics-Integrated-Simulator-for-Tsunami/Simulators/STR3D/Source code/src/loadtr2.f	source_code/Multiscale-and-Multiphysics-Integrated-Simulator-for-Tsunami/Simulators	코드	LLM판독	codex		자체코드
source_code/Multiscale-and-Multiphysics-Integrated-Simulator-for-Tsunami/Simulators/STR3D/Source code/src/makefile	source_code/Multiscale-and-Multiphysics-Integrated-Simulator-for-Tsunami/Simulators	기타(설정·입력·빌드)	LLM판독	codex		빌드·설정·기타
source_code/Multiscale-and-Multiphysics-Integrated-Simulator-for-Tsunami/Simulators/STR3D/Source code/src/mdpress.f	source_code/Multiscale-and-Multiphysics-Integrated-Simulator-for-Tsunami/Simulators	코드	LLM판독	codex	Y	자체코드
source_code/Multiscale-and-Multiphysics-Integrated-Simulator-for-Tsunami/Simulators/STR3D/Source code/src/mdpressp.f	source_code/Multiscale-and-Multiphysics-Integrated-Simulator-for-Tsunami/Simulators	코드	LLM판독	codex		자체코드
source_code/Multiscale-and-Multiphysics-Integrated-Simulator-for-Tsunami/Simulators/STR3D/Source code/src/mergs.f	source_code/Multiscale-and-Multiphysics-Integrated-Simulator-for-Tsunami/Simulators	코드	LLM판독	codex		자체코드
source_code/Multiscale-and-Multiphysics-Integrated-Simulator-for-Tsunami/Simulators/STR3D/Source code/src/mkindex.f	source_code/Multiscale-and-Multiphysics-Integrated-Simulator-for-Tsunami/Simulators	코드	LLM판독	codex	Y	자체코드
source_code/Multiscale-and-Multiphysics-Integrated-Simulator-for-Tsunami/Simulators/STR3D/Source code/src/mpctrns.f	source_code/Multiscale-and-Multiphysics-Integrated-Simulator-for-Tsunami/Simulators	코드	LLM판독	codex		자체코드
source_code/Multiscale-and-Multiphysics-Integrated-Simulator-for-Tsunami/Simulators/STR3D/Source code/src/mumps.f	source_code/Multiscale-and-Multiphysics-Integrated-Simulator-for-Tsunami/Simulators	코드	LLM판독	codex	Y	자체코드
source_code/Multiscale-and-Multiphysics-Integrated-Simulator-for-Tsunami/Simulators/STR3D/Source code/src/ncrset.f	source_code/Multiscale-and-Multiphysics-Integrated-Simulator-for-Tsunami/Simulators	코드	LLM판독	codex		자체코드
source_code/Multiscale-and-Multiphysics-Integrated-Simulator-for-Tsunami/Simulators/STR3D/Source code/src/ncrset2.f	source_code/Multiscale-and-Multiphysics-Integrated-Simulator-for-Tsunami/Simulators	코드	LLM판독	codex		자체코드
source_code/Multiscale-and-Multiphysics-Integrated-Simulator-for-Tsunami/Simulators/STR3D/Source code/src/nl_static.f	source_code/Multiscale-and-Multiphysics-Integrated-Simulator-for-Tsunami/Simulators	코드	LLM판독	codex	Y	자체코드
source_code/Multiscale-and-Multiphysics-Integrated-Simulator-for-Tsunami/Simulators/STR3D/Source code/src/nodset2.f	source_code/Multiscale-and-Multiphysics-Integrated-Simulator-for-Tsunami/Simulators	코드	LLM판독	codex		자체코드
source_code/Multiscale-and-Multiphysics-Integrated-Simulator-for-Tsunami/Simulators/STR3D/Source code/src/nodset3.f	source_code/Multiscale-and-Multiphysics-Integrated-Simulator-for-Tsunami/Simulators	코드	LLM판독	codex		자체코드
source_code/Multiscale-and-Multiphysics-Integrated-Simulator-for-Tsunami/Simulators/STR3D/Source code/src/ordrnf.f	source_code/Multiscale-and-Multiphysics-Integrated-Simulator-for-Tsunami/Simulators	코드	LLM판독	codex		자체코드
source_code/Multiscale-and-Multiphysics-Integrated-Simulator-for-Tsunami/Simulators/STR3D/Source code/src/outnod.f	source_code/Multiscale-and-Multiphysics-Integrated-Simulator-for-Tsunami/Simulators	코드	LLM판독	codex		자체코드
source_code/Multiscale-and-Multiphysics-Integrated-Simulator-for-Tsunami/Simulators/STR3D/Source code/src/outnodw.f	source_code/Multiscale-and-Multiphysics-Integrated-Simulator-for-Tsunami/Simulators	코드	LLM판독	codex		자체코드
source_code/Multiscale-and-Multiphysics-Integrated-Simulator-for-Tsunami/Simulators/STR3D/Source code/src/output.f	source_code/Multiscale-and-Multiphysics-Integrated-Simulator-for-Tsunami/Simulators	코드	LLM판독	codex		자체코드
source_code/Multiscale-and-Multiphysics-Integrated-Simulator-for-Tsunami/Simulators/STR3D/Source code/src/outsol.f	source_code/Multiscale-and-Multiphysics-Integrated-Simulator-for-Tsunami/Simulators	코드	LLM판독	codex		자체코드
source_code/Multiscale-and-Multiphysics-Integrated-Simulator-for-Tsunami/Simulators/STR3D/Source code/src/pld_cadmas.f	source_code/Multiscale-and-Multiphysics-Integrated-Simulator-for-Tsunami/Simulators	코드	LLM판독	codex	Y	자체코드
source_code/Multiscale-and-Multiphysics-Integrated-Simulator-for-Tsunami/Simulators/STR3D/Source code/src/pload4.f	source_code/Multiscale-and-Multiphysics-Integrated-Simulator-for-Tsunami/Simulators	코드	LLM판독	codex		자체코드
source_code/Multiscale-and-Multiphysics-Integrated-Simulator-for-Tsunami/Simulators/STR3D/Source code/src/prnase.f	source_code/Multiscale-and-Multiphysics-Integrated-Simulator-for-Tsunami/Simulators	코드	LLM판독	codex		자체코드
source_code/Multiscale-and-Multiphysics-Integrated-Simulator-for-Tsunami/Simulators/STR3D/Source code/src/prncg.f	source_code/Multiscale-and-Multiphysics-Integrated-Simulator-for-Tsunami/Simulators	코드	LLM판독	codex		자체코드
source_code/Multiscale-and-Multiphysics-Integrated-Simulator-for-Tsunami/Simulators/STR3D/Source code/src/prnmumps.f	source_code/Multiscale-and-Multiphysics-Integrated-Simulator-for-Tsunami/Simulators	코드	LLM판독	claude		자체코드
source_code/Multiscale-and-Multiphysics-Integrated-Simulator-for-Tsunami/Simulators/STR3D/Source code/src/prnpar.f	source_code/Multiscale-and-Multiphysics-Integrated-Simulator-for-Tsunami/Simulators	코드	LLM판독	claude		자체코드
source_code/Multiscale-and-Multiphysics-Integrated-Simulator-for-Tsunami/Simulators/STR3D/Source code/src/prnstr.f	source_code/Multiscale-and-Multiphysics-Integrated-Simulator-for-Tsunami/Simulators	코드	LLM판독	claude		자체코드
source_code/Multiscale-and-Multiphysics-Integrated-Simulator-for-Tsunami/Simulators/STR3D/Source code/src/rd_restart.f	source_code/Multiscale-and-Multiphysics-Integrated-Simulator-for-Tsunami/Simulators	코드	LLM판독	claude		자체코드
source_code/Multiscale-and-Multiphysics-Integrated-Simulator-for-Tsunami/Simulators/STR3D/Source code/src/rd_restartp.f	source_code/Multiscale-and-Multiphysics-Integrated-Simulator-for-Tsunami/Simulators	코드	LLM판독	claude		자체코드
source_code/Multiscale-and-Multiphysics-Integrated-Simulator-for-Tsunami/Simulators/STR3D/Source code/src/rearrange.f	source_code/Multiscale-and-Multiphysics-Integrated-Simulator-for-Tsunami/Simulators	코드	LLM판독	claude		자체코드
source_code/Multiscale-and-Multiphysics-Integrated-Simulator-for-Tsunami/Simulators/STR3D/Source code/src/resfrc.f	source_code/Multiscale-and-Multiphysics-Integrated-Simulator-for-Tsunami/Simulators	코드	LLM판독	claude		자체코드
source_code/Multiscale-and-Multiphysics-Integrated-Simulator-for-Tsunami/Simulators/STR3D/Source code/src/scalus.f	source_code/Multiscale-and-Multiphysics-Integrated-Simulator-for-Tsunami/Simulators	코드	LLM판독	claude	Y	자체코드
source_code/Multiscale-and-Multiphysics-Integrated-Simulator-for-Tsunami/Simulators/STR3D/Source code/src/sfnhx2.f	source_code/Multiscale-and-Multiphysics-Integrated-Simulator-for-Tsunami/Simulators	코드	LLM판독	claude		자체코드
source_code/Multiscale-and-Multiphysics-Integrated-Simulator-for-Tsunami/Simulators/STR3D/Source code/src/sfnqu2.f	source_code/Multiscale-and-Multiphysics-Integrated-Simulator-for-Tsunami/Simulators	코드	LLM판독	claude		자체코드
source_code/Multiscale-and-Multiphysics-Integrated-Simulator-for-Tsunami/Simulators/STR3D/Source code/src/sfnte2.f	source_code/Multiscale-and-Multiphysics-Integrated-Simulator-for-Tsunami/Simulators	코드	LLM판독	claude		자체코드
source_code/Multiscale-and-Multiphysics-Integrated-Simulator-for-Tsunami/Simulators/STR3D/Source code/src/sol0.f	source_code/Multiscale-and-Multiphysics-Integrated-Simulator-for-Tsunami/Simulators	코드	LLM판독	claude	Y	자체코드
source_code/Multiscale-and-Multiphysics-Integrated-Simulator-for-Tsunami/Simulators/STR3D/Source code/src/sol2.f	source_code/Multiscale-and-Multiphysics-Integrated-Simulator-for-Tsunami/Simulators	코드	LLM판독	claude	Y	자체코드
source_code/Multiscale-and-Multiphysics-Integrated-Simulator-for-Tsunami/Simulators/STR3D/Source code/src/spcdrhv.f	source_code/Multiscale-and-Multiphysics-Integrated-Simulator-for-Tsunami/Simulators	코드	LLM판독	claude		자체코드
source_code/Multiscale-and-Multiphysics-Integrated-Simulator-for-Tsunami/Simulators/STR3D/Source code/src/spcdsetdu.f	source_code/Multiscale-and-Multiphysics-Integrated-Simulator-for-Tsunami/Simulators	코드	LLM판독	claude		자체코드
source_code/Multiscale-and-Multiphysics-Integrated-Simulator-for-Tsunami/Simulators/STR3D/Source code/src/spcset.f	source_code/Multiscale-and-Multiphysics-Integrated-Simulator-for-Tsunami/Simulators	코드	LLM판독	claude		자체코드
source_code/Multiscale-and-Multiphysics-Integrated-Simulator-for-Tsunami/Simulators/STR3D/Source code/src/stfgl.f	source_code/Multiscale-and-Multiphysics-Integrated-Simulator-for-Tsunami/Simulators	코드	LLM판독	claude		자체코드
source_code/Multiscale-and-Multiphysics-Integrated-Simulator-for-Tsunami/Simulators/STR3D/Source code/src/stldset.f	source_code/Multiscale-and-Multiphysics-Integrated-Simulator-for-Tsunami/Simulators	코드	LLM판독	claude		자체코드
source_code/Multiscale-and-Multiphysics-Integrated-Simulator-for-Tsunami/Simulators/STR3D/Source code/src/stpress.f	source_code/Multiscale-and-Multiphysics-Integrated-Simulator-for-Tsunami/Simulators	코드	LLM판독	claude		자체코드
source_code/Multiscale-and-Multiphysics-Integrated-Simulator-for-Tsunami/Simulators/STR3D/Source code/src/strhx1.f	source_code/Multiscale-and-Multiphysics-Integrated-Simulator-for-Tsunami/Simulators	코드	LLM판독	claude		자체코드
source_code/Multiscale-and-Multiphysics-Integrated-Simulator-for-Tsunami/Simulators/STR3D/Source code/src/strhx2.f	source_code/Multiscale-and-Multiphysics-Integrated-Simulator-for-Tsunami/Simulators	코드	LLM판독	claude		자체코드
source_code/Multiscale-and-Multiphysics-Integrated-Simulator-for-Tsunami/Simulators/STR3D/Source code/src/strpn1.f	source_code/Multiscale-and-Multiphysics-Integrated-Simulator-for-Tsunami/Simulators	코드	LLM판독	claude		자체코드
source_code/Multiscale-and-Multiphysics-Integrated-Simulator-for-Tsunami/Simulators/STR3D/Source code/src/strte2.f	source_code/Multiscale-and-Multiphysics-Integrated-Simulator-for-Tsunami/Simulators	코드	LLM판독	claude		자체코드
source_code/Multiscale-and-Multiphysics-Integrated-Simulator-for-Tsunami/Simulators/STR3D/Source code/src/tetvol.f	source_code/Multiscale-and-Multiphysics-Integrated-Simulator-for-Tsunami/Simulators	코드	LLM판독	claude		자체코드
source_code/Multiscale-and-Multiphysics-Integrated-Simulator-for-Tsunami/Simulators/STR3D/Source code/src/tloadset.f	source_code/Multiscale-and-Multiphysics-Integrated-Simulator-for-Tsunami/Simulators	코드	LLM판독	claude		자체코드
source_code/Multiscale-and-Multiphysics-Integrated-Simulator-for-Tsunami/Simulators/STR3D/Source code/src/trnsemass.f	source_code/Multiscale-and-Multiphysics-Integrated-Simulator-for-Tsunami/Simulators	코드	LLM판독	claude		자체코드
source_code/Multiscale-and-Multiphysics-Integrated-Simulator-for-Tsunami/Simulators/STR3D/Source code/src/trnsmtx3.f	source_code/Multiscale-and-Multiphysics-Integrated-Simulator-for-Tsunami/Simulators	코드	LLM판독	claude		자체코드
source_code/Multiscale-and-Multiphysics-Integrated-Simulator-for-Tsunami/Simulators/STR3D/Source code/src/trnsmtx6.f	source_code/Multiscale-and-Multiphysics-Integrated-Simulator-for-Tsunami/Simulators	코드	LLM판독	claude		자체코드
source_code/Multiscale-and-Multiphysics-Integrated-Simulator-for-Tsunami/Simulators/STR3D/Source code/src/trnsmtx7.f	source_code/Multiscale-and-Multiphysics-Integrated-Simulator-for-Tsunami/Simulators	코드	LLM판독	claude		자체코드
source_code/Multiscale-and-Multiphysics-Integrated-Simulator-for-Tsunami/Simulators/STR3D/Source code/src/trpn1s.f	source_code/Multiscale-and-Multiphysics-Integrated-Simulator-for-Tsunami/Simulators	코드	LLM판독	claude		자체코드
source_code/Multiscale-and-Multiphysics-Integrated-Simulator-for-Tsunami/Simulators/STR3D/Source code/src/tspcdseti.f	source_code/Multiscale-and-Multiphysics-Integrated-Simulator-for-Tsunami/Simulators	코드	LLM판독	claude		자체코드
source_code/Multiscale-and-Multiphysics-Integrated-Simulator-for-Tsunami/Simulators/STR3D/Source code/src/tspcdsetu.f	source_code/Multiscale-and-Multiphysics-Integrated-Simulator-for-Tsunami/Simulators	코드	LLM판독	claude		자체코드
source_code/Multiscale-and-Multiphysics-Integrated-Simulator-for-Tsunami/Simulators/STR3D/Source code/src/vecmid.f	source_code/Multiscale-and-Multiphysics-Integrated-Simulator-for-Tsunami/Simulators	코드	LLM판독	claude	Y	자체코드
source_code/Multiscale-and-Multiphysics-Integrated-Simulator-for-Tsunami/Simulators/STR3D/Source code/src/vecmid2.f	source_code/Multiscale-and-Multiphysics-Integrated-Simulator-for-Tsunami/Simulators	코드	LLM판독	claude		자체코드
source_code/Multiscale-and-Multiphysics-Integrated-Simulator-for-Tsunami/Simulators/STR3D/Source code/src/vecmid3.f	source_code/Multiscale-and-Multiphysics-Integrated-Simulator-for-Tsunami/Simulators	코드	LLM판독	claude		자체코드
source_code/Multiscale-and-Multiphysics-Integrated-Simulator-for-Tsunami/Simulators/STR3D/Source code/src/wt_restartp.f	source_code/Multiscale-and-Multiphysics-Integrated-Simulator-for-Tsunami/Simulators	코드	LLM판독	codex		자체코드
source_code/Multiscale-and-Multiphysics-Integrated-Simulator-for-Tsunami/Simulators/STR3D/Source code/src/wtsol.f	source_code/Multiscale-and-Multiphysics-Integrated-Simulator-for-Tsunami/Simulators	코드	LLM판독	codex		자체코드
source_code/Multiscale-and-Multiphysics-Integrated-Simulator-for-Tsunami/Simulators/STR3D/Source code/src/wtsurf.f	source_code/Multiscale-and-Multiphysics-Integrated-Simulator-for-Tsunami/Simulators	코드	LLM판독	codex		자체코드
source_code/Multiscale-and-Multiphysics-Integrated-Simulator-for-Tsunami/Simulators/STR3D/Source code/src/yfunc.f	source_code/Multiscale-and-Multiphysics-Integrated-Simulator-for-Tsunami/Simulators	코드	LLM판독	codex	Y	자체코드
source_code/Multiscale-and-Multiphysics-Integrated-Simulator-for-Tsunami/Simulators/STR3D/Source code/util/addset.f	source_code/Multiscale-and-Multiphysics-Integrated-Simulator-for-Tsunami/Simulators	코드	LLM판독	codex		자체코드
source_code/Multiscale-and-Multiphysics-Integrated-Simulator-for-Tsunami/Simulators/STR3D/Source code/util/addset2.f	source_code/Multiscale-and-Multiphysics-Integrated-Simulator-for-Tsunami/Simulators	코드	LLM판독	codex		자체코드
source_code/Multiscale-and-Multiphysics-Integrated-Simulator-for-Tsunami/Simulators/STR3D/Source code/util/addset3.f	source_code/Multiscale-and-Multiphysics-Integrated-Simulator-for-Tsunami/Simulators	코드	LLM판독	codex		자체코드
source_code/Multiscale-and-Multiphysics-Integrated-Simulator-for-Tsunami/Simulators/STR3D/Source code/util/addset4.f	source_code/Multiscale-and-Multiphysics-Integrated-Simulator-for-Tsunami/Simulators	코드	LLM판독	codex		자체코드
source_code/Multiscale-and-Multiphysics-Integrated-Simulator-for-Tsunami/Simulators/STR3D/Source code/util/addvec.f	source_code/Multiscale-and-Multiphysics-Integrated-Simulator-for-Tsunami/Simulators	코드	LLM판독	codex		자체코드
source_code/Multiscale-and-Multiphysics-Integrated-Simulator-for-Tsunami/Simulators/STR3D/Source code/util/areacd2.f	source_code/Multiscale-and-Multiphysics-Integrated-Simulator-for-Tsunami/Simulators	코드	LLM판독	codex		자체코드
source_code/Multiscale-and-Multiphysics-Integrated-Simulator-for-Tsunami/Simulators/STR3D/Source code/util/atxb.f	source_code/Multiscale-and-Multiphysics-Integrated-Simulator-for-Tsunami/Simulators	코드	LLM판독	codex		자체코드
source_code/Multiscale-and-Multiphysics-Integrated-Simulator-for-Tsunami/Simulators/STR3D/Source code/util/axb.f	source_code/Multiscale-and-Multiphysics-Integrated-Simulator-for-Tsunami/Simulators	코드	LLM판독	codex		자체코드
source_code/Multiscale-and-Multiphysics-Integrated-Simulator-for-Tsunami/Simulators/STR3D/Source code/util/chtnsr.f	source_code/Multiscale-and-Multiphysics-Integrated-Simulator-for-Tsunami/Simulators	코드	LLM판독	codex	Y	자체코드
source_code/Multiscale-and-Multiphysics-Integrated-Simulator-for-Tsunami/Simulators/STR3D/Source code/util/clear0.f	source_code/Multiscale-and-Multiphysics-Integrated-Simulator-for-Tsunami/Simulators	코드	LLM판독	codex		자체코드
source_code/Multiscale-and-Multiphysics-Integrated-Simulator-for-Tsunami/Simulators/STR3D/Source code/util/clear1.f	source_code/Multiscale-and-Multiphysics-Integrated-Simulator-for-Tsunami/Simulators	코드	LLM판독	codex		자체코드
source_code/Multiscale-and-Multiphysics-Integrated-Simulator-for-Tsunami/Simulators/STR3D/Source code/util/cross.f	source_code/Multiscale-and-Multiphysics-Integrated-Simulator-for-Tsunami/Simulators	코드	LLM판독	codex		자체코드
source_code/Multiscale-and-Multiphysics-Integrated-Simulator-for-Tsunami/Simulators/STR3D/Source code/util/cross1.f	source_code/Multiscale-and-Multiphysics-Integrated-Simulator-for-Tsunami/Simulators	코드	LLM판독	codex		자체코드
source_code/Multiscale-and-Multiphysics-Integrated-Simulator-for-Tsunami/Simulators/STR3D/Source code/util/cross2.f	source_code/Multiscale-and-Multiphysics-Integrated-Simulator-for-Tsunami/Simulators	코드	LLM판독	codex		자체코드
source_code/Multiscale-and-Multiphysics-Integrated-Simulator-for-Tsunami/Simulators/STR3D/Source code/util/dircos.f	source_code/Multiscale-and-Multiphysics-Integrated-Simulator-for-Tsunami/Simulators	코드	LLM판독	codex		자체코드
source_code/Multiscale-and-Multiphysics-Integrated-Simulator-for-Tsunami/Simulators/STR3D/Source code/util/errstp.f	source_code/Multiscale-and-Multiphysics-Integrated-Simulator-for-Tsunami/Simulators	코드	LLM판독	codex		자체코드
source_code/Multiscale-and-Multiphysics-Integrated-Simulator-for-Tsunami/Simulators/STR3D/Source code/util/harfab.f	source_code/Multiscale-and-Multiphysics-Integrated-Simulator-for-Tsunami/Simulators	코드	LLM판독	codex		자체코드
source_code/Multiscale-and-Multiphysics-Integrated-Simulator-for-Tsunami/Simulators/STR3D/Source code/util/harfb.f	source_code/Multiscale-and-Multiphysics-Integrated-Simulator-for-Tsunami/Simulators	코드	LLM판독	codex		자체코드
source_code/Multiscale-and-Multiphysics-Integrated-Simulator-for-Tsunami/Simulators/STR3D/Source code/util/harfc.f	source_code/Multiscale-and-Multiphysics-Integrated-Simulator-for-Tsunami/Simulators	코드	LLM판독	codex		자체코드
source_code/Multiscale-and-Multiphysics-Integrated-Simulator-for-Tsunami/Simulators/STR3D/Source code/util/harfta.f	source_code/Multiscale-and-Multiphysics-Integrated-Simulator-for-Tsunami/Simulators	코드	LLM판독	codex		자체코드
source_code/Multiscale-and-Multiphysics-Integrated-Simulator-for-Tsunami/Simulators/STR3D/Source code/util/harfta2.f	source_code/Multiscale-and-Multiphysics-Integrated-Simulator-for-Tsunami/Simulators	코드	LLM판독	codex		자체코드
source_code/Multiscale-and-Multiphysics-Integrated-Simulator-for-Tsunami/Simulators/STR3D/Source code/util/intpl.f	source_code/Multiscale-and-Multiphysics-Integrated-Simulator-for-Tsunami/Simulators	코드	LLM판독	codex		자체코드
source_code/Multiscale-and-Multiphysics-Integrated-Simulator-for-Tsunami/Simulators/STR3D/Source code/util/length.f	source_code/Multiscale-and-Multiphysics-Integrated-Simulator-for-Tsunami/Simulators	코드	LLM판독	codex		자체코드
source_code/Multiscale-and-Multiphysics-Integrated-Simulator-for-Tsunami/Simulators/STR3D/Source code/util/makefile	source_code/Multiscale-and-Multiphysics-Integrated-Simulator-for-Tsunami/Simulators	기타(설정·입력·빌드)	LLM판독	codex		빌드·설정·기타
source_code/Multiscale-and-Multiphysics-Integrated-Simulator-for-Tsunami/Simulators/STR3D/Source code/util/matml.f	source_code/Multiscale-and-Multiphysics-Integrated-Simulator-for-Tsunami/Simulators	코드	LLM판독	codex		자체코드
source_code/Multiscale-and-Multiphysics-Integrated-Simulator-for-Tsunami/Simulators/STR3D/Source code/util/mean2.f	source_code/Multiscale-and-Multiphysics-Integrated-Simulator-for-Tsunami/Simulators	코드	LLM판독	codex		자체코드
source_code/Multiscale-and-Multiphysics-Integrated-Simulator-for-Tsunami/Simulators/STR3D/Source code/util/mean3.f	source_code/Multiscale-and-Multiphysics-Integrated-Simulator-for-Tsunami/Simulators	코드	LLM판독	codex		자체코드
source_code/Multiscale-and-Multiphysics-Integrated-Simulator-for-Tsunami/Simulators/STR3D/Source code/util/mean4.f	source_code/Multiscale-and-Multiphysics-Integrated-Simulator-for-Tsunami/Simulators	코드	LLM판독	codex		자체코드
source_code/Multiscale-and-Multiphysics-Integrated-Simulator-for-Tsunami/Simulators/STR3D/Source code/util/order.f	source_code/Multiscale-and-Multiphysics-Integrated-Simulator-for-Tsunami/Simulators	코드	LLM판독	codex		자체코드
source_code/Multiscale-and-Multiphysics-Integrated-Simulator-for-Tsunami/Simulators/STR3D/Source code/util/order2.f	source_code/Multiscale-and-Multiphysics-Integrated-Simulator-for-Tsunami/Simulators	코드	LLM판독	codex		자체코드
source_code/Multiscale-and-Multiphysics-Integrated-Simulator-for-Tsunami/Simulators/STR3D/Source code/util/psfwt.f	source_code/Multiscale-and-Multiphysics-Integrated-Simulator-for-Tsunami/Simulators	코드	LLM판독	codex		자체코드
source_code/Multiscale-and-Multiphysics-Integrated-Simulator-for-Tsunami/Simulators/STR3D/Source code/util/rmult1.f	source_code/Multiscale-and-Multiphysics-Integrated-Simulator-for-Tsunami/Simulators	코드	LLM판독	codex		자체코드
source_code/Multiscale-and-Multiphysics-Integrated-Simulator-for-Tsunami/Simulators/STR3D/Source code/util/rmult2.f	source_code/Multiscale-and-Multiphysics-Integrated-Simulator-for-Tsunami/Simulators	코드	LLM판독	codex		자체코드
source_code/Multiscale-and-Multiphysics-Integrated-Simulator-for-Tsunami/Simulators/STR3D/Source code/util/rmult3.f	source_code/Multiscale-and-Multiphysics-Integrated-Simulator-for-Tsunami/Simulators	코드	LLM판독	codex		자체코드
source_code/Multiscale-and-Multiphysics-Integrated-Simulator-for-Tsunami/Simulators/STR3D/Source code/util/rmult4.f	source_code/Multiscale-and-Multiphysics-Integrated-Simulator-for-Tsunami/Simulators	코드	LLM판독	codex		자체코드
source_code/Multiscale-and-Multiphysics-Integrated-Simulator-for-Tsunami/Simulators/STR3D/Source code/util/rmult5.f	source_code/Multiscale-and-Multiphysics-Integrated-Simulator-for-Tsunami/Simulators	코드	LLM판독	codex		자체코드
source_code/Multiscale-and-Multiphysics-Integrated-Simulator-for-Tsunami/Simulators/STR3D/Source code/util/shift0.f	source_code/Multiscale-and-Multiphysics-Integrated-Simulator-for-Tsunami/Simulators	코드	LLM판독	codex		자체코드
source_code/Multiscale-and-Multiphysics-Integrated-Simulator-for-Tsunami/Simulators/STR3D/Source code/util/shift1.f	source_code/Multiscale-and-Multiphysics-Integrated-Simulator-for-Tsunami/Simulators	코드	LLM판독	codex		자체코드
source_code/Multiscale-and-Multiphysics-Integrated-Simulator-for-Tsunami/Simulators/STR3D/Source code/util/shiftb0.f	source_code/Multiscale-and-Multiphysics-Integrated-Simulator-for-Tsunami/Simulators	코드	LLM판독	codex		자체코드
source_code/Multiscale-and-Multiphysics-Integrated-Simulator-for-Tsunami/Simulators/STR3D/Source code/util/subvec.f	source_code/Multiscale-and-Multiphysics-Integrated-Simulator-for-Tsunami/Simulators	코드	LLM판독	codex		자체코드
source_code/Multiscale-and-Multiphysics-Integrated-Simulator-for-Tsunami/Simulators/STR3D/Source code/util/sumvec.f	source_code/Multiscale-and-Multiphysics-Integrated-Simulator-for-Tsunami/Simulators	코드	LLM판독	codex		자체코드
source_code/Multiscale-and-Multiphysics-Integrated-Simulator-for-Tsunami/Simulators/STR3D/Source code/util/vecml1.f	source_code/Multiscale-and-Multiphysics-Integrated-Simulator-for-Tsunami/Simulators	코드	LLM판독	codex		자체코드
source_code/Multiscale-and-Multiphysics-Integrated-Simulator-for-Tsunami/Simulators/STR3D/Source code/util/vecml2.f	source_code/Multiscale-and-Multiphysics-Integrated-Simulator-for-Tsunami/Simulators	코드	LLM판독	codex		자체코드
source_code/Multiscale-and-Multiphysics-Integrated-Simulator-for-Tsunami/Simulators/STR3D/Source code/util/vecml3.f	source_code/Multiscale-and-Multiphysics-Integrated-Simulator-for-Tsunami/Simulators	코드	LLM판독	codex		자체코드
