note,line,ref,base,ranges,span,state,excluded,changed,deleted
models/SWAN/manual-notes/swan-implementation-manual.md,7,macros.inc,macros.inc,,0,UNRESOLVED_SOURCE_REFERENCE,True,False,False
models/SWAN/manual-notes/swan-implementation-manual.md,36,swanmain.ftn,swanmain.ftn,,0,RESOLVED,False,True,False
models/SWAN/manual-notes/swan-implementation-manual.md,37,swanpre1.ftn,swanpre1.ftn,,0,RESOLVED,False,False,False
models/SWAN/manual-notes/swan-implementation-manual.md,37,swanpre2.ftn,swanpre2.ftn,,0,RESOLVED,False,False,False
models/SWAN/manual-notes/swan-implementation-manual.md,37,SwanBndStruc.ftn90,SwanBndStruc.ftn90,,0,RESOLVED,False,False,False
models/SWAN/manual-notes/swan-implementation-manual.md,38,swancom1.ftn,swancom1.ftn,,0,RESOLVED,False,True,False
models/SWAN/manual-notes/swan-implementation-manual.md,38,swancom5.ftn,swancom5.ftn,,0,RESOLVED,False,False,False
models/SWAN/manual-notes/swan-implementation-manual.md,39,swanout1.ftn,swanout1.ftn,,0,RESOLVED,False,False,False
models/SWAN/manual-notes/swan-implementation-manual.md,39,swanout2.ftn,swanout2.ftn,,0,RESOLVED,False,False,False
models/SWAN/manual-notes/swan-implementation-manual.md,39,SwanVTKWriteHeader/Data/PDataSets.ftn90,PDataSets.ftn90,,0,UNRESOLVED_SOURCE_REFERENCE,False,False,False
models/SWAN/manual-notes/swan-implementation-manual.md,40,swanser.ftn,swanser.ftn,,0,RESOLVED,False,False,False
models/SWAN/manual-notes/swan-implementation-manual.md,40,SwanIntgratSpc.ftn90,SwanIntgratSpc.ftn90,,0,RESOLVED,False,False,False
models/SWAN/manual-notes/swan-implementation-manual.md,41,SwanBraggScat.ftn90,SwanBraggScat.ftn90,,0,RESOLVED,False,False,False
models/SWAN/manual-notes/swan-implementation-manual.md,42,SwanQCM.ftn90,SwanQCM.ftn90,,0,RESOLVED,False,False,False
models/SWAN/manual-notes/swan-implementation-manual.md,43,SdsBabanin.ftn90,SdsBabanin.ftn90,,0,RESOLVED,False,False,False
models/SWAN/manual-notes/swan-implementation-manual.md,44,swanparll.ftn,swanparll.ftn,,0,RESOLVED,False,False,False
models/SWAN/manual-notes/swan-implementation-manual.md,46,SwanParallel.ftn90,SwanParallel.ftn90,,0,RESOLVED,False,False,False
models/SWAN/manual-notes/swan-implementation-manual.md,47,nctablemd.ftn90,nctablemd.ftn90,,0,RESOLVED,False,False,False
models/SWAN/manual-notes/swan-implementation-manual.md,47,agioncmd.ftn90,agioncmd.ftn90,,0,RESOLVED,False,False,False
models/SWAN/manual-notes/swan-implementation-manual.md,47,swn_outnc.ftn90,swn_outnc.ftn90,,0,RESOLVED,False,False,False
models/SWAN/manual-notes/swan-implementation-manual.md,48,couple2adcirc.ftn90,couple2adcirc.ftn90,,0,UNRESOLVED_SOURCE_REFERENCE,False,False,False
models/SWAN/manual-notes/swan-implementation-manual.md,48,swan2coh.ftn90,swan2coh.ftn90,,0,UNRESOLVED_SOURCE_REFERENCE,False,False,False
models/SWAN/manual-notes/swan-implementation-manual.md,49,ocpids.ftn,ocpids.ftn,,0,RESOLVED,False,False,False
models/SWAN/manual-notes/swan-implementation-manual.md,50,ocpcre.ftn,ocpcre.ftn,,0,RESOLVED,False,False,False
models/SWAN/manual-notes/swan-implementation-manual.md,51,ocpmix.ftn,ocpmix.ftn,,0,RESOLVED,False,False,False
models/SWAN/manual-notes/swan-implementation-manual.md,52,swmod1.ftn,swmod1.ftn,,0,RESOLVED,False,False,False
models/SWAN/manual-notes/swan-implementation-manual.md,52,swmod2.ftn,swmod2.ftn,,0,RESOLVED,False,False,False
models/SWAN/manual-notes/swan-implementation-manual.md,53,m_constants.ftn90,m_constants.ftn90,,0,RESOLVED,False,False,False
models/SWAN/manual-notes/swan-implementation-manual.md,53,m_fileio.ftn90,m_fileio.ftn90,,0,RESOLVED,False,False,False
models/SWAN/manual-notes/swan-implementation-manual.md,53,serv_xnl4v5.ftn90,serv_xnl4v5.ftn90,,0,RESOLVED,False,False,False
models/SWAN/manual-notes/swan-implementation-manual.md,53,mod_xnl4v5.ftn90,mod_xnl4v5.ftn90,,0,RESOLVED,False,False,False
models/SWAN/manual-notes/swan-implementation-manual.md,54,SwanGriddata.ftn90,SwanGriddata.ftn90,,0,RESOLVED,False,False,False
models/SWAN/manual-notes/swan-implementation-manual.md,54,SwanGridobjects.ftn90,SwanGridobjects.ftn90,,0,RESOLVED,False,False,False
models/SWAN/manual-notes/swan-implementation-manual.md,54,SwanCompdata.ftn90,SwanCompdata.ftn90,,0,RESOLVED,False,True,False
models/SWAN/manual-notes/swan-implementation-manual.md,55,SwanSpectPart.ftn,SwanSpectPart.ftn,,0,RESOLVED,False,False,False
models/SWAN/manual-notes/swan-implementation-manual.md,56,fftpack51.ftn90,fftpack51.ftn90,,0,RESOLVED,False,False,False
models/SWAN/manual-notes/swan-implementation-manual.md,61,macros.inc,macros.inc,,0,UNRESOLVED_SOURCE_REFERENCE,False,False,False
models/SWAN/manual-notes/swan-implementation-manual.md,61,swanhcat.ftn,swanhcat.ftn,,0,RESOLVED,False,False,False
models/SWAN/manual-notes/swan-implementation-manual.md,61,plotunswan.m,plotunswan.m,,0,RESOLVED,False,False,False
models/SWAN/manual-notes/swan-implementation-manual.md,61,plotgrid.m,plotgrid.m,,0,RESOLVED,False,False,False
models/SWAN/manual-notes/swan-implementation-manual.md,76,macros.inc,macros.inc,,0,UNRESOLVED_SOURCE_REFERENCE,True,False,False
models/SWAN/manual-notes/swan-implementation-manual.md,101,ocpids.ftn,ocpids.ftn,,0,RESOLVED,False,False,False
models/SWAN/manual-notes/swan-implementation-manual.md,101,swanser.ftn,swanser.ftn,,0,RESOLVED,False,False,False
models/SWAN/manual-notes/swan-implementation-manual.md,105,swanparll.ftn,swanparll.ftn,,0,RESOLVED,False,False,False
models/SWAN/manual-notes/swan-implementation-manual.md,105,swancom1.ftn,swancom1.ftn,,0,RESOLVED,False,True,False
models/SWAN/manual-notes/swan-implementation-manual.md,105,swmod1.ftn,swmod1.ftn,,0,RESOLVED,False,False,False
models/SWAN/manual-notes/swan-implementation-manual.md,107,ocpmix.ftn,ocpmix.ftn,,0,RESOLVED,False,False,False
models/SWAN/manual-notes/swan-implementation-manual.md,111,swmod1.ftn,swmod1.ftn,,0,RESOLVED,False,False,False
models/SWAN/manual-notes/swan-implementation-manual.md,127,swmod1.f,swmod1.f,,0,UNRESOLVED_SOURCE_REFERENCE,False,False,False
models/SWAN/manual-notes/swan-implementation-manual.md,127,swmod2.f,swmod2.f,,0,UNRESOLVED_SOURCE_REFERENCE,False,False,False
models/SWAN/manual-notes/swan-implementation-manual.md,127,SwanSpectPart.f90,SwanSpectPart.f90,,0,UNRESOLVED_SOURCE_REFERENCE,False,False,False
models/SWAN/manual-notes/swan-implementation-manual.md,127,m_constants/m_fileio/serv_xnl4v5/mod_xnl4v5.f90,mod_xnl4v5.f90,,0,UNRESOLVED_SOURCE_REFERENCE,False,False,False
models/SWAN/manual-notes/swan-implementation-manual.md,127,SwanGriddata/Gridobjects/Compdata.f90,Compdata.f90,,0,UNRESOLVED_SOURCE_REFERENCE,False,False,False
models/SWAN/manual-notes/swan-implementation-manual.md,127,SwanParallel.f90,SwanParallel.f90,,0,UNRESOLVED_SOURCE_REFERENCE,False,False,False
models/SWAN/manual-notes/swan-implementation-manual.md,127,SdsBabanin.f90,SdsBabanin.f90,,0,UNRESOLVED_SOURCE_REFERENCE,False,False,False
models/SWAN/manual-notes/swan-implementation-manual.md,127,SwanIEM.f90,SwanIEM.f90,,0,UNRESOLVED_SOURCE_REFERENCE,False,False,False
models/SWAN/manual-notes/swan-implementation-manual.md,127,SwanBraggScat.f90,SwanBraggScat.f90,,0,UNRESOLVED_SOURCE_REFERENCE,False,False,False
models/SWAN/manual-notes/swan-implementation-manual.md,127,SwanQCM.f90,SwanQCM.f90,,0,UNRESOLVED_SOURCE_REFERENCE,False,False,False
models/SWAN/manual-notes/swan-implementation-manual.md,135,macros.inc,macros.inc,,0,UNRESOLVED_SOURCE_REFERENCE,False,False,False
models/SWAN/manual-notes/swan-implementation-manual.md,136,metis.h,metis.h,,0,UNRESOLVED_SOURCE_REFERENCE,False,False,False
models/SWAN/manual-notes/swan-implementation-manual.md,136,macros.inc,macros.inc,,0,UNRESOLVED_SOURCE_REFERENCE,False,False,False
models/SWAN/manual-notes/swan-implementation-manual.md,137,macros.inc,macros.inc,,0,UNRESOLVED_SOURCE_REFERENCE,False,False,False
models/SWAN/manual-notes/swan-implementation-manual.md,196,swanhcat.ftn,swanhcat.ftn,,0,RESOLVED,False,False,False
models/SWAN/manual-notes/swan-tech-ch2-7-qcm-theory.md,119,SwanQCM.ftn90,SwanQCM.ftn90,,0,RESOLVED,False,False,False
models/SWAN/manual-notes/swan-tech-ch2-governing-equations.md,200,swancom1.ftn,swancom1.ftn,,0,RESOLVED,False,True,False
models/SWAN/manual-notes/swan-tech-ch2-nonlinear-detailed.md,58,mod_xnl4v5.ftn90,mod_xnl4v5.ftn90,,0,RESOLVED,False,False,False
models/SWAN/manual-notes/swan-tech-ch2-nonlinear-detailed.md,215,mod_xnl4v5.ftn90,mod_xnl4v5.ftn90,,0,RESOLVED,False,False,False
models/SWAN/manual-notes/swan-tech-ch2-sources-sinks.md,117,mod_xnl4v5.ftn90,mod_xnl4v5.ftn90,,0,RESOLVED,False,False,False
models/SWAN/manual-notes/swan-tech-ch3-discretization.md,76,SwanGSECorr.ftn90,SwanGSECorr.ftn90,,0,RESOLVED,False,False,False
models/SWAN/manual-notes/swan-tech-ch3-discretization.md,141,SwanGSECorr.ftn90,SwanGSECorr.ftn90,,0,RESOLVED,False,False,False
models/SWAN/manual-notes/swan-tech-ch3-qc-curvilinear.md,21,SwanQCM.ftn90,SwanQCM.ftn90,,0,RESOLVED,False,False,False
models/SWAN/manual-notes/swan-tech-ch3-qc-curvilinear.md,108,SwanQCM.ftn90,SwanQCM.ftn90,,0,RESOLVED,False,False,False
models/SWAN/manual-notes/swan-tech-ch8-unstructured-grid-scheme.md,115,SwanCompUnstruc.ftn90,SwanCompUnstruc.ftn90,,0,RESOLVED,False,True,False
models/SWAN/manual-notes/swan-tech-ch8-unstructured-grid-scheme.md,119,SwanCompUnstruc.ftn90,SwanCompUnstruc.ftn90,,0,RESOLVED,False,True,False
models/SWAN/manual-notes/swan-tech-ch8-unstructured-ops.md,117,SwanCompUnstruc.ftn90,SwanCompUnstruc.ftn90,,0,RESOLVED,False,True,False
models/SWAN/source-analysis/swan-adcirc-coupling-implementation.md,23,swancom1/5.ftn,5.ftn,,0,AMBIGUOUS_ABBREVIATION,False,False,False
models/SWAN/source-analysis/swan-adcirc-coupling-implementation.md,23,swanmain.ftn,swanmain.ftn,,0,RESOLVED,False,True,False
models/SWAN/source-analysis/swan-adcirc-coupling-implementation.md,24,swanpre1/2.ftn,2.ftn,,0,AMBIGUOUS_ABBREVIATION,False,False,False
models/SWAN/source-analysis/swan-adcirc-coupling-implementation.md,28,[file=src/swanpre1.ftn line=1643-1649],swanpre1.ftn,1643-1649,7,RESOLVED,False,False,False
models/SWAN/source-analysis/swan-adcirc-coupling-implementation.md,29,[file=src/swanpre1.ftn line=1463-1493],swanpre1.ftn,1463-1493,31,RESOLVED,False,False,False
models/SWAN/source-analysis/swan-adcirc-coupling-implementation.md,30,swanmain.ftn,swanmain.ftn,,0,RESOLVED,False,True,False
models/SWAN/source-analysis/swan-adcirc-coupling-implementation.md,31,[file=src/swanmain.ftn line=618-623],swanmain.ftn,618-623,6,RESOLVED,False,True,False
models/SWAN/source-analysis/swan-adcirc-coupling-implementation.md,32,[file=src/swanmain.ftn line=624-627],swanmain.ftn,624-627,4,RESOLVED,False,True,False
models/SWAN/source-analysis/swan-adcirc-coupling-implementation.md,33,[file=src/SwanCompUnstruc.ftn90 line=66-83],SwanCompUnstruc.ftn90,66-83,18,RESOLVED,False,True,False
models/SWAN/source-analysis/swan-adcirc-coupling-implementation.md,37,[file=src/SwanGriddata.ftn90 line=60-85],SwanGriddata.ftn90,60-85,26,RESOLVED,False,False,False
models/SWAN/source-analysis/swan-adcirc-coupling-implementation.md,44,[file=src/SwanGridobjects.ftn90 line=152-193],SwanGridobjects.ftn90,152-193,42,RESOLVED,False,False,False
models/SWAN/source-analysis/swan-adcirc-coupling-implementation.md,48,[file=src/SwanGridVert.ftn90 line=91],SwanGridVert.ftn90,91-91,1,RESOLVED,False,False,False
models/SWAN/source-analysis/swan-adcirc-coupling-implementation.md,49,[file=src/SwanPrepComp.ftn90 line=81-85],SwanPrepComp.ftn90,81-85,5,RESOLVED,False,False,False
models/SWAN/source-analysis/swan-adcirc-coupling-implementation.md,52,[file=src/SwanGridCell.ftn90 line=144-149],SwanGridCell.ftn90,144-149,6,RESOLVED,False,False,False
models/SWAN/source-analysis/swan-adcirc-coupling-implementation.md,53,[file=src/SwanGridFace.ftn90 line=140-143],SwanGridFace.ftn90,140-143,4,RESOLVED,False,False,False
models/SWAN/source-analysis/swan-adcirc-coupling-implementation.md,54,[file=src/SwanGridCell.ftn90 line=278-350],SwanGridCell.ftn90,278-350,73,RESOLVED,False,False,False
models/SWAN/source-analysis/swan-adcirc-coupling-implementation.md,60,[file=src/SwanPropvelX.ftn90 line=1],SwanPropvelX.ftn90,1-1,1,RESOLVED,False,False,False
models/SWAN/source-analysis/swan-adcirc-coupling-implementation.md,61,[file=src/SwanPropvelX.ftn90 line=87-89],SwanPropvelX.ftn90,87-89,3,RESOLVED,False,False,False
models/SWAN/source-analysis/swan-adcirc-coupling-implementation.md,62,[file=src/SwanPropvelX.ftn90 line=94-101],SwanPropvelX.ftn90,94-101,8,RESOLVED,False,False,False
models/SWAN/source-analysis/swan-adcirc-coupling-implementation.md,63,[file=src/SwanPropvelX.ftn90 line=105-110],SwanPropvelX.ftn90,105-110,6,RESOLVED,False,False,False
models/SWAN/source-analysis/swan-adcirc-coupling-implementation.md,64,[file=src/SwanCompUnstruc.ftn90 line=918],SwanCompUnstruc.ftn90,918-918,1,RESOLVED,False,True,False
models/SWAN/source-analysis/swan-adcirc-coupling-implementation.md,68,[file=src/SwanCompUnstruc.ftn90 line=829-979],SwanCompUnstruc.ftn90,829-979,151,RESOLVED,False,True,False
models/SWAN/source-analysis/swan-adcirc-coupling-implementation.md,68,[file=src/SwanCompUnstruc.ftn90 line=983-987],SwanCompUnstruc.ftn90,983-987,5,RESOLVED,False,True,False
models/SWAN/source-analysis/swan-adcirc-coupling-implementation.md,68,[file=src/SwanCompUnstruc.ftn90 line=994-1000],SwanCompUnstruc.ftn90,994-1000,7,RESOLVED,False,True,False
models/SWAN/source-analysis/swan-adcirc-coupling-implementation.md,72,[file=src/SwanCompUnstruc.ftn90 line=1206-1228],SwanCompUnstruc.ftn90,1206-1228,23,RESOLVED,False,True,False
models/SWAN/source-analysis/swan-adcirc-coupling-implementation.md,73,[file=src/SwanCompUnstruc.ftn90 line=1237-1238],SwanCompUnstruc.ftn90,1237-1238,2,RESOLVED,False,True,False
models/SWAN/source-analysis/swan-adcirc-coupling-implementation.md,74,[file=src/SwanCompUnstruc.ftn90 line=1251-1255],SwanCompUnstruc.ftn90,1251-1255,5,RESOLVED,False,True,False
models/SWAN/source-analysis/swan-adcirc-coupling-implementation.md,75,[file=src/SwanCompUnstruc.ftn90 line=1264-1266],SwanCompUnstruc.ftn90,1264-1266,3,RESOLVED,False,True,False
models/SWAN/source-analysis/swan-adcirc-coupling-implementation.md,81,[file=src/swanpre1.ftn line=1478-1483],swanpre1.ftn,1478-1483,6,RESOLVED,False,False,False
models/SWAN/source-analysis/swan-adcirc-coupling-implementation.md,82,[file=src/swanpre1.ftn line=1492],swanpre1.ftn,1492-1492,1,RESOLVED,False,False,False
models/SWAN/source-analysis/swan-adcirc-coupling-implementation.md,82,[file=src/SwanReadGrid.ftn90 line=73-77],SwanReadGrid.ftn90,73-77,5,RESOLVED,False,False,False
models/SWAN/source-analysis/swan-adcirc-coupling-implementation.md,83,[file=src/SwanReadADCGrid.ftn90 line=1],SwanReadADCGrid.ftn90,1-1,1,RESOLVED,False,False,False
models/SWAN/source-analysis/swan-adcirc-coupling-implementation.md,86,[file=src/SwanReadADCGrid.ftn90 line=101],SwanReadADCGrid.ftn90,101-101,1,RESOLVED,False,False,False
models/SWAN/source-analysis/swan-adcirc-coupling-implementation.md,87,[file=src/SwanReadADCGrid.ftn90 line=105],SwanReadADCGrid.ftn90,105-105,1,RESOLVED,False,False,False
models/SWAN/source-analysis/swan-adcirc-coupling-implementation.md,88,[file=src/SwanReadADCGrid.ftn90 line=121-123],SwanReadADCGrid.ftn90,121-123,3,RESOLVED,False,False,False
models/SWAN/source-analysis/swan-adcirc-coupling-implementation.md,89,[file=src/SwanReadADCGrid.ftn90 line=135],SwanReadADCGrid.ftn90,135-135,1,RESOLVED,False,False,False
models/SWAN/source-analysis/swan-adcirc-coupling-implementation.md,90,[file=src/SwanReadADCGrid.ftn90 line=148-157],SwanReadADCGrid.ftn90,148-157,10,RESOLVED,False,False,False
models/SWAN/source-analysis/swan-adcirc-coupling-implementation.md,91,[file=src/SwanReadADCGrid.ftn90 line=159-175],SwanReadADCGrid.ftn90,159-175,17,RESOLVED,False,False,False
models/SWAN/source-analysis/swan-adcirc-coupling-implementation.md,97,[file=src/swanmain.ftn line=101-104],swanmain.ftn,101-104,4,RESOLVED,False,True,False
models/SWAN/source-analysis/swan-adcirc-coupling-implementation.md,98,couple2swan.F,couple2swan.F,,0,UNRESOLVED_SOURCE_REFERENCE,False,False,False
models/SWAN/source-analysis/swan-adcirc-coupling-implementation.md,100,[file=src/SwanComputeForce.ftn90 line=38],SwanComputeForce.ftn90,38-38,1,RESOLVED,False,False,False
models/SWAN/source-analysis/swan-adcirc-coupling-implementation.md,108,[file=src/swanpre2.ftn line=378-380],swanpre2.ftn,378-380,3,RESOLVED,False,False,False
models/SWAN/source-analysis/swan-adcirc-coupling-implementation.md,109,[file=src/swanpre2.ftn line=2872-2874],swanpre2.ftn,2872-2874,3,RESOLVED,False,False,False
models/SWAN/source-analysis/swan-adcirc-coupling-implementation.md,110,[file=src/swanpre2.ftn line=2921-2923],swanpre2.ftn,2921-2923,3,RESOLVED,False,False,False
models/SWAN/source-analysis/swan-adcirc-coupling-implementation.md,111,[file=src/swanpre1.ftn line=2089-2092],swanpre1.ftn,2089-2092,4,RESOLVED,False,False,False
models/SWAN/source-analysis/swan-adcirc-coupling-implementation.md,112,[file=src/swanpre1.ftn line=3449-3452],swanpre1.ftn,3449-3452,4,RESOLVED,False,False,False
models/SWAN/source-analysis/swan-adcirc-coupling-implementation.md,115,[file=src/swanpre1.ftn line=796-806],swanpre1.ftn,796-806,11,RESOLVED,False,False,False
models/SWAN/source-analysis/swan-adcirc-coupling-implementation.md,116,[file=src/SwanGSECorr.ftn90 line=1],SwanGSECorr.ftn90,1-1,1,RESOLVED,False,False,False
models/SWAN/source-analysis/swan-adcirc-coupling-implementation.md,116,[file=src/SwanGSECorr.ftn90 line=127],SwanGSECorr.ftn90,127-127,1,RESOLVED,False,False,False
models/SWAN/source-analysis/swan-adcirc-coupling-implementation.md,133,SwanCompUnstruc.ftn90,SwanCompUnstruc.ftn90,,0,RESOLVED,False,True,False
models/SWAN/source-analysis/swan-adcirc-coupling-implementation.md,133,swancom1.ftn,swancom1.ftn,,0,RESOLVED,False,True,False
models/SWAN/source-analysis/swan-adcirc-coupling-implementation.md,146,couple2swan.F,couple2swan.F,,0,UNRESOLVED_SOURCE_REFERENCE,False,False,False
models/SWAN/source-analysis/swan-adcirc-coupling-implementation.md,152,src/SwanCompUnstruc.ftn90,SwanCompUnstruc.ftn90,,0,RESOLVED,False,True,False
models/SWAN/source-analysis/swan-adcirc-coupling-implementation.md,153,src/SwanGriddata.ftn90,SwanGriddata.ftn90,,0,RESOLVED,False,False,False
models/SWAN/source-analysis/swan-adcirc-coupling-implementation.md,153,src/SwanGridobjects.ftn90,SwanGridobjects.ftn90,,0,RESOLVED,False,False,False
models/SWAN/source-analysis/swan-adcirc-coupling-implementation.md,153,src/SwanGridCell.ftn90,SwanGridCell.ftn90,,0,RESOLVED,False,False,False
models/SWAN/source-analysis/swan-adcirc-coupling-implementation.md,153,src/SwanGridVert.ftn90,SwanGridVert.ftn90,,0,RESOLVED,False,False,False
models/SWAN/source-analysis/swan-adcirc-coupling-implementation.md,153,src/SwanGridFace.ftn90,SwanGridFace.ftn90,,0,RESOLVED,False,False,False
models/SWAN/source-analysis/swan-adcirc-coupling-implementation.md,154,src/SwanPropvelX.ftn90,SwanPropvelX.ftn90,,0,RESOLVED,False,False,False
models/SWAN/source-analysis/swan-adcirc-coupling-implementation.md,154,src/SwanPropvelS.ftn90,SwanPropvelS.ftn90,,0,RESOLVED,False,False,False
models/SWAN/source-analysis/swan-adcirc-coupling-implementation.md,155,src/SwanReadGrid.ftn90,SwanReadGrid.ftn90,,0,RESOLVED,False,False,False
models/SWAN/source-analysis/swan-adcirc-coupling-implementation.md,155,src/SwanReadADCGrid.ftn90,SwanReadADCGrid.ftn90,,0,RESOLVED,False,False,False
models/SWAN/source-analysis/swan-adcirc-coupling-implementation.md,156,src/SwanGSECorr.ftn90,SwanGSECorr.ftn90,,0,RESOLVED,False,False,False
models/SWAN/source-analysis/swan-adcirc-coupling-implementation.md,157,src/SwanComputeForce.ftn90,SwanComputeForce.ftn90,,0,RESOLVED,False,False,False
models/SWAN/source-analysis/swan-adcirc-coupling-implementation.md,167,couple2swan.F,couple2swan.F,,0,UNRESOLVED_SOURCE_REFERENCE,False,False,False
models/SWAN/source-analysis/swan-adcirc-coupling.md,19,"swanpre1.ftn:1462-1492, 1344-1350, 944-1286, 791-3074",swanpre1.ftn,1462-1492;1344-1350;944-1286;791-3074,2665,RESOLVED,False,False,False
models/SWAN/source-analysis/swan-adcirc-coupling.md,20,SwanReadADCGrid.ftn90:42-176,SwanReadADCGrid.ftn90,42-176,135,RESOLVED,False,False,False
models/SWAN/source-analysis/swan-adcirc-coupling.md,20,SwanGriddata.ftn90:54-72,SwanGriddata.ftn90,54-72,19,RESOLVED,False,False,False
models/SWAN/source-analysis/swan-adcirc-coupling.md,20,SwanReadGrid.ftn90:73-78,SwanReadGrid.ftn90,73-78,6,RESOLVED,False,False,False
models/SWAN/source-analysis/swan-adcirc-coupling.md,21,"swanmain.ftn:101-104, 128, 266-695, 1105-1109, 1110-1112, 4037-6960, 5053-5161, 8798-8823",swanmain.ftn,101-104;128-128;266-695;1105-1109;1110-1112;4037-6960;5053-5161;8798-8823,3502,RESOLVED,False,True,False
models/SWAN/source-analysis/swan-adcirc-coupling.md,22,swanparll.ftn:140-319,swanparll.ftn,140-319,180,RESOLVED,False,False,False
models/SWAN/source-analysis/swan-adcirc-coupling.md,23,swanpre2.ftn:2702-3151,swanpre2.ftn,2702-3151,450,RESOLVED,False,False,False
models/SWAN/source-analysis/swan-adcirc-coupling.md,24,SwanComputeForce.ftn90:35-307,SwanComputeForce.ftn90,35-307,273,RESOLVED,False,False,False
models/SWAN/source-analysis/swan-adcirc-coupling.md,30,swanpre1.ftn:1462-1492,swanpre1.ftn,1462-1492,31,RESOLVED,False,False,False
models/SWAN/source-analysis/swan-adcirc-coupling.md,34,SwanReadADCGrid.ftn90:42-176,SwanReadADCGrid.ftn90,42-176,135,RESOLVED,False,False,False
models/SWAN/source-analysis/swan-adcirc-coupling.md,44,swanmain.ftn:101-104,swanmain.ftn,101-104,4,RESOLVED,False,True,False
models/SWAN/source-analysis/swan-adcirc-coupling.md,44,couple2swan.F,couple2swan.F,,0,UNRESOLVED_SOURCE_REFERENCE,False,False,False
models/SWAN/source-analysis/swan-adcirc-coupling.md,44,swanmain.ftn:128,swanmain.ftn,128-128,1,RESOLVED,False,True,False
models/SWAN/source-analysis/swan-adcirc-coupling.md,46,couple2adcirc.F,couple2adcirc.F,,0,UNRESOLVED_SOURCE_REFERENCE,False,False,False
models/SWAN/source-analysis/swan-adcirc-coupling.md,46,couple2swan.F,couple2swan.F,,0,UNRESOLVED_SOURCE_REFERENCE,False,False,False
models/SWAN/source-analysis/swan-adcirc-coupling.md,50,swanmain.ftn:1105-1109,swanmain.ftn,1105-1109,5,RESOLVED,False,True,False
models/SWAN/source-analysis/swan-adcirc-coupling.md,54,swanmain.ftn:569-694,swanmain.ftn,569-694,126,RESOLVED,False,True,False
models/SWAN/source-analysis/swan-adcirc-coupling.md,60,swmod1.ftn:2978-2993,swmod1.ftn,2978-2993,16,RESOLVED,False,False,False
models/SWAN/source-analysis/swan-adcirc-coupling.md,62,swanmain.ftn:101-104,swanmain.ftn,101-104,4,RESOLVED,False,True,False
models/SWAN/source-analysis/swan-adcirc-coupling.md,64,swanparll.ftn:140-319,swanparll.ftn,140-319,180,RESOLVED,False,False,False
models/SWAN/source-analysis/swan-adcirc-coupling.md,68,swanpre2.ftn:2702-2709,swanpre2.ftn,2702-2709,8,RESOLVED,False,False,False
models/SWAN/source-analysis/swan-adcirc-coupling.md,74,swanmain.ftn:4037-4058,swanmain.ftn,4037-4058,22,RESOLVED,False,True,False
models/SWAN/source-analysis/swan-adcirc-coupling.md,76,swanmain.ftn:6932-6960,swanmain.ftn,6932-6960,29,RESOLVED,False,True,False
models/SWAN/source-analysis/swan-adcirc-coupling.md,82,swanpre1.ftn:1344-1350,swanpre1.ftn,1344-1350,7,RESOLVED,False,False,False
models/SWAN/source-analysis/swan-adcirc-coupling.md,84,swmod1.ftn:1935-1947,swmod1.ftn,1935-1947,13,RESOLVED,False,False,False
models/SWAN/source-analysis/swan-adcirc-coupling.md,89,swanmain.ftn:5053-5062,swanmain.ftn,5053-5062,10,RESOLVED,False,True,False
models/SWAN/source-analysis/swan-adcirc-coupling.md,102,SwanComputeForce.ftn90:35-307,SwanComputeForce.ftn90,35-307,273,RESOLVED,False,False,False
models/SWAN/source-analysis/swan-adcirc-coupling.md,113,couple2swan.F,couple2swan.F,,0,UNRESOLVED_SOURCE_REFERENCE,False,False,False
models/SWAN/source-analysis/swan-adcirc-coupling.md,151,couple2adcirc.F,couple2adcirc.F,,0,UNRESOLVED_SOURCE_REFERENCE,False,False,False
models/SWAN/source-analysis/swan-boundary-implementation.md,24,models/swan/source_code/swan/src/swanpre1.ftn,swanpre1.ftn,,0,RESOLVED,False,False,False
models/SWAN/source-analysis/swan-boundary-implementation.md,25,swanpre2.ftn,swanpre2.ftn,,0,RESOLVED,False,False,False
models/SWAN/source-analysis/swan-boundary-implementation.md,26,swanmain.ftn,swanmain.ftn,,0,RESOLVED,False,True,False
models/SWAN/source-analysis/swan-boundary-implementation.md,27,swmod2.ftn,swmod2.ftn,,0,RESOLVED,False,False,False
models/SWAN/source-analysis/swan-boundary-implementation.md,36,swanpre1.ftn:1873-1883,swanpre1.ftn,1873-1883,11,RESOLVED,True,False,False
models/SWAN/source-analysis/swan-boundary-implementation.md,44,[file=src/swanpre2.ftn line=2779-3002],swanpre2.ftn,2779-3002,224,RESOLVED,False,False,False
models/SWAN/source-analysis/swan-boundary-implementation.md,55,[file=src/swanpre2.ftn line=2802-2819],swanpre2.ftn,2802-2819,18,RESOLVED,False,False,False
models/SWAN/source-analysis/swan-boundary-implementation.md,64,[file=src/swanpre2.ftn line=2821-2835],swanpre2.ftn,2821-2835,15,RESOLVED,False,False,False
models/SWAN/source-analysis/swan-boundary-implementation.md,73,[file=src/swanpre2.ftn line=3063-3191],swanpre2.ftn,3063-3191,129,RESOLVED,False,False,False
models/SWAN/source-analysis/swan-boundary-implementation.md,81,[file=src/swanpre2.ftn line=3329-3519],swanpre2.ftn,3329-3519,191,RESOLVED,False,False,False
models/SWAN/source-analysis/swan-boundary-implementation.md,91,[file=src/swanpre2.ftn line=3692-3702],swanpre2.ftn,3692-3702,11,RESOLVED,False,False,False
models/SWAN/source-analysis/swan-boundary-implementation.md,91,[file=src/swanpre2.ftn line=3836-3847],swanpre2.ftn,3836-3847,12,RESOLVED,False,False,False
models/SWAN/source-analysis/swan-boundary-implementation.md,103,[file=src/swanpre2.ftn line=3878-4366],swanpre2.ftn,3878-4366,489,RESOLVED,False,False,False
models/SWAN/source-analysis/swan-boundary-implementation.md,104,[file=src/swanmain.ftn line=7796-7963],swanmain.ftn,7796-7963,168,RESOLVED,False,True,False
models/SWAN/source-analysis/swan-boundary-implementation.md,108,[file=src/swanpre2.ftn line=4369-4952],swanpre2.ftn,4369-4952,584,RESOLVED,False,False,False
models/SWAN/source-analysis/swan-boundary-implementation.md,108,[file=src/swanpre2.ftn line=4709-4756],swanpre2.ftn,4709-4756,48,RESOLVED,False,False,False
models/SWAN/source-analysis/swan-boundary-implementation.md,109,[file=src/swanmain.ftn line=7823-7847],swanmain.ftn,7823-7847,25,RESOLVED,False,True,False
models/SWAN/source-analysis/swan-boundary-implementation.md,109,[file=src/swanmain.ftn line=7961-7963],swanmain.ftn,7961-7963,3,RESOLVED,False,True,False
models/SWAN/source-analysis/swan-boundary-implementation.md,113,[file=src/swanpre2.ftn line=4956-5468],swanpre2.ftn,4956-5468,513,RESOLVED,False,False,False
models/SWAN/source-analysis/swan-boundary-implementation.md,113,[file=src/swanpre2.ftn line=5327-5392],swanpre2.ftn,5327-5392,66,RESOLVED,False,False,False
models/SWAN/source-analysis/swan-boundary-implementation.md,114,[file=src/swanmain.ftn line=7848-7873],swanmain.ftn,7848-7873,26,RESOLVED,False,True,False
models/SWAN/source-analysis/swan-boundary-implementation.md,114,[file=src/swanmain.ftn line=7883-7891],swanmain.ftn,7883-7891,9,RESOLVED,False,True,False
models/SWAN/source-analysis/swan-boundary-implementation.md,114,[file=src/swanmain.ftn line=8403-8418],swanmain.ftn,8403-8418,16,RESOLVED,False,True,False
models/SWAN/source-analysis/swan-boundary-implementation.md,119,[file=src/swanmain.ftn line=8450-8453],swanmain.ftn,8450-8453,4,RESOLVED,False,True,False
models/SWAN/source-analysis/swan-boundary-implementation.md,120,[file=src/swanmain.ftn line=8481-8483],swanmain.ftn,8481-8483,3,RESOLVED,False,True,False
models/SWAN/source-analysis/swan-boundary-implementation.md,124,[file=src/swanpre2.ftn line=4125-4129],swanpre2.ftn,4125-4129,5,RESOLVED,False,False,False
models/SWAN/source-analysis/swan-boundary-implementation.md,130,[file=src/swanmain.ftn line=6908-6919],swanmain.ftn,6908-6919,12,RESOLVED,False,True,False
models/SWAN/source-analysis/swan-boundary-implementation.md,134,[file=src/swanmain.ftn line=6937-6946],swanmain.ftn,6937-6946,10,RESOLVED,False,True,False
models/SWAN/source-analysis/swan-boundary-implementation.md,142,[file=src/swanmain.ftn line=7724-7750],swanmain.ftn,7724-7750,27,RESOLVED,False,True,False
models/SWAN/source-analysis/swan-boundary-implementation.md,142,[file=src/swanmain.ftn line=8033-8057],swanmain.ftn,8033-8057,25,RESOLVED,False,True,False
models/SWAN/source-analysis/swan-boundary-implementation.md,150,[file=src/swmod2.ftn line=672-677],swmod2.ftn,672-677,6,RESOLVED,False,False,False
models/SWAN/source-analysis/swan-boundary-implementation.md,164,[file=src/swmod2.ftn line=682-687],swmod2.ftn,682-687,6,RESOLVED,False,False,False
models/SWAN/source-analysis/swan-boundary-implementation.md,175,[file=src/swmod2.ftn line=692-695],swmod2.ftn,692-695,4,RESOLVED,False,False,False
models/SWAN/source-analysis/swan-boundary-implementation.md,184,[file=src/swanmain.ftn line=433-435],swanmain.ftn,433-435,3,RESOLVED,False,True,False
models/SWAN/source-analysis/swan-boundary-implementation.md,184,[file=src/swanmain.ftn line=3673-3674],swanmain.ftn,3673-3674,2,RESOLVED,False,True,False
models/SWAN/source-analysis/swan-boundary-implementation.md,190,[file=src/swanpre2.ftn line=5629],swanpre2.ftn,5629-5629,1,RESOLVED,False,False,False
models/SWAN/source-analysis/swan-boundary-implementation.md,190,[file=src/swanpre2.ftn line=5717-5720],swanpre2.ftn,5717-5720,4,RESOLVED,False,False,False
models/SWAN/source-analysis/swan-boundary-implementation.md,190,[file=src/swanpre2.ftn line=5794-5797],swanpre2.ftn,5794-5797,4,RESOLVED,False,False,False
models/SWAN/source-analysis/swan-boundary-implementation.md,194,[file=src/swanpre2.ftn line=2805],swanpre2.ftn,2805-2805,1,RESOLVED,False,False,False
models/SWAN/source-analysis/swan-boundary-implementation.md,194,[file=src/swanpre2.ftn line=2817],swanpre2.ftn,2817-2817,1,RESOLVED,False,False,False
models/SWAN/source-analysis/swan-boundary-implementation.md,195,[file=src/swanpre2.ftn line=2821-2825],swanpre2.ftn,2821-2825,5,RESOLVED,False,False,False
models/SWAN/source-analysis/swan-boundary-implementation.md,196,[file=src/swanpre2.ftn line=2828-2835],swanpre2.ftn,2828-2835,8,RESOLVED,False,False,False
models/SWAN/source-analysis/swan-boundary-implementation.md,196,[file=src/swanpre2.ftn line=3626-3635],swanpre2.ftn,3626-3635,10,RESOLVED,False,False,False
models/SWAN/source-analysis/swan-boundary-implementation.md,202,swanpre2.ftn:2821-2825,swanpre2.ftn,2821-2825,5,RESOLVED,False,False,False
models/SWAN/source-analysis/swan-boundary-implementation.md,203,swanmain.ftn:8481-8483,swanmain.ftn,8481-8483,3,RESOLVED,False,True,False
models/SWAN/source-analysis/swan-boundary-implementation.md,204,swanpre2.ftn:2779-3002,swanpre2.ftn,2779-3002,224,RESOLVED,False,False,False
models/SWAN/source-analysis/swan-boundary-implementation.md,205,swanpre2.ftn:3063,swanpre2.ftn,3063-3063,1,RESOLVED,False,False,False
models/SWAN/source-analysis/swan-boundary-implementation.md,206,swanmain.ftn:8033-8057,swanmain.ftn,8033-8057,25,RESOLVED,False,True,False
models/SWAN/source-analysis/swan-boundary-implementation.md,233,src/swanpre1.ftn,swanpre1.ftn,,0,RESOLVED,False,False,False
models/SWAN/source-analysis/swan-boundary-implementation.md,234,src/swanpre2.ftn,swanpre2.ftn,,0,RESOLVED,False,False,False
models/SWAN/source-analysis/swan-boundary-implementation.md,235,src/swanmain.ftn,swanmain.ftn,,0,RESOLVED,False,True,False
models/SWAN/source-analysis/swan-boundary-implementation.md,236,src/swmod2.ftn,swmod2.ftn,,0,RESOLVED,False,False,False
models/SWAN/source-analysis/swan-bragg-scattering.md,2,SwanBraggScat.ftn90,SwanBraggScat.ftn90,,0,RESOLVED,True,False,False
models/SWAN/source-analysis/swan-bragg-scattering.md,6,models/SWAN/raw/source_code/swan/src/SwanBraggScat.ftn90,SwanBraggScat.ftn90,,0,RESOLVED,True,False,False
models/SWAN/source-analysis/swan-bragg-scattering.md,19,SwanBraggScat.ftn90,SwanBraggScat.ftn90,,0,RESOLVED,False,False,False
models/SWAN/source-analysis/swan-bragg-scattering.md,23,models/SWAN/raw/source_code/swan/src/SwanBraggScat.ftn90,SwanBraggScat.ftn90,,0,RESOLVED,False,False,False
models/SWAN/source-analysis/swan-command-file-reference.md,17,swanpre1.ftn,swanpre1.ftn,,0,RESOLVED,False,False,False
models/SWAN/source-analysis/swan-command-file-reference.md,17,swanpre2.ftn,swanpre2.ftn,,0,RESOLVED,False,False,False
models/SWAN/source-analysis/swan-command-file-reference.md,77,[file=src/swanpre1.ftn line=523],swanpre1.ftn,523-523,1,RESOLVED,False,False,False
models/SWAN/source-analysis/swan-command-file-reference.md,78,[file=src/swanpre1.ftn line=2169],swanpre1.ftn,2169-2169,1,RESOLVED,False,False,False
models/SWAN/source-analysis/swan-command-file-reference.md,79,[file=src/swanpre1.ftn line=738],swanpre1.ftn,738-738,1,RESOLVED,False,False,False
models/SWAN/source-analysis/swan-command-file-reference.md,80,[file=src/swanpre1.ftn line=821],swanpre1.ftn,821-821,1,RESOLVED,False,False,False
models/SWAN/source-analysis/swan-command-file-reference.md,86,[file=src/swanpre1.ftn line=1608],swanpre1.ftn,1608-1608,1,RESOLVED,False,False,False
models/SWAN/source-analysis/swan-command-file-reference.md,87,[file=src/swanpre1.ftn line=1354],swanpre1.ftn,1354-1354,1,RESOLVED,False,False,False
models/SWAN/source-analysis/swan-command-file-reference.md,88,[file=src/swanpre1.ftn line=1453],swanpre1.ftn,1453-1453,1,RESOLVED,False,False,False
models/SWAN/source-analysis/swan-command-file-reference.md,94,[file=src/swanpre1.ftn line=1873],swanpre1.ftn,1873-1873,1,RESOLVED,False,False,False
models/SWAN/source-analysis/swan-command-file-reference.md,94,[file=src/swanpre2.ftn line=2695],swanpre2.ftn,2695-2695,1,RESOLVED,False,False,False
models/SWAN/source-analysis/swan-command-file-reference.md,95,[file=src/swanpre1.ftn line=1309],swanpre1.ftn,1309-1309,1,RESOLVED,False,False,False
models/SWAN/source-analysis/swan-command-file-reference.md,101,[file=src/swanpre1.ftn line=2773],swanpre1.ftn,2773-2773,1,RESOLVED,False,False,False
models/SWAN/source-analysis/swan-command-file-reference.md,102,[file=src/swanpre1.ftn line=2808],swanpre1.ftn,2808-2808,1,RESOLVED,False,False,False
models/SWAN/source-analysis/swan-command-file-reference.md,103,[file=src/swanpre1.ftn line=2843],swanpre1.ftn,2843-2843,1,RESOLVED,False,False,False
models/SWAN/source-analysis/swan-command-file-reference.md,104,[file=src/swanpre1.ftn line=2904],swanpre1.ftn,2904-2904,1,RESOLVED,False,False,False
models/SWAN/source-analysis/swan-command-file-reference.md,105,[file=src/swanpre1.ftn line=2459],swanpre1.ftn,2459-2459,1,RESOLVED,False,False,False
models/SWAN/source-analysis/swan-command-file-reference.md,106,[file=src/swanpre1.ftn line=3286],swanpre1.ftn,3286-3286,1,RESOLVED,False,False,False
models/SWAN/source-analysis/swan-command-file-reference.md,107,[file=src/swanpre1.ftn line=2376],swanpre1.ftn,2376-2376,1,RESOLVED,False,False,False
models/SWAN/source-analysis/swan-command-file-reference.md,108,[file=src/swanpre1.ftn line=2544],swanpre1.ftn,2544-2544,1,RESOLVED,False,False,False
models/SWAN/source-analysis/swan-command-file-reference.md,109,[file=src/swanpre1.ftn line=3337],swanpre1.ftn,3337-3337,1,RESOLVED,False,False,False
models/SWAN/source-analysis/swan-command-file-reference.md,110,[file=src/swanpre1.ftn line=2114],swanpre1.ftn,2114-2114,1,RESOLVED,False,False,False
models/SWAN/source-analysis/swan-command-file-reference.md,116,[file=src/swanpre1.ftn line=791],swanpre1.ftn,791-791,1,RESOLVED,False,False,False
models/SWAN/source-analysis/swan-command-file-reference.md,117,[file=src/swanpre1.ftn line=1939],swanpre1.ftn,1939-1939,1,RESOLVED,False,False,False
models/SWAN/source-analysis/swan-command-file-reference.md,118,[file=src/swanpre1.ftn line=875],swanpre1.ftn,875-875,1,RESOLVED,False,False,False
models/SWAN/source-analysis/swan-command-file-reference.md,126,[file=src/swanpre2.ftn line=536],swanpre2.ftn,536-536,1,RESOLVED,False,False,False
models/SWAN/source-analysis/swan-command-file-reference.md,127,[file=src/swanpre2.ftn line=323],swanpre2.ftn,323-323,1,RESOLVED,False,False,False
models/SWAN/source-analysis/swan-command-file-reference.md,128,[file=src/swanpre2.ftn line=372],swanpre2.ftn,372-372,1,RESOLVED,False,False,False
models/SWAN/source-analysis/swan-command-file-reference.md,129,[file=src/swanpre2.ftn line=609],swanpre2.ftn,609-609,1,RESOLVED,False,False,False
models/SWAN/source-analysis/swan-command-file-reference.md,130,[file=src/swanpre2.ftn line=694],swanpre2.ftn,694-694,1,RESOLVED,False,False,False
models/SWAN/source-analysis/swan-command-file-reference.md,131,[file=src/swanpre2.ftn line=462],swanpre2.ftn,462-462,1,RESOLVED,False,False,False
models/SWAN/source-analysis/swan-command-file-reference.md,132,[file=src/swanpre2.ftn line=794],swanpre2.ftn,794-794,1,RESOLVED,False,False,False
models/SWAN/source-analysis/swan-command-file-reference.md,140,[file=src/swanpre2.ftn line=1171],swanpre2.ftn,1171-1171,1,RESOLVED,False,False,False
models/SWAN/source-analysis/swan-command-file-reference.md,141,[file=src/swanpre2.ftn line=1577],swanpre2.ftn,1577-1577,1,RESOLVED,False,False,False
models/SWAN/source-analysis/swan-command-file-reference.md,142,[file=src/swanpre2.ftn line=1873],swanpre2.ftn,1873-1873,1,RESOLVED,False,False,False
models/SWAN/source-analysis/swan-command-file-reference.md,143,[file=src/swanpre2.ftn line=1984],swanpre2.ftn,1984-1984,1,RESOLVED,False,False,False
models/SWAN/source-analysis/swan-command-file-reference.md,149,[file=src/swanpre1.ftn line=497],swanpre1.ftn,497-497,1,RESOLVED,False,False,False
models/SWAN/source-analysis/swan-command-file-reference.md,230,src/swanpre1.ftn,swanpre1.ftn,,0,RESOLVED,False,False,False
models/SWAN/source-analysis/swan-command-file-reference.md,231,src/swanpre2.ftn,swanpre2.ftn,,0,RESOLVED,False,False,False
models/SWAN/source-analysis/swan-data-structures-implementation.md,22,src/swmod1.ftn,swmod1.ftn,,0,RESOLVED,False,False,False
models/SWAN/source-analysis/swan-data-structures-implementation.md,22,src/swmod2.ftn,swmod2.ftn,,0,RESOLVED,False,False,False
models/SWAN/source-analysis/swan-data-structures-implementation.md,23,src/swanmain.ftn,swanmain.ftn,,0,RESOLVED,False,True,False
models/SWAN/source-analysis/swan-data-structures-implementation.md,24,src/swancom1.ftn,swancom1.ftn,,0,RESOLVED,False,True,False
models/SWAN/source-analysis/swan-data-structures-implementation.md,25,src/SwanGriddata.ftn90,SwanGriddata.ftn90,,0,RESOLVED,False,False,False
models/SWAN/source-analysis/swan-data-structures-implementation.md,31,[file=src/swmod2.ftn line=1027],swmod2.ftn,1027-1027,1,RESOLVED,False,False,False
models/SWAN/source-analysis/swan-data-structures-implementation.md,31,[file=src/swanpre1.ftn line=4980],swanpre1.ftn,4980-4980,1,RESOLVED,False,False,False
models/SWAN/source-analysis/swan-data-structures-implementation.md,31,[file=src/swanpre1.ftn line=4989],swanpre1.ftn,4989-4989,1,RESOLVED,False,False,False
models/SWAN/source-analysis/swan-data-structures-implementation.md,32,[file=src/swanmain.ftn line=296],swanmain.ftn,296-296,1,RESOLVED,False,True,False
models/SWAN/source-analysis/swan-data-structures-implementation.md,32,[file=src/swanmain.ftn line=502],swanmain.ftn,502-502,1,RESOLVED,False,True,False
models/SWAN/source-analysis/swan-data-structures-implementation.md,32,[file=src/swanmain.ftn line=500],swanmain.ftn,500-500,1,RESOLVED,False,True,False
models/SWAN/source-analysis/swan-data-structures-implementation.md,34,[file=src/swanmain.ftn line=266],swanmain.ftn,266-266,1,RESOLVED,False,True,False
models/SWAN/source-analysis/swan-data-structures-implementation.md,34,[file=src/swanmain.ftn line=6826-6827],swanmain.ftn,6826-6827,2,RESOLVED,False,True,False
models/SWAN/source-analysis/swan-data-structures-implementation.md,36,[file=src/swanmain.ftn line=6892-6900],swanmain.ftn,6892-6900,9,RESOLVED,False,True,False
models/SWAN/source-analysis/swan-data-structures-implementation.md,46,[file=src/swmod2.ftn line=1029],swmod2.ftn,1029-1029,1,RESOLVED,False,False,False
models/SWAN/source-analysis/swan-data-structures-implementation.md,47,[file=src/swanmain.ftn line=3642],swanmain.ftn,3642-3642,1,RESOLVED,False,True,False
models/SWAN/source-analysis/swan-data-structures-implementation.md,47,[file=src/swanmain.ftn line=6830-6831],swanmain.ftn,6830-6831,2,RESOLVED,False,True,False
models/SWAN/source-analysis/swan-data-structures-implementation.md,47,swanmain.ftn,swanmain.ftn,,0,RESOLVED,False,True,False
models/SWAN/source-analysis/swan-data-structures-implementation.md,48,[file=src/swanpre1.ftn line=4685-4691],swanpre1.ftn,4685-4691,7,RESOLVED,False,False,False
models/SWAN/source-analysis/swan-data-structures-implementation.md,49,[file=src/swanpre1.ftn line=1773],swanpre1.ftn,1773-1773,1,RESOLVED,False,False,False
models/SWAN/source-analysis/swan-data-structures-implementation.md,49,[file=src/swanpre1.ftn line=1789],swanpre1.ftn,1789-1789,1,RESOLVED,False,False,False
models/SWAN/source-analysis/swan-data-structures-implementation.md,50,[file=src/swanpre1.ftn line=4706],swanpre1.ftn,4706-4706,1,RESOLVED,False,False,False
models/SWAN/source-analysis/swan-data-structures-implementation.md,50,[file=src/swanmain.ftn line=6816-6821],swanmain.ftn,6816-6821,6,RESOLVED,False,True,False
models/SWAN/source-analysis/swan-data-structures-implementation.md,51,[file=src/swmod1.ftn line=2030-2037],swmod1.ftn,2030-2037,8,RESOLVED,False,False,False
models/SWAN/source-analysis/swan-data-structures-implementation.md,57,[file=src/swmod2.ftn line=1025],swmod2.ftn,1025-1025,1,RESOLVED,False,False,False
models/SWAN/source-analysis/swan-data-structures-implementation.md,57,[file=src/swmod2.ftn line=1028],swmod2.ftn,1028-1028,1,RESOLVED,False,False,False
models/SWAN/source-analysis/swan-data-structures-implementation.md,58,[file=src/swanpre1.ftn line=5166-5169],swanpre1.ftn,5166-5169,4,RESOLVED,False,False,False
models/SWAN/source-analysis/swan-data-structures-implementation.md,59,[file=src/swmod1.ftn line=2046],swmod1.ftn,2046-2046,1,RESOLVED,False,False,False
models/SWAN/source-analysis/swan-data-structures-implementation.md,60,[file=src/SwanGriddata.ftn90 line=65],SwanGriddata.ftn90,65-65,1,RESOLVED,False,False,False
models/SWAN/source-analysis/swan-data-structures-implementation.md,60,[file=src/SwanGriddata.ftn90 line=71-72],SwanGriddata.ftn90,71-72,2,RESOLVED,False,False,False
models/SWAN/source-analysis/swan-data-structures-implementation.md,60,[file=src/swanmain.ftn line=146],swanmain.ftn,146-146,1,RESOLVED,False,True,False
models/SWAN/source-analysis/swan-data-structures-implementation.md,60,[file=src/swanmain.ftn line=5053],swanmain.ftn,5053-5053,1,RESOLVED,False,True,False
models/SWAN/source-analysis/swan-data-structures-implementation.md,60,[file=src/swanmain.ftn line=9101],swanmain.ftn,9101-9101,1,RESOLVED,False,True,False
models/SWAN/source-analysis/swan-data-structures-implementation.md,61,[file=src/SwanGriddata.ftn90 line=62-64],SwanGriddata.ftn90,62-64,3,RESOLVED,False,False,False
models/SWAN/source-analysis/swan-data-structures-implementation.md,63,[file=src/swanmain.ftn line=7103-7105],swanmain.ftn,7103-7105,3,RESOLVED,False,True,False
models/SWAN/source-analysis/swan-data-structures-implementation.md,67,[file=src/swanmain.ftn line=296],swanmain.ftn,296-296,1,RESOLVED,False,True,False
models/SWAN/source-analysis/swan-data-structures-implementation.md,67,[file=src/swanmain.ftn line=463],swanmain.ftn,463-463,1,RESOLVED,False,True,False
models/SWAN/source-analysis/swan-data-structures-implementation.md,69,[file=src/swanmain.ftn line=1498-1527],swanmain.ftn,1498-1527,30,RESOLVED,False,True,False
models/SWAN/source-analysis/swan-data-structures-implementation.md,73,[file=src/swanmain.ftn line=1505],swanmain.ftn,1505-1505,1,RESOLVED,False,True,False
models/SWAN/source-analysis/swan-data-structures-implementation.md,74,[file=src/swanmain.ftn line=1508],swanmain.ftn,1508-1508,1,RESOLVED,False,True,False
models/SWAN/source-analysis/swan-data-structures-implementation.md,75,[file=src/swanmain.ftn line=1509],swanmain.ftn,1509-1509,1,RESOLVED,False,True,False
models/SWAN/source-analysis/swan-data-structures-implementation.md,76,[file=src/swanmain.ftn line=1513],swanmain.ftn,1513-1513,1,RESOLVED,False,True,False
models/SWAN/source-analysis/swan-data-structures-implementation.md,77,[file=src/swanmain.ftn line=1514],swanmain.ftn,1514-1514,1,RESOLVED,False,True,False
models/SWAN/source-analysis/swan-data-structures-implementation.md,78,[file=src/swanmain.ftn line=1529],swanmain.ftn,1529-1529,1,RESOLVED,False,True,False
models/SWAN/source-analysis/swan-data-structures-implementation.md,78,[file=src/swancom1.ftn line=7266],swancom1.ftn,7266-7266,1,RESOLVED,False,True,False
models/SWAN/source-analysis/swan-data-structures-implementation.md,78,[file=src/swancom1.ftn line=3581],swancom1.ftn,3581-3581,1,RESOLVED,False,True,False
models/SWAN/source-analysis/swan-data-structures-implementation.md,80,[file=src/swanmain.ftn line=4746],swanmain.ftn,4746-4746,1,RESOLVED,False,True,False
models/SWAN/source-analysis/swan-data-structures-implementation.md,86,[file=src/swanmain.ftn line=295],swanmain.ftn,295-295,1,RESOLVED,False,True,False
models/SWAN/source-analysis/swan-data-structures-implementation.md,86,[file=src/swanmain.ftn line=433],swanmain.ftn,433-433,1,RESOLVED,False,True,False
models/SWAN/source-analysis/swan-data-structures-implementation.md,87,[file=src/swanmain.ftn line=6945],swanmain.ftn,6945-6945,1,RESOLVED,False,True,False
models/SWAN/source-analysis/swan-data-structures-implementation.md,93,[file=src/swanmain.ftn line=294],swanmain.ftn,294-294,1,RESOLVED,False,True,False
models/SWAN/source-analysis/swan-data-structures-implementation.md,93,[file=src/swanmain.ftn line=435],swanmain.ftn,435-435,1,RESOLVED,False,True,False
models/SWAN/source-analysis/swan-data-structures-implementation.md,94,[file=src/swanmain.ftn line=4025-4030],swanmain.ftn,4025-4030,6,RESOLVED,False,True,False
models/SWAN/source-analysis/swan-data-structures-implementation.md,96,[file=src/swanmain.ftn line=6938-6946],swanmain.ftn,6938-6946,9,RESOLVED,False,True,False
models/SWAN/source-analysis/swan-data-structures-implementation.md,101,[file=src/swancom1.ftn line=871],swancom1.ftn,871-871,1,RESOLVED,False,True,False
models/SWAN/source-analysis/swan-data-structures-implementation.md,101,[file=src/swancom1.ftn line=1030],swancom1.ftn,1030-1030,1,RESOLVED,False,True,False
models/SWAN/source-analysis/swan-data-structures-implementation.md,101,[file=src/swancom1.ftn line=1042],swancom1.ftn,1042-1042,1,RESOLVED,False,True,False
models/SWAN/source-analysis/swan-data-structures-implementation.md,101,[file=src/swancom1.ftn line=1046],swancom1.ftn,1046-1046,1,RESOLVED,False,True,False
models/SWAN/source-analysis/swan-data-structures-implementation.md,102,[file=src/swancom1.ftn line=876],swancom1.ftn,876-876,1,RESOLVED,False,True,False
models/SWAN/source-analysis/swan-data-structures-implementation.md,102,[file=src/swancom1.ftn line=1100-1104],swancom1.ftn,1100-1104,5,RESOLVED,False,True,False
models/SWAN/source-analysis/swan-data-structures-implementation.md,102,[file=src/swancom1.ftn line=1115-1116],swancom1.ftn,1115-1116,2,RESOLVED,False,True,False
models/SWAN/source-analysis/swan-data-structures-implementation.md,103,[file=src/swancom1.ftn line=1152],swancom1.ftn,1152-1152,1,RESOLVED,False,True,False
models/SWAN/source-analysis/swan-data-structures-implementation.md,103,[file=src/swancom1.ftn line=1157],swancom1.ftn,1157-1157,1,RESOLVED,False,True,False
models/SWAN/source-analysis/swan-data-structures-implementation.md,104,[file=src/swancom1.ftn line=1545],swancom1.ftn,1545-1545,1,RESOLVED,False,True,False
models/SWAN/source-analysis/swan-data-structures-implementation.md,104,[file=src/swancom1.ftn line=1586],swancom1.ftn,1586-1586,1,RESOLVED,False,True,False
models/SWAN/source-analysis/swan-data-structures-implementation.md,105,[file=src/swancom1.ftn line=2466],swancom1.ftn,2466-2466,1,RESOLVED,False,True,False
models/SWAN/source-analysis/swan-data-structures-implementation.md,105,[file=src/swancom1.ftn line=2471],swancom1.ftn,2471-2471,1,RESOLVED,False,True,False
models/SWAN/source-analysis/swan-data-structures-implementation.md,109,[file=src/swancom1.ftn line=5349-5351],swancom1.ftn,5349-5351,3,RESOLVED,False,True,False
models/SWAN/source-analysis/swan-data-structures-implementation.md,111,[file=src/swancom1.ftn line=9441-9446],swancom1.ftn,9441-9446,6,RESOLVED,False,True,False
models/SWAN/source-analysis/swan-data-structures-implementation.md,113,[file=src/swancom1.ftn line=1170],swancom1.ftn,1170-1170,1,RESOLVED,False,True,False
models/SWAN/source-analysis/swan-data-structures-implementation.md,113,[file=src/swancom1.ftn line=1175],swancom1.ftn,1175-1175,1,RESOLVED,False,True,False
models/SWAN/source-analysis/swan-data-structures-implementation.md,113,[file=src/swancom1.ftn line=2947-2951],swancom1.ftn,2947-2951,5,RESOLVED,False,True,False
models/SWAN/source-analysis/swan-data-structures-implementation.md,113,[file=src/swancom1.ftn line=2983],swancom1.ftn,2983-2983,1,RESOLVED,False,True,False
models/SWAN/source-analysis/swan-data-structures-implementation.md,125,swanmain.ftn:1498-1527,swanmain.ftn,1498-1527,30,RESOLVED,False,True,False
models/SWAN/source-analysis/swan-data-structures-implementation.md,132,src/swmod1.ftn,swmod1.ftn,,0,RESOLVED,False,False,False
models/SWAN/source-analysis/swan-data-structures-implementation.md,132,src/swmod2.ftn,swmod2.ftn,,0,RESOLVED,False,False,False
models/SWAN/source-analysis/swan-data-structures-implementation.md,133,src/swanmain.ftn,swanmain.ftn,,0,RESOLVED,False,True,False
models/SWAN/source-analysis/swan-data-structures-implementation.md,134,src/swancom1.ftn,swancom1.ftn,,0,RESOLVED,False,True,False
models/SWAN/source-analysis/swan-data-structures-implementation.md,135,src/SwanGriddata.ftn90,SwanGriddata.ftn90,,0,RESOLVED,False,False,False
models/SWAN/source-analysis/swan-diffraction-obstacles.md,19,"swanpre1.ftn:944-1286, 2106-2114",swanpre1.ftn,944-1286;2106-2114,352,RESOLVED,False,False,False
models/SWAN/source-analysis/swan-diffraction-obstacles.md,20,SwanDiffPar.ftn90:44-204,SwanDiffPar.ftn90,44-204,161,RESOLVED,False,False,False
models/SWAN/source-analysis/swan-diffraction-obstacles.md,21,"swancom5.ftn:1077-1608, 2148-2188, 5527-5717, 5881",swancom5.ftn,1077-1608;2148-2188;5527-5717;5881-5881,765,RESOLVED,False,False,False
models/SWAN/source-analysis/swan-diffraction-obstacles.md,22,swanser.ftn:2420-3699,swanser.ftn,2420-3699,1280,RESOLVED,False,False,False
models/SWAN/source-analysis/swan-diffraction-obstacles.md,23,SwanPrepComp.ftn90:87,SwanPrepComp.ftn90,87-87,1,RESOLVED,False,False,False
models/SWAN/source-analysis/swan-diffraction-obstacles.md,23,SwanFindObstacles.ftn90:103-127,SwanFindObstacles.ftn90,103-127,25,RESOLVED,False,False,False
models/SWAN/source-analysis/swan-diffraction-obstacles.md,23,SwanCompUnstruc.ftn90:780-1080,SwanCompUnstruc.ftn90,780-1080,301,RESOLVED,False,True,False
models/SWAN/source-analysis/swan-diffraction-obstacles.md,23,SwanPropvelX.ftn90:92,SwanPropvelX.ftn90,92-92,1,RESOLVED,False,False,False
models/SWAN/source-analysis/swan-diffraction-obstacles.md,23,SwanPropvelS.ftn90:269,SwanPropvelS.ftn90,269-269,1,RESOLVED,False,False,False
models/SWAN/source-analysis/swan-diffraction-obstacles.md,24,swanmain.ftn:6394-6455,swanmain.ftn,6394-6455,62,RESOLVED,False,True,False
models/SWAN/source-analysis/swan-diffraction-obstacles.md,28,swanpre1.ftn:2106,swanpre1.ftn,2106-2106,1,RESOLVED,False,False,False
models/SWAN/source-analysis/swan-diffraction-obstacles.md,36,"swanmain.ftn:6394, 6454",swanmain.ftn,6394-6394;6454-6454,2,RESOLVED,False,True,False
models/SWAN/source-analysis/swan-diffraction-obstacles.md,38,SwanDiffPar.ftn90:44-60,SwanDiffPar.ftn90,44-60,17,RESOLVED,False,False,False
models/SWAN/source-analysis/swan-diffraction-obstacles.md,44,"swancom5.ftn:5532, 5881",swancom5.ftn,5532-5532;5881-5881,2,RESOLVED,False,False,False
models/SWAN/source-analysis/swan-diffraction-obstacles.md,54,swancom5.ftn:5527,swancom5.ftn,5527-5527,1,RESOLVED,False,False,False
models/SWAN/source-analysis/swan-diffraction-obstacles.md,65,swanpre1.ftn:944-958,swanpre1.ftn,944-958,15,RESOLVED,False,False,False
models/SWAN/source-analysis/swan-diffraction-obstacles.md,75,swanpre1.ftn:1161-1173,swanpre1.ftn,1161-1173,13,RESOLVED,False,False,False
models/SWAN/source-analysis/swan-diffraction-obstacles.md,79,swanser.ftn:3655,swanser.ftn,3655-3655,1,RESOLVED,False,False,False
models/SWAN/source-analysis/swan-diffraction-obstacles.md,86,swanpre1.ftn:1251-1286,swanpre1.ftn,1251-1286,36,RESOLVED,False,False,False
models/SWAN/source-analysis/swan-diffraction-obstacles.md,92,swanser.ftn:2420-2512,swanser.ftn,2420-2512,93,RESOLVED,False,False,False
models/SWAN/source-analysis/swan-diffraction-obstacles.md,96,swanser.ftn:3611-3619,swanser.ftn,3611-3619,9,RESOLVED,False,False,False
models/SWAN/source-analysis/swan-diffraction-obstacles.md,103,SwanPrepComp.ftn90:87,SwanPrepComp.ftn90,87-87,1,RESOLVED,False,False,False
models/SWAN/source-analysis/swan-diffraction-obstacles.md,104,SwanFindObstacles.ftn90:103-127,SwanFindObstacles.ftn90,103-127,25,RESOLVED,False,False,False
models/SWAN/source-analysis/swan-diffraction-obstacles.md,107,SwanCompUnstruc.ftn90:1039-1080,SwanCompUnstruc.ftn90,1039-1080,42,RESOLVED,False,True,False
models/SWAN/source-analysis/swan-diffraction-obstacles.md,116,swancom5.ftn:1077-1082,swancom5.ftn,1077-1082,6,RESOLVED,False,False,False
models/SWAN/source-analysis/swan-diffraction-obstacles.md,123,SwanCompUnstruc.ftn90:780-1080,SwanCompUnstruc.ftn90,780-1080,301,RESOLVED,False,True,False
models/SWAN/source-analysis/swan-diffraction-obstacles.md,127,"swanmain.ftn:6395, 6455",swanmain.ftn,6395-6395;6455-6455,2,RESOLVED,False,True,False
models/SWAN/source-analysis/swan-diffraction-obstacles.md,129,swmod2.ftn:1325,swmod2.ftn,1325-1325,1,RESOLVED,False,False,False
models/SWAN/source-analysis/swan-diffraction-obstacles.md,129,SwanDiffPar.ftn90:174-204,SwanDiffPar.ftn90,174-204,31,RESOLVED,False,False,False
models/SWAN/source-analysis/swan-diffraction-obstacles.md,163,swanser.ftn:3611-3619,swanser.ftn,3611-3619,9,RESOLVED,False,False,False
models/SWAN/source-analysis/swan-foundation.md,114,swan/src/swanpre2.ftn,swanpre2.ftn,,0,RESOLVED,False,False,False
models/SWAN/source-analysis/swan-grid-readers.md,26,SwanReadADCGrid.ftn90,SwanReadADCGrid.ftn90,,0,RESOLVED,False,False,False
models/SWAN/source-analysis/swan-grid-readers.md,27,SwanReadEasymeshGrid.ftn90,SwanReadEasymeshGrid.ftn90,,0,RESOLVED,False,False,False
models/SWAN/source-analysis/swan-grid-readers.md,28,SwanReadTriangleGrid.ftn90,SwanReadTriangleGrid.ftn90,,0,RESOLVED,False,False,False
models/SWAN/source-analysis/swan-grid-readers.md,29,SwanReadGrid.ftn90,SwanReadGrid.ftn90,,0,RESOLVED,False,False,False
models/SWAN/source-analysis/swan-grid-readers.md,33,SwanReadADCGrid.ftn90,SwanReadADCGrid.ftn90,,0,RESOLVED,False,False,False
models/SWAN/source-analysis/swan-grid-readers.md,46,SwanReadEasymeshGrid.ftn90,SwanReadEasymeshGrid.ftn90,,0,RESOLVED,False,False,False
models/SWAN/source-analysis/swan-grid-readers.md,62,SwanReadTriangleGrid.ftn90,SwanReadTriangleGrid.ftn90,,0,RESOLVED,False,False,False
models/SWAN/source-analysis/swan-grid-readers.md,76,SwanReadGrid.ftn90,SwanReadGrid.ftn90,,0,RESOLVED,False,False,False
models/SWAN/source-analysis/swan-gse-correction.md,2,SwanGSECorr.ftn90,SwanGSECorr.ftn90,,0,RESOLVED,True,False,False
models/SWAN/source-analysis/swan-gse-correction.md,6,models/SWAN/raw/source_code/swan/src/SwanGSECorr.ftn90,SwanGSECorr.ftn90,,0,RESOLVED,True,False,False
models/SWAN/source-analysis/swan-gse-correction.md,20,SwanGSECorr.ftn90,SwanGSECorr.ftn90,,0,RESOLVED,False,False,False
models/SWAN/source-analysis/swan-gse-correction.md,24,SwanGSECorr.ftn90,SwanGSECorr.ftn90,,0,RESOLVED,False,False,False
models/SWAN/source-analysis/swan-main-boundary-init-sourcemap.md,2,swanmain.ftn,swanmain.ftn,,0,RESOLVED,True,True,False
models/SWAN/source-analysis/swan-main-boundary-init-sourcemap.md,6,models/SWAN/raw/source_code/swan/src/swanmain.ftn,swanmain.ftn,,0,RESOLVED,True,True,False
models/SWAN/source-analysis/swan-main-boundary-init-sourcemap.md,40,swanser.ftn,swanser.ftn,,0,RESOLVED,False,False,False
models/SWAN/source-analysis/swan-nesting-io-implementation.md,23,swanpre2.ftn,swanpre2.ftn,,0,RESOLVED,False,False,False
models/SWAN/source-analysis/swan-nesting-io-implementation.md,23,swanout1.ftn,swanout1.ftn,,0,RESOLVED,False,False,False
models/SWAN/source-analysis/swan-nesting-io-implementation.md,23,swanout2.ftn,swanout2.ftn,,0,RESOLVED,False,False,False
models/SWAN/source-analysis/swan-nesting-io-implementation.md,23,swanmain.ftn,swanmain.ftn,,0,RESOLVED,False,True,False
models/SWAN/source-analysis/swan-nesting-io-implementation.md,23,swanser.ftn,swanser.ftn,,0,RESOLVED,False,False,False
models/SWAN/source-analysis/swan-nesting-io-implementation.md,28,[file=src/swanpre2.ftn line=1984],swanpre2.ftn,1984-1984,1,RESOLVED,False,False,False
models/SWAN/source-analysis/swan-nesting-io-implementation.md,29,[file=src/swanpre2.ftn line=2002],swanpre2.ftn,2002-2002,1,RESOLVED,False,False,False
models/SWAN/source-analysis/swan-nesting-io-implementation.md,29,[file=src/swanpre2.ftn line=2004],swanpre2.ftn,2004-2004,1,RESOLVED,False,False,False
models/SWAN/source-analysis/swan-nesting-io-implementation.md,30,[file=src/swanpre2.ftn line=2017],swanpre2.ftn,2017-2017,1,RESOLVED,False,False,False
models/SWAN/source-analysis/swan-nesting-io-implementation.md,31,"[file=src/swanpre2.ftn line=2026, 2028]",swanpre2.ftn,2026-2026;2028-2028,2,RESOLVED,False,False,False
models/SWAN/source-analysis/swan-nesting-io-implementation.md,33,"[file=src/swanout2.ftn line=1888, 1899, 1901]",swanout2.ftn,1888-1888;1899-1899;1901-1901,3,RESOLVED,False,False,False
models/SWAN/source-analysis/swan-nesting-io-implementation.md,37,[file=src/swanout1.ftn line=477],swanout1.ftn,477-477,1,RESOLVED,False,False,False
models/SWAN/source-analysis/swan-nesting-io-implementation.md,38,[file=src/swanout2.ftn line=1895],swanout2.ftn,1895-1895,1,RESOLVED,False,False,False
models/SWAN/source-analysis/swan-nesting-io-implementation.md,38,[file=src/swanout2.ftn line=2001],swanout2.ftn,2001-2001,1,RESOLVED,False,False,False
models/SWAN/source-analysis/swan-nesting-io-implementation.md,39,[file=src/swanout2.ftn line=2005],swanout2.ftn,2005-2005,1,RESOLVED,False,False,False
models/SWAN/source-analysis/swan-nesting-io-implementation.md,40,[file=src/swanout2.ftn line=2024],swanout2.ftn,2024-2024,1,RESOLVED,False,False,False
models/SWAN/source-analysis/swan-nesting-io-implementation.md,40,[file=src/swanout2.ftn line=2075],swanout2.ftn,2075-2075,1,RESOLVED,False,False,False
models/SWAN/source-analysis/swan-nesting-io-implementation.md,43,"[file=src/swanser.ftn line=5571, 5575]",swanser.ftn,5571-5571;5575-5575,2,RESOLVED,False,False,False
models/SWAN/source-analysis/swan-nesting-io-implementation.md,47,"[file=src/swanpre2.ftn line=794, 803]",swanpre2.ftn,794-794;803-803,2,RESOLVED,False,False,False
models/SWAN/source-analysis/swan-nesting-io-implementation.md,48,[file=src/swanpre2.ftn line=901-958],swanpre2.ftn,901-958,58,RESOLVED,False,False,False
models/SWAN/source-analysis/swan-nesting-io-implementation.md,49,[file=src/swanpre2.ftn line=963-973],swanpre2.ftn,963-973,11,RESOLVED,False,False,False
models/SWAN/source-analysis/swan-nesting-io-implementation.md,50,[file=src/swanmain.ftn line=4609-4637],swanmain.ftn,4609-4637,29,RESOLVED,False,True,False
models/SWAN/source-analysis/swan-nesting-io-implementation.md,54,"[file=src/swanpre2.ftn line=2943, 2988]",swanpre2.ftn,2943-2943;2988-2988,2,RESOLVED,False,False,False
models/SWAN/source-analysis/swan-nesting-io-implementation.md,55,[file=src/swanpre2.ftn line=4078-4352],swanpre2.ftn,4078-4352,275,RESOLVED,False,False,False
models/SWAN/source-analysis/swan-nesting-io-implementation.md,56,"[file=src/swanmain.ftn line=6916, 7469]",swanmain.ftn,6916-6916;7469-7469,2,RESOLVED,False,True,False
models/SWAN/source-analysis/swan-nesting-io-implementation.md,57,"[file=src/swanmain.ftn line=7724, 7781, 8034]",swanmain.ftn,7724-7724;7781-7781;8034-8034,3,RESOLVED,False,True,False
models/SWAN/source-analysis/swan-nesting-io-implementation.md,62,[file=src/swanmain.ftn line=8451],swanmain.ftn,8451-8451,1,RESOLVED,False,True,False
models/SWAN/source-analysis/swan-nesting-io-implementation.md,63,[file=src/swanmain.ftn line=8482],swanmain.ftn,8482-8482,1,RESOLVED,False,True,False
models/SWAN/source-analysis/swan-nesting-io-implementation.md,70,[file=src/swanmain.ftn line=8458],swanmain.ftn,8458-8458,1,RESOLVED,False,True,False
models/SWAN/source-analysis/swan-nesting-io-implementation.md,70,[file=src/swanmain.ftn line=8496],swanmain.ftn,8496-8496,1,RESOLVED,False,True,False
models/SWAN/source-analysis/swan-nesting-io-implementation.md,71,[file=src/swanmain.ftn line=8458-8464],swanmain.ftn,8458-8464,7,RESOLVED,False,True,False
models/SWAN/source-analysis/swan-nesting-io-implementation.md,72,[file=src/swanmain.ftn line=8494-8496],swanmain.ftn,8494-8496,3,RESOLVED,False,True,False
models/SWAN/source-analysis/swan-nesting-io-implementation.md,80,[file=src/swanmain.ftn line=8458-8464],swanmain.ftn,8458-8464,7,RESOLVED,False,True,False
models/SWAN/source-analysis/swan-nesting-io-implementation.md,80,[file=src/swanmain.ftn line=8494-8496],swanmain.ftn,8494-8496,3,RESOLVED,False,True,False
models/SWAN/source-analysis/swan-nesting-io-implementation.md,81,[file=src/swanmain.ftn line=8019],swanmain.ftn,8019-8019,1,RESOLVED,False,True,False
models/SWAN/source-analysis/swan-nesting-io-implementation.md,81,[file=src/swanmain.ftn line=8022],swanmain.ftn,8022-8022,1,RESOLVED,False,True,False
models/SWAN/source-analysis/swan-nesting-io-implementation.md,81,[file=src/swanmain.ftn line=7695],swanmain.ftn,7695-7695,1,RESOLVED,False,True,False
models/SWAN/source-analysis/swan-nesting-io-implementation.md,82,[file=src/swanmain.ftn line=8508],swanmain.ftn,8508-8508,1,RESOLVED,False,True,False
models/SWAN/source-analysis/swan-nesting-io-implementation.md,82,[file=src/swanmain.ftn line=8514],swanmain.ftn,8514-8514,1,RESOLVED,False,True,False
models/SWAN/source-analysis/swan-nesting-io-implementation.md,83,"[file=src/swanpre2.ftn line=4168, 4177, 4199]",swanpre2.ftn,4168-4168;4177-4177;4199-4199,3,RESOLVED,False,False,False
models/SWAN/source-analysis/swan-nesting-io-implementation.md,114,src/swanpre2.ftn,swanpre2.ftn,,0,RESOLVED,False,False,False
models/SWAN/source-analysis/swan-nesting-io-implementation.md,115,src/swanout1.ftn,swanout1.ftn,,0,RESOLVED,False,False,False
models/SWAN/source-analysis/swan-nesting-io-implementation.md,116,src/swanout2.ftn,swanout2.ftn,,0,RESOLVED,False,False,False
models/SWAN/source-analysis/swan-nesting-io-implementation.md,117,src/swanmain.ftn,swanmain.ftn,,0,RESOLVED,False,True,False
models/SWAN/source-analysis/swan-nesting-io-implementation.md,118,src/swanser.ftn,swanser.ftn,,0,RESOLVED,False,False,False
models/SWAN/source-analysis/swan-output-formats.md,19,"swanpre2.ftn:1160-1226, 1243, 1482-2467",swanpre2.ftn,1160-1226;1243-1243;1482-2467,1054,RESOLVED,False,False,False
models/SWAN/source-analysis/swan-output-formats.md,20,"swanout1.ftn:435, 681-706",swanout1.ftn,435-435;681-706,27,RESOLVED,False,False,False
models/SWAN/source-analysis/swan-output-formats.md,21,swanout2.ftn:178-2154,swanout2.ftn,178-2154,1977,RESOLVED,False,False,False
models/SWAN/source-analysis/swan-output-formats.md,22,swn_outnc.ftn90:1003-1641,swn_outnc.ftn90,1003-1641,639,RESOLVED,False,False,False
models/SWAN/source-analysis/swan-output-formats.md,23,swanmain.ftn:1760-2277,swanmain.ftn,1760-2277,518,RESOLVED,False,True,False
models/SWAN/source-analysis/swan-output-formats.md,24,swanpre2.ftn:2649-4144,swanpre2.ftn,2649-4144,1496,RESOLVED,False,False,False
models/SWAN/source-analysis/swan-output-formats.md,25,ocpmix.ftn:1665-1849,ocpmix.ftn,1665-1849,185,RESOLVED,False,False,False
models/SWAN/source-analysis/swan-output-formats.md,25,swmod1.ftn:460,swmod1.ftn,460-460,1,RESOLVED,False,False,False
models/SWAN/source-analysis/swan-output-formats.md,30,swanpre2.ftn:1160,swanpre2.ftn,1160-1160,1,RESOLVED,False,False,False
models/SWAN/source-analysis/swan-output-formats.md,41,swanmain.ftn:1760,swanmain.ftn,1760-1760,1,RESOLVED,False,True,False
models/SWAN/source-analysis/swan-output-formats.md,45,swanpre2.ftn:2452,swanpre2.ftn,2452-2452,1,RESOLVED,False,False,False
models/SWAN/source-analysis/swan-output-formats.md,47,swanout1.ftn:435,swanout1.ftn,435-435,1,RESOLVED,False,False,False
models/SWAN/source-analysis/swan-output-formats.md,49,swanout2.ftn:560,swanout2.ftn,560-560,1,RESOLVED,False,False,False
models/SWAN/source-analysis/swan-output-formats.md,53,swanpre2.ftn:1565,swanpre2.ftn,1565-1565,1,RESOLVED,False,False,False
models/SWAN/source-analysis/swan-output-formats.md,65,swanout2.ftn:1257,swanout2.ftn,1257-1257,1,RESOLVED,False,False,False
models/SWAN/source-analysis/swan-output-formats.md,79,swanpre2.ftn:1867,swanpre2.ftn,1867-1867,1,RESOLVED,False,False,False
models/SWAN/source-analysis/swan-output-formats.md,83,swanout2.ftn:1823,swanout2.ftn,1823-1823,1,RESOLVED,False,False,False
models/SWAN/source-analysis/swan-output-formats.md,101,swanpre2.ftn:1978,swanpre2.ftn,1978-1978,1,RESOLVED,False,False,False
models/SWAN/source-analysis/swan-output-formats.md,107,swanout2.ftn:1934,swanout2.ftn,1934-1934,1,RESOLVED,False,False,False
models/SWAN/source-analysis/swan-output-formats.md,111,swanpre2.ftn:2649,swanpre2.ftn,2649-2649,1,RESOLVED,False,False,False
models/SWAN/source-analysis/swan-output-formats.md,130,"swanout2.ftn:178, 1876",swanout2.ftn,178-178;1876-1876,2,RESOLVED,False,False,False
models/SWAN/source-analysis/swan-output-formats.md,132,swn_outnc.ftn90:1641,swn_outnc.ftn90,1641-1641,1,RESOLVED,False,False,False
models/SWAN/source-analysis/swan-output-formats.md,142,swanpre2.ftn:1243,swanpre2.ftn,1243-1243,1,RESOLVED,False,False,False
models/SWAN/source-analysis/swan-output-formats.md,152,ocpmix.ftn:1665,ocpmix.ftn,1665-1665,1,RESOLVED,False,False,False
models/SWAN/source-analysis/swan-output-formats.md,154,swmod1.ftn:460,swmod1.ftn,460-460,1,RESOLVED,False,False,False
models/SWAN/source-analysis/swan-output-formats.md,158,swanpre2.ftn:2467,swanpre2.ftn,2467-2467,1,RESOLVED,False,False,False
models/SWAN/source-analysis/swan-output-formats.md,164,"swanpre2.ftn:1482, 1957, 2038",swanpre2.ftn,1482-1482;1957-1957;2038-2038,3,RESOLVED,False,False,False
models/SWAN/source-analysis/swan-output-formats.md,166,swanout1.ftn:681,swanout1.ftn,681-681,1,RESOLVED,False,False,False
models/SWAN/source-analysis/swan-output-writers-implementation.md,23,models/swan/source_code/swan/src/swanout1.ftn,swanout1.ftn,,0,RESOLVED,False,False,False
models/SWAN/source-analysis/swan-output-writers-implementation.md,23,swanout2.ftn,swanout2.ftn,,0,RESOLVED,False,False,False
models/SWAN/source-analysis/swan-output-writers-implementation.md,23,swanser.ftn,swanser.ftn,,0,RESOLVED,False,False,False
models/SWAN/source-analysis/swan-output-writers-implementation.md,27,[file=src/swanout1.ftn line=527],swanout1.ftn,527-527,1,RESOLVED,False,False,False
models/SWAN/source-analysis/swan-output-writers-implementation.md,28,[file=src/swanout1.ftn line=435-509],swanout1.ftn,435-509,75,RESOLVED,False,False,False
models/SWAN/source-analysis/swan-output-writers-implementation.md,32,[file=src/swanout1.ftn line=436-447],swanout1.ftn,436-447,12,RESOLVED,False,False,False
models/SWAN/source-analysis/swan-output-writers-implementation.md,33,[file=src/swanout1.ftn line=454-462],swanout1.ftn,454-462,9,RESOLVED,False,False,False
models/SWAN/source-analysis/swan-output-writers-implementation.md,34,[file=src/swanout1.ftn line=469-503],swanout1.ftn,469-503,35,RESOLVED,False,False,False
models/SWAN/source-analysis/swan-output-writers-implementation.md,38,[file=src/swanout1.ftn line=469-472],swanout1.ftn,469-472,4,RESOLVED,False,False,False
models/SWAN/source-analysis/swan-output-writers-implementation.md,44,[file=src/swanout2.ftn line=18],swanout2.ftn,18-18,1,RESOLVED,False,False,False
models/SWAN/source-analysis/swan-output-writers-implementation.md,45,[file=src/swanout2.ftn line=163-172],swanout2.ftn,163-172,10,RESOLVED,False,False,False
models/SWAN/source-analysis/swan-output-writers-implementation.md,54,[file=src/swanout2.ftn line=250-275],swanout2.ftn,250-275,26,RESOLVED,False,False,False
models/SWAN/source-analysis/swan-output-writers-implementation.md,60,[file=src/swanout2.ftn line=246-349],swanout2.ftn,246-349,104,RESOLVED,False,False,False
models/SWAN/source-analysis/swan-output-writers-implementation.md,62,[file=src/swanout2.ftn line=285],swanout2.ftn,285-285,1,RESOLVED,False,False,False
models/SWAN/source-analysis/swan-output-writers-implementation.md,62,[file=src/swanout2.ftn line=307],swanout2.ftn,307-307,1,RESOLVED,False,False,False
models/SWAN/source-analysis/swan-output-writers-implementation.md,63,[file=src/swanout2.ftn line=304-305],swanout2.ftn,304-305,2,RESOLVED,False,False,False
models/SWAN/source-analysis/swan-output-writers-implementation.md,63,[file=src/swanout2.ftn line=340-345],swanout2.ftn,340-345,6,RESOLVED,False,False,False
models/SWAN/source-analysis/swan-output-writers-implementation.md,67,[file=src/swanout2.ftn line=360],swanout2.ftn,360-360,1,RESOLVED,False,False,False
models/SWAN/source-analysis/swan-output-writers-implementation.md,68,[file=src/swanout2.ftn line=517-520],swanout2.ftn,517-520,4,RESOLVED,False,False,False
models/SWAN/source-analysis/swan-output-writers-implementation.md,69,[file=src/swanout2.ftn line=521-524],swanout2.ftn,521-524,4,RESOLVED,False,False,False
models/SWAN/source-analysis/swan-output-writers-implementation.md,70,[file=src/swanout2.ftn line=540-559],swanout2.ftn,540-559,20,RESOLVED,False,False,False
models/SWAN/source-analysis/swan-output-writers-implementation.md,81,[file=src/swanout2.ftn line=1172],swanout2.ftn,1172-1172,1,RESOLVED,False,False,False
models/SWAN/source-analysis/swan-output-writers-implementation.md,87,[file=src/swanout2.ftn line=1405],swanout2.ftn,1405-1405,1,RESOLVED,False,False,False
models/SWAN/source-analysis/swan-output-writers-implementation.md,88,[file=src/swanout2.ftn line=1410],swanout2.ftn,1410-1410,1,RESOLVED,False,False,False
models/SWAN/source-analysis/swan-output-writers-implementation.md,89,[file=src/swanout2.ftn line=1410],swanout2.ftn,1410-1410,1,RESOLVED,False,False,False
models/SWAN/source-analysis/swan-output-writers-implementation.md,89,[file=src/swanout2.ftn line=1419-1425],swanout2.ftn,1419-1425,7,RESOLVED,False,False,False
models/SWAN/source-analysis/swan-output-writers-implementation.md,89,[file=src/swanout2.ftn line=1564-1569],swanout2.ftn,1564-1569,6,RESOLVED,False,False,False
models/SWAN/source-analysis/swan-output-writers-implementation.md,90,[file=src/swanout2.ftn line=1480],swanout2.ftn,1480-1480,1,RESOLVED,False,False,False
models/SWAN/source-analysis/swan-output-writers-implementation.md,91,[file=src/swanout2.ftn line=1481-1533],swanout2.ftn,1481-1533,53,RESOLVED,False,False,False
models/SWAN/source-analysis/swan-output-writers-implementation.md,95,[file=src/swanout2.ftn line=1560-1604],swanout2.ftn,1560-1604,45,RESOLVED,False,False,False
models/SWAN/source-analysis/swan-output-writers-implementation.md,98,[file=src/swanout2.ftn line=1572-1577],swanout2.ftn,1572-1577,6,RESOLVED,False,False,False
models/SWAN/source-analysis/swan-output-writers-implementation.md,104,[file=src/swanout2.ftn line=1719],swanout2.ftn,1719-1719,1,RESOLVED,False,False,False
models/SWAN/source-analysis/swan-output-writers-implementation.md,106,[file=src/swanout2.ftn line=1944-1976],swanout2.ftn,1944-1976,33,RESOLVED,False,False,False
models/SWAN/source-analysis/swan-output-writers-implementation.md,107,[file=src/swanout2.ftn line=1976-2000],swanout2.ftn,1976-2000,25,RESOLVED,False,False,False
models/SWAN/source-analysis/swan-output-writers-implementation.md,108,[file=src/swanout2.ftn line=2057-2059],swanout2.ftn,2057-2059,3,RESOLVED,False,False,False
models/SWAN/source-analysis/swan-output-writers-implementation.md,109,[file=src/swanout2.ftn line=2060-2071],swanout2.ftn,2060-2071,12,RESOLVED,False,False,False
models/SWAN/source-analysis/swan-output-writers-implementation.md,113,[file=src/swanser.ftn line=5448],swanser.ftn,5448-5448,1,RESOLVED,False,False,False
models/SWAN/source-analysis/swan-output-writers-implementation.md,114,[file=src/swanser.ftn line=5553-5563],swanser.ftn,5553-5563,11,RESOLVED,False,False,False
models/SWAN/source-analysis/swan-output-writers-implementation.md,115,[file=src/swanser.ftn line=5564-5566],swanser.ftn,5564-5566,3,RESOLVED,False,False,False
models/SWAN/source-analysis/swan-output-writers-implementation.md,116,[file=src/swanser.ftn line=5568-5572],swanser.ftn,5568-5572,5,RESOLVED,False,False,False
models/SWAN/source-analysis/swan-output-writers-implementation.md,117,[file=src/swanser.ftn line=5575],swanser.ftn,5575-5575,1,RESOLVED,False,False,False
models/SWAN/source-analysis/swan-output-writers-implementation.md,121,[file=src/swanser.ftn line=5568],swanser.ftn,5568-5568,1,RESOLVED,False,False,False
models/SWAN/source-analysis/swan-output-writers-implementation.md,125,[file=src/swanser.ftn line=5571],swanser.ftn,5571-5571,1,RESOLVED,False,False,False
models/SWAN/source-analysis/swan-output-writers-implementation.md,131,[file=src/swanout1.ftn line=3194],swanout1.ftn,3194-3194,1,RESOLVED,False,False,False
models/SWAN/source-analysis/swan-output-writers-implementation.md,132,[file=src/swanout1.ftn line=3438-3460],swanout1.ftn,3438-3460,23,RESOLVED,False,False,False
models/SWAN/source-analysis/swan-output-writers-implementation.md,137,[file=src/swanout1.ftn line=3482-3512],swanout1.ftn,3482-3512,31,RESOLVED,False,False,False
models/SWAN/source-analysis/swan-output-writers-implementation.md,138,[file=src/swanout1.ftn line=3511],swanout1.ftn,3511-3511,1,RESOLVED,False,False,False
models/SWAN/source-analysis/swan-output-writers-implementation.md,142,[file=src/swanout1.ftn line=3752-3768],swanout1.ftn,3752-3768,17,RESOLVED,False,False,False
models/SWAN/source-analysis/swan-output-writers-implementation.md,143,[file=src/swanout1.ftn line=3775-3818],swanout1.ftn,3775-3818,44,RESOLVED,False,False,False
models/SWAN/source-analysis/swan-output-writers-implementation.md,152,[file=src/swanout2.ftn line=521-524],swanout2.ftn,521-524,4,RESOLVED,False,False,False
models/SWAN/source-analysis/swan-output-writers-implementation.md,153,[file=src/swanout2.ftn line=1557-1559],swanout2.ftn,1557-1559,3,RESOLVED,False,False,False
models/SWAN/source-analysis/swan-output-writers-implementation.md,154,[file=src/swanout2.ftn line=2005-2007],swanout2.ftn,2005-2007,3,RESOLVED,False,False,False
models/SWAN/source-analysis/swan-output-writers-implementation.md,161,[file=src/swanout2.ftn line=183-189],swanout2.ftn,183-189,7,RESOLVED,False,False,False
models/SWAN/source-analysis/swan-output-writers-implementation.md,162,[file=src/swanout2.ftn line=1384-1396],swanout2.ftn,1384-1396,13,RESOLVED,False,False,False
models/SWAN/source-analysis/swan-output-writers-implementation.md,163,[file=src/swanout2.ftn line=1895-1902],swanout2.ftn,1895-1902,8,RESOLVED,False,False,False
models/SWAN/source-analysis/swan-output-writers-implementation.md,169,[file=src/swanout2.ftn line=191-193],swanout2.ftn,191-193,3,RESOLVED,False,False,False
models/SWAN/source-analysis/swan-output-writers-implementation.md,198,src/swanout1.ftn,swanout1.ftn,,0,RESOLVED,False,False,False
models/SWAN/source-analysis/swan-output-writers-implementation.md,199,src/swanout2.ftn,swanout2.ftn,,0,RESOLVED,False,False,False
models/SWAN/source-analysis/swan-output-writers-implementation.md,200,src/swanser.ftn,swanser.ftn,,0,RESOLVED,False,False,False
models/SWAN/source-analysis/swan-parallel-implementation.md,22,src/swanmain.ftn,swanmain.ftn,,0,RESOLVED,False,True,False
models/SWAN/source-analysis/swan-parallel-implementation.md,23,src/swanparll.ftn,swanparll.ftn,,0,RESOLVED,False,False,False
models/SWAN/source-analysis/swan-parallel-implementation.md,24,src/swancom1.ftn,swancom1.ftn,,0,RESOLVED,False,True,False
models/SWAN/source-analysis/swan-parallel-implementation.md,29,[file=src/swanparll.ftn line=140],swanparll.ftn,140-140,1,RESOLVED,False,False,False
models/SWAN/source-analysis/swan-parallel-implementation.md,29,[file=src/swanparll.ftn line=157],swanparll.ftn,157-157,1,RESOLVED,False,False,False
models/SWAN/source-analysis/swan-parallel-implementation.md,29,[file=src/swanparll.ftn line=173],swanparll.ftn,173-173,1,RESOLVED,False,False,False
models/SWAN/source-analysis/swan-parallel-implementation.md,31,[file=src/swanparll.ftn line=152-153],swanparll.ftn,152-153,2,RESOLVED,False,False,False
models/SWAN/source-analysis/swan-parallel-implementation.md,32,[file=src/swanparll.ftn line=158],swanparll.ftn,158-158,1,RESOLVED,False,False,False
models/SWAN/source-analysis/swan-parallel-implementation.md,33,[file=src/swanparll.ftn line=196],swanparll.ftn,196-196,1,RESOLVED,False,False,False
models/SWAN/source-analysis/swan-parallel-implementation.md,33,[file=src/swmod2.ftn line=1145],swmod2.ftn,1145-1145,1,RESOLVED,False,False,False
models/SWAN/source-analysis/swan-parallel-implementation.md,39,[file=src/swanparll.ftn line=2649],swanparll.ftn,2649-2649,1,RESOLVED,False,False,False
models/SWAN/source-analysis/swan-parallel-implementation.md,40,[file=src/swanparll.ftn line=2411],swanparll.ftn,2411-2411,1,RESOLVED,False,False,False
models/SWAN/source-analysis/swan-parallel-implementation.md,41,[file=src/swanparll.ftn line=3560],swanparll.ftn,3560-3560,1,RESOLVED,False,False,False
models/SWAN/source-analysis/swan-parallel-implementation.md,45,[file=src/swanparll.ftn line=2489-2498],swanparll.ftn,2489-2498,10,RESOLVED,False,False,False
models/SWAN/source-analysis/swan-parallel-implementation.md,55,[file=src/swanparll.ftn line=2525-2528],swanparll.ftn,2525-2528,4,RESOLVED,False,False,False
models/SWAN/source-analysis/swan-parallel-implementation.md,59,[file=src/swanparll.ftn line=2534-2543],swanparll.ftn,2534-2543,10,RESOLVED,False,False,False
models/SWAN/source-analysis/swan-parallel-implementation.md,63,[file=src/swanparll.ftn line=2557-2643],swanparll.ftn,2557-2643,87,RESOLVED,False,False,False
models/SWAN/source-analysis/swan-parallel-implementation.md,72,[file=src/swanparll.ftn line=2798-2805],swanparll.ftn,2798-2805,8,RESOLVED,False,False,False
models/SWAN/source-analysis/swan-parallel-implementation.md,80,[file=src/swanparll.ftn line=329],swanparll.ftn,329-329,1,RESOLVED,False,False,False
models/SWAN/source-analysis/swan-parallel-implementation.md,80,[file=src/swanparll.ftn line=437],swanparll.ftn,437-437,1,RESOLVED,False,False,False
models/SWAN/source-analysis/swan-parallel-implementation.md,81,[file=src/swanparll.ftn line=454],swanparll.ftn,454-454,1,RESOLVED,False,False,False
models/SWAN/source-analysis/swan-parallel-implementation.md,81,[file=src/swanparll.ftn line=569-570],swanparll.ftn,569-570,2,RESOLVED,False,False,False
models/SWAN/source-analysis/swan-parallel-implementation.md,82,[file=src/swanparll.ftn line=587],swanparll.ftn,587-587,1,RESOLVED,False,False,False
models/SWAN/source-analysis/swan-parallel-implementation.md,82,[file=src/swanparll.ftn line=708-709],swanparll.ftn,708-709,2,RESOLVED,False,False,False
models/SWAN/source-analysis/swan-parallel-implementation.md,86,[file=src/swanparll.ftn line=3044],swanparll.ftn,3044-3044,1,RESOLVED,False,False,False
models/SWAN/source-analysis/swan-parallel-implementation.md,86,[file=src/swanparll.ftn line=3197],swanparll.ftn,3197-3197,1,RESOLVED,False,False,False
models/SWAN/source-analysis/swan-parallel-implementation.md,86,[file=src/swanparll.ftn line=3215],swanparll.ftn,3215-3215,1,RESOLVED,False,False,False
models/SWAN/source-analysis/swan-parallel-implementation.md,88,[file=src/swancom1.ftn line=1964-1968],swancom1.ftn,1964-1968,5,RESOLVED,False,True,False
models/SWAN/source-analysis/swan-parallel-implementation.md,88,[file=src/swancom1.ftn line=2058-2062],swancom1.ftn,2058-2062,5,RESOLVED,False,True,False
models/SWAN/source-analysis/swan-parallel-implementation.md,88,[file=src/swancom1.ftn line=2107],swancom1.ftn,2107-2107,1,RESOLVED,False,True,False
models/SWAN/source-analysis/swan-parallel-implementation.md,88,swancom1.ftn,swancom1.ftn,,0,RESOLVED,False,True,False
models/SWAN/source-analysis/swan-parallel-implementation.md,96,[file=src/swancom1.ftn line=1170-1188],swancom1.ftn,1170-1188,19,RESOLVED,False,True,False
models/SWAN/source-analysis/swan-parallel-implementation.md,105,[file=src/swancom1.ftn line=1424],swancom1.ftn,1424-1424,1,RESOLVED,False,True,False
models/SWAN/source-analysis/swan-parallel-implementation.md,105,[file=src/swancom1.ftn line=1692],swancom1.ftn,1692-1692,1,RESOLVED,False,True,False
models/SWAN/source-analysis/swan-parallel-implementation.md,105,[file=src/swancom1.ftn line=1733],swancom1.ftn,1733-1733,1,RESOLVED,False,True,False
models/SWAN/source-analysis/swan-parallel-implementation.md,105,[file=src/swancom1.ftn line=1854],swancom1.ftn,1854-1854,1,RESOLVED,False,True,False
models/SWAN/source-analysis/swan-parallel-implementation.md,105,[file=src/swancom1.ftn line=2098],swancom1.ftn,2098-2098,1,RESOLVED,False,True,False
models/SWAN/source-analysis/swan-parallel-implementation.md,105,[file=src/swancom1.ftn line=2126],swancom1.ftn,2126-2126,1,RESOLVED,False,True,False
models/SWAN/source-analysis/swan-parallel-implementation.md,105,[file=src/swancom1.ftn line=2344],swancom1.ftn,2344-2344,1,RESOLVED,False,True,False
models/SWAN/source-analysis/swan-parallel-implementation.md,106,[file=src/swancom1.ftn line=1855],swancom1.ftn,1855-1855,1,RESOLVED,False,True,False
models/SWAN/source-analysis/swan-parallel-implementation.md,106,[file=src/swancom1.ftn line=1994],swancom1.ftn,1994-1994,1,RESOLVED,False,True,False
models/SWAN/source-analysis/swan-parallel-implementation.md,106,[file=src/swancom1.ftn line=1996],swancom1.ftn,1996-1996,1,RESOLVED,False,True,False
models/SWAN/source-analysis/swan-parallel-implementation.md,111,[file=src/swancom1.ftn line=1204-1224],swancom1.ftn,1204-1224,21,RESOLVED,False,True,False
models/SWAN/source-analysis/swan-parallel-implementation.md,115,[file=src/swancom1.ftn line=1936-1938],swancom1.ftn,1936-1938,3,RESOLVED,False,True,False
models/SWAN/source-analysis/swan-parallel-implementation.md,123,[file=src/swancom1.ftn line=4876-4886],swancom1.ftn,4876-4886,11,RESOLVED,False,True,False
models/SWAN/source-analysis/swan-parallel-implementation.md,130,[file=src/swancom1.ftn line=4779-4787],swancom1.ftn,4779-4787,9,RESOLVED,False,True,False
models/SWAN/source-analysis/swan-parallel-implementation.md,136,[file=src/swancom1.ftn line=9922-9928],swancom1.ftn,9922-9928,7,RESOLVED,False,True,False
models/SWAN/source-analysis/swan-parallel-implementation.md,140,[file=src/swanparll.ftn line=1279-1280],swanparll.ftn,1279-1280,2,RESOLVED,False,False,False
models/SWAN/source-analysis/swan-parallel-implementation.md,140,[file=src/swanparll.ftn line=1415-1416],swanparll.ftn,1415-1416,2,RESOLVED,False,False,False
models/SWAN/source-analysis/swan-parallel-implementation.md,145,[file=src/swanmain.ftn line=6908-6925],swanmain.ftn,6908-6925,18,RESOLVED,False,True,False
models/SWAN/source-analysis/swan-parallel-implementation.md,146,[file=src/swanmain.ftn line=6929],swanmain.ftn,6929-6929,1,RESOLVED,False,True,False
models/SWAN/source-analysis/swan-parallel-implementation.md,149,[file=src/swanmain.ftn line=8741-8749],swanmain.ftn,8741-8749,9,RESOLVED,False,True,False
models/SWAN/source-analysis/swan-parallel-implementation.md,150,[file=src/swanmain.ftn line=8769-8777],swanmain.ftn,8769-8777,9,RESOLVED,False,True,False
models/SWAN/source-analysis/swan-parallel-implementation.md,152,[file=src/swanmain.ftn line=7469],swanmain.ftn,7469-7469,1,RESOLVED,False,True,False
models/SWAN/source-analysis/swan-parallel-implementation.md,152,[file=src/swanmain.ftn line=7480],swanmain.ftn,7480-7480,1,RESOLVED,False,True,False
models/SWAN/source-analysis/swan-parallel-implementation.md,162,[file=src/swanmain.ftn line=740],swanmain.ftn,740-740,1,RESOLVED,False,True,False
models/SWAN/source-analysis/swan-parallel-implementation.md,162,[file=src/swanparll.ftn line=3560],swanparll.ftn,3560-3560,1,RESOLVED,False,False,False
models/SWAN/source-analysis/swan-parallel-implementation.md,162,[file=src/swanparll.ftn line=3716],swanparll.ftn,3716-3716,1,RESOLVED,False,False,False
models/SWAN/source-analysis/swan-parallel-implementation.md,162,[file=src/swanparll.ftn line=3725],swanparll.ftn,3725-3725,1,RESOLVED,False,False,False
models/SWAN/source-analysis/swan-parallel-implementation.md,162,[file=src/swanparll.ftn line=3746],swanparll.ftn,3746-3746,1,RESOLVED,False,False,False
models/SWAN/source-analysis/swan-parallel-implementation.md,167,[file=src/swanparll.ftn line=4479-4504],swanparll.ftn,4479-4504,26,RESOLVED,False,False,False
models/SWAN/source-analysis/swan-parallel-implementation.md,168,[file=src/swanparll.ftn line=4513-4559],swanparll.ftn,4513-4559,47,RESOLVED,False,False,False
models/SWAN/source-analysis/swan-parallel-implementation.md,169,[file=src/swanparll.ftn line=4820-4845],swanparll.ftn,4820-4845,26,RESOLVED,False,False,False
models/SWAN/source-analysis/swan-parallel-implementation.md,170,[file=src/swanparll.ftn line=4932-4998],swanparll.ftn,4932-4998,67,RESOLVED,False,False,False
models/SWAN/source-analysis/swan-parallel-implementation.md,174,[file=src/swanparll.ftn line=4259-4262],swanparll.ftn,4259-4262,4,RESOLVED,False,False,False
models/SWAN/source-analysis/swan-parallel-implementation.md,206,src/swanmain.ftn,swanmain.ftn,,0,RESOLVED,False,True,False
models/SWAN/source-analysis/swan-parallel-implementation.md,207,src/swanparll.ftn,swanparll.ftn,,0,RESOLVED,False,False,False
models/SWAN/source-analysis/swan-parallel-implementation.md,208,src/swancom1.ftn,swancom1.ftn,,0,RESOLVED,False,True,False
models/SWAN/source-analysis/swan-parallel-implementation.md,209,src/swmod2.ftn,swmod2.ftn,,0,RESOLVED,False,False,False
models/SWAN/source-analysis/swan-propagation-implementation.md,32,[file=src/swancom1.ftn line=1487],swancom1.ftn,1487-1487,1,RESOLVED,False,True,False
models/SWAN/source-analysis/swan-propagation-implementation.md,33,[file=src/swancom1.ftn line=2099],swancom1.ftn,2099-2099,1,RESOLVED,False,True,False
models/SWAN/source-analysis/swan-propagation-implementation.md,34,[file=src/swancom1.ftn line=1698-1715],swancom1.ftn,1698-1715,18,RESOLVED,False,True,False
models/SWAN/source-analysis/swan-propagation-implementation.md,35,[file=src/swancom1.ftn line=2352-2355],swancom1.ftn,2352-2355,4,RESOLVED,False,True,False
models/SWAN/source-analysis/swan-propagation-implementation.md,44,[file=src/swancom1.ftn line=1741-1817],swancom1.ftn,1741-1817,77,RESOLVED,False,True,False
models/SWAN/source-analysis/swan-propagation-implementation.md,45,[file=src/swancom1.ftn line=2000-2007],swancom1.ftn,2000-2007,8,RESOLVED,False,True,False
models/SWAN/source-analysis/swan-propagation-implementation.md,51,[file=src/swancom1.ftn line=5406-5409],swancom1.ftn,5406-5409,4,RESOLVED,False,True,False
models/SWAN/source-analysis/swan-propagation-implementation.md,51,[file=src/swancom5.ftn line=2177-2184],swancom5.ftn,2177-2184,8,RESOLVED,False,False,False
models/SWAN/source-analysis/swan-propagation-implementation.md,52,[file=src/swancom1.ftn line=337-339],swancom1.ftn,337-339,3,RESOLVED,False,True,False
models/SWAN/source-analysis/swan-propagation-implementation.md,58,[file=src/swanmain.ftn line=571],swanmain.ftn,571-571,1,RESOLVED,False,True,False
models/SWAN/source-analysis/swan-propagation-implementation.md,59,[file=src/swanmain.ftn line=620-623],swanmain.ftn,620-623,4,RESOLVED,False,True,False
models/SWAN/source-analysis/swan-propagation-implementation.md,67,[file=src/swancom1.ftn line=5349-5352],swancom1.ftn,5349-5352,4,RESOLVED,False,True,False
models/SWAN/source-analysis/swan-propagation-implementation.md,77,[file=src/swancom1.ftn line=5395-5410],swancom1.ftn,5395-5410,16,RESOLVED,False,True,False
models/SWAN/source-analysis/swan-propagation-implementation.md,78,[file=src/swancom5.ftn line=2148-2156],swancom5.ftn,2148-2156,9,RESOLVED,False,False,False
models/SWAN/source-analysis/swan-propagation-implementation.md,79,[file=src/swancom5.ftn line=2189-2193],swancom5.ftn,2189-2193,5,RESOLVED,False,False,False
models/SWAN/source-analysis/swan-propagation-implementation.md,85,[file=src/swancom1.ftn line=3644-3653],swancom1.ftn,3644-3653,10,RESOLVED,False,True,False
models/SWAN/source-analysis/swan-propagation-implementation.md,89,[file=src/swancom1.ftn line=3722-3731],swancom1.ftn,3722-3731,10,RESOLVED,False,True,False
models/SWAN/source-analysis/swan-propagation-implementation.md,90,[file=src/swancom1.ftn line=3709-3716],swancom1.ftn,3709-3716,8,RESOLVED,False,True,False
models/SWAN/source-analysis/swan-propagation-implementation.md,91,[file=src/swancom1.ftn line=3693-3700],swancom1.ftn,3693-3700,8,RESOLVED,False,True,False
models/SWAN/source-analysis/swan-propagation-implementation.md,99,[file=src/swanmain.ftn line=618-627],swanmain.ftn,618-627,10,RESOLVED,False,True,False
models/SWAN/source-analysis/swan-propagation-implementation.md,111,[file=src/swancom5.ftn line=1127-1135],swancom5.ftn,1127-1135,9,RESOLVED,False,False,False
models/SWAN/source-analysis/swan-propagation-implementation.md,113,[file=src/swancom5.ftn line=1602-1624],swancom5.ftn,1602-1624,23,RESOLVED,False,False,False
models/SWAN/source-analysis/swan-propagation-implementation.md,114,[file=src/swancom5.ftn line=1486-1512],swancom5.ftn,1486-1512,27,RESOLVED,False,False,False
models/SWAN/source-analysis/swan-propagation-implementation.md,114,[file=src/swancom5.ftn line=1571-1572],swancom5.ftn,1571-1572,2,RESOLVED,False,False,False
models/SWAN/source-analysis/swan-propagation-implementation.md,120,[file=src/swancom1.ftn line=3384-3393],swancom1.ftn,3384-3393,10,RESOLVED,False,True,False
models/SWAN/source-analysis/swan-propagation-implementation.md,122,[file=src/swancom1.ftn line=5437-5480],swancom1.ftn,5437-5480,44,RESOLVED,False,True,False
models/SWAN/source-analysis/swan-propagation-implementation.md,137,[file=src/swancom1.ftn line=7857],swancom1.ftn,7857-7857,1,RESOLVED,False,True,False
models/SWAN/source-analysis/swan-propagation-implementation.md,142,[file=src/swancom1.ftn line=7978-7979],swancom1.ftn,7978-7979,2,RESOLVED,False,True,False
models/SWAN/source-analysis/swan-propagation-implementation.md,146,[file=src/swancom1.ftn line=8004],swancom1.ftn,8004-8004,1,RESOLVED,False,True,False
models/SWAN/source-analysis/swan-propagation-implementation.md,151,[file=src/swancom1.ftn line=8115-8121],swancom1.ftn,8115-8121,7,RESOLVED,False,True,False
models/SWAN/source-analysis/swan-propagation-implementation.md,156,[file=src/swancom1.ftn line=7981-7984],swancom1.ftn,7981-7984,4,RESOLVED,False,True,False
models/SWAN/source-analysis/swan-propagation-implementation.md,157,[file=src/swancom1.ftn line=7988-7993],swancom1.ftn,7988-7993,6,RESOLVED,False,True,False
models/SWAN/source-analysis/swan-propagation-implementation.md,164,[file=src/swancom1.ftn line=3753-3755],swancom1.ftn,3753-3755,3,RESOLVED,False,True,False
models/SWAN/source-analysis/swan-propagation-implementation.md,165,[file=src/swancom1.ftn line=3791-3808],swancom1.ftn,3791-3808,18,RESOLVED,False,True,False
models/SWAN/source-analysis/swan-propagation-implementation.md,175,[file=src/swancom1.ftn line=4811-4843],swancom1.ftn,4811-4843,33,RESOLVED,False,True,False
models/SWAN/source-analysis/swan-propagation-implementation.md,178,[file=src/swancom1.ftn line=4874-4886],swancom1.ftn,4874-4886,13,RESOLVED,False,True,False
models/SWAN/source-analysis/swan-propagation-implementation.md,186,[file=src/swancom1.ftn line=9857-9879],swancom1.ftn,9857-9879,23,RESOLVED,False,True,False
models/SWAN/source-analysis/swan-propagation-implementation.md,188,[file=src/swancom1.ftn line=9922-9929],swancom1.ftn,9922-9929,8,RESOLVED,False,True,False
models/SWAN/source-analysis/swan-propagation-implementation.md,198,[file=src/swancom1.ftn line=2352-2355],swancom1.ftn,2352-2355,4,RESOLVED,False,True,False
models/SWAN/source-analysis/swan-propagation-implementation.md,198,[file=src/swancom1.ftn line=1487],swancom1.ftn,1487-1487,1,RESOLVED,False,True,False
models/SWAN/source-analysis/swan-propagation-implementation.md,205,[file=src/swancom1.ftn line=8655-8863],swancom1.ftn,8655-8863,209,RESOLVED,False,True,False
models/SWAN/source-analysis/swan-propagation-implementation.md,206,[file=src/swancom1.ftn line=9151-9373],swancom1.ftn,9151-9373,223,RESOLVED,False,True,False
models/SWAN/source-analysis/swan-propagation-implementation.md,247,src/swancom1.ftn,swancom1.ftn,,0,RESOLVED,False,True,False
models/SWAN/source-analysis/swan-propagation-implementation.md,248,src/swancom5.ftn,swancom5.ftn,,0,RESOLVED,False,False,False
models/SWAN/source-analysis/swan-propagation-implementation.md,249,src/swanmain.ftn,swanmain.ftn,,0,RESOLVED,False,True,False
models/SWAN/source-analysis/swan-propagation-implementation.md,268,swancom1.ftn,swancom1.ftn,,0,RESOLVED,False,True,False
models/SWAN/source-analysis/swan-propagation-implementation.md,268,swancom5.ftn,swancom5.ftn,,0,RESOLVED,False,False,False
models/SWAN/source-analysis/swan-propagation-implementation.md,268,swanmain.ftn,swanmain.ftn,,0,RESOLVED,False,True,False
models/SWAN/source-analysis/swan-quasi-coherent.md,2,SwanQCM.ftn90,SwanQCM.ftn90,,0,RESOLVED,True,False,False
models/SWAN/source-analysis/swan-quasi-coherent.md,6,models/SWAN/raw/source_code/swan/src/SwanQCM.ftn90,SwanQCM.ftn90,,0,RESOLVED,True,False,False
models/SWAN/source-analysis/swan-quasi-coherent.md,20,SwanQCM.ftn90,SwanQCM.ftn90,,0,RESOLVED,False,False,False
models/SWAN/source-analysis/swan-quasi-coherent.md,24,SwanQCM.ftn90,SwanQCM.ftn90,,0,RESOLVED,False,False,False
models/SWAN/source-analysis/swan-quasi-coherent.md,100,SwanQCM.ftn90,SwanQCM.ftn90,,0,RESOLVED,False,False,False
models/SWAN/source-analysis/swan-schemes-implementation.md,21,src/swancom1.ftn,swancom1.ftn,,0,RESOLVED,False,True,False
models/SWAN/source-analysis/swan-schemes-implementation.md,21,src/swancom5.ftn,swancom5.ftn,,0,RESOLVED,False,False,False
models/SWAN/source-analysis/swan-schemes-implementation.md,21,src/swanpre1.ftn,swanpre1.ftn,,0,RESOLVED,False,False,False
models/SWAN/source-analysis/swan-schemes-implementation.md,32,[file=src/swanmain.ftn line=1179-1183],swanmain.ftn,1179-1183,5,RESOLVED,False,True,False
models/SWAN/source-analysis/swan-schemes-implementation.md,32,[file=src/swanmain.ftn line=6354-6358],swanmain.ftn,6354-6358,5,RESOLVED,False,True,False
models/SWAN/source-analysis/swan-schemes-implementation.md,34,[file=src/swancom1.ftn line=3052],swancom1.ftn,3052-3052,1,RESOLVED,False,True,False
models/SWAN/source-analysis/swan-schemes-implementation.md,35,[file=src/swancom1.ftn line=3099-3233],swancom1.ftn,3099-3233,135,RESOLVED,False,True,False
models/SWAN/source-analysis/swan-schemes-implementation.md,37,[file=src/swanpre1.ftn line=793-795],swanpre1.ftn,793-795,3,RESOLVED,False,False,False
models/SWAN/source-analysis/swan-schemes-implementation.md,37,[file=src/swanmain.ftn line=4094-4095],swanmain.ftn,4094-4095,2,RESOLVED,False,True,False
models/SWAN/source-analysis/swan-schemes-implementation.md,41,[file=src/swancom1.ftn line=5401-5404],swancom1.ftn,5401-5404,4,RESOLVED,False,True,False
models/SWAN/source-analysis/swan-schemes-implementation.md,42,[file=src/swancom5.ftn line=2238],swancom5.ftn,2238-2238,1,RESOLVED,False,False,False
models/SWAN/source-analysis/swan-schemes-implementation.md,45,"[file=src/swancom5.ftn line=2467, 2473-2476]",swancom5.ftn,2467-2467;2473-2476,5,RESOLVED,False,False,False
models/SWAN/source-analysis/swan-schemes-implementation.md,46,"[file=src/swancom5.ftn line=2498, 2504-2507]",swancom5.ftn,2498-2498;2504-2507,5,RESOLVED,False,False,False
models/SWAN/source-analysis/swan-schemes-implementation.md,47,[file=src/swancom1.ftn line=999-1001],swancom1.ftn,999-1001,3,RESOLVED,False,True,False
models/SWAN/source-analysis/swan-schemes-implementation.md,49,[file=src/swancom5.ftn line=2420-2422],swancom5.ftn,2420-2422,3,RESOLVED,False,False,False
models/SWAN/source-analysis/swan-schemes-implementation.md,55,[file=src/swancom1.ftn line=5396-5400],swancom1.ftn,5396-5400,5,RESOLVED,False,True,False
models/SWAN/source-analysis/swan-schemes-implementation.md,56,[file=src/swancom5.ftn line=2566],swancom5.ftn,2566-2566,1,RESOLVED,False,False,False
models/SWAN/source-analysis/swan-schemes-implementation.md,57,[file=src/swancom1.ftn line=996-998],swancom1.ftn,996-998,3,RESOLVED,False,True,False
models/SWAN/source-analysis/swan-schemes-implementation.md,61,[file=src/swancom5.ftn line=3033-3034],swancom5.ftn,3033-3034,2,RESOLVED,False,False,False
models/SWAN/source-analysis/swan-schemes-implementation.md,66,[file=src/swancom5.ftn line=3028-3032],swancom5.ftn,3028-3032,5,RESOLVED,False,False,False
models/SWAN/source-analysis/swan-schemes-implementation.md,70,[file=src/swancom1.ftn line=3302-3333],swancom1.ftn,3302-3333,32,RESOLVED,False,True,False
models/SWAN/source-analysis/swan-schemes-implementation.md,70,"[file=src/swancom5.ftn line=2964-2971, 2982-2997, 3028-3032]",swancom5.ftn,2964-2971;2982-2997;3028-3032,29,RESOLVED,False,False,False
models/SWAN/source-analysis/swan-schemes-implementation.md,74,"[file=src/swancom5.ftn line=2940-2971, 2975-2997, 3033-3034]",swancom5.ftn,2940-2971;2975-2997;3033-3034,57,RESOLVED,False,False,False
models/SWAN/source-analysis/swan-schemes-implementation.md,78,[file=src/swanmain.ftn line=6564-6568],swanmain.ftn,6564-6568,5,RESOLVED,False,True,False
models/SWAN/source-analysis/swan-schemes-implementation.md,91,"[file=src/swancom5.ftn line=2148-2156, 2183-2190]",swancom5.ftn,2148-2156;2183-2190,17,RESOLVED,False,False,False
models/SWAN/source-analysis/swan-schemes-implementation.md,97,[file=src/swanpre1.ftn line=796-802],swanpre1.ftn,796-802,7,RESOLVED,False,False,False
models/SWAN/source-analysis/swan-schemes-implementation.md,97,[file=src/swanpre1.ftn line=797-800],swanpre1.ftn,797-800,4,RESOLVED,False,False,False
models/SWAN/source-analysis/swan-schemes-implementation.md,98,[file=src/swancom5.ftn line=2916-2935],swancom5.ftn,2916-2935,20,RESOLVED,False,False,False
models/SWAN/source-analysis/swan-schemes-implementation.md,101,[file=src/swancom5.ftn line=3000-3017],swancom5.ftn,3000-3017,18,RESOLVED,False,False,False
models/SWAN/source-analysis/swan-schemes-implementation.md,107,[file=src/swanpre1.ftn line=803-805],swanpre1.ftn,803-805,3,RESOLVED,False,False,False
models/SWAN/source-analysis/swan-schemes-implementation.md,108,[file=src/swancom1.ftn line=5471-5479],swancom1.ftn,5471-5479,9,RESOLVED,False,True,False
models/SWAN/source-analysis/swan-schemes-implementation.md,124,"[file=src/swancom5.ftn line=5308, 5352-5363, 5408-5418]",swancom5.ftn,5308-5308;5352-5363;5408-5418,24,RESOLVED,False,False,False
models/SWAN/source-analysis/swan-schemes-implementation.md,154,src/swanpre1.ftn,swanpre1.ftn,,0,RESOLVED,False,False,False
models/SWAN/source-analysis/swan-schemes-implementation.md,155,src/swancom1.ftn,swancom1.ftn,,0,RESOLVED,False,True,False
models/SWAN/source-analysis/swan-schemes-implementation.md,156,src/swancom5.ftn,swancom5.ftn,,0,RESOLVED,False,False,False
models/SWAN/source-analysis/swan-schemes-implementation.md,157,src/swanmain.ftn,swanmain.ftn,,0,RESOLVED,False,True,False
models/SWAN/source-analysis/swan-setup-solver-swancom1-crosswalk.md,2,swancom1.ftn,swancom1.ftn,,0,RESOLVED,True,True,False
models/SWAN/source-analysis/swan-setup-solver-swancom1-crosswalk.md,8,models/SWAN/raw/source_code/swan/src/swancom1.ftn,swancom1.ftn,,0,RESOLVED,True,True,False
models/SWAN/source-analysis/swan-setup-solver-swancom1-crosswalk.md,10,swanmain.ftn:1269-1271,swanmain.ftn,1269-1271,3,RESOLVED,True,True,False
models/SWAN/source-analysis/swan-setup-solver-swancom1-crosswalk.md,26,swancom1.ftn,swancom1.ftn,,0,RESOLVED,False,True,False
models/SWAN/source-analysis/swan-setup-solver-swancom1-crosswalk.md,28,swancom1.ftn,swancom1.ftn,,0,RESOLVED,False,True,False
models/SWAN/source-analysis/swan-setup-solver-swancom1-crosswalk.md,33,swancom1.ftn:9970-9984,swancom1.ftn,9970-9984,15,RESOLVED,False,True,False
models/SWAN/source-analysis/swan-setup-solver-swancom1-crosswalk.md,34,swancom1.ftn:10001-10015,swancom1.ftn,10001-10015,15,RESOLVED,False,True,False
models/SWAN/source-analysis/swan-setup-solver-swancom1-crosswalk.md,125,swanmain.ftn:1269-1271,swanmain.ftn,1269-1271,3,RESOLVED,False,True,False
models/SWAN/source-analysis/swan-setup-solver-swancom1-crosswalk.md,151,swancom1.ftn,swancom1.ftn,,0,RESOLVED,False,True,False
models/SWAN/source-analysis/swan-source-coverage-audit.md,51,swanmain.ftn,swanmain.ftn,,0,RESOLVED,False,True,False
models/SWAN/source-analysis/swan-source-coverage-audit.md,52,swancom1.ftn,swancom1.ftn,,0,RESOLVED,False,True,False
models/SWAN/source-analysis/swan-source-coverage-audit.md,53,swancom2.ftn,swancom2.ftn,,0,RESOLVED,False,False,False
models/SWAN/source-analysis/swan-source-coverage-audit.md,53,swancom3.ftn,swancom3.ftn,,0,RESOLVED,False,False,False
models/SWAN/source-analysis/swan-source-coverage-audit.md,53,swancom4.ftn,swancom4.ftn,,0,RESOLVED,False,False,False
models/SWAN/source-analysis/swan-source-coverage-audit.md,53,swancom5.ftn,swancom5.ftn,,0,RESOLVED,False,False,False
models/SWAN/source-analysis/swan-source-coverage-audit.md,54,swanout1.ftn,swanout1.ftn,,0,RESOLVED,False,False,False
models/SWAN/source-analysis/swan-source-coverage-audit.md,54,swanout2.ftn,swanout2.ftn,,0,RESOLVED,False,False,False
models/SWAN/source-analysis/swan-source-coverage-audit.md,55,swanpre1.ftn,swanpre1.ftn,,0,RESOLVED,False,False,False
models/SWAN/source-analysis/swan-source-coverage-audit.md,55,swanpre2.ftn,swanpre2.ftn,,0,RESOLVED,False,False,False
models/SWAN/source-analysis/swan-source-coverage-audit.md,56,swanparll.ftn,swanparll.ftn,,0,RESOLVED,False,False,False
models/SWAN/source-analysis/swan-source-coverage-audit.md,57,swanser.ftn,swanser.ftn,,0,RESOLVED,False,False,False
models/SWAN/source-analysis/swan-source-coverage-audit.md,63,fftpack51.ftn90,fftpack51.ftn90,,0,RESOLVED,False,False,False
models/SWAN/source-analysis/swan-source-coverage-audit.md,64,mod_xnl4v5.ftn90,mod_xnl4v5.ftn90,,0,RESOLVED,False,False,False
models/SWAN/source-analysis/swan-source-coverage-audit.md,65,serv_xnl4v5.ftn90,serv_xnl4v5.ftn90,,0,RESOLVED,False,False,False
models/SWAN/source-analysis/swan-source-coverage-audit.md,66,m_constants.ftn90,m_constants.ftn90,,0,RESOLVED,False,False,False
models/SWAN/source-analysis/swan-source-coverage-audit.md,66,m_fileio.ftn90,m_fileio.ftn90,,0,RESOLVED,False,False,False
models/SWAN/source-analysis/swan-source-coverage-audit.md,67,agioncmd.ftn90,agioncmd.ftn90,,0,RESOLVED,False,False,False
models/SWAN/source-analysis/swan-source-coverage-audit.md,68,nctablemd.ftn90,nctablemd.ftn90,,0,RESOLVED,False,False,False
models/SWAN/source-analysis/swan-source-coverage-audit.md,68,swn_outnc.ftn90,swn_outnc.ftn90,,0,RESOLVED,False,False,False
models/SWAN/source-analysis/swan-source-coverage-audit.md,69,ocpcre.ftn,ocpcre.ftn,,0,RESOLVED,False,False,False
models/SWAN/source-analysis/swan-source-coverage-audit.md,69,ocpids.ftn,ocpids.ftn,,0,RESOLVED,False,False,False
models/SWAN/source-analysis/swan-source-coverage-audit.md,69,ocpmix.ftn,ocpmix.ftn,,0,RESOLVED,False,False,False
models/SWAN/source-analysis/swan-source-coverage-audit.md,70,swmod1.ftn,swmod1.ftn,,0,RESOLVED,False,False,False
models/SWAN/source-analysis/swan-source-coverage-audit.md,70,swmod2.ftn,swmod2.ftn,,0,RESOLVED,False,False,False
models/SWAN/source-analysis/swan-source-coverage-audit.md,73,fftpack51.ftn90,fftpack51.ftn90,,0,RESOLVED,False,False,False
models/SWAN/source-analysis/swan-source-coverage-audit.md,73,swancom1.ftn,swancom1.ftn,,0,RESOLVED,False,True,False
models/SWAN/source-analysis/swan-source-coverage-audit.md,73,mod_xnl4v5.ftn90,mod_xnl4v5.ftn90,,0,RESOLVED,False,False,False
models/SWAN/source-analysis/swan-source-coverage-audit.md,73,swanmain.ftn,swanmain.ftn,,0,RESOLVED,False,True,False
models/SWAN/source-analysis/swan-source-coverage-audit.md,86,SdsBabanin.ftn90,SdsBabanin.ftn90,,0,RESOLVED,False,False,False
models/SWAN/source-analysis/swan-source-coverage-audit.md,91,SwanParallel.ftn90,SwanParallel.ftn90,,0,RESOLVED,False,False,False
models/SWAN/source-analysis/swan-source-coverage-audit.md,91,swanparll.ftn,swanparll.ftn,,0,RESOLVED,False,False,False
models/SWAN/source-analysis/swan-source-coverage-audit.md,104,SwanIEM.ftn90,SwanIEM.ftn90,,0,RESOLVED,False,False,False
models/SWAN/source-analysis/swan-source-coverage-audit.md,118,SwanBraggScat.ftn90,SwanBraggScat.ftn90,,0,RESOLVED,False,False,False
models/SWAN/source-analysis/swan-source-coverage-audit.md,131,SwanGSECorr.ftn90,SwanGSECorr.ftn90,,0,RESOLVED,False,False,False
models/SWAN/source-analysis/swan-source-coverage-audit.md,144,SwanQCM.ftn90,SwanQCM.ftn90,,0,RESOLVED,False,False,False
models/SWAN/source-analysis/swan-source-coverage-audit.md,160,mod_xnl4v5.ftn90,mod_xnl4v5.ftn90,,0,RESOLVED,False,False,False
models/SWAN/source-analysis/swan-source-coverage-audit.md,176,SwanReadADCGrid.ftn90,SwanReadADCGrid.ftn90,,0,RESOLVED,False,False,False
models/SWAN/source-analysis/swan-source-coverage-audit.md,180,SwanReadEasymeshGrid.ftn90,SwanReadEasymeshGrid.ftn90,,0,RESOLVED,False,False,False
models/SWAN/source-analysis/swan-source-coverage-audit.md,184,SwanReadTriangleGrid.ftn90,SwanReadTriangleGrid.ftn90,,0,RESOLVED,False,False,False
models/SWAN/source-analysis/swan-source-coverage-audit.md,192,SwanCompUnstruc.ftn90,SwanCompUnstruc.ftn90,,0,RESOLVED,False,True,False
models/SWAN/source-analysis/swan-source-coverage-audit.md,205,fftpack51.ftn90,fftpack51.ftn90,,0,RESOLVED,False,False,False
models/SWAN/source-analysis/swan-source-coverage-audit.md,210,swancom1.ftn,swancom1.ftn,,0,RESOLVED,False,True,False
models/SWAN/source-analysis/swan-source-coverage-audit.md,214,swanmain.ftn,swanmain.ftn,,0,RESOLVED,False,True,False
models/SWAN/source-analysis/swan-source-coverage-audit.md,223,SwanIEM.ftn90,SwanIEM.ftn90,,0,RESOLVED,False,False,False
models/SWAN/source-analysis/swan-source-coverage-audit.md,224,SwanBraggScat.ftn90,SwanBraggScat.ftn90,,0,RESOLVED,False,False,False
models/SWAN/source-analysis/swan-source-coverage-audit.md,225,SwanGSECorr.ftn90,SwanGSECorr.ftn90,,0,RESOLVED,False,False,False
models/SWAN/source-analysis/swan-source-coverage-audit.md,226,SwanQCM.ftn90,SwanQCM.ftn90,,0,RESOLVED,False,False,False
models/SWAN/source-analysis/swan-source-coverage-audit.md,227,mod_xnl4v5.ftn90,mod_xnl4v5.ftn90,,0,RESOLVED,False,False,False
models/SWAN/source-analysis/swan-source-coverage-audit.md,228,SwanCompUnstruc.ftn90,SwanCompUnstruc.ftn90,,0,RESOLVED,False,True,False
models/SWAN/source-analysis/swan-source-coverage-audit.md,249,mod_xnl4v5.ftn90,mod_xnl4v5.ftn90,,0,RESOLVED,False,False,False
models/SWAN/source-analysis/swan-source-coverage-audit.md,250,fftpack51.ftn90,fftpack51.ftn90,,0,RESOLVED,False,False,False
models/SWAN/source-analysis/swan-source-coverage-audit.md,251,swancom1.ftn,swancom1.ftn,,0,RESOLVED,False,True,False
models/SWAN/source-analysis/swan-st6-babanin-implementation.md,17,SdsBabanin.ftn90,SdsBabanin.ftn90,,0,RESOLVED,False,False,False
models/SWAN/source-analysis/swan-st6-babanin-implementation.md,23,models/swan/source_code/swan/src/SdsBabanin.ftn90,SdsBabanin.ftn90,,0,RESOLVED,False,False,False
models/SWAN/source-analysis/swan-st6-babanin-implementation.md,27,[file=src/SdsBabanin.ftn90 line=3],SdsBabanin.ftn90,3-3,1,RESOLVED,False,False,False
models/SWAN/source-analysis/swan-st6-babanin-implementation.md,28,[file=src/SdsBabanin.ftn90 line=5],SdsBabanin.ftn90,5-5,1,RESOLVED,False,False,False
models/SWAN/source-analysis/swan-st6-babanin-implementation.md,35,[file=src/SdsBabanin.ftn90 line=313],SdsBabanin.ftn90,313-313,1,RESOLVED,False,False,False
models/SWAN/source-analysis/swan-st6-babanin-implementation.md,36,[file=src/SdsBabanin.ftn90 line=505-513],SdsBabanin.ftn90,505-513,9,RESOLVED,False,False,False
models/SWAN/source-analysis/swan-st6-babanin-implementation.md,42,[file=src/SdsBabanin.ftn90 line=542-549],SdsBabanin.ftn90,542-549,8,RESOLVED,False,False,False
models/SWAN/source-analysis/swan-st6-babanin-implementation.md,43,[file=src/SdsBabanin.ftn90 line=552-572],SdsBabanin.ftn90,552-572,21,RESOLVED,False,False,False
models/SWAN/source-analysis/swan-st6-babanin-implementation.md,44,[file=src/SdsBabanin.ftn90 line=575-587],SdsBabanin.ftn90,575-587,13,RESOLVED,False,False,False
models/SWAN/source-analysis/swan-st6-babanin-implementation.md,45,[file=src/SdsBabanin.ftn90 line=598-602],SdsBabanin.ftn90,598-602,5,RESOLVED,False,False,False
models/SWAN/source-analysis/swan-st6-babanin-implementation.md,46,[file=src/SdsBabanin.ftn90 line=621-629],SdsBabanin.ftn90,621-629,9,RESOLVED,False,False,False
models/SWAN/source-analysis/swan-st6-babanin-implementation.md,48,[file=src/SdsBabanin.ftn90 line=630-635],SdsBabanin.ftn90,630-635,6,RESOLVED,False,False,False
models/SWAN/source-analysis/swan-st6-babanin-implementation.md,50,[file=src/SdsBabanin.ftn90 line=643-656],SdsBabanin.ftn90,643-656,14,RESOLVED,False,False,False
models/SWAN/source-analysis/swan-st6-babanin-implementation.md,51,[file=src/SdsBabanin.ftn90 line=659-660],SdsBabanin.ftn90,659-660,2,RESOLVED,False,False,False
models/SWAN/source-analysis/swan-st6-babanin-implementation.md,52,[file=src/SdsBabanin.ftn90 line=722-726],SdsBabanin.ftn90,722-726,5,RESOLVED,False,False,False
models/SWAN/source-analysis/swan-st6-babanin-implementation.md,59,[file=src/SdsBabanin.ftn90 line=7],SdsBabanin.ftn90,7-7,1,RESOLVED,False,False,False
models/SWAN/source-analysis/swan-st6-babanin-implementation.md,60,[file=src/SdsBabanin.ftn90 line=168],SdsBabanin.ftn90,168-168,1,RESOLVED,False,False,False
models/SWAN/source-analysis/swan-st6-babanin-implementation.md,64,[file=src/SdsBabanin.ftn90 line=184-187],SdsBabanin.ftn90,184-187,4,RESOLVED,False,False,False
models/SWAN/source-analysis/swan-st6-babanin-implementation.md,65,[file=src/SdsBabanin.ftn90 line=192-195],SdsBabanin.ftn90,192-195,4,RESOLVED,False,False,False
models/SWAN/source-analysis/swan-st6-babanin-implementation.md,66,[file=src/SdsBabanin.ftn90 line=207-219],SdsBabanin.ftn90,207-219,13,RESOLVED,False,False,False
models/SWAN/source-analysis/swan-st6-babanin-implementation.md,67,[file=src/SdsBabanin.ftn90 line=224-226],SdsBabanin.ftn90,224-226,3,RESOLVED,False,False,False
models/SWAN/source-analysis/swan-st6-babanin-implementation.md,68,[file=src/SdsBabanin.ftn90 line=236-248],SdsBabanin.ftn90,236-248,13,RESOLVED,False,False,False
models/SWAN/source-analysis/swan-st6-babanin-implementation.md,69,[file=src/SdsBabanin.ftn90 line=256-259],SdsBabanin.ftn90,256-259,4,RESOLVED,False,False,False
models/SWAN/source-analysis/swan-st6-babanin-implementation.md,75,[file=src/SdsBabanin.ftn90 line=665-710],SdsBabanin.ftn90,665-710,46,RESOLVED,False,False,False
models/SWAN/source-analysis/swan-st6-babanin-implementation.md,76,[file=src/SdsBabanin.ftn90 line=686],SdsBabanin.ftn90,686-686,1,RESOLVED,False,False,False
models/SWAN/source-analysis/swan-st6-babanin-implementation.md,77,[file=src/SdsBabanin.ftn90 line=694-696],SdsBabanin.ftn90,694-696,3,RESOLVED,False,False,False
models/SWAN/source-analysis/swan-st6-babanin-implementation.md,78,[file=src/SdsBabanin.ftn90 line=702],SdsBabanin.ftn90,702-702,1,RESOLVED,False,False,False
models/SWAN/source-analysis/swan-st6-babanin-implementation.md,84,[file=src/SdsBabanin.ftn90 line=605-641],SdsBabanin.ftn90,605-641,37,RESOLVED,False,False,False
models/SWAN/source-analysis/swan-st6-babanin-implementation.md,85,[file=src/SdsBabanin.ftn90 line=646-653],SdsBabanin.ftn90,646-653,8,RESOLVED,False,False,False
models/SWAN/source-analysis/swan-st6-babanin-implementation.md,86,[file=src/SdsBabanin.ftn90 line=712-720],SdsBabanin.ftn90,712-720,9,RESOLVED,False,False,False
models/SWAN/source-analysis/swan-st6-babanin-implementation.md,89,[file=src/SdsBabanin.ftn90 line=1529],SdsBabanin.ftn90,1529-1529,1,RESOLVED,False,False,False
models/SWAN/source-analysis/swan-st6-babanin-implementation.md,90,[file=src/SdsBabanin.ftn90 line=1696-1697],SdsBabanin.ftn90,1696-1697,2,RESOLVED,False,False,False
models/SWAN/source-analysis/swan-st6-babanin-implementation.md,95,[file=src/SdsBabanin.ftn90 line=318-321],SdsBabanin.ftn90,318-321,4,RESOLVED,False,False,False
models/SWAN/source-analysis/swan-st6-babanin-implementation.md,96,[file=src/SdsBabanin.ftn90 line=7-10],SdsBabanin.ftn90,7-10,4,RESOLVED,False,False,False
models/SWAN/source-analysis/swan-st6-babanin-implementation.md,99,swancom1.ftn:6875,swancom1.ftn,6875-6875,1,RESOLVED,False,True,False
models/SWAN/source-analysis/swan-st6-babanin-implementation.md,100,swancom1.ftn:7428-7436,swancom1.ftn,7428-7436,9,RESOLVED,False,True,False
models/SWAN/source-analysis/swan-st6-babanin-implementation.md,101,swancom1.ftn:7489-7497,swancom1.ftn,7489-7497,9,RESOLVED,False,True,False
models/SWAN/source-analysis/swan-st6-babanin-implementation.md,102,swancom1.ftn:7519-7534,swancom1.ftn,7519-7534,16,RESOLVED,False,True,False
models/SWAN/source-analysis/swan-st6-babanin-implementation.md,103,swancom2.ftn:2859,swancom2.ftn,2859-2859,1,RESOLVED,False,False,False
models/SWAN/source-analysis/swan-st6-babanin-implementation.md,131,src/SdsBabanin.ftn90,SdsBabanin.ftn90,,0,RESOLVED,False,False,False
models/SWAN/source-analysis/swan-st6-babanin-implementation.md,132,src/swancom1.ftn,swancom1.ftn,,0,RESOLVED,False,True,False
models/SWAN/source-analysis/swan-st6-babanin-implementation.md,133,src/swancom2.ftn,swancom2.ftn,,0,RESOLVED,False,False,False
models/SWAN/source-analysis/swan-st6-babanin-implementation.md,142,SdsBabanin.ftn90,SdsBabanin.ftn90,,0,RESOLVED,False,False,False
models/SWAN/source-analysis/swan-stationary-vs-nonstationary.md,19,"swanpre1.ftn:738-936, 791-795, 1913-1979, 4007-4554",swanpre1.ftn,738-936;791-795;1913-1979;4007-4554,819,RESOLVED,False,False,False
models/SWAN/source-analysis/swan-stationary-vs-nonstationary.md,20,"swanmain.ftn:266-693, 493-628, 1092-1095, 6889-6904",swanmain.ftn,266-693;493-628;1092-1095;6889-6904,584,RESOLVED,False,True,False
models/SWAN/source-analysis/swan-stationary-vs-nonstationary.md,21,"swancom1.ftn:724-2356, 5393-5411, 9618-9928",swancom1.ftn,724-2356;5393-5411;9618-9928,1963,RESOLVED,False,True,False
models/SWAN/source-analysis/swan-stationary-vs-nonstationary.md,22,"swancom5.ftn:2148-2904, 2629-2700",swancom5.ftn,2148-2904;2629-2700,829,RESOLVED,False,False,False
models/SWAN/source-analysis/swan-stationary-vs-nonstationary.md,23,"swmod1.ftn:2272-2403, 2869-2874",swmod1.ftn,2272-2403;2869-2874,138,RESOLVED,False,False,False
models/SWAN/source-analysis/swan-stationary-vs-nonstationary.md,24,swmod2.ftn:990-1028,swmod2.ftn,990-1028,39,RESOLVED,False,False,False
models/SWAN/source-analysis/swan-stationary-vs-nonstationary.md,25,SwanCompUnstruc.ftn90:780-1080,SwanCompUnstruc.ftn90,780-1080,301,RESOLVED,False,True,False
models/SWAN/source-analysis/swan-stationary-vs-nonstationary.md,25,SwanVertlist.ftn90:45-181,SwanVertlist.ftn90,45-181,137,RESOLVED,False,True,False
models/SWAN/source-analysis/swan-stationary-vs-nonstationary.md,29,swanpre1.ftn:738-752,swanpre1.ftn,738-752,15,RESOLVED,False,False,False
models/SWAN/source-analysis/swan-stationary-vs-nonstationary.md,42,swanmain.ftn:571,swanmain.ftn,571-571,1,RESOLVED,False,True,False
models/SWAN/source-analysis/swan-stationary-vs-nonstationary.md,50,swanmain.ftn:1092-1095,swanmain.ftn,1092-1095,4,RESOLVED,False,True,False
models/SWAN/source-analysis/swan-stationary-vs-nonstationary.md,52,swanpre1.ftn:1913-1979,swanpre1.ftn,1913-1979,67,RESOLVED,False,False,False
models/SWAN/source-analysis/swan-stationary-vs-nonstationary.md,54,swmod1.ftn:2393-2403,swmod1.ftn,2393-2403,11,RESOLVED,False,False,False
models/SWAN/source-analysis/swan-stationary-vs-nonstationary.md,59,swancom1.ftn:1487,swancom1.ftn,1487-1487,1,RESOLVED,False,True,False
models/SWAN/source-analysis/swan-stationary-vs-nonstationary.md,69,swancom1.ftn:724-740,swancom1.ftn,724-740,17,RESOLVED,False,True,False
models/SWAN/source-analysis/swan-stationary-vs-nonstationary.md,77,swancom1.ftn:1741-1817,swancom1.ftn,1741-1817,77,RESOLVED,False,True,False
models/SWAN/source-analysis/swan-stationary-vs-nonstationary.md,84,swanmain.ftn:586-595,swanmain.ftn,586-595,10,RESOLVED,False,True,False
models/SWAN/source-analysis/swan-stationary-vs-nonstationary.md,90,swancom5.ftn:2177-2188,swancom5.ftn,2177-2188,12,RESOLVED,False,False,False
models/SWAN/source-analysis/swan-stationary-vs-nonstationary.md,97,swmod1.ftn:2869-2874,swmod1.ftn,2869-2874,6,RESOLVED,False,False,False
models/SWAN/source-analysis/swan-stationary-vs-nonstationary.md,105,swanpre1.ftn:791-795,swanpre1.ftn,791-795,5,RESOLVED,False,False,False
models/SWAN/source-analysis/swan-stationary-vs-nonstationary.md,107,swancom1.ftn:3052-3078,swancom1.ftn,3052-3078,27,RESOLVED,False,True,False
models/SWAN/source-analysis/swan-stationary-vs-nonstationary.md,114,swancom1.ftn:5393-5411,swancom1.ftn,5393-5411,19,RESOLVED,False,True,False
models/SWAN/source-analysis/swan-stationary-vs-nonstationary.md,119,swancom5.ftn:2304-2422,swancom5.ftn,2304-2422,119,RESOLVED,False,False,False
models/SWAN/source-analysis/swan-stationary-vs-nonstationary.md,126,swanmain.ftn:493-495,swanmain.ftn,493-495,3,RESOLVED,False,True,False
models/SWAN/source-analysis/swan-stationary-vs-nonstationary.md,129,SwanVertlist.ftn90:45-181,SwanVertlist.ftn90,45-181,137,RESOLVED,False,True,False
models/SWAN/source-analysis/swan-stationary-vs-nonstationary.md,134,SwanCompUnstruc.ftn90:829-987,SwanCompUnstruc.ftn90,829-987,159,RESOLVED,False,True,False
models/SWAN/source-analysis/swan-stationary-vs-nonstationary.md,142,swmod2.ftn:990-1028,swmod2.ftn,990-1028,39,RESOLVED,False,False,False
models/SWAN/source-analysis/swan-stationary-vs-nonstationary.md,142,swanpre1.ftn:4979-4989,swanpre1.ftn,4979-4989,11,RESOLVED,False,False,False
models/SWAN/source-analysis/swan-stationary-vs-nonstationary.md,144,"swanmain.ftn:266, 296",swanmain.ftn,266-266;296-296,2,RESOLVED,False,True,False
models/SWAN/source-analysis/swan-stationary-vs-nonstationary.md,150,swanmain.ftn:497-519,swanmain.ftn,497-519,23,RESOLVED,False,True,False
models/SWAN/source-analysis/swan-stationary-vs-nonstationary.md,163,swancom5.ftn:2899-2904,swancom5.ftn,2899-2904,6,RESOLVED,False,False,False
models/SWAN/source-analysis/swan-stationary-vs-nonstationary.md,170,"swanpre1.ftn:4007-4010, 4553-4554",swanpre1.ftn,4007-4010;4553-4554,6,RESOLVED,False,False,False
models/SWAN/source-analysis/swan-surfbeat-iem.md,2,SwanIEM.ftn90,SwanIEM.ftn90,,0,RESOLVED,True,False,False
models/SWAN/source-analysis/swan-surfbeat-iem.md,6,models/SWAN/raw/source_code/swan/src/SwanIEM.ftn90,SwanIEM.ftn90,,0,RESOLVED,True,False,False
models/SWAN/source-analysis/swan-surfbeat-iem.md,19,SwanIEM.ftn90,SwanIEM.ftn90,,0,RESOLVED,False,False,False
models/SWAN/source-analysis/swan-surfbeat-iem.md,23,SwanIEM.ftn90,SwanIEM.ftn90,,0,RESOLVED,False,False,False
models/SWAN/source-analysis/swan-time-stepping-implementation.md,24,src/swanmain.ftn,swanmain.ftn,,0,RESOLVED,False,True,False
models/SWAN/source-analysis/swan-time-stepping-implementation.md,25,src/swanpre1.ftn,swanpre1.ftn,,0,RESOLVED,False,False,False
models/SWAN/source-analysis/swan-time-stepping-implementation.md,26,src/swancom5.ftn,swancom5.ftn,,0,RESOLVED,False,False,False
models/SWAN/source-analysis/swan-time-stepping-implementation.md,27,src/swanout1.ftn,swanout1.ftn,,0,RESOLVED,False,False,False
models/SWAN/source-analysis/swan-time-stepping-implementation.md,31,[file=src/swanmain.ftn line=571],swanmain.ftn,571-571,1,RESOLVED,False,True,False
models/SWAN/source-analysis/swan-time-stepping-implementation.md,42,[file=src/swanmain.ftn line=544-562],swanmain.ftn,544-562,19,RESOLVED,False,True,False
models/SWAN/source-analysis/swan-time-stepping-implementation.md,44,[file=src/swanmain.ftn line=688-693],swanmain.ftn,688-693,6,RESOLVED,False,True,False
models/SWAN/source-analysis/swan-time-stepping-implementation.md,48,[file=src/swanpre1.ftn line=875-905],swanpre1.ftn,875-905,31,RESOLVED,False,False,False
models/SWAN/source-analysis/swan-time-stepping-implementation.md,49,[file=src/swanpre1.ftn line=888-891],swanpre1.ftn,888-891,4,RESOLVED,False,False,False
models/SWAN/source-analysis/swan-time-stepping-implementation.md,50,[file=src/swanpre1.ftn line=903-905],swanpre1.ftn,903-905,3,RESOLVED,False,False,False
models/SWAN/source-analysis/swan-time-stepping-implementation.md,50,[file=src/swanpre1.ftn line=913-915],swanpre1.ftn,913-915,3,RESOLVED,False,False,False
models/SWAN/source-analysis/swan-time-stepping-implementation.md,50,[file=src/swanpre1.ftn line=919],swanpre1.ftn,919-919,1,RESOLVED,False,False,False
models/SWAN/source-analysis/swan-time-stepping-implementation.md,52,[file=src/swanpre1.ftn line=925-930],swanpre1.ftn,925-930,6,RESOLVED,False,False,False
models/SWAN/source-analysis/swan-time-stepping-implementation.md,54,[file=src/swanmain.ftn line=394-400],swanmain.ftn,394-400,7,RESOLVED,False,True,False
models/SWAN/source-analysis/swan-time-stepping-implementation.md,54,[file=src/swanmain.ftn line=571],swanmain.ftn,571-571,1,RESOLVED,False,True,False
models/SWAN/source-analysis/swan-time-stepping-implementation.md,54,[file=src/swanmain.ftn line=610],swanmain.ftn,610-610,1,RESOLVED,False,True,False
models/SWAN/source-analysis/swan-time-stepping-implementation.md,54,[file=src/swanmain.ftn line=620-627],swanmain.ftn,620-627,8,RESOLVED,False,True,False
models/SWAN/source-analysis/swan-time-stepping-implementation.md,58,[file=src/swancom5.ftn line=2177-2184],swancom5.ftn,2177-2184,8,RESOLVED,False,False,False
models/SWAN/source-analysis/swan-time-stepping-implementation.md,64,[file=src/swancom5.ftn line=2179-2181],swancom5.ftn,2179-2181,3,RESOLVED,False,False,False
models/SWAN/source-analysis/swan-time-stepping-implementation.md,68,[file=src/swancom5.ftn line=2181],swancom5.ftn,2181-2181,1,RESOLVED,False,False,False
models/SWAN/source-analysis/swan-time-stepping-implementation.md,73,[file=src/swanmain.ftn line=586-595],swanmain.ftn,586-595,10,RESOLVED,False,True,False
models/SWAN/source-analysis/swan-time-stepping-implementation.md,73,[file=src/swanmain.ftn line=7020-7166],swanmain.ftn,7020-7166,147,RESOLVED,False,True,False
models/SWAN/source-analysis/swan-time-stepping-implementation.md,74,[file=src/swanmain.ftn line=7023-7029],swanmain.ftn,7023-7029,7,RESOLVED,False,True,False
models/SWAN/source-analysis/swan-time-stepping-implementation.md,75,[file=src/swanmain.ftn line=7093],swanmain.ftn,7093-7093,1,RESOLVED,False,True,False
models/SWAN/source-analysis/swan-time-stepping-implementation.md,76,[file=src/swanmain.ftn line=7161-7166],swanmain.ftn,7161-7166,6,RESOLVED,False,True,False
models/SWAN/source-analysis/swan-time-stepping-implementation.md,80,[file=src/swanmain.ftn line=8828-8850],swanmain.ftn,8828-8850,23,RESOLVED,False,True,False
models/SWAN/source-analysis/swan-time-stepping-implementation.md,90,[file=src/swanmain.ftn line=6916-6919],swanmain.ftn,6916-6919,4,RESOLVED,False,True,False
models/SWAN/source-analysis/swan-time-stepping-implementation.md,91,[file=src/swanmain.ftn line=7724-7754],swanmain.ftn,7724-7754,31,RESOLVED,False,True,False
models/SWAN/source-analysis/swan-time-stepping-implementation.md,92,[file=src/swanmain.ftn line=8033-8048],swanmain.ftn,8033-8048,16,RESOLVED,False,True,False
models/SWAN/source-analysis/swan-time-stepping-implementation.md,93,[file=src/swanmain.ftn line=6941-6946],swanmain.ftn,6941-6946,6,RESOLVED,False,True,False
models/SWAN/source-analysis/swan-time-stepping-implementation.md,97,[file=src/swanpre2.ftn line=1486-1487],swanpre2.ftn,1486-1487,2,RESOLVED,False,False,False
models/SWAN/source-analysis/swan-time-stepping-implementation.md,97,[file=src/swanpre2.ftn line=1837-1838],swanpre2.ftn,1837-1838,2,RESOLVED,False,False,False
models/SWAN/source-analysis/swan-time-stepping-implementation.md,97,[file=src/swanpre2.ftn line=1961-1962],swanpre2.ftn,1961-1962,2,RESOLVED,False,False,False
models/SWAN/source-analysis/swan-time-stepping-implementation.md,98,[file=src/swanmain.ftn line=677-680],swanmain.ftn,677-680,4,RESOLVED,False,True,False
models/SWAN/source-analysis/swan-time-stepping-implementation.md,99,[file=src/swanout1.ftn line=682-704],swanout1.ftn,682-704,23,RESOLVED,False,False,False
models/SWAN/source-analysis/swan-time-stepping-implementation.md,102,[file=src/swanout1.ftn line=436-509],swanout1.ftn,436-509,74,RESOLVED,False,False,False
models/SWAN/source-analysis/swan-time-stepping-implementation.md,104,[file=src/swanout1.ftn line=693-694],swanout1.ftn,693-694,2,RESOLVED,False,False,False
models/SWAN/source-analysis/swan-time-stepping-implementation.md,108,[file=src/swancom5.ftn line=2889-2894],swancom5.ftn,2889-2894,6,RESOLVED,False,False,False
models/SWAN/source-analysis/swan-time-stepping-implementation.md,113,[file=src/swancom5.ftn line=2893-2904],swancom5.ftn,2893-2904,12,RESOLVED,False,False,False
models/SWAN/source-analysis/swan-time-stepping-implementation.md,115,"[file=src/swanpre1.ftn line=2037,2051,2059]",swanpre1.ftn,2037-2037;2051-2051;2059-2059,3,RESOLVED,False,False,False
models/SWAN/source-analysis/swan-time-stepping-implementation.md,117,[file=src/swanmain.ftn line=523-528],swanmain.ftn,523-528,6,RESOLVED,False,True,False
models/SWAN/source-analysis/swan-time-stepping-implementation.md,117,[file=src/swanmain.ftn line=573-578],swanmain.ftn,573-578,6,RESOLVED,False,True,False
models/SWAN/source-analysis/swan-time-stepping-implementation.md,123,swancom5.ftn:2893,swancom5.ftn,2893-2893,1,RESOLVED,False,False,False
models/SWAN/source-analysis/swan-time-stepping-implementation.md,124,swanout1.ftn:682-704,swanout1.ftn,682-704,23,RESOLVED,False,False,False
models/SWAN/source-analysis/swan-time-stepping-implementation.md,125,swanmain.ftn:8828-8850,swanmain.ftn,8828-8850,23,RESOLVED,False,True,False
models/SWAN/source-analysis/swan-time-stepping-implementation.md,126,swanmain.ftn:8019,swanmain.ftn,8019-8019,1,RESOLVED,False,True,False
models/SWAN/source-analysis/swan-time-stepping-implementation.md,127,swancom5.ftn:2179-2181,swancom5.ftn,2179-2181,3,RESOLVED,False,False,False
models/SWAN/source-analysis/swan-time-stepping-implementation.md,144,src/swanmain.ftn,swanmain.ftn,,0,RESOLVED,False,True,False
models/SWAN/source-analysis/swan-time-stepping-implementation.md,145,src/swancom5.ftn,swancom5.ftn,,0,RESOLVED,False,False,False
models/SWAN/source-analysis/swan-time-stepping-implementation.md,146,src/swanpre1.ftn,swanpre1.ftn,,0,RESOLVED,False,False,False
models/SWAN/source-analysis/swan-time-stepping-implementation.md,147,src/swanout1.ftn,swanout1.ftn,,0,RESOLVED,False,False,False
models/SWAN/source-analysis/swan-unstructured-time-step.md,2,SwanCompUnstruc.ftn90,SwanCompUnstruc.ftn90,,0,RESOLVED,True,True,False
models/SWAN/source-analysis/swan-unstructured-time-step.md,6,models/SWAN/raw/source_code/swan/src/SwanCompUnstruc.ftn90,SwanCompUnstruc.ftn90,,0,RESOLVED,True,True,False
models/SWAN/source-analysis/swan-unstructured-time-step.md,23,SwanCompUnstruc.ftn90,SwanCompUnstruc.ftn90,,0,RESOLVED,False,True,False
models/SWAN/source-analysis/swan-unstructured-time-step.md,27,SwanCompUnstruc.ftn90,SwanCompUnstruc.ftn90,,0,RESOLVED,False,True,False
models/SWAN/source-analysis/swan-unstructured-time-step.md,147,SwanTranspX.ftn90,SwanTranspX.ftn90,,0,RESOLVED,False,False,False
models/SWAN/source-analysis/swan-unstructured-time-step.md,148,SwanInterpolateAc.ftn90,SwanInterpolateAc.ftn90,,0,RESOLVED,False,False,False
models/SWAN/source-analysis/swan-unstructured-time-step.md,149,SwanInterpolateOutput.ftn90,SwanInterpolateOutput.ftn90,,0,RESOLVED,False,False,False
models/SWAN/source-analysis/swan-vtk-output.md,6,models/SWAN/raw/source_code/swan/src/SwanVTKPDataSets.ftn90,SwanVTKPDataSets.ftn90,,0,RESOLVED,True,False,False
models/SWAN/source-analysis/swan-vtk-output.md,6,SwanVTKWriteData.ftn90,SwanVTKWriteData.ftn90,,0,RESOLVED,True,False,False
models/SWAN/source-analysis/swan-vtk-output.md,6,SwanVTKWriteHeader.ftn90,SwanVTKWriteHeader.ftn90,,0,RESOLVED,True,False,False
models/SWAN/source-analysis/swan-vtk-output.md,26,SwanVTKWriteHeader.ftn90,SwanVTKWriteHeader.ftn90,,0,RESOLVED,False,False,False
models/SWAN/source-analysis/swan-vtk-output.md,27,SwanVTKWriteData.ftn90,SwanVTKWriteData.ftn90,,0,RESOLVED,False,False,False
models/SWAN/source-analysis/swan-vtk-output.md,28,SwanVTKPDataSets.ftn90,SwanVTKPDataSets.ftn90,,0,RESOLVED,False,False,False
models/SWAN/source-analysis/swan-whitecapping.md,17,swancom1.ftn,swancom1.ftn,,0,RESOLVED,False,True,False
models/SWAN/source-analysis/swan-whitecapping.md,17,sources.f,sources.f,,0,UNRESOLVED_SOURCE_REFERENCE,False,False,False
models/SWAN/source-analysis/swan-whitecapping.md,21,"swanmain.ftn:1110-1112, 1340-1491",swanmain.ftn,1110-1112;1340-1491,155,RESOLVED,False,True,False
models/SWAN/source-analysis/swan-whitecapping.md,22,swanpre1.ftn:2461-3088,swanpre1.ftn,2461-3088,628,RESOLVED,False,False,False
models/SWAN/source-analysis/swan-whitecapping.md,23,"swmod1.ftn:2295-2300, 2728",swmod1.ftn,2295-2300;2728-2728,7,RESOLVED,False,False,False
models/SWAN/source-analysis/swan-whitecapping.md,24,swancom1.ftn:7287-7511,swancom1.ftn,7287-7511,225,RESOLVED,False,True,False
models/SWAN/source-analysis/swan-whitecapping.md,25,swancom2.ftn:2290-2897,swancom2.ftn,2290-2897,608,RESOLVED,False,False,False
models/SWAN/source-analysis/swan-whitecapping.md,26,swancom3.ftn:1907-2860,swancom3.ftn,1907-2860,954,RESOLVED,False,False,False
models/SWAN/source-analysis/swan-whitecapping.md,27,SdsBabanin.ftn90:44-256,SdsBabanin.ftn90,44-256,213,RESOLVED,False,False,False
models/SWAN/source-analysis/swan-whitecapping.md,31,swanmain.ftn:1110-1112,swanmain.ftn,1110-1112,3,RESOLVED,False,True,False
models/SWAN/source-analysis/swan-whitecapping.md,39,swanpre1.ftn:2808-2814,swanpre1.ftn,2808-2814,7,RESOLVED,False,False,False
models/SWAN/source-analysis/swan-whitecapping.md,49,swmod1.ftn:2295-2297,swmod1.ftn,2295-2297,3,RESOLVED,False,False,False
models/SWAN/source-analysis/swan-whitecapping.md,51,swanpre1.ftn:2461-2472,swanpre1.ftn,2461-2472,12,RESOLVED,False,False,False
models/SWAN/source-analysis/swan-whitecapping.md,53,swanmain.ftn:1340-1345,swanmain.ftn,1340-1345,6,RESOLVED,False,True,False
models/SWAN/source-analysis/swan-whitecapping.md,65,swancom2.ftn:2290-2303,swancom2.ftn,2290-2303,14,RESOLVED,False,False,False
models/SWAN/source-analysis/swan-whitecapping.md,75,swmod1.ftn:2728,swmod1.ftn,2728-2728,1,RESOLVED,False,False,False
models/SWAN/source-analysis/swan-whitecapping.md,75,swanmain.ftn:1382,swanmain.ftn,1382-1382,1,RESOLVED,False,True,False
models/SWAN/source-analysis/swan-whitecapping.md,79,swmod1.ftn:2298-2300,swmod1.ftn,2298-2300,3,RESOLVED,False,False,False
models/SWAN/source-analysis/swan-whitecapping.md,86,swanpre1.ftn:2912-2919,swanpre1.ftn,2912-2919,8,RESOLVED,False,False,False
models/SWAN/source-analysis/swan-whitecapping.md,88,swanmain.ftn:1350-1351,swanmain.ftn,1350-1351,2,RESOLVED,False,True,False
models/SWAN/source-analysis/swan-whitecapping.md,90,swanmain.ftn:6440-6444,swanmain.ftn,6440-6444,5,RESOLVED,False,True,False
models/SWAN/source-analysis/swan-whitecapping.md,94,swanpre1.ftn:2935-2940,swanpre1.ftn,2935-2940,6,RESOLVED,False,False,False
models/SWAN/source-analysis/swan-whitecapping.md,98,swancom2.ftn:2536-2538,swancom2.ftn,2536-2538,3,RESOLVED,False,False,False
models/SWAN/source-analysis/swan-whitecapping.md,108,swanmain.ftn:6426-6428,swanmain.ftn,6426-6428,3,RESOLVED,False,True,False
models/SWAN/source-analysis/swan-whitecapping.md,112,swanpre1.ftn:2983-2991,swanpre1.ftn,2983-2991,9,RESOLVED,False,False,False
models/SWAN/source-analysis/swan-whitecapping.md,114,swanpre1.ftn:2992-2995,swanpre1.ftn,2992-2995,4,RESOLVED,False,False,False
models/SWAN/source-analysis/swan-whitecapping.md,114,swanmain.ftn:1376-1380,swanmain.ftn,1376-1380,5,RESOLVED,False,True,False
models/SWAN/source-analysis/swan-whitecapping.md,116,swanmain.ftn:1380,swanmain.ftn,1380-1380,1,RESOLVED,False,True,False
models/SWAN/source-analysis/swan-whitecapping.md,118,swanpre1.ftn:3003-3027,swanpre1.ftn,3003-3027,25,RESOLVED,False,False,False
models/SWAN/source-analysis/swan-whitecapping.md,124,swancom2.ftn:2693-2859,swancom2.ftn,2693-2859,167,RESOLVED,False,False,False
models/SWAN/source-analysis/swan-whitecapping.md,126,SdsBabanin.ftn90:44-53,SdsBabanin.ftn90,44-53,10,RESOLVED,False,False,False
models/SWAN/source-analysis/swan-whitecapping.md,132,SdsBabanin.ftn90:225-256,SdsBabanin.ftn90,225-256,32,RESOLVED,False,False,False
models/SWAN/source-analysis/swan-whitecapping.md,137,swancom3.ftn:1907-1911,swancom3.ftn,1907-1911,5,RESOLVED,False,False,False
models/SWAN/source-analysis/swan-whitecapping.md,151,swancom1.ftn,swancom1.ftn,,0,RESOLVED,False,True,False
models/SWAN/source-analysis/swan-whitecapping.md,159,swancom2.ftn:2637-2646,swancom2.ftn,2637-2646,10,RESOLVED,False,False,False
models/SWAN/source-analysis/swan-whitecapping.md,173,swanpre1.ftn:3031-3034,swanpre1.ftn,3031-3034,4,RESOLVED,False,False,False
models/SWAN/source-analysis/swan-wind-formulations-implementation.md,19,SdsBabanin.ftn90,SdsBabanin.ftn90,,0,RESOLVED,False,False,False
models/SWAN/source-analysis/swan-wind-formulations-implementation.md,23,models/swan/source_code/swan/src/swancom3.ftn,swancom3.ftn,,0,RESOLVED,False,False,False
models/SWAN/source-analysis/swan-wind-formulations-implementation.md,23,swanpre1.ftn,swanpre1.ftn,,0,RESOLVED,False,False,False
models/SWAN/source-analysis/swan-wind-formulations-implementation.md,27,[file=src/swancom3.ftn line=30],swancom3.ftn,30-30,1,RESOLVED,False,False,False
models/SWAN/source-analysis/swan-wind-formulations-implementation.md,28,[file=src/swancom3.ftn line=378-401],swancom3.ftn,378-401,24,RESOLVED,False,False,False
models/SWAN/source-analysis/swan-wind-formulations-implementation.md,31,[file=src/swancom3.ftn line=246-253],swancom3.ftn,246-253,8,RESOLVED,False,False,False
models/SWAN/source-analysis/swan-wind-formulations-implementation.md,31,[file=src/swancom3.ftn line=911],swancom3.ftn,911-911,1,RESOLVED,False,False,False
models/SWAN/source-analysis/swan-wind-formulations-implementation.md,35,[file=src/swancom3.ftn line=470-500],swancom3.ftn,470-500,31,RESOLVED,False,False,False
models/SWAN/source-analysis/swan-wind-formulations-implementation.md,40,[file=src/swancom3.ftn line=512-517],swancom3.ftn,512-517,6,RESOLVED,False,False,False
models/SWAN/source-analysis/swan-wind-formulations-implementation.md,50,[file=src/swancom3.ftn line=1526],swancom3.ftn,1526-1526,1,RESOLVED,False,False,False
models/SWAN/source-analysis/swan-wind-formulations-implementation.md,51,"[file=src/swancom3.ftn line=1749-1750, 1766, 1772-1773]",swancom3.ftn,1749-1750;1766-1766;1772-1773,5,RESOLVED,False,False,False
models/SWAN/source-analysis/swan-wind-formulations-implementation.md,62,[file=src/swancom1.ftn line=7410-7418],swancom1.ftn,7410-7418,9,RESOLVED,False,True,False
models/SWAN/source-analysis/swan-wind-formulations-implementation.md,66,[file=src/swancom3.ftn line=1782],swancom3.ftn,1782-1782,1,RESOLVED,False,False,False
models/SWAN/source-analysis/swan-wind-formulations-implementation.md,71,[file=src/swancom3.ftn line=1842],swancom3.ftn,1842-1842,1,RESOLVED,False,False,False
models/SWAN/source-analysis/swan-wind-formulations-implementation.md,72,"[file=src/swancom3.ftn line=2043, 2048, 2051-2052, 2058-2059]",swancom3.ftn,2043-2043;2048-2048;2051-2052;2058-2059,6,RESOLVED,False,False,False
models/SWAN/source-analysis/swan-wind-formulations-implementation.md,85,[file=src/swancom3.ftn line=2061],swancom3.ftn,2061-2061,1,RESOLVED,False,False,False
models/SWAN/source-analysis/swan-wind-formulations-implementation.md,91,[file=src/swancom3.ftn line=2094],swancom3.ftn,2094-2094,1,RESOLVED,False,False,False
models/SWAN/source-analysis/swan-wind-formulations-implementation.md,96,[file=src/swancom3.ftn line=2331-2359],swancom3.ftn,2331-2359,29,RESOLVED,False,False,False
models/SWAN/source-analysis/swan-wind-formulations-implementation.md,96,[file=src/swancom3.ftn line=2365-2367],swancom3.ftn,2365-2367,3,RESOLVED,False,False,False
models/SWAN/source-analysis/swan-wind-formulations-implementation.md,96,[file=src/swancom3.ftn line=2583-2585],swancom3.ftn,2583-2585,3,RESOLVED,False,False,False
models/SWAN/source-analysis/swan-wind-formulations-implementation.md,101,[file=src/swancom3.ftn line=2368-2526],swancom3.ftn,2368-2526,159,RESOLVED,False,False,False
models/SWAN/source-analysis/swan-wind-formulations-implementation.md,102,[file=src/swancom3.ftn line=2533-2568],swancom3.ftn,2533-2568,36,RESOLVED,False,False,False
models/SWAN/source-analysis/swan-wind-formulations-implementation.md,103,[file=src/swancom3.ftn line=2570],swancom3.ftn,2570-2570,1,RESOLVED,False,False,False
models/SWAN/source-analysis/swan-wind-formulations-implementation.md,107,[file=src/swancom3.ftn line=2601-2615],swancom3.ftn,2601-2615,15,RESOLVED,False,False,False
models/SWAN/source-analysis/swan-wind-formulations-implementation.md,116,[file=src/swancom3.ftn line=2619],swancom3.ftn,2619-2619,1,RESOLVED,False,False,False
models/SWAN/source-analysis/swan-wind-formulations-implementation.md,122,[file=src/swancom3.ftn line=2623],swancom3.ftn,2623-2623,1,RESOLVED,False,False,False
models/SWAN/source-analysis/swan-wind-formulations-implementation.md,128,[file=src/swancom3.ftn line=2668],swancom3.ftn,2668-2668,1,RESOLVED,False,False,False
models/SWAN/source-analysis/swan-wind-formulations-implementation.md,132,"[file=src/swancom3.ftn line=2849-2853, 2868-2877]",swancom3.ftn,2849-2853;2868-2877,15,RESOLVED,False,False,False
models/SWAN/source-analysis/swan-wind-formulations-implementation.md,139,[file=src/swancom3.ftn line=2856-2861],swancom3.ftn,2856-2861,6,RESOLVED,False,False,False
models/SWAN/source-analysis/swan-wind-formulations-implementation.md,145,[file=src/swancom3.ftn line=2881],swancom3.ftn,2881-2881,1,RESOLVED,False,False,False
models/SWAN/source-analysis/swan-wind-formulations-implementation.md,149,swancom3.ftn,swancom3.ftn,,0,RESOLVED,False,False,False
models/SWAN/source-analysis/swan-wind-formulations-implementation.md,150,[file=src/swanpre1.ftn line=3059-3061],swanpre1.ftn,3059-3061,3,RESOLVED,False,False,False
models/SWAN/source-analysis/swan-wind-formulations-implementation.md,150,[file=src/swanpre1.ftn line=3273-3275],swanpre1.ftn,3273-3275,3,RESOLVED,False,False,False
models/SWAN/source-analysis/swan-wind-formulations-implementation.md,150,swanpre1.ftn,swanpre1.ftn,,0,RESOLVED,False,False,False
models/SWAN/source-analysis/swan-wind-formulations-implementation.md,152,[file=src/swmod1.ftn line=2636-2639],swmod1.ftn,2636-2639,4,RESOLVED,False,False,False
models/SWAN/source-analysis/swan-wind-formulations-implementation.md,153,[file=src/swancom1.ftn line=7416-7422],swancom1.ftn,7416-7422,7,RESOLVED,False,True,False
models/SWAN/source-analysis/swan-wind-formulations-implementation.md,153,[file=src/swancom3.ftn line=1750],swancom3.ftn,1750-1750,1,RESOLVED,False,False,False
models/SWAN/source-analysis/swan-wind-formulations-implementation.md,185,src/swancom3.ftn,swancom3.ftn,,0,RESOLVED,False,False,False
models/SWAN/source-analysis/swan-wind-formulations-implementation.md,186,src/swanpre1.ftn,swanpre1.ftn,,0,RESOLVED,False,False,False
models/SWAN/source-analysis/swan-wind-formulations-implementation.md,187,src/swancom1.ftn,swancom1.ftn,,0,RESOLVED,False,True,False
models/SWAN/source-analysis/swan-wind-formulations-implementation.md,188,src/swmod1.ftn,swmod1.ftn,,0,RESOLVED,False,False,False
models/SWAN/source-analysis/swan-xnl4-exact-quadruplet.md,2,mod_xnl4v5.ftn90,mod_xnl4v5.ftn90,,0,RESOLVED,True,False,False
models/SWAN/source-analysis/swan-xnl4-exact-quadruplet.md,6,models/SWAN/raw/source_code/swan/src/mod_xnl4v5.ftn90,mod_xnl4v5.ftn90,,0,RESOLVED,True,False,False
models/SWAN/source-analysis/swan-xnl4-exact-quadruplet.md,20,mod_xnl4v5.ftn90,mod_xnl4v5.ftn90,,0,RESOLVED,False,False,False
models/SWAN/source-analysis/swan-xnl4-exact-quadruplet.md,24,mod_xnl4v5.ftn90,mod_xnl4v5.ftn90,,0,RESOLVED,False,False,False
models/SWAN/source-analysis/wave/swan-source-terms-implementation.md,23,swancom1.ftn,swancom1.ftn,,0,RESOLVED,False,True,False
models/SWAN/source-analysis/wave/swan-source-terms-implementation.md,23,swancom2.ftn,swancom2.ftn,,0,RESOLVED,False,False,False
models/SWAN/source-analysis/wave/swan-source-terms-implementation.md,23,swancom3.ftn,swancom3.ftn,,0,RESOLVED,False,False,False
models/SWAN/source-analysis/wave/swan-source-terms-implementation.md,23,swancom4.ftn,swancom4.ftn,,0,RESOLVED,False,False,False
models/SWAN/source-analysis/wave/swan-source-terms-implementation.md,23,SdsBabanin.ftn90,SdsBabanin.ftn90,,0,RESOLVED,False,False,False
models/SWAN/source-analysis/wave/swan-source-terms-implementation.md,45,[file=src/swancom3.ftn line=30],swancom3.ftn,30-30,1,RESOLVED,False,False,False
models/SWAN/source-analysis/wave/swan-source-terms-implementation.md,45,[file=src/swancom1.ftn line=7443],swancom1.ftn,7443-7443,1,RESOLVED,False,True,False
models/SWAN/source-analysis/wave/swan-source-terms-implementation.md,46,[file=src/swancom3.ftn line=1526],swancom3.ftn,1526-1526,1,RESOLVED,False,False,False
models/SWAN/source-analysis/wave/swan-source-terms-implementation.md,46,[file=src/swancom1.ftn line=7418],swancom1.ftn,7418-7418,1,RESOLVED,False,True,False
models/SWAN/source-analysis/wave/swan-source-terms-implementation.md,47,[file=src/swancom3.ftn line=1842],swancom3.ftn,1842-1842,1,RESOLVED,False,False,False
models/SWAN/source-analysis/wave/swan-source-terms-implementation.md,47,[file=src/swancom1.ftn line=7454],swancom1.ftn,7454-7454,1,RESOLVED,False,True,False
models/SWAN/source-analysis/wave/swan-source-terms-implementation.md,48,[file=src/swancom3.ftn line=2094],swancom3.ftn,2094-2094,1,RESOLVED,False,False,False
models/SWAN/source-analysis/wave/swan-source-terms-implementation.md,48,[file=src/swancom1.ftn line=7464],swancom1.ftn,7464-7464,1,RESOLVED,False,True,False
models/SWAN/source-analysis/wave/swan-source-terms-implementation.md,49,[file=src/swancom3.ftn line=2668],swancom3.ftn,2668-2668,1,RESOLVED,False,False,False
models/SWAN/source-analysis/wave/swan-source-terms-implementation.md,49,[file=src/swancom1.ftn line=7475],swancom1.ftn,7475-7475,1,RESOLVED,False,True,False
models/SWAN/source-analysis/wave/swan-source-terms-implementation.md,50,[file=src/swancom1.ftn line=7489],swancom1.ftn,7489-7489,1,RESOLVED,False,True,False
models/SWAN/source-analysis/wave/swan-source-terms-implementation.md,50,SdsBabanin.ftn90:344,SdsBabanin.ftn90,344-344,1,RESOLVED,False,False,False
models/SWAN/source-analysis/wave/swan-source-terms-implementation.md,55,[file=src/swancom3.ftn line=512-513],swancom3.ftn,512-513,2,RESOLVED,False,False,False
models/SWAN/source-analysis/wave/swan-source-terms-implementation.md,56,[file=src/swancom3.ftn line=1782],swancom3.ftn,1782-1782,1,RESOLVED,False,False,False
models/SWAN/source-analysis/wave/swan-source-terms-implementation.md,57,[file=src/swancom3.ftn line=2061],swancom3.ftn,2061-2061,1,RESOLVED,False,False,False
models/SWAN/source-analysis/wave/swan-source-terms-implementation.md,58,[file=src/swancom3.ftn line=2623],swancom3.ftn,2623-2623,1,RESOLVED,False,False,False
models/SWAN/source-analysis/wave/swan-source-terms-implementation.md,59,[file=src/swancom3.ftn line=2881],swancom3.ftn,2881-2881,1,RESOLVED,False,False,False
models/SWAN/source-analysis/wave/swan-source-terms-implementation.md,59,[file=src/swancom3.ftn line=2856],swancom3.ftn,2856-2856,1,RESOLVED,False,False,False
models/SWAN/source-analysis/wave/swan-source-terms-implementation.md,60,[file=SdsBabanin.ftn90 line=1584],SdsBabanin.ftn90,1584-1584,1,RESOLVED,False,False,False
models/SWAN/source-analysis/wave/swan-source-terms-implementation.md,60,[file=SdsBabanin.ftn90 line=1696],SdsBabanin.ftn90,1696-1696,1,RESOLVED,False,False,False
models/SWAN/source-analysis/wave/swan-source-terms-implementation.md,67,[file=src/swancom1.ftn line=7506],swancom1.ftn,7506-7506,1,RESOLVED,False,True,False
models/SWAN/source-analysis/wave/swan-source-terms-implementation.md,68,[file=src/swancom1.ftn line=7511],swancom1.ftn,7511-7511,1,RESOLVED,False,True,False
models/SWAN/source-analysis/wave/swan-source-terms-implementation.md,72,[file=src/swancom2.ftn line=2485-2491],swancom2.ftn,2485-2491,7,RESOLVED,False,False,False
models/SWAN/source-analysis/wave/swan-source-terms-implementation.md,73,[file=src/swancom2.ftn line=2503-2511],swancom2.ftn,2503-2511,9,RESOLVED,False,False,False
models/SWAN/source-analysis/wave/swan-source-terms-implementation.md,74,[file=src/swancom2.ftn line=2575-2592],swancom2.ftn,2575-2592,18,RESOLVED,False,False,False
models/SWAN/source-analysis/wave/swan-source-terms-implementation.md,75,[file=src/swancom2.ftn line=2693],swancom2.ftn,2693-2693,1,RESOLVED,False,False,False
models/SWAN/source-analysis/wave/swan-source-terms-implementation.md,75,[file=src/swancom2.ftn line=2859],swancom2.ftn,2859-2859,1,RESOLVED,False,False,False
models/SWAN/source-analysis/wave/swan-source-terms-implementation.md,78,[file=src/swancom2.ftn line=2645],swancom2.ftn,2645-2645,1,RESOLVED,False,False,False
models/SWAN/source-analysis/wave/swan-source-terms-implementation.md,78,[file=src/swancom2.ftn line=2896],swancom2.ftn,2896-2896,1,RESOLVED,False,False,False
models/SWAN/source-analysis/wave/swan-source-terms-implementation.md,79,[file=src/swancom2.ftn line=2661],swancom2.ftn,2661-2661,1,RESOLVED,False,False,False
models/SWAN/source-analysis/wave/swan-source-terms-implementation.md,86,[file=src/swancom4.ftn line=245-253],swancom4.ftn,245-253,9,RESOLVED,False,False,False
models/SWAN/source-analysis/wave/swan-source-terms-implementation.md,90,[file=src/swancom4.ftn line=1020-1037],swancom4.ftn,1020-1037,18,RESOLVED,False,False,False
models/SWAN/source-analysis/wave/swan-source-terms-implementation.md,90,[file=src/swancom4.ftn line=1109-1127],swancom4.ftn,1109-1127,19,RESOLVED,False,False,False
models/SWAN/source-analysis/wave/swan-source-terms-implementation.md,96,[file=src/swancom4.ftn line=1138-1139],swancom4.ftn,1138-1139,2,RESOLVED,False,False,False
models/SWAN/source-analysis/wave/swan-source-terms-implementation.md,97,[file=src/swancom4.ftn line=2774-2779],swancom4.ftn,2774-2779,6,RESOLVED,False,False,False
models/SWAN/source-analysis/wave/swan-source-terms-implementation.md,97,[file=src/swancom4.ftn line=1539-1544],swancom4.ftn,1539-1544,6,RESOLVED,False,False,False
models/SWAN/source-analysis/wave/swan-source-terms-implementation.md,101,[file=src/swancom1.ftn line=7637-7664],swancom1.ftn,7637-7664,28,RESOLVED,False,True,False
models/SWAN/source-analysis/wave/swan-source-terms-implementation.md,102,[file=src/swancom4.ftn line=2328-2332],swancom4.ftn,2328-2332,5,RESOLVED,False,False,False
models/SWAN/source-analysis/wave/swan-source-terms-implementation.md,102,[file=src/swancom1.ftn line=7692],swancom1.ftn,7692-7692,1,RESOLVED,False,True,False
models/SWAN/source-analysis/wave/swan-source-terms-implementation.md,106,[file=src/swancom4.ftn line=3711],swancom4.ftn,3711-3711,1,RESOLVED,False,False,False
models/SWAN/source-analysis/wave/swan-source-terms-implementation.md,106,[file=src/swancom1.ftn line=7556],swancom1.ftn,7556-7556,1,RESOLVED,False,True,False
models/SWAN/source-analysis/wave/swan-source-terms-implementation.md,109,[file=src/swancom4.ftn line=3964],swancom4.ftn,3964-3964,1,RESOLVED,False,False,False
models/SWAN/source-analysis/wave/swan-source-terms-implementation.md,110,[file=src/swancom1.ftn line=5916-5937],swancom1.ftn,5916-5937,22,RESOLVED,False,True,False
models/SWAN/source-analysis/wave/swan-source-terms-implementation.md,112,[file=src/swancom4.ftn line=4028-4089],swancom4.ftn,4028-4089,62,RESOLVED,False,False,False
models/SWAN/source-analysis/wave/swan-source-terms-implementation.md,116,[file=src/swancom4.ftn line=4095-4102],swancom4.ftn,4095-4102,8,RESOLVED,False,False,False
models/SWAN/source-analysis/wave/swan-source-terms-implementation.md,120,[file=src/swancom2.ftn line=27],swancom2.ftn,27-27,1,RESOLVED,False,False,False
models/SWAN/source-analysis/wave/swan-source-terms-implementation.md,120,[file=src/swancom1.ftn line=7338],swancom1.ftn,7338-7338,1,RESOLVED,False,True,False
models/SWAN/source-analysis/wave/swan-source-terms-implementation.md,126,[file=src/swancom2.ftn line=327-334],swancom2.ftn,327-334,8,RESOLVED,False,False,False
models/SWAN/source-analysis/wave/swan-source-terms-implementation.md,127,[file=src/swancom2.ftn line=340-346],swancom2.ftn,340-346,7,RESOLVED,False,False,False
models/SWAN/source-analysis/wave/swan-source-terms-implementation.md,128,[file=src/swancom2.ftn line=350-386],swancom2.ftn,350-386,37,RESOLVED,False,False,False
models/SWAN/source-analysis/wave/swan-source-terms-implementation.md,130,[file=src/swancom2.ftn line=341],swancom2.ftn,341-341,1,RESOLVED,False,False,False
models/SWAN/source-analysis/wave/swan-source-terms-implementation.md,130,[file=src/swancom2.ftn line=351],swancom2.ftn,351-351,1,RESOLVED,False,False,False
models/SWAN/source-analysis/wave/swan-source-terms-implementation.md,130,[file=src/swancom2.ftn line=446],swancom2.ftn,446-446,1,RESOLVED,False,False,False
models/SWAN/source-analysis/wave/swan-source-terms-implementation.md,136,[file=src/swancom2.ftn line=520],swancom2.ftn,520-520,1,RESOLVED,False,False,False
models/SWAN/source-analysis/wave/swan-source-terms-implementation.md,139,[file=src/swancom2.ftn line=538],swancom2.ftn,538-538,1,RESOLVED,False,False,False
models/SWAN/source-analysis/wave/swan-source-terms-implementation.md,143,[file=src/swancom2.ftn line=1586],swancom2.ftn,1586-1586,1,RESOLVED,False,False,False
models/SWAN/source-analysis/wave/swan-source-terms-implementation.md,143,[file=src/swancom2.ftn line=1763],swancom2.ftn,1763-1763,1,RESOLVED,False,False,False
models/SWAN/source-analysis/wave/swan-source-terms-implementation.md,145,[file=src/swancom2.ftn line=1779],swancom2.ftn,1779-1779,1,RESOLVED,False,False,False
models/SWAN/source-analysis/wave/swan-source-terms-implementation.md,145,[file=src/swancom1.ftn line=7401],swancom1.ftn,7401-7401,1,RESOLVED,False,True,False
models/SWAN/source-analysis/wave/swan-source-terms-implementation.md,149,[file=src/swancom2.ftn line=2113-2117],swancom2.ftn,2113-2117,5,RESOLVED,False,False,False
models/SWAN/source-analysis/wave/swan-source-terms-implementation.md,150,[file=src/swancom1.ftn line=5960],swancom1.ftn,5960-5960,1,RESOLVED,False,True,False
models/SWAN/source-analysis/wave/swan-source-terms-implementation.md,150,[file=src/swancom1.ftn line=5982],swancom1.ftn,5982-5982,1,RESOLVED,False,True,False
models/SWAN/source-analysis/wave/swan-source-terms-implementation.md,151,[file=src/swancom1.ftn line=7072],swancom1.ftn,7072-7072,1,RESOLVED,False,True,False
models/SWAN/source-analysis/wave/swan-source-terms-implementation.md,157,[file=src/swancom1.ftn line=5999],swancom1.ftn,5999-5999,1,RESOLVED,False,True,False
models/SWAN/source-analysis/wave/swan-source-terms-implementation.md,157,[file=src/swancom1.ftn line=6011],swancom1.ftn,6011-6011,1,RESOLVED,False,True,False
models/SWAN/source-analysis/wave/swan-source-terms-implementation.md,164,[file=src/swancom2.ftn line=2188-2190],swancom2.ftn,2188-2190,3,RESOLVED,False,False,False
models/SWAN/source-analysis/wave/swan-source-terms-implementation.md,170,[file=src/swancom3.ftn line=512-513],swancom3.ftn,512-513,2,RESOLVED,False,False,False
models/SWAN/source-analysis/wave/swan-source-terms-implementation.md,171,"[file=src/swancom3.ftn line=1782, 2061, 2623, 2881]",swancom3.ftn,1782-1782;2061-2061;2623-2623;2881-2881,4,RESOLVED,False,False,False
models/SWAN/source-analysis/wave/swan-source-terms-implementation.md,172,[file=SdsBabanin.ftn90 line=1696],SdsBabanin.ftn90,1696-1696,1,RESOLVED,False,False,False
models/SWAN/source-analysis/wave/swan-source-terms-implementation.md,173,"[file=src/swancom2.ftn line=2645, 2661]",swancom2.ftn,2645-2645;2661-2661,2,RESOLVED,False,False,False
models/SWAN/source-analysis/wave/swan-source-terms-implementation.md,174,[file=src/swancom2.ftn line=538],swancom2.ftn,538-538,1,RESOLVED,False,False,False
models/SWAN/source-analysis/wave/swan-source-terms-implementation.md,175,[file=src/swancom2.ftn line=2188-2190],swancom2.ftn,2188-2190,3,RESOLVED,False,False,False
models/SWAN/source-analysis/wave/swan-source-terms-implementation.md,176,[file=src/swancom4.ftn line=1138-1139],swancom4.ftn,1138-1139,2,RESOLVED,False,False,False
models/SWAN/source-analysis/wave/swan-source-terms-implementation.md,177,[file=src/swancom4.ftn line=2774-2779],swancom4.ftn,2774-2779,6,RESOLVED,False,False,False
models/SWAN/source-analysis/wave/swan-source-terms-implementation.md,178,[file=src/swancom4.ftn line=4095-4102],swancom4.ftn,4095-4102,8,RESOLVED,False,False,False
models/SWAN/source-analysis/wave/swan-source-terms-implementation.md,179,[file=src/swancom1.ftn line=6185-6187],swancom1.ftn,6185-6187,3,RESOLVED,False,True,False
models/SWAN/source-analysis/wave/swan-source-terms-implementation.md,189,swancom1.ftn:6185-6187,swancom1.ftn,6185-6187,3,RESOLVED,False,True,False
models/SWAN/source-analysis/wave/swan-source-terms-implementation.md,208,SdsBabanin.ftn90,SdsBabanin.ftn90,,0,RESOLVED,False,False,False
models/SWAN/source-analysis/wave/swan-source-terms-implementation.md,216,src/swancom1.ftn,swancom1.ftn,,0,RESOLVED,False,True,False
models/SWAN/source-analysis/wave/swan-source-terms-implementation.md,217,src/swancom2.ftn,swancom2.ftn,,0,RESOLVED,False,False,False
models/SWAN/source-analysis/wave/swan-source-terms-implementation.md,218,src/swancom3.ftn,swancom3.ftn,,0,RESOLVED,False,False,False
models/SWAN/source-analysis/wave/swan-source-terms-implementation.md,219,src/swancom4.ftn,swancom4.ftn,,0,RESOLVED,False,False,False
models/SWAN/source-analysis/wave/swan-source-terms-implementation.md,220,src/SdsBabanin.ftn90,SdsBabanin.ftn90,,0,RESOLVED,False,False,False
models/SWAN/web-refs/swan-foundational-papers.md,29,SwanGSECorr.ftn90,SwanGSECorr.ftn90,,0,RESOLVED,False,False,False
models/SWAN/web-refs/swan-foundational-papers.md,47,mod_xnl4v5.ftn90,mod_xnl4v5.ftn90,,0,RESOLVED,False,False,False
models/SWAN/web-refs/swan-foundational-papers.md,62,SwanQCM.ftn90,SwanQCM.ftn90,,0,RESOLVED,False,False,False
