path,bytes,sha256
.git_filters/id.clean,305,39b0091425e04d59be59ac97a864a4832f56d8f782d30779f3aa7333303f3a09
.git_filters/id.smudge,1616,7a042568f8df8e23274953f9e2f15b766a6015ba0e29a43d14a3278dd1640330
.gitattributes,506,afa5c4be91d9ba38866b36b320073568ef284a3aff87e0863becd6c7eb3d8b5e
CMakeLists.txt,16640,d6d1334db89f36f30359a1d0f6797a94a2a3029f8a6568afa7d3f903b943913f
Compilers/AIX-xlf.mk,9815,1d217622ff3b82cd3164c4102b0db840f4697ab261c03fb390968ef0a710a9de
Compilers/CYGWIN-df.mk,11316,10fb99bd8da30f4a894eb375a94b6d0a4094c677a613e872660f096e7ab2f010
Compilers/CYGWIN-g95.mk,10458,6c0f2a6625cdadb8134dce58f694828e90be98c70d4a1d3c3ac84aba4483ae20
Compilers/CYGWIN-gfortran.mk,12374,5c331861851d00f135e55a59be1f8ade56440d709666757170d33c32c53987cc
Compilers/CYGWIN-ifort.mk,12127,5f5aac3a6594ccfe8116a4160fb43730abbf134a3ad7c94d87ba4a5b56e4efab
Compilers/Darwin-f90.mk,9881,dbdbeb469445edecb1e33b52949bcf42bc1d2dd19b5a7d180aa5d773d9fd46e1
Compilers/Darwin-gfortran.mk,12306,6b1e63a30f31b6f7eb2d763e3fb03003ae09ef5f29eb92329e16884d34a6d14e
Compilers/Darwin-ifort.mk,10972,ae45b48d316e590c0202566a127dbb6cc60179cea817448e82e3a21f7291ea90
Compilers/Darwin-nag.mk,11648,bc2fb80c18a7c02137adece193bef0468f31be5391794382a30016ea66fd4380
Compilers/Darwin-pgi.mk,10418,69a9ad2725a6df37493d7672e5ebe80f0fdf76f379b7503feeaf741f6844e3de
Compilers/Darwin-xlf.mk,10099,1b64d7bf8faf005fedd93bae119c13b837a054b527a98bc3d92a9ed77522ead1
Compilers/FindESMF.cmake,5959,70a43e542706bc50ba3daa98c8fc97d333493ec632b5d9d6bcf646e6acc3c50d
Compilers/IRIX64-f90.mk,9795,442433f883d55029298f388818e84d0135a78f4dc6cedf34b47d604b1f565b75
Compilers/Linux-ftn-cray.mk,10060,f5cbc4ebf5ff07040d26486053248aca1d5a405b56f14ee9e0ad7abf52e64029
Compilers/Linux-ftn-gnu.mk,11182,a0b9ad4671fd4298064f319ad51632624613b5af398d606c2ad8ef14155afbcd
Compilers/Linux-ftn-intel.mk,10335,162759d4450b6fd5a08c34f18b9a706e79a938aa38849889100b8ed3e7354f12
Compilers/Linux-ftn.mk,9978,322cc3f1bde878603fca884bfb8048b9198e27a13a3b76a1f613254adf08b30e
Compilers/Linux-g95.mk,10661,d68307a7d2a54a0c3f183618f70e60aa009bc164b93cc4db9fb0f85518dd504f
Compilers/Linux-gfortran.mk,12438,0d6aeeaea2b037b63f63474a51e54ef52463e63bb89a16c61a936387e394eaa0
Compilers/Linux-ifc.mk,10358,e2450df7f28938609dcbdc04b529803086aeed9858ee8ae3b07ddf42fd498457
Compilers/Linux-ifort.mk,11044,0e6ac329b8c814f6a3aa29b2e18c5147a7a163df0a5bb1deb984f701ae8d163c
Compilers/Linux-ifx.mk,11490,573bfae9457201b1f5585f419f8114d7dca0874072a9cbb41a9feed7fd3de739
Compilers/Linux-necsx.mk,10701,a1b0abadeb24782dbc65aa71901624a4e0fb0fc58f66f14f0d12364892e8f344
Compilers/Linux-path.mk,10475,c4528c816665e1b0e6d328717b78a184384aca2ebd4e9adf9452ee0dc3963557
Compilers/Linux-pgi.mk,11037,5a257b06ebb50726215e4426a36fec79cdeba933a791421e81b8bb686d796f01
Compilers/MINGW-g95.mk,9764,0a42f932d0fcc942fee41c69709b0d5dee478b6d0f72025adc58db82a9face8d
Compilers/MINGW-gfortran.mk,11677,36d83fd366804f9a6a677e1d2f54960fa6c34c0c698c5d84c8b46f2ef19633d6
Compilers/Makefile.cice,6174,afd7b72e4db0b12eb1c064499efdb265649870f52d62b560ae321ba6a1a3bd2d
Compilers/OSF1-f90.mk,9720,0e3ef67f30de570181fb1d1e83c262c67a038dd973e4cd4a77b78eea96145c43
Compilers/SunOS-f95.mk,9916,66684fe7a357a887962607a704b6c11b8df38c1c7ed69f6b6988b3c73edc3457
Compilers/SunOS-ftn.mk,9936,7ebda3644194b1cbd57581a7009c3e7f8d7064a37d36f13b71ae6c4d6b9e3de3
Compilers/UNICOS-mk-f90.mk,9512,5aa6b4ad81673812c666d2f9698038b89d204c33c338db06d71d4c66eebf5403
Compilers/UNICOS-mp-ftn.mk,9982,2c7c8d1d70272386eae9feacd22a6c1284d0f57e294889184a7b2183bfa139a7
Compilers/UNICOS-sn-f90.mk,9657,dd76f1bd855473cbb87df9c94aed2179217138ff0cbb60a75ed94b6de67fbeb9
Compilers/compiler_flags_GNU_Fortran.cmake,3382,f99522befbbe9d43dd36e9fbde754f8e4918a083e55f9fd0f3b1ca567df64746
Compilers/compiler_flags_IntelLLVM_Fortran.cmake,3670,9e17202365e433444fdcf2a810ff37896bc573f45a6e35d357b9a86a8ed83917
Compilers/compiler_flags_Intel_Fortran.cmake,3491,544e70567a49abd36775ebcd777a7a34a2ee9b440cf678bb70e263f20f0d0a3d
Compilers/defs_cmake.h,5960,0ca93abf08797c10c42241a7fc4c19846d0cea301ed05180187c40a1968fd521
Compilers/make_macros.h,2637,22ae1cc3bc02f0d65626196b404c3301e47b05efbc38b0322125eb81bf7d342d
Compilers/my_build_paths.csh,14241,d2300c062d8ba239e2929e6e24913be3471a0401789c9e0c8c7ff5d4f95d466b
Compilers/my_build_paths.sh,14331,50cc6b24957d3e389946dece85faf5e72a2bb14b6a45e8217f5d0cd68ba1f6a0
Compilers/roms_compiler_flags.cmake,2030,ba8897478aa19f9a41d80d19ffe20b49451d0c44decf00c01a1ef5e9aeb40f7d
Compilers/roms_config.cmake,6159,6915f2df68337aa714a1daef80312c3331b91426f95eddd4bbd57e65aeb35b64
Compilers/roms_functions.cmake,8645,f74dcddcb32d0b67d49221b09ea489b004a8c352b7ee2690bf2c93ac95675b81
Data/ROMS/CDL/README.md,4871,cbcaa3e8a94a810a639c585d20894990f2975169fe0b62912b48b2586db8a114
Data/ROMS/CDL/adsen.cdl,5938,b751ef0bc3073972e67a832f00afc25c6f949c82ab4547b0be71ee9527f814b1
Data/ROMS/CDL/bry_limit.cdl,9072,d754a536c3aaab54e984e8037f75ad4f24f12bc84e4820315e7839fe1cc90859
Data/ROMS/CDL/bry_unlimit.cdl,8300,ed562fa1d74c1da1d8d4f2422dc9c12b636f028a93d6f21d44efb28b1a9a5f1f
Data/ROMS/CDL/clm_ts.cdl,3780,9ffb50ab2282bc199b638b5c6e282eed55e77392e753a43e6303372774dc0d20
Data/ROMS/CDL/frc_bulk.cdl,1813,57a2daa428bb37d566dfc5d019cf399e43b42c12be0668ebde60820e4454ae4b
Data/ROMS/CDL/frc_fluxclm.cdl,2280,873e62c51ac81f72d2d3f8937bb83f74e1ad94ab9938ec512937c56d525fe1db
Data/ROMS/CDL/frc_respiration.cdl,2928,388adbf8d73d5ae387bdb26748e44b215c9359ee16232d7892347914af35d568
Data/ROMS/CDL/frc_rivers.cdl,3201,248b1b51b3cff775deb52901ab241ed59b291b22286e4370a83f98b91d063d9c
Data/ROMS/CDL/frc_tides.cdl,2857,1630d2fbab311174e0b76acde697a3f5ecd4497b351a61862aafbe711aa40455
Data/ROMS/CDL/frc_uvstress.cdl,1115,66d08e27a3c1aa27d305fd487f7d3a9b77ed4a8dc0ec632998466b452aa0c45a
Data/ROMS/CDL/grd_spherical.cdl,5683,500d2f7ad9755a62b2ec2f9ee94dde8f13b8ec5e9dab15efd5d675dd862b7613
Data/ROMS/CDL/ini_ecosim.cdl,19614,186af9ec72b2929376fb76146717a1512a0d7134014db3ceea208c722e99f2d4
Data/ROMS/CDL/ini_fennel.cdl,7725,8ff7b337dd51f16e986baca83e34738a353ba14e978541365a31eaa174f53839
Data/ROMS/CDL/ini_hydro.cdl,5024,65fe3ff859982d9cb82cce1c019bd8001465c4f930d571211c099858a8db79aa
Data/ROMS/CDL/ini_sed.cdl,7758,eb53626feaea9b6c9f66fb457bde8fb1b778c63112ad86ea4ad5d41c65260ae6
Data/ROMS/CDL/nesting.cdl,4871,d17d739e6c93a5eff6f8b4b587fe9ee36e06f845f3dd46056bd8987ce4120fe3
Data/ROMS/CDL/nudgcoef.cdl,1843,c1527eddec89318a4d2f9fd19a94fc76b5c347a44518ce6399eb1e8d5502ac1a
Data/ROMS/CDL/s4dvar_Bcorrelation.cdl,8794,1de55de7b3ae3692f1cfd0f1a740328ea2e7eb5db7d9a97e8099be80e517f84d
Data/ROMS/CDL/s4dvar_obs.cdl,3471,81cc0c76c9869d5001b2755dc808f85d5ad819abb9128b8dc7d2e8d964f503fc
Data/ROMS/CDL/s4dvar_std_b.cdl,5327,5d6ad8ce596663618e98b8ce08a6b031d15ef7818945778a5a45cd2859f65854
Data/ROMS/CDL/s4dvar_std_f.cdl,5076,9b9a27d9d0f90903aa4758b26bc2ab47aabc78a374c8fedf597f53d9e8ab7f4d
Data/ROMS/CDL/s4dvar_std_i.cdl,5365,57245240ca65524eca29f9d377d7dbf8739e0406bdc8effa06bdb3f57d122567
Data/ROMS/CDL/s4dvar_std_m.cdl,5345,f4f1ade23053d2b6ace6e90a34ff7ee1b812b4f20ae8be11fb558ad68a82183c
ESM/Readme.md,9533,6f524a3d241dc2ae17b8dca32b496ba88352686a57069543c052af462ff62b14
ESM/build_cice.csh,15673,42ac07a8ab03f5a77e52ff93077cf1515eed300f89b8d382aff62255e0f2f82d
ESM/build_ufs.csh,19634,0fd5f5c79b033f814bf35b84ff297ee55226b8799bee20d9729553fb55de8447
ESM/build_ufs.sh,19041,1359afbc2322b62a4fbc962949f9299296fc2997913f066a84ec91c6850a0344
ESM/build_wps.csh,13084,7adc3ddf43e5127a3d73b1c72a73d649685471317497e1105ad2e36312c9d959
ESM/build_wps.sh,12794,6d470d2ee5ce3eafcebfc7f630a5977e897898e4477041f4b0735b27d819fc00
ESM/build_wrf.csh,14478,420b565b7af4a060c8600076f85e6e53a065434f3c120c3d6f9676c9ab131efb
ESM/build_wrf.sh,14148,5303b11300383baa004962518186ffd5f2be09ac1b71dd397ab0a3b55cc4d568
ESM/coamps_explicit.runconfig,3370,c887ff422a5a9957c87fc0800357c7a434ab2c314b4dc5e9aca404a103a79d03
ESM/coamps_implicit.runconfig,3521,d1b7b521ff11ea39f2ba03935d9686487a496fdc968497a179ad83a25ec551df
ESM/coamps_implicit_wildcard.runconfig,3519,db9aeb487d943965a37cd7326ad8473ec5c788ba901471ed529651d61e52f588
ESM/coupling_esmf.in,51209,39a705b8d0b8ff478c8ba52b6976556e27fb84b984002a66ac2f36fedcd8944c
ESM/coupling_esmf.yaml,13113,a75299001a229a11cf4b086bbcb1e134b10cfa4d3159eb648ee79e9502f77a38
ESM/coupling_esmf_coamps.yaml,12310,738f12693ebd074b1840d2bbfe350cf5096516c8a39a812f3e783e42fd8d5f4c
ESM/coupling_esmf_wrf.yaml,17977,32a7cbdd7522c368707e4aea03ede7f35448758f9efb67fe40d017b2000c6533
ESM/data.runconfig,3544,250f861bde8f25f7a7250185f044bc45c9394e5ef6cbb56e859d15b306c992c4
ESM/data_snapshots.runconfig,3469,0e3942f33370421dc37a8ff0a43e8cf6b8f1f8816364e80416f0024b8312c7f4
ESM/esm_libs.csh,1714,77185e6def83a71a60e5fd498316d7cd70880baac9519765bc4470a9bf30c45d
ESM/esm_libs.sh,1711,3c9dc5e46c157c3099514ee00bfb34212f58f169991deed0288f9356d99aa5a3
ESM/roms_cmeps.yaml,16652,97ca2438d229545fbba3f5354ac89bf32d23d0e96a4a656ff01af565a612573d
ESM/roms_test_ufs.sh,4466,735254813af425cf2f9ead914333f2ae5a79ed01c318f0570e5af2a62a53f52a
ESM/wrf_explicit.runconfig,3361,be85971bfc01e9bb4a185c057c64f998cb7c49849a16944cdd9de5e502ad919b
ESM/wrf_implicit.runconfig,3741,2360dd03b0928346f7cb2694cf4f0c6ac7e03ab1da325ed6342b48382f3108bf
ESM/wrf_links.csh,4086,73798c55d1cb09836c74046713cc3617f2494b7dfada9312a62db83fcdb7e470
ESM/wrf_links.sh,4100,75e4a4a897ab496a1a814056ee72b7c2fe375e0920f1d6226e737c46dcd09fcb
ESM/wrf_move.csh,4007,13fbec678e0d0f862729fca2880fcc57718dc70b7fec42b11144728b3204c769
ESM/wrf_move.sh,3881,5ea12d5c15639364e504ed8fe93041a2da4fe4f25de9c135a30ba6c7bbeb368b
License_ROMS.md,2530,bb5d84a7c094dd2681024b54fd5b3a8cdb0b1f467372c55382efc930857d6654
Master/CMakeLists.txt,882,00cbd3c5a00504f0230513ba125f90325437ce1d4d1cb30f07ffb162b315f906
Master/Module.mk,1087,44eaf9c31b7eab6a0de3f51ccc6bab152786a003f678aa826fae1f1757b511d0
Master/cmeps_roms.h,303574,a6b3188144e38a4969028d6bd1dea6b38ca876c97de7379fc97c1ad3d2fe8b7b
Master/coupler.F,990,5d2f39bf34a094211bad44aaf54bda31059fca173c93f8dade62298f14edd710
Master/esmf_atm.F,1650,78e4602653595cf4af5bfb0e51b0ea8c40e5f1077d5f0a86eb182dab9fbd15e5
Master/esmf_atm_coamps.h,185778,2638926f43c062b6000122712f79cf0687f3c6856f1650fedb0e57debd1356f7
Master/esmf_atm_regcm.h,147398,c96590637553c7ae76c5c25230b36f468b0654e7aec36dda34ba2a6876124270
Master/esmf_atm_void.h,3575,aebd741a4b8b56e4c2eeb7206f067faaccf52f6e117c4f8dc043f734b9772bb5
Master/esmf_atm_wrf.h,228809,a20f5a5df99c37321a06d772eb636eedcc47fcb818c63ca0c9eec07d74b7dd11
Master/esmf_coupler.h,147068,2edf620f80566cc33b8f449fa2bb5c9b46a7f5e03867a9a544749aef697a44a3
Master/esmf_data.F,217957,79816adb3af74b35968fadf87a32fab0b6e6d64774ebfdf22e9636bb92b7a4ac
Master/esmf_driver.h,11412,c63be87a46ed29501a9731646ad3aceda403a5df6e9a8eac720724d72730d346
Master/esmf_esm.F,27845,7457a46f4c692748e83593442efce4331a3d890d04b12a135d5d1b40560177dc
Master/esmf_ice.F,1534,1ce6dbea6fe4e2804dc965fcdf41b3a4a1ac3d6f39a6c940307ab77a50fed31a
Master/esmf_ice_cice.h,149419,7bb87f12b4813891466f5f0adf192c77b5622a5ec77b370d168674fd19ad3b8c
Master/esmf_ice_void.h,3364,9acec096e81e1ef5aad28359890ba2028cc5f011cd4ab603bb3340aae0ac47e1
Master/esmf_roms.F,1847,49db396f81645447a7dc9cb348765d525b0193036daea49280fb8ad528d84493
Master/esmf_roms.h,222101,3c5e7bec79b2777b649b56b4365d15cf3ab7ead41d5c52ead068c878a340a8ae
Master/esmf_wav.F,1664,0949effb26e44456a1318a0f17f036bfbedb79977a598de8a5659fc709b04c50
Master/esmf_wav_void.h,3436,0526348a437ab009568fb9b777b005411038fe2f329c6ad782821d80244f332b
Master/esmf_wav_wam.h,114818,7fcc1aa2f02d3f64b8670524e59d7fe68497bf9afff542e20333c1854c090624
Master/master.F,1099,f94e5ee992fb805e486e3c02f68eee526c15f79a413f9721147d799c3ce7c88b
Master/mct_coupler.h,4327,51939425797bd27525bd70d0ebb4ba54310e656ad5c8e0469f4aef8fa0cf0cb9
Master/mct_driver.h,6443,d99af32742780d0577725be6d079ce2bf0fc646fe65d26231ed9bb92e996b2e4
Master/mct_roms_swan.h,26135,57583fd0564be1a93b09d7027807b3337fc05c2059878b9189f065c7b8d5eadf
Master/mct_roms_wrf.h,27768,84e1d8c5e24c2bbaa46d8001f5e6099e49f1807192be2cf5e602815b49f01013
Master/mod_esmf_esm.F,223218,bab02b78546f373ef9183b1d670fa50e5cecf3a5495931e6d5f66808244c9525
Master/propagator.F,3072,5e77eb70d81cf714ff6828ffba98d8ba4786ea13e489e0c1d68ddd0e6a99d5c5
Master/roms.h,6485,595f3a9079161976319eef2f2d372e85427734cce593f86028e0312751481400
Master/roms_kernel.F,10142,5e941668be50020e7d4970766b76040d505f565eb0a9e4e33536a0b80e6ba9ff
ROMS/Adjoint/Biology/CMakeLists.txt,587,29408591d9c5efdfaa5f2f029dbc524c3f2f37c0e392f2ce27250c3181bee6c5
ROMS/Adjoint/Biology/Module.mk,525,01f573b5e32b5474dbce0c43e7e75c4e6fa19ca939a44ae1b7886089c4268ba7
ROMS/Adjoint/Biology/ad_biology.F,866,5f002a052b455ac499f6d3be10cc93500d9a71824fd092ea6ca652e057c3dbeb
ROMS/Adjoint/Biology/ad_npzd_Franks.h,106966,eaffe7d073db2a3eb9eea8f7676689af11c0e260e53a4d2dce7f0051afbbf439
ROMS/Adjoint/Biology/ad_npzd_Powell.h,124740,b286f79ed6c8f396beece12860b5f345455eef4e7a077ad614dd85d066f6330f
ROMS/Adjoint/Biology/ad_npzd_iron.h,155550,2e30d1384f5d3b340b4f59cabe61d0f6a911c052c4cee44ff3187c95f74ab082
ROMS/Adjoint/CMakeLists.txt,2669,7b8e646dad797d3f6fa6c5a34121a0330b00e2bee826abff6a30b9ae86e94b3c
ROMS/Adjoint/Module.mk,517,c441001156dc48a573fdc26eb95b473678160064c06bf47c4edf5f15af150ffa
ROMS/Adjoint/ad_balance.F,46943,a61c5ca17beec599b5576005c276dad9b23e43338b0863e2c32e4e7663709106
ROMS/Adjoint/ad_bc_2d.F,39618,4ccb174c14fd8e880e2eb8748d9fef7077405ea2e7d230908d3b7f757928781f
ROMS/Adjoint/ad_bc_3d.F,50742,3e061876abce3a4826d600243d89850063730de9ff4d3e783a195148578ee650
ROMS/Adjoint/ad_bc_bry2d.F,9701,756a049c006f4b0977ac9a662f41f8ccf5d020f5293100dc4238903436043dc5
ROMS/Adjoint/ad_bc_bry3d.F,11327,1af43c8059ff83f1610e24663950a1c6da9e15b0cf755c4798b595d4040d2225
ROMS/Adjoint/ad_bulk_flux.F,107172,09795292bec6e9958b8aa584c77d5e7b944c386731cd6e927835473f60906dd5
ROMS/Adjoint/ad_congrad.F,50517,15d40e5dac13d026b98674db44e3506923e44e36ba1fe1c1766a1b606cb91637
ROMS/Adjoint/ad_conv_2d.F,31898,a55a4d2401a8a58ef403316f0ab83bf6c5cb2d87ecf50ddd5462abd4d9487313
ROMS/Adjoint/ad_conv_3d.F,111608,0c0e6a60446d0e192640b13d0164bafe4b297bf0a683350f192ccda4c0b7a704
ROMS/Adjoint/ad_conv_bry2d.F,38982,5672cf4ba4548ab3a995a4415061021df8f8e6048df488688c12f8822cef7854
ROMS/Adjoint/ad_conv_bry3d.F,104864,f052241a72be882748ed87e34ac3dff9263f8045bd5cd17114aa4dff31643337
ROMS/Adjoint/ad_convolution.F,6765,4a3dc149b0c8da9f73c7459681d3f50833f7cad8ee1c9a6c99923b0f1613d877
ROMS/Adjoint/ad_convolution_mono.h,69942,9d59a0bf8a20b4180c76c52d43c8d1f059573db24db8ff91ddc29933516b5d1a
ROMS/Adjoint/ad_convolution_multi.h,63608,013d0616f2f44d62f9ce9214876872185eb7ff266e207dcf7cd1c665411055fe
ROMS/Adjoint/ad_def_his.F,119433,3a31a969974b84aeb68564d16dd340c4d3d95c35d83e8a18a2bf4c53a06fadfd
ROMS/Adjoint/ad_diag.F,12178,01c4382ac0a85a7b2934fa04b146e81bca07fbabe0f042e1356e6cda33f4b6c3
ROMS/Adjoint/ad_exchange_2d.F,57241,290f1a8ad28887739757a1410d18ea418f734b6e7ac1931ca67e502eb8dc238a
ROMS/Adjoint/ad_exchange_3d.F,78257,bd6027e87c4f77be0bfeb4f1dec43872d0c38a7fcb23d1cef6995c00ff59f596
ROMS/Adjoint/ad_extract_obs.F,21137,86daf788e5ad613be7c4fefde31ce07c59be75eb4f8715f613733eda824eb4cd
ROMS/Adjoint/ad_force_dual.F,6986,aeb757214f1a4c009d615a324d3d3e85449b0d982496930f8e402983ab0033e2
ROMS/Adjoint/ad_forcing.F,10457,c49bee3cb465798fe5a69debf19f8a52b2023bbcd030c26c2c08760116bbd295
ROMS/Adjoint/ad_frc_adjust.F,9743,2daf22f9d766601d3f68b464b5b462951a44efcebeefe5567e3fbd274d01f2e1
ROMS/Adjoint/ad_get_data.F,76233,155a2956c67d3a1d32bd9e7a8d3be49e568da7d10eaebd2927a1b3baed92b637
ROMS/Adjoint/ad_get_idata.F,10445,60b77129ce98d8e4a38d761d2f3f9b51c273a6075417852f52d77fb826f91595
ROMS/Adjoint/ad_htobs.F,27847,5ce70ae635c8e98dd860e856486da12247d362643a2d0de88ac9aed1c8e47b5d
ROMS/Adjoint/ad_ini_fields.F,93961,72385d2ef48baa6ab8227f78af76ffdb71c866403f45ece26365586cb8e42596
ROMS/Adjoint/ad_initial.F,22032,ac36a3db8d250f30dfa0289bc20f70beda65b18d168173c0e7cdf449affc0464
ROMS/Adjoint/ad_lmd_swfrac.F,4937,f1506f90566b2a251d90d63a02ce25095536e12114dec9a6f9d5e2bc74136bed
ROMS/Adjoint/ad_main2d.F,18781,5444f4ad09c9a39a84c00eebb6a2b2ddc66b8d838bc3211b1d0098ca0376b3b6
ROMS/Adjoint/ad_main3d.F,42496,1f7e8e854f0586294bc821f5b4c531754c509997da21c9d6da4c7b16c09cb54b
ROMS/Adjoint/ad_misfit.F,25525,b105e3e2bef37e1afa759c198b1e1e039cf87e1c7270e2e76b010e481cfc4d32
ROMS/Adjoint/ad_nesting.F,344052,20999d527b8ecb8d208506e2dfd06537a786fb31c8039ee11b9ca62584adb30d
ROMS/Adjoint/ad_obc_adjust.F,56634,0d8211214fbd651dc01c0203e1af1311dca1ee926c16f7d29edb3752386107f1
ROMS/Adjoint/ad_obc_volcons.F,27930,1a5c00d668d9310d64b4885cf725f87561b873d6fa40d9f7216f21b23c0c5826
ROMS/Adjoint/ad_omega.F,16211,cf953f719076260ef5709ed73b644b8b0f56d8ed0b203b70131ae76c8dded6ec
ROMS/Adjoint/ad_output.F,11828,3c709f28e57614810bb4bc24e9ad748c825716ecbe30866b5c9f6c190713a12a
ROMS/Adjoint/ad_post_initial.F,3108,32ae1a3234778385d82b67245567935725f17f047642e9ee88744db05d61a976
ROMS/Adjoint/ad_pre_step3d.F,110283,e490f455f8f198c9f31cff9b4c60560038dfe1cd9eab0eadcbe5f6ee8f2bb6a9
ROMS/Adjoint/ad_prsgrd.F,1131,deeebe025701ffc638251242d853d7809dc15d901da0f495885362d3237e7f2b
ROMS/Adjoint/ad_prsgrd31.h,41061,a6deb014ed8ad95050c9a8f3af935103ff8e125ce883544d32b96d8af55f8830
ROMS/Adjoint/ad_prsgrd32.h,40619,11a672336197f2e06ae5f6260ba68abda7427bc707dccbe132f75a64ed9e6fbd
ROMS/Adjoint/ad_prsgrd40.h,15980,12e2e0230c3e36d583976d6dbb1597111e731886f5b8c19e64f706adcd460b1b
ROMS/Adjoint/ad_rho_eos.F,79504,3a091435dace46b951097c944628849ef8c71586f9e3e019d43f361624f46c6f
ROMS/Adjoint/ad_rhs3d.F,127576,57cd33d5d3ca904cd71bc494c08c04777bb9c1904e9110122afa07c1a6884264
ROMS/Adjoint/ad_rpcg_lanczos.F,74212,2d748e4aa8b620284da5d368244589c2beacf2c139c96db33b47146c78d10f17
ROMS/Adjoint/ad_set_avg.F,50157,a25fb075e7b0423da9396e3a91efb36f68fdd8fac2793d1985e080cb7065372d
ROMS/Adjoint/ad_set_data.F,66333,145cc2232647941e4340c55c340deb09d06fb9e6f5cb6cd9f9b4e104c9a5f22b
ROMS/Adjoint/ad_set_depth.F,39206,ecd1ad1b9f0b8ff7e1bfb88c5e657d741b8dfcdc3d3646f2a12f1782c87a1850
ROMS/Adjoint/ad_set_massflux.F,11549,7a1fa333b17bc51aa93a35f916794b2b3aa6daa9111822d6d33c327cf73afe00
ROMS/Adjoint/ad_set_vbc.F,60801,7e8bba4dd728a013133dfd553bed30f533378712ebef583417ad045257b4a126
ROMS/Adjoint/ad_set_zeta.F,6006,b51e4b75190c603fff802745c6310c15d27925c844f0828c095ddb89853706a2
ROMS/Adjoint/ad_sqlq.F,8642,fe3ea9593d4e7dbdacc43d2a25aa850cc5b4f60b5fedb707d92e7cfe6ab37206
ROMS/Adjoint/ad_step2d.F,1052,282100154d1887665b955d2a4b5891e6c5e19d810773322843b9420d14c166ef
ROMS/Adjoint/ad_step2d_FB.h,173975,76f72d125fa97c66495e90b55b762946c3a1deda068b3d62eb1d8c4d97670dbd
ROMS/Adjoint/ad_step2d_FB_LF_AM3.h,177476,367a2e5d90d25860c9e16a1468965b09e036465f39230fe895af418e37f1082c
ROMS/Adjoint/ad_step2d_LF_AM3.h,213432,e17d1945a4a571499a2d62c8404650d4d4366edd41030d8086f284c701001a24
ROMS/Adjoint/ad_step3d_t.F,100191,a823af4313f16b0732288c74713ca0d4f1e53b726e055ee8579c7ce28cd28cb4
ROMS/Adjoint/ad_step3d_uv.F,113416,0618cf95f3437e525a10b2a8ad8aefce91e3ae4c7d22de977cb1aa236bb96a30
ROMS/Adjoint/ad_t3dbc_im.F,38268,49bc37ceae1edd97e180da0b17bf07123064d5c2f96b8b5ba23738c614a7727d
ROMS/Adjoint/ad_t3dmix.F,1365,56c6cd6204c19936bbc18c84366aeb30663b8ad31224bee8ae04d839a087afcb
ROMS/Adjoint/ad_t3dmix2_geo.h,44340,874a63f2ffdfacb3be922903e7126ec79ecb4797ec118f3b0e016ab77569c30e
ROMS/Adjoint/ad_t3dmix2_iso.h,45018,b970cdad19f3490f1f5ccbc839a1cefdf64ba875fdabe23dcb99df832bcd5352
ROMS/Adjoint/ad_t3dmix2_s.h,19920,cfadc0064319a17502ea4aa1a63d334d22766e460d98c0fe4dd46853253651a9
ROMS/Adjoint/ad_t3dmix4_geo.h,97897,a7cbf18fe80f7f0d6d505b752916375de6a964e33ff14b10267b36ad3d8ab3f0
ROMS/Adjoint/ad_t3dmix4_iso.h,117077,23074fa27d7defe7b1d44e39575540ff5564d99909171610196a81a3f7cbab7a
ROMS/Adjoint/ad_t3dmix4_s.h,34489,acfdd8a44532e17fa136af8d5ef18415e1f32d7fa6a5b68cf96bc57671025e07
ROMS/Adjoint/ad_t3drelax.F,7942,8507a8bdaa972906b3ad01f1cbc585518328e09fb4ed572191eda8c8ad6b3552
ROMS/Adjoint/ad_u2dbc_im.F,112042,d41396d8a31b262aa37699256c85eb3d32c7a56b6a07ed5dae3a8784029a2af1
ROMS/Adjoint/ad_u3dbc_im.F,31110,0ca8b2b5470d17bf845b1439dad160239a8c8cf86e9f2eed05944ab562d947e3
ROMS/Adjoint/ad_uv3dmix.F,1209,e4dbfb457e7c30b7c4c6aac380ca69c67b7ca7615f8473af3860289e9ccb4d4b
ROMS/Adjoint/ad_uv3dmix2_geo.h,109534,e8759c1298aeeb0ac375603dd538b806022c7b21f76c7d7daaeb883a96953098
ROMS/Adjoint/ad_uv3dmix2_s.h,19007,b5afaa12693fa407b5f32079a3264712295e91b1e2c94528acdb645dbb3aff2f
ROMS/Adjoint/ad_uv3dmix4_geo.h,259125,96980edcc2028b009c344db504027b6ac249e507b88af060ed419674dcfa7628
ROMS/Adjoint/ad_uv3dmix4_s.h,43084,a1748a2cbdf222e00448e095012bdba5770346312e81560554f7a44ef44cb5e9
ROMS/Adjoint/ad_uv3drelax.F,11207,e8791037ba1f5b799e4b8f394668364c705b9d2a41e0cfbcb9f854697c48fee6
ROMS/Adjoint/ad_v2dbc_im.F,111711,25b3f48c912e83614e8e6e23c82cdf628a83532c315fbfd5fbd6446d8c2d47b0
ROMS/Adjoint/ad_v3dbc_im.F,31109,27732864f3443c50472ad06a6655c014645881092ef6d40f2865b331e6d08984
ROMS/Adjoint/ad_variability.F,33833,ac89e346306c075cb8e829b2d225956c7a04d858d95cdda81cfae302799364bc
ROMS/Adjoint/ad_wrt_his.F,93780,6296c8d16276ec573a1b07a29a3e6a32f3b88cf7011d99adeba495f47b890477
ROMS/Adjoint/ad_wvelocity.F,20357,d262f992bafb27d1196ddcb411084ca181c54dfbd8be47c8076be8dbed6dcf4c
ROMS/Adjoint/ad_zetabc.F,50799,027175dcbd3571ad2a5ba5c3466c1cee6363fbeb9f5215f71077d9779f4cbd51
ROMS/Adjoint/adsen_force.F,11529,090a3106f735652d15e85a4a2ea00a0d55940cbf9eece7b6be1b658321ccd88a
ROMS/Adjoint/adsen_initial.F,9043,f58a016928b69c34c110151cc4ea78cffa289056354259c8916165d7d82669ef
ROMS/Bin/FixDependInfo.pl,1131,6d99dd0057cda37f60947180f9a6e791fb958267fe65a38589d99f3e0eed6054
ROMS/Bin/build_roms.csh,16993,459c3af26643a1f454d652b1c655651e8c102076eb0643521aa91079665a0ad4
ROMS/Bin/build_roms.sh,16826,8701114f2fa1d77c9c84c9be2949b31beaae2d43548447edb2dc05e96daf82ce
ROMS/Bin/cbuild_roms.csh,21985,621d4f79cc78210b036dfe5f4363b64dfcbcea16f52a2eab8f538b4b678018c5
ROMS/Bin/cbuild_roms.sh,20514,fb7f5cfb65bb2ebc3baf1cd368fce4e3725fd2a12f9cc5ca04364faf1a693d9d
ROMS/Bin/check_nc.csh,1987,3a5917b9a0007d6d5c1f9d5b2aa1cff16f43294d5703e556107f3dda4ff09cd7
ROMS/Bin/check_nc.sh,1971,76db8b1d44c43a22312b142202e7b21d44a8975053928fbc6919b2e01ba5059c
ROMS/Bin/check_openfiles.csh,3714,c2c955c57b8553d0d9d111e3db29ee566839c653c29c913156d087b2f0c0ff52
ROMS/Bin/check_openfiles.sh,3696,ae12f419441f114d10e19aec2883e1e1f784bad786d1ae93430db05759f6eb31
ROMS/Bin/copyright.csh,4450,c6f610745ad447462074e256fdd9ae90270f20efef0f5113b4fa97afa3c727e6
ROMS/Bin/copyright.sh,4263,894ea016754016180d9d8c38123c1975f8a7495f83f8bae8937c7f2d8ced217b
ROMS/Bin/cpp_clean,1707,b6834083715eb3649e9067e00a61457643425ceba4451a5bebf480623783dbe7
ROMS/Bin/dates,13984,3faace81cca86f28428f0a06a9dfe887273b08121db8a2fa0c9b8ee9e33d3f12
ROMS/Bin/dates_test.csh,1743,8cec268684ab483212b2f014bc31abd6e51e0797e1b56b4682d3f226e1c8bcad
ROMS/Bin/dates_test.ksh,1652,d18e65a586598fbbed8e1f82b136d4257e6d50707e3b0780498eef31351cc28b
ROMS/Bin/dates_test.sh,1645,88bce4e95ba169f68ea23aad582600cb928f1646d31739e36c4530692cd9cae7
ROMS/Bin/job_afte.csh,1554,9df0c6b0470bd01e107dec1cab91d1bc6d5c6807e82ec657359b482c87e6db7f
ROMS/Bin/job_afte.sh,1532,0a5c41d1aaf9a5ce86a624001935f4a4ea885ac8d10092b407621df645f43b16
ROMS/Bin/job_array_modes.csh,4257,e891c0d60866a149d137c5410fed3341ce714ceac6688d9d48b317909088e35a
ROMS/Bin/job_array_modes.sh,4207,89d2d7289f5fbdc30d1767741592abca9329f264807f6698dbf7fcc0f4e9bb5d
ROMS/Bin/job_fsv.csh,1538,6181bc4802b3beed0b767fd275504474e271c5609bddc405e963cd7faa83bc30
ROMS/Bin/job_fsv.sh,1516,32d54943e0822e6dd443cb53e589107a282145da3bf7317797594916d92f6dfb
ROMS/Bin/job_fte.csh,1538,7c24a1964b63c17527f7d457339049382b822a489c0c6cd8620aff937ccf0f0d
ROMS/Bin/job_fte.sh,1516,d366f7b07dc267fedfc8a647f19611c7a65ffdfeaba9237591e5dc1bc2f9e7a9
ROMS/Bin/job_i4dvar.csh,3401,965749c051913704ad46c97c21d6a80a39421033b7f73f61ca3e63fe3e39a254
ROMS/Bin/job_i4dvar.sh,3359,10e9d20553b78d9338c3477a9d9eafe1cf46b8b64adbb1274a9e73a328f5217e
ROMS/Bin/job_i4dvar_sen.csh,3900,cdd446e334ddb1ad6b2d29e4129bcab1216be2f7b969e67250be771a0888ed55
ROMS/Bin/job_i4dvar_sen.sh,3858,a541742f7b5d3b9ec5ec8275ab32ba651d6a09d668a78c072019e73484006ebd
ROMS/Bin/job_normalization.csh,3251,b820b0dfe48d544b84c1406d257e8619f5c8057e156e7cc508859a925f5c745a
ROMS/Bin/job_normalization.sh,3205,cf4f59715dcaf0b3bbc93bdd956be3862595a23a32056e267d923c7fc3c51cbf
ROMS/Bin/job_op.csh,1538,c74387d37c1db08b306a3ff0745d43eb6f0669768bcc866ddd63880928a8f158
ROMS/Bin/job_op.sh,1524,9bc3716506ad64848730fd97545b4d36a8b25a9d526948c2d33749f9ca9dd8e6
ROMS/Bin/job_r4dvar.csh,3962,5cf0f0d44efb6eca0bfb43bb82ac8f5ca2a70ea1b9cb24787b0c8ead18b21e86
ROMS/Bin/job_r4dvar.sh,3912,891b09ea974d5e0b6f748cd62f8f6d6c768d9e77304479a7cbfb322040a95bc0
ROMS/Bin/job_r4dvar_sen.csh,4555,3b7d6d91e7d8165bb53944a666a4337a10ee395266819d7425cf281017e48f17
ROMS/Bin/job_r4dvar_sen.sh,4505,7940860f0115c470b9b6b684c0cdb2cdc9ca6edc50d23a08eb7ca07e72c5bec6
ROMS/Bin/job_rbl4dvar.csh,3693,c2e0edd302b107a5d997243c7c841369545c3841e5cdf54f2c11113e137ca673
ROMS/Bin/job_rbl4dvar.sh,3643,51f38e1a65d8044c56c77bd253f3653335eea5506ea65344e8d8143e46539d71
ROMS/Bin/job_rbl4dvar_sen.csh,4290,618df187785b25c45c842b0a663f298aca6f3f1d9af2dc064dd874c16df1a55d
ROMS/Bin/job_rbl4dvar_sen.sh,4240,2a092b39fc9ec58110a420b3ff3fc80d1652beab2828430f75fe1b4bfa6773fd
ROMS/Bin/job_so_semi.csh,1533,b0253ff91eb7023e9230cdcd00cb0a2c52014c19b140ef5ecc8a769509b9757b
ROMS/Bin/job_so_semi.sh,1511,6cb72f45135da77c0420c1907212021995a06ffb7bf1a67de309ab3f21abad45
ROMS/Bin/sfmakedepend,22224,5fb3acb309e9a2fe57512fc6fbd1b337802b6002b15f77857efe449009d849e2
ROMS/Bin/submit_i4dvar.csh,11440,e05f0f6e77dd4fb9bb512f6364d8ef4b5ff1602a56018267cced5d2b39f2a549
ROMS/Bin/submit_i4dvar.sh,11244,478194d6497473c3d96e8fd5849d7090e14977c925d2feb0bab978fe6f5218cb
ROMS/Bin/submit_mixres_rbl4dvar.sh,35316,5b94cbc639ffa6cf024be06c16174fe5e2a6e32e8455231ba7ad010844fc9e0c
ROMS/Bin/submit_split_i4dvar.sh,26234,73e01d56c0ae912ebe09c1e608057954acec91b97131dc326f7cec978924b9f2
ROMS/Bin/submit_split_r4dvar.sh,27191,1c0e562091d69c475ae0c780b818cd77008627c7a4fc0491f0a0d0e4616d22d9
ROMS/Bin/submit_split_rbl4dvar.sh,26539,5ca2b3a05e4952a2395a2ba4f04a3a2b78cdaa269489b224db7938b49b735283
ROMS/Bin/substitute,1729,f8d1389032d19412ff62e772874895bff3793e90ddab91b63368c180636c79b3
ROMS/Bin/verify.sh,30507,ca210c67c0f0c932175ff044b303b72d9482a3a35c9e2ff355bc3862cf78b934
ROMS/Bin/ws_remove.csh,8284,174e5254a4670bfcc229fc5947711d07b79b66a717795f9b4a97c4bb932dbc05
ROMS/Bin/ws_remove.sh,7937,d67fff46980b734538440a083d11b592db3e67cdf36ccec474c701e0249e6d32
ROMS/Drivers/CMakeLists.txt,617,cef3b61ab9ca97454364a14f5ffe9ff09b994179208798be11b561c7954f4ef0
ROMS/Drivers/Module.mk,517,3530887150e2c5a385be3981a646a388e1154da7c044d4877661bb33d9d6c670
ROMS/Drivers/ad_roms.h,11825,d43b7d28b8094d112d0cad05e65b34fac9604b0edbcd49a5e6e637be80df1618
ROMS/Drivers/adsen_roms.h,14866,95657fb2a2a2384fd351708b07505d3d41d67162c1851bc77e83bca0089affeb
ROMS/Drivers/afte_roms.h,36435,646dc8b9c98b1e3bd58ce38c130fc0cf6e981e4cd7132644ebfa989168c3c1c6
ROMS/Drivers/array_modes.h,71553,555905bdb0153b6aa5194db9ed0af6d817780ab08e0a3f72126d0f7a547ebd62
ROMS/Drivers/correlation.h,19496,e8c91daa26ed7d24d31ed76a93b4d6f721dbce23181fbfddf071855139fab17a
ROMS/Drivers/fsv_roms.h,35723,b04fe069515c1d1d611d7cbdbf2b144f9af0848581f91a4cfc0407f77a55ca85
ROMS/Drivers/fte_roms.h,37274,504fc3addf40434b1aca698ba601fb26759ca05284374e0947a045bf06eabab1
ROMS/Drivers/hessian_op_roms.h,36769,6b8cd895dc40bd7fa79c1499950e3dc88f5b18f5d47de198062f40d1ccd2dde5
ROMS/Drivers/hessian_so_roms.h,34899,640fbaa0b6729565fdb45ccd32824bf8721ab242b667adf2c3037ff3c320664b
ROMS/Drivers/i4dvar.F,95854,22082168fb8d56be2f8f1dfd12ad515620cc253481ac644155edced0d8e9af5f
ROMS/Drivers/i4dvar_roms.h,15717,fce2f1eb851d60d5f888c15855a7a9c40ca6ed226646756ddea417a2f352b900
ROMS/Drivers/jedi_roms.h,58975,1657d16efa569f5e86d950d0ff633acb78eb74c51eebf09d1d95539c87463058
ROMS/Drivers/nl_roms.h,13780,9965afc585d594d78a99304d73fc2e08b265129768a6c593811f02b689c44437
ROMS/Drivers/obs_sen_i4dvar_analysis.h,47818,d728c200323d4a64e3aa111e504984bbc08a9e1efa94b494e29d4caa721ae279
ROMS/Drivers/obs_sen_r4dvar_analysis.h,82735,96955f630a17c3896b9e16fe5fb90842e5f84f736c204c4c54b155f4a2feb184
ROMS/Drivers/obs_sen_rbl4dvar_analysis.h,83789,6fc37cb03969840c56d51e9214d3f7ffe966d58da67acdb071e83f8ae973ea54
ROMS/Drivers/obs_sen_rbl4dvar_forecast.h,89321,edc19d6c5ea527115d99561201d983eed04b1d79604df7ae5da06a6be4cd49d7
ROMS/Drivers/op_roms.h,35340,5babad7310dd1fc078d8f22c1779da1614e156f5475474fa6dd67697e44efb91
ROMS/Drivers/optobs_roms.h,21122,751a51f92129aaa78afaa215772a4876bd2ed81fcfed5197ae2ac95ffabc8240
ROMS/Drivers/pert_roms.h,28671,93b89611c53bdd86d7c4ace0a913bd4d40c0e1bc8af8109f8d3e8d547bbc8fcf
ROMS/Drivers/picard_roms.h,13130,13af24497d19bafc5a0ae38dac5a6ac2f9494d3c9a36bde811b685ffbe96a5fa
ROMS/Drivers/propagator_afte.h,9371,d84dc41ea2c201d73159ae2546eb406e8a61cfc4bd9d1466a7a21604eac6c380
ROMS/Drivers/propagator_fsv.h,13428,8f16634d0a3699ad5d2fd1c52664ae6c13081f688b9ce6a3defc303522198747
ROMS/Drivers/propagator_fte.h,9751,1b92d5906987be38a32d28c453413e4cd6ff6f9e5bae38052b6fb7f077ef1e85
ROMS/Drivers/propagator_hop.h,13227,9e47943dee73ed632ebb2a63ded0bd899f88dd1d82108ed870e85901fece9350
ROMS/Drivers/propagator_hso.h,18576,80ee6e1388a37a8f09cf06c126a46f51960fd0a31d8dc11136cbd0d61a328aea
ROMS/Drivers/propagator_op.h,12913,d5c5f8fd2428b53a516b2e1f755a908bd0999ba9ec34d11780ec45230dce474d
ROMS/Drivers/propagator_so.h,17353,2bef6ec42b12819e194234a46e32a09cc87f57204393519fa1edf754abc9d9f0
ROMS/Drivers/propagator_so_semi.h,5346,e79376de2515aa55c9e14333f92bbce673cd3dd7e668df5c46b7b404a5f7da4d
ROMS/Drivers/r4dvar.F,78722,ab0c921e653d2579ac86f61c66d9cabeed273f5986a6a08bdafdabfc52337042
ROMS/Drivers/r4dvar_roms.h,17636,872cd6f6ee2474c77122c80c1273091e5e599d89cac855b643d338a682855f70
ROMS/Drivers/rbl4dvar.F,113974,110f6f442a95ed76171c9b71cbf71937385354b516f973a461bd6d6f47208b54
ROMS/Drivers/rbl4dvar_roms.h,16275,af424cf357ad8ce8860ef1581922bec0304c4ba9854b48b56d42d0c1fc21e84d
ROMS/Drivers/rp_roms.h,12117,a7a950ca2542b2c580f8870b28b44c575ee80ab0ef45527d1cddd9fa19e1e177
ROMS/Drivers/so_roms.h,33519,b54de988c2fa089bb6c960ec9c477f2c6c8dc6045ec7273f824fe71da64cd9a9
ROMS/Drivers/so_semi_roms.h,35014,577b804b5ddaf2a2af0d3f696211c6b744624351743aca12aa9564614e189017
ROMS/Drivers/split_i4dvar_roms.h,20367,547574fcc1758ae325a2988007ddbbb7b55894ebf591e9e1b8a4b2b2307955d4
ROMS/Drivers/split_r4dvar_roms.h,21245,114a83200130f2923333096ba44537979ed2c507139f6bb2be3412ad2d6d811a
ROMS/Drivers/split_rbl4dvar_roms.h,21352,30bb00d828bf511048d3170bb786e609790fd88ab1a1cb9c792304be2d20c712
ROMS/Drivers/symmetry.h,23730,915674952b40f91d3adbd47c879483fdcc1647880b2659c809be59967fa5ddd5
ROMS/Drivers/tl_r4dvar_roms.h,58373,9e3637d47c177d26d831f88c2bc8689dbc53a1e4633edb24563905aa546e85e7
ROMS/Drivers/tl_rbl4dvar_roms.h,58515,3cde8580378c4801224d98c4d246d3b918c63975e185ddc2f1100879a17d0c85
ROMS/Drivers/tl_roms.h,12070,2d488ccef68b0fb4abaf7de1e767fd063c6f2c3ce2d22becfe8d611194608ae4
ROMS/Drivers/tlcheck_roms.h,20452,f67d55f067bf7071f6c8e38d5450e08e53075244c987dff656c6c1847848b9a5
ROMS/External/behavior_oyster.in,31145,4afcb00d281a294f61c98d7209749fe65a41e9c444356ec83e445d7451e75798
ROMS/External/bio_ECB.in,51839,f44a15fc5638ef1d646e79db4d047d6a85a1ff717af9d79a0083be431905a56a
ROMS/External/bio_Fennel.in,47309,4863b761a3d5deade50c77cc50242542da41acbc4ce12a91fc560fef382d45c7
ROMS/External/coupling_inlet_test.in,14049,bfb72e07cac0778a4934e11dbaef7666dba8ee04b64d58e253655a522424bcdd
ROMS/External/coupling_mct.dat,8884,e116870697e38cb62c521315a5edb0c43ee5cbba37e2eac12cf21437de698ebb
ROMS/External/coupling_test_head.in,14047,6a3a7a4a888a7be53a0ae86d44af7725dd315d82d6de1677fa3ace51c6839e41
ROMS/External/da_roms.tmp,174561,931abe4749268fb1c32620066d01d237170169568dd73f64f436d83dde907119
ROMS/External/ecosim.in,66530,c9ffe17d3fbecc38fdf46f0ef472c262f20c8d413d32ce09a30e9205984c5d60
ROMS/External/floats_flt_test2d.in,10288,214f7890638f21c2a9c01f8cfdaef298f5df1be7e7237bfd572f45be2d947371
ROMS/External/floats_flt_test3d.in,10288,bf71b937253e4e3d2720728a0e17e752e4110d667c3301963931b4c73ea9f19c
ROMS/External/floats_lake_signell.in,10522,2faecf83fd0f00cee639b6fe585aac45393f75ae2ea78bd8801b76aabef20559
ROMS/External/floats_upwelling.in,12151,427900e5d0638002871d3bc2e9e003d6ce2e631d1ead940a237377437de6d9dc
ROMS/External/hypoxia_srm.in,30799,d02c6fa1d3743ddda88b018435879284fe8f3e9274c60822dc921a174d37483b
ROMS/External/ice.in,27567,49e936f87f744409f4428ad53b0d96631a5e881ca256aefd7fbab463f23a1f2f
ROMS/External/lake_ice.in,27567,49e936f87f744409f4428ad53b0d96631a5e881ca256aefd7fbab463f23a1f2f
ROMS/External/nemuro.in,54651,663a8cd3cac15536af20e919f2399f4f0df6eeed322f5647a3ec3cb4b5bc0f61
ROMS/External/nl_roms.tmp,174593,f0de887930e275c32fc2375691473a02879d130471c74a8e37f6b59d184235b7
ROMS/External/npzd_Franks.in,35480,06a9e2a371f32517f4cb50cf949220158141c4e3bcc9f226584ed22292932b2b
ROMS/External/npzd_Powell.in,36779,589a8b7e84e1cfd0dd8b7019b367e7d3f49d001ee82c0ac703cd95fc17476d3c
ROMS/External/npzd_iron.in,40044,987b2b5c88c72d27ac54634ebea1227dcb582958372efbeeec4e92b542316c28
ROMS/External/red_tide.in,35560,21e3e8191f17e2549e51d4d97fb956fe422cfb6e1f6270b6ddbe3535c3168843
ROMS/External/roms_basin.in,174591,904515172e3fea640b28bb6cddb360af9374956c2ffcddbeebab3a536b17ac58
ROMS/External/roms_benchmark1.in,174737,8b80de8921680d7ecff2f13b146eae7b7aa6ef8986c4b7ba916753fab7e24196
ROMS/External/roms_benchmark2.in,174738,f6fe8383d29a4deb4a46fd1ba9684637abc2841317b3acd0b6b71d4bdad6d2ec
ROMS/External/roms_benchmark3.in,174737,291c390cda206209514cd135e18a6f3dd65da34563ca302f83ab6ce83f78ca6b
ROMS/External/roms_bio_toy.in,175239,4c7ce2dd7d7d2b214adb84271479116a85b5ea9d424c5132782a890b65955ea9
ROMS/External/roms_bl_test.in,174703,12960f041bcebd1d61e280f1d0529a8bbe27c8d5d4358e1f89f6ac0a9071d286
ROMS/External/roms_canyon2d.in,174757,e69213f5638ccd9182edcd7904ba6ec3b67ac8bfe9d2e1ac614a09cbe36615dc
ROMS/External/roms_canyon3d.in,174750,66e49590ecc2791b5c1e37f16971516fcdf9daccc7da250516751dd1915ea407
ROMS/External/roms_channel.in,174832,415300d3988bfaece98a9dbff8c349d1b4fa00715fa91573516f6cff457464bf
ROMS/External/roms_damee_4.in,175000,883bc3a35d89ef77a6129e0fab7479af04b1c561214174ee2cc7be2ac5e1560c
ROMS/External/roms_dogbone_composite.in,177886,12bb434b976853d57d6355d22ad03327fa2a85df1628f8f4a6e0f77b417ff2d3
ROMS/External/roms_dogbone_refined.in,177919,371edce86dab60cca6e518cc7cbeb876723a19c2879a78b7d4f1f6bf0eb26c09
ROMS/External/roms_dogbone_whole.in,174855,7dd85cbf625c5db2fc2b65a340ae78c72fe689535c9c64c2031d90c15086af8f
ROMS/External/roms_double_gyre.in,174710,89d4a9f049a0071dd93b5ddd6535a39cd91e6a4b9bddc03540b35d02af9ef223
ROMS/External/roms_ducknc.in,174689,99fdf5939c580420b4d6370af525aec866fe6030f9da3841ca34e53389f37c25
ROMS/External/roms_estuary_test.in,174729,1907b6333f68a0cf6fa29734981019fdac98a7001b4ebf41d3f865a8fdb9d9ca
ROMS/External/roms_flt_test2d.in,174704,f09708787143aca2c68a8e93466d3f91d9855b3cdea8aa82682876beeae5719b
ROMS/External/roms_flt_test3d.in,174695,af1217c7ca6ad1833cedf276189a39a00de998106cbd4b399668c8c245099e17
ROMS/External/roms_grav_adj.in,174699,6021d8e2c816226cb84993363007bd4dde317f46d96aecaf99f079186ce10940
ROMS/External/roms_inlet_test.in,174754,a07166e4452b1b6db1dd824c8071af70cb001f38c492cac6bb630c2f3b36ef20
ROMS/External/roms_kelvin.in,174917,8ead434ebe8d76f5d8f7a47b4211396ea0d6e470989f8c7edb017c2a5a35b61f
ROMS/External/roms_lab_canyon.in,174724,e9ca026d642d1efa0a2e13eac3cc8ebb7b977099364793a5579590c3e3e8dcdc
ROMS/External/roms_lake_ice.in,175091,42cba0a6ccc6b760474767dc794f6a7dbd601c7141d10642c9a576d1121091a7
ROMS/External/roms_lake_jersey.in,175024,b82bc2c91bb76b70b50a2893739c1dbad06c9c91c7dd3d89e4b201f165116a1a
ROMS/External/roms_lake_signell.in,174690,e774bbca9ef610d8d7ed2d00e402f1791e355643767b7666711be4b4dc914154
ROMS/External/roms_lmd_test.in,174705,31b50d2450017818676d5af5ee0de8d26255e783ae63cb23674fa9d91ff749bb
ROMS/External/roms_marsh_test.in,174700,43cfe065e04e5553ab3b8f138d2ebc35debfae91845f1c422036c8f8d6773d82
ROMS/External/roms_overflow.in,172806,23fd11ef61cbef44f196883ebe6362cd7fe94cbc75d6be6107a5bd6fee0ed6c9
ROMS/External/roms_riverplume1.in,176613,1cc3339873322ffd65ca97842157c1f905012c7dce4a72aae68b4152e5b57b57
ROMS/External/roms_riverplume2.in,174729,47acd9a567553106870089636a892ddc87156e6e5d6040b6238fe5e475689f5e
ROMS/External/roms_seamount.in,174502,b138bf8fb5c5333068c8423c13b1685bda26a29ba83960cf41093c63787c8863
ROMS/External/roms_sed_test1.in,174720,989c60f9ec6464b270a11d8ff0921200e2586b649c092be1dc7500e4fac2ae0e
ROMS/External/roms_sed_toy.in,174725,675cc3f3563c79ca8b9124ea84991edfe9e842332c8c13f7fe8e08291cca01de
ROMS/External/roms_shoreface.in,174731,7f317a0f14e79cf899fcba3f2ec7b5607b21756d16d8e69bcf9509aab8abbb0a
ROMS/External/roms_soliton.in,174695,132311ae90eaa3928877a1a94f678ffe847d24c0e0bb3e2171d67f151bdc9325
ROMS/External/roms_test_chan.in,174718,6e24c2c522e5d894533f7d87cf0d246e9aa6ab2345d125c88378996573821cb1
ROMS/External/roms_test_head.in,174797,0076e15726943cf6fa127a6b818125bac4073ec98a4c06c08b6510684a27ad9b
ROMS/External/roms_upwelling.in,174726,8ef14fb2902104be0bc4011c6746b2ef4697cab678413e09a918f2907b32b4e5
ROMS/External/roms_vegetation_test.in,174704,27ab9c96ba41567148110fc5d18ef235de227ea387ed2e2ce94fa18cd210501e
ROMS/External/roms_wc13.in,175140,bb720bc06a4b02af961de7374e6f5b15d9618bd711218640e690a0834f05c373
ROMS/External/roms_weddell.in,174713,92d285df151759e5443eb1295108e56b26083b65f27b76d8fe6dfaabec8aa9bb
ROMS/External/roms_windbasin.in,174713,d882e3f1af88beb89b01ccd0c638d829f2e50663960c6e25b2c8b57aed3fd167
ROMS/External/s4dvar.in,62842,3342e973cdf45efecc2b5601c8d34fd81659022fae1a267d222e14237f651461
ROMS/External/sediment_estuary_test.in,65296,8f6ce2803df5b13e582b166970de53422d3f42b2b395766ce36f239e35ecd645
ROMS/External/sediment_inlet_test.in,65325,4c7d3eaaf7846167b0569e3542e48c09fa96bebdc77a94399da4c242ab96efd7
ROMS/External/sediment_lake_jersey.in,65241,d6a1bc5efb9b644ef0cd1f708fc7f7c6ec9fbd82191680bd9a75d59f0ec2bf02
ROMS/External/sediment_lake_signell.in,65369,3f7a84dd7ba54870aec3e88000c74c4bd41fdd92bedaa2546215894a258c6f9b
ROMS/External/sediment_marsh_test.in,65354,3a8f5c22be96a38da8b385655251ff36e879de86284031f00f381a2dfdf5660d
ROMS/External/sediment_sed_test1.in,65294,5f89d776b3f7ce14640f3faade3e0bea1994bdf6b9da87c7d01d2e2585a6f8b5
ROMS/External/sediment_sed_toy.in,65297,bc5681bc660e0a4cfbf8b7af421c2ea03cad0bd556c45002ad6868cf5f27410e
ROMS/External/sediment_shoreface.in,65375,5863eff18b83c4fcbc5ddb59c8bfece56adbbd8e413de6960c94a241ddd3351b
ROMS/External/sediment_test_chan.in,65462,f20462ceccac0576eee0481ef63f8c16d3e3e93997b655f6e6b297e4d675f73d
ROMS/External/sediment_test_head.in,65250,80540bef6839b4bc58fe8d9d9732267ffbdb8b25ec1aafb292eb7ff026ea7b9b
ROMS/External/stations_bl_test.in,17854,566601d45059aa7db5e663de790aa98ff4f7b53a8c1fa2aa76b7f470e6a92800
ROMS/External/stations_lmd_test.in,17853,36eb93ff43c71819f4fe83c06960f8cbee08f4ac9086b9064449dc05f5b9373c
ROMS/External/stations_test_head.in,18843,a7a04dfb04b6932df69c82495095e5017a7ad7343f212b0d24b616cae4bd3902
ROMS/External/varinfo.yaml,408943,88d17ab2e115e99b90ba9633f557bda3a35c94b161579317e578526ac3c9f09e
ROMS/External/vegetation.in,13616,9f13cb00144cfd6a39da45855dcbb87918aeaae2c294acf508a136e985a805e3
ROMS/External/vegetation_marsh_test.in,13616,172a1ad5826d238cb468acbb116747bd33c1f2d4e40f30f7c3337ea73f21b292
ROMS/External/vegetation_test.in,13616,da481be1d75741c1846c8d108fe169cb109d13ac942967aacedfcaea7cf1f17a
ROMS/Functionals/CMakeLists.txt,572,569b28e2e4ddba86d81a7ccef5c935dead7bceb8db9c5e57e48a75a66a7efab6
ROMS/Functionals/Module.mk,521,9d7e34e3a94920659ffc7b2781fc551b79d6fa308c859e5ba9bed1e38cb2ff6f
ROMS/Functionals/ana_biology.h,15990,a5a3e3b149493370a4b6daf5a7837d9a771b123507d7b0715a38baedc2b3a92e
ROMS/Functionals/ana_btflux.h,3759,60b622a7f75724392379aa0e8cc7bb826814f19bc2d2b94a729a903e77155431
ROMS/Functionals/ana_cloud.h,4743,949298618504e6859e0b9ccc2101959abba5e203b98adcb01edd17b6815203d9
ROMS/Functionals/ana_diag.h,4912,563474358712d62b73358825c092ee433d80cf1e89e488994c54ea96a34f7105
ROMS/Functionals/ana_dqdsst.h,4395,ec7ad1093b5b1c8eb0b62c4438285e4a2ff71ce6b99807e16cca9dd6af67b259
ROMS/Functionals/ana_drag.h,9567,cdeb60bed926192fe7b5820bfcbcdcf98eead846d56144160751f8b04fe9f046
ROMS/Functionals/ana_fsobc.h,7260,7a17d873bd893d239123db21d528d248e4a5e8c30e6aaf1689f01fc452bcf26e
ROMS/Functionals/ana_grid.h,43287,446e2acde10ef00e516e89ef46ab0080056e884b96d5f6bb7bc3a96d22e7b096
ROMS/Functionals/ana_hmixcoef.h,10515,24dd14dafe76f23aa7d95b905b3f59f9a1c8c64789a2ceb7cd3bbfd28fa536fa
ROMS/Functionals/ana_humid.h,4271,52ad829ce1aa882d8084c45578de6d38e955f5b90767230613f908037637e386
ROMS/Functionals/ana_initial.h,36306,86c0d81b46b42a085cc7799c603c05473064ad8c8992cbb4edea6637492e44a2
ROMS/Functionals/ana_m2clima.h,3694,d2f04a2d48c80e5849223bdf9fce2a1aeedaff180ea9cb9e3056501abc7c2bce
ROMS/Functionals/ana_m2obc.h,15664,163f45a19a7670864d3c0ff23cd6e94c46ad580ca914b64fe81e50e53726a958
ROMS/Functionals/ana_m3clima.h,3742,9e45accacab122cafe0bf81d28bec0415c4b9173bbb720217217520413420cc2
ROMS/Functionals/ana_m3obc.h,6281,260134df65c6da6078e40840b70dcbdafb7c0b4fec6b5265ca223ae909b86a3c
ROMS/Functionals/ana_mask.h,10507,a80d5d9d7289c2ebef51dd96b40e23c0cddace2eeeed67c7f76ccc1a9f53781a
ROMS/Functionals/ana_nudgcoef.h,8114,8fc2e4014a4c9533b839059f186fbf62282554cec88bd8e18a10af29f7cbb676
ROMS/Functionals/ana_pair.h,3830,735050a56d76755e4ff628d1b9770b8adc51e9ad4a4f624dbcabfad0283979a6
ROMS/Functionals/ana_passive.h,3518,d18528fbfc68e552f6afc7a0f8cd1cb4fe5c6ddf2f5edac86e80dc58875ff08d
ROMS/Functionals/ana_perturb.h,43859,76f3a86e99c57f49f56ee4f0a07f86550d7df3cde0ed7e462fbccfd6f3c1d298
ROMS/Functionals/ana_psource.h,18615,9d985f72ea5bad52a49c533625e39a037a6cc1cbf32b5935e11f30def30cc707
ROMS/Functionals/ana_rain.h,3573,988ed8c19838b055ad97e6dcd8f0ce353a2460f946e8373c2aefd10432975960
ROMS/Functionals/ana_respiration.h,4158,3f2bcc35079359325650c3dcfa62b934965b6a2fd2c0c938341b7ace32ff76a5
ROMS/Functionals/ana_scope.h,6434,8e5007fa1e5c825769306dffa7fcec323b0b4e78df114ed97167ee246f6889f3
ROMS/Functionals/ana_sediment.h,15186,39ae278b14c05846dfb88fad53fe08e4eb99643b312f5038f58e6d17802e9ed3
ROMS/Functionals/ana_smflux.h,14826,a43be1b136c7bfaa7a4e061d6904423f318c1918b02bf93cc8b387ce767ce3b5
ROMS/Functionals/ana_specir.h,16075,21bc4508f9b34b38a8fed79ff9f8f20b575ab6391a21e98757eda41415108e74
ROMS/Functionals/ana_spinning.h,5218,982fadfcd826183795457424ef1017f1e095785b1cca7d09ee5ddfc91b1c1b3f
ROMS/Functionals/ana_sponge.h,14875,7e51dc70edf0b80038099790a441a06fe09f2610750373d38e85e3955469c3e7
ROMS/Functionals/ana_srflux.h,10542,9a1cd93a4da9aeb24af6c11514dc1bc45fee1327c63e9163f6931910a81dc981
ROMS/Functionals/ana_ssh.h,3294,2e6a797da0dd6d069ccf7626a52bcf257b8d3db95972c1974fa117f28b57a02d
ROMS/Functionals/ana_sss.h,3523,d8e0cefb155bcd983b65cc034ecc037c1e28a42d571f52c51cca69f5d0a98cd5
ROMS/Functionals/ana_sst.h,3753,9638e4462e916842d0aa8e4f7f7646151a92e3eb965e46a84e914498c62cf9fd
ROMS/Functionals/ana_stflux.h,4977,7a5bb26e9d18f4b0dd9a03cdc16b43c76fc76eb31ab49b2c0ab8831d44cc1ee6
ROMS/Functionals/ana_tair.h,3764,48a1fd52882da4caf2961e0209f8780e8ac46fe58b63005cdefd2bfb5aab8e4f
ROMS/Functionals/ana_tclima.h,4387,426eeb562f5c030c139e80df8858f60bc803e3ce25bd21dd3afb5e8a1a0ef07e
ROMS/Functionals/ana_tobc.h,11324,2e9476b617aac2d105bcb4c7b1c45646cbad3bdd2427af690e93a7e3359c31ac
ROMS/Functionals/ana_vegetation.h,4943,579a2af28e481194664f3eae844622a1f51570c0d7cc505df84fc570bcb6f889
ROMS/Functionals/ana_vmix.h,11414,9dea296bdef5f37e0bdc773b784254115a579902738fba10bacbaed53b72aa84
ROMS/Functionals/ana_winds.h,5445,a2284cbfdfdafa93b90c80992b41a1313392f5d93349ba2507c6e75e80fa276e
ROMS/Functionals/ana_wtype.h,6967,3ba026bef13b5b7bff44cf182d4919bb34ef42bb08b6614d4ed9b3848d97235e
ROMS/Functionals/ana_wwave.h,15073,b04fbd1914e0f6061e1e4ba28f5321bd87820058c47d1445e7173c66665bf552
ROMS/Functionals/analytical.F,9341,5befc203e32d6e57a7bef1c84cdb8f3e036a81565764847e9f8a859f3bdd16f7
ROMS/Include/basin.h,791,5029d4be5c557ad9c933fa6f26c6eee4bf5cbe3e779809b2dc76a11c823b16de
ROMS/Include/benchmark.h,1484,9e623be2f598ee6e30f75d325d767cb6ccb5c280296485ae772422b6b5dfa4c5
ROMS/Include/bio_toy.h,2197,c2e94f28c0705569a39e09c802f8a8b244032c5353bffc875da93fd1d3080324
ROMS/Include/bl_test.h,1629,9de428b68160c1f22ca900917cbd3d5ef48676fb592a544dd47cf88e5825097d
ROMS/Include/canyon.h,1118,ba6c1633698fa0d1d9ba1d5463be986fa8edb1bfe126701446a9fbe3cdedba21
ROMS/Include/channel.h,2408,75cf8a8457ad840fd45913dbd6e84f5adb0ecef6e792b3953e4609a96f5571af
ROMS/Include/channel_neck.h,1556,8aebb99a934422641a3aa357088c5e5cc50c56c9330762195e370a32ffe3804b
ROMS/Include/coupling_test.h,913,e32f895139047f4c70dae57dcad209bf4ae984d5e80ca58605ab53d8ded5da62
ROMS/Include/cppdefs.h,59912,95c42f1ebe00d4b26adbb6f69ee9fa985798e608ca68ae610c1e59a43e7e43ef
ROMS/Include/damee_4.h,998,b9e48c67c03adb620d1d4a3756531277df46160351fbd8b84633f23637b05e7a
ROMS/Include/dogbone.h,1001,e0a4886ed6200100ac019ec327fd418a37dcd98d7636280b6525f0bb121421c2
ROMS/Include/double_gyre.h,8821,2fbbe0fb252b82f850af754aa73a407a823a4621212d6aef409a75e708ce8eb0
ROMS/Include/estuary_test.h,1211,c57cab852bee40dfe8abf7c507153e01ccaedaba37e50eec1ca38de66958e0ce
ROMS/Include/flt_test.h,924,28ad8da944cb36509896992d6236fb258b2835cb2925b1fc1acb4aa10258042a
ROMS/Include/globaldefs.h,30691,c650aee96ab24ada3bc7f8ebfd4412756c405aaa6dcbade300d69d19c13db9be
ROMS/Include/grav_adj.h,895,736044b053bedaacea270a3c5ea571f2514f71339a1506e100e5ec2f69c72c69
ROMS/Include/inlet_test.h,1707,ea79ceac90cabc2382312be2deaef43386e6ef050fbf1f0c1cdb1c824a305335
ROMS/Include/kelvin.h,843,c0fe9887b06030dc2ce79faad11468498df8e9e6b6f1e2dc36a47ecb6b12ab68
ROMS/Include/lab_canyon.h,869,e97b69a11c165da3e3ff8651255987cf327619ef991d47d9d0aa634d6ea86b10
ROMS/Include/lake_jersey.h,1451,f78847613cca3e9ea9c0f5190e3fd6ce33cbad8ecc308b552b37d439461b1c8b
ROMS/Include/lake_signell.h,1971,fae5c5a29b38707d25c95c3ac6e4e685978adc80077b7b9bb6d580899f2b32b4
ROMS/Include/lmd_test.h,1104,d30d39a24784ea761de115d18bb5daf03a133673761ded246bdb13cdd12907a8
ROMS/Include/mixed_layer.h,1101,a6cb13f6528d6ddfd65bc3a20dd1f09e5dde3d8e58f788780193697665bba7f8
ROMS/Include/overflow.h,845,5b8c6e30cdce531a18cf1ea9346390436de8acfacfe35877e25119aecd87dc52
ROMS/Include/riverplume1.h,1118,b8d761a2fb9861f2fa06c8a79d24a324972c0ed89bc608f256659465065c14de
ROMS/Include/riverplume2.h,1198,85d39dde71a263acd5a49f598cf820d27382b055e3d65f517951b4f6cadf4678
ROMS/Include/seamount.h,831,592c908dadb61577c380ccd8f0ddffb9a27183ff2501ebdbe6c35272f576a854
ROMS/Include/sed_test1.h,1208,1879642435908feb8c0d0bf77742ec61d212c1ffa17989fd6fa69fee241a39bf
ROMS/Include/sed_toy.h,1700,3451d939bcbb63ddf56e66786fbdb113493cfb44dd85af859fae529826034c80
ROMS/Include/set_bounds.h,3413,069d21af90d4ad659ad2ed61777feab6b183fc29661f27726298614c30670365
ROMS/Include/set_bounds_xtr.h,3581,0a7a0d2910d5d0dde4f036bf49d28b559bd6a67975cbc8911e0bcd4755625e50
ROMS/Include/shoreface.h,1796,ae7314edf2e93c2d2841e40cdd4d3a3aeaac286f66a9cea30d7231915e28ae1f
ROMS/Include/soliton.h,694,4a2568b8f9ddfcb59552f2d308b22361bc8cb820eeeeccc009d84b3ebec84748
ROMS/Include/test_chan.h,1119,dd6dcce5fd695c81462c97dcfb79b516a3a6d4c5f1118575be4e11a8df88c0cc
ROMS/Include/test_head.h,2181,1947e105d826c583412a5bbd9a917ce5b8107b19fd161558cc73ccd88244d82d
ROMS/Include/tile.h,1226,5de99c49e878c5eacbd24b806d7e6bd0ec93c8b780c547419bfd1bdbb3390441
ROMS/Include/upwelling.h,1816,72e5630393c5619ca0a299ff8d1174148d7f88eaf50625d152feb5fa1fecc20f
ROMS/Include/wc13.h,4988,66db7dee469d13308050d346f34a2fcef193c2f66279fe93b5bbbe062aac13ca
ROMS/Include/weddell.h,1058,a7600087b5a7e9c1cfdfc41547703e359794012384b5e948b07871d25174410f
ROMS/Include/windbasin.h,774,09f703275601def7008d9bfa87c87213d876f74dcfb3cb6e6e667f10af5a5353
ROMS/Modules/CMakeLists.txt,1809,6fd52b8ab696cb094aeb7108e0cd5568acffa2bfe895731c74ad95496967d595
ROMS/Modules/Module.mk,517,de311f0bca9142f95499250d0d36b89f357790e7b0e6ca749941d253b2aea0a8
ROMS/Modules/mod_arrays.F,17123,a9349007621a64caad82a21a1a45117ec38c6efa1b320f9b0cde93e3f446d196
ROMS/Modules/mod_average.F,74963,5f910ef12287b552eef057045011e01b02d4ddd8392ff6dae1992638db851bde
ROMS/Modules/mod_bbl.F,10186,3ed151e53fe4a1c5db03eccc3446e072b40a4b87d30869fd1665c5a85d4d98e6
ROMS/Modules/mod_behavior.F,1671,d0c48946d0297e46fe11e9c33de1e8601d4af42ecb16381ff605bcea489f7494
ROMS/Modules/mod_biology.F,8543,46c9fdfb1e91920f140c4279bb37a0792dd61b19704f365f0ad1cbc3f87d8cde
ROMS/Modules/mod_boundary.F,155709,9b7617cc8943f6d1326e7d76d14fb7280bba36994fbd48c2fe581d21258fe51b
ROMS/Modules/mod_clima.F,24573,44f93ef67dcbf2f631702de151c9a77acf30a65060ab8c5982d506ee22bfb7e9
ROMS/Modules/mod_coupler.F,14272,c71156ea47b234e37948402d79b398304ccb8b9fcb722eb16b62e5707db197bf
ROMS/Modules/mod_coupling.F,19972,e6500281f31af9530fc1b19697b95c3a660dd54eb719bf4ef5d69d7752f56c07
ROMS/Modules/mod_diags.F,19396,3f28eb6a3f0c7611058bce6b1f03d648bd194bb6996a908679ac7b46f82ae3c6
ROMS/Modules/mod_eclight.F,18039,7f03003025d36545f332991a1c3ab810757634181ea61ac934a281fd1f8aa889
ROMS/Modules/mod_eoscoef.F,3317,252d8b4c4dbdc0a71f7c40916db1b7216ee1e8191081b87fd519675a051fe84c
ROMS/Modules/mod_extract.F,26759,cc853d75465ac41a4739f8fd4d0b1e948193a151de4cecbb7e66836fae5048d1
ROMS/Modules/mod_floats.F,13447,c57da0cc4ed808cb727daeaa7a640b5d29dcb7ce49b943f7387bbffe0bd66605
ROMS/Modules/mod_forces.F,81221,f0427ba557c43561e2365f96e65b4e262af96bd6e1c5a5f641c2f845ef73f231
ROMS/Modules/mod_fourdvar.F,95948,937ee056ec884610fa98766add54ba0bc8873115477c0fddbda993dda7a275ce
ROMS/Modules/mod_grid.F,55974,a371c100a2f3b3123a799df589db30f77b52cc4745562d6d9e9b0205ddabbe2e
ROMS/Modules/mod_ice.F,2794,3cdbc90107184b4fdf012baf338f32d0d899f26a18ef89e1af230812316d9d98
ROMS/Modules/mod_iounits.F,35074,bf4869b488631c86ffd60d117f610a59d1025cde49c7b2f96317b7e43ead015f
ROMS/Modules/mod_kinds.F,2323,d4532c638cc8bf5f44b822f519da78ad566736c7df99ec12acccf1da239ac870
ROMS/Modules/mod_mixing.F,60553,b43afa9b16124da04fd15480e9c44813af2fcf3582af45a23b19a05d4b6e3d80
ROMS/Modules/mod_ncparam.F,136843,ef4c083fcb98af445f32a96636142eae4527c4d30f9faf74bdc233d50425c002
ROMS/Modules/mod_nesting.F,55542,71500b9db4dc2bacaf8b1988262acc56d6f4be34ac84977f7a27565fec4885b9
ROMS/Modules/mod_netcdf.F,405929,e03d6d7c5fe831dcd21d244004fa720a9ceb12b113828678ad221330c3cb119c
ROMS/Modules/mod_ocean.F,74120,692537a65826bc80d4cab96785544f5685c98a2cb861cb6af5997ad73673fba8
ROMS/Modules/mod_parallel.F,21673,fc9c6bd2cb535ff946ef4722019239ec1642ee4de31b43d40ca4e573ee5cead4
ROMS/Modules/mod_param.F,72081,6b343bb771eaf673cb4cae3f37edfa7ee151a6cce18a1e98422f5f4fb9548862
ROMS/Modules/mod_pio_netcdf.F,421671,e61cab2fd135c4350f18a540d6d899b594fb27721c047267be7280e5b4c76ac7
ROMS/Modules/mod_scalars.F,168127,6b8fc4a75da7354dcebae5dcfd17b8b07a7da03e9cc3dc3f322ca1e0d5fbdf05
ROMS/Modules/mod_sedbed.F,1341,4835c9cf07b7e3e7c19073bf886411d08a50d995450d82557814f968622322dc
ROMS/Modules/mod_sedflocs.F,1321,ef5d219333dfa8f925a7540a8ee21c73031a5fb64feade2559ba6f248cb425cb
ROMS/Modules/mod_sediment.F,4340,231499f38bba3a51196891f43637c99e6b1f53fef1a19ca5291585bf91bcabba
ROMS/Modules/mod_sources.F,19865,16a4811b9072a798b4a2574d38c4939b2a0402bba3b99ad942b8e16d0f316d65
ROMS/Modules/mod_stepping.F,10382,bba0ec3f0054467f03b7460bc5f43e96d174f9fa1bb1e0c742b6c729f03fa561
ROMS/Modules/mod_storage.F,16638,d19915249a5d927148c8be07c2632720572846445177dc16ee5e29f5d3d545b5
ROMS/Modules/mod_strings.F,19169,fb485593dc897d336db586faeb0dc752afe5cef30aeb17445f119d8745c29b37
ROMS/Modules/mod_tides.F,25520,ce0ff07a387f3d161c5779f0b37377726b48ef86d2de45f8364a23c07e3f3f9a
ROMS/Modules/mod_vegetation.F,5857,139983dc909aee40e61e1e78de5dc77db7526626b1a3e8d18a204f8fed65db8e
ROMS/Nonlinear/BBL/CMakeLists.txt,608,9ddb005f1e46afbe1e6364f4d345c63f0dfe4956486d7a2a0b06456519ca2a3a
ROMS/Nonlinear/BBL/Module.mk,523,336743d72df28945342323c0d9795e0bec418cbede5b7198a82a07374f077e70
ROMS/Nonlinear/BBL/bbl.F,1063,b776ba5dce76cb55ecf8e9255c2ed53ac1ac715187f4a957df540ab0c678b4cb
ROMS/Nonlinear/BBL/bbl_output.F,243880,c2888e78c6e3c73092bb7d1776ef9eb5d8ec6bee162a5e62cb67706ef05e4fc3
ROMS/Nonlinear/BBL/mb_bbl.h,31904,d023442e04804ddb1fa5977b5353219b873da4200e9ecf852527eebdda4f4d1f
ROMS/Nonlinear/BBL/sg_bbl.h,48852,4148e73819051856fa75a8edf8901a80a6abc0300fba3621a1abbb4f1c7ad221
ROMS/Nonlinear/BBL/ssw_bbl.h,76029,96b2d42e8e918c7972310f8da6f8c56a22a8c8b8082e2edb430a86512e84f4ca
ROMS/Nonlinear/Biology/CMakeLists.txt,636,278ce6fb8dccd2aeb1ad816fdc446433614ee0a0a1a3c215661cdae14863d244
ROMS/Nonlinear/Biology/Module.mk,527,01e9d744006f55d9b21f9aefaa14af1c69b11a04b720b02357df40e0373dc053
ROMS/Nonlinear/Biology/biology.F,7962,e539db3e3211e69f84892f47535381c7e52ab1dad440fd953eee26b7ab591dcb
ROMS/Nonlinear/Biology/biology_floats.F,896,7951e1b95b3bad5ad9f274e9f42f8d4ef84303afc20c8f4b4d5568e6c6e77471
ROMS/Nonlinear/Biology/ecb.h,119677,d592bc01404fe9b44ba4f83f91994ce33e99cb7a350ce43ba587f33d4a56e38b
ROMS/Nonlinear/Biology/ecb_def.h,18458,9a1fcf5c2a33cb4398f665fbd06291acfe52ffe1d16782d626b4b61b9480fa66
ROMS/Nonlinear/Biology/ecb_def_pio.h,18458,348fb6897ba006b4c4a5b87b1c40c8cb39e9271c4a75c921b7661e9a68eab599
ROMS/Nonlinear/Biology/ecb_inp.h,48963,ed8faab89cb2b1d5a7a00910d4b5812c8267ca5517d1a0d9e73be8379983751a
ROMS/Nonlinear/Biology/ecb_mod.h,20737,6a1af35b587d7ba00298aa29b0a34f216a3f6741baf69f9c1717792d73d946a2
ROMS/Nonlinear/Biology/ecb_var.h,11562,52ec3e2fdf749edccad1809e98dab2ef83a7b94cb4c6f1709129f5b7254d697a
ROMS/Nonlinear/Biology/ecb_wrt.h,13052,46715b91b91f163c9b4e7bfe0c84a8fa669ac01541402c0c4cc3217e8e8b140a
ROMS/Nonlinear/Biology/ecb_wrt_pio.h,13522,95a20471df627305263fa4ac61f94f7c9316f9a54a8ddf39159f4e8c92decd04
ROMS/Nonlinear/Biology/ecosim.h,108271,882a5e69f6038aa385ec1a3b5125de03a77174444e10cbb28c7ab0d61f6120a2
ROMS/Nonlinear/Biology/ecosim_def.h,35558,2a55ce57cb7dac13d34473ad98579d7621ace9f6551bd42ed78a602d3c6134f3
ROMS/Nonlinear/Biology/ecosim_def_pio.h,35557,9a16320948731d69aa2e9d516ff857110a2be9aedbe9ebe573b1e6589660873d
ROMS/Nonlinear/Biology/ecosim_inp.h,73615,83d2c45a7e8de85b2e605f904cfccaf0fdbdf2bdc434b9a7b33fa7c9c509fe11
ROMS/Nonlinear/Biology/ecosim_mod.h,45905,f7ba5eeeebfc29f218d305348780501b3455d155b4b8182de1ed73e91e4612c8
ROMS/Nonlinear/Biology/ecosim_var.h,24567,fb339ce31c000e9308cb0f26656807fa3b9c3b58a6301b043783aba38e15552d
ROMS/Nonlinear/Biology/ecosim_wrt.h,23959,b041fa5aae8460a6159b67f64b1f7e24da8ac549fa73abe1c1288ccec66a6a2b
ROMS/Nonlinear/Biology/ecosim_wrt_pio.h,24867,33609535425fc36c29abfa0104c0b6174833913257e0b27c8a851bfa5c025891
ROMS/Nonlinear/Biology/fennel.h,95409,2cf04c5fe9225cc022043d6b5e9639833508dc030f09e24b8f9dd02567a0bd98
ROMS/Nonlinear/Biology/fennel_def.h,14949,589e56ac1049b40ab3ad8b61a00f6fcf6606404127c8f4d14b0654cdddd166cc
ROMS/Nonlinear/Biology/fennel_def_pio.h,14948,e86eb55344757c1239cc277809b76076554e2d11b9092585c908a891bce84f87
ROMS/Nonlinear/Biology/fennel_inp.h,44456,dd318b671ee252541ec1358890f0f5ef867f34effb0325993d4efd6a2c242e93
ROMS/Nonlinear/Biology/fennel_mod.h,18110,f85c95484e31075112ad974bf5657f0e51180855fbb153dc5200b0d03a1b9528
ROMS/Nonlinear/Biology/fennel_var.h,10095,a9b152e671dd80e8d64bb41563aab6fca7ca6065d0f4afeac91c385033f4526c
ROMS/Nonlinear/Biology/fennel_wrt.h,10580,c437b5c6838206818456f975cedd7219ad38946c7095241f43e9ff333f439dc8
ROMS/Nonlinear/Biology/fennel_wrt_pio.h,10960,bfecf5f4fd6457901b4d9222448efd9e685e38651e79558ac705699e6f8bfa8a
ROMS/Nonlinear/Biology/hypoxia_srm.h,17749,864d485afe062a557e554cb6d4596eb163640601cfe565a37608d2d4228db4ce
ROMS/Nonlinear/Biology/hypoxia_srm_def.h,1519,06829b4ac3815d764536d35732807cb91c6d89d28c3bab99be77e442408bbd04
ROMS/Nonlinear/Biology/hypoxia_srm_def_pio.h,1519,ef6e5e8479c328c2cf5d48c23eb0e7e29383e322286d7de0f0b0ab0a847d12bd
ROMS/Nonlinear/Biology/hypoxia_srm_inp.h,32622,baf5269eb06a35453018f9e75de5845a8fbe3130b2630412388e5a669fb426cf
ROMS/Nonlinear/Biology/hypoxia_srm_mod.h,3805,b8c132faae93e50d73c4c7f0797315e85bac623bc20829fa3df5f867b49c1a47
ROMS/Nonlinear/Biology/hypoxia_srm_var.h,2060,d62a5ff1f7ac6c6953de49b95c7b3d23c3ab4e9fac7f5c854a3daceecc0a35bc
ROMS/Nonlinear/Biology/hypoxia_srm_wrt.h,1324,e97658ed1eeff8c4c8ca4db2ac160870718b5042e961c852fd2a4b3000a652b7
ROMS/Nonlinear/Biology/hypoxia_srm_wrt_pio.h,1344,d1fb5e0700f36e2859d10e4f97b0cc3b96a29c5e86eebdf78448dd91a2ef42ef
ROMS/Nonlinear/Biology/nemuro.h,41667,9efc79b1e0c5b903da7ea9e879459500c9542f8b3ebcd69aa08f16bc95f7e82d
ROMS/Nonlinear/Biology/nemuro_def.h,33794,f2817478a09b6bb7a639fef8386c5c398e45893a378127867ba2b77e96d2798b
ROMS/Nonlinear/Biology/nemuro_def_pio.h,33809,c87a27d7972433ef382b1ae82711fb4f1bcce597dbf50da442b020eb5b51a491
ROMS/Nonlinear/Biology/nemuro_inp.h,54152,c262e9619d27a248db20514cbbb765174c72caad6654b87334f7fdd113f630cc
ROMS/Nonlinear/Biology/nemuro_mod.h,31080,a5cf4d6b7f62f762d9a6b19ecc5d22385f2f3f3dbda5f18239ddebcf1bd1ee10
ROMS/Nonlinear/Biology/nemuro_var.h,5625,fb3c3b6929eeddc5f577d3f5dc68da5da81a91d92436f3af21fc8aaa207d6e33
ROMS/Nonlinear/Biology/nemuro_wrt.h,21912,40515af195aad4338ab15b33c63e464830a1354a9898f7c68fda5d37f6d74aee
ROMS/Nonlinear/Biology/nemuro_wrt_pio.h,22732,1937e01c0ce04c6ec3b182af9bc395498b80589fcd2e469777dea766e3772fb2
ROMS/Nonlinear/Biology/npzd_Franks.h,22156,6674154ebc43bd4db343adc68466fdfa3587743a3c16afa2b6db913feea8d51d
ROMS/Nonlinear/Biology/npzd_Franks_def.h,5460,2a671880dfda894524f485e0d95e3f0fde7eb2fe955ddd803e57619c540d59a8
ROMS/Nonlinear/Biology/npzd_Franks_def_pio.h,5460,1ce5cd34762df80fdb0284965e69e8f035f1fddf9d102a7309995b55a125cc52
ROMS/Nonlinear/Biology/npzd_Franks_inp.h,35994,5f94fd2788369bc38e8ac27c09ebabc3255a5926ca8c25161948265e81ff046f
ROMS/Nonlinear/Biology/npzd_Franks_mod.h,6879,6d1eb249c02f3a4e5b645389de81bd7dd2e3d1ea30b99ff9f5d9d6737c6b5016
ROMS/Nonlinear/Biology/npzd_Franks_var.h,3462,38e265e29b18d8625308ca450b694d60e5cabb9966c239d3fbe95c6e066b5cd0
ROMS/Nonlinear/Biology/npzd_Franks_wrt.h,4162,0baffb37243ceb7144c1b23a051f19c12d98a50cafdd6ab4ded332c099150f8f
ROMS/Nonlinear/Biology/npzd_Franks_wrt_pio.h,4292,9e52d35b17bdc3514d4ba8d2627169990cec68ae3c6c588d4b6f06530751530b
ROMS/Nonlinear/Biology/npzd_Powell.h,25042,a6e75b17498b5a91f22260219b819351b374afd2b2f31ecbdd14a4306c00b018
ROMS/Nonlinear/Biology/npzd_Powell_def.h,7009,08762dd7fc95ea0927c7cec3ba1bb43832755dc3c657f84bb2af3507dd0ae654
ROMS/Nonlinear/Biology/npzd_Powell_def_pio.h,7009,7cfb3157574e886fe30f5c443c1fdb3fa27db32c7e9fa883d228a67becaf8cb0
ROMS/Nonlinear/Biology/npzd_Powell_inp.h,37339,0c389b5399ef573fab92900d4731d46bfd0db95b27e7a6880eaf852445a2315d
ROMS/Nonlinear/Biology/npzd_Powell_mod.h,9584,1e0583983590b00e4575624a9fb7ff067cea9f48bd3fed900ed2e63f98784bad
ROMS/Nonlinear/Biology/npzd_Powell_var.h,3461,9d196123b372299d70a18c0af46c10b20b8dca24b97f13a8d8b7a2b895b3fa13
ROMS/Nonlinear/Biology/npzd_Powell_wrt.h,5190,b299070d91b1f3b1e55a4eb75c8ead2c05579136d7d689a50fcf92b4f3b16b95
ROMS/Nonlinear/Biology/npzd_Powell_wrt_pio.h,5360,ae596859f6ee69475dac92e024c3b475d803c1432665d5273c64030155392009
ROMS/Nonlinear/Biology/npzd_iron.h,29111,6d180a36be6dd04352391b5d140f4c0bf7492b9eab6268b3fcc3f8167ab5a21f
ROMS/Nonlinear/Biology/npzd_iron_def.h,10348,4f714c447f19a62b7e35307abd9f764a10123462000b52c70807bfe2aa311a50
ROMS/Nonlinear/Biology/npzd_iron_def_pio.h,10348,6f35e572f97ce149734c9441efeaf7db02adfb9639cb657177fa7697ed00cda4
ROMS/Nonlinear/Biology/npzd_iron_inp.h,39736,e0a2107f10fe592011139b9041b84ed3a6be76850a81952029190d2b16d18c33
ROMS/Nonlinear/Biology/npzd_iron_mod.h,12360,560c27440a8d124e89c0106def260dc762f6396584dd2bc98959591f7f778459
ROMS/Nonlinear/Biology/npzd_iron_var.h,4652,813ae2a3e11d28a185434c5dc3c184c30b94a3442f8548ca47f427797c4a718f
ROMS/Nonlinear/Biology/npzd_iron_wrt.h,7637,494112dc1879742e7e7c66e37df8ffbfb77b8e04741e58192fd5258b56989653
ROMS/Nonlinear/Biology/npzd_iron_wrt_pio.h,7897,005e6f4398adcd92f196af3fd6fa21defbffa2a7b30f1b684903d73caf42e503
ROMS/Nonlinear/Biology/oyster_floats.h,18893,862a59311cae56019ff725b984dc6722d331d3f99055f438ec811616a062bf5a
ROMS/Nonlinear/Biology/oyster_floats_def.h,9034,4e6f7026e088b8eb291c72ff03427743ca7488d6e4eae0cf50fb553637d5a501
ROMS/Nonlinear/Biology/oyster_floats_def_pio.h,9034,8a7756e6a98d74c7811b82a0db7932ac03101ddca2fc93b449beb8fa2b66156b
ROMS/Nonlinear/Biology/oyster_floats_inp.h,13403,e22acc39e9cec451a593757166c75b2e94ed322e1613e3a252fe38ea9878a90e
ROMS/Nonlinear/Biology/oyster_floats_mod.h,10869,4e80e7d4e2f8ab11bf3523610f1a91f23dfdbf34461bbd55c83c73b1f8fe8b52
ROMS/Nonlinear/Biology/oyster_floats_wrt.h,6434,d2d66c4663ac5b281616e0743ca9afe0c3ad5c1bbc178d5fc602cf32dd4b86bc
ROMS/Nonlinear/Biology/oyster_floats_wrt_pio.h,6644,ad5d3799009ac081bfde11eb35ab83d34f60c2655306eb19a9cf3ca1106c4b34
ROMS/Nonlinear/Biology/red_tide.h,26902,ffb7368ce7a8f80022177ed809e35719f42d8b3ab6559970169bb8502c7b0dae
ROMS/Nonlinear/Biology/red_tide_def.h,7409,717e0ed3260dc196961129849d09cd5ffb00043303ab4360e81dd21762b3b481
ROMS/Nonlinear/Biology/red_tide_def_pio.h,7409,4b3c5d2d353b28a901ce757d72e4f25daea1f629a5879f8638680de418ff2535
ROMS/Nonlinear/Biology/red_tide_inp.h,36862,2622b25065ca8fbc573a4cff2fc2863fd48bab5e47109def7b5e01892399b388
ROMS/Nonlinear/Biology/red_tide_mod.h,9464,95987eb4a53275d3d71e382a28a7673469551e0f970be4a15b8bbf59af9e0519
ROMS/Nonlinear/Biology/red_tide_var.h,2162,84b67e0d4787654b22c33cd53ccb864d47ae40307e87c83691dcd81e1fc8ed62
ROMS/Nonlinear/Biology/red_tide_wrt.h,5286,966e72b883bb9ac65ab439a442cb5584ed15e151ebb887c0b30e9f7676c81a28
ROMS/Nonlinear/Biology/red_tide_wrt_pio.h,5456,4dbda3e7579090acfc0586c467e65c6ec58600edae281663e6a3a396876016ef
ROMS/Nonlinear/CMakeLists.txt,2781,877bcaac389bccde07f674c8efab3d4eec69011578e6307ac256d334d9999088
ROMS/Nonlinear/Module.mk,519,eb416a9f1584cda90b0a256d3c29b6d66c60e9d2fe4b1350b6835437365c777f
ROMS/Nonlinear/SeaIce/CMakeLists.txt,1271,bb4cde469f07510f33323e4dab8ff67a7d628801ffc3c5c8a904b06af3a0369c
ROMS/Nonlinear/SeaIce/Module.mk,526,af717d96f6e6dbc8c44c465a3de54fb4099719c3d1351f96873df103d1a8182f
ROMS/Nonlinear/SeaIce/ice_advect.F,871,e45e067ae21d24b75f0b7f76daa8275bb1cd0f6b1ef05be82b8974906980b897
ROMS/Nonlinear/SeaIce/ice_albedo.F,13514,76755dd3723bbff6aeb72f3c373599ae21afaa505aeb0e86d814bf72701e52fb
ROMS/Nonlinear/SeaIce/ice_bc2d.F,20972,67bd3317a620ecca6e3b8cde5d3403b2300698e80c84c8e87b4c278225c9b1b4
ROMS/Nonlinear/SeaIce/ice_elastic.F,37534,397fa0f6f0d14234e348598739d2bdf61ab8d9668302ac944021abdfa97d883c
ROMS/Nonlinear/SeaIce/ice_enthalpy.F,4527,d71048be4d5fedcdd9059bd313dfa6ccd228f6240fde9aed2a99adc8d76422a0
ROMS/Nonlinear/SeaIce/ice_evp.F,13242,84295ef2f36857c14b6f0896b56a70da057f69f2d865670b93cee4dd8e512f64
ROMS/Nonlinear/SeaIce/ice_evp_sig.F,10008,7cd0f624368fecef6d8bf15c38ed0dee72adb7027b6eff993b8c34023e67e812
ROMS/Nonlinear/SeaIce/ice_frazil.F,10291,d95c4d17d4ebdcf45cd6bd0949895a5aa01232b14ad5034217eafd613af42789
ROMS/Nonlinear/SeaIce/ice_inp.h,45281,21234da01ffa3d3411a280b23a11748500c683b730ed2eb89c8220228e290dfc
ROMS/Nonlinear/SeaIce/ice_limit.F,13373,e4a9a5ddbc06378dae139d4ce0501ced2c784f877a0c960241c12dd7e74ebbb1
ROMS/Nonlinear/SeaIce/ice_mk.h,50354,d97d8468983e7d49f65120446b2409e7effbf32f59bf3ea1f38306970af91596
ROMS/Nonlinear/SeaIce/ice_mod.h,31749,00465891c63d77b7c6e975e27f471d783c3e42183c6ff51ae9353c87b932a3dd
ROMS/Nonlinear/SeaIce/ice_output.F,50637,9e8468501f602dac3cf2728d50cd23b41d8789bab450ae2be57b71836e99068f
ROMS/Nonlinear/SeaIce/ice_set_avg.F,10253,95288b1b2c603272b282c000faf268006c1a317fb8e8a940dc68939131d9b3b4
ROMS/Nonlinear/SeaIce/ice_smolar.h,41342,d4038dc68e3e6bec1ec5e72860055ac1e769a1a0a58af99803cb1b5fdb92d676
ROMS/Nonlinear/SeaIce/ice_spdiw.F,9027,a468602a4ae2a3621b6ce6497adf9ba974fe7df66797bbebfd5ec3756214f90d
ROMS/Nonlinear/SeaIce/ice_thermo.F,1005,a6be883f0f03343164918e91d2368ba7784ea71d2e1c61245a02701c42259a5f
ROMS/Nonlinear/SeaIce/ice_tibc.F,28396,3dcd2e2ce7f322266acffc36e634d174da35a1f7d64001a923a2b2b42aa35f9f
ROMS/Nonlinear/SeaIce/ice_uibc.F,19506,d5cba193e0f01d9a64942a4e046fb8a4dfb25fd33d2e89fa0de1d997a726a6ff
ROMS/Nonlinear/SeaIce/ice_var.h,8417,12de5c6d8c003d6e0f71cd712a328b177a93659a0c84cb58f090348dda833fd1
ROMS/Nonlinear/SeaIce/ice_vbc.F,19990,f3386028985c48e6fabb63c37f2b6c4a51ec02974cd7b362ffd8d1d5cefd3559
ROMS/Nonlinear/SeaIce/ice_vibc.F,19496,725810447be9d8aa60eaf7d728241969d53d4e651066977ef6c059b7d068fc0b
ROMS/Nonlinear/SeaIce/seaice.F,6935,8e17d741a3b747b70a6712c7cba2dd74feb9a9286f2d840f305425a455d12c12
ROMS/Nonlinear/Sediment/CMakeLists.txt,1290,4d8088e89a9822997f84447e00e17aa1cddf055f2807c1ba0eab71cf28a45e09
ROMS/Nonlinear/Sediment/Module.mk,528,19a5060396e8ec95b4ac5f53c31be2f0258c7e34892483970b6f93d77ce902e7
ROMS/Nonlinear/Sediment/mod_vandera_funcs.F,17904,419c77c192a1bce83c4292a0d4b57031efd3fd555fdb757a70aba21a99263b57
ROMS/Nonlinear/Sediment/sed_bed.F,20149,36e30d1dcce427b134f83e93cca81e435bc4b0fee500df71631968f8cb5fbac3
ROMS/Nonlinear/Sediment/sed_bed2.F,40129,7990d90cd6e3c786cfa25a7bf69536a88736f9e6e67e39abd775c46fc8733343
ROMS/Nonlinear/Sediment/sed_bed_cohesive.F,42525,46320e679f603bc6dd281edfba97e00c6bdf1a20e3e768ddc30d93165c924178
ROMS/Nonlinear/Sediment/sed_bedload.F,54341,309244be7650a81bdb8ac5d0028cebe4c8e91829057204cc2e60dd14d739dc36
ROMS/Nonlinear/Sediment/sed_bedload_vandera.F,83107,d67dd9f69c525c352b99b36a447f160f4c52b7b2114941e3d1813c646bc20a42
ROMS/Nonlinear/Sediment/sed_biodiff.F,14935,c3d8a7a333db09e08785a71e7c54f0626e5f9ecc11393f65f6d40e15e4ed96c8
ROMS/Nonlinear/Sediment/sed_flocs.F,35096,292cd2bc1ae9a7396dd5254060fbb077fdd3f882daae733e542b972b90ebcd12
ROMS/Nonlinear/Sediment/sed_fluxes.F,12886,2ba9bc4070d362fbbf8365629ef12835b5ccfa8ec8a3b30071023b12bff3a085
ROMS/Nonlinear/Sediment/sed_settling.F,12834,bbc66a892947ac16dce25c1b1a9b4b87b47de1008b3f6a51ff642fed4b3352f5
ROMS/Nonlinear/Sediment/sed_surface.F,5618,fd1bb0056478e63051a239701e58e92e7da75e29db18a48e58d0f4f3bc068907
ROMS/Nonlinear/Sediment/sedbed_mod.h,29107,586c6f2405a6011622737d47f0f56ca0aa235d2d1f93783e911bc21d86e52c5e
ROMS/Nonlinear/Sediment/sedflocs_mod.h,19628,a6bad6eae602c3b8be6efa4923675ff0af8bb68faefc8bf507c7695c8176a12f
ROMS/Nonlinear/Sediment/sediment.F,8281,9264bba4523c55a0b3a64bfa6b4626e704b817819e431cb91fd4092c4a5d2ccc
ROMS/Nonlinear/Sediment/sediment_def.h,7647,ddb1fd5ca79cba111397d1f49fc000007592b1690c78ef761da5ffa13d0dbcbe
ROMS/Nonlinear/Sediment/sediment_def_pio.h,5112,f707ae787a62155d4c291eccbe178682ef6c667d09653de5bdc9fbfab6df61f9
ROMS/Nonlinear/Sediment/sediment_inp.h,78518,7a0130416a83c6a7dc62f3c8657f22e62d61af7203b44ee254a0c0bc00a55c45
ROMS/Nonlinear/Sediment/sediment_mod.h,24158,1e6cb5a6d0a9be6bee7f95fee080137388060092440e37e559a15405aff08dfe
ROMS/Nonlinear/Sediment/sediment_output.F,123241,b3764baebba9a4103be993e235cf6c29dbf17432b9aac44ade706bf2d8ff4c3c
ROMS/Nonlinear/Sediment/sediment_var.h,27605,d95dd1c2e7738e3356849e220b8435fc0f18ae3e4dc42605a31c064099dfea2b
ROMS/Nonlinear/Sediment/sediment_wrt.h,5497,94f2ffc4e4743fa879a51768cba0ca43657a4a27148335fb955c8b0e65c0016c
ROMS/Nonlinear/Sediment/sediment_wrt_pio.h,3786,c89781553233b0e3ef9ce345fecb0d3588b357e88c650b09514837bab2350cc1
ROMS/Nonlinear/Sediment/sedtr_decay.F,10188,fc1b604982937266562593e69470c08d89062d7773c10ce7ba3fdcf07f78d8d9
ROMS/Nonlinear/Sediment/sedtr_reactions_pom.F,17748,1c7a85a08441ab9ec7fa70b6371e1afac2d437b70dcdf96f664200d1a11d47a1
ROMS/Nonlinear/Sediment/sedtr_reactions_sed_decay.F,10304,3b489999e765eae512471b6873ccde6ca06a3d384935b0e8ff4412b98e0a3967
ROMS/Nonlinear/Vegetation/CMakeLists.txt,1076,148249219186f3585354394b80d8f8b00d4a23edfd3bdf81683c4ee252495f14
ROMS/Nonlinear/Vegetation/Module.mk,530,f4bcee387141058105f69f32c5b7f21b8357e51468fdd77eac48763b804ef736
ROMS/Nonlinear/Vegetation/marsh_dynamics.F,5172,c3a5c6b91d4df24e3176a84f1c6399493234584b4bfe3a35130d2790d3090ce0
ROMS/Nonlinear/Vegetation/marsh_sed_erosion.F,18253,2b8ded97b8317c5a8b6a2a55a0af120d888ca52d543d9582d0140536131ca3c3
ROMS/Nonlinear/Vegetation/marsh_tidal_range.F,9581,ff6ffd864290f061838cac67d8195acf66ae2848cf02acaf0a24b5c162700721
ROMS/Nonlinear/Vegetation/marsh_vert_growth.F,15750,d31cb4f8587525410a7226293926fc6e113e21077969982cc75fc21287f93314
ROMS/Nonlinear/Vegetation/marsh_wave_thrust.F,16924,172c065961f800b63e0ebd4c88c9261c01b8616d98d4c98dcbb2a02b4f3178d1
ROMS/Nonlinear/Vegetation/vegetation_biomass.F,7932,575650c2c978cacca250143f74f291371e48625a965d89bd1a969cc38cfe5cd6
ROMS/Nonlinear/Vegetation/vegetation_drag.F,17596,7c13ffaffe4f6a37541169092240f65b12d8482118e55aa37eb9b6d4ad93d2d2
ROMS/Nonlinear/Vegetation/vegetation_inp.h,26874,e1dbaca5c6a5927a76d881ab354cb0708af496b0d1ee9b0a3a50660446373356
ROMS/Nonlinear/Vegetation/vegetation_mod.h,31235,18ce664fc9e11e38c8e7771e066a6a7719df44ae68c149091ce751de725db2d7
ROMS/Nonlinear/Vegetation/vegetation_output.F,86144,e417de9144d17dd6e435a6e428cca8eb7a591f64cc9b0e6cebab8185d9f5f471
ROMS/Nonlinear/Vegetation/vegetation_stream.F,6147,9c96866017963ce8e577b2955bf46303ae243846570f04133d601e7bb748055b
ROMS/Nonlinear/Vegetation/vegetation_turb.F,10415,3b21ac51e018360a02148b5bdc4959f8077f78d74e16e274ff292b4ee53ed9b0
ROMS/Nonlinear/Vegetation/vegetation_var.h,2355,a5967dd776ba1e6dac22859e9a8be21fbae1f36cff1796d4dc014873da1ee56e
ROMS/Nonlinear/WEC/CMakeLists.txt,1011,4f9101527bbc38a0afd17b9980ce770200a6ddd8aea357d25dc371d4b01855b2
ROMS/Nonlinear/WEC/Module.mk,525,8525e50c7094b533ea9c9123ca52eb4c8e8a96f34ba7cdb5c7985adfd11be85e
ROMS/Nonlinear/WEC/wec_dissip.F,7121,88dedde2d5d018f0641339dd04f12deb8d8cdde051cc6f5b8d28e49a09156964
ROMS/Nonlinear/WEC/wec_output.F,217132,62b385c270aa2e6e374ee27040ed62665549448a5cf13fc6b357bf707aff700e
ROMS/Nonlinear/WEC/wec_roller.F,12903,bbc6fadba9e0eee0c298147df89de79dc1407407eeddf2a5aec25ea8f0401df6
ROMS/Nonlinear/WEC/wec_stokes.F,30657,07b4ad309a9442fbea93956675b9af534f7db36cd0f745719e87f880f28c5e26
ROMS/Nonlinear/WEC/wec_streaming.F,23332,d0d78aa0fad06245a42f87caeae63e0e9226c6cf9d2d209a21182c8d35ae5414
ROMS/Nonlinear/WEC/wec_u2dbc_im.F,22219,6d94378a4f904427d390f8382a195f8257f20f2452823f84756de89339f547eb
ROMS/Nonlinear/WEC/wec_u3dbc_im.F,24024,79a233feaf57439969728d8e4ee47474167220c99172506c33034922dd697a50
ROMS/Nonlinear/WEC/wec_v2dbc_im.F,22208,7445e64fe660060dd96c42efa24b56bab14225a07dfd937d3e516aa510937295
ROMS/Nonlinear/WEC/wec_v3dbc_im.F,24028,74bd11d0fedcf5e414c5f5f3d71be943db22b100d0d5e3aa293852ef77c87663
ROMS/Nonlinear/WEC/wec_vf.F,39510,2eaaede184b60ff3d24a8f7cf9a093a1c2c41620a1a88e85aef98fdcd62c938b
ROMS/Nonlinear/WEC/wec_wave_mix.F,8009,9f9dc50bb6dd4a727da94cb467762a20f339ae3a163f506e066dfa2af8244abc
ROMS/Nonlinear/WEC/wec_wvelocity.F,12842,899f3d9504edc3068a1e5dcbbce0e1fc95b1956a89837397348c08dc8a6e21f6
ROMS/Nonlinear/bc_2d.F,30701,a35e460bdbc430865d54956edad31957b827a624d7cba72bf2db1adb11716ed8
ROMS/Nonlinear/bc_3d.F,38805,b5ac983b4d151835651642a4e44d81e2ae8fe7c32f81658b2ed78c586cbda180
ROMS/Nonlinear/bc_4d.F,27588,56eed18edbd5737e3712fc02dea63738e81eb512612900b25999e0a7f119ddc3
ROMS/Nonlinear/bc_bry2d.F,7537,51a9dad71893077f1ba7e3452164a1bce6523364d595d14d438e5ee83efac2db
ROMS/Nonlinear/bc_bry3d.F,8875,18a1aac5049393eb2fdacdd1886b6bd0e132d40aa9677bb7f1167a181fd869a5
ROMS/Nonlinear/bulk_flux.F,65356,4256d04ee7304fab357a7eff82fd4af08f9f964e62ef3696396c0cceb68aee84
ROMS/Nonlinear/bvf_mix.F,5640,5b53f77334a9597c82d699f0b2eead8530ef73ecd89ea1275efe9e5422e6b6ac
ROMS/Nonlinear/conv_2d.F,22521,e5d36cc24341a27b20c06e38b703051d22515927f2208886f29d6df944c436c7
ROMS/Nonlinear/conv_3d.F,70017,5d07a590904eb70af4b0b075c0d154d2111e29e5d68d83e5ab876ba6e04168a8
ROMS/Nonlinear/conv_bry2d.F,28081,9afa637ae797d70a07ab292cf8aa5e8a0e434e384f1398e8ec9a40554eafd54b
ROMS/Nonlinear/conv_bry3d.F,70302,eec32cb492ec1b57cffd5577634f86b43b1e742e10d2653598d3d4c18abfb044
ROMS/Nonlinear/diag.F,19448,10c113521a92f344cc2f204dae4b1ef6678ca006d4ce6b4bc52cfabef375c1a1
ROMS/Nonlinear/exchange_2d.F,26425,9a7a1a37c7b788a24c07ca9126032be3fb5541bbfd96cf0ec5bedb65081a8b48
ROMS/Nonlinear/exchange_2d_xtr.F,27937,023555927152b044357dd9e6ca5f6f59688296558febddb5001e6bb77e937ba8
ROMS/Nonlinear/exchange_3d.F,36942,c8cfa4816e8ec7e4492438ae74b4508b17d3cf4c5cb187c34d4c1771aacc9eba
ROMS/Nonlinear/exchange_3d_xtr.F,37081,86bd0852c7222908b587148e2e7116e3d01b0316946ddcdce3ef54a072cb05ff
ROMS/Nonlinear/exchange_4d.F,42362,8c74cc855e03212dd4b198a3f924e0f1f75517421b89d2bbdc1dbbf488ec2311
ROMS/Nonlinear/forcing.F,8103,d9559d13026a2e50ccc01f3f92bd557c0e2744044d1b4da95ff523fa408c36db
ROMS/Nonlinear/frc_adjust.F,11891,da5d84176c4a5c821bd101093e0b2b085e30a14a4ada2d592823acf38c5181fa
ROMS/Nonlinear/get_data.F,67864,8b0bd5ef67ba590cbd4e3907a5c4fd9449aeb67dd9ecdfe27a575a5459157793
ROMS/Nonlinear/get_idata.F,33550,f69c02cc9aca42973018690444ab39e4953d09effc4b3de86bdbae67e576d44b
ROMS/Nonlinear/gls_corstep.F,54218,bd612dbf1a737dc26ad9b4a4516996b46814fbd969964a5700c5500711be3394
ROMS/Nonlinear/gls_prestep.F,19808,2dcf9777798ca92e6a56e57932bc747d110391d033a2e956e0da67e3cfcf4087
ROMS/Nonlinear/hmixing.F,32369,dc2b6ae1090916982f172ae33b26f6ae94eb8e869cc76a315263485c3ca1b6bd
ROMS/Nonlinear/ini_fields.F,40402,ed886f6608f701cd4356499894a878ec95997359bb1246e4773c0e71b8640960
ROMS/Nonlinear/initial.F,25777,58abd6e8f5833dcecf72df374dcea57a13012a39457ff5db52a7e199c6e6072f
ROMS/Nonlinear/interp_floats.F,23121,0339e9037d42aef84ec7eb8c21ae1b7adfdf33fb6ff2f69b44f638ce8a155c53
ROMS/Nonlinear/lmd_bkpp.F,31416,322397264af748845f446d24bb6f9aab633d3f1cc1d1b4b8099f1072ace428e6
ROMS/Nonlinear/lmd_skpp.F,35421,95adc933cc6e49c33b0ab73942546cca168da571e742b65f930b4d0af762e25f
ROMS/Nonlinear/lmd_swfrac.F,3870,1dfd23657030e2c152b9a16a370c447fda70cf51d5b0c1d5c47f803fc22b1899
ROMS/Nonlinear/lmd_vmix.F,23902,f39e8d32af60594d351669cf5ef02e66288c156aba5d3ed99c77874d25936356
ROMS/Nonlinear/main2d.F,25594,dc437899273dc32e3865f67f60834976b160f7eca141b03531c80c748139025e
ROMS/Nonlinear/main3d.F,40270,43bf6fe56ee3c112b74616ec908336926a06f709beed505d2d27e7ce93149209
ROMS/Nonlinear/mpdata_adiff.F,56590,e49243f713b5fe5e261362e4c56bd5db9d85a9e82fbc710805597edc79ba244e
ROMS/Nonlinear/my25_corstep.F,35056,bec2191b4fb166f11474b5cf9462a4b82c340a64422eaf6a459447023810e9b4
ROMS/Nonlinear/my25_prestep.F,18899,f0bd24e1774f09e0413db71fff6ae914d820e64c419bffa870bccb356d776486
ROMS/Nonlinear/nesting.F,289432,397f68cf07f0ca50970b99c13778ca4d2b643542cce251f818dd34e03d556ff9
ROMS/Nonlinear/obc_adjust.F,36307,07a92456fe21fbe39459648efdf0e7e9ddca07363136dbea4b3357c1c03d106c
ROMS/Nonlinear/obc_volcons.F,16367,e94e7f137805a514b6c91517068f9468fbad4db4dfa568cd29ded3971dfeb419
ROMS/Nonlinear/omega.F,16575,c73db365a01b6677a916c51c5fa9b729b986734507cceea45c43a59a4098f280
ROMS/Nonlinear/output.F,28952,38be77ea369aedf4a18e863201defa90647ec0b71f6f824859a2ab29c7da6254
ROMS/Nonlinear/post_initial.F,2873,e4d257f153a608da12929d98768a3f7a1f5d6f2489b7156ceea506059f489790
ROMS/Nonlinear/pre_step3d.F,47923,51ecbb1e96b1b068ad71c74e6cdc759a8d3da11a67e03a281c3f679c693e4b37
ROMS/Nonlinear/prsgrd.F,1108,74de1f7131c93dcc95ccf28bbae873dd95ca19ff38cbd8968880305133264405
ROMS/Nonlinear/prsgrd31.h,14931,1b72243fad45c9831665abfd41616da3f22adc22ccd2e76743f3625c2cd517aa
ROMS/Nonlinear/prsgrd32.h,16730,60aaa17a9fd2174adaa8a145038a9b4a1194234d689809266cad444beaf938b5
ROMS/Nonlinear/prsgrd40.h,10709,572d3e9c8641f672c8828e6a5fdba5a903ae6efbc4cf0c62d2f891053ff4507f
ROMS/Nonlinear/prsgrd42.h,18181,6daefd85df14ae81607bdc32b79623dd3e9368d24417cd0fb9038cbc471cf2ef
ROMS/Nonlinear/prsgrd44.h,19750,94041dcd6bfb0b7dae66d32a209ed25d80dbdaacc8cd6842462ae073dcc638b3
ROMS/Nonlinear/rho_eos.F,33749,b55d6e7c6c3a4793fec525c424c1c0b391073531b22b99a7bd2291dd6e7a9e33
ROMS/Nonlinear/rhs3d.F,78461,1526f1f223addbcc8137aae945acf1b0959bd13f27fe6613c073443325e3835f
ROMS/Nonlinear/set_avg.F,220592,6f8c7bba44e1a4a83ccd84ff6819f7180f2a5b1467104e01866c2ba32cb2b072
ROMS/Nonlinear/set_data.F,58178,2f6b0146ebccadeb2a6987edfe995d5b779b5db110c1af81630a89f7bcb55cb9
ROMS/Nonlinear/set_depth.F,28287,d3923966681b8427c66bd7862553f92201e8e27a6bdecede220b3b36973c135e
ROMS/Nonlinear/set_massflux.F,14436,847b094e3bbae896fc378c8c61d2c2dbb0c2aa421596b0b86883250dbd0de39e
ROMS/Nonlinear/set_tides.F,23912,69b599af75f89d6cbefd6fcdae766aa732f150f8033931f5a50701bf684fd57c
ROMS/Nonlinear/set_vbc.F,32792,6cafcda0844dc4d38e97f0962ad57c1b39b263f945749af0edb9ab6603053040
ROMS/Nonlinear/set_zeta.F,4350,cd00fa5f51d6fb7db906170446b89245a6e1f67c99c49f9ea89077c671041f83
ROMS/Nonlinear/step2d.F,1034,eda3c5a2c893f2cbe510ddaac58341d3e827aa1d5c345192cd3d9b4f02c8e3aa
ROMS/Nonlinear/step2d_FB.h,81403,47ec329ebb833d2601fe20f4ecd73564a40253f47271585236c2ab01d632c927
ROMS/Nonlinear/step2d_FB_LF_AM3.h,83270,cc4e4a62398f8049fe0840b655cbd6a3e26c03f2d0650d63bfac6d1f8aa99191
ROMS/Nonlinear/step2d_LF_AM3.h,119893,6d40c7c2c55b390e85b059631fe37104e3b1b06dc230832b3577fc1e2544bcda
ROMS/Nonlinear/step3d_t.F,73035,c36f70bf2c47d40f4351731aa53495c266c5e4524b097cdf7b81cba1cf40155b
ROMS/Nonlinear/step3d_uv.F,69314,52d9180a3fef11dd7046693fd18cef1aca353e9b21b2a076bbcb417d4fecff21
ROMS/Nonlinear/step_floats.F,44453,9f1dcf511eba2a81a1f13fc2674b8405d3cd57b55ceddf811ea1b44cf5ff8392
ROMS/Nonlinear/t3dbc_im.F,26347,38ca18af1fd89a0753815e12f8688e558c37f52f434d9b934dd70282f3057114
ROMS/Nonlinear/t3dmix.F,1461,789ac961f833e650ea390e641f08494e1ecd13c6d933426ef4ac53aa7269eb94
ROMS/Nonlinear/t3dmix2_geo.h,16866,f52f99d0dac311165c9d5fc0fafeb8b4d920767f7ba439ded231ebae18389581
ROMS/Nonlinear/t3dmix2_iso.h,17897,0ca84aecec3c820997191f583b41281eadf73808fdcfa69d0aa773397b8e06b3
ROMS/Nonlinear/t3dmix2_s.h,11235,4b08e6e3f6760855b0164dc8581934657074e5fba540bb26bc7809c22891f787
ROMS/Nonlinear/t3dmix4_geo.h,30597,11e9d58e9436ec4f0b8ebc9ec1a32682bec3300e496f97aca338da21013cb828
ROMS/Nonlinear/t3dmix4_iso.h,31730,e766a8c733246f336e9cf2d6f3036c7d606c2eeb3fa8dbc2f0fb4d8965d733df
ROMS/Nonlinear/t3dmix4_s.h,16646,c2991c139e5216a8efc2d62ad70d7c0f575ac885320209befdb900aaca1affd7
ROMS/Nonlinear/tkebc_im.F,28532,683817d606b801c46a5238a58c0178a3898abe46e4e149c0bc109677c1f80652
ROMS/Nonlinear/u2dbc_im.F,55076,9f9eb98dd0170efd8aba8872b9adea723b906415d5decf266c9b78a9f0771022
ROMS/Nonlinear/u3dbc_im.F,26799,b11e4b3e79ade68cf566614f3f578b77b2d82b3b1753bc51692a1bfa5a7a778d
ROMS/Nonlinear/uv3dmix.F,1314,2cc5b4e39b990b5af1062edded754788205080f587a66712e7ddf36721917545
ROMS/Nonlinear/uv3dmix2_geo.h,33266,b96a717a6137df8a644b4d1d4c66a6c3eca953bacad924c468d301c05fa2a4a6
ROMS/Nonlinear/uv3dmix2_s.h,14194,bfb2eb19677b36e9901b0f44b63f7d774b6a1c011a312a6e33ea1f65c2cebc6f
ROMS/Nonlinear/uv3dmix4_geo.h,62324,d013cc90b27c2450013d06a4ec42314ae2c29b16cee04195fea313edb018a50c
ROMS/Nonlinear/uv3dmix4_s.h,25495,c3dbf137768e97567546fc21402c71d75cea1acb8d1494e7181f3c4658ac17ea
ROMS/Nonlinear/v2dbc_im.F,57503,025a6a37d5e20840d05c766a77d592e1c3383677e710dea8dd305bb33b209823
ROMS/Nonlinear/v3dbc_im.F,26798,928130459aaf752fd0a165f7e50cd69f9ded6cf70a5e9b01ef825b2f29e95154
ROMS/Nonlinear/vwalk_floats.F,13002,085d1706d480e921b8acfef38ccc8190caf51b7f58b090f2b232727cbcf83c8b
ROMS/Nonlinear/wetdry.F,36968,a271c97003f175446332814d3c4f1168742aca52bfe25a29a745810aa727ddf8
ROMS/Nonlinear/wvelocity.F,12062,7e3047f7d97998079560e699e4787e569c704f68f7bf2cfc1d18165f29e5009a
ROMS/Nonlinear/zetabc.F,62024,0dff75dde164dba06457682439e490e2501f0a82deca82e0e6dc1fa232be411c
ROMS/Obsolete/hsimt_tvd.F,9719,3b8bd431054837529d4c9be08a6cdc7ad18ae92627247f2dd1e73e2163453c6a
ROMS/Obsolete/t3dbc_ex.F,26471,bf1dfe59ba058f8c6baedc69f1d0be78cfe8117745d83a4baf69aa4411218593
ROMS/Obsolete/tkebc_ex.F,27088,d8e07ef2855b554b9d7506ab2f4649002d7abc50146f09bbef0fa64acf94021d
ROMS/Obsolete/u2dbc_ex.F,40087,67f1117847442e483c9c8d4369d19000105c4f6ef9173d08907b3c9d4b8143fc
ROMS/Obsolete/u3dbc_ex.F,25416,9def12e4cad7690f18838c50f7a322b503c6eeb52904cd99547ef82278228ecf
ROMS/Obsolete/v2dbc_ex.F,40101,c9c96597a8dcd206c9c15c0d0e738ad59af879498dce6b6623d993638cec816b
ROMS/Obsolete/v3dbc_ex.F,25415,aed338697eb2d0e72deb7bed4fb524e0cf984f985234fbccd9f36bfda9dfab3f
ROMS/Programs/CMakeLists.txt,600,41654922a250534f6cf81e0c8d5eff9e7a44099c1f0baa45a3ede26b7551588b
ROMS/Programs/Module.mk,491,5dd71608faeae6f3feaafc36776a22bf43b7e59530262162ff308d6f95451465
ROMS/Programs/Readme.md,1124,00250b5a83ec081a3442be33f0f2bc3855f497252a5a4289c71694f6d1201a62
ROMS/Programs/types.F,5990,7a7e948a4d07175c218f7169f0df6eba71329d464d6960fbb1caab58ff8886e5
ROMS/Programs/yaml_parser_test.F,153324,47f1dcb50236732a0a2763a5c7c561a97961cc8d689d64c6054486a3a5865fae
ROMS/Representer/Biology/CMakeLists.txt,599,0e78d577ce2c1ac29ddb315bb2f2c5277778f0c8cb882b1b86cf54b8129501a7
ROMS/Representer/Biology/Module.mk,529,603eea442f726f191674d25fa85185e4fdd23026b03cc1869151849e978870b8
ROMS/Representer/Biology/rp_biology.F,866,5391e96a9436f13964907196bb4633fffa1820f7a05559062d6040356bc18b2b
ROMS/Representer/Biology/rp_npzd_Franks.h,74047,79b0ee0945f5598f75360e3eaf61ae62874564e9e011ee5feb38e5a55c14ff0e
ROMS/Representer/Biology/rp_npzd_Powell.h,88573,149fb29e8000453f9eeb05f7cf5c370c2ad54dd683d2c56fd350cd50b1660e41
ROMS/Representer/Biology/rp_npzd_iron.h,112199,1938fec4790fc6eb56e1d7d3084010a9a645072a111324b1de758b2f6dc714c5
ROMS/Representer/CMakeLists.txt,1975,93fa3dc961d6cecea3e398f45875f974de0c7dfd54418f9bb3a2865031edfbc8
ROMS/Representer/Module.mk,521,5c09caa796dddafcbd213a8cb4edb9c5be210602e464e257147594bf248cfbd3
ROMS/Representer/rp_bulk_flux.F,70465,d50908fde152071b30f619513150a011289e8d9dceb6c4549913525d6b9f8714
ROMS/Representer/rp_def_ini.F,61816,3447ba1c06f43e72de61b6bf374b202592bf1847ca9dbda34aea518163ac6391
ROMS/Representer/rp_diag.F,11990,3b688de854c7aa2c224eb8016b61d37b35154f5547e1411dbecb97cdc01b5685
ROMS/Representer/rp_frc_adjust.F,7303,04a606a7ecfae1f3b5387394beacf40519c332766d263d511b99b4dd19978523
ROMS/Representer/rp_get_data.F,74888,ae4de24570fe367bcec52b16d89b5c3179bc94d3227afce52c8f41800e327fd3
ROMS/Representer/rp_get_idata.F,10433,5f5fe0079d7b9aed1baba3ece77751386d6a917cd8009e178ae3d2254ba69eac
ROMS/Representer/rp_ini_fields.F,40383,ae8359a1a6282bacf71475d08c0c372ecf46a63f60486d08b7f8fa49c79fc2cd
ROMS/Representer/rp_initial.F,20222,14b27c6cb5379c1ffb5d25ea9a459e9a4796dffb74c4240d89f86a40c05a19a6
ROMS/Representer/rp_lmd_swfrac.F,4652,64eebb328b8ad63a303c581a0d284142e7e47432d4dd3842a54fcc299f7745e0
ROMS/Representer/rp_main2d.F,12974,1d0a4c4219390d8e8434871fd55ce40e2a97453c4ee1f8a6e70efa5b7cbedbb9
ROMS/Representer/rp_main3d.F,19887,cbb8162fb608ce9c2f137cc44bc8c9f32ac8dd58edb40ef404376dcd9487bab6
ROMS/Representer/rp_obc_adjust.F,39055,13301e9f00b0baef124860e2d8486230e0ff93ff40764c35c22aeec2d2545f8f
ROMS/Representer/rp_obc_volcons.F,24892,7d0c897ef3bf23858f13ec7e53e6503767a837a53b34215ec2ce7069ee308e3d
ROMS/Representer/rp_omega.F,12116,a9ae73ef7372ed4e96ab87b6380d15afcc7964c54cbfc22e4c81932a3bcfe512
ROMS/Representer/rp_output.F,13108,a228a5dab4dcc8e4bc11fccaad8a6ca603956852da898f1e50859b75f7ffb4d0
ROMS/Representer/rp_post_initial.F,2809,6d3f04c96cbc6808fcc2375812c1893b0c2b19add0efd93bfdf7927d8aab74b9
ROMS/Representer/rp_pre_step3d.F,80341,809b499f20bffe8ff83575ca919d33d028cef02b15eb0f2b540cdf183d0f275e
ROMS/Representer/rp_prsgrd.F,1131,2e9d7c9d164f9ce78d42f308ad2fc6a3c76fd472846fbc785e589a17cfb43372
ROMS/Representer/rp_prsgrd31.h,26933,51db49c92b018e62f4cf858249e99843c462036e3681c7493b2c91c238746e60
ROMS/Representer/rp_prsgrd32.h,31354,1e5e3c31c93a7c01624b1c2939a68f8f3fb43354a1d6b45611c1763263b270b9
ROMS/Representer/rp_prsgrd40.h,13625,f644059304cec6174bc8e29076cf25e75a0d7706941220bcdb5cc6a9b9885f0f
ROMS/Representer/rp_rho_eos.F,67709,a970c8d5438cde3e0df31dc9cea69d6929be6ec2eb8d8f5652efb797bb774a2c
ROMS/Representer/rp_rhs3d.F,104616,93a4a032fe75d4212e1a7e621213d7a40c7b008b987af383c4d5a1df218a9f44
ROMS/Representer/rp_set_data.F,79666,96316aa470d086871a3e736d7a3cf07d45b6786ad8bd54f00c14be0512cc8d5b
ROMS/Representer/rp_set_depth.F,38854,9adbd325a30ed0fea034762441d2e157175fd0e102d711839d8ecb9379758896
ROMS/Representer/rp_set_massflux.F,11414,e779bcaf20793c96435fc52c02f3c078daa78d8ed35fc131ac016e629c9e71ec
ROMS/Representer/rp_set_vbc.F,53121,9bfc72926b40e0b32151ea82b77665c1559c4414fe56a25a034e8d4e805341af
ROMS/Representer/rp_set_zeta.F,5390,37e9b6b02ee47b0ab505af886ce8bf509a1377faba80d3d8c83fc34f150814a5
ROMS/Representer/rp_step2d.F,1125,1c2a27051c40c93b4df3478bbfce4dce2edd7b4bb7b7e58611a743c180dabba5
ROMS/Representer/rp_step2d_FB.h,155833,ca8e5241708f3fafbb800b5382d0e061f0579de497c04ffeaf300f7c25d27df2
ROMS/Representer/rp_step2d_FB_LF_AM3.h,154531,9b8e918cf9e0b9b4f33cf839b652c467bb26223618d7c625cc0ecbc9feb19bfc
ROMS/Representer/rp_step2d_LF_AM3.h,173347,fdfdbfd748d9083a883447350552f4c360a7f4dd52fa45ccf274c02ab6e3e1c7
ROMS/Representer/rp_step3d_t.F,76688,c4da4cd3ecda970b29efe8a846140bc967d6ec401afe79dfa0ca31390cb1abad
ROMS/Representer/rp_step3d_uv.F,95864,0edb3467b67d4306e5059d179042cf8a1241213aba563913681c830835092d4a
ROMS/Representer/rp_t3dbc_im.F,33355,5eb70332bc271b30c60485f9abf4e9a95c7813ff80e4cb3a9ae3218f8676e2d9
ROMS/Representer/rp_t3dmix.F,1438,b3336b10f9957307d5f47c8b33c1dd7445edfd77aa30478835b283148c3d34d1
ROMS/Representer/rp_t3dmix2_geo.h,32295,a26fa9a520241f1111c84e8e83fd2ccaf9e938ddb6fbb6de13bff3da46df0057
ROMS/Representer/rp_t3dmix2_iso.h,37206,7461f7877dbce1025dc010bcd308778cfb2045f324007ee28e0802434771dcea
ROMS/Representer/rp_t3dmix2_s.h,19659,c515d39ae0abd25e9f264efb7d51deb226c5440ee5af7b9259cbd91292f75c4c
ROMS/Representer/rp_t3dmix4_geo.h,59988,ea438a10b5c5baee3010234770fc3d19129a89281f3152cb951e423cc1ccbdef
ROMS/Representer/rp_t3dmix4_iso.h,68588,663fc948dea725f73108591a020c2b8c61f6ec5301ea14f4bd6355bde04714b9
ROMS/Representer/rp_t3dmix4_s.h,25533,01d2fdaab77d7db76752823ca4b06c8536a22d49f2e3fafc3bf2916b4a43eb7a
ROMS/Representer/rp_t3drelax.F,6877,ccf44e97313801dc067b0f8a179978e4b4e60d99883f9601a7998f28d4d00b07
ROMS/Representer/rp_u2dbc_im.F,88819,62155bd4d1582a6091ee888425c9b260dfb52266a0f5e67e9b7e6b7955914dd3
ROMS/Representer/rp_u3dbc_im.F,27726,a71044df0c5251120b71cdf3b5858537c82d9290f7f0de0c4a0c6296c62a0b7d
ROMS/Representer/rp_uv3dmix.F,1282,104408050246ba0cb21e72041a9b23e214a0f59e233c13427adcca675c17d6f7
ROMS/Representer/rp_uv3dmix2_geo.h,75712,70f3a6a4722163a89d4301d0d55b3a1f5947a313efdd8a6980ee171d98babb7d
ROMS/Representer/rp_uv3dmix2_s.h,16677,bcae5cfccf351417dc5fb3aca5684edca33138d32267711add59d18dc021ffd1
ROMS/Representer/rp_uv3dmix4_geo.h,149095,322efed494abaaee690e8bade0f39e15bbcf350af4af1499aa98340b2051dbce
ROMS/Representer/rp_uv3dmix4_s.h,31356,e3718c3b41e24f37a1dfb7dcd62ed4535a4796e45fa0208fa7eb31fb236b1895
ROMS/Representer/rp_uv3drelax.F,9158,3c3017c2a03d62a614b844a95d7b12385813aa327848905ece9b2861b07fb9e7
ROMS/Representer/rp_v2dbc_im.F,88847,5f366d5840e8cff46ed403eb494480f9603ac42c3306ddc2314258250b388cd0
ROMS/Representer/rp_v3dbc_im.F,27723,9dbe0be610558ca942dfdfb553043c472034abcd34d785184538ee9b34c24997
ROMS/Representer/rp_wrt_ini.F,39774,631b52a80a5f38048ac22ea741a2f676b10d28be2f1c6a581e4531257727f719
ROMS/Representer/rp_zetabc.F,42792,925a1b668932f84cad25a2f77efbbb1be14078cf1a723d75c02a7571ba14204b
ROMS/Tangent/Biology/CMakeLists.txt,584,a032846bfaadc6fd577345c7d2152ef325449943f1098adcf98912813a5c556a
ROMS/Tangent/Biology/Module.mk,525,a27793c9af3ac7f434d7dfc3b2858059126dffedd1c534071124e8b07d39444f
ROMS/Tangent/Biology/tl_biology.F,866,8c7969fb25167787880253d4fe8729743cf8df62158134deebaa214a26edad60
ROMS/Tangent/Biology/tl_npzd_Franks.h,69977,3e82bc45aa029278c2d80a40b00a207fbf29f82f9dca737840b587fc9cae9b36
ROMS/Tangent/Biology/tl_npzd_Powell.h,83450,db9346717d11c6ec841e4fb2171510cf0d5e70bef44cd51b04ea2cf135ce08e0
ROMS/Tangent/Biology/tl_npzd_iron.h,103973,a715c4a104479a198ff6754cce09c0f11777926eebae2fd150e32fc6c9c38ba0
ROMS/Tangent/CMakeLists.txt,2307,8186e19dda48a01733adeb45f9260084fbaad5bb77988d668dc5e1edb81026d9
ROMS/Tangent/Module.mk,517,7e6d44f7a3b001c09eca4ceed99a9152fdac3216a01f385c3d5c1a160fd650ab
ROMS/Tangent/tl_balance.F,35155,07d41dc031ded99b365a84d48ac13b9c63d17514469be57019aaec79cf0e6f7b
ROMS/Tangent/tl_bulk_flux.F,65011,2eca1b3f796e419bc8ab0e26806a75307bb222600b145c4a91fe9eb15d9b27ab
ROMS/Tangent/tl_congrad.F,37849,d73a6a4a6de648762729d966c99976863279142ded4bbecb1165f907393fe05b
ROMS/Tangent/tl_conv_2d.F,29583,4457370395c1bca89e69d19b70e1a9b16efc4c71031dd9d404812297d1a815d5
ROMS/Tangent/tl_conv_3d.F,94542,7d36d9e3b043a02f3aa3e30291d030cf8327ccdf4910b405e3c7554a374c869c
ROMS/Tangent/tl_conv_bry2d.F,36242,a4f16e58ca46f51280a24e94d90b73ebf5c7bd11033caea2dc55958a725482fe
ROMS/Tangent/tl_conv_bry3d.F,89850,e20829cf1ec90f46a1413ecf5440f52ee0dbd78c26afec4ebf78d6e423864410
ROMS/Tangent/tl_convolution.F,6765,68428011ae56466acd72afb8dcd94457186ef9b7f24d8c655b8ab410842b36d0
ROMS/Tangent/tl_convolution_mono.h,69727,65d764c299ac043d861ae700d050dd31682658160486ae4063fabc12768e37b3
ROMS/Tangent/tl_convolution_multi.h,63761,e765c2eb7c803dd92b88331334e3dfe18a8ab4a9f5fdc4815e665db67d44428d
ROMS/Tangent/tl_def_his.F,147909,b63cce26276ba98cb1364e38136767433e4f5f310f8233bb3b0cc55965ccd10d
ROMS/Tangent/tl_def_ini.F,76067,2e0cda247c98bd100ceb1ad6f9bd9695222878ec1c09af8488dbe06ac553a9aa
ROMS/Tangent/tl_diag.F,12236,1023ae8b18b43b8025eda015e830be47c8d1b285c9690cb9f597ecc8f16d5878
ROMS/Tangent/tl_forcing.F,8701,ca8a81c815a25edc701d28ff1abc5d8e86f35855d455ef13dedd24f7b5104a4b
ROMS/Tangent/tl_frc_adjust.F,8057,61dff5a5efa2da820d7ead59533c8b8d044f6d8cd9bda907d63f877e8f259615
ROMS/Tangent/tl_get_data.F,74826,9e5d52f87f7c3beba306450dab471124127eb55d9e13b5860d4ab87fc93e60fa
ROMS/Tangent/tl_get_idata.F,10434,d4c35e4f3873a21fbabc8eb38030c78acec3811dd7af169b837cc2a827b3e364
ROMS/Tangent/tl_ini_fields.F,40023,b0506147fd1980b0318f5af1ea58fca79b49734907ef593665f974d72ac8a037
ROMS/Tangent/tl_initial.F,24230,3665bda0bf546b7edfc538577e3eeae9c5b6c64e65b4c5375533e2a69f268002
ROMS/Tangent/tl_lmd_swfrac.F,4439,dd3188a95ec217e9da4ea0fabaf4c5277b42640820ee26dd00a7c278209c2ed2
ROMS/Tangent/tl_main2d.F,13442,c9e3b28898594b3e8f182b68c83e4e8199c05be1621934e7b2ea59c8a0ffbbc0
ROMS/Tangent/tl_main3d.F,31836,4dd740c6b0773b793f4762559743291e029871e4f76e7b960adf2da714d87eb1
ROMS/Tangent/tl_nesting.F,225353,268c602c750266b768df3fece8192aed1e5877c6c2860cd23c473bdcbcb00619
ROMS/Tangent/tl_obc_adjust.F,35465,49c622751a105d5eccf1ef7bd3f9b099bada022eaea0034371d401b01108d240
ROMS/Tangent/tl_obc_volcons.F,24054,9b0e52db89c981bcd8b30c735c08d3d2af7a44527d1f2817ab0c2f9f900cd804
ROMS/Tangent/tl_omega.F,11893,ceb30af1d18700976684531b00f8b5e9f7d38e19b1d92628ac9bb70bb131785b
ROMS/Tangent/tl_output.F,13007,22eea419af0794dcca75476d480135854df46d090f44db7e6d09fa88e14dea0f
ROMS/Tangent/tl_post_initial.F,3108,c59c5434eff8e68b4d19fbc763da79b2a5b2e0621fa4d251b4254ddf60dad0da
ROMS/Tangent/tl_pre_step3d.F,78318,0f9930a61b8961ff9656a89edab78cb2ccf89be763bfdae779914aad6295c48e
ROMS/Tangent/tl_prsgrd.F,1131,8f2218cb419a3dfd422d56c65ee5f9e4155102b2dd884349413db147386efcdd
ROMS/Tangent/tl_prsgrd31.h,24329,7a842d02b9a57ea84244f11763bbceb6fffabfdb370ca18e77f80eacb91a00be
ROMS/Tangent/tl_prsgrd32.h,27744,8912a34ef931f87ca7f4fc0d88ab9a44388e5ec5f8996f9149c392ac883abb7e
ROMS/Tangent/tl_prsgrd40.h,13624,bcf7dfabc301325d87710bf0e096aa33d8d4542b75ddffcf6f77e768e40b7e5d
ROMS/Tangent/tl_rho_eos.F,60036,9c802b6a174702f42093f2ae76242d09e59f97bf2ae449c09c89c92913a67406
ROMS/Tangent/tl_rhs3d.F,99027,b675fb1ace8990c560dc9807c150fc78f74887f001a07d288ec74402198f618c
ROMS/Tangent/tl_rpcg_lanczos.F,53595,77063b1ab5bb1922dd796864a1c0be72fa7d2867cb378edc0745f16cfb4cb16b
ROMS/Tangent/tl_set_avg.F,49680,e138cdebc23327f679dfec3c8f3140d89c8ea018ee515de0c4b10fe8c36856c8
ROMS/Tangent/tl_set_data.F,63774,4c541347a6df04fba33af20eae176dcc7d4da3d982a5edb8559a1dd8a29dde3f
ROMS/Tangent/tl_set_depth.F,33419,4e81bba63ce372ea032ccfbb2e693c26fb117fdcd8d447333dfbb3783bfd14ea
ROMS/Tangent/tl_set_massflux.F,10635,5fc888fdbbdefa664742aefe6a03d3b333abbae6f78b2fbd448b9ab2401dfdea
ROMS/Tangent/tl_set_vbc.F,45281,2fb3d3916ac9fb712991ad1a59277bd8f06a43ff93b96d85378803b428806b2a
ROMS/Tangent/tl_set_zeta.F,5389,0e37378b672fa3687d2a99c544a355c2c6a9313a398b8f41a23f434c1ec9a7ac
ROMS/Tangent/tl_sqlq.F,4275,7d4e2707cb0b90e9dd788b7e6b6f6270e9d603d721ba73eae6dd9a750291475a
ROMS/Tangent/tl_step2d.F,1052,2bfab91997ba27a3d22fd02ce9f5b7193e8b52870cf13e0e50401a3a11e8dbdc
ROMS/Tangent/tl_step2d_FB.h,138862,825d40f6a4140b8a9353c12c1b8b3a155bdbbd6f917b0803455260753862f0ff
ROMS/Tangent/tl_step2d_FB_LF_AM3.h,137612,db184b4a226de1a8b0f705b1b0e0a8475e7eb3a7b989403304a5a9773c9d28ba
ROMS/Tangent/tl_step2d_LF_AM3.h,158729,8bcb74668f0cc535169ebe733eebd3d107cc28f470bd4b35e88edcce37f93804
ROMS/Tangent/tl_step3d_t.F,70719,7f5143cb08b08328c95d37bbe2452bd26487df452219c0b1b83340879e56b5cc
ROMS/Tangent/tl_step3d_uv.F,88448,200907c720fd43f74a8fc0f2a95142555beef75e7757819f0dd654ed26016e0d
ROMS/Tangent/tl_t3dbc_im.F,34323,20669639052128b4256125f737a8eda46aaf0915423e0e4c23eb597fb0107a7f
ROMS/Tangent/tl_t3dmix.F,1365,002ce5574943661ea5af929196d25bae69ac2e41050ee6ce3a725bf664ac4348
ROMS/Tangent/tl_t3dmix2_geo.h,29212,2a89cc0098e9f6f20d6cd945426fbd4d502561ff0a1320a0a964d9471b136935
ROMS/Tangent/tl_t3dmix2_iso.h,33257,318f118c09919cd526ba4e0622ba8c19a91a654377f0ea87d4d8530a91b1c233
ROMS/Tangent/tl_t3dmix2_s.h,17021,b685574637597b3cf0e20d8ea6bacfe640bf8c80f24ff34f0de465181e4fc328
ROMS/Tangent/tl_t3dmix4_geo.h,53864,462523264a99514e36b2f6ecc73a301d8b9732a5358f25a3666050a3603172e1
ROMS/Tangent/tl_t3dmix4_iso.h,60793,a80754980c5cc24911f1b9ce4644409a70cdf360c7cbd0e95602f7d2da83072c
ROMS/Tangent/tl_t3dmix4_s.h,24292,806ff5ac8c432191667e5b37560f231d1d22ced93b0fe9bdc6f6b2a2dd97eedd
ROMS/Tangent/tl_t3drelax.F,6550,86af7aa80392b8018b08f2f6caff2712a8c8f947027cf678ea12b5b5f72caf87
ROMS/Tangent/tl_u2dbc_im.F,84202,eed7bf4a89d5e26254970d6beef91286afceb7d4b877db72328cff8ea3e44a81
ROMS/Tangent/tl_u3dbc_im.F,28551,1871eccd6fe624f9f2247dadfcd8b171d6aecc4b92abe9c764020f4bc2573812
ROMS/Tangent/tl_uv3dmix.F,1282,f51659778d7425f7f652b37add534864343ca737654091c8c0997c8469f03f86
ROMS/Tangent/tl_uv3dmix2_geo.h,67438,fdb933acf94da9441ca17404aaea584e407d89de5e5d5d728ae7039c765c9def
ROMS/Tangent/tl_uv3dmix2_s.h,16506,81430394442db64fe58067ae8f187ec322f4b575a9776a0d9851f338e03bc9c7
ROMS/Tangent/tl_uv3dmix4_geo.h,132146,ae5cf156dd44039600ddcce4e5ece464bed52b50d3581d5fc4408d8226817244
ROMS/Tangent/tl_uv3dmix4_s.h,31250,a6a3e30747b7af4effa0b2cecf0c91d7a1c6f104524ace4b38e027b561896a42
ROMS/Tangent/tl_uv3drelax.F,9007,8ea5aef6952771d394071a49e392bd38c592778f078507c7cef5071b856fbea7
ROMS/Tangent/tl_v2dbc_im.F,84170,46342797dc87adc5bf497bb15e63eac881742b6cadc9cbb3627a2afc75b1725d
ROMS/Tangent/tl_v3dbc_im.F,28547,6aa7797a62eb99d4ee693c2421549fbacf2d894268833374da0f58f5b7e58907
ROMS/Tangent/tl_variability.F,33867,594e990fb3db5fe0da62a7577d07aede20c78a64b600e2adf705f6e2560a83d9
ROMS/Tangent/tl_wrt_his.F,93468,addc2535c045cef9445addfd321893f57fd5a82cc9f6a255f6f762448b984d05
ROMS/Tangent/tl_wrt_ini.F,48077,25bbea3350ce2f0f11437cf8f81f59bd77feb679bf40bbf7529fc92d319903a5
ROMS/Tangent/tl_zetabc.F,41647,9be725f5ae8acbcdb2980857eb84942bed42f9ca3342177479ed831fd2f13c63
ROMS/Utility/ADfromTL.F,8292,c79d689c346725f63a1d974ae1d793f2b4a8de22a531426955f13c063362a293
ROMS/Utility/CMakeLists.txt,6795,79c255a403a1b59e4ef138d666e3f7d05a6a66f4b41bca054bea3893753dd320
ROMS/Utility/Module.mk,517,890743b343e61070aff43ab7c3efc4e4c090ec9ca9d96fb49a68bfbd349fa3b5
ROMS/Utility/array_modes.F,11167,188e9a4394aacc479d06fb86fcd0809550c6cf4cd3c2372d7194df108a21879a
ROMS/Utility/back_cost.F,30392,8bfbd0ed502c477f0cc319ca2fbf9298d65a058828fbcab50785aa9643aa5e8a
ROMS/Utility/background_std.F,25401,d1c1ab33875273a467a3d4223d82fdd0098c77998d8021ac2347dc1c1f2aabae
ROMS/Utility/cgradient.F,313951,a39069492e53c91956cbf7aa65a464af9f00dc58b186c7dcd4259a3398568adf
ROMS/Utility/check_multifile.F,29041,3bba65988f01bf784736a4c9703c4315aae0b9cce7b50b123f88b7f385794ab7
ROMS/Utility/checkadj.F,22285,dec3d0a684aeee95b84e4b3ff8e91e4f44c89ab966eec9fe996e7f16d95d62bb
ROMS/Utility/checkdefs.F,135968,ec6ebce82c5b3fb0fcee86c38eab1e5113589d50dbffc90e924f5291b410be64
ROMS/Utility/checkerror.F,2303,175e95ec802ad8f9bf778a728ab5d5c64b2c9bb9d43fbbced47df78d8c837d86
ROMS/Utility/checkvars.F,55956,19241aa5f368fc1c26ee8804d8079d274ea88928b5cbfd91b71b3ff95a376adb
ROMS/Utility/close_io.F,20636,e8e51d667e2f00bb320b5ae95b6f69b5f55fc3ea63cd15f3934880c0cf718d27
ROMS/Utility/comp_Jb0.F,32250,9206a707c104361514894cc53891a1ee59655ee43971fea0ac3cd54f1f9206a5
ROMS/Utility/congrad.F,104509,886490d70b360a808288c824fe9e576b47057f66407915dabb9b53923be68814
ROMS/Utility/convolve.F,6425,7bc300de3f6b858fecb775cb7627a017baac094f5fb8090949ed38ab54b2c482
ROMS/Utility/convolve_mono.h,32047,eb9add95ac527e3ad6002a85fa8b2fec25416f73cfe88e287c16d28928531897
ROMS/Utility/convolve_multi.h,35822,ac88e707de9efea7ce8e0a8f0ecbed46300203b407bc614f6c292b573e1f6eff
ROMS/Utility/cost_grad.F,28268,b0b5f6f618c04f56297e72a3fd6aa3add0e2dd9de54a5ef2451904f5b249c675
ROMS/Utility/dateclock.F,68262,0d65bb1538ccff9136d333c8e66cd5d266a8fb0d2dee5a16c0144aa3b5b15177
ROMS/Utility/def_avg.F,216956,52a12d6e1c24b36fef9f8dadc4f075e76b0cdce0ea94e62a01ac491ed33736c2
ROMS/Utility/def_dai.F,53950,c78551b14780693431a8adaaee5b58eb9cdc067827f38f1a8eae6caef3722a99
ROMS/Utility/def_diags.F,67908,47124144bea32bf5a3ff1c6a079207793e43f9e10ddeac61a074b8756057f347
ROMS/Utility/def_dim.F,7498,88e617a05081444b3b52ab8f2fbd9d6cb0bfc9e39787d7ead99c38822749207e
ROMS/Utility/def_error.F,82300,76f948a2a70ce8e117a653e0de48ab79239ec53b5dda23752548b86296659fc1
ROMS/Utility/def_extract.F,219202,ae586ec4edb3ab8dfcdd4d91fc9671a4031f7aa3dff41ac12a5b60099247c83e
ROMS/Utility/def_floats.F,58190,9eec7604862565805d3a9758096ccaf2c89dcaaf68ba5ce2d1badf30ac172fb0
ROMS/Utility/def_gst.F,33266,36ce2b98657290fd8302acb76bb896c96176359aad87c4102d5cf74e39926798
ROMS/Utility/def_hessian.F,82709,27834bf47560734d78fb2d658782dd19881801fdc8d99ae7dc5f80b2066e2803
ROMS/Utility/def_his.F,246004,6ce838056288922cebd587bbad35cd9df1a86b69dc6225d53052905b3dde30da
ROMS/Utility/def_impulse.F,46540,a0b6cc2e26e0970f076c7ff3806c331944ee1125bb490c81f3083f0ae4d8574c
ROMS/Utility/def_info.F,294329,29d26f295766789fe9d143b68ac06998744a7653bb041f8a539dd4239f1a941e
ROMS/Utility/def_ini.F,66998,39c0e28c9ec3ed65160898edd9d2695036f367906eb9590798531f3f7eb6dcee
ROMS/Utility/def_lanczos.F,80839,9a6dcd73513202eb2ed64236502c579647ba75428ff4a2a02bae94182610c014
ROMS/Utility/def_mod.F,185595,95781cf48e48e4ad7e9b483caa61c5e25c970d433c84aa193095b61d829fd253
ROMS/Utility/def_norm.F,119850,892fb394df45317bf1cf2435f35d8ab2c0640df021b64b3924daabe5e8cd11b2
ROMS/Utility/def_quick.F,201026,6b386ed7b76067b800b605763fb1bb6cda8c70f72c058bd50dde65ffc9c2242a
ROMS/Utility/def_rst.F,153599,9d71f28ec84b8bc7dbf94701f129c32b37bb05501b1f7f8aebf912da8b02a172
ROMS/Utility/def_state.F,78406,741e143a96b78d7cf34eee35bf66a88d2937ad9b5b5e17380544d4aef93c9054
ROMS/Utility/def_station.F,126579,3bdab4ac03a062cd4019f3305ce3ef99727c05a201dc717f0bc3059906d97319
ROMS/Utility/def_std.F,53279,fec9f8fcf50d482fb3a9b711c9e9c0c139d72b1ada7c27f82c71457b43f12017
ROMS/Utility/def_tides.F,52836,3cf18007b022d7c0eda05ad947b7da8ce1869c1106c55d950b00a5dbb46eb761
ROMS/Utility/def_var.F,85046,a9cea6e4ee6db204a421ef34687cfd6faac9c51a1cd1510fbb6905a9100dcc4b
ROMS/Utility/destroy.F,22125,6066a10db01d2ae37914014b88f5d81506d1a024af494c9d0efd1038c025b366
ROMS/Utility/distribute.F,360404,36296a85943e86b7802a91c0f901707ae74baca684e74a67cacd8afe2303affd
ROMS/Utility/dotproduct.F,53179,e51c6ea409b036d60a1422212a1f1034b6fa920192a7874dc40f9774e65b0247
ROMS/Utility/edit_multifile.F,17555,66a7be2e9a649d1d53be90ce7e23d2943e93bfa6f2c0b9766a2d045656bb1b94
ROMS/Utility/equilibrium_tide.F,15169,d91bdf14b902cbedc9f4250a5e3705c5a53477f84f8f6d57fc28d12a7914b8af
ROMS/Utility/erf.F,16218,2c2bbc8954716a51a616fa5af443fb332606928431ba1d348ab16297a9216244
ROMS/Utility/extract_field.F,181984,16138a179d33057d1ca37d05614524ae6c46be34a85a86f5ec758169f6e532d0
ROMS/Utility/extract_obs.F,20581,7e7deb6578588d03a4e5055d27bea1356903ca37c5add15078ac0896d2760f5b
ROMS/Utility/extract_slice.F,6871,94292b3e8a9339e0e2dc908d242602dbe4647076a8e4687073216153f670be5e
ROMS/Utility/extract_sta.F,33796,1eb3ee1bd585ec2f082401d2c32cae6c1a0b0b182ab8caa4dd35587b59da2c31
ROMS/Utility/frc_iau.F,18633,76ec20c93acd7eb42a645b2bb07e85c8b76a2228b653af5be9e797d7f2ea82c3
ROMS/Utility/frc_weak.F,18771,4aed4bb8deb1a8ff25082d35adc5f62477a7ccd524ec7feeb0b2ffe6a4aed280
ROMS/Utility/gasdev.F,5930,4f80640da0bfc13d5d424048c69dfc397feef1f178a460568c003adc17e5bc08
ROMS/Utility/get_2dfld.F,29948,44343fd9939b37fa466e2931ea0ff8262f9c7ee8ad8bbde64234697fafd03292
ROMS/Utility/get_2dfldr.F,30466,01fe3dbd432da9c1c821faf963763fb9e5c83d3ea14fe0bd50437d0280c6f234
ROMS/Utility/get_3dfld.F,31152,ce5ea5a882e74eded267e0f48c48a60fd8ba7238a19c03baf8c3228e072ea56e
ROMS/Utility/get_3dfldr.F,31352,b1062f485f8ca3f13283eb9779c2f5905629effced14f990a8f951f7f242a4d5
ROMS/Utility/get_bounds.F,79153,0fe96c00c5dfda889ee07c23717c4100da7aa9baf35d3dfff64dae3e90ecf777
ROMS/Utility/get_cycle.F,28204,a76e65320d89067eeb29c645140ec3491c4d177ced3172538e213391b5d7f6a6
ROMS/Utility/get_env.F,5928,4882b23437e0916962e50af0949a38574be9f11e0cb148030673572f1b41fb49
ROMS/Utility/get_extract.F,121730,a3a05b941752bd8c132abb173b5efc4c1ab9746e231d41f180183893ea552846
ROMS/Utility/get_grid.F,213438,3488392ff0d7fb37c39dd362b01d53636690d24856d1b7cad20cf9370ddd9329
ROMS/Utility/get_gst.F,27975,f6cede6141363d801e8477e16c1c6706decf0cce60e8460e006fa9e9c092766b
ROMS/Utility/get_hash.F,10880,38496bf418c429efab5e6613260cd78b42b8ad46fbdbaa10a99baa65708dc2fa
ROMS/Utility/get_metadata.F,50073,43926f547315d7e0a24002223727f03c80c5fd3170044e2c67ccc0424a89080b
ROMS/Utility/get_ngfld.F,27813,96a8ffcf2dc315099abf41cc28f35242576ec1f5af9096da4f182719d6e16850
ROMS/Utility/get_ngfldr.F,28109,d95885aead3300bb2f9e49f29ec94fc0ec0f215602947f42bd895977d9835d89
ROMS/Utility/get_nudgcoef.F,33436,02a23007d8ad0356eb1ac139e0418e41ed80ac40aaf81dc1311ac42873778109
ROMS/Utility/get_state.F,42287,4fbed4f6c89d4a8a599dd53c2db702caf128bb8847a1a049b76b33189ef2f67b
ROMS/Utility/get_state_adm_nf90.h,46369,83d9411c34f5ef853239c64d9458ced07fd08842d6a14d55634d99d566fab6ec
ROMS/Utility/get_state_adm_pio.h,52459,0842c5c2c249a8e16b4aa45f377a4c61519d51982620fccbec2e88a8e77f0150
ROMS/Utility/get_state_frc_nf90.h,13598,a3f1972969df780eff4643c75be9b0ab540987ad01244402b5e6b7def340a68c
ROMS/Utility/get_state_frc_pio.h,15373,ef4625cdd622dc726d0ec346e2feb0d7e626266ec0eabf7944bf3cf3bfad3509
ROMS/Utility/get_state_generic_nf90.h,13095,3b9ecd4e20427a7818270d62fb24808d0e97afc091f1e05c4880eef6e7e82c8c
ROMS/Utility/get_state_generic_pio.h,14866,c62195ccd4160dfbe248e71d59397b8df5e2e7e0b200f23d0c4dc9d50c42f814
ROMS/Utility/get_state_nlm_nf90.h,77404,213326a80b44874c30ee7f89c97c7c7b96aa87fa612f92f66ad88ad8776ace1e
ROMS/Utility/get_state_nlm_pio.h,89097,219548ff287e0adc64b3fc85e3411475223fa5710d04ede78efe38cdc3ea3e8a
ROMS/Utility/get_state_nrm_nf90.h,29439,e0293313eb633df539bd571067e60d0da97298e744bf649172866a04566ba1be
ROMS/Utility/get_state_nrm_pio.h,32138,16bddc9dd39a54e60540532c1541bae0db2241074d8ac2aed628680fd8562dcc
ROMS/Utility/get_state_std_nf90.h,34661,7fc1a890cf29a5278ae1616ce8cc48d4dc3bac6be287f70f5fa94fca8e132d6f
ROMS/Utility/get_state_std_pio.h,37956,d88584188900d9e0a74e2b65964078fe94dcca4a6a33da3f24d25e900d617c41
ROMS/Utility/get_state_tcs_nf90.h,13772,d5113dfc2626f5abd9d26df273b71c01132bd070f04f386d68914bdebfb4e03b
ROMS/Utility/get_state_tcs_pio.h,15553,7d9100215d0b642758396fcac93cdf5a5786f6b6f171c7fbf834a3159334b8cd
ROMS/Utility/get_state_tlm_forcing_nf90.h,21141,a982806acbf0c209bb32bb8186bec0fa0bd1d94286c71b24b5ab06695e03d2f1
ROMS/Utility/get_state_tlm_forcing_pio.h,23569,c33143161412a6c4cbaec0c61b1ca52e890133fbb0c7372086c134c525c5bf55
ROMS/Utility/get_state_tlm_nf90.h,46809,001ff962c32ab884dc0d895b1fbfd59bd0c6151bf03a4e2a6159f8468439f96e
ROMS/Utility/get_state_tlm_pio.h,52893,c1f1e887f8e7d4b6c8f5cfe1d453aa42a7d99d9498f282e3d1e3f833652eb270
ROMS/Utility/get_varcoords.F,16444,3f18c56a08471bbe18a61be0c8835135cb2ea4f5f77ea37b9dddbf4a17ff8729
ROMS/Utility/get_wetdry.F,23642,ea3ac926ce9f296d3bdfce14de5c4d6c7d26faf3b32c047737f10879c7e450ea
ROMS/Utility/grid_coords.F,8842,0e04c0211271b105b0ce3d5fae96a7175c5daa85159895b9d5afe8268848a019
ROMS/Utility/ini_adjust.F,136647,33a5ee4c6a16e1aa0845712999913627fa2d4156f3d832f238c33dbad7096e5c
ROMS/Utility/ini_hmixcoef.F,16688,fda78a9db6dd579b5b382afb159f8d0f9b763ebc97d92c9c3dcc084762a05787
ROMS/Utility/ini_lanczos.F,26177,89de9216c1e53206402a3d2acd3b37be86931919e3b8377fd8c8d7ae9c98c180
ROMS/Utility/inner2state.F,112831,94a098e30d4d77145bfae95d009ed7e7ba4c69709ddabcc35c548b465fad3f42
ROMS/Utility/inp_decode.F,104754,aba17882164e47d709cdd4b94c18f136fde2e443fa2ba84ca2a9c058e470257d
ROMS/Utility/inp_par.F,35009,f5bdff245b0d695ecad454efee0a102ab7a49d0141308dfac28729e6ba2c5a8e
ROMS/Utility/inquiry.F,45315,792195429152cb5b145286583fc050e845fdf8b5073a90de3cea35347a49226d
ROMS/Utility/interpolate.F,80509,5699b1d6bc52f38b31833938ec1581b1528010ecc662759f8b24da204610f313
ROMS/Utility/lanc_resid.F,24489,47d9a88bc5c1f90c7eb5b144bfc8b287e686506b837ddd621e1f0d45922c9602
ROMS/Utility/lapack_mod.F,124178,5d00e9676cc83247614d412c9192f6575a4516ced790d945694cea4cb930e2c9
ROMS/Utility/lbc.F,49599,cd6c0983994c03f2c47ae02deabac968cae0d986a8cab7a79b09db3e75057999
ROMS/Utility/lubksb.F,2561,34c1b044c6223c3bc7d0f30bf2343488487e9829790a26106ec5f5ef1adf2dd0
ROMS/Utility/ludcmp.F,3621,77dc4943ac2e57fb870e72a1616fb7317720d54ee035c2367380c87cb419630f
ROMS/Utility/memory.F,17487,25b5fff30f0495ae0d1a86d5bce43716c7f148b3b9931fbb05e98fce0544a032
ROMS/Utility/metrics.F,56855,165ff0e08b92d7ac3542e354053fa43268b568bcadd50f0235b73d852f04a63d
ROMS/Utility/mp_exchange.F,250857,65e75db6027714e7bbf39aa7a21e34ef8f18cede8478effe226daadb04d22913
ROMS/Utility/mp_routines.F,4808,61deca32c1c6f16d83fbe4336bbe2c71afce09dc4e97bace4b6a2a027513ae68
ROMS/Utility/multiscale_CGsolver.h,58995,29d6fcc475cd3cfce464ac16e3e687345999ed26dc8973516732d2649d01b5a5
ROMS/Utility/multiscale_CIsolver.h,107433,ddcb537c7a49efdd226070cc863e1d24f35d8b0c35e8d9144069ce745812b4a4
ROMS/Utility/multiscale_Klaplacian.h,246456,529b487efd21ee078fbaf8380434a30165a8ecd7aed3df03180ca684143934f9
ROMS/Utility/multiscale_Vdiff.h,108755,edf3c3edfa14a0aba3f92617c48afcdf6fe83998cc1d558aa74cae2b95016b87
ROMS/Utility/multiscale_eigen.F,105859,ac24258144aec6479825c06effb8f3b00dff69242ff90c2af678dda1a3a3f711
ROMS/Utility/nf_fread2d.F,68140,75690aa2c8741fb7d55a58caa9c171ac0e8610c483d820736a4c6dd2c87de3dc
ROMS/Utility/nf_fread2d_bry.F,19864,a2772373e4dcc68c28e462548ae56f8253c3b27dcc179132797fe40b0a1c3751
ROMS/Utility/nf_fread2d_xtr.F,68648,e5b88103c0234b663d066ac0bc2a1824622f0aad972858363669c6b0d9b4185a
ROMS/Utility/nf_fread3d.F,39347,db09fe9ae3adce2d95459748b6ae566a5f2cfc9125e914c0c2b50a8364dd1e2f
ROMS/Utility/nf_fread3d_bry.F,20950,5bd4e9f675beaffe090f8d73455bb0c236a7bc1b4f08d139defc37adf5475c69
ROMS/Utility/nf_fread3d_xtr.F,39820,d74ae82716cb12ead091e5d4da8e3a3d5271aa5d9119df77fc52b4cfd46c868c
ROMS/Utility/nf_fread4d.F,40571,6cc23879861f126124a6f9a65d18219bc147d1f6a8809f073a6b4ec3577d963f
ROMS/Utility/nf_fwrite2d.F,28198,1fb605e37334238251e954524a1aec06357340237f60a68b223e56a8650a4708
ROMS/Utility/nf_fwrite2d_bry.F,14288,25cba5f528cfa6bc61e00ad284c60d90067bd841c0790ab3aeb9c117860c801f
ROMS/Utility/nf_fwrite3d.F,28866,0060f126e520fec9393bfe28e6e1fcc3107fd02a99360f4c03f3b4425bc620b1
ROMS/Utility/nf_fwrite3d_bry.F,14908,ad1b7688f5470b1481f57213246dfa8188aac0ceb9c482d1fb6010a6ede2aeaa
ROMS/Utility/nf_fwrite4d.F,30300,ab168b23c5af1cd43a45c13539c2d210f620762cda6ed96fa3083ed35258fbe9
ROMS/Utility/normalization.F,4552,780cdd60fe79ead20b2dbdf1df1870d97bf1832db07a85f707aa24970a56e608
ROMS/Utility/normalization_mono.h,274239,1af1ab65724b5d1a202835935d650fd368734767fe86b28e1e4b970747ba4591
ROMS/Utility/normalization_multi.h,270672,671ac7b4e2f1937243a51894614542616e32d67e0693fa43c30ea53e76a2472d
ROMS/Utility/nrutil.F,17057,1034c6c44dab8feb484998639d89faec5944930de6973d7c133bf97cc3c28629
ROMS/Utility/ntimestep.F,14319,fce1b3369d388f25a07d89c58ca8b6ec2c25a6374b5ae19bec7390fc52159659
ROMS/Utility/obs_cost.F,9572,6181d7794ef54c2ff1690c99fda8ed9a94d4b60f7638cf9bff39c1c191766e67
ROMS/Utility/obs_depth.F,3414,e84b3107fa7bfe29676f5b0e554dcdc7aa6deabbf40c3d2d9c19e08ce88c769e
ROMS/Utility/obs_initial.F,22452,e7e4a07ad303ae32debbe7ad4732639a43f079c838174dd5ee58ae798af41fe9
ROMS/Utility/obs_k2z.F,11093,2eadca990a419d0067a9708da1ccb1942199c23a41669571c59a0bd4214c16e9
ROMS/Utility/obs_read.F,31946,81288c7b7271627146b0c3f141cd67390e81131e0457ab8b2aec3274d4fb5cfb
ROMS/Utility/obs_write.F,99778,718ee09e97b10abae81f25a719908cf39a3685984c48b3f0885cd37977cbdd69
ROMS/Utility/pack_field.F,50163,6f65dbc87e5223b87c68b52ac305cb43f26463eae0f2ba79b71f285d71a76304
ROMS/Utility/packing.F,278978,63bf8d810cd86e9e751f08f13bf62de79c5590a1582fba2f87e108b9bc52614c
ROMS/Utility/posterior.F,204813,0d7f875d79d44a9ab3b6d6ae4165e89bc0627f2ebea7cd23f63ab43db8f40002
ROMS/Utility/posterior_var.F,66849,66307920d00bc9b748a8eb3dc8df0e81972a54e1f6aa39d4e40bf099703bd2ff
ROMS/Utility/ran1.F,6204,714dd51fd5e35963a0821fd727dcc26bcdb115aa28dbd5ce137ad7e45dfac42f
ROMS/Utility/ran_state.F,11622,5b902bb0b2d44029c1e03fd380138b21d132077d5104c1f510a775f1ad4bc717
ROMS/Utility/random_ic.F,41352,dbc9b14cb760e3f9b301c6977f0bd0192851723de7eee3bca490879c10568b1c
ROMS/Utility/read_asspar.F,114038,8982c9d2942c021fea4818b1ae24bc83cfdd16eeda258d65b04018769d87497b
ROMS/Utility/read_biopar.F,1334,c7f627b42b0df7bdfb49913c0a70c9beba0a79a1b6e3ffe57f00409cca4acbb6
ROMS/Utility/read_couplepar.F,11960,ef4b71dced335702eec143e0915a76684307b344143fec8514cad61293c63eb1
ROMS/Utility/read_fltbiopar.F,960,88029f421f3a81ca13f1098101016cbe2103c96f5cded1d544b3b1f7efcb51da
ROMS/Utility/read_fltpar.F,13503,633cfec68981b09d3f8039f227974aebf582def8dd54876eab6cda65e027b704
ROMS/Utility/read_icepar.F,838,47dec58eb83aecc2db495840926f8af775c1b7074256c6716e133d308001c18b
ROMS/Utility/read_phypar.F,347920,4a796f1acdb0e9c6b33495741e88fe1ac234bb97ccf9c3e96cce495a686f9415
ROMS/Utility/read_sedpar.F,813,778e0dd454400147e76d29a4114a6f9ec390981caf0eda00c2f703740e88bf28
ROMS/Utility/read_stapar.F,47982,3297d0ba86a64b982155d299c113c854a9a2471b65d7aa761b3ad87d534c90e5
ROMS/Utility/read_vegpar.F,817,27493bbf54a76649878a23253232dbefbc086c9386f881605832f4f57aa26b1a
ROMS/Utility/regrid.F,24680,28246d43f1c0d5069aef36734a28c3f3eafa39f98dfafa5c48382305efcab9ea
ROMS/Utility/rep_matrix.F,12488,216877823ad9c8e8b55cf789e082aef780463446c4d82c0f5fe73b341ad98e63
ROMS/Utility/roms_interp.F,61070,ee66da43c79162243f11a5f6e4b6a060743a5a279d58c81a12c1c12b861848ee
ROMS/Utility/roms_multiscale.F,54840,cedfafda920792509227bc37dbb9d47d78264da4d722f0984d06b62900486a76
ROMS/Utility/round.F,6429,0327579f77fef81565b9c37436e2243591612bd387eaf7c4dd22b118f10a54b4
ROMS/Utility/rpcg_lanczos.F,102619,7f8eea5eb6c102e17712979797d88914c2de75dfb0b3a012151d2fab7b910fe5
ROMS/Utility/set_2dfld.F,7450,db89cd704bd40262a439e964a7c08d0054ebbc840b73bfec04eb505574a35662
ROMS/Utility/set_2dfldr.F,7484,41855aec08e2e383546e233d71771a47c5e4f5817f214c37ea2561afa3970a48
ROMS/Utility/set_3dfld.F,8183,28f134bba8c6acdfd370d8e2955d75cde80a06ac767cc0b10879b2ecdee04feb
ROMS/Utility/set_3dfldr.F,8211,15d2264afb5c149fba29ef621abf470ad521d6dd081c6c573defbee5349cac3b
ROMS/Utility/set_contact.F,102486,4fe8ff2bd56dec7e9ab735624974a244a74317cfa7942953d27bef4404897647
ROMS/Utility/set_diags.F,26392,1210ec7b17f7a656424b8b931a200c98190db3c9a2218372fdace51e1ed92b90
ROMS/Utility/set_grid.F,6095,bc4dee3d251b515d48eb0062749c4244878017b35f904acadefcca5b8a1347e5
ROMS/Utility/set_masks.F,20339,dad6e5783261822e051b515d209bc6353e20be0046aec19a2bb508fc77ee4833
ROMS/Utility/set_ngfld.F,5762,2154b79d89a2a6c168384954dce8eb38df894494e8e2c07427c45bbf8202bfef
ROMS/Utility/set_ngfldr.F,5865,1eed24a0b1d5336b5759889cd21bc815d88b4c2477699ef71388c88e3a011a55
ROMS/Utility/set_pio.F,53571,c9792875d6b9639eb2e50b71280ce167e378663724b234d367fedcea7828f695
ROMS/Utility/set_scoord.F,25873,9169b23ef6469d97e87a98664b66c3581e6fc9ff70df8b320914efde3db38da0
ROMS/Utility/set_weights.F,8489,705afdf87ef34e010aa8071f9f925a0125e55269207d4c52cf4969ebffe2b6ea
ROMS/Utility/shapiro.F,7829,4442ca18ad57591e42a25992c7c0c2538b7fd11317d6398803a3e1e25a2931c9
ROMS/Utility/sqlq.F,4052,c3f0ce9d70895db0de88de874c6defa4a715ce1e4adc7d70159d54b4afe0c0b6
ROMS/Utility/state_addition.F,27323,1d7da52354cef5c066c0706077f94b26da646ec79b1823579380548536227dcc
ROMS/Utility/state_assign.F,13944,e36b2455314388a828cf2efb914aaba3d2a1a9a00483078f63d0eaf8f9766f07
ROMS/Utility/state_copy.F,19343,230628e95d73b349edce87c71f7ab6b03a3c0006910a818e36172ed1737150ee
ROMS/Utility/state_dotprod.F,27007,902a7a647965346fc6bf73a6f713c1caaf878f049f18d50fbee8a7bcda7e7e92
ROMS/Utility/state_initialize.F,14790,419d77033f3df3beb25b9765244622e4f3fcdbb9338d69becb6e8cbfd474bbbf
ROMS/Utility/state_join.F,98788,4dba4afd5c672c956fe581251fb6b64c2ea79dbb2794a8c69ff4884bbafb525a
ROMS/Utility/state_product.F,23792,8f7dc7ede8f084c365adf5e2546f50453040ffdc64888acd18055d90119d6272
ROMS/Utility/state_read.F,67187,635184e3d5345c4e854b02e2124a3235d4cfae48e90c7ef09beeedcc41395a62
ROMS/Utility/state_regrid.F,23597,69dda4512bb08a09b27152edf936d7ed15c2f3a0f8492dcdc0bc493caa32f716
ROMS/Utility/state_scale.F,20619,ce55c291d5817e3ff152df71e909fbcdc6a686998e3715ae133fd7302e7dc01e
ROMS/Utility/stats.F,35501,28d5cc652e16f484dd4d60cb93d749b1cd4b289adbcc38abcfc21ba5553fb209
ROMS/Utility/stats_modobs.F,69843,44f91df5c49859d2742ca42004d7724e5e01b751f40e8c681fd87271be9128d2
ROMS/Utility/stdinp_mod.F,31673,0240256dbd07c42e5bae22bebb9f3425dade20b270c41b3622ef94a29c6c8a19
ROMS/Utility/stdout_mod.F,5441,1b483578bf2d502c2ef28d1786845de776287539d116999f2838c485c55442c5
ROMS/Utility/stiffness.F,10347,f754d387e34e3806bc2217ce6771d605b9bae61368ce6de6ceae4ceae352105b
ROMS/Utility/strings.F,25455,18a28383d60b90475cb632008a29eef575c5015033ca7c0dd4fc60acbeac44c7
ROMS/Utility/sum_grad.F,20268,5c6b4cbcb7a5f26ce7ebe7b7c0826bf2c799336be9f5223cfba71c9bda6f0c52
ROMS/Utility/sum_imp.F,6251,c0187ed252e176956248aa71366e6046235b3f054cc839b43e726ad8b1d2e3b9
ROMS/Utility/sum_multi_B.F,26999,2aca9a1fe04c5fe0c92846db2e7cbf4b224d00f1d639b3a9afdef406be29032b
ROMS/Utility/tadv.F,24130,f0c443a017a8f471af545b3cbe71efc022ef93bca249cfd4c7dfb1d116e31cad
ROMS/Utility/tides_date.F,9947,8e72dd886035b6e7bab65beffa7bb562914488d6d7db2b210e8f46109fee9ae2
ROMS/Utility/tile_indices.F,24876,d23f795e257f13a449f6c0ec4388036fb66867848b41399bb3986bfcc9f89c69
ROMS/Utility/time_corr.F,59664,07b9f47ae05593320e4c452374a907a6ee508cfdd9ca0f17d25e6e85f1da45ad
ROMS/Utility/timers.F,18962,f9c6224be7e2ef3e544ab73b336957915090e59b920932c5d5f1b160ed7586b0
ROMS/Utility/tracer_metadata.F,4250,f17c6c2d3ca614dd1b8d908effcd2cabfdb00edd436e17f5d186004308957002
ROMS/Utility/uv_rotate.F,9655,2985d8b16b70a9c467cb98dee6e39570f25b6440da50b7c452d4dc64441f9d57
ROMS/Utility/uv_var_change.F,40144,541bd5196b966abe2678cc561eef0b02ff217d188c572c2b4b7a3f99e8e8bfc9
ROMS/Utility/vorticity.F,37408,61484fedde5fe837019db43f2100ee9a68411481b196fb833e21e4c1f97ec9ff
ROMS/Utility/white_noise.F,17322,c7407dfe581505ece75b0c251197714e681532b0d93f97dc88623024bc391a27
ROMS/Utility/wpoints.F,24175,7c3b687924fc6de47c14faa12004cdba31883cfdbb98ff77223ae0a47d96ed20
ROMS/Utility/wrt_aug_imp.F,18327,fb5506abca8e5fc220c1c1b6aacae63fc0a768745c638a58afe2f07e96e661da
ROMS/Utility/wrt_avg.F,140664,bb3307c15ab3f553fb8c4b029c5974bf705da477cbe350ebf29728a34189e073
ROMS/Utility/wrt_dai.F,37076,d788aa4db7e1ee1c2745e4698186995b290824248dd37cb159117a402da5caf9
ROMS/Utility/wrt_diags.F,32046,d6253c523c00c548a8eb97d7fa88c7a4c831b17edb089b71ef9dd0d043bae3e5
ROMS/Utility/wrt_error.F,43380,f7cff0a6faf7aee8932cf46ee4f2f75532b2f727dcb93fef82d173ecae71ec34
ROMS/Utility/wrt_evolved.F,40264,c71e7c92f2478abed7e984e1f8607b283e7d85e4c2619d04ef13c1a818d19e1b
ROMS/Utility/wrt_extract.F,177486,94306ad542aed41cad3ff24ba2b2875b5d1af9b237b08914822983899b5dab59
ROMS/Utility/wrt_floats.F,24747,b939105fca79787b1bcf0da152bed6b46c03c8005f12ba8dc4d50aad5ab5ec92
ROMS/Utility/wrt_gst.F,25071,39b3ab64f228caba3ab4a1da4d7ccd5a5fc2c5c89d258932c760b220648d1029
ROMS/Utility/wrt_hessian.F,40748,5427180d613b915882fe803f3f384cd3a7eac63e7a7d473a3e86ebfee5f3b55e
ROMS/Utility/wrt_his.F,190178,d2db8943f13d6b7bc6ac701845b97877c97f715ca135026f63a5cdde428341f5
ROMS/Utility/wrt_impulse.F,48142,f72b4f659214bb1e119aba6d1ac7a893816a91cf108173cb422384c7b86e6571
ROMS/Utility/wrt_info.F,281350,5c991c01e4b3d23d22371891ecdb443c7dd1b6c266d055421f82d5499c25ebc4
ROMS/Utility/wrt_ini.F,92875,55b0aaef31164b9129d83e29bdd7f1633dcf07ab46bd80a738caed2f98e8b792
ROMS/Utility/wrt_quick.F,151841,91b589d30a1954c9341837c9383885dcd4d38788bc024484a0fa11572377ed5f
ROMS/Utility/wrt_rst.F,97014,8747a4631646eb314274db66b710c83cb50ea1e2a9d7cbf5185c63543331297e
ROMS/Utility/wrt_state.F,74533,52eee01a923392f698e5bae68cdeff1a92819b63bd0b95abb903b72332246e23
ROMS/Utility/wrt_station.F,93363,02cdeb2afef2dd43a70ad9828fe283ff35b869cd665b2f1631ba10f3bd7b03c9
ROMS/Utility/wrt_std.F,20885,759fbd27db25900305e51aa20d08c581191c9523b617fe30869b380d6fd0b3f2
ROMS/Utility/wrt_tides.F,27697,3169efc22a2d33f45d012bfced82e133d1cd0482cc40c19af00053556c667d4a
ROMS/Utility/yaml_parser.F,113935,fe8370481fac0401455840c96ea3118fcf32fa1dce8918e99f093e86500a223b
ROMS/Utility/zeta_balance.F,108087,6f2c6b9448442847602c132254fe65339059d89f760d5790eb0906b9f772187c
ROMS/memory.txt,6224,99113b5157ebf521e71a838112e9d33d6e216e966b54900aa2ca7610d891234e
User/External/behavior_oyster.in,31145,4afcb00d281a294f61c98d7209749fe65a41e9c444356ec83e445d7451e75798
User/External/bio_ECB.in,51839,f44a15fc5638ef1d646e79db4d047d6a85a1ff717af9d79a0083be431905a56a
User/External/bio_Fennel.in,47309,4863b761a3d5deade50c77cc50242542da41acbc4ce12a91fc560fef382d45c7
User/External/coupling.in,14590,b7ee95f49a4ca596f94a891f62faba4daab9084d82279250c6938e1e0e6736f5
User/External/ecosim.in,66530,c9ffe17d3fbecc38fdf46f0ef472c262f20c8d413d32ce09a30e9205984c5d60
User/External/floats.in,10364,2eb28ff561eb956306fa3c7da03d34c1dcebfaf17d8ab06459fefb764a4ab916
User/External/floats_adria02.in,17840,30f27a554ccd83136b2607af9cafbf915c6ee0d0bafd784c67f8124130fc141b
User/External/hypoxia_srm.in,30799,d02c6fa1d3743ddda88b018435879284fe8f3e9274c60822dc921a174d37483b
User/External/nemuro.in,54651,663a8cd3cac15536af20e919f2399f4f0df6eeed322f5647a3ec3cb4b5bc0f61
User/External/npzd_Franks.in,35480,06a9e2a371f32517f4cb50cf949220158141c4e3bcc9f226584ed22292932b2b
User/External/npzd_Powell.in,36779,589a8b7e84e1cfd0dd8b7019b367e7d3f49d001ee82c0ac703cd95fc17476d3c
User/External/npzd_iron.in,40044,987b2b5c88c72d27ac54634ebea1227dcb582958372efbeeec4e92b542316c28
User/External/red_tide.in,35560,21e3e8191f17e2549e51d4d97fb956fe422cfb6e1f6270b6ddbe3535c3168843
User/External/roms.in,174725,713a9eb216401459a75f87068b46efe4d844ff2864db77ce3251e6c7a891c979
User/External/roms_adria02.in,58291,23cba04e40fc77d428419ed038b1ed7659a0a937b777397535e36ce6eea26672
User/External/roms_cblast.in,174942,820446da72d1af39633cf5c8432ede1240b4e9d4fc732f5a3fdae03da7877333
User/External/roms_doppio.in,176008,e78e966c5f535a53e82d7450c09c69247f7d4f3b15848fb6c088b5fce340d66d
User/External/roms_eac_4.in,174527,1c4cd6c55d38792be7526ac325a1a2dff4dc4a80ddb25f377bb63e67450b5788
User/External/roms_eac_8.in,174527,2d54d6218dfeb84194711ac7b14dc61a310658035ae06a166359da5046ae055f
User/External/roms_ias.in,174577,976f39cf72091c0ff975453587b491e5601065ff91a0d71f5511fa5978d7ec62
User/External/roms_ias_40.in,174546,1198e7d1caf895cd783d8d298a597b4b59cf3b310348bccd0d5735652dcee87c
User/External/roms_natl.in,174553,096f31fdac63234d127305bc95c788923a1aaa66cc6e2a7275a91ae1e1062301
User/External/roms_nena.in,174535,cc94c9b627c86b52d8fcb02a458df6b36f6b3ad28d8ab94864b16d52a2f07ab6
User/External/roms_nj_bight.in,175046,78ddeee62b3eef647b185c77d087e74a0fcb06ce653ad4247779335242a467e9
User/External/roms_scb.in,174572,ea21c60597c5811d8a9f8affbc5b5911c101fb8da899a9bbed50f5dfc15ac504
User/External/roms_sw06_coarse.in,174518,8104e503e0dad6a2e50b1d744334d4bca62067a134b593396926c602a707d905
User/External/roms_sw06_fine.in,174547,c06bfc49196f89db834819a5ff025e69047f9bbff7e9c5ae5188401c3cc1aa93
User/External/roms_wcofs.in,174581,f15881a811885bc4d2a01d4c09daed8821e62b4387be2d6ca87b29cc5dec5592
User/External/s4dvar.in,51152,0434890708a019082a8b61d5ee9cb35387dc142731586a68280f837640570ef2
User/External/sediment.in,65295,8de286d429f0e08f242a8e3cdd846d0047d63042c8a37ee8a24df16a633dbaa3
User/External/sediment_adria02.in,65459,a29c07f736d76e296ef7644e6241942c55eb9d7c581731ba12e47328825d5056
User/External/stations.in,18994,3619a049a543cbc602f5af12c6db1d471d39a5c3cf8bb2a689b271229750f7c4
User/External/stations_adria02.in,18128,a5420629a263829d8a6c7634a673c18779680752438f08caf8ddda45d049b3d7
User/Functionals/ana_biology.h,12823,de49883dbd156c87a2521534458f0d068ab2b4eb387ef28480c3d14a07f40e5a
User/Functionals/ana_btflux.h,4240,f6aac00755998755d183a282176373faae5ecde6f284fafb59aedc214765d31c
User/Functionals/ana_cloud.h,3650,9946d7d48d0b2a0abbfea5af8d4cb568f14e391c1cbb1fd030c928fa3bcf7187
User/Functionals/ana_diag.h,3913,2c990e6c33be31f01d678633e83eb4da63e7a906288e6aa2d09647c3ca67bb8e
User/Functionals/ana_dqdsst.h,4238,f9e09a5db330e0a1484d2a5d30477a004482db41f49fc1f7b4a1f6b26b30186f
User/Functionals/ana_drag.h,7180,4b0abb04d904b827831d08b2140e2f18ac5da9bc1be9ae60161a4db79eb4f0da
User/Functionals/ana_fsobc.h,3450,34715f6262199a20a11aaa2acf7f9af3c9391a3d313a03c7966ecaadba7d3d42
User/Functionals/ana_grid.h,20666,1a122c300c85c190bd5ab5c4131c4c2b82f81421e02ae56aaf8d32eaccd5ab91
User/Functionals/ana_hmixcoef.h,12354,6a4ce85d637930b803ed35b480f85dabec8692a5d43a996e08e7e59431168934
User/Functionals/ana_humid.h,4143,8e740ddfce37823c1a93eef8db061fd0290eee6d1c0f85789fd66d76047aef1e
User/Functionals/ana_initial.h,7864,2bb85b5dd6836d116e0d26ebcc17838fdc79d964ebbe320a743c20930529fd19
User/Functionals/ana_m2clima.h,4058,1d81b2c25a1083cb27735eba472d9999b1ff4ec3d3f72bdb601cc02dd322bd88
User/Functionals/ana_m2obc.h,5881,6f5847429db9cc969ff8d9959092f9d1e599f2331a11b952dcc18637e95340c6
User/Functionals/ana_m3clima.h,4084,89dd3adaa4cbcc880ef50c34d3c5ed69758ab76317750281b5bc83e5d9e2973b
User/Functionals/ana_m3obc.h,4347,419e4710fda3433852cd8224ff792263c84ca1fb798a5a8dc65a7228ab31d992
User/Functionals/ana_mask.h,5939,8fb6b27bace9c56992d3c9e9c6ffdbb16069d70e6f186b362fd07a40e9d52f12
User/Functionals/ana_nudgcoef.h,8643,1d0bb7300832d38a647ae2b78b2574237e2819b20afdaf59b3e05a25b65de8b3
User/Functionals/ana_pair.h,3697,f67513034382bd1683ad250daaace6f9872f0aab97133d9160381849b43a089a
User/Functionals/ana_passive.h,3514,ca76a9b279438b42333c41d953abd0916d9428bff10db5b0b9059b00cddd28ac
User/Functionals/ana_perturb.h,41069,38de7bb109584e07c424650b23d92b95e8882e6150a4e98d169e8f911399fc21
User/Functionals/ana_psource.h,9709,90c8963e1c4e29f9235448bb40de0f5284b9ab55ecdcf145a31647fcbe9171dc
User/Functionals/ana_rain.h,3631,565247caf7b29bb7ee777a06f06036ab726e05a54dba1f902b3d4d61de8966d8
User/Functionals/ana_respiration.h,3775,e603622298d38b5509873a69ea86f53ecb94a538e31883c6968543a32095481b
User/Functionals/ana_scope.h,6169,e7351fee50712b061115e1ba04ac9a9fbde8912274f3d07f5c5d0e2db3fd4f69
User/Functionals/ana_sediment.h,9873,c10edb2bc3c40a3f0e81cccea52e9c385f45802526f04a3779639580a7500249
User/Functionals/ana_smflux.h,6393,baa9093330ade6e6fe27d279771b7f57e90099253fa245ec661c59c6ac6f914f
User/Functionals/ana_specir.h,16071,b055eee4699ef494ccd3e4f57f8a3911800b570118e366bb6ad7c21d3232dc40
User/Functionals/ana_spinning.h,4350,c0cba236d9c7dc89714976150b9cc21d50c1b97ff3002341e0ced582f7372c42
User/Functionals/ana_sponge.h,16131,ade11c691da3187c062b78586052ae0ed8ab787a014766aee31f71a11bd23c2e
User/Functionals/ana_srflux.h,10534,21c2a9089fdad7476de2458035ec2c35c780d90f405c9d8c30d11913267d8040
User/Functionals/ana_ssh.h,3529,9c89526645cfb4ffa04892ba7a91fd86e26376bd4a06bb510c0b24dba29ef8f1
User/Functionals/ana_sss.h,3626,dcf59f8fb41f82cf61c039e3d5392c1d3d87ea25f1929bdaf76ed2a68ab2084c
User/Functionals/ana_sst.h,3834,7bc1f60d69372ffab08a9a08e7185cd847ee8c872c2ba476f24ca98a41f43bed
User/Functionals/ana_stflux.h,5389,43e344dca1f36ca0edaed05204474909e0223b00e36f7be449ce1ad674e399e1
User/Functionals/ana_tair.h,3633,66ce13efefd3cba94f30622de03d6fdc852087547a55fa93cc4793b646bf97a0
User/Functionals/ana_tclima.h,3752,303686403105d4c2006e19e4a389e8682e7960c57de66d5a7251d9365b9dcf2f
User/Functionals/ana_tobc.h,4524,5d6b510010fffb603f75c8b622249cff1892d2b4e1747a2ca2a40db045a73b63
User/Functionals/ana_vmix.h,5975,fbdc68cc20ca5eeb08dff4fe695c6292b013a74caa78c31dc411dd12ec1b1315
User/Functionals/ana_winds.h,5034,735402ca0dddf4125356a1164034ff0391633bde8e464bb55be493625383bc1d
User/Functionals/ana_wtype.h,5689,c7bf319560c88adbb3127596340c09cfc2e07fa3cc5db70636e7ee3281868e51
User/Functionals/ana_wwave.h,9716,80c2e2da847bfcbb1349c0aae34e21fe9b4f9a14f09d71add12d3dcc92fbdbd6
User/Include/adria02.h,1997,440d4ca867fd7d5a4db1aabd8b09db6aedb9b724496070010c8d00de70d2d92d
User/Include/cblast.h,1736,836ed5eb349144fe1441fac9c280a3fea284f88fc1b65025128458826cbd831a
User/Include/eac_4.h,2492,bbb631f893bc9733982b5e0dd7c7e62db2fa2de41f3b455b8995a6d22c405280
User/Include/eac_8.h,2492,df30ba8c1364d0422ddfb618586ac40f1b063306a152a19050baf6941b0149e7
User/Include/ias.h,4839,cf4ae08b17a6c0f143cdfc8f72e38016b3be52f370fa2e256c56c35967491d3b
User/Include/natl.h,1109,e199d2689f10d3d1a1288793933828c2e68bc1908750e08d0ab32144c5da5d0e
User/Include/nena.h,1293,4c866779e25ba3ace4238355a3ad982bc9f63221c104247c4ec575fa4123f269
User/Include/nj_bight.h,2166,6928ff81ed1dd30acd5b79c638c47c02b6dbe0e59462ed263e2e2b44277f1a35
User/Include/scb.h,3430,1873dc7f20354b51ad30477136a944fffaab31428bbc4886872c66062638625c
User/Include/sw06_coarse.h,3797,8f6f423ec0a8fd17ca60f6b918d8c7c36c9d2ec16b06610ff478e5becfede239
User/Include/sw06_fine.h,3801,5ed2707ec74199fd995bd3cd2ece85d0375a4a974eea6164aa9948731f11d496
docs/README.md,4877,d50dd95334566a240599cc279d23fc755db106f37f5119cf3c83f3e526d4fdc0
docs/ROMS_ChangeLog.md,1842,011785fcc91b9a758b85d447cc2cede8b2fa4ac1bf2ebc42e76be8e77136b9b3
docs/pull_request_template.md,676,7a9c74d6e6d71fc042fc307d208f6afca45cbb5f5023316eff26f8e3231aaa05
makefile,20286,c493746f4cc6c18ce14fc4e21ece74f65298a57b2a41f2042fc61bbe2a2feafa
