finding_id,work_id,representation_path,reported_lines,class,finding,canonical_group,disposition,current_canonical_coverage,cross_format_duplicate_candidate,duplicate_confidence,cross_format_duplicate_score,physical_pdf_pages,printed_pages_or_frontmatter,page_map_status,mapped_token_fraction,candidate_canonical_routes,source_code_adjudication_topics,source_code_adjudications_json
XH001,xbeach-kingsday-technical-reference-2015-v1.22-r4567,XBeach_manual_kingsday.docx.txt,219-225,documented_configuration,"The manual specifies 'ny=0' for one-dimensional runs, 'dtheta=thetamax−thetamin' for a single directional bin and 'snells=1' to retain oblique mean-wave refraction.",wave-boundary-spectra,merge-with-existing-canonical-as-edition-scoped-manual-fact,existing-merge-target; retain compound finding as one denominator row,XH052,probable,0.3417,11;12,9;10,cross-format-mapped,1.0,models/XBeach/manual-notes/xbeach-master-manual.md;models/XBeach/source-analysis/xbeach_wave_boundary_generation.md;models/XBeach/source-analysis/wave/xbeach_wave_boundary.md;models/XBeach/source-analysis/wave/xbeach-boundary-and-wave-setup.md;models/XBeach/source-analysis/xbeach_swan_handoff.md,,[]
XH002,xbeach-kingsday-technical-reference-2015-v1.22-r4567,XBeach_manual_kingsday.docx.txt,"253-255,524",documented_pressure_approximation,"Non-hydrostatic pressure is assumed linear over depth with zero dynamic pressure at the surface, while vertical momentum advection and diffusion are described as negligible.",nonhydrostatic-physics-numerics,merge-with-existing-canonical-as-edition-scoped-manual-fact,existing-merge-target; retain compound finding as one denominator row,,unresolved,0.2271,16;30,14;28,cross-format-mapped,0.993289,models/XBeach/manual-notes/xbeach-master-manual.md;models/XBeach/source-analysis/xbeach_nonh.md;models/XBeach/source-analysis/xbeach_solver.md;models/XBeach/source-analysis/xbeach_flow_solver.md,,[]
XH003,xbeach-kingsday-technical-reference-2015-v1.22-r4567,XBeach_manual_kingsday.docx.txt,"284,2588",contradiction,"The prose associates 'wci=1' with no wave-current interaction, whereas the parameter table describes wci as enabling interaction and gives default '0'.",wave-action-breaking-roller-friction,merge-document-conflict-with-frozen-source-snapshot-adjudication,source-code-adjudication-complete; retain-document-version-scope,XH053,high,0.8128,18;109,16;107,cross-format-mapped,0.96,models/XBeach/manual-notes/xbeach-master-manual.md;models/XBeach/source-analysis/xbeach_wave_action_balance.md;models/XBeach/source-analysis/xbeach_wave_breaking.md;models/XBeach/source-analysis/xbeach_wave_functions.md;PROPOSED: models/XBeach/manual-notes/xbeach-manual-discrepancies.md,wci,"[{""canonical_ready_ko"": ""기록된 소스 snapshot의 surfbeat 경로에서 wci=1은 흐름에 따른 파랑 굴절/수심 처리를 활성화하고, 0은 흐름 유속 기울기를 0으로 둔다. 입력 기본값은 0이다. 문서의 wci=1을 no interaction으로 설명한 문구를 현재 구현 설명으로 사용하지 않는다."", ""evidence"": [{""line_end"": 138, ""line_start"": 131, ""path"": ""models/XBeach/raw/source_code/trunk/src/xbeachlibrary/wave_instationary.F90"", ""sha256"": ""9584b6ec2138353aba65991a4ec570b4b794554485cea43915c6071e9e2ed45a""}, {""line_end"": 177, ""line_start"": 167, ""path"": ""models/XBeach/raw/source_code/trunk/src/xbeachlibrary/wave_instationary.F90"", ""sha256"": ""9584b6ec2138353aba65991a4ec570b4b794554485cea43915c6071e9e2ed45a""}, {""line_end"": 674, ""line_start"": 669, ""path"": ""models/XBeach/raw/source_code/trunk/src/xbeachlibrary/params.F90"", ""sha256"": ""73648b5733a8f90a8f18cda32743bdc2ef42f649e39c521e28e06584ee63c359""}], ""finding_binding"": {""finding_exact"": ""The prose associates 'wci=1' with no wave-current interaction, whereas the parameter table describes wci as enabling interaction and gives default '0'."", ""finding_id"": ""XH003"", ""finding_sha256"": ""ee356c93be53cb3abfe9a25c5aa6fa15f9eaa5b18b51fab8fc5d25458468d0f8"", ""scope"": ""Only the named parameter or algorithm within this compound finding is adjudicated; other clauses retain their documentary disposition.""}, ""finding_bindings"": [{""finding_exact"": ""The prose associates 'wci=1' with no wave-current interaction, whereas the parameter table describes wci as enabling interaction and gives default '0'."", ""finding_id"": ""XH003"", ""finding_sha256"": ""ee356c93be53cb3abfe9a25c5aa6fa15f9eaa5b18b51fab8fc5d25458468d0f8"", ""scope"": ""Only the named parameter or algorithm within this compound finding is adjudicated; other clauses retain their documentary disposition.""}, {""finding_exact"": ""The physics prose says wci=1 disables wave-current interaction, whereas the parameter table gives wci=0 as the default disabling switch."", ""finding_id"": ""XH053"", ""finding_sha256"": ""258af82a5ac387feb8d18f0f3d7bcd129e45481aa517753345a893c0ecc46f1b"", ""scope"": ""Only the named parameter or algorithm within this compound finding is adjudicated; other clauses retain their documentary disposition.""}, {""finding_exact"": ""The wave-action prose associates wci=1 with no interaction, whereas the exercise and parameter table associate it with enabled interaction."", ""finding_id"": ""XH097"", ""finding_sha256"": ""ec58c60aa98007f12e5db0419a51ef8acfeb353e710cd6f21e16e87d13a79bec"", ""scope"": ""Only the named parameter or algorithm within this compound finding is adjudicated; other clauses retain their documentary disposition.""}, {""finding_exact"": ""The physics text associates wci=1 with no wave-current interaction, whereas the parameter table describes switching interaction on and gives default wci=0."", ""finding_id"": ""XH131"", ""finding_sha256"": ""fb2255b28d1c8bf409df74f74c05aa155f8e62eb2704fb4f99da672e8691b469"", ""scope"": ""Only the named parameter or algorithm within this compound finding is adjudicated; other clauses retain their documentary disposition.""}], ""finding_ids"": [""XH003"", ""XH053"", ""XH097"", ""XH131""], ""scope"": ""frozen local source snapshot; historical PDF/DOC contradictions remain edition-specific"", ""source_artifact"": ""_staging/total-read/model-audit/XBeach/closure/manual-code-adjudications.json"", ""source_artifact_sha256"": ""56075b0e74b75050881292c5a95cca17813b4570457f3585a614d7f34c9f16fa"", ""topic"": ""wci""}]"
XH004,xbeach-kingsday-technical-reference-2015-v1.22-r4567,XBeach_manual_kingsday.docx.txt,"318,664,2175,2200",contradiction,"The prose calls 'Tm01switch=1' the default representative-period convention, but the parameter table gives 'Tm01switch=0', corresponding to Tm−1,0.",parameter-defaults-mixed,document-both-source-statements-as-an-internal-conflict; do-not-select-a-value,conflict-register-addition-required,XH054,high,0.7681,20;36,18;34,cross-format-mapped,0.832061,models/XBeach/manual-notes/xbeach-master-manual.md;models/XBeach/source-analysis/xbeach_params.md;PROPOSED: models/XBeach/manual-notes/xbeach-manual-discrepancies.md,,[]
XH005,xbeach-kingsday-technical-reference-2015-v1.22-r4567,XBeach_manual_kingsday.docx.txt,"322,1287,2247-2258",documented_breaking_parameters,"The table defaults are 'break=roelvink2', 'alpha=1', 'gamma=0.55', 'n=10', 'gamma2=0.3' and 'gammax=2', although the prose says gamma and n were calibrated for roelvink1 and roelvink2 changes dissipation scaling from H² to H³/h.",nonhydrostatic-physics-numerics,merge-with-existing-canonical-as-edition-scoped-manual-fact,existing-merge-target; retain compound finding as one denominator row,XH055,high,0.6694,20;75,18;73,cross-format-partial,0.471519,models/XBeach/manual-notes/xbeach-master-manual.md;models/XBeach/source-analysis/xbeach_nonh.md;models/XBeach/source-analysis/xbeach_solver.md;models/XBeach/source-analysis/xbeach_flow_solver.md,,[]
XH006,xbeach-kingsday-technical-reference-2015-v1.22-r4567,XBeach_manual_kingsday.docx.txt,"347,2253-2254",documented_wave_friction,"Short-wave friction is independent of flow friction, defaults to 'fw=0' with 'fwcutoff=1000 m', and the reef discussion recommends fw of order ten times cf or greater.",flow-friction-viscosity,merge-with-existing-canonical-as-edition-scoped-manual-fact,existing-merge-target; retain compound finding as one denominator row,,unresolved,0.2878,21,19,cross-format-mapped,0.741667,models/XBeach/manual-notes/xbeach-master-manual.md;models/XBeach/source-analysis/xbeach_bed_friction.md;models/XBeach/source-analysis/xbeach_flow_solver.md,,[]
XH007,xbeach-kingsday-technical-reference-2015-v1.22-r4567,XBeach_manual_kingsday.docx.txt,404-418,documented_wave_shape,"The Van Thiel waveform uses eight harmonics with 'w=1' giving a skewed wave and 'w=0' an asymmetric wave, while Ruessink's waveform cannot be combined with bore-averaged turbulence.",sediment-transport,merge-with-existing-canonical-as-edition-scoped-manual-fact,existing-merge-target; retain compound finding as one denominator row,XH057,high,0.6305,24;25,22;23,cross-format-mapped,1.0,models/XBeach/manual-notes/xbeach-master-manual.md;models/XBeach/source-analysis/xbeach_morphology.md;models/XBeach/source-analysis/xbeach_intrawave_sediment_transport.md,,[]
XH008,xbeach-kingsday-technical-reference-2015-v1.22-r4567,XBeach_manual_kingsday.docx.txt,"480,1292,2264-2267",contradiction,"The prose identifies 'nuh=0.1' as the dimensionless Smagorinsky constant when 'smag=1', but the table labels the same input as background viscosity in m²/s.",flow-friction-viscosity,merge-document-conflict-with-frozen-source-snapshot-adjudication,source-code-adjudication-complete; retain-document-version-scope,XH059,high,0.5596,27;76,25;74,cross-format-partial,0.658228,models/XBeach/manual-notes/xbeach-master-manual.md;models/XBeach/source-analysis/xbeach_bed_friction.md;models/XBeach/source-analysis/xbeach_flow_solver.md;PROPOSED: models/XBeach/manual-notes/xbeach-manual-discrepancies.md,nuh,"[{""canonical_ready_ko"": ""nuh는 smag 분기에 따라 의미가 달라진다. smag=1에서 par%nuh는 무차원 Smagorinsky 계수로 제곱되어 격자면적·변형률에 곱해지고, smag=0에서는 출력 점성계수 s%nuh에 직접 대입되어 m²/s 값으로 쓰인다. 해당 snapshot 입력 기본값은 nuh=0.1, smag=1이다. s%nuh 출력의 단위와 par%nuh 입력의 조건부 단위를 구분한다."", ""evidence"": [{""line_end"": 377, ""line_start"": 365, ""path"": ""models/XBeach/raw/source_code/trunk/src/xbeachlibrary/flow_timestep.F90"", ""sha256"": ""50742b601cc8feccd513cf742ca772b6021f1d4f5ffe074c4e8ffc90907dd2b2""}, {""line_end"": 1023, ""line_start"": 1008, ""path"": ""models/XBeach/raw/source_code/trunk/src/xbeachlibrary/flow_timestep.F90"", ""sha256"": ""50742b601cc8feccd513cf742ca772b6021f1d4f5ffe074c4e8ffc90907dd2b2""}, {""line_end"": 1062, ""line_start"": 1047, ""path"": ""models/XBeach/raw/source_code/trunk/src/xbeachlibrary/flow_timestep.F90"", ""sha256"": ""50742b601cc8feccd513cf742ca772b6021f1d4f5ffe074c4e8ffc90907dd2b2""}, {""line_end"": 748, ""line_start"": 743, ""path"": ""models/XBeach/raw/source_code/trunk/src/xbeachlibrary/params.F90"", ""sha256"": ""73648b5733a8f90a8f18cda32743bdc2ef42f649e39c521e28e06584ee63c359""}], ""finding_binding"": {""finding_exact"": ""The prose identifies 'nuh=0.1' as the dimensionless Smagorinsky constant when 'smag=1', but the table labels the same input as background viscosity in m²/s."", ""finding_id"": ""XH008"", ""finding_sha256"": ""7b02b86d2485948aff3e766b0f50ccf1b293176f1837781ad12fd17a29eee13b"", ""scope"": ""Only the named parameter or algorithm within this compound finding is adjudicated; other clauses retain their documentary disposition.""}, ""finding_bindings"": [{""finding_exact"": ""The prose identifies 'nuh=0.1' as the dimensionless Smagorinsky constant when 'smag=1', but the table labels the same input as background viscosity in m²/s."", ""finding_id"": ""XH008"", ""finding_sha256"": ""7b02b86d2485948aff3e766b0f50ccf1b293176f1837781ad12fd17a29eee13b"", ""scope"": ""Only the named parameter or algorithm within this compound finding is adjudicated; other clauses retain their documentary disposition.""}, {""finding_exact"": ""The Smagorinsky description treats nuh=0.1 as a dimensionless coefficient, whereas its parameter table assigns nuh units of m²/s."", ""finding_id"": ""XH059"", ""finding_sha256"": ""8cebacefbced2769bf64ed6098b87b15d7592f15a6fcb5f9402c6be1e9430914"", ""scope"": ""Only the named parameter or algorithm within this compound finding is adjudicated; other clauses retain their documentary disposition.""}, {""finding_exact"": ""Typical Chezy C=55, Manning n=0.02 and ks=0.01–0.15 m conflict with default chezy/bedfriccoef=0.01, changed from Kingsday 0.003, while nuh=0.1 is described both as a Smagorinsky constant and dimensional viscosity."", ""finding_id"": ""XH100"", ""finding_sha256"": ""7ff3d3b0c111ba454ed89b506c8e80c0efff9873cb38a56ae3b6b174c67492fd"", ""scope"": ""Only the named parameter or algorithm within this compound finding is adjudicated; other clauses retain their documentary disposition.""}, {""finding_exact"": ""The text gives Chezy C=55 and Manning n=0.02, while the default bedfriccoef is 0.01 rather than Kingsday's 0.003 and nuh=0.1 is described both as a coefficient and as a dimensional viscosity."", ""finding_id"": ""XH135"", ""finding_sha256"": ""07ad19ea57c3ab7f209570a9601bb0e673dca02e147bed5149643301fa4dc9aa"", ""scope"": ""Only the named parameter or algorithm within this compound finding is adjudicated; other clauses retain their documentary disposition.""}], ""finding_ids"": [""XH008"", ""XH059"", ""XH100"", ""XH135""], ""scope"": ""frozen local source snapshot; historical PDF/DOC contradictions remain edition-specific"", ""source_artifact"": ""_staging/total-read/model-audit/XBeach/closure/manual-code-adjudications.json"", ""source_artifact_sha256"": ""56075b0e74b75050881292c5a95cca17813b4570457f3585a614d7f34c9f16fa"", ""topic"": ""nuh""}]"
XH009,xbeach-kingsday-technical-reference-2015-v1.22-r4567,XBeach_manual_kingsday.docx.txt,"490-506,2113-2118,2261-2263",contradiction,"The friction table pairs 'chezy' with '55 m½/s' and 'cf' with '0.003', but the input table defaults to 'bedfriction=chezy' and 'bedfriccoef=0.003'.",flow-friction-viscosity,merge-document-conflict-with-frozen-source-snapshot-adjudication,source-code-adjudication-complete; retain-document-version-scope,XH060,high,0.7125,28;29,26;27,cross-format-mapped,0.755952,models/XBeach/manual-notes/xbeach-master-manual.md;models/XBeach/source-analysis/xbeach_bed_friction.md;models/XBeach/source-analysis/xbeach_flow_solver.md;PROPOSED: models/XBeach/manual-notes/xbeach-manual-discrepancies.md,bedfriction,"[{""canonical_ready_ko"": ""마찰 파일을 쓰지 않는 조건에서 기본 계수는 선택한 마찰식에 종속된다: Chezy는 55, cf는 0.003, Manning은 0.02, White-Colebrook은 0.01이다. Chezy 분기는 g/C²로 cf를 계산하므로 Chezy C에 0.003을 넣는 것은 cf=0.003과 동등하지 않다. 문서 변환으로 깨진 마찰 공식은 이 소스식으로 원문을 복원했다고 주장하지 않고 별도 제외한다."", ""evidence"": [{""line_end"": 727, ""line_start"": 707, ""path"": ""models/XBeach/raw/source_code/trunk/src/xbeachlibrary/params.F90"", ""sha256"": ""73648b5733a8f90a8f18cda32743bdc2ef42f649e39c521e28e06584ee63c359""}, {""line_end"": 75, ""line_start"": 68, ""path"": ""models/XBeach/raw/source_code/trunk/src/xbeachlibrary/bedroughness.F90"", ""sha256"": ""508ccef2919d203a716f831f4ffd80a57068562eab747a00a94da802a840dfef""}], ""finding_binding"": {""finding_exact"": ""The friction table pairs 'chezy' with '55 m½/s' and 'cf' with '0.003', but the input table defaults to 'bedfriction=chezy' and 'bedfriccoef=0.003'."", ""finding_id"": ""XH009"", ""finding_sha256"": ""00d69e076c2179faab7bec3d67de4522696dcc50a673d696cf4a19d6d2d1a07e"", ""scope"": ""Only the named parameter or algorithm within this compound finding is adjudicated; other clauses retain their documentary disposition.""}, ""finding_bindings"": [{""finding_exact"": ""The friction table pairs 'chezy' with '55 m½/s' and 'cf' with '0.003', but the input table defaults to 'bedfriction=chezy' and 'bedfriccoef=0.003'."", ""finding_id"": ""XH009"", ""finding_sha256"": ""00d69e076c2179faab7bec3d67de4522696dcc50a673d696cf4a19d6d2d1a07e"", ""scope"": ""Only the named parameter or algorithm within this compound finding is adjudicated; other clauses retain their documentary disposition.""}, {""finding_exact"": ""The prose gives cf=0.003 and Chezy C=55 with cf=g/C², but the table pairs default bedfriction=chezy with bedfriccoef=0.003."", ""finding_id"": ""XH060"", ""finding_sha256"": ""c1854c066319a31f4ec22c996427b910710e17301f62934c218fa135bc5bcc4c"", ""scope"": ""Only the named parameter or algorithm within this compound finding is adjudicated; other clauses retain their documentary disposition.""}, {""finding_exact"": ""Typical Chezy C=55, Manning n=0.02 and ks=0.01–0.15 m conflict with default chezy/bedfriccoef=0.01, changed from Kingsday 0.003, while nuh=0.1 is described both as a Smagorinsky constant and dimensional viscosity."", ""finding_id"": ""XH100"", ""finding_sha256"": ""7ff3d3b0c111ba454ed89b506c8e80c0efff9873cb38a56ae3b6b174c67492fd"", ""scope"": ""Only the named parameter or algorithm within this compound finding is adjudicated; other clauses retain their documentary disposition.""}, {""finding_exact"": ""The text gives Chezy C=55 and Manning n=0.02, while the default bedfriccoef is 0.01 rather than Kingsday's 0.003 and nuh=0.1 is described both as a coefficient and as a dimensional viscosity."", ""finding_id"": ""XH135"", ""finding_sha256"": ""07ad19ea57c3ab7f209570a9601bb0e673dca02e147bed5149643301fa4dc9aa"", ""scope"": ""Only the named parameter or algorithm within this compound finding is adjudicated; other clauses retain their documentary disposition.""}, {""finding_exact"": ""The extracted friction formulas show cf=g/C and a Manning exponent of 1/12, differing from expected squared-C notation and Kingsday's 1/3 exponent, requiring verification against the original equations before use."", ""finding_id"": ""XH136"", ""finding_sha256"": ""c3150634994a4b05ea608a625be7efa726de2db5ed104f63b28894a74ac81cdc"", ""scope"": ""Only the named parameter or algorithm within this compound finding is adjudicated; other clauses retain their documentary disposition.""}], ""finding_ids"": [""XH009"", ""XH060"", ""XH100"", ""XH135"", ""XH136""], ""scope"": ""frozen local source snapshot; historical PDF/DOC contradictions remain edition-specific"", ""source_artifact"": ""_staging/total-read/model-audit/XBeach/closure/manual-code-adjudications.json"", ""source_artifact_sha256"": ""56075b0e74b75050881292c5a95cca17813b4570457f3585a614d7f34c9f16fa"", ""topic"": ""bedfriction""}]"
XH010,xbeach-kingsday-technical-reference-2015-v1.22-r4567,XBeach_manual_kingsday.docx.txt,2115-2118,documented_friction_defaults,"Other documented friction defaults are Manning '0.02', White-Colebrook roughness '0.01' and grain-size roughness input 'D90=0.0003 m'.",flow-friction-viscosity,merge-with-existing-canonical-as-edition-scoped-manual-fact,existing-merge-target; retain compound finding as one denominator row,XH061,high,0.6135,28;78;79,26;76;77,cross-format-retrieval-candidate,0.0,models/XBeach/manual-notes/xbeach-master-manual.md;models/XBeach/source-analysis/xbeach_bed_friction.md;models/XBeach/source-analysis/xbeach_flow_solver.md,,[]
XH011,xbeach-kingsday-technical-reference-2015-v1.22-r4567,XBeach_manual_kingsday.docx.txt,"524,2125,2626",parameter_name_drift,"The pressure section instructs 'waveform=nonh', but the tables enable non-hydrostatic pressure with 'nonh' and restrict waveform to 'ruessink_vanrijn' or 'vanthiel'.",nonhydrostatic-physics-numerics,record-as-edition-or-parameter-drift; do-not-generalize-to-current-code,version-crosswalk-addition-required,,unresolved,0.2498,30;113;114,28;111;112,cross-format-mapped,0.876404,models/XBeach/manual-notes/xbeach-master-manual.md;models/XBeach/source-analysis/xbeach_nonh.md;models/XBeach/source-analysis/xbeach_solver.md;models/XBeach/source-analysis/xbeach_flow_solver.md;PROPOSED: models/XBeach/manual-notes/xbeach-manual-discrepancies.md,,[]
XH012,xbeach-kingsday-technical-reference-2015-v1.22-r4567,XBeach_manual_kingsday.docx.txt,703,documented_physical_constant,Sediment calculations assume '20 degrees Celsius' and constant kinematic viscosity '10⁻6 m²/s'.,sediment-transport,merge-with-existing-canonical-as-edition-scoped-manual-fact,existing-merge-target; retain compound finding as one denominator row,XH066,probable,0.3693,38,36,cross-format-mapped,1.0,models/XBeach/manual-notes/xbeach-master-manual.md;models/XBeach/source-analysis/xbeach_morphology.md;models/XBeach/source-analysis/xbeach_intrawave_sediment_transport.md,,[]
XH013,xbeach-kingsday-technical-reference-2015-v1.22-r4567,XBeach_manual_kingsday.docx.txt,"747-751,2607,2618-2620",documentation_inconsistency,"Dilatancy is said to hinder erosion by reducing the critical Shields number, a direction requiring verification, with 'rheeA=0.75' by default versus approximately '1.7' for a continuum and 'pormax=0.5'.",sediment-transport,merge-document-conflict-with-frozen-source-snapshot-adjudication,source-code-adjudication-complete; retain-document-version-scope,XH067,high,0.605,40;112;113,38;110;111,cross-format-mapped,0.954545,models/XBeach/manual-notes/xbeach-master-manual.md;models/XBeach/source-analysis/xbeach_morphology.md;models/XBeach/source-analysis/xbeach_intrawave_sediment_transport.md;PROPOSED: models/XBeach/manual-notes/xbeach-manual-discrepancies.md,dilatancy,"[{""canonical_ready_ko"": ""이 snapshot에서 dilatancy=1일 때 srfRhee는 erosion velocity와 (pormax-por), rheeA 등에 비례한다. 양의 침투계수·밀도비 및 pormax>=por 조건에서는 srfRhee>=0이고, 경사 효과를 끄면 srfTotal=1+srfRhee이다. 이에 따라 임계 bed-load 속도는 Ucr*sqrt(srfTotal), 경사 total 모드가 아닌 suspended-load 속도는 Ucr*(1+sqrt(srfRhee))로 증가한다. 코드 주석의 A는 단일입자 3/4, 연속체 1/(1-n0)이며 입력 rheeA 기본값은 0.75이다. 문서의 감소 설명과 수식/주석 모순은 이 구현과 구분해 기록한다."", ""evidence"": [{""line_end"": 1553, ""line_start"": 1539, ""path"": ""models/XBeach/raw/source_code/trunk/src/xbeachlibrary/morphevolution.F90"", ""sha256"": ""765f474008f7cb843353dc0790cc3f3ebdc00631353da7592e2bb0508e968391""}, {""line_end"": 1599, ""line_start"": 1593, ""path"": ""models/XBeach/raw/source_code/trunk/src/xbeachlibrary/morphevolution.F90"", ""sha256"": ""765f474008f7cb843353dc0790cc3f3ebdc00631353da7592e2bb0508e968391""}, {""line_end"": 1119, ""line_start"": 1114, ""path"": ""models/XBeach/raw/source_code/trunk/src/xbeachlibrary/params.F90"", ""sha256"": ""73648b5733a8f90a8f18cda32743bdc2ef42f649e39c521e28e06584ee63c359""}], ""finding_binding"": {""finding_exact"": ""Dilatancy is said to hinder erosion by reducing the critical Shields number, a direction requiring verification, with 'rheeA=0.75' by default versus approximately '1.7' for a continuum and 'pormax=0.5'."", ""finding_id"": ""XH013"", ""finding_sha256"": ""8c8a96f02e0eb7058ee1076bd69616b0f026e8018088869a1cb62c65b919d262"", ""scope"": ""Only the named parameter or algorithm within this compound finding is adjudicated; other clauses retain their documentary disposition.""}, ""finding_bindings"": [{""finding_exact"": ""Dilatancy is said to hinder erosion by reducing the critical Shields number, a direction requiring verification, with 'rheeA=0.75' by default versus approximately '1.7' for a continuum and 'pormax=0.5'."", ""finding_id"": ""XH013"", ""finding_sha256"": ""8c8a96f02e0eb7058ee1076bd69616b0f026e8018088869a1cb62c65b919d262"", ""scope"": ""Only the named parameter or algorithm within this compound finding is adjudicated; other clauses retain their documentary disposition.""}, {""finding_exact"": ""The dilatancy prose says critical Shields stress is reduced while describing inhibited erosion, and the accompanying positive correction uses rheeA=0.75 for continuum motion or 1.7 otherwise with pormax=0.5."", ""finding_id"": ""XH067"", ""finding_sha256"": ""73cbe62ffb43df801b5c386695c488b8c471ce772e981187856206f3ae67a8bc"", ""scope"": ""Only the named parameter or algorithm within this compound finding is adjudicated; other clauses retain their documentary disposition.""}, {""finding_exact"": ""The sediment calculation fixes T=20°C and ν=10^-6 m²/s, while dilatancy still claims to reduce critical Shields stress and assigns A=0.75 to individual particles and 1.7 to a continuum, reversing the Kingsday assignment."", ""finding_id"": ""XH103"", ""finding_sha256"": ""9a9be952de8857b973c1754d1731db3637eb434d7e5c6c52fa744f6190457aea"", ""scope"": ""Only the named parameter or algorithm within this compound finding is adjudicated; other clauses retain their documentary disposition.""}, {""finding_exact"": ""The text assumes T=20 and nu=1e-6, defines ua=(fSk*Sk-fAs*As)*urms, and assigns dilatancy A=0.75 to a single particle and A=1.7 to a continuum, reversing the Kingsday assignments."", ""finding_id"": ""XH141"", ""finding_sha256"": ""4e0e8b0bd5465b280ce9289957885308a3bcf69a9fa152e97e0c7c1bd67c4d1c"", ""scope"": ""Only the named parameter or algorithm within this compound finding is adjudicated; other clauses retain their documentary disposition.""}], ""finding_ids"": [""XH013"", ""XH067"", ""XH103"", ""XH141""], ""scope"": ""frozen local source snapshot; historical PDF/DOC contradictions remain edition-specific"", ""source_artifact"": ""_staging/total-read/model-audit/XBeach/closure/manual-code-adjudications.json"", ""source_artifact_sha256"": ""56075b0e74b75050881292c5a95cca17813b4570457f3585a614d7f34c9f16fa"", ""topic"": ""dilatancy""}]"
XH014,xbeach-kingsday-technical-reference-2015-v1.22-r4567,XBeach_manual_kingsday.docx.txt,"772-776,2603,2611",parameter_name_drift,"The slope correction defaults to 'facsl=1.6' and 'bdslpeffmag=roelvink_total', but the prose repeats 'soulsby_total' for bed-only transport where the table lists 'soulsby_bed'.",sediment-transport,record-as-edition-or-parameter-drift; do-not-generalize-to-current-code,version-crosswalk-addition-required,XH068,probable,0.547,41;111;112,39;109;110,cross-format-mapped,0.977273,models/XBeach/manual-notes/xbeach-master-manual.md;models/XBeach/source-analysis/xbeach_morphology.md;models/XBeach/source-analysis/xbeach_intrawave_sediment_transport.md;PROPOSED: models/XBeach/manual-notes/xbeach-manual-discrepancies.md,,[]
XH015,xbeach-kingsday-technical-reference-2015-v1.22-r4567,XBeach_manual_kingsday.docx.txt,795-805,documented_morphological_scaling,"The manual gives morfac as order '1–10', illustrates '10 minutes × 6 = one morphological hour', and prohibits accelerated tidal timing with morfacopt=1 when alongshore tidal-current inertia would change.",morphology-bed-composition-avalanching,merge-with-existing-canonical-as-edition-scoped-manual-fact,existing-merge-target; retain compound finding as one denominator row,XH069,probable,0.3961,42,40,cross-format-mapped,0.997305,models/XBeach/manual-notes/xbeach-master-manual.md;models/XBeach/source-analysis/xbeach_morphology.md;models/XBeach/source-analysis/xbeach_avalanching.md;models/XBeach/source-analysis/xbeach-morphology-foundation.md,,[]
XH016,xbeach-kingsday-technical-reference-2015-v1.22-r4567,XBeach_manual_kingsday.docx.txt,"807,2289-2298",documented_morphology_defaults,"Avalanching defaults are 'dryslp=1.0', 'wetslp=0.3', 'hswitch=0.1 m' and 'dzmax=0.05', while morphology defaults include 'morfac=1', 'morfacopt=1', 'morstart=120 s' and 'morstop=2000 s'.",morphology-bed-composition-avalanching,merge-with-existing-canonical-as-edition-scoped-manual-fact,existing-merge-target; retain compound finding as one denominator row,XH069,high,0.6417,43,41,cross-format-partial,0.454183,models/XBeach/manual-notes/xbeach-master-manual.md;models/XBeach/source-analysis/xbeach_morphology.md;models/XBeach/source-analysis/xbeach_avalanching.md;models/XBeach/source-analysis/xbeach-morphology-foundation.md,,[]
XH017,xbeach-kingsday-technical-reference-2015-v1.22-r4567,XBeach_manual_kingsday.docx.txt,"816,1308,2281,2635",contradiction,"The bed-composition description permits the breathing layer to be the top or bottom layer, whereas the input discussion requires all three layer classes and the table restricts 'nd_var' to '2–nd'.",morphology-bed-composition-avalanching,document-both-source-statements-as-an-internal-conflict; do-not-select-a-value,conflict-register-addition-required,XH071,high,0.6632,43;44;78;116,41;42;76;114,cross-format-mapped,0.965116,models/XBeach/manual-notes/xbeach-master-manual.md;models/XBeach/source-analysis/xbeach_morphology.md;models/XBeach/source-analysis/xbeach_avalanching.md;models/XBeach/source-analysis/xbeach-morphology-foundation.md;PROPOSED: models/XBeach/manual-notes/xbeach-manual-discrepancies.md,,[]
XH018,xbeach-kingsday-technical-reference-2015-v1.22-r4567,XBeach_manual_kingsday.docx.txt,"834,870,879,899",documented_boundary_limits,"The documented boundary limits exclude landward wave forcing, restrict stationary lateral waves to Neumann conditions and abs1d to flume-like cases, and require MPI with a single domain for cyclic boundaries.",build-mpi-version,add-source-and-version-scoped-manual-fact,gap,XH072,probable,0.4333,46;47;48;50,44;45;46;48,cross-format-mapped,0.989218,models/XBeach/source-analysis/xbeach_infrastructure.md;PROPOSED: models/XBeach/manual-notes/xbeach-document-version-drift.md,,[]
XH019,xbeach-kingsday-technical-reference-2015-v1.22-r4567,XBeach_manual_kingsday.docx.txt,"881,2230-2234",documented_boundary_defaults,"The offshore boundary defaults to two-dimensional absorbing-generating conditions with 'epsi=−1' for automatic filtering, 'freewave=0' using cg and 'order=2' adding bound long waves.",flow-tide-discharge-boundaries,merge-with-existing-canonical-as-edition-scoped-manual-fact,existing-merge-target; retain compound finding as one denominator row,,unresolved,0.2602,48;49,46;47,cross-format-partial,0.518692,models/XBeach/manual-notes/xbeach-master-manual.md;models/XBeach/source-analysis/xbeach_flow_boundary_conditions.md;models/XBeach/source-analysis/xbeach_tide_forcing.md,,[]
XH020,xbeach-kingsday-technical-reference-2015-v1.22-r4567,XBeach_manual_kingsday.docx.txt,914-916,documented_discharge_convention,"Discharges are in 'm³/s', positive along model axes internally and inward at boundaries, while a zero-length orifice adds vertical mass with zero momentum.",flow-tide-discharge-boundaries,merge-with-existing-canonical-as-edition-scoped-manual-fact,existing-merge-target; retain compound finding as one denominator row,XH074,probable,0.481,51,49,cross-format-mapped,1.0,models/XBeach/manual-notes/xbeach-master-manual.md;models/XBeach/source-analysis/xbeach_flow_boundary_conditions.md;models/XBeach/source-analysis/xbeach_tide_forcing.md,,[]
XH021,xbeach-kingsday-technical-reference-2015-v1.22-r4567,XBeach_manual_kingsday.docx.txt,"994-1005,2148",documented_grid_convention,"Input arrays have size '(nx+1)×(ny+1)', bathymetry defaults positive downward, and the table specifies 'posdwn=−1' for positive-up bathymetry.",modes-grid-coordinates,merge-with-existing-canonical-as-edition-scoped-manual-fact,existing-merge-target; retain compound finding as one denominator row,XH075,high,0.5582,55;56,53;54,cross-format-mapped,0.971235,models/XBeach/manual-notes/xbeach-master-manual.md;models/XBeach/source-analysis/xbeach_mode_dispatch.md;models/XBeach/source-analysis/xbeach_single_dir.md;models/XBeach/source-analysis/xbeach_params.md,,[]
XH022,xbeach-kingsday-technical-reference-2015-v1.22-r4567,XBeach_manual_kingsday.docx.txt,"945-946,1008,2148",contradiction,"The example uses negative underwater elevations with 'posdwn=0', while the table specifies '−1' for positive-up data.",modes-grid-coordinates,merge-document-conflict-with-frozen-source-snapshot-adjudication,source-code-adjudication-complete; retain-document-version-scope,XH075,high,0.5548,53;56,51;54,cross-format-partial,0.540541,models/XBeach/manual-notes/xbeach-master-manual.md;models/XBeach/source-analysis/xbeach_mode_dispatch.md;models/XBeach/source-analysis/xbeach_single_dir.md;models/XBeach/source-analysis/xbeach_params.md;PROPOSED: models/XBeach/manual-notes/xbeach-manual-discrepancies.md,posdwn,"[{""canonical_ready_ko"": ""문서의 규약은 양의 아래 방향 수심 posdwn=1, 양의 위 방향 고도 posdwn=-1로 구분해야 한다. 실제 snapshot은 s%zb=-s%zb*s%posdwn으로 내부 바닥고를 만들며 ±1에서 이 규약을 따른다. 예제의 posdwn=0을 그대로 넣으면 변환 곱이 0이 되어 해당 초기화 경로의 바닥고가 0으로 소거된다. 0을 -1의 별칭으로 보지 않는다."", ""evidence"": [{""line_end"": 160, ""line_start"": 155, ""path"": ""models/XBeach/raw/source_code/trunk/src/xbeachlibrary/params.F90"", ""sha256"": ""73648b5733a8f90a8f18cda32743bdc2ef42f649e39c521e28e06584ee63c359""}, {""line_end"": 55, ""line_start"": 40, ""path"": ""models/XBeach/raw/source_code/trunk/src/xbeachlibrary/initialize.F90"", ""sha256"": ""9803067bd2fa4962d9e2247f6e8b5f87e18a9860802595424183994a715523cd""}, {""line_end"": 249, ""line_start"": 240, ""path"": ""models/XBeach/raw/source_code/trunk/src/xbeachlibrary/initialize.F90"", ""sha256"": ""9803067bd2fa4962d9e2247f6e8b5f87e18a9860802595424183994a715523cd""}], ""finding_binding"": {""finding_exact"": ""The example uses negative underwater elevations with 'posdwn=0', while the table specifies '−1' for positive-up data."", ""finding_id"": ""XH022"", ""finding_sha256"": ""f82111f2f0dafe3cb2f5f0d4ec87cce5d2d3b945f77e13290b8b776ff3d1bc81"", ""scope"": ""Only the named parameter or algorithm within this compound finding is adjudicated; other clauses retain their documentary disposition.""}, ""finding_bindings"": [{""finding_exact"": ""The example uses negative underwater elevations with 'posdwn=0', while the table specifies '−1' for positive-up data."", ""finding_id"": ""XH022"", ""finding_sha256"": ""f82111f2f0dafe3cb2f5f0d4ec87cce5d2d3b945f77e13290b8b776ff3d1bc81"", ""scope"": ""Only the named parameter or algorithm within this compound finding is adjudicated; other clauses retain their documentary disposition.""}, {""finding_exact"": ""Grid arrays require (nx+1)×(ny+1) entries and positive-up bathymetry is documented as posdwn=-1, but the example uses posdwn=0."", ""finding_id"": ""XH075"", ""finding_sha256"": ""c6e6d5b995927ef10cf37f559226dee3584e3d1c02b514631008afaa85e984ab"", ""scope"": ""Only the named parameter or algorithm within this compound finding is adjudicated; other clauses retain their documentary disposition.""}, {""finding_exact"": ""The negative-depth example sets posdwn=0 although the parameter definition requires -1 for positive-up bathymetry."", ""finding_id"": ""XH112"", ""finding_sha256"": ""db85c7e2d52ca769abdc1cb873c5be60b35ccabc845b2cef8e0adad6664fbe9a"", ""scope"": ""Only the named parameter or algorithm within this compound finding is adjudicated; other clauses retain their documentary disposition.""}, {""finding_exact"": ""The examples and tables disagree on the upward-positive posdwn value and the angular reference axis, while Tm01switch defaults to 0 here versus 1 in Kingsday's prose."", ""finding_id"": ""XH147"", ""finding_sha256"": ""a0b993cd5bab11e9a7457ddeb2548278a2aac9d00f4f56749bfb35aaa28b988f"", ""scope"": ""Only the named parameter or algorithm within this compound finding is adjudicated; other clauses retain their documentary disposition.""}], ""finding_ids"": [""XH022"", ""XH075"", ""XH112"", ""XH147""], ""scope"": ""frozen local source snapshot; historical PDF/DOC contradictions remain edition-specific"", ""source_artifact"": ""_staging/total-read/model-audit/XBeach/closure/manual-code-adjudications.json"", ""source_artifact_sha256"": ""56075b0e74b75050881292c5a95cca17813b4570457f3585a614d7f34c9f16fa"", ""topic"": ""posdwn""}]"
XH023,xbeach-kingsday-technical-reference-2015-v1.22-r4567,XBeach_manual_kingsday.docx.txt,"1060,2179",contradiction,"The prose defines dthetaS_XB as rotation from SWAN to the XBeach x-axis, whereas the parameter table defines rotation to the east-pointing axis.",wave-boundary-spectra,merge-document-conflict-with-frozen-source-snapshot-adjudication,source-code-adjudication-complete; retain-document-version-scope,XH078,probable,0.3378,65,63,cross-format-mapped,0.776119,models/XBeach/manual-notes/xbeach-master-manual.md;models/XBeach/source-analysis/xbeach_wave_boundary_generation.md;models/XBeach/source-analysis/wave/xbeach_wave_boundary.md;models/XBeach/source-analysis/wave/xbeach-boundary-and-wave-setup.md;models/XBeach/source-analysis/xbeach_swan_handoff.md;PROPOSED: models/XBeach/manual-notes/xbeach-manual-discrepancies.md,dthetaS_XB,"[{""canonical_ready_ko"": ""SWAN 스펙트럼을 읽는 이 코드에서 dthetaS_XB는 Cartesian SWAN x축에서 East x축으로 회전하는 반시계 각도이다. Cartesian 입력은 specin%ang에서 이 값을 빼고, nautical 입력은 270-angle로 변환하는 별도 분기를 쓴다. 매뉴얼 산문의 XBeach x축 표기를 이 매개변수의 실제 참조축으로 일반화하지 않는다."", ""evidence"": [{""line_end"": 919, ""line_start"": 910, ""path"": ""models/XBeach/raw/source_code/trunk/src/xbeachlibrary/wave_boundary_update.f90"", ""sha256"": ""9c364a2c916f034338044b542c0231f412553812a16c11346a6bcc98319a80c7""}, {""line_end"": 485, ""line_start"": 481, ""path"": ""models/XBeach/raw/source_code/trunk/src/xbeachlibrary/params.F90"", ""sha256"": ""73648b5733a8f90a8f18cda32743bdc2ef42f649e39c521e28e06584ee63c359""}], ""finding_binding"": {""finding_exact"": ""The prose defines dthetaS_XB as rotation from SWAN to the XBeach x-axis, whereas the parameter table defines rotation to the east-pointing axis."", ""finding_id"": ""XH023"", ""finding_sha256"": ""15a3a8294bf3ca2e48719f5303322b824bd74b75c2858e553715cf2292275d14"", ""scope"": ""Only the named parameter or algorithm within this compound finding is adjudicated; other clauses retain their documentary disposition.""}, ""finding_bindings"": [{""finding_exact"": ""The prose defines dthetaS_XB as rotation from SWAN to the XBeach x-axis, whereas the parameter table defines rotation to the east-pointing axis."", ""finding_id"": ""XH023"", ""finding_sha256"": ""15a3a8294bf3ca2e48719f5303322b824bd74b75c2858e553715cf2292275d14"", ""scope"": ""Only the named parameter or algorithm within this compound finding is adjudicated; other clauses retain their documentary disposition.""}, {""finding_exact"": ""dthetaS_XB is described relative to East in one place and model x in another, while vardens uses Cartesian directions 0° along +x and 90° along +y."", ""finding_id"": ""XH078"", ""finding_sha256"": ""13bd927829c9991b94feac5df08e8b54a5af97a6cb25b06f55cdd168ea937fb7"", ""scope"": ""Only the named parameter or algorithm within this compound finding is adjudicated; other clauses retain their documentary disposition.""}, {""finding_exact"": ""dthetaS_XB rotates SWAN x into model x in the prose but into East in the table."", ""finding_id"": ""XH113"", ""finding_sha256"": ""c0b97ca803666b848ca1ee14eb8089f3154b8047a15470ef479cc14038e8f6f4"", ""scope"": ""Only the named parameter or algorithm within this compound finding is adjudicated; other clauses retain their documentary disposition.""}, {""finding_exact"": ""The examples and tables disagree on the upward-positive posdwn value and the angular reference axis, while Tm01switch defaults to 0 here versus 1 in Kingsday's prose."", ""finding_id"": ""XH147"", ""finding_sha256"": ""a0b993cd5bab11e9a7457ddeb2548278a2aac9d00f4f56749bfb35aaa28b988f"", ""scope"": ""Only the named parameter or algorithm within this compound finding is adjudicated; other clauses retain their documentary disposition.""}], ""finding_ids"": [""XH023"", ""XH078"", ""XH113"", ""XH147""], ""scope"": ""frozen local source snapshot; historical PDF/DOC contradictions remain edition-specific"", ""source_artifact"": ""_staging/total-read/model-audit/XBeach/closure/manual-code-adjudications.json"", ""source_artifact_sha256"": ""56075b0e74b75050881292c5a95cca17813b4570457f3585a614d7f34c9f16fa"", ""topic"": ""dthetaS_XB""}]"
XH024,xbeach-kingsday-technical-reference-2015-v1.22-r4567,XBeach_manual_kingsday.docx.txt,1161,documented_spectral_direction,"Variance-density directions must increase and use the XBeach Cartesian frame, with '0°' along +x and '90°' along +y.",wave-boundary-spectra,merge-with-existing-canonical-as-edition-scoped-manual-fact,existing-merge-target; retain compound finding as one denominator row,XH078,probable,0.4945,67,65,cross-format-mapped,1.0,models/XBeach/manual-notes/xbeach-master-manual.md;models/XBeach/source-analysis/xbeach_wave_boundary_generation.md;models/XBeach/source-analysis/wave/xbeach_wave_boundary.md;models/XBeach/source-analysis/wave/xbeach-boundary-and-wave-setup.md;models/XBeach/source-analysis/xbeach_swan_handoff.md,,[]
XH025,xbeach-kingsday-technical-reference-2015-v1.22-r4567,XBeach_manual_kingsday.docx.txt,1164-1209,documentation_or_conversion_damage,"The variance-density example declares 15 frequencies and 13 directions but presents 16 density rows with only 12 values in most rows, so it is not a trustworthy input template.",build-mpi-version,exclude-converted-value-or-formula-from-canonical; retain-source-warning,conversion-risk-disposition-complete,,unresolved,0.2346,67;68,65;66,cross-format-mapped,0.952,models/XBeach/source-analysis/xbeach_infrastructure.md;PROPOSED: models/XBeach/manual-notes/xbeach-document-version-drift.md;PROPOSED: models/XBeach/manual-notes/xbeach-manual-discrepancies.md,,[]
XH026,xbeach-kingsday-technical-reference-2015-v1.22-r4567,XBeach_manual_kingsday.docx.txt,"857,1225,2206-2208",contradiction,"The ts_nonh prose alternately describes optional vertical velocity and elevation or required horizontal u/v velocities and elevation, while the detached format lists 't,U,Zs,W'.",wave-boundary-spectra,document-both-source-statements-as-an-internal-conflict; do-not-select-a-value,conflict-register-addition-required,XH079,high,0.5787,47;69,45;67,cross-format-mapped,0.871795,models/XBeach/manual-notes/xbeach-master-manual.md;models/XBeach/source-analysis/xbeach_wave_boundary_generation.md;models/XBeach/source-analysis/wave/xbeach_wave_boundary.md;models/XBeach/source-analysis/wave/xbeach-boundary-and-wave-setup.md;models/XBeach/source-analysis/xbeach_swan_handoff.md;PROPOSED: models/XBeach/manual-notes/xbeach-manual-discrepancies.md,,[]
XH027,xbeach-kingsday-technical-reference-2015-v1.22-r4567,XBeach_manual_kingsday.docx.txt,1245-1254,documented_spatial_wave_forcing,"Spatial spectra require 'wbcversion=3' and 'nspectrumloc=ns', interpolate energy rather than height linearly, and prohibit mixed spectrum formats or inconsistent FILELIST time discretizations.",build-mpi-version,add-source-and-version-scoped-manual-fact,gap,XH072,probable,0.3433,71,69,cross-format-mapped,1.0,models/XBeach/source-analysis/xbeach_infrastructure.md;PROPOSED: models/XBeach/manual-notes/xbeach-document-version-drift.md,,[]
XH028,xbeach-kingsday-technical-reference-2015-v1.22-r4567,XBeach_manual_kingsday.docx.txt,1269,contradiction,The same paragraph says 'tideloc=1' applies the signal to all four corners and also says it applies only offshore with fixed zs0 landward.,flow-tide-discharge-boundaries,document-both-source-statements-as-an-internal-conflict; do-not-select-a-value,conflict-register-addition-required,,unresolved,0.2181,73,71,cross-format-mapped,0.981132,models/XBeach/manual-notes/xbeach-master-manual.md;models/XBeach/source-analysis/xbeach_flow_boundary_conditions.md;models/XBeach/source-analysis/xbeach_tide_forcing.md;PROPOSED: models/XBeach/manual-notes/xbeach-manual-discrepancies.md,,[]
XH029,xbeach-kingsday-technical-reference-2015-v1.22-r4567,XBeach_manual_kingsday.docx.txt,"912,1270,2238",parameter_drift,"Two-signal tidal forcing is first described as sea/land only, later selected by numeric 'paulrevere=0/1', and finally tabulated using string values 'land, sea' with default 'sea'.",flow-tide-discharge-boundaries,record-as-edition-or-parameter-drift; do-not-generalize-to-current-code,version-crosswalk-addition-required,,unresolved,0.2933,50;51;73;74,48;49;71;72,cross-format-mapped,0.926087,models/XBeach/manual-notes/xbeach-master-manual.md;models/XBeach/source-analysis/xbeach_flow_boundary_conditions.md;models/XBeach/source-analysis/xbeach_tide_forcing.md;PROPOSED: models/XBeach/manual-notes/xbeach-manual-discrepancies.md,,[]
XH030,xbeach-kingsday-technical-reference-2015-v1.22-r4567,XBeach_manual_kingsday.docx.txt,"904,1271,2552-2555",contradiction,"The early four-corner ordering is offshore-left, backshore-left, backshore-right, offshore-right, whereas the later explicit ordering is '(1,1),(1,N),(N,N),(N,1)'.",parameter-defaults-mixed,document-both-source-statements-as-an-internal-conflict; do-not-select-a-value,conflict-register-addition-required,,unresolved,0.2956,50;74;94,48;72;92,cross-format-mapped,1.0,models/XBeach/manual-notes/xbeach-master-manual.md;models/XBeach/source-analysis/xbeach_params.md;PROPOSED: models/XBeach/manual-notes/xbeach-manual-discrepancies.md,,[]
XH031,xbeach-kingsday-technical-reference-2015-v1.22-r4567,XBeach_manual_kingsday.docx.txt,"1269,2239",contradiction,"The prose explicitly excludes 'tideloc=3', but the parameter table includes 3 in its range.",flow-tide-discharge-boundaries,document-both-source-statements-as-an-internal-conflict; do-not-select-a-value,conflict-register-addition-required,,unresolved,0.2065,73,71,cross-format-mapped,0.832,models/XBeach/manual-notes/xbeach-master-manual.md;models/XBeach/source-analysis/xbeach_flow_boundary_conditions.md;models/XBeach/source-analysis/xbeach_tide_forcing.md;PROPOSED: models/XBeach/manual-notes/xbeach-manual-discrepancies.md,,[]
XH032,xbeach-kingsday-technical-reference-2015-v1.22-r4567,XBeach_manual_kingsday.docx.txt,1341,documented_structure_limit,"The ne_layer values are erodible thicknesses, with '0' fully non-erodible and '10' allowing 10 m of erosion, above an infinitely deep non-erodible layer.",morphology-bed-composition-avalanching,merge-with-existing-canonical-as-edition-scoped-manual-fact,existing-merge-target; retain compound finding as one denominator row,XH081,probable,0.4792,80;81,78;79,cross-format-mapped,1.0,models/XBeach/manual-notes/xbeach-master-manual.md;models/XBeach/source-analysis/xbeach_morphology.md;models/XBeach/source-analysis/xbeach_avalanching.md;models/XBeach/source-analysis/xbeach-morphology-foundation.md,,[]
XH033,xbeach-kingsday-technical-reference-2015-v1.22-r4567,XBeach_manual_kingsday.docx.txt,"1406-1408,1424",unfinished_functionality,"Ships must remain within the domain and moving-ship forces may be unreliable, while 'compute_motion' is explicitly unimplemented despite the example setting it to '1'.",vegetation-ships,record-as-source-scoped-unfinished-feature-or-document-limit,historical-limit-addition-required,XH082,high,0.6771,85;86,83;84,cross-format-mapped,1.0,models/XBeach/manual-notes/xbeach-master-manual.md;models/XBeach/source-analysis/xbeach_vegetation.md;models/XBeach/source-analysis/xbeach_ship_waves.md;PROPOSED: models/XBeach/manual-notes/xbeach-manual-discrepancies.md,,[]
XH034,xbeach-kingsday-technical-reference-2015-v1.22-r4567,XBeach_manual_kingsday.docx.txt,"1405,1425-1430",documentation_inconsistency,"Ship geometry is specified as '(nx+1)×(ny+1)', but its zero-based example runs through 'nx+1' and 'ny+1', implying one extra row and column.",vegetation-ships,document-both-source-statements-as-an-internal-conflict; do-not-select-a-value,conflict-register-addition-required,XH082,probable,0.5325,85;86,83;84,cross-format-mapped,1.0,models/XBeach/manual-notes/xbeach-master-manual.md;models/XBeach/source-analysis/xbeach_vegetation.md;models/XBeach/source-analysis/xbeach_ship_waves.md;PROPOSED: models/XBeach/manual-notes/xbeach-manual-discrepancies.md,,[]
XH035,xbeach-kingsday-technical-reference-2015-v1.22-r4567,XBeach_manual_kingsday.docx.txt,"1500,1508-1511,2328-2333",contradiction,"Output prose uses 'tspoint' instead of table/example 'tspoints' and says missing tintm inherits tintg, while the table defaults tintm to 'tstop−tstart'.",output,document-both-source-statements-as-an-internal-conflict; do-not-select-a-value,conflict-register-addition-required,XH084,probable,0.4789,88;97;98,86;95;96,cross-format-retrieval-candidate,0.0,models/XBeach/manual-notes/xbeach-master-manual.md;models/XBeach/source-analysis/xbeach_output.md;PROPOSED: models/XBeach/manual-notes/xbeach-manual-discrepancies.md,,[]
XH036,xbeach-kingsday-technical-reference-2015-v1.22-r4567,XBeach_manual_kingsday.docx.txt,"197-198,1572-1581,2323",contradiction,"Release notes announce single-precision NetCDF output by default, while the parameter table defaults to 'fortran' and the NetCDF example declares double-precision physical fields.",build-mpi-version,document-both-source-statements-as-an-internal-conflict; do-not-select-a-value,conflict-register-addition-required,XH083,probable,0.3022,9,7,cross-format-partial,0.125,models/XBeach/source-analysis/xbeach_infrastructure.md;PROPOSED: models/XBeach/manual-notes/xbeach-document-version-drift.md;PROPOSED: models/XBeach/manual-notes/xbeach-manual-discrepancies.md,,[]
XH037,xbeach-kingsday-technical-reference-2015-v1.22-r4567,XBeach_manual_kingsday.docx.txt,1724,documented_prescribed_bathymetry,"With setbathy enabled, initial bathymetry comes from setbathyfile instead of depfile and 'morphology=0' is advised because prescribed changes override computed morphology.",morphology-bed-composition-avalanching,merge-with-existing-canonical-as-edition-scoped-manual-fact,existing-merge-target; retain compound finding as one denominator row,XH087,probable,0.4401,42;115;116,40;113;114,cross-format-retrieval-candidate,0.0,models/XBeach/manual-notes/xbeach-master-manual.md;models/XBeach/source-analysis/xbeach_morphology.md;models/XBeach/source-analysis/xbeach_avalanching.md;models/XBeach/source-analysis/xbeach-morphology-foundation.md,,[]
XH038,xbeach-kingsday-technical-reference-2015-v1.22-r4567,XBeach_manual_kingsday.docx.txt,"1758,1764,1813",documented_numerics,"Surfbeat wave transport uses second-order upwind reconstruction and explicit integration, while shallow-water mass and momentum use a second-order explicit leapfrog scheme.",sediment-transport,merge-with-existing-canonical-as-edition-scoped-manual-fact,existing-merge-target; retain compound finding as one denominator row,,unresolved,0.2628,6;121;136,frontmatter-physical-6;119;134,cross-format-retrieval-candidate,0.0,models/XBeach/manual-notes/xbeach-master-manual.md;models/XBeach/source-analysis/xbeach_morphology.md;models/XBeach/source-analysis/xbeach_intrawave_sediment_transport.md,,[]
XH039,xbeach-kingsday-technical-reference-2015-v1.22-r4567,XBeach_manual_kingsday.docx.txt,1825-1829,documented_groundwater_numerics,"Infiltration uses first-order schemes with backward-Euler wetting-front updates and describes bed pressure as 'high-pass filtered at 4/Trep', a filter description requiring later verification.",groundwater,merge-with-existing-canonical-as-edition-scoped-manual-fact,existing-merge-target; retain compound finding as one denominator row,XH091,probable,0.34,34;49;126,32;47;124,cross-format-retrieval-candidate,0.0,models/XBeach/manual-notes/xbeach-master-manual.md;models/XBeach/source-analysis/xbeach_groundwater.md,,[]
XH040,xbeach-kingsday-technical-reference-2015-v1.22-r4567,XBeach_manual_kingsday.docx.txt,1891-1893,documented_groundwater_solver,"The groundwater pressure system is tridiagonal and solved by Thomas in 1D, but has five diagonals and uses Stone's Strongly Implicit Procedure in 2D.",groundwater,merge-with-existing-canonical-as-edition-scoped-manual-fact,existing-merge-target; retain compound finding as one denominator row,XH091,probable,0.381,11;56;129,9;54;127,cross-format-retrieval-candidate,0.0,models/XBeach/manual-notes/xbeach-master-manual.md;models/XBeach/source-analysis/xbeach_groundwater.md,,[]
XH041,xbeach-kingsday-technical-reference-2015-v1.22-r4567,XBeach_manual_kingsday.docx.txt,"1999-2010,2022,2072",documented_nonhydrostatic_numerics,"The limited MacCormack predictor-corrector is second order in smooth regions and first order near discontinuities, with formally first-order source and turbulent-stress time integration.",nonhydrostatic-physics-numerics,merge-with-existing-canonical-as-edition-scoped-manual-fact,existing-merge-target; retain compound finding as one denominator row,XH093,probable,0.3072,136;138;139,134;136;137,cross-format-retrieval-candidate,0.0,models/XBeach/manual-notes/xbeach-master-manual.md;models/XBeach/source-analysis/xbeach_nonh.md;models/XBeach/source-analysis/xbeach_solver.md;models/XBeach/source-analysis/xbeach_flow_solver.md,,[]
XH042,xbeach-kingsday-technical-reference-2015-v1.22-r4567,XBeach_manual_kingsday.docx.txt,"2135-2137,2141-2151",documented_constants_defaults,"Defaults include 'depthscale=1', 'g=9.81 m/s²', 'rho=1025 kg/m³', directional bins '10°', directional limits '−90° to 90°' and Cartesian 'thetanaut=0'.",modes-grid-coordinates,merge-with-existing-canonical-as-edition-scoped-manual-fact,existing-merge-target; retain compound finding as one denominator row,XH076,high,0.8673,55;56;57,53;54;55,cross-format-retrieval-candidate,0.0,models/XBeach/manual-notes/xbeach-master-manual.md;models/XBeach/source-analysis/xbeach_mode_dispatch.md;models/XBeach/source-analysis/xbeach_single_dir.md;models/XBeach/source-analysis/xbeach_params.md,,[]
XH043,xbeach-kingsday-technical-reference-2015-v1.22-r4567,XBeach_manual_kingsday.docx.txt,2173-2205,documented_wave_input_defaults,"Wave-input defaults include 'taper=100 s', 'dtbc=1 s' unaffected by morfac, 'rt=3600 s', 'nmax=0.8', 'sprdthr=0.08', 'trepfac=0.01', 'Hrms=1 m', 'Tlong=80 s', 'Trep=10 s' and 'wavint=60 s'.",morphology-bed-composition-avalanching,merge-with-existing-canonical-as-edition-scoped-manual-fact,existing-merge-target; retain compound finding as one denominator row,XH077,probable,0.4029,62;63;68,60;61;66,cross-format-retrieval-candidate,0.0,models/XBeach/manual-notes/xbeach-master-manual.md;models/XBeach/source-analysis/xbeach_morphology.md;models/XBeach/source-analysis/xbeach_avalanching.md;models/XBeach/source-analysis/xbeach-morphology-foundation.md,,[]
XH044,xbeach-kingsday-technical-reference-2015-v1.22-r4567,XBeach_manual_kingsday.docx.txt,2190-2196,documented_jonswap_defaults,"JONSWAP defaults are 'Hm0=0 m', 'fp=0.08 Hz', 'gammajsp=3.3', 's=10', 'mainang=270°', 'fnyq=0.3 Hz' and 'dfj=fnyq/200'.",wave-boundary-spectra,merge-with-existing-canonical-as-edition-scoped-manual-fact,existing-merge-target; retain compound finding as one denominator row,XH077,probable,0.5416,63;64;68,61;62;66,cross-format-retrieval-candidate,0.0,models/XBeach/manual-notes/xbeach-master-manual.md;models/XBeach/source-analysis/xbeach_wave_boundary_generation.md;models/XBeach/source-analysis/wave/xbeach_wave_boundary.md;models/XBeach/source-analysis/wave/xbeach-boundary-and-wave-setup.md;models/XBeach/source-analysis/xbeach_swan_handoff.md,,[]
XH045,xbeach-kingsday-technical-reference-2015-v1.22-r4567,XBeach_manual_kingsday.docx.txt,2269-2287,documented_wind_sediment_defaults,"Defaults are 'Cd=0.002', 'rhoa=1.25 kg/m³', 'windv=0', 'D15=0.00015 m', 'D50=0.0002 m', 'D90=0.0003 m', layer thicknesses '0.1 m', 'nd=3', 'ngd=1', 'por=0.4' and 'rhos=2650 kg/m³'.",sediment-transport,merge-with-existing-canonical-as-edition-scoped-manual-fact,existing-merge-target; retain compound finding as one denominator row,XH080,high,0.7346,43;78;79,41;76;77,cross-format-retrieval-candidate,0.0,models/XBeach/manual-notes/xbeach-master-manual.md;models/XBeach/source-analysis/xbeach_morphology.md;models/XBeach/source-analysis/xbeach_intrawave_sediment_transport.md,,[]
XH046,xbeach-kingsday-technical-reference-2015-v1.22-r4567,XBeach_manual_kingsday.docx.txt,2574-2595,documented_numerical_defaults,"Defaults include 'CFL=0.7', stationary 'maxerror=5e−5 m' and 'maxiter=500', 'scheme=upwind_2', 'beta=0.1', 'roller=1', 'cats=4 Trep', 'hwci=0.1 m', 'eps=0.005 m', 'hmin=0.2 m' and 'secorder=0'.",nonhydrostatic-physics-numerics,merge-with-existing-canonical-as-edition-scoped-manual-fact,existing-merge-target; retain compound finding as one denominator row,XH085,high,0.7825,100;101;108;109;110,98;99;106;107;108,cross-format-mapped,0.935593,models/XBeach/manual-notes/xbeach-master-manual.md;models/XBeach/source-analysis/xbeach_nonh.md;models/XBeach/source-analysis/xbeach_solver.md;models/XBeach/source-analysis/xbeach_flow_solver.md,,[]
XH047,xbeach-kingsday-technical-reference-2015-v1.22-r4567,XBeach_manual_kingsday.docx.txt,2599-2631,documented_transport_defaults,"Transport defaults include 'Tsmin=0.5 s', 'facAs=facSk=facua=0.1', 'form=vanthiel_vanrijn', 'reposeangle=30°', 'tsfac=0.1', 'turb=bore_averaged', 'waveform=vanthiel', 'z0=0.006 m', 'cmax=0.1', 'sourcesink=0' and 'thetanum=1'.",sediment-transport,merge-with-existing-canonical-as-edition-scoped-manual-fact,existing-merge-target; retain compound finding as one denominator row,XH086,high,0.8215,111;112;113;114,109;110;111;112,cross-format-mapped,0.92967,models/XBeach/manual-notes/xbeach-master-manual.md;models/XBeach/source-analysis/xbeach_morphology.md;models/XBeach/source-analysis/xbeach_intrawave_sediment_transport.md,,[]
XH048,xbeach-kingsday-technical-reference-2015-v1.22-r4567,XBeach_manual_kingsday.docx.txt,2633-2638,documented_layer_defaults,"Bed-layer controls default to 'frac_dz=0.7', merge threshold '0.01', split threshold '1.01' and variable-layer index '2'.",morphology-bed-composition-avalanching,merge-with-existing-canonical-as-edition-scoped-manual-fact,existing-merge-target; retain compound finding as one denominator row,XH087,high,0.6273,116,114,cross-format-mapped,0.922078,models/XBeach/manual-notes/xbeach-master-manual.md;models/XBeach/source-analysis/xbeach_morphology.md;models/XBeach/source-analysis/xbeach_avalanching.md;models/XBeach/source-analysis/xbeach-morphology-foundation.md,,[]
XH049,xbeach-kingsday-technical-reference-2015-v1.22-r4567,XBeach_manual_kingsday.docx.txt,2640-2653,documented_groundwater_defaults,"Groundwater defaults include aquifer bottom '−10 m', 'dwetlayer=0.1 m', 'gw0=0 m', 'gwReturb=100', parabolic head, laminar flow, hydrostatic pressure and 'kx=ky=kz=0.0001 m/s'.",groundwater,merge-with-existing-canonical-as-edition-scoped-manual-fact,existing-merge-target; retain compound finding as one denominator row,XH088,high,0.6812,116;117,114;115,cross-format-mapped,0.782383,models/XBeach/manual-notes/xbeach-master-manual.md;models/XBeach/source-analysis/xbeach_groundwater.md,,[]
XH050,xbeach-kingsday-technical-reference-2015-v1.22-r4567,XBeach_manual_kingsday.docx.txt,2655-2669,documented_nonhydrostatic_defaults,"Non-hydrostatic defaults include 'Topt=10 s', 'breakviscfac=1.5', 'breakvisclen=1', 'dispc=1', 'maxbrsteep=0.6', 'nhbreaker=2', 'solver=tridiag', 'solver_acc=0.005', 'solver_maxit=30' and 'solver_urelax=0.92'.",nonhydrostatic-physics-numerics,merge-with-existing-canonical-as-edition-scoped-manual-fact,existing-merge-target; retain compound finding as one denominator row,XH089,high,0.7888,118;119,116;117,cross-format-mapped,0.868132,models/XBeach/manual-notes/xbeach-master-manual.md;models/XBeach/source-analysis/xbeach_nonh.md;models/XBeach/source-analysis/xbeach_solver.md;models/XBeach/source-analysis/xbeach_flow_solver.md,,[]
XH051,xbeach-kingsday-technical-reference-2015-v1.22-r4567,XBeach_manual_kingsday.docx.txt,2671-2676,documented_coriolis_mpi_defaults,"The tables specify 'lat=0°', 'wearth=0.0417 hour⁻1' defined as reciprocal rotation time, and MPI defaults 'mpiboundary=auto', 'mmpi=2', 'nmpi=4'.",build-mpi-version,add-source-and-version-scoped-manual-fact,gap,XH090,high,0.7423,119;120,117;118,cross-format-mapped,0.946809,models/XBeach/source-analysis/xbeach_infrastructure.md;PROPOSED: models/XBeach/manual-notes/xbeach-document-version-drift.md,,[]
XH052,xbeach-kingsday-technical-reference-2015-v1.22-r4567,XBeach_manual_kingsday.md,"313-326,344-390",applicability,"One-dimensional operation uses ny=0 and one directional bin with snells=1, stationary mode omits infragravity motions, and non-hydrostatic sandy-beach morphology is described as unvalidated.",morphology-bed-composition-avalanching,merge-with-existing-canonical-as-edition-scoped-manual-fact,existing-merge-target; retain compound finding as one denominator row,XH001,probable,0.3375,11;12;13;14;15;16,9;10;11;12;13;14,direct-pdf-representation,0.976223,models/XBeach/manual-notes/xbeach-master-manual.md;models/XBeach/source-analysis/xbeach_morphology.md;models/XBeach/source-analysis/xbeach_avalanching.md;models/XBeach/source-analysis/xbeach-morphology-foundation.md,,[]
XH053,xbeach-kingsday-technical-reference-2015-v1.22-r4567,XBeach_manual_kingsday.md,"470,5085-5087",contradiction,"The physics prose says wci=1 disables wave-current interaction, whereas the parameter table gives wci=0 as the default disabling switch.",wave-action-breaking-roller-friction,merge-document-conflict-with-frozen-source-snapshot-adjudication,source-code-adjudication-complete; retain-document-version-scope,XH003,high,0.8162,18;109,16;107,direct-pdf-representation,1.0,models/XBeach/manual-notes/xbeach-master-manual.md;models/XBeach/source-analysis/xbeach_wave_action_balance.md;models/XBeach/source-analysis/xbeach_wave_breaking.md;models/XBeach/source-analysis/xbeach_wave_functions.md;PROPOSED: models/XBeach/manual-notes/xbeach-manual-discrepancies.md,wci,"[{""canonical_ready_ko"": ""기록된 소스 snapshot의 surfbeat 경로에서 wci=1은 흐름에 따른 파랑 굴절/수심 처리를 활성화하고, 0은 흐름 유속 기울기를 0으로 둔다. 입력 기본값은 0이다. 문서의 wci=1을 no interaction으로 설명한 문구를 현재 구현 설명으로 사용하지 않는다."", ""evidence"": [{""line_end"": 138, ""line_start"": 131, ""path"": ""models/XBeach/raw/source_code/trunk/src/xbeachlibrary/wave_instationary.F90"", ""sha256"": ""9584b6ec2138353aba65991a4ec570b4b794554485cea43915c6071e9e2ed45a""}, {""line_end"": 177, ""line_start"": 167, ""path"": ""models/XBeach/raw/source_code/trunk/src/xbeachlibrary/wave_instationary.F90"", ""sha256"": ""9584b6ec2138353aba65991a4ec570b4b794554485cea43915c6071e9e2ed45a""}, {""line_end"": 674, ""line_start"": 669, ""path"": ""models/XBeach/raw/source_code/trunk/src/xbeachlibrary/params.F90"", ""sha256"": ""73648b5733a8f90a8f18cda32743bdc2ef42f649e39c521e28e06584ee63c359""}], ""finding_binding"": {""finding_exact"": ""The physics prose says wci=1 disables wave-current interaction, whereas the parameter table gives wci=0 as the default disabling switch."", ""finding_id"": ""XH053"", ""finding_sha256"": ""258af82a5ac387feb8d18f0f3d7bcd129e45481aa517753345a893c0ecc46f1b"", ""scope"": ""Only the named parameter or algorithm within this compound finding is adjudicated; other clauses retain their documentary disposition.""}, ""finding_bindings"": [{""finding_exact"": ""The prose associates 'wci=1' with no wave-current interaction, whereas the parameter table describes wci as enabling interaction and gives default '0'."", ""finding_id"": ""XH003"", ""finding_sha256"": ""ee356c93be53cb3abfe9a25c5aa6fa15f9eaa5b18b51fab8fc5d25458468d0f8"", ""scope"": ""Only the named parameter or algorithm within this compound finding is adjudicated; other clauses retain their documentary disposition.""}, {""finding_exact"": ""The physics prose says wci=1 disables wave-current interaction, whereas the parameter table gives wci=0 as the default disabling switch."", ""finding_id"": ""XH053"", ""finding_sha256"": ""258af82a5ac387feb8d18f0f3d7bcd129e45481aa517753345a893c0ecc46f1b"", ""scope"": ""Only the named parameter or algorithm within this compound finding is adjudicated; other clauses retain their documentary disposition.""}, {""finding_exact"": ""The wave-action prose associates wci=1 with no interaction, whereas the exercise and parameter table associate it with enabled interaction."", ""finding_id"": ""XH097"", ""finding_sha256"": ""ec58c60aa98007f12e5db0419a51ef8acfeb353e710cd6f21e16e87d13a79bec"", ""scope"": ""Only the named parameter or algorithm within this compound finding is adjudicated; other clauses retain their documentary disposition.""}, {""finding_exact"": ""The physics text associates wci=1 with no wave-current interaction, whereas the parameter table describes switching interaction on and gives default wci=0."", ""finding_id"": ""XH131"", ""finding_sha256"": ""fb2255b28d1c8bf409df74f74c05aa155f8e62eb2704fb4f99da672e8691b469"", ""scope"": ""Only the named parameter or algorithm within this compound finding is adjudicated; other clauses retain their documentary disposition.""}], ""finding_ids"": [""XH003"", ""XH053"", ""XH097"", ""XH131""], ""scope"": ""frozen local source snapshot; historical PDF/DOC contradictions remain edition-specific"", ""source_artifact"": ""_staging/total-read/model-audit/XBeach/closure/manual-code-adjudications.json"", ""source_artifact_sha256"": ""56075b0e74b75050881292c5a95cca17813b4570457f3585a614d7f34c9f16fa"", ""topic"": ""wci""}]"
XH054,xbeach-kingsday-technical-reference-2015-v1.22-r4567,XBeach_manual_kingsday.md,"613,1962,3152-3154",contradiction,"The physics prose calls Tm01switch=1 the default, but the parameter table gives 0.",parameter-defaults-mixed,document-both-source-statements-as-an-internal-conflict; do-not-select-a-value,conflict-register-addition-required,XH004,high,0.7681,20;36;61,18;34;59,direct-pdf-representation,1.0,models/XBeach/manual-notes/xbeach-master-manual.md;models/XBeach/source-analysis/xbeach_params.md;PROPOSED: models/XBeach/manual-notes/xbeach-manual-discrepancies.md,,[]
XH055,xbeach-kingsday-technical-reference-2015-v1.22-r4567,XBeach_manual_kingsday.md,"613-691,3668-3730",documented_fact,"Breaking defaults include break=roelvink2, alpha=1, gamma=0.55, gamma2=0.3, gammax=2 and n=10, while the cited calibration concerns roelvink1 and the text distinguishes H³/h from H² dissipation scaling.",nonhydrostatic-physics-numerics,merge-with-existing-canonical-as-edition-scoped-manual-fact,existing-merge-target; retain compound finding as one denominator row,XH005,high,0.6762,20;75;76,18;73;74,direct-pdf-representation,1.0,models/XBeach/manual-notes/xbeach-master-manual.md;models/XBeach/source-analysis/xbeach_nonh.md;models/XBeach/source-analysis/xbeach_solver.md;models/XBeach/source-analysis/xbeach_flow_solver.md,,[]
XH056,xbeach-kingsday-technical-reference-2015-v1.22-r4567,XBeach_manual_kingsday.md,"811,827-885",documented_fact,"The text gives uorb=πHrms/(Tp sinh(kh)), frictional dissipation coefficients 0.21 for wave groups and 0.28 for stationary waves, and reef wave-friction factors potentially at least 10 times the current-friction factor.",nonhydrostatic-physics-numerics,merge-with-existing-canonical-as-edition-scoped-manual-fact,existing-merge-target; retain compound finding as one denominator row,,unresolved,0.2369,21;22,19;20,direct-pdf-representation,0.940653,models/XBeach/manual-notes/xbeach-master-manual.md;models/XBeach/source-analysis/xbeach_nonh.md;models/XBeach/source-analysis/xbeach_solver.md;models/XBeach/source-analysis/xbeach_flow_solver.md,,[]
XH057,xbeach-kingsday-technical-reference-2015-v1.22-r4567,XBeach_manual_kingsday.md,"1018-1123,1188",documented_fact,"The alternative waveform uses eight harmonics, w=1 for skewness and w=0 for asymmetry, and the Ruessink option is incompatible with bore-averaged turbulence.",wave-action-breaking-roller-friction,merge-with-existing-canonical-as-edition-scoped-manual-fact,existing-merge-target; retain compound finding as one denominator row,XH007,high,0.6305,24;25,22;23,direct-pdf-representation,1.0,models/XBeach/manual-notes/xbeach-master-manual.md;models/XBeach/source-analysis/xbeach_wave_action_balance.md;models/XBeach/source-analysis/xbeach_wave_breaking.md;models/XBeach/source-analysis/xbeach_wave_functions.md,,[]
XH058,xbeach-kingsday-technical-reference-2015-v1.22-r4567,XBeach_manual_kingsday.md,"1226-1236,1280-1292",documented_fact,The manual gives roller dissipation Dr=2gβrEr/c and GLM velocities uL=uE+uS and vL=vE+vS with Stokes components proportional to Ew/(ρhc).,nonhydrostatic-physics-numerics,merge-with-existing-canonical-as-edition-scoped-manual-fact,existing-merge-target; retain compound finding as one denominator row,,unresolved,0.2486,26;27,24;25,direct-pdf-representation,1.0,models/XBeach/manual-notes/xbeach-master-manual.md;models/XBeach/source-analysis/xbeach_nonh.md;models/XBeach/source-analysis/xbeach_solver.md;models/XBeach/source-analysis/xbeach_flow_solver.md,,[]
XH059,xbeach-kingsday-technical-reference-2015-v1.22-r4567,XBeach_manual_kingsday.md,"1373,3758-3772",contradiction,"The Smagorinsky description treats nuh=0.1 as a dimensionless coefficient, whereas its parameter table assigns nuh units of m²/s.",flow-friction-viscosity,merge-document-conflict-with-frozen-source-snapshot-adjudication,source-code-adjudication-complete; retain-document-version-scope,XH008,probable,0.5475,27;77,25;75,direct-pdf-representation,1.0,models/XBeach/manual-notes/xbeach-master-manual.md;models/XBeach/source-analysis/xbeach_bed_friction.md;models/XBeach/source-analysis/xbeach_flow_solver.md;PROPOSED: models/XBeach/manual-notes/xbeach-manual-discrepancies.md,nuh,"[{""canonical_ready_ko"": ""nuh는 smag 분기에 따라 의미가 달라진다. smag=1에서 par%nuh는 무차원 Smagorinsky 계수로 제곱되어 격자면적·변형률에 곱해지고, smag=0에서는 출력 점성계수 s%nuh에 직접 대입되어 m²/s 값으로 쓰인다. 해당 snapshot 입력 기본값은 nuh=0.1, smag=1이다. s%nuh 출력의 단위와 par%nuh 입력의 조건부 단위를 구분한다."", ""evidence"": [{""line_end"": 377, ""line_start"": 365, ""path"": ""models/XBeach/raw/source_code/trunk/src/xbeachlibrary/flow_timestep.F90"", ""sha256"": ""50742b601cc8feccd513cf742ca772b6021f1d4f5ffe074c4e8ffc90907dd2b2""}, {""line_end"": 1023, ""line_start"": 1008, ""path"": ""models/XBeach/raw/source_code/trunk/src/xbeachlibrary/flow_timestep.F90"", ""sha256"": ""50742b601cc8feccd513cf742ca772b6021f1d4f5ffe074c4e8ffc90907dd2b2""}, {""line_end"": 1062, ""line_start"": 1047, ""path"": ""models/XBeach/raw/source_code/trunk/src/xbeachlibrary/flow_timestep.F90"", ""sha256"": ""50742b601cc8feccd513cf742ca772b6021f1d4f5ffe074c4e8ffc90907dd2b2""}, {""line_end"": 748, ""line_start"": 743, ""path"": ""models/XBeach/raw/source_code/trunk/src/xbeachlibrary/params.F90"", ""sha256"": ""73648b5733a8f90a8f18cda32743bdc2ef42f649e39c521e28e06584ee63c359""}], ""finding_binding"": {""finding_exact"": ""The Smagorinsky description treats nuh=0.1 as a dimensionless coefficient, whereas its parameter table assigns nuh units of m²/s."", ""finding_id"": ""XH059"", ""finding_sha256"": ""8cebacefbced2769bf64ed6098b87b15d7592f15a6fcb5f9402c6be1e9430914"", ""scope"": ""Only the named parameter or algorithm within this compound finding is adjudicated; other clauses retain their documentary disposition.""}, ""finding_bindings"": [{""finding_exact"": ""The prose identifies 'nuh=0.1' as the dimensionless Smagorinsky constant when 'smag=1', but the table labels the same input as background viscosity in m²/s."", ""finding_id"": ""XH008"", ""finding_sha256"": ""7b02b86d2485948aff3e766b0f50ccf1b293176f1837781ad12fd17a29eee13b"", ""scope"": ""Only the named parameter or algorithm within this compound finding is adjudicated; other clauses retain their documentary disposition.""}, {""finding_exact"": ""The Smagorinsky description treats nuh=0.1 as a dimensionless coefficient, whereas its parameter table assigns nuh units of m²/s."", ""finding_id"": ""XH059"", ""finding_sha256"": ""8cebacefbced2769bf64ed6098b87b15d7592f15a6fcb5f9402c6be1e9430914"", ""scope"": ""Only the named parameter or algorithm within this compound finding is adjudicated; other clauses retain their documentary disposition.""}, {""finding_exact"": ""Typical Chezy C=55, Manning n=0.02 and ks=0.01–0.15 m conflict with default chezy/bedfriccoef=0.01, changed from Kingsday 0.003, while nuh=0.1 is described both as a Smagorinsky constant and dimensional viscosity."", ""finding_id"": ""XH100"", ""finding_sha256"": ""7ff3d3b0c111ba454ed89b506c8e80c0efff9873cb38a56ae3b6b174c67492fd"", ""scope"": ""Only the named parameter or algorithm within this compound finding is adjudicated; other clauses retain their documentary disposition.""}, {""finding_exact"": ""The text gives Chezy C=55 and Manning n=0.02, while the default bedfriccoef is 0.01 rather than Kingsday's 0.003 and nuh=0.1 is described both as a coefficient and as a dimensional viscosity."", ""finding_id"": ""XH135"", ""finding_sha256"": ""07ad19ea57c3ab7f209570a9601bb0e673dca02e147bed5149643301fa4dc9aa"", ""scope"": ""Only the named parameter or algorithm within this compound finding is adjudicated; other clauses retain their documentary disposition.""}], ""finding_ids"": [""XH008"", ""XH059"", ""XH100"", ""XH135""], ""scope"": ""frozen local source snapshot; historical PDF/DOC contradictions remain edition-specific"", ""source_artifact"": ""_staging/total-read/model-audit/XBeach/closure/manual-code-adjudications.json"", ""source_artifact_sha256"": ""56075b0e74b75050881292c5a95cca17813b4570457f3585a614d7f34c9f16fa"", ""topic"": ""nuh""}]"
XH060,xbeach-kingsday-technical-reference-2015-v1.22-r4567,XBeach_manual_kingsday.md,"1413-1482,3742-3754",contradiction,"The prose gives cf=0.003 and Chezy C=55 with cf=g/C², but the table pairs default bedfriction=chezy with bedfriccoef=0.003.",flow-friction-viscosity,merge-document-conflict-with-frozen-source-snapshot-adjudication,source-code-adjudication-complete; retain-document-version-scope,XH009,high,0.7107,28;29;77,26;27;75,direct-pdf-representation,1.0,models/XBeach/manual-notes/xbeach-master-manual.md;models/XBeach/source-analysis/xbeach_bed_friction.md;models/XBeach/source-analysis/xbeach_flow_solver.md;PROPOSED: models/XBeach/manual-notes/xbeach-manual-discrepancies.md,bedfriction,"[{""canonical_ready_ko"": ""마찰 파일을 쓰지 않는 조건에서 기본 계수는 선택한 마찰식에 종속된다: Chezy는 55, cf는 0.003, Manning은 0.02, White-Colebrook은 0.01이다. Chezy 분기는 g/C²로 cf를 계산하므로 Chezy C에 0.003을 넣는 것은 cf=0.003과 동등하지 않다. 문서 변환으로 깨진 마찰 공식은 이 소스식으로 원문을 복원했다고 주장하지 않고 별도 제외한다."", ""evidence"": [{""line_end"": 727, ""line_start"": 707, ""path"": ""models/XBeach/raw/source_code/trunk/src/xbeachlibrary/params.F90"", ""sha256"": ""73648b5733a8f90a8f18cda32743bdc2ef42f649e39c521e28e06584ee63c359""}, {""line_end"": 75, ""line_start"": 68, ""path"": ""models/XBeach/raw/source_code/trunk/src/xbeachlibrary/bedroughness.F90"", ""sha256"": ""508ccef2919d203a716f831f4ffd80a57068562eab747a00a94da802a840dfef""}], ""finding_binding"": {""finding_exact"": ""The prose gives cf=0.003 and Chezy C=55 with cf=g/C², but the table pairs default bedfriction=chezy with bedfriccoef=0.003."", ""finding_id"": ""XH060"", ""finding_sha256"": ""c1854c066319a31f4ec22c996427b910710e17301f62934c218fa135bc5bcc4c"", ""scope"": ""Only the named parameter or algorithm within this compound finding is adjudicated; other clauses retain their documentary disposition.""}, ""finding_bindings"": [{""finding_exact"": ""The friction table pairs 'chezy' with '55 m½/s' and 'cf' with '0.003', but the input table defaults to 'bedfriction=chezy' and 'bedfriccoef=0.003'."", ""finding_id"": ""XH009"", ""finding_sha256"": ""00d69e076c2179faab7bec3d67de4522696dcc50a673d696cf4a19d6d2d1a07e"", ""scope"": ""Only the named parameter or algorithm within this compound finding is adjudicated; other clauses retain their documentary disposition.""}, {""finding_exact"": ""The prose gives cf=0.003 and Chezy C=55 with cf=g/C², but the table pairs default bedfriction=chezy with bedfriccoef=0.003."", ""finding_id"": ""XH060"", ""finding_sha256"": ""c1854c066319a31f4ec22c996427b910710e17301f62934c218fa135bc5bcc4c"", ""scope"": ""Only the named parameter or algorithm within this compound finding is adjudicated; other clauses retain their documentary disposition.""}, {""finding_exact"": ""Typical Chezy C=55, Manning n=0.02 and ks=0.01–0.15 m conflict with default chezy/bedfriccoef=0.01, changed from Kingsday 0.003, while nuh=0.1 is described both as a Smagorinsky constant and dimensional viscosity."", ""finding_id"": ""XH100"", ""finding_sha256"": ""7ff3d3b0c111ba454ed89b506c8e80c0efff9873cb38a56ae3b6b174c67492fd"", ""scope"": ""Only the named parameter or algorithm within this compound finding is adjudicated; other clauses retain their documentary disposition.""}, {""finding_exact"": ""The text gives Chezy C=55 and Manning n=0.02, while the default bedfriccoef is 0.01 rather than Kingsday's 0.003 and nuh=0.1 is described both as a coefficient and as a dimensional viscosity."", ""finding_id"": ""XH135"", ""finding_sha256"": ""07ad19ea57c3ab7f209570a9601bb0e673dca02e147bed5149643301fa4dc9aa"", ""scope"": ""Only the named parameter or algorithm within this compound finding is adjudicated; other clauses retain their documentary disposition.""}, {""finding_exact"": ""The extracted friction formulas show cf=g/C and a Manning exponent of 1/12, differing from expected squared-C notation and Kingsday's 1/3 exponent, requiring verification against the original equations before use."", ""finding_id"": ""XH136"", ""finding_sha256"": ""c3150634994a4b05ea608a625be7efa726de2db5ed104f63b28894a74ac81cdc"", ""scope"": ""Only the named parameter or algorithm within this compound finding is adjudicated; other clauses retain their documentary disposition.""}], ""finding_ids"": [""XH009"", ""XH060"", ""XH100"", ""XH135"", ""XH136""], ""scope"": ""frozen local source snapshot; historical PDF/DOC contradictions remain edition-specific"", ""source_artifact"": ""_staging/total-read/model-audit/XBeach/closure/manual-code-adjudications.json"", ""source_artifact_sha256"": ""56075b0e74b75050881292c5a95cca17813b4570457f3585a614d7f34c9f16fa"", ""topic"": ""bedfriction""}]"
XH061,xbeach-kingsday-technical-reference-2015-v1.22-r4567,XBeach_manual_kingsday.md,1413-1482,documented_fact,"Other friction defaults are Manning n=0.02, White-Colebrook roughness 0.01 m and D90=0.0003 m, with Manning cf=gn²/h^(1/3) and grain roughness ks=3D90.",flow-friction-viscosity,merge-with-existing-canonical-as-edition-scoped-manual-fact,existing-merge-target; retain compound finding as one denominator row,XH010,high,0.6135,28;29,26;27,direct-pdf-representation,1.0,models/XBeach/manual-notes/xbeach-master-manual.md;models/XBeach/source-analysis/xbeach_bed_friction.md;models/XBeach/source-analysis/xbeach_flow_solver.md,,[]
XH062,xbeach-kingsday-technical-reference-2015-v1.22-r4567,XBeach_manual_kingsday.md,1628-1884,applicability,"Groundwater exchange is omitted from momentum, infiltration is instantaneous, aquifer-bottom flux is zero, and the non-hydrostatic groundwater option approximates rather than resolves vertical profiles.",groundwater,merge-with-existing-canonical-as-edition-scoped-manual-fact,existing-merge-target; retain compound finding as one denominator row,,unresolved,0.2576,31;32;33;34;35,29;30;31;32;33,direct-pdf-representation,1.0,models/XBeach/manual-notes/xbeach-master-manual.md;models/XBeach/source-analysis/xbeach_groundwater.md,,[]
XH063,xbeach-kingsday-technical-reference-2015-v1.22-r4567,XBeach_manual_kingsday.md,"1894-1920,5250",contradiction,"The adaptation-time equation uses Ts=max(fTs h/ws,Tsmin), whereas the parameter description prints Ts=tsfac+h/ws, an operator discrepancy requiring original-page verification.",parameter-defaults-mixed,merge-document-conflict-with-frozen-source-snapshot-adjudication,source-code-adjudication-complete; retain-document-version-scope,,unresolved,0.2795,35;36;113,33;34;111,direct-pdf-representation,1.0,models/XBeach/manual-notes/xbeach-master-manual.md;models/XBeach/source-analysis/xbeach_params.md;PROPOSED: models/XBeach/manual-notes/xbeach-manual-discrepancies.md,adaptation-time,"[{""canonical_ready_ko"": ""기록된 구현은 먼저 Ts=tsfac*hloc/w를 계산하고 oldTsmin=1이면 max(Ts,Tsmin), 그 밖에는 max(Ts,dtlimTs*dt)를 취한다. 더하기가 아니다. snapshot의 oldTsmin 기본값은 0, dtlimTs는 5이며 이 조건에서 Tsmin을 공통 고정 하한이라고 설명하지 않는다."", ""evidence"": [{""line_end"": 1513, ""line_start"": 1506, ""path"": ""models/XBeach/raw/source_code/trunk/src/xbeachlibrary/morphevolution.F90"", ""sha256"": ""765f474008f7cb843353dc0790cc3f3ebdc00631353da7592e2bb0508e968391""}, {""line_end"": 1425, ""line_start"": 1420, ""path"": ""models/XBeach/raw/source_code/trunk/src/xbeachlibrary/params.F90"", ""sha256"": ""73648b5733a8f90a8f18cda32743bdc2ef42f649e39c521e28e06584ee63c359""}], ""finding_binding"": {""finding_exact"": ""The adaptation-time equation uses Ts=max(fTs h/ws,Tsmin), whereas the parameter description prints Ts=tsfac+h/ws, an operator discrepancy requiring original-page verification."", ""finding_id"": ""XH063"", ""finding_sha256"": ""f25b8e217e5a374f6d649c1c46f87b6af8d95ebfee43ea74769135f39a6f2911"", ""scope"": ""Only the named parameter or algorithm within this compound finding is adjudicated; other clauses retain their documentary disposition.""}, ""finding_bindings"": [{""finding_exact"": ""The adaptation-time equation uses Ts=max(fTs h/ws,Tsmin), whereas the parameter description prints Ts=tsfac+h/ws, an operator discrepancy requiring original-page verification."", ""finding_id"": ""XH063"", ""finding_sha256"": ""f25b8e217e5a374f6d649c1c46f87b6af8d95ebfee43ea74769135f39a6f2911"", ""scope"": ""Only the named parameter or algorithm within this compound finding is adjudicated; other clauses retain their documentary disposition.""}, {""finding_exact"": ""The adaptation-time formulation uses max(fTs*h/ws,Tsmin), but the parameter table prints tsfac+h/ws with default tsfac=0.1."", ""finding_id"": ""XH138"", ""finding_sha256"": ""6a8c66c632cc158f0a7cb3ef3bbac1ab580742b27c61100cf0d7b919eccc1c8c"", ""scope"": ""Only the named parameter or algorithm within this compound finding is adjudicated; other clauses retain their documentary disposition.""}], ""finding_ids"": [""XH063"", ""XH138""], ""scope"": ""frozen local source snapshot; historical PDF/DOC contradictions remain edition-specific"", ""source_artifact"": ""_staging/total-read/model-audit/XBeach/closure/manual-code-adjudications.json"", ""source_artifact_sha256"": ""56075b0e74b75050881292c5a95cca17813b4570457f3585a614d7f34c9f16fa"", ""topic"": ""adaptation-time""}]"
XH064,xbeach-kingsday-technical-reference-2015-v1.22-r4567,XBeach_manual_kingsday.md,1988-2055,documented_fact,"Sediment stirring adds 1.45kb to squared orbital velocity, hindered settling uses wsred=(1-C)^αws, and each bed/suspended equilibrium component is capped at 0.5Cmax.",sediment-transport,merge-with-existing-canonical-as-edition-scoped-manual-fact,existing-merge-target; retain compound finding as one denominator row,XH007,probable,0.3135,37,35,direct-pdf-representation,1.0,models/XBeach/manual-notes/xbeach-master-manual.md;models/XBeach/source-analysis/xbeach_morphology.md;models/XBeach/source-analysis/xbeach_intrawave_sediment_transport.md,,[]
XH065,xbeach-kingsday-technical-reference-2015-v1.22-r4567,XBeach_manual_kingsday.md,2062-2239,documented_fact,"Soulsby transport uses exponent 2.4 and coefficients 0.005/0.012, while van Thiel–van Rijn uses bed exponent 1.5, suspended exponent 2.4 and coefficients 0.015/0.012.",sediment-transport,merge-with-existing-canonical-as-edition-scoped-manual-fact,existing-merge-target; retain compound finding as one denominator row,,unresolved,0.2918,38;39,36;37,direct-pdf-representation,1.0,models/XBeach/manual-notes/xbeach-master-manual.md;models/XBeach/source-analysis/xbeach_morphology.md;models/XBeach/source-analysis/xbeach_intrawave_sediment_transport.md,,[]
XH066,xbeach-kingsday-technical-reference-2015-v1.22-r4567,XBeach_manual_kingsday.md,"2120,2138-2164,2277-2310",contradiction,"At the stated T=20°C and ν=10^-6 m²/s, extracted critical-velocity branches show D50≤0.0005 m versus D50>0.05 m and overlapping current-threshold intervals, so their applicability bounds need source verification.",sediment-transport,document-both-source-statements-as-an-internal-conflict; do-not-select-a-value,conflict-register-addition-required,XH012,probable,0.3869,38;39,36;37,direct-pdf-representation,1.0,models/XBeach/manual-notes/xbeach-master-manual.md;models/XBeach/source-analysis/xbeach_morphology.md;models/XBeach/source-analysis/xbeach_intrawave_sediment_transport.md;PROPOSED: models/XBeach/manual-notes/xbeach-manual-discrepancies.md,,[]
XH067,xbeach-kingsday-technical-reference-2015-v1.22-r4567,XBeach_manual_kingsday.md,"2368-2422,5230-5240",contradiction,"The dilatancy prose says critical Shields stress is reduced while describing inhibited erosion, and the accompanying positive correction uses rheeA=0.75 for continuum motion or 1.7 otherwise with pormax=0.5.",sediment-transport,merge-document-conflict-with-frozen-source-snapshot-adjudication,source-code-adjudication-complete; retain-document-version-scope,XH013,high,0.5858,40;113,38;111,direct-pdf-representation,1.0,models/XBeach/manual-notes/xbeach-master-manual.md;models/XBeach/source-analysis/xbeach_morphology.md;models/XBeach/source-analysis/xbeach_intrawave_sediment_transport.md;PROPOSED: models/XBeach/manual-notes/xbeach-manual-discrepancies.md,dilatancy,"[{""canonical_ready_ko"": ""이 snapshot에서 dilatancy=1일 때 srfRhee는 erosion velocity와 (pormax-por), rheeA 등에 비례한다. 양의 침투계수·밀도비 및 pormax>=por 조건에서는 srfRhee>=0이고, 경사 효과를 끄면 srfTotal=1+srfRhee이다. 이에 따라 임계 bed-load 속도는 Ucr*sqrt(srfTotal), 경사 total 모드가 아닌 suspended-load 속도는 Ucr*(1+sqrt(srfRhee))로 증가한다. 코드 주석의 A는 단일입자 3/4, 연속체 1/(1-n0)이며 입력 rheeA 기본값은 0.75이다. 문서의 감소 설명과 수식/주석 모순은 이 구현과 구분해 기록한다."", ""evidence"": [{""line_end"": 1553, ""line_start"": 1539, ""path"": ""models/XBeach/raw/source_code/trunk/src/xbeachlibrary/morphevolution.F90"", ""sha256"": ""765f474008f7cb843353dc0790cc3f3ebdc00631353da7592e2bb0508e968391""}, {""line_end"": 1599, ""line_start"": 1593, ""path"": ""models/XBeach/raw/source_code/trunk/src/xbeachlibrary/morphevolution.F90"", ""sha256"": ""765f474008f7cb843353dc0790cc3f3ebdc00631353da7592e2bb0508e968391""}, {""line_end"": 1119, ""line_start"": 1114, ""path"": ""models/XBeach/raw/source_code/trunk/src/xbeachlibrary/params.F90"", ""sha256"": ""73648b5733a8f90a8f18cda32743bdc2ef42f649e39c521e28e06584ee63c359""}], ""finding_binding"": {""finding_exact"": ""The dilatancy prose says critical Shields stress is reduced while describing inhibited erosion, and the accompanying positive correction uses rheeA=0.75 for continuum motion or 1.7 otherwise with pormax=0.5."", ""finding_id"": ""XH067"", ""finding_sha256"": ""73cbe62ffb43df801b5c386695c488b8c471ce772e981187856206f3ae67a8bc"", ""scope"": ""Only the named parameter or algorithm within this compound finding is adjudicated; other clauses retain their documentary disposition.""}, ""finding_bindings"": [{""finding_exact"": ""Dilatancy is said to hinder erosion by reducing the critical Shields number, a direction requiring verification, with 'rheeA=0.75' by default versus approximately '1.7' for a continuum and 'pormax=0.5'."", ""finding_id"": ""XH013"", ""finding_sha256"": ""8c8a96f02e0eb7058ee1076bd69616b0f026e8018088869a1cb62c65b919d262"", ""scope"": ""Only the named parameter or algorithm within this compound finding is adjudicated; other clauses retain their documentary disposition.""}, {""finding_exact"": ""The dilatancy prose says critical Shields stress is reduced while describing inhibited erosion, and the accompanying positive correction uses rheeA=0.75 for continuum motion or 1.7 otherwise with pormax=0.5."", ""finding_id"": ""XH067"", ""finding_sha256"": ""73cbe62ffb43df801b5c386695c488b8c471ce772e981187856206f3ae67a8bc"", ""scope"": ""Only the named parameter or algorithm within this compound finding is adjudicated; other clauses retain their documentary disposition.""}, {""finding_exact"": ""The sediment calculation fixes T=20°C and ν=10^-6 m²/s, while dilatancy still claims to reduce critical Shields stress and assigns A=0.75 to individual particles and 1.7 to a continuum, reversing the Kingsday assignment."", ""finding_id"": ""XH103"", ""finding_sha256"": ""9a9be952de8857b973c1754d1731db3637eb434d7e5c6c52fa744f6190457aea"", ""scope"": ""Only the named parameter or algorithm within this compound finding is adjudicated; other clauses retain their documentary disposition.""}, {""finding_exact"": ""The text assumes T=20 and nu=1e-6, defines ua=(fSk*Sk-fAs*As)*urms, and assigns dilatancy A=0.75 to a single particle and A=1.7 to a continuum, reversing the Kingsday assignments."", ""finding_id"": ""XH141"", ""finding_sha256"": ""4e0e8b0bd5465b280ce9289957885308a3bcf69a9fa152e97e0c7c1bd67c4d1c"", ""scope"": ""Only the named parameter or algorithm within this compound finding is adjudicated; other clauses retain their documentary disposition.""}], ""finding_ids"": [""XH013"", ""XH067"", ""XH103"", ""XH141""], ""scope"": ""frozen local source snapshot; historical PDF/DOC contradictions remain edition-specific"", ""source_artifact"": ""_staging/total-read/model-audit/XBeach/closure/manual-code-adjudications.json"", ""source_artifact_sha256"": ""56075b0e74b75050881292c5a95cca17813b4570457f3585a614d7f34c9f16fa"", ""topic"": ""dilatancy""}]"
XH068,xbeach-kingsday-technical-reference-2015-v1.22-r4567,XBeach_manual_kingsday.md,2464-2480,parameter_drift,The slope correction gives facsl=1.6 but repeats soulsby_total where the two transport-specific slope options should be distinguished.,sediment-transport,record-as-edition-or-parameter-drift; do-not-generalize-to-current-code,version-crosswalk-addition-required,XH014,high,0.5518,41,39,direct-pdf-representation,1.0,models/XBeach/manual-notes/xbeach-master-manual.md;models/XBeach/source-analysis/xbeach_morphology.md;models/XBeach/source-analysis/xbeach_intrawave_sediment_transport.md;PROPOSED: models/XBeach/manual-notes/xbeach-manual-discrepancies.md,,[]
XH069,xbeach-kingsday-technical-reference-2015-v1.22-r4567,XBeach_manual_kingsday.md,"2593-2619,3895-3949",documented_fact,"Morphological acceleration is described as order 1–10, with defaults morfac=1, morfacopt=1, dryslp=1, wetslp=0.3, hswitch=0.1 m, dzmax=0.05, morstart=120 and morstop=2000.",morphology-bed-composition-avalanching,merge-with-existing-canonical-as-edition-scoped-manual-fact,existing-merge-target; retain compound finding as one denominator row,XH016,high,0.6403,42;43;80;81,40;41;78;79,direct-pdf-representation,1.0,models/XBeach/manual-notes/xbeach-master-manual.md;models/XBeach/source-analysis/xbeach_morphology.md;models/XBeach/source-analysis/xbeach_avalanching.md;models/XBeach/source-analysis/xbeach-morphology-foundation.md,,[]
XH070,xbeach-kingsday-technical-reference-2015-v1.22-r4567,XBeach_manual_kingsday.md,"3895,3927-3935",contradiction,"The prose calls morstart and morstop hydrodynamic times, whereas their table labels them morphological times.",morphology-bed-composition-avalanching,document-both-source-statements-as-an-internal-conflict; do-not-select-a-value,conflict-register-addition-required,XH032,probable,0.3878,80;81,78;79,direct-pdf-representation,1.0,models/XBeach/manual-notes/xbeach-master-manual.md;models/XBeach/source-analysis/xbeach_morphology.md;models/XBeach/source-analysis/xbeach_avalanching.md;models/XBeach/source-analysis/xbeach-morphology-foundation.md;PROPOSED: models/XBeach/manual-notes/xbeach-manual-discrepancies.md,,[]
XH071,xbeach-kingsday-technical-reference-2015-v1.22-r4567,XBeach_manual_kingsday.md,"2672-2674,3815,5333",contradiction,"The conceptual description permits the breathing layer at the top or bottom, while setup requires at least three layers and the ndvar table has a minimum of 2.",morphology-bed-composition-avalanching,document-both-source-statements-as-an-internal-conflict; do-not-select-a-value,conflict-register-addition-required,XH017,high,0.6605,43;44;78;116,41;42;76;114,direct-pdf-representation,1.0,models/XBeach/manual-notes/xbeach-master-manual.md;models/XBeach/source-analysis/xbeach_morphology.md;models/XBeach/source-analysis/xbeach_avalanching.md;models/XBeach/source-analysis/xbeach-morphology-foundation.md;PROPOSED: models/XBeach/manual-notes/xbeach-manual-discrepancies.md,,[]
XH072,xbeach-kingsday-technical-reference-2015-v1.22-r4567,XBeach_manual_kingsday.md,"2701-2802,3502-3516",applicability,"Landward wave entry is excluded, stationary waves require Neumann lateral boundaries, abs1d assumes one-dimensional behavior, cyclic boundaries require one alongshore MPI domain, and wbcversion=3 spectra must share time discretization and format.",build-mpi-version,add-source-and-version-scoped-manual-fact,gap,XH018,probable,0.4603,46;47;48;49;50;71,44;45;46;47;48;69,direct-pdf-representation,0.991357,models/XBeach/source-analysis/xbeach_infrastructure.md;PROPOSED: models/XBeach/manual-notes/xbeach-document-version-drift.md,,[]
XH073,xbeach-kingsday-technical-reference-2015-v1.22-r4567,XBeach_manual_kingsday.md,"2808,3601-3628,4689-4726",contradiction,"Tide-corner ordering differs between prose and output tables, tideloc=1 is described both as all corners and offshore only, tideloc=3 appears only in the table, and paulrevere changes from numeric 0/1 to land/sea.",output,document-both-source-statements-as-an-internal-conflict; do-not-select-a-value,conflict-register-addition-required,XH029,probable,0.3658,50;73;74;94,48;71;72;92,direct-pdf-representation,1.0,models/XBeach/manual-notes/xbeach-master-manual.md;models/XBeach/source-analysis/xbeach_output.md;PROPOSED: models/XBeach/manual-notes/xbeach-manual-discrepancies.md,,[]
XH074,xbeach-kingsday-technical-reference-2015-v1.22-r4567,XBeach_manual_kingsday.md,2823-2827,documented_fact,Discharge is prescribed in m³/s with sign distinguishing inflow from outflow and is introduced with zero vertical momentum.,flow-tide-discharge-boundaries,merge-with-existing-canonical-as-edition-scoped-manual-fact,existing-merge-target; retain compound finding as one denominator row,XH020,probable,0.4687,51,49,direct-pdf-representation,1.0,models/XBeach/manual-notes/xbeach-master-manual.md;models/XBeach/source-analysis/xbeach_flow_boundary_conditions.md;models/XBeach/source-analysis/xbeach_tide_forcing.md,,[]
XH075,xbeach-kingsday-technical-reference-2015-v1.22-r4567,XBeach_manual_kingsday.md,"2859,2960-3064",contradiction,"Grid arrays require (nx+1)×(ny+1) entries and positive-up bathymetry is documented as posdwn=-1, but the example uses posdwn=0.",modes-grid-coordinates,merge-document-conflict-with-frozen-source-snapshot-adjudication,source-code-adjudication-complete; retain-document-version-scope,XH021,high,0.5563,53;55;56;57,51;53;54;55,direct-pdf-representation,1.0,models/XBeach/manual-notes/xbeach-master-manual.md;models/XBeach/source-analysis/xbeach_mode_dispatch.md;models/XBeach/source-analysis/xbeach_single_dir.md;models/XBeach/source-analysis/xbeach_params.md;PROPOSED: models/XBeach/manual-notes/xbeach-manual-discrepancies.md,posdwn,"[{""canonical_ready_ko"": ""문서의 규약은 양의 아래 방향 수심 posdwn=1, 양의 위 방향 고도 posdwn=-1로 구분해야 한다. 실제 snapshot은 s%zb=-s%zb*s%posdwn으로 내부 바닥고를 만들며 ±1에서 이 규약을 따른다. 예제의 posdwn=0을 그대로 넣으면 변환 곱이 0이 되어 해당 초기화 경로의 바닥고가 0으로 소거된다. 0을 -1의 별칭으로 보지 않는다."", ""evidence"": [{""line_end"": 160, ""line_start"": 155, ""path"": ""models/XBeach/raw/source_code/trunk/src/xbeachlibrary/params.F90"", ""sha256"": ""73648b5733a8f90a8f18cda32743bdc2ef42f649e39c521e28e06584ee63c359""}, {""line_end"": 55, ""line_start"": 40, ""path"": ""models/XBeach/raw/source_code/trunk/src/xbeachlibrary/initialize.F90"", ""sha256"": ""9803067bd2fa4962d9e2247f6e8b5f87e18a9860802595424183994a715523cd""}, {""line_end"": 249, ""line_start"": 240, ""path"": ""models/XBeach/raw/source_code/trunk/src/xbeachlibrary/initialize.F90"", ""sha256"": ""9803067bd2fa4962d9e2247f6e8b5f87e18a9860802595424183994a715523cd""}], ""finding_binding"": {""finding_exact"": ""Grid arrays require (nx+1)×(ny+1) entries and positive-up bathymetry is documented as posdwn=-1, but the example uses posdwn=0."", ""finding_id"": ""XH075"", ""finding_sha256"": ""c6e6d5b995927ef10cf37f559226dee3584e3d1c02b514631008afaa85e984ab"", ""scope"": ""Only the named parameter or algorithm within this compound finding is adjudicated; other clauses retain their documentary disposition.""}, ""finding_bindings"": [{""finding_exact"": ""The example uses negative underwater elevations with 'posdwn=0', while the table specifies '−1' for positive-up data."", ""finding_id"": ""XH022"", ""finding_sha256"": ""f82111f2f0dafe3cb2f5f0d4ec87cce5d2d3b945f77e13290b8b776ff3d1bc81"", ""scope"": ""Only the named parameter or algorithm within this compound finding is adjudicated; other clauses retain their documentary disposition.""}, {""finding_exact"": ""Grid arrays require (nx+1)×(ny+1) entries and positive-up bathymetry is documented as posdwn=-1, but the example uses posdwn=0."", ""finding_id"": ""XH075"", ""finding_sha256"": ""c6e6d5b995927ef10cf37f559226dee3584e3d1c02b514631008afaa85e984ab"", ""scope"": ""Only the named parameter or algorithm within this compound finding is adjudicated; other clauses retain their documentary disposition.""}, {""finding_exact"": ""The negative-depth example sets posdwn=0 although the parameter definition requires -1 for positive-up bathymetry."", ""finding_id"": ""XH112"", ""finding_sha256"": ""db85c7e2d52ca769abdc1cb873c5be60b35ccabc845b2cef8e0adad6664fbe9a"", ""scope"": ""Only the named parameter or algorithm within this compound finding is adjudicated; other clauses retain their documentary disposition.""}, {""finding_exact"": ""The examples and tables disagree on the upward-positive posdwn value and the angular reference axis, while Tm01switch defaults to 0 here versus 1 in Kingsday's prose."", ""finding_id"": ""XH147"", ""finding_sha256"": ""a0b993cd5bab11e9a7457ddeb2548278a2aac9d00f4f56749bfb35aaa28b988f"", ""scope"": ""Only the named parameter or algorithm within this compound finding is adjudicated; other clauses retain their documentary disposition.""}], ""finding_ids"": [""XH022"", ""XH075"", ""XH112"", ""XH147""], ""scope"": ""frozen local source snapshot; historical PDF/DOC contradictions remain edition-specific"", ""source_artifact"": ""_staging/total-read/model-audit/XBeach/closure/manual-code-adjudications.json"", ""source_artifact_sha256"": ""56075b0e74b75050881292c5a95cca17813b4570457f3585a614d7f34c9f16fa"", ""topic"": ""posdwn""}]"
XH076,xbeach-kingsday-technical-reference-2015-v1.22-r4567,XBeach_manual_kingsday.md,"2946-2958,3015-3064",documented_fact,"Grid/physical defaults include depthscale=1, g=9.81 m/s², rho=1025 kg/m³, 10° directional bins, limits -90° to 90° and Cartesian coordinates.",modes-grid-coordinates,merge-with-existing-canonical-as-edition-scoped-manual-fact,existing-merge-target; retain compound finding as one denominator row,XH042,high,0.8673,55;56;57,53;54;55,direct-pdf-representation,1.0,models/XBeach/manual-notes/xbeach-master-manual.md;models/XBeach/source-analysis/xbeach_mode_dispatch.md;models/XBeach/source-analysis/xbeach_single_dir.md;models/XBeach/source-analysis/xbeach_params.md,,[]
XH077,xbeach-kingsday-technical-reference-2015-v1.22-r4567,XBeach_manual_kingsday.md,"3164-3229,3325-3357,3413-3453",documented_fact,"Wave defaults include dtbc=1 s, rt=3600 s, nmax=0.8, sprdthr=0.08, trepfac=0.01, taper=100 s, Hrms=1 m, Trep=10 s, Tlong=80 s and JONSWAP fp=0.08 Hz, gammajsp=3.3, s=10, mainang=270°, fnyq=0.3 Hz and dfj=fnyq/200.",wave-boundary-spectra,merge-with-existing-canonical-as-edition-scoped-manual-fact,existing-merge-target; retain compound finding as one denominator row,XH044,high,0.583,61;62;63;64;68;69,59;60;61;62;66;67,direct-pdf-representation,1.0,models/XBeach/manual-notes/xbeach-master-manual.md;models/XBeach/source-analysis/xbeach_wave_boundary_generation.md;models/XBeach/source-analysis/wave/xbeach_wave_boundary.md;models/XBeach/source-analysis/wave/xbeach-boundary-and-wave-setup.md;models/XBeach/source-analysis/xbeach_swan_handoff.md,,[]
XH078,xbeach-kingsday-technical-reference-2015-v1.22-r4567,XBeach_manual_kingsday.md,"3170,3357,3386",contradiction,"dthetaS_XB is described relative to East in one place and model x in another, while vardens uses Cartesian directions 0° along +x and 90° along +y.",wave-boundary-spectra,merge-document-conflict-with-frozen-source-snapshot-adjudication,source-code-adjudication-complete; retain-document-version-scope,XH024,probable,0.4945,61;65;67,59;63;65,direct-pdf-representation,1.0,models/XBeach/manual-notes/xbeach-master-manual.md;models/XBeach/source-analysis/xbeach_wave_boundary_generation.md;models/XBeach/source-analysis/wave/xbeach_wave_boundary.md;models/XBeach/source-analysis/wave/xbeach-boundary-and-wave-setup.md;models/XBeach/source-analysis/xbeach_swan_handoff.md;PROPOSED: models/XBeach/manual-notes/xbeach-manual-discrepancies.md,dthetaS_XB,"[{""canonical_ready_ko"": ""SWAN 스펙트럼을 읽는 이 코드에서 dthetaS_XB는 Cartesian SWAN x축에서 East x축으로 회전하는 반시계 각도이다. Cartesian 입력은 specin%ang에서 이 값을 빼고, nautical 입력은 270-angle로 변환하는 별도 분기를 쓴다. 매뉴얼 산문의 XBeach x축 표기를 이 매개변수의 실제 참조축으로 일반화하지 않는다."", ""evidence"": [{""line_end"": 919, ""line_start"": 910, ""path"": ""models/XBeach/raw/source_code/trunk/src/xbeachlibrary/wave_boundary_update.f90"", ""sha256"": ""9c364a2c916f034338044b542c0231f412553812a16c11346a6bcc98319a80c7""}, {""line_end"": 485, ""line_start"": 481, ""path"": ""models/XBeach/raw/source_code/trunk/src/xbeachlibrary/params.F90"", ""sha256"": ""73648b5733a8f90a8f18cda32743bdc2ef42f649e39c521e28e06584ee63c359""}], ""finding_binding"": {""finding_exact"": ""dthetaS_XB is described relative to East in one place and model x in another, while vardens uses Cartesian directions 0° along +x and 90° along +y."", ""finding_id"": ""XH078"", ""finding_sha256"": ""13bd927829c9991b94feac5df08e8b54a5af97a6cb25b06f55cdd168ea937fb7"", ""scope"": ""Only the named parameter or algorithm within this compound finding is adjudicated; other clauses retain their documentary disposition.""}, ""finding_bindings"": [{""finding_exact"": ""The prose defines dthetaS_XB as rotation from SWAN to the XBeach x-axis, whereas the parameter table defines rotation to the east-pointing axis."", ""finding_id"": ""XH023"", ""finding_sha256"": ""15a3a8294bf3ca2e48719f5303322b824bd74b75c2858e553715cf2292275d14"", ""scope"": ""Only the named parameter or algorithm within this compound finding is adjudicated; other clauses retain their documentary disposition.""}, {""finding_exact"": ""dthetaS_XB is described relative to East in one place and model x in another, while vardens uses Cartesian directions 0° along +x and 90° along +y."", ""finding_id"": ""XH078"", ""finding_sha256"": ""13bd927829c9991b94feac5df08e8b54a5af97a6cb25b06f55cdd168ea937fb7"", ""scope"": ""Only the named parameter or algorithm within this compound finding is adjudicated; other clauses retain their documentary disposition.""}, {""finding_exact"": ""dthetaS_XB rotates SWAN x into model x in the prose but into East in the table."", ""finding_id"": ""XH113"", ""finding_sha256"": ""c0b97ca803666b848ca1ee14eb8089f3154b8047a15470ef479cc14038e8f6f4"", ""scope"": ""Only the named parameter or algorithm within this compound finding is adjudicated; other clauses retain their documentary disposition.""}, {""finding_exact"": ""The examples and tables disagree on the upward-positive posdwn value and the angular reference axis, while Tm01switch defaults to 0 here versus 1 in Kingsday's prose."", ""finding_id"": ""XH147"", ""finding_sha256"": ""a0b993cd5bab11e9a7457ddeb2548278a2aac9d00f4f56749bfb35aaa28b988f"", ""scope"": ""Only the named parameter or algorithm within this compound finding is adjudicated; other clauses retain their documentary disposition.""}], ""finding_ids"": [""XH023"", ""XH078"", ""XH113"", ""XH147""], ""scope"": ""frozen local source snapshot; historical PDF/DOC contradictions remain edition-specific"", ""source_artifact"": ""_staging/total-read/model-audit/XBeach/closure/manual-code-adjudications.json"", ""source_artifact_sha256"": ""56075b0e74b75050881292c5a95cca17813b4570457f3585a614d7f34c9f16fa"", ""topic"": ""dthetaS_XB""}]"
XH079,xbeach-kingsday-technical-reference-2015-v1.22-r4567,XBeach_manual_kingsday.md,"2735,3469-3473",contradiction,"The ts_nonh column requirements differ between the boundary description and input section, particularly for transverse and vertical velocities.",wave-boundary-spectra,document-both-source-statements-as-an-internal-conflict; do-not-select-a-value,conflict-register-addition-required,XH026,high,0.5787,47;69;70,45;67;68,direct-pdf-representation,0.88125,models/XBeach/manual-notes/xbeach-master-manual.md;models/XBeach/source-analysis/xbeach_wave_boundary_generation.md;models/XBeach/source-analysis/wave/xbeach_wave_boundary.md;models/XBeach/source-analysis/wave/xbeach-boundary-and-wave-setup.md;models/XBeach/source-analysis/xbeach_swan_handoff.md;PROPOSED: models/XBeach/manual-notes/xbeach-manual-discrepancies.md,,[]
XH080,xbeach-kingsday-technical-reference-2015-v1.22-r4567,XBeach_manual_kingsday.md,"3788-3804,3835-3886",documented_fact,"Defaults include wind drag Cd=0.002, air density 1.25 kg/m³, D15/D50/D90=0.00015/0.0002/0.0003 m, layer thicknesses 0.1 m, nd=3, ngd=1, porosity 0.4 and sediment density 2650 kg/m³.",sediment-transport,merge-with-existing-canonical-as-edition-scoped-manual-fact,existing-merge-target; retain compound finding as one denominator row,XH045,high,0.7346,77;78;79;80,75;76;77;78,direct-pdf-representation,1.0,models/XBeach/manual-notes/xbeach-master-manual.md;models/XBeach/source-analysis/xbeach_morphology.md;models/XBeach/source-analysis/xbeach_intrawave_sediment_transport.md,,[]
XH081,xbeach-kingsday-technical-reference-2015-v1.22-r4567,XBeach_manual_kingsday.md,3897-3899,documented_fact,"A non-erodible-layer value of 0 prohibits erosion, while the documented 10 m example represents an effectively infinitely deep structure.",parameter-defaults-mixed,merge-with-existing-canonical-as-edition-scoped-manual-fact,existing-merge-target; retain compound finding as one denominator row,XH032,probable,0.4809,80;81,78;79,direct-pdf-representation,1.0,models/XBeach/manual-notes/xbeach-master-manual.md;models/XBeach/source-analysis/xbeach_params.md,,[]
XH082,xbeach-kingsday-technical-reference-2015-v1.22-r4567,XBeach_manual_kingsday.md,4088-4110,unfinished_feature,"Ship compute_motion is stated to be unimplemented although the example sets compute_motion=1, and the documented array dimensions disagree with indexing through nx+1.",vegetation-ships,record-as-source-scoped-unfinished-feature-or-document-limit,historical-limit-addition-required,XH033,high,0.6771,85;86,83;84,direct-pdf-representation,1.0,models/XBeach/manual-notes/xbeach-master-manual.md;models/XBeach/source-analysis/xbeach_vegetation.md;models/XBeach/source-analysis/xbeach_ship_waves.md;PROPOSED: models/XBeach/manual-notes/xbeach-manual-discrepancies.md,,[]
XH083,xbeach-kingsday-technical-reference-2015-v1.22-r4567,XBeach_manual_kingsday.md,"284-285,4184-4186,4844",contradiction,"The overview claims single-precision NetCDF output, while later sections describe default Fortran output and double-precision fields.",output,document-both-source-statements-as-an-internal-conflict; do-not-select-a-value,conflict-register-addition-required,XH036,probable,0.3022,9;87;100,7;85;98,direct-pdf-representation,1.0,models/XBeach/manual-notes/xbeach-master-manual.md;models/XBeach/source-analysis/xbeach_output.md;PROPOSED: models/XBeach/manual-notes/xbeach-manual-discrepancies.md,,[]
XH084,xbeach-kingsday-technical-reference-2015-v1.22-r4567,XBeach_manual_kingsday.md,"4216,4787",contradiction,"The extracted tintm default is a collapsed tstop/tstart expression in the table, whereas the later output description says mean and point intervals inherit tintg.",output,document-both-source-statements-as-an-internal-conflict; do-not-select-a-value,conflict-register-addition-required,XH035,probable,0.4835,88;97,86;95,direct-pdf-representation,1.0,models/XBeach/manual-notes/xbeach-master-manual.md;models/XBeach/source-analysis/xbeach_output.md;PROPOSED: models/XBeach/manual-notes/xbeach-manual-discrepancies.md,,[]
XH085,xbeach-kingsday-technical-reference-2015-v1.22-r4567,XBeach_manual_kingsday.md,"4856-4862,5038-5118",documented_fact,"Numerical defaults include CFL=0.7, tstop=2000, maxerror=5×10^-5, maxiter=500, upwind=2, beta=0.1, roller=1, cats=4, hwci=0.1 m, eps=0.005 m, hmin=0.2 m and secorder=0.",nonhydrostatic-physics-numerics,merge-with-existing-canonical-as-edition-scoped-manual-fact,existing-merge-target; retain compound finding as one denominator row,XH046,high,0.7825,100;108;109;110,98;106;107;108,direct-pdf-representation,1.0,models/XBeach/manual-notes/xbeach-master-manual.md;models/XBeach/source-analysis/xbeach_nonh.md;models/XBeach/source-analysis/xbeach_solver.md;models/XBeach/source-analysis/xbeach_flow_solver.md,,[]
XH086,xbeach-kingsday-technical-reference-2015-v1.22-r4567,XBeach_manual_kingsday.md,5143-5292,documented_fact,"Transport defaults include Tsmin=0.5 s, facAs=facSk=facua=0.1, form=vanthiel_vanrijn, reposeangle=30°, tsfac=0.1, turbulence=boreavg, waveform=vanthiel, z0=0.006 m, cmax=0.1, sourcesink=0 and thetanum=1.",sediment-transport,merge-with-existing-canonical-as-edition-scoped-manual-fact,existing-merge-target; retain compound finding as one denominator row,XH047,high,0.8833,111;112;113;114,109;110;111;112,direct-pdf-representation,1.0,models/XBeach/manual-notes/xbeach-master-manual.md;models/XBeach/source-analysis/xbeach_morphology.md;models/XBeach/source-analysis/xbeach_intrawave_sediment_transport.md,,[]
XH087,xbeach-kingsday-technical-reference-2015-v1.22-r4567,XBeach_manual_kingsday.md,5313-5345,documented_fact,"setbathy overrides depfile and requires morphology=0, while bed-layer defaults include frac_dz=0.7, merge=0.01, split=1.01 and ndvar=2.",morphology-bed-composition-avalanching,merge-with-existing-canonical-as-edition-scoped-manual-fact,existing-merge-target; retain compound finding as one denominator row,XH048,high,0.6273,115;116,113;114,direct-pdf-representation,1.0,models/XBeach/manual-notes/xbeach-master-manual.md;models/XBeach/source-analysis/xbeach_morphology.md;models/XBeach/source-analysis/xbeach_avalanching.md;models/XBeach/source-analysis/xbeach-morphology-foundation.md,,[]
XH088,xbeach-kingsday-technical-reference-2015-v1.22-r4567,XBeach_manual_kingsday.md,5349-5419,documented_fact,"Groundwater defaults include aquifer depth -10 m, dwet=0.1 m, initial level 0 m, critical Reynolds number 100, parabolic head shape, laminar hydrostatic flow and kx=ky=kz=10^-4 m/s.",groundwater,merge-with-existing-canonical-as-edition-scoped-manual-fact,existing-merge-target; retain compound finding as one denominator row,XH049,high,0.6812,116;117;118,114;115;116,direct-pdf-representation,1.0,models/XBeach/manual-notes/xbeach-master-manual.md;models/XBeach/source-analysis/xbeach_groundwater.md,,[]
XH089,xbeach-kingsday-technical-reference-2015-v1.22-r4567,XBeach_manual_kingsday.md,5434-5516,documented_fact,"Non-hydrostatic defaults include Topt=10 s, viscfac=1.5, length factor 1, dispc=1, maxbrsteep=0.6, nhbreaker=2, tridiagonal solver, tolerance 0.005, 30 iterations and relaxation 0.92.",nonhydrostatic-physics-numerics,merge-with-existing-canonical-as-edition-scoped-manual-fact,existing-merge-target; retain compound finding as one denominator row,XH050,high,0.695,118;119,116;117,direct-pdf-representation,1.0,models/XBeach/manual-notes/xbeach-master-manual.md;models/XBeach/source-analysis/xbeach_nonh.md;models/XBeach/source-analysis/xbeach_solver.md;models/XBeach/source-analysis/xbeach_flow_solver.md,,[]
XH090,xbeach-kingsday-technical-reference-2015-v1.22-r4567,XBeach_manual_kingsday.md,5526-5570,documented_fact,"The final tables give latitude=0°, Earth rotation=0.0417 hour^-1, automatic MPI decomposition with mmpi=2 and nmpi=4, and rotate=1.",build-mpi-version,add-source-and-version-scoped-manual-fact,gap,XH051,high,0.7352,119;120,117;118,direct-pdf-representation,1.0,models/XBeach/source-analysis/xbeach_infrastructure.md;PROPOSED: models/XBeach/manual-notes/xbeach-document-version-drift.md,,[]
XH091,xbeach-kingsday-technical-reference-2015-v1.22-r4567,XBeach_manual_kingsday.md,"5647,6137,6172,6218,6775-6780",documented_fact,"The numerical appendix specifies second-order upwinding and leapfrog stepping, first-order backward Euler groundwater stepping, a stated high-pass period 4/Trep, Thomas solution in 1D and SIP solution in 2D.",groundwater,merge-with-existing-canonical-as-edition-scoped-manual-fact,existing-merge-target; retain compound finding as one denominator row,XH040,probable,0.4361,121;125;126;129,119;123;124;127,direct-pdf-representation,1.0,models/XBeach/manual-notes/xbeach-master-manual.md;models/XBeach/source-analysis/xbeach_groundwater.md,,[]
XH092,xbeach-kingsday-technical-reference-2015-v1.22-r4567,XBeach_manual_kingsday.md,"6872,6986,7072-7180",applicability,"Sediment erosion is explicit and deposition implicit, thetanum=1 is upwind and 0.5 central, storage effects may matter at high morfac, and lateral avalanching and bed diffusion are omitted.",morphology-bed-composition-avalanching,merge-with-existing-canonical-as-edition-scoped-manual-fact,existing-merge-target; retain compound finding as one denominator row,,unresolved,0.2888,130;131;132,128;129;130,direct-pdf-representation,0.983526,models/XBeach/manual-notes/xbeach-master-manual.md;models/XBeach/source-analysis/xbeach_morphology.md;models/XBeach/source-analysis/xbeach_avalanching.md;models/XBeach/source-analysis/xbeach-morphology-foundation.md,,[]
XH093,xbeach-kingsday-technical-reference-2015-v1.22-r4567,XBeach_manual_kingsday.md,"7547-7683,8468-8801,8879-8915,9151",documented_fact,"The non-hydrostatic scheme uses minmod ψ=max(0,min(r,1)), is second order in smooth regions and first order near sharp gradients, retains first-order source integration, and sets free-surface dynamic pressure to zero.",nonhydrostatic-physics-numerics,merge-with-existing-canonical-as-edition-scoped-manual-fact,existing-merge-target; retain compound finding as one denominator row,XH041,probable,0.4275,135;136;138;139;140;141,133;134;136;137;138;139,direct-pdf-representation,1.0,models/XBeach/manual-notes/xbeach-master-manual.md;models/XBeach/source-analysis/xbeach_nonh.md;models/XBeach/source-analysis/xbeach_solver.md;models/XBeach/source-analysis/xbeach_flow_solver.md,,[]
XH094,xbeach-master-manual-2015,XBeach_manual_master.docx.txt,"169,186-188,197,2182,2231",version_drift,"Although still labeled version 1.22 revision 4567, this edition replaces Kingsday instat selection with wavemodel and wbctype while retaining the older nonh process switch.",build-mpi-version,record-as-edition-or-parameter-drift; do-not-generalize-to-current-code,version-crosswalk-addition-required,XH128,high,0.5967,9;11;12,5;7;8,cross-format-mapped,0.838057,models/XBeach/source-analysis/xbeach_infrastructure.md;PROPOSED: models/XBeach/manual-notes/xbeach-document-version-drift.md;PROPOSED: models/XBeach/manual-notes/xbeach-manual-discrepancies.md,,[]
XH095,xbeach-master-manual-2015,XBeach_manual_master.docx.txt,"190,2228",contradiction,The blanket claim that all input times are divided by morfac conflicts with dtbc=1 s being explicitly unaffected by morfac.,morphology-bed-composition-avalanching,document-both-source-statements-as-an-internal-conflict; do-not-select-a-value,conflict-register-addition-required,XH129,probable,0.486,11,7,cross-format-mapped,0.715686,models/XBeach/manual-notes/xbeach-master-manual.md;models/XBeach/source-analysis/xbeach_morphology.md;models/XBeach/source-analysis/xbeach_avalanching.md;models/XBeach/source-analysis/xbeach-morphology-foundation.md;PROPOSED: models/XBeach/manual-notes/xbeach-manual-discrepancies.md,,[]
XH096,xbeach-master-manual-2015,XBeach_manual_master.docx.txt,194-229,applicability,"Stationary mode omits infragravity waves, 1D surfbeat uses ny=0, one directional bin omits refraction unless snells=1, and non-hydrostatic sandy morphology remains insufficiently validated.",morphology-bed-composition-avalanching,merge-with-existing-canonical-as-edition-scoped-manual-fact,existing-merge-target; retain compound finding as one denominator row,XH130,probable,0.4214,12;13;14;15;16,8;9;10;11;12,cross-format-mapped,0.998563,models/XBeach/manual-notes/xbeach-master-manual.md;models/XBeach/source-analysis/xbeach_morphology.md;models/XBeach/source-analysis/xbeach_avalanching.md;models/XBeach/source-analysis/xbeach-morphology-foundation.md,,[]
XH097,xbeach-master-manual-2015,XBeach_manual_master.docx.txt,"252,1706,2571",contradiction,"The wave-action prose associates wci=1 with no interaction, whereas the exercise and parameter table associate it with enabled interaction.",wave-action-breaking-roller-friction,merge-document-conflict-with-frozen-source-snapshot-adjudication,source-code-adjudication-complete; retain-document-version-scope,XH131,high,0.6556,17;106,13;102,cross-format-mapped,0.895349,models/XBeach/manual-notes/xbeach-master-manual.md;models/XBeach/source-analysis/xbeach_wave_action_balance.md;models/XBeach/source-analysis/xbeach_wave_breaking.md;models/XBeach/source-analysis/xbeach_wave_functions.md;PROPOSED: models/XBeach/manual-notes/xbeach-manual-discrepancies.md,wci,"[{""canonical_ready_ko"": ""기록된 소스 snapshot의 surfbeat 경로에서 wci=1은 흐름에 따른 파랑 굴절/수심 처리를 활성화하고, 0은 흐름 유속 기울기를 0으로 둔다. 입력 기본값은 0이다. 문서의 wci=1을 no interaction으로 설명한 문구를 현재 구현 설명으로 사용하지 않는다."", ""evidence"": [{""line_end"": 138, ""line_start"": 131, ""path"": ""models/XBeach/raw/source_code/trunk/src/xbeachlibrary/wave_instationary.F90"", ""sha256"": ""9584b6ec2138353aba65991a4ec570b4b794554485cea43915c6071e9e2ed45a""}, {""line_end"": 177, ""line_start"": 167, ""path"": ""models/XBeach/raw/source_code/trunk/src/xbeachlibrary/wave_instationary.F90"", ""sha256"": ""9584b6ec2138353aba65991a4ec570b4b794554485cea43915c6071e9e2ed45a""}, {""line_end"": 674, ""line_start"": 669, ""path"": ""models/XBeach/raw/source_code/trunk/src/xbeachlibrary/params.F90"", ""sha256"": ""73648b5733a8f90a8f18cda32743bdc2ef42f649e39c521e28e06584ee63c359""}], ""finding_binding"": {""finding_exact"": ""The wave-action prose associates wci=1 with no interaction, whereas the exercise and parameter table associate it with enabled interaction."", ""finding_id"": ""XH097"", ""finding_sha256"": ""ec58c60aa98007f12e5db0419a51ef8acfeb353e710cd6f21e16e87d13a79bec"", ""scope"": ""Only the named parameter or algorithm within this compound finding is adjudicated; other clauses retain their documentary disposition.""}, ""finding_bindings"": [{""finding_exact"": ""The prose associates 'wci=1' with no wave-current interaction, whereas the parameter table describes wci as enabling interaction and gives default '0'."", ""finding_id"": ""XH003"", ""finding_sha256"": ""ee356c93be53cb3abfe9a25c5aa6fa15f9eaa5b18b51fab8fc5d25458468d0f8"", ""scope"": ""Only the named parameter or algorithm within this compound finding is adjudicated; other clauses retain their documentary disposition.""}, {""finding_exact"": ""The physics prose says wci=1 disables wave-current interaction, whereas the parameter table gives wci=0 as the default disabling switch."", ""finding_id"": ""XH053"", ""finding_sha256"": ""258af82a5ac387feb8d18f0f3d7bcd129e45481aa517753345a893c0ecc46f1b"", ""scope"": ""Only the named parameter or algorithm within this compound finding is adjudicated; other clauses retain their documentary disposition.""}, {""finding_exact"": ""The wave-action prose associates wci=1 with no interaction, whereas the exercise and parameter table associate it with enabled interaction."", ""finding_id"": ""XH097"", ""finding_sha256"": ""ec58c60aa98007f12e5db0419a51ef8acfeb353e710cd6f21e16e87d13a79bec"", ""scope"": ""Only the named parameter or algorithm within this compound finding is adjudicated; other clauses retain their documentary disposition.""}, {""finding_exact"": ""The physics text associates wci=1 with no wave-current interaction, whereas the parameter table describes switching interaction on and gives default wci=0."", ""finding_id"": ""XH131"", ""finding_sha256"": ""fb2255b28d1c8bf409df74f74c05aa155f8e62eb2704fb4f99da672e8691b469"", ""scope"": ""Only the named parameter or algorithm within this compound finding is adjudicated; other clauses retain their documentary disposition.""}], ""finding_ids"": [""XH003"", ""XH053"", ""XH097"", ""XH131""], ""scope"": ""frozen local source snapshot; historical PDF/DOC contradictions remain edition-specific"", ""source_artifact"": ""_staging/total-read/model-audit/XBeach/closure/manual-code-adjudications.json"", ""source_artifact_sha256"": ""56075b0e74b75050881292c5a95cca17813b4570457f3585a614d7f34c9f16fa"", ""topic"": ""wci""}]"
XH098,xbeach-master-manual-2015,XBeach_manual_master.docx.txt,"290,315,372-386",documented_fact,"roelvink2 dissipation scales with H³/h instead of H², reef fw may exceed flow cf by at least an order of magnitude, and the eight-harmonic waveform has skewness at w=1 and asymmetry at w=0.",nonhydrostatic-physics-numerics,merge-with-existing-canonical-as-edition-scoped-manual-fact,existing-merge-target; retain compound finding as one denominator row,,unresolved,0.2942,19;20;23;24,15;16;19;20,cross-format-mapped,0.997845,models/XBeach/manual-notes/xbeach-master-manual.md;models/XBeach/source-analysis/xbeach_nonh.md;models/XBeach/source-analysis/xbeach_solver.md;models/XBeach/source-analysis/xbeach_flow_solver.md,,[]
XH099,xbeach-master-manual-2015,XBeach_manual_master.docx.txt,"386,396-402,2616",applicability,"Ruessink waveforms cannot supply bore-averaged turbulence, whose parameter names now use wave_averaged and bore_averaged rather than the Kingsday spellings.",wave-action-breaking-roller-friction,merge-with-existing-canonical-as-edition-scoped-manual-fact,existing-merge-target; retain compound finding as one denominator row,,unresolved,0.256,24,20,cross-format-mapped,0.893805,models/XBeach/manual-notes/xbeach-master-manual.md;models/XBeach/source-analysis/xbeach_wave_action_balance.md;models/XBeach/source-analysis/xbeach_wave_breaking.md;models/XBeach/source-analysis/xbeach_wave_functions.md,,[]
XH100,xbeach-master-manual-2015,XBeach_manual_master.docx.txt,"476,486-494,2573-2579",contradiction,"Typical Chezy C=55, Manning n=0.02 and ks=0.01–0.15 m conflict with default chezy/bedfriccoef=0.01, changed from Kingsday 0.003, while nuh=0.1 is described both as a Smagorinsky constant and dimensional viscosity.",flow-friction-viscosity,merge-document-conflict-with-frozen-source-snapshot-adjudication,source-code-adjudication-complete; retain-document-version-scope,XH135,high,0.6944,28,24,cross-format-partial,0.667954,models/XBeach/manual-notes/xbeach-master-manual.md;models/XBeach/source-analysis/xbeach_bed_friction.md;models/XBeach/source-analysis/xbeach_flow_solver.md;PROPOSED: models/XBeach/manual-notes/xbeach-manual-discrepancies.md,nuh;bedfriction,"[{""canonical_ready_ko"": ""nuh는 smag 분기에 따라 의미가 달라진다. smag=1에서 par%nuh는 무차원 Smagorinsky 계수로 제곱되어 격자면적·변형률에 곱해지고, smag=0에서는 출력 점성계수 s%nuh에 직접 대입되어 m²/s 값으로 쓰인다. 해당 snapshot 입력 기본값은 nuh=0.1, smag=1이다. s%nuh 출력의 단위와 par%nuh 입력의 조건부 단위를 구분한다."", ""evidence"": [{""line_end"": 377, ""line_start"": 365, ""path"": ""models/XBeach/raw/source_code/trunk/src/xbeachlibrary/flow_timestep.F90"", ""sha256"": ""50742b601cc8feccd513cf742ca772b6021f1d4f5ffe074c4e8ffc90907dd2b2""}, {""line_end"": 1023, ""line_start"": 1008, ""path"": ""models/XBeach/raw/source_code/trunk/src/xbeachlibrary/flow_timestep.F90"", ""sha256"": ""50742b601cc8feccd513cf742ca772b6021f1d4f5ffe074c4e8ffc90907dd2b2""}, {""line_end"": 1062, ""line_start"": 1047, ""path"": ""models/XBeach/raw/source_code/trunk/src/xbeachlibrary/flow_timestep.F90"", ""sha256"": ""50742b601cc8feccd513cf742ca772b6021f1d4f5ffe074c4e8ffc90907dd2b2""}, {""line_end"": 748, ""line_start"": 743, ""path"": ""models/XBeach/raw/source_code/trunk/src/xbeachlibrary/params.F90"", ""sha256"": ""73648b5733a8f90a8f18cda32743bdc2ef42f649e39c521e28e06584ee63c359""}], ""finding_binding"": {""finding_exact"": ""Typical Chezy C=55, Manning n=0.02 and ks=0.01–0.15 m conflict with default chezy/bedfriccoef=0.01, changed from Kingsday 0.003, while nuh=0.1 is described both as a Smagorinsky constant and dimensional viscosity."", ""finding_id"": ""XH100"", ""finding_sha256"": ""7ff3d3b0c111ba454ed89b506c8e80c0efff9873cb38a56ae3b6b174c67492fd"", ""scope"": ""Only the named parameter or algorithm within this compound finding is adjudicated; other clauses retain their documentary disposition.""}, ""finding_bindings"": [{""finding_exact"": ""The prose identifies 'nuh=0.1' as the dimensionless Smagorinsky constant when 'smag=1', but the table labels the same input as background viscosity in m²/s."", ""finding_id"": ""XH008"", ""finding_sha256"": ""7b02b86d2485948aff3e766b0f50ccf1b293176f1837781ad12fd17a29eee13b"", ""scope"": ""Only the named parameter or algorithm within this compound finding is adjudicated; other clauses retain their documentary disposition.""}, {""finding_exact"": ""The Smagorinsky description treats nuh=0.1 as a dimensionless coefficient, whereas its parameter table assigns nuh units of m²/s."", ""finding_id"": ""XH059"", ""finding_sha256"": ""8cebacefbced2769bf64ed6098b87b15d7592f15a6fcb5f9402c6be1e9430914"", ""scope"": ""Only the named parameter or algorithm within this compound finding is adjudicated; other clauses retain their documentary disposition.""}, {""finding_exact"": ""Typical Chezy C=55, Manning n=0.02 and ks=0.01–0.15 m conflict with default chezy/bedfriccoef=0.01, changed from Kingsday 0.003, while nuh=0.1 is described both as a Smagorinsky constant and dimensional viscosity."", ""finding_id"": ""XH100"", ""finding_sha256"": ""7ff3d3b0c111ba454ed89b506c8e80c0efff9873cb38a56ae3b6b174c67492fd"", ""scope"": ""Only the named parameter or algorithm within this compound finding is adjudicated; other clauses retain their documentary disposition.""}, {""finding_exact"": ""The text gives Chezy C=55 and Manning n=0.02, while the default bedfriccoef is 0.01 rather than Kingsday's 0.003 and nuh=0.1 is described both as a coefficient and as a dimensional viscosity."", ""finding_id"": ""XH135"", ""finding_sha256"": ""07ad19ea57c3ab7f209570a9601bb0e673dca02e147bed5149643301fa4dc9aa"", ""scope"": ""Only the named parameter or algorithm within this compound finding is adjudicated; other clauses retain their documentary disposition.""}], ""finding_ids"": [""XH008"", ""XH059"", ""XH100"", ""XH135""], ""scope"": ""frozen local source snapshot; historical PDF/DOC contradictions remain edition-specific"", ""source_artifact"": ""_staging/total-read/model-audit/XBeach/closure/manual-code-adjudications.json"", ""source_artifact_sha256"": ""56075b0e74b75050881292c5a95cca17813b4570457f3585a614d7f34c9f16fa"", ""topic"": ""nuh""}, {""canonical_ready_ko"": ""마찰 파일을 쓰지 않는 조건에서 기본 계수는 선택한 마찰식에 종속된다: Chezy는 55, cf는 0.003, Manning은 0.02, White-Colebrook은 0.01이다. Chezy 분기는 g/C²로 cf를 계산하므로 Chezy C에 0.003을 넣는 것은 cf=0.003과 동등하지 않다. 문서 변환으로 깨진 마찰 공식은 이 소스식으로 원문을 복원했다고 주장하지 않고 별도 제외한다."", ""evidence"": [{""line_end"": 727, ""line_start"": 707, ""path"": ""models/XBeach/raw/source_code/trunk/src/xbeachlibrary/params.F90"", ""sha256"": ""73648b5733a8f90a8f18cda32743bdc2ef42f649e39c521e28e06584ee63c359""}, {""line_end"": 75, ""line_start"": 68, ""path"": ""models/XBeach/raw/source_code/trunk/src/xbeachlibrary/bedroughness.F90"", ""sha256"": ""508ccef2919d203a716f831f4ffd80a57068562eab747a00a94da802a840dfef""}], ""finding_binding"": {""finding_exact"": ""Typical Chezy C=55, Manning n=0.02 and ks=0.01–0.15 m conflict with default chezy/bedfriccoef=0.01, changed from Kingsday 0.003, while nuh=0.1 is described both as a Smagorinsky constant and dimensional viscosity."", ""finding_id"": ""XH100"", ""finding_sha256"": ""7ff3d3b0c111ba454ed89b506c8e80c0efff9873cb38a56ae3b6b174c67492fd"", ""scope"": ""Only the named parameter or algorithm within this compound finding is adjudicated; other clauses retain their documentary disposition.""}, ""finding_bindings"": [{""finding_exact"": ""The friction table pairs 'chezy' with '55 m½/s' and 'cf' with '0.003', but the input table defaults to 'bedfriction=chezy' and 'bedfriccoef=0.003'."", ""finding_id"": ""XH009"", ""finding_sha256"": ""00d69e076c2179faab7bec3d67de4522696dcc50a673d696cf4a19d6d2d1a07e"", ""scope"": ""Only the named parameter or algorithm within this compound finding is adjudicated; other clauses retain their documentary disposition.""}, {""finding_exact"": ""The prose gives cf=0.003 and Chezy C=55 with cf=g/C², but the table pairs default bedfriction=chezy with bedfriccoef=0.003."", ""finding_id"": ""XH060"", ""finding_sha256"": ""c1854c066319a31f4ec22c996427b910710e17301f62934c218fa135bc5bcc4c"", ""scope"": ""Only the named parameter or algorithm within this compound finding is adjudicated; other clauses retain their documentary disposition.""}, {""finding_exact"": ""Typical Chezy C=55, Manning n=0.02 and ks=0.01–0.15 m conflict with default chezy/bedfriccoef=0.01, changed from Kingsday 0.003, while nuh=0.1 is described both as a Smagorinsky constant and dimensional viscosity."", ""finding_id"": ""XH100"", ""finding_sha256"": ""7ff3d3b0c111ba454ed89b506c8e80c0efff9873cb38a56ae3b6b174c67492fd"", ""scope"": ""Only the named parameter or algorithm within this compound finding is adjudicated; other clauses retain their documentary disposition.""}, {""finding_exact"": ""The text gives Chezy C=55 and Manning n=0.02, while the default bedfriccoef is 0.01 rather than Kingsday's 0.003 and nuh=0.1 is described both as a coefficient and as a dimensional viscosity."", ""finding_id"": ""XH135"", ""finding_sha256"": ""07ad19ea57c3ab7f209570a9601bb0e673dca02e147bed5149643301fa4dc9aa"", ""scope"": ""Only the named parameter or algorithm within this compound finding is adjudicated; other clauses retain their documentary disposition.""}, {""finding_exact"": ""The extracted friction formulas show cf=g/C and a Manning exponent of 1/12, differing from expected squared-C notation and Kingsday's 1/3 exponent, requiring verification against the original equations before use."", ""finding_id"": ""XH136"", ""finding_sha256"": ""c3150634994a4b05ea608a625be7efa726de2db5ed104f63b28894a74ac81cdc"", ""scope"": ""Only the named parameter or algorithm within this compound finding is adjudicated; other clauses retain their documentary disposition.""}], ""finding_ids"": [""XH009"", ""XH060"", ""XH100"", ""XH135"", ""XH136""], ""scope"": ""frozen local source snapshot; historical PDF/DOC contradictions remain edition-specific"", ""source_artifact"": ""_staging/total-read/model-audit/XBeach/closure/manual-code-adjudications.json"", ""source_artifact_sha256"": ""56075b0e74b75050881292c5a95cca17813b4570457f3585a614d7f34c9f16fa"", ""topic"": ""bedfriction""}]"
XH101,xbeach-master-manual-2015,XBeach_manual_master.docx.txt,"520,2182,2618",parameter_drift,"The non-hydrostatic section says waveform=nonh and swave=0, despite wavemodel=nonh elsewhere and a waveform table allowing only ruessink_vanrijn or vanthiel.",nonhydrostatic-physics-numerics,record-as-edition-or-parameter-drift; do-not-generalize-to-current-code,version-crosswalk-addition-required,XH137,probable,0.3666,30,26,cross-format-mapped,0.848315,models/XBeach/manual-notes/xbeach-master-manual.md;models/XBeach/source-analysis/xbeach_nonh.md;models/XBeach/source-analysis/xbeach_solver.md;models/XBeach/source-analysis/xbeach_flow_solver.md;PROPOSED: models/XBeach/manual-notes/xbeach-manual-discrepancies.md,,[]
XH102,xbeach-master-manual-2015,XBeach_manual_master.docx.txt,"520,546-636",applicability,"The model assumes linear dynamic pressure with zero surface pressure, neglects vertical momentum advection/diffusion in this derivation, adds infiltration instantaneously and imposes zero groundwater flux at outer boundaries.",groundwater,merge-with-existing-canonical-as-edition-scoped-manual-fact,existing-merge-target; retain compound finding as one denominator row,XH137,probable,0.4892,30;31;32;33;34;35,26;27;28;29;30;31,cross-format-mapped,0.995319,models/XBeach/manual-notes/xbeach-master-manual.md;models/XBeach/source-analysis/xbeach_groundwater.md,,[]
XH103,xbeach-master-manual-2015,XBeach_manual_master.docx.txt,"697,741-745",contradiction,"The sediment calculation fixes T=20°C and ν=10^-6 m²/s, while dilatancy still claims to reduce critical Shields stress and assigns A=0.75 to individual particles and 1.7 to a continuum, reversing the Kingsday assignment.",sediment-transport,merge-document-conflict-with-frozen-source-snapshot-adjudication,source-code-adjudication-complete; retain-document-version-scope,XH141,high,0.692,38;40;41,34;36;37,cross-format-mapped,1.0,models/XBeach/manual-notes/xbeach-master-manual.md;models/XBeach/source-analysis/xbeach_morphology.md;models/XBeach/source-analysis/xbeach_intrawave_sediment_transport.md;PROPOSED: models/XBeach/manual-notes/xbeach-manual-discrepancies.md,dilatancy,"[{""canonical_ready_ko"": ""이 snapshot에서 dilatancy=1일 때 srfRhee는 erosion velocity와 (pormax-por), rheeA 등에 비례한다. 양의 침투계수·밀도비 및 pormax>=por 조건에서는 srfRhee>=0이고, 경사 효과를 끄면 srfTotal=1+srfRhee이다. 이에 따라 임계 bed-load 속도는 Ucr*sqrt(srfTotal), 경사 total 모드가 아닌 suspended-load 속도는 Ucr*(1+sqrt(srfRhee))로 증가한다. 코드 주석의 A는 단일입자 3/4, 연속체 1/(1-n0)이며 입력 rheeA 기본값은 0.75이다. 문서의 감소 설명과 수식/주석 모순은 이 구현과 구분해 기록한다."", ""evidence"": [{""line_end"": 1553, ""line_start"": 1539, ""path"": ""models/XBeach/raw/source_code/trunk/src/xbeachlibrary/morphevolution.F90"", ""sha256"": ""765f474008f7cb843353dc0790cc3f3ebdc00631353da7592e2bb0508e968391""}, {""line_end"": 1599, ""line_start"": 1593, ""path"": ""models/XBeach/raw/source_code/trunk/src/xbeachlibrary/morphevolution.F90"", ""sha256"": ""765f474008f7cb843353dc0790cc3f3ebdc00631353da7592e2bb0508e968391""}, {""line_end"": 1119, ""line_start"": 1114, ""path"": ""models/XBeach/raw/source_code/trunk/src/xbeachlibrary/params.F90"", ""sha256"": ""73648b5733a8f90a8f18cda32743bdc2ef42f649e39c521e28e06584ee63c359""}], ""finding_binding"": {""finding_exact"": ""The sediment calculation fixes T=20°C and ν=10^-6 m²/s, while dilatancy still claims to reduce critical Shields stress and assigns A=0.75 to individual particles and 1.7 to a continuum, reversing the Kingsday assignment."", ""finding_id"": ""XH103"", ""finding_sha256"": ""9a9be952de8857b973c1754d1731db3637eb434d7e5c6c52fa744f6190457aea"", ""scope"": ""Only the named parameter or algorithm within this compound finding is adjudicated; other clauses retain their documentary disposition.""}, ""finding_bindings"": [{""finding_exact"": ""Dilatancy is said to hinder erosion by reducing the critical Shields number, a direction requiring verification, with 'rheeA=0.75' by default versus approximately '1.7' for a continuum and 'pormax=0.5'."", ""finding_id"": ""XH013"", ""finding_sha256"": ""8c8a96f02e0eb7058ee1076bd69616b0f026e8018088869a1cb62c65b919d262"", ""scope"": ""Only the named parameter or algorithm within this compound finding is adjudicated; other clauses retain their documentary disposition.""}, {""finding_exact"": ""The dilatancy prose says critical Shields stress is reduced while describing inhibited erosion, and the accompanying positive correction uses rheeA=0.75 for continuum motion or 1.7 otherwise with pormax=0.5."", ""finding_id"": ""XH067"", ""finding_sha256"": ""73cbe62ffb43df801b5c386695c488b8c471ce772e981187856206f3ae67a8bc"", ""scope"": ""Only the named parameter or algorithm within this compound finding is adjudicated; other clauses retain their documentary disposition.""}, {""finding_exact"": ""The sediment calculation fixes T=20°C and ν=10^-6 m²/s, while dilatancy still claims to reduce critical Shields stress and assigns A=0.75 to individual particles and 1.7 to a continuum, reversing the Kingsday assignment."", ""finding_id"": ""XH103"", ""finding_sha256"": ""9a9be952de8857b973c1754d1731db3637eb434d7e5c6c52fa744f6190457aea"", ""scope"": ""Only the named parameter or algorithm within this compound finding is adjudicated; other clauses retain their documentary disposition.""}, {""finding_exact"": ""The text assumes T=20 and nu=1e-6, defines ua=(fSk*Sk-fAs*As)*urms, and assigns dilatancy A=0.75 to a single particle and A=1.7 to a continuum, reversing the Kingsday assignments."", ""finding_id"": ""XH141"", ""finding_sha256"": ""4e0e8b0bd5465b280ce9289957885308a3bcf69a9fa152e97e0c7c1bd67c4d1c"", ""scope"": ""Only the named parameter or algorithm within this compound finding is adjudicated; other clauses retain their documentary disposition.""}], ""finding_ids"": [""XH013"", ""XH067"", ""XH103"", ""XH141""], ""scope"": ""frozen local source snapshot; historical PDF/DOC contradictions remain edition-specific"", ""source_artifact"": ""_staging/total-read/model-audit/XBeach/closure/manual-code-adjudications.json"", ""source_artifact_sha256"": ""56075b0e74b75050881292c5a95cca17813b4570457f3585a614d7f34c9f16fa"", ""topic"": ""dilatancy""}]"
XH104,xbeach-master-manual-2015,XBeach_manual_master.docx.txt,"772,2594",parameter_drift,The slope-effect prose repeats soulsby_total for bed-only transport although the table explicitly provides soulsby_bed.,sediment-transport,record-as-edition-or-parameter-drift; do-not-generalize-to-current-code,version-crosswalk-addition-required,,unresolved,0.2615,41,37,cross-format-mapped,0.7,models/XBeach/manual-notes/xbeach-master-manual.md;models/XBeach/source-analysis/xbeach_morphology.md;models/XBeach/source-analysis/xbeach_intrawave_sediment_transport.md;PROPOSED: models/XBeach/manual-notes/xbeach-manual-discrepancies.md,,[]
XH105,xbeach-master-manual-2015,XBeach_manual_master.docx.txt,"791-807,1741,2630-2639",documented_fact,"Morphological acceleration is described as order 1–10 and unsuitable for accelerated alongshore tides, with defaults dryslp=1, wetslp=0.3, hswitch=0.1 m, dzmax=0.05, morfac=1 and morfacopt=1.",morphology-bed-composition-avalanching,merge-with-existing-canonical-as-edition-scoped-manual-fact,existing-merge-target; retain compound finding as one denominator row,XH142,high,0.6311,42;43;116,38;39;112,cross-format-mapped,0.825436,models/XBeach/manual-notes/xbeach-master-manual.md;models/XBeach/source-analysis/xbeach_morphology.md;models/XBeach/source-analysis/xbeach_avalanching.md;models/XBeach/source-analysis/xbeach-morphology-foundation.md,,[]
XH106,xbeach-master-manual-2015,XBeach_manual_master.docx.txt,"1741,2635-2636",contradiction,morstart=120 s and morstop=2000 s are labeled morphological times in the table but hydrodynamic times in the prose.,morphology-bed-composition-avalanching,document-both-source-statements-as-an-internal-conflict; do-not-select-a-value,conflict-register-addition-required,XH156,probable,0.541,116,112,cross-format-mapped,0.818182,models/XBeach/manual-notes/xbeach-master-manual.md;models/XBeach/source-analysis/xbeach_morphology.md;models/XBeach/source-analysis/xbeach_avalanching.md;models/XBeach/source-analysis/xbeach-morphology-foundation.md;PROPOSED: models/XBeach/manual-notes/xbeach-manual-discrepancies.md,,[]
XH107,xbeach-master-manual-2015,XBeach_manual_master.docx.txt,"812,1280,2643",contradiction,"The breathing layer may supposedly occupy the uppermost layer, but setup requires at least three layer types and nd_var has minimum index 2.",morphology-bed-composition-avalanching,document-both-source-statements-as-an-internal-conflict; do-not-select-a-value,conflict-register-addition-required,XH143,probable,0.3184,44;76,40;72,cross-format-mapped,0.97992,models/XBeach/manual-notes/xbeach-master-manual.md;models/XBeach/source-analysis/xbeach_morphology.md;models/XBeach/source-analysis/xbeach_avalanching.md;models/XBeach/source-analysis/xbeach-morphology-foundation.md;PROPOSED: models/XBeach/manual-notes/xbeach-manual-discrepancies.md,,[]
XH108,xbeach-master-manual-2015,XBeach_manual_master.docx.txt,"832,865,874-876,911",version_drift,"Wave entry remains seaward-only and abs1d is restricted to 1D, but cyclic=1 is now said to work across MPI domains, relaxing Kingsday's single-domain restriction.",build-mpi-version,record-as-edition-or-parameter-drift; do-not-generalize-to-current-code,version-crosswalk-addition-required,XH145,probable,0.3389,47;48;49;50;52,43;44;45;46;48,cross-format-mapped,0.991718,models/XBeach/source-analysis/xbeach_infrastructure.md;PROPOSED: models/XBeach/manual-notes/xbeach-document-version-drift.md;PROPOSED: models/XBeach/manual-notes/xbeach-manual-discrepancies.md,,[]
XH109,xbeach-master-manual-2015,XBeach_manual_master.docx.txt,"853,1206,2259-2261",contradiction,"ts_nonh requirements alternate between optional vertical velocity/surface elevation, mandatory u/v velocities and a t,U,Zs,W variable list.",wave-boundary-spectra,document-both-source-statements-as-an-internal-conflict; do-not-select-a-value,conflict-register-addition-required,XH144,high,0.5975,48;69,44;65,cross-format-mapped,0.871795,models/XBeach/manual-notes/xbeach-master-manual.md;models/XBeach/source-analysis/xbeach_wave_boundary_generation.md;models/XBeach/source-analysis/wave/xbeach_wave_boundary.md;models/XBeach/source-analysis/wave/xbeach-boundary-and-wave-setup.md;models/XBeach/source-analysis/xbeach_swan_handoff.md;PROPOSED: models/XBeach/manual-notes/xbeach-manual-discrepancies.md,,[]
XH110,xbeach-master-manual-2015,XBeach_manual_master.docx.txt,"894-902,1250-1262,2292-2293",contradiction,"Tide descriptions disagree on corner order and tideloc=1 landward forcing, retain numeric paulrevere=0/1 versus land/sea, and change its default from Kingsday sea to land.",flow-tide-discharge-boundaries,document-both-source-statements-as-an-internal-conflict; do-not-select-a-value,conflict-register-addition-required,XH145,probable,0.3978,51;73;74,47;69;70,cross-format-mapped,0.953887,models/XBeach/manual-notes/xbeach-master-manual.md;models/XBeach/source-analysis/xbeach_flow_boundary_conditions.md;models/XBeach/source-analysis/xbeach_tide_forcing.md;PROPOSED: models/XBeach/manual-notes/xbeach-manual-discrepancies.md,,[]
XH111,xbeach-master-manual-2015,XBeach_manual_master.docx.txt,"904-906,984-995,1144",documented_fact,"Discharges use m³/s with inward-positive domain-boundary flow and no momentum for vertical injection, grid files contain (nx+1)×(ny+1) values, and vardens angles increase from 0° along +x toward 90° along +y.",flow-tide-discharge-boundaries,merge-with-existing-canonical-as-edition-scoped-manual-fact,existing-merge-target; retain compound finding as one denominator row,XH146,probable,0.4882,51;55;56;67,47;51;52;63,cross-format-mapped,0.997714,models/XBeach/manual-notes/xbeach-master-manual.md;models/XBeach/source-analysis/xbeach_flow_boundary_conditions.md;models/XBeach/source-analysis/xbeach_tide_forcing.md,,[]
XH112,xbeach-master-manual-2015,XBeach_manual_master.docx.txt,"940,998,2201",contradiction,The negative-depth example sets posdwn=0 although the parameter definition requires -1 for positive-up bathymetry.,modes-grid-coordinates,merge-document-conflict-with-frozen-source-snapshot-adjudication,source-code-adjudication-complete; retain-document-version-scope,XH147,probable,0.4433,54;56,50;52,cross-format-partial,0.5,models/XBeach/manual-notes/xbeach-master-manual.md;models/XBeach/source-analysis/xbeach_mode_dispatch.md;models/XBeach/source-analysis/xbeach_single_dir.md;models/XBeach/source-analysis/xbeach_params.md;PROPOSED: models/XBeach/manual-notes/xbeach-manual-discrepancies.md,posdwn,"[{""canonical_ready_ko"": ""문서의 규약은 양의 아래 방향 수심 posdwn=1, 양의 위 방향 고도 posdwn=-1로 구분해야 한다. 실제 snapshot은 s%zb=-s%zb*s%posdwn으로 내부 바닥고를 만들며 ±1에서 이 규약을 따른다. 예제의 posdwn=0을 그대로 넣으면 변환 곱이 0이 되어 해당 초기화 경로의 바닥고가 0으로 소거된다. 0을 -1의 별칭으로 보지 않는다."", ""evidence"": [{""line_end"": 160, ""line_start"": 155, ""path"": ""models/XBeach/raw/source_code/trunk/src/xbeachlibrary/params.F90"", ""sha256"": ""73648b5733a8f90a8f18cda32743bdc2ef42f649e39c521e28e06584ee63c359""}, {""line_end"": 55, ""line_start"": 40, ""path"": ""models/XBeach/raw/source_code/trunk/src/xbeachlibrary/initialize.F90"", ""sha256"": ""9803067bd2fa4962d9e2247f6e8b5f87e18a9860802595424183994a715523cd""}, {""line_end"": 249, ""line_start"": 240, ""path"": ""models/XBeach/raw/source_code/trunk/src/xbeachlibrary/initialize.F90"", ""sha256"": ""9803067bd2fa4962d9e2247f6e8b5f87e18a9860802595424183994a715523cd""}], ""finding_binding"": {""finding_exact"": ""The negative-depth example sets posdwn=0 although the parameter definition requires -1 for positive-up bathymetry."", ""finding_id"": ""XH112"", ""finding_sha256"": ""db85c7e2d52ca769abdc1cb873c5be60b35ccabc845b2cef8e0adad6664fbe9a"", ""scope"": ""Only the named parameter or algorithm within this compound finding is adjudicated; other clauses retain their documentary disposition.""}, ""finding_bindings"": [{""finding_exact"": ""The example uses negative underwater elevations with 'posdwn=0', while the table specifies '−1' for positive-up data."", ""finding_id"": ""XH022"", ""finding_sha256"": ""f82111f2f0dafe3cb2f5f0d4ec87cce5d2d3b945f77e13290b8b776ff3d1bc81"", ""scope"": ""Only the named parameter or algorithm within this compound finding is adjudicated; other clauses retain their documentary disposition.""}, {""finding_exact"": ""Grid arrays require (nx+1)×(ny+1) entries and positive-up bathymetry is documented as posdwn=-1, but the example uses posdwn=0."", ""finding_id"": ""XH075"", ""finding_sha256"": ""c6e6d5b995927ef10cf37f559226dee3584e3d1c02b514631008afaa85e984ab"", ""scope"": ""Only the named parameter or algorithm within this compound finding is adjudicated; other clauses retain their documentary disposition.""}, {""finding_exact"": ""The negative-depth example sets posdwn=0 although the parameter definition requires -1 for positive-up bathymetry."", ""finding_id"": ""XH112"", ""finding_sha256"": ""db85c7e2d52ca769abdc1cb873c5be60b35ccabc845b2cef8e0adad6664fbe9a"", ""scope"": ""Only the named parameter or algorithm within this compound finding is adjudicated; other clauses retain their documentary disposition.""}, {""finding_exact"": ""The examples and tables disagree on the upward-positive posdwn value and the angular reference axis, while Tm01switch defaults to 0 here versus 1 in Kingsday's prose."", ""finding_id"": ""XH147"", ""finding_sha256"": ""a0b993cd5bab11e9a7457ddeb2548278a2aac9d00f4f56749bfb35aaa28b988f"", ""scope"": ""Only the named parameter or algorithm within this compound finding is adjudicated; other clauses retain their documentary disposition.""}], ""finding_ids"": [""XH022"", ""XH075"", ""XH112"", ""XH147""], ""scope"": ""frozen local source snapshot; historical PDF/DOC contradictions remain edition-specific"", ""source_artifact"": ""_staging/total-read/model-audit/XBeach/closure/manual-code-adjudications.json"", ""source_artifact_sha256"": ""56075b0e74b75050881292c5a95cca17813b4570457f3585a614d7f34c9f16fa"", ""topic"": ""posdwn""}]"
XH113,xbeach-master-manual-2015,XBeach_manual_master.docx.txt,"1043,2229",contradiction,dthetaS_XB rotates SWAN x into model x in the prose but into East in the table.,wave-boundary-spectra,merge-document-conflict-with-frozen-source-snapshot-adjudication,source-code-adjudication-complete; retain-document-version-scope,,unresolved,0.2387,64;65,60;61,cross-format-mapped,0.776119,models/XBeach/manual-notes/xbeach-master-manual.md;models/XBeach/source-analysis/xbeach_wave_boundary_generation.md;models/XBeach/source-analysis/wave/xbeach_wave_boundary.md;models/XBeach/source-analysis/wave/xbeach-boundary-and-wave-setup.md;models/XBeach/source-analysis/xbeach_swan_handoff.md;PROPOSED: models/XBeach/manual-notes/xbeach-manual-discrepancies.md,dthetaS_XB,"[{""canonical_ready_ko"": ""SWAN 스펙트럼을 읽는 이 코드에서 dthetaS_XB는 Cartesian SWAN x축에서 East x축으로 회전하는 반시계 각도이다. Cartesian 입력은 specin%ang에서 이 값을 빼고, nautical 입력은 270-angle로 변환하는 별도 분기를 쓴다. 매뉴얼 산문의 XBeach x축 표기를 이 매개변수의 실제 참조축으로 일반화하지 않는다."", ""evidence"": [{""line_end"": 919, ""line_start"": 910, ""path"": ""models/XBeach/raw/source_code/trunk/src/xbeachlibrary/wave_boundary_update.f90"", ""sha256"": ""9c364a2c916f034338044b542c0231f412553812a16c11346a6bcc98319a80c7""}, {""line_end"": 485, ""line_start"": 481, ""path"": ""models/XBeach/raw/source_code/trunk/src/xbeachlibrary/params.F90"", ""sha256"": ""73648b5733a8f90a8f18cda32743bdc2ef42f649e39c521e28e06584ee63c359""}], ""finding_binding"": {""finding_exact"": ""dthetaS_XB rotates SWAN x into model x in the prose but into East in the table."", ""finding_id"": ""XH113"", ""finding_sha256"": ""c0b97ca803666b848ca1ee14eb8089f3154b8047a15470ef479cc14038e8f6f4"", ""scope"": ""Only the named parameter or algorithm within this compound finding is adjudicated; other clauses retain their documentary disposition.""}, ""finding_bindings"": [{""finding_exact"": ""The prose defines dthetaS_XB as rotation from SWAN to the XBeach x-axis, whereas the parameter table defines rotation to the east-pointing axis."", ""finding_id"": ""XH023"", ""finding_sha256"": ""15a3a8294bf3ca2e48719f5303322b824bd74b75c2858e553715cf2292275d14"", ""scope"": ""Only the named parameter or algorithm within this compound finding is adjudicated; other clauses retain their documentary disposition.""}, {""finding_exact"": ""dthetaS_XB is described relative to East in one place and model x in another, while vardens uses Cartesian directions 0° along +x and 90° along +y."", ""finding_id"": ""XH078"", ""finding_sha256"": ""13bd927829c9991b94feac5df08e8b54a5af97a6cb25b06f55cdd168ea937fb7"", ""scope"": ""Only the named parameter or algorithm within this compound finding is adjudicated; other clauses retain their documentary disposition.""}, {""finding_exact"": ""dthetaS_XB rotates SWAN x into model x in the prose but into East in the table."", ""finding_id"": ""XH113"", ""finding_sha256"": ""c0b97ca803666b848ca1ee14eb8089f3154b8047a15470ef479cc14038e8f6f4"", ""scope"": ""Only the named parameter or algorithm within this compound finding is adjudicated; other clauses retain their documentary disposition.""}, {""finding_exact"": ""The examples and tables disagree on the upward-positive posdwn value and the angular reference axis, while Tm01switch defaults to 0 here versus 1 in Kingsday's prose."", ""finding_id"": ""XH147"", ""finding_sha256"": ""a0b993cd5bab11e9a7457ddeb2548278a2aac9d00f4f56749bfb35aaa28b988f"", ""scope"": ""Only the named parameter or algorithm within this compound finding is adjudicated; other clauses retain their documentary disposition.""}], ""finding_ids"": [""XH023"", ""XH078"", ""XH113"", ""XH147""], ""scope"": ""frozen local source snapshot; historical PDF/DOC contradictions remain edition-specific"", ""source_artifact"": ""_staging/total-read/model-audit/XBeach/closure/manual-code-adjudications.json"", ""source_artifact_sha256"": ""56075b0e74b75050881292c5a95cca17813b4570457f3585a614d7f34c9f16fa"", ""topic"": ""dthetaS_XB""}]"
XH114,xbeach-master-manual-2015,XBeach_manual_master.docx.txt,1147-1192,invalid_example,The vardens example declares 15 frequencies and 13 directions but supplies 16 matrix rows with 12 values each.,parameter-defaults-mixed,exclude-converted-value-or-formula-from-canonical; retain-source-warning,conversion-risk-disposition-complete,,unresolved,0.2554,67;68,63;64,cross-format-mapped,1.0,models/XBeach/manual-notes/xbeach-master-manual.md;models/XBeach/source-analysis/xbeach_params.md;PROPOSED: models/XBeach/manual-notes/xbeach-manual-discrepancies.md,,[]
XH115,xbeach-master-manual-2015,XBeach_manual_master.docx.txt,"1212,1226-1235",applicability,"Individual bichromatic frequencies remain planned work, while spatial spectra require wbcversion=3 and matching FILELIST time grids, prohibit mixed formats and interpolate energy linearly.",build-mpi-version,add-source-and-version-scoped-manual-fact,gap,XH149,high,0.6437,70;71,66;67,cross-format-mapped,1.0,models/XBeach/source-analysis/xbeach_infrastructure.md;PROPOSED: models/XBeach/manual-notes/xbeach-document-version-drift.md,,[]
XH116,xbeach-master-manual-2015,XBeach_manual_master.docx.txt,1371-1396,unfinished_feature,"compute_motion is unimplemented despite an example value of 1, moving-ship forces are called unreliable, and the ship-grid example indexes 0 through nx+1 despite stated nx+1 dimensions.",vegetation-ships,record-as-source-scoped-unfinished-feature-or-document-limit,historical-limit-addition-required,XH151,probable,0.5298,81;82,77;78,cross-format-mapped,1.0,models/XBeach/manual-notes/xbeach-master-manual.md;models/XBeach/source-analysis/xbeach_vegetation.md;models/XBeach/source-analysis/xbeach_ship_waves.md;PROPOSED: models/XBeach/manual-notes/xbeach-manual-discrepancies.md,,[]
XH117,xbeach-master-manual-2015,XBeach_manual_master.docx.txt,"1465,2351",contradiction,"The output prose makes unspecified tintm inherit tintg=1 s, whereas the table defaults tintm to tstop-tstart.",output,document-both-source-statements-as-an-internal-conflict; do-not-select-a-value,conflict-register-addition-required,,unresolved,0.2204,93,89,cross-format-mapped,0.914286,models/XBeach/manual-notes/xbeach-master-manual.md;models/XBeach/source-analysis/xbeach_output.md;PROPOSED: models/XBeach/manual-notes/xbeach-manual-discrepancies.md,,[]
XH118,xbeach-master-manual-2015,XBeach_manual_master.docx.txt,"1714,2551-2571",documented_fact,"Wave defaults include roelvink2, alpha=1, gamma=0.55, gamma2=0.3, gammax=2, n=10, fw=0, fwcutoff=1000, beta=0.1, roller=1, cats=4 and hwci=0.1 m, although gamma/n calibration is explicitly for roelvink1.",wave-action-breaking-roller-friction,merge-with-existing-canonical-as-edition-scoped-manual-fact,existing-merge-target; retain compound finding as one denominator row,XH153,probable,0.4845,107,103,cross-format-partial,0.262873,models/XBeach/manual-notes/xbeach-master-manual.md;models/XBeach/source-analysis/xbeach_wave_action_balance.md;models/XBeach/source-analysis/xbeach_wave_breaking.md;models/XBeach/source-analysis/xbeach_wave_functions.md,,[]
XH119,xbeach-master-manual-2015,XBeach_manual_master.docx.txt,"1742,1781,2641-2646",documented_fact,"ne_layer=0 prohibits erosion and 10 means 10 m of erodible cover over an infinitely deep structure, setbathy overrides depfile/morphology, and layer controls default to frac_dz=0.7, merge=0.01 and split=1.01.",morphology-bed-composition-avalanching,merge-with-existing-canonical-as-edition-scoped-manual-fact,existing-merge-target; retain compound finding as one denominator row,XH156,probable,0.3757,116;118,112;114,cross-format-mapped,0.722022,models/XBeach/manual-notes/xbeach-master-manual.md;models/XBeach/source-analysis/xbeach_morphology.md;models/XBeach/source-analysis/xbeach_avalanching.md;models/XBeach/source-analysis/xbeach-morphology-foundation.md,,[]
XH120,xbeach-master-manual-2015,XBeach_manual_master.docx.txt,"1817-1823,1872,1884-1888,1952",documented_fact,"Numerics use second-order upwind wave advection, explicit second-order leapfrog flow stepping, first-order backward Euler infiltration, a stated 4/Trep high-pass filter and Thomas/SIP groundwater solvers in 1D/2D.",groundwater,merge-with-existing-canonical-as-edition-scoped-manual-fact,existing-merge-target; retain compound finding as one denominator row,XH159,probable,0.4002,125;126;129;130;133,121;122;125;126;129,cross-format-mapped,0.990177,models/XBeach/manual-notes/xbeach-master-manual.md;models/XBeach/source-analysis/xbeach_groundwater.md,,[]
XH121,xbeach-master-manual-2015,XBeach_manual_master.docx.txt,"1968,2003-2015,2037,2069-2081",applicability,"Erosion is explicit and deposition implicit, water-column sediment storage can be distorted at high morfac, boundary avalanching and bed diffusion are omitted, and limited MacCormack order falls from two to one near discontinuities.",morphology-bed-composition-avalanching,merge-with-existing-canonical-as-edition-scoped-manual-fact,existing-merge-target; retain compound finding as one denominator row,,unresolved,0.2705,134;135;136;138;140,130;131;132;134;136,cross-format-mapped,1.0,models/XBeach/manual-notes/xbeach-master-manual.md;models/XBeach/source-analysis/xbeach_morphology.md;models/XBeach/source-analysis/xbeach_avalanching.md;models/XBeach/source-analysis/xbeach-morphology-foundation.md,,[]
XH122,xbeach-master-manual-2015,XBeach_manual_master.docx.txt,"2194-2204,2225-2258",documented_fact,"Defaults include 10° directional bins spanning -90° to 90°, Tm01switch=0, wbctype=bichrom, rt=3600 s, taper=100 s, Hrms=1 m, Trep=10 s, Tlong=80 s, nmax=0.8, sprdthr=0.08 and wbcversion=3.",build-mpi-version,add-source-and-version-scoped-manual-fact,gap,XH148,probable,0.5129,64;68;69,60;64;65,cross-format-retrieval-candidate,0.0,models/XBeach/source-analysis/xbeach_infrastructure.md;PROPOSED: models/XBeach/manual-notes/xbeach-document-version-drift.md,,[]
XH123,xbeach-master-manual-2015,XBeach_manual_master.docx.txt,"2242-2248,2301-2318",documented_fact,"Defaults include JONSWAP fp=0.08 Hz, gammajsp=3.3, s=10, fnyq=0.3 Hz, dfj=fnyq/200, Cd=0.002, rhoa=1.25 kg/m³, grain sizes 0.00015/0.0002/0.0003 m, por=0.4 and rhos=2650 kg/m³.",wave-boundary-spectra,merge-with-existing-canonical-as-edition-scoped-manual-fact,existing-merge-target; retain compound finding as one denominator row,XH150,probable,0.4717,64;75;77,60;71;73,cross-format-retrieval-candidate,0.0,models/XBeach/manual-notes/xbeach-master-manual.md;models/XBeach/source-analysis/xbeach_wave_boundary_generation.md;models/XBeach/source-analysis/wave/xbeach_wave_boundary.md;models/XBeach/source-analysis/wave/xbeach-boundary-and-wave-setup.md;models/XBeach/source-analysis/xbeach_swan_handoff.md,,[]
XH124,xbeach-master-manual-2015,XBeach_manual_master.docx.txt,"2282-2288,2542-2549,2581-2585",documented_fact,"Flow/numerical defaults include abs_2d boundaries, epsi=-1, order=2, CFL=0.7, tstop=2000 s, stationary tolerance 5×10^-5 m, maxiter=500, scheme=upwind_2, eps=0.005 m, hmin=0.2 m and secorder=0.",nonhydrostatic-physics-numerics,merge-with-existing-canonical-as-edition-scoped-manual-fact,existing-merge-target; retain compound finding as one denominator row,XH154,probable,0.4746,98;107;111,94;103;107,cross-format-retrieval-candidate,0.0,models/XBeach/manual-notes/xbeach-master-manual.md;models/XBeach/source-analysis/xbeach_nonh.md;models/XBeach/source-analysis/xbeach_solver.md;models/XBeach/source-analysis/xbeach_flow_solver.md,,[]
XH125,xbeach-master-manual-2015,XBeach_manual_master.docx.txt,2590-2628,documented_fact,"Transport defaults include Tsmin=0.5 s, facAs=facSk=facua=0.1, facsl=1.6, pormax=0.5, reposeangle=30°, z0=0.006 m, cmax=0.1, thetanum=1 and quasi-3D kmax=1, sigfac=1.3, vicmol=10^-6 and vonkar=0.4.",sediment-transport,merge-with-existing-canonical-as-edition-scoped-manual-fact,existing-merge-target; retain compound finding as one denominator row,XH155,high,0.5669,40;115;116,36;111;112,cross-format-retrieval-candidate,0.0,models/XBeach/manual-notes/xbeach-master-manual.md;models/XBeach/source-analysis/xbeach_morphology.md;models/XBeach/source-analysis/xbeach_intrawave_sediment_transport.md,,[]
XH126,xbeach-master-manual-2015,XBeach_manual_master.docx.txt,2648-2661,documented_fact,"Groundwater defaults include aquiferbot=-10 m, dwetlayer=0.1 m, gwReturb=100, gwfastsolve=0, hydrostatic laminar flow and kx=ky=kz=10^-4 m/s.",groundwater,merge-with-existing-canonical-as-edition-scoped-manual-fact,existing-merge-target; retain compound finding as one denominator row,XH157,high,0.6579,32;119;120,28;115;116,cross-format-retrieval-candidate,0.0,models/XBeach/manual-notes/xbeach-master-manual.md;models/XBeach/source-analysis/xbeach_groundwater.md,,[]
XH127,xbeach-master-manual-2015,XBeach_manual_master.docx.txt,2663-2691,documented_fact,"Final defaults include Topt=10 s, breakviscfac=1.5, maxbrsteep=0.6, nhbreaker=2, solver_acc=0.005, 30 solver iterations, relaxation 0.92, g=9.81 m/s², rho=1025 kg/m³, Earth rotation 0.0417 hour^-1, automatic 2×4 MPI settings and rotate=1.",build-mpi-version,add-source-and-version-scoped-manual-fact,gap,XH158,probable,0.5107,38;121;122,34;117;118,cross-format-retrieval-candidate,0.0,models/XBeach/source-analysis/xbeach_infrastructure.md;PROPOSED: models/XBeach/manual-notes/xbeach-document-version-drift.md,,[]
XH128,xbeach-master-manual-2015,XBeach_manual_master.md,258-300,version_drift,"The document retains release 1.22 revision 4567 while replacing the Kingsday manual's instat interface with wavemodel and wbctype, so the release label alone does not identify the documented parameter interface.",build-mpi-version,record-as-edition-or-parameter-drift; do-not-generalize-to-current-code,version-crosswalk-addition-required,XH094,high,0.6441,9;10;11;12,5;6;7;8,direct-pdf-representation,0.983836,models/XBeach/source-analysis/xbeach_infrastructure.md;PROPOSED: models/XBeach/manual-notes/xbeach-document-version-drift.md;PROPOSED: models/XBeach/manual-notes/xbeach-manual-discrepancies.md,,[]
XH129,xbeach-master-manual-2015,XBeach_manual_master.md,"291,3171-3173",contradiction,The general claim that all times are morphological conflicts with the statement that dtbc is unaffected by morphological acceleration.,morphology-bed-composition-avalanching,document-both-source-statements-as-an-internal-conflict; do-not-select-a-value,conflict-register-addition-required,XH095,probable,0.486,11;61,7;57,direct-pdf-representation,1.0,models/XBeach/manual-notes/xbeach-master-manual.md;models/XBeach/source-analysis/xbeach_morphology.md;models/XBeach/source-analysis/xbeach_avalanching.md;models/XBeach/source-analysis/xbeach-morphology-foundation.md;PROPOSED: models/XBeach/manual-notes/xbeach-manual-discrepancies.md,,[]
XH130,xbeach-master-manual-2015,XBeach_manual_master.md,297-356,applicability,"Stationary mode excludes infragravity waves and wave growth, ny=0 selects a one-dimensional model, and non-hydrostatic sediment transport is explicitly unvalidated.",sediment-transport,merge-with-existing-canonical-as-edition-scoped-manual-fact,existing-merge-target; retain compound finding as one denominator row,XH096,probable,0.4214,12;13;14;15;16,8;9;10;11;12,direct-pdf-representation,0.975728,models/XBeach/manual-notes/xbeach-master-manual.md;models/XBeach/source-analysis/xbeach_morphology.md;models/XBeach/source-analysis/xbeach_intrawave_sediment_transport.md,,[]
XH131,xbeach-master-manual-2015,XBeach_manual_master.md,"446,4937,5068-5070",contradiction,"The physics text associates wci=1 with no wave-current interaction, whereas the parameter table describes switching interaction on and gives default wci=0.",wave-action-breaking-roller-friction,merge-document-conflict-with-frozen-source-snapshot-adjudication,source-code-adjudication-complete; retain-document-version-scope,XH097,high,0.6572,17;106;109,13;102;105,direct-pdf-representation,1.0,models/XBeach/manual-notes/xbeach-master-manual.md;models/XBeach/source-analysis/xbeach_wave_action_balance.md;models/XBeach/source-analysis/xbeach_wave_breaking.md;models/XBeach/source-analysis/xbeach_wave_functions.md;PROPOSED: models/XBeach/manual-notes/xbeach-manual-discrepancies.md,wci,"[{""canonical_ready_ko"": ""기록된 소스 snapshot의 surfbeat 경로에서 wci=1은 흐름에 따른 파랑 굴절/수심 처리를 활성화하고, 0은 흐름 유속 기울기를 0으로 둔다. 입력 기본값은 0이다. 문서의 wci=1을 no interaction으로 설명한 문구를 현재 구현 설명으로 사용하지 않는다."", ""evidence"": [{""line_end"": 138, ""line_start"": 131, ""path"": ""models/XBeach/raw/source_code/trunk/src/xbeachlibrary/wave_instationary.F90"", ""sha256"": ""9584b6ec2138353aba65991a4ec570b4b794554485cea43915c6071e9e2ed45a""}, {""line_end"": 177, ""line_start"": 167, ""path"": ""models/XBeach/raw/source_code/trunk/src/xbeachlibrary/wave_instationary.F90"", ""sha256"": ""9584b6ec2138353aba65991a4ec570b4b794554485cea43915c6071e9e2ed45a""}, {""line_end"": 674, ""line_start"": 669, ""path"": ""models/XBeach/raw/source_code/trunk/src/xbeachlibrary/params.F90"", ""sha256"": ""73648b5733a8f90a8f18cda32743bdc2ef42f649e39c521e28e06584ee63c359""}], ""finding_binding"": {""finding_exact"": ""The physics text associates wci=1 with no wave-current interaction, whereas the parameter table describes switching interaction on and gives default wci=0."", ""finding_id"": ""XH131"", ""finding_sha256"": ""fb2255b28d1c8bf409df74f74c05aa155f8e62eb2704fb4f99da672e8691b469"", ""scope"": ""Only the named parameter or algorithm within this compound finding is adjudicated; other clauses retain their documentary disposition.""}, ""finding_bindings"": [{""finding_exact"": ""The prose associates 'wci=1' with no wave-current interaction, whereas the parameter table describes wci as enabling interaction and gives default '0'."", ""finding_id"": ""XH003"", ""finding_sha256"": ""ee356c93be53cb3abfe9a25c5aa6fa15f9eaa5b18b51fab8fc5d25458468d0f8"", ""scope"": ""Only the named parameter or algorithm within this compound finding is adjudicated; other clauses retain their documentary disposition.""}, {""finding_exact"": ""The physics prose says wci=1 disables wave-current interaction, whereas the parameter table gives wci=0 as the default disabling switch."", ""finding_id"": ""XH053"", ""finding_sha256"": ""258af82a5ac387feb8d18f0f3d7bcd129e45481aa517753345a893c0ecc46f1b"", ""scope"": ""Only the named parameter or algorithm within this compound finding is adjudicated; other clauses retain their documentary disposition.""}, {""finding_exact"": ""The wave-action prose associates wci=1 with no interaction, whereas the exercise and parameter table associate it with enabled interaction."", ""finding_id"": ""XH097"", ""finding_sha256"": ""ec58c60aa98007f12e5db0419a51ef8acfeb353e710cd6f21e16e87d13a79bec"", ""scope"": ""Only the named parameter or algorithm within this compound finding is adjudicated; other clauses retain their documentary disposition.""}, {""finding_exact"": ""The physics text associates wci=1 with no wave-current interaction, whereas the parameter table describes switching interaction on and gives default wci=0."", ""finding_id"": ""XH131"", ""finding_sha256"": ""fb2255b28d1c8bf409df74f74c05aa155f8e62eb2704fb4f99da672e8691b469"", ""scope"": ""Only the named parameter or algorithm within this compound finding is adjudicated; other clauses retain their documentary disposition.""}], ""finding_ids"": [""XH003"", ""XH053"", ""XH097"", ""XH131""], ""scope"": ""frozen local source snapshot; historical PDF/DOC contradictions remain edition-specific"", ""source_artifact"": ""_staging/total-read/model-audit/XBeach/closure/manual-code-adjudications.json"", ""source_artifact_sha256"": ""56075b0e74b75050881292c5a95cca17813b4570457f3585a614d7f34c9f16fa"", ""topic"": ""wci""}]"
XH132,xbeach-master-manual-2015,XBeach_manual_master.md,"640-670,789-863",documented_fact,"The breaking discussion distinguishes H³/h from H² scaling, uses gamma and gamma2 as Daly breaking thresholds, and gives friction-dissipation coefficients 0.21 for random waves and 0.28 for stationary waves.",nonhydrostatic-physics-numerics,merge-with-existing-canonical-as-edition-scoped-manual-fact,existing-merge-target; retain compound finding as one denominator row,XH098,probable,0.3239,19;20;21,15;16;17,direct-pdf-representation,0.937276,models/XBeach/manual-notes/xbeach-master-manual.md;models/XBeach/source-analysis/xbeach_nonh.md;models/XBeach/source-analysis/xbeach_solver.md;models/XBeach/source-analysis/xbeach_flow_solver.md,,[]
XH133,xbeach-master-manual-2015,XBeach_manual_master.md,"919,1022-1121",applicability,"Vegetation submergence is represented by alpha_i=h_v/h, the waveform reconstruction uses eight harmonics, and the Ruessink waveform option is incompatible with bore-averaged turbulence.",vegetation-ships,merge-with-existing-canonical-as-edition-scoped-manual-fact,existing-merge-target; retain compound finding as one denominator row,,unresolved,0.2439,22;23;24,18;19;20,direct-pdf-representation,1.0,models/XBeach/manual-notes/xbeach-master-manual.md;models/XBeach/source-analysis/xbeach_vegetation.md;models/XBeach/source-analysis/xbeach_ship_waves.md,,[]
XH134,xbeach-master-manual-2015,XBeach_manual_master.md,1228-1256,documented_fact,"The roller discussion contrasts an upper-limit coefficient of 2 with an argued value of 0.22 and a preferred value of 1, and identifies roller slope beta as order 0.1.",wave-action-breaking-roller-friction,merge-with-existing-canonical-as-edition-scoped-manual-fact,existing-merge-target; retain compound finding as one denominator row,,unresolved,0.2995,25;26,21;22,direct-pdf-representation,1.0,models/XBeach/manual-notes/xbeach-master-manual.md;models/XBeach/source-analysis/xbeach_wave_action_balance.md;models/XBeach/source-analysis/xbeach_wave_breaking.md;models/XBeach/source-analysis/xbeach_wave_functions.md,,[]
XH135,xbeach-master-manual-2015,XBeach_manual_master.md,"1439,1486-1542,5085-5099",contradiction,"The text gives Chezy C=55 and Manning n=0.02, while the default bedfriccoef is 0.01 rather than Kingsday's 0.003 and nuh=0.1 is described both as a coefficient and as a dimensional viscosity.",flow-friction-viscosity,merge-document-conflict-with-frozen-source-snapshot-adjudication,source-code-adjudication-complete; retain-document-version-scope,XH100,high,0.601,28;29;110,24;25;106,direct-pdf-representation,1.0,models/XBeach/manual-notes/xbeach-master-manual.md;models/XBeach/source-analysis/xbeach_bed_friction.md;models/XBeach/source-analysis/xbeach_flow_solver.md;PROPOSED: models/XBeach/manual-notes/xbeach-manual-discrepancies.md,nuh;bedfriction,"[{""canonical_ready_ko"": ""nuh는 smag 분기에 따라 의미가 달라진다. smag=1에서 par%nuh는 무차원 Smagorinsky 계수로 제곱되어 격자면적·변형률에 곱해지고, smag=0에서는 출력 점성계수 s%nuh에 직접 대입되어 m²/s 값으로 쓰인다. 해당 snapshot 입력 기본값은 nuh=0.1, smag=1이다. s%nuh 출력의 단위와 par%nuh 입력의 조건부 단위를 구분한다."", ""evidence"": [{""line_end"": 377, ""line_start"": 365, ""path"": ""models/XBeach/raw/source_code/trunk/src/xbeachlibrary/flow_timestep.F90"", ""sha256"": ""50742b601cc8feccd513cf742ca772b6021f1d4f5ffe074c4e8ffc90907dd2b2""}, {""line_end"": 1023, ""line_start"": 1008, ""path"": ""models/XBeach/raw/source_code/trunk/src/xbeachlibrary/flow_timestep.F90"", ""sha256"": ""50742b601cc8feccd513cf742ca772b6021f1d4f5ffe074c4e8ffc90907dd2b2""}, {""line_end"": 1062, ""line_start"": 1047, ""path"": ""models/XBeach/raw/source_code/trunk/src/xbeachlibrary/flow_timestep.F90"", ""sha256"": ""50742b601cc8feccd513cf742ca772b6021f1d4f5ffe074c4e8ffc90907dd2b2""}, {""line_end"": 748, ""line_start"": 743, ""path"": ""models/XBeach/raw/source_code/trunk/src/xbeachlibrary/params.F90"", ""sha256"": ""73648b5733a8f90a8f18cda32743bdc2ef42f649e39c521e28e06584ee63c359""}], ""finding_binding"": {""finding_exact"": ""The text gives Chezy C=55 and Manning n=0.02, while the default bedfriccoef is 0.01 rather than Kingsday's 0.003 and nuh=0.1 is described both as a coefficient and as a dimensional viscosity."", ""finding_id"": ""XH135"", ""finding_sha256"": ""07ad19ea57c3ab7f209570a9601bb0e673dca02e147bed5149643301fa4dc9aa"", ""scope"": ""Only the named parameter or algorithm within this compound finding is adjudicated; other clauses retain their documentary disposition.""}, ""finding_bindings"": [{""finding_exact"": ""The prose identifies 'nuh=0.1' as the dimensionless Smagorinsky constant when 'smag=1', but the table labels the same input as background viscosity in m²/s."", ""finding_id"": ""XH008"", ""finding_sha256"": ""7b02b86d2485948aff3e766b0f50ccf1b293176f1837781ad12fd17a29eee13b"", ""scope"": ""Only the named parameter or algorithm within this compound finding is adjudicated; other clauses retain their documentary disposition.""}, {""finding_exact"": ""The Smagorinsky description treats nuh=0.1 as a dimensionless coefficient, whereas its parameter table assigns nuh units of m²/s."", ""finding_id"": ""XH059"", ""finding_sha256"": ""8cebacefbced2769bf64ed6098b87b15d7592f15a6fcb5f9402c6be1e9430914"", ""scope"": ""Only the named parameter or algorithm within this compound finding is adjudicated; other clauses retain their documentary disposition.""}, {""finding_exact"": ""Typical Chezy C=55, Manning n=0.02 and ks=0.01–0.15 m conflict with default chezy/bedfriccoef=0.01, changed from Kingsday 0.003, while nuh=0.1 is described both as a Smagorinsky constant and dimensional viscosity."", ""finding_id"": ""XH100"", ""finding_sha256"": ""7ff3d3b0c111ba454ed89b506c8e80c0efff9873cb38a56ae3b6b174c67492fd"", ""scope"": ""Only the named parameter or algorithm within this compound finding is adjudicated; other clauses retain their documentary disposition.""}, {""finding_exact"": ""The text gives Chezy C=55 and Manning n=0.02, while the default bedfriccoef is 0.01 rather than Kingsday's 0.003 and nuh=0.1 is described both as a coefficient and as a dimensional viscosity."", ""finding_id"": ""XH135"", ""finding_sha256"": ""07ad19ea57c3ab7f209570a9601bb0e673dca02e147bed5149643301fa4dc9aa"", ""scope"": ""Only the named parameter or algorithm within this compound finding is adjudicated; other clauses retain their documentary disposition.""}], ""finding_ids"": [""XH008"", ""XH059"", ""XH100"", ""XH135""], ""scope"": ""frozen local source snapshot; historical PDF/DOC contradictions remain edition-specific"", ""source_artifact"": ""_staging/total-read/model-audit/XBeach/closure/manual-code-adjudications.json"", ""source_artifact_sha256"": ""56075b0e74b75050881292c5a95cca17813b4570457f3585a614d7f34c9f16fa"", ""topic"": ""nuh""}, {""canonical_ready_ko"": ""마찰 파일을 쓰지 않는 조건에서 기본 계수는 선택한 마찰식에 종속된다: Chezy는 55, cf는 0.003, Manning은 0.02, White-Colebrook은 0.01이다. Chezy 분기는 g/C²로 cf를 계산하므로 Chezy C에 0.003을 넣는 것은 cf=0.003과 동등하지 않다. 문서 변환으로 깨진 마찰 공식은 이 소스식으로 원문을 복원했다고 주장하지 않고 별도 제외한다."", ""evidence"": [{""line_end"": 727, ""line_start"": 707, ""path"": ""models/XBeach/raw/source_code/trunk/src/xbeachlibrary/params.F90"", ""sha256"": ""73648b5733a8f90a8f18cda32743bdc2ef42f649e39c521e28e06584ee63c359""}, {""line_end"": 75, ""line_start"": 68, ""path"": ""models/XBeach/raw/source_code/trunk/src/xbeachlibrary/bedroughness.F90"", ""sha256"": ""508ccef2919d203a716f831f4ffd80a57068562eab747a00a94da802a840dfef""}], ""finding_binding"": {""finding_exact"": ""The text gives Chezy C=55 and Manning n=0.02, while the default bedfriccoef is 0.01 rather than Kingsday's 0.003 and nuh=0.1 is described both as a coefficient and as a dimensional viscosity."", ""finding_id"": ""XH135"", ""finding_sha256"": ""07ad19ea57c3ab7f209570a9601bb0e673dca02e147bed5149643301fa4dc9aa"", ""scope"": ""Only the named parameter or algorithm within this compound finding is adjudicated; other clauses retain their documentary disposition.""}, ""finding_bindings"": [{""finding_exact"": ""The friction table pairs 'chezy' with '55 m½/s' and 'cf' with '0.003', but the input table defaults to 'bedfriction=chezy' and 'bedfriccoef=0.003'."", ""finding_id"": ""XH009"", ""finding_sha256"": ""00d69e076c2179faab7bec3d67de4522696dcc50a673d696cf4a19d6d2d1a07e"", ""scope"": ""Only the named parameter or algorithm within this compound finding is adjudicated; other clauses retain their documentary disposition.""}, {""finding_exact"": ""The prose gives cf=0.003 and Chezy C=55 with cf=g/C², but the table pairs default bedfriction=chezy with bedfriccoef=0.003."", ""finding_id"": ""XH060"", ""finding_sha256"": ""c1854c066319a31f4ec22c996427b910710e17301f62934c218fa135bc5bcc4c"", ""scope"": ""Only the named parameter or algorithm within this compound finding is adjudicated; other clauses retain their documentary disposition.""}, {""finding_exact"": ""Typical Chezy C=55, Manning n=0.02 and ks=0.01–0.15 m conflict with default chezy/bedfriccoef=0.01, changed from Kingsday 0.003, while nuh=0.1 is described both as a Smagorinsky constant and dimensional viscosity."", ""finding_id"": ""XH100"", ""finding_sha256"": ""7ff3d3b0c111ba454ed89b506c8e80c0efff9873cb38a56ae3b6b174c67492fd"", ""scope"": ""Only the named parameter or algorithm within this compound finding is adjudicated; other clauses retain their documentary disposition.""}, {""finding_exact"": ""The text gives Chezy C=55 and Manning n=0.02, while the default bedfriccoef is 0.01 rather than Kingsday's 0.003 and nuh=0.1 is described both as a coefficient and as a dimensional viscosity."", ""finding_id"": ""XH135"", ""finding_sha256"": ""07ad19ea57c3ab7f209570a9601bb0e673dca02e147bed5149643301fa4dc9aa"", ""scope"": ""Only the named parameter or algorithm within this compound finding is adjudicated; other clauses retain their documentary disposition.""}, {""finding_exact"": ""The extracted friction formulas show cf=g/C and a Manning exponent of 1/12, differing from expected squared-C notation and Kingsday's 1/3 exponent, requiring verification against the original equations before use."", ""finding_id"": ""XH136"", ""finding_sha256"": ""c3150634994a4b05ea608a625be7efa726de2db5ed104f63b28894a74ac81cdc"", ""scope"": ""Only the named parameter or algorithm within this compound finding is adjudicated; other clauses retain their documentary disposition.""}], ""finding_ids"": [""XH009"", ""XH060"", ""XH100"", ""XH135"", ""XH136""], ""scope"": ""frozen local source snapshot; historical PDF/DOC contradictions remain edition-specific"", ""source_artifact"": ""_staging/total-read/model-audit/XBeach/closure/manual-code-adjudications.json"", ""source_artifact_sha256"": ""56075b0e74b75050881292c5a95cca17813b4570457f3585a614d7f34c9f16fa"", ""topic"": ""bedfriction""}]"
XH136,xbeach-master-manual-2015,XBeach_manual_master.md,1488-1498,equation_verification,"The extracted friction formulas show cf=g/C and a Manning exponent of 1/12, differing from expected squared-C notation and Kingsday's 1/3 exponent, requiring verification against the original equations before use.",flow-friction-viscosity,exclude-converted-formula; source-code-behavior-separately-adjudicated,conversion-exclusion-complete; separate-source-code-adjudication-complete,XH100,probable,0.3608,28,24,direct-pdf-representation,1.0,models/XBeach/manual-notes/xbeach-master-manual.md;models/XBeach/source-analysis/xbeach_bed_friction.md;models/XBeach/source-analysis/xbeach_flow_solver.md;PROPOSED: models/XBeach/manual-notes/xbeach-manual-discrepancies.md,bedfriction,"[{""canonical_ready_ko"": ""마찰 파일을 쓰지 않는 조건에서 기본 계수는 선택한 마찰식에 종속된다: Chezy는 55, cf는 0.003, Manning은 0.02, White-Colebrook은 0.01이다. Chezy 분기는 g/C²로 cf를 계산하므로 Chezy C에 0.003을 넣는 것은 cf=0.003과 동등하지 않다. 문서 변환으로 깨진 마찰 공식은 이 소스식으로 원문을 복원했다고 주장하지 않고 별도 제외한다."", ""evidence"": [{""line_end"": 727, ""line_start"": 707, ""path"": ""models/XBeach/raw/source_code/trunk/src/xbeachlibrary/params.F90"", ""sha256"": ""73648b5733a8f90a8f18cda32743bdc2ef42f649e39c521e28e06584ee63c359""}, {""line_end"": 75, ""line_start"": 68, ""path"": ""models/XBeach/raw/source_code/trunk/src/xbeachlibrary/bedroughness.F90"", ""sha256"": ""508ccef2919d203a716f831f4ffd80a57068562eab747a00a94da802a840dfef""}], ""finding_binding"": {""finding_exact"": ""The extracted friction formulas show cf=g/C and a Manning exponent of 1/12, differing from expected squared-C notation and Kingsday's 1/3 exponent, requiring verification against the original equations before use."", ""finding_id"": ""XH136"", ""finding_sha256"": ""c3150634994a4b05ea608a625be7efa726de2db5ed104f63b28894a74ac81cdc"", ""scope"": ""Only the named parameter or algorithm within this compound finding is adjudicated; other clauses retain their documentary disposition.""}, ""finding_bindings"": [{""finding_exact"": ""The friction table pairs 'chezy' with '55 m½/s' and 'cf' with '0.003', but the input table defaults to 'bedfriction=chezy' and 'bedfriccoef=0.003'."", ""finding_id"": ""XH009"", ""finding_sha256"": ""00d69e076c2179faab7bec3d67de4522696dcc50a673d696cf4a19d6d2d1a07e"", ""scope"": ""Only the named parameter or algorithm within this compound finding is adjudicated; other clauses retain their documentary disposition.""}, {""finding_exact"": ""The prose gives cf=0.003 and Chezy C=55 with cf=g/C², but the table pairs default bedfriction=chezy with bedfriccoef=0.003."", ""finding_id"": ""XH060"", ""finding_sha256"": ""c1854c066319a31f4ec22c996427b910710e17301f62934c218fa135bc5bcc4c"", ""scope"": ""Only the named parameter or algorithm within this compound finding is adjudicated; other clauses retain their documentary disposition.""}, {""finding_exact"": ""Typical Chezy C=55, Manning n=0.02 and ks=0.01–0.15 m conflict with default chezy/bedfriccoef=0.01, changed from Kingsday 0.003, while nuh=0.1 is described both as a Smagorinsky constant and dimensional viscosity."", ""finding_id"": ""XH100"", ""finding_sha256"": ""7ff3d3b0c111ba454ed89b506c8e80c0efff9873cb38a56ae3b6b174c67492fd"", ""scope"": ""Only the named parameter or algorithm within this compound finding is adjudicated; other clauses retain their documentary disposition.""}, {""finding_exact"": ""The text gives Chezy C=55 and Manning n=0.02, while the default bedfriccoef is 0.01 rather than Kingsday's 0.003 and nuh=0.1 is described both as a coefficient and as a dimensional viscosity."", ""finding_id"": ""XH135"", ""finding_sha256"": ""07ad19ea57c3ab7f209570a9601bb0e673dca02e147bed5149643301fa4dc9aa"", ""scope"": ""Only the named parameter or algorithm within this compound finding is adjudicated; other clauses retain their documentary disposition.""}, {""finding_exact"": ""The extracted friction formulas show cf=g/C and a Manning exponent of 1/12, differing from expected squared-C notation and Kingsday's 1/3 exponent, requiring verification against the original equations before use."", ""finding_id"": ""XH136"", ""finding_sha256"": ""c3150634994a4b05ea608a625be7efa726de2db5ed104f63b28894a74ac81cdc"", ""scope"": ""Only the named parameter or algorithm within this compound finding is adjudicated; other clauses retain their documentary disposition.""}], ""finding_ids"": [""XH009"", ""XH060"", ""XH100"", ""XH135"", ""XH136""], ""scope"": ""frozen local source snapshot; historical PDF/DOC contradictions remain edition-specific"", ""source_artifact"": ""_staging/total-read/model-audit/XBeach/closure/manual-code-adjudications.json"", ""source_artifact_sha256"": ""56075b0e74b75050881292c5a95cca17813b4570457f3585a614d7f34c9f16fa"", ""topic"": ""bedfriction""}]"
XH137,xbeach-master-manual-2015,XBeach_manual_master.md,"1603,1684-1802,1872-1929",applicability,"The non-hydrostatic description uses waveform=nonh with swave=0, neglects groundwater exchange in momentum, and describes instantaneous infiltration and zero outer groundwater flux.",groundwater,merge-with-existing-canonical-as-edition-scoped-manual-fact,existing-merge-target; retain compound finding as one denominator row,XH102,probable,0.3854,30;31;32;33;34;35,26;27;28;29;30;31,direct-pdf-representation,1.0,models/XBeach/manual-notes/xbeach-master-manual.md;models/XBeach/source-analysis/xbeach_groundwater.md,,[]
XH138,xbeach-master-manual-2015,XBeach_manual_master.md,"1953-1963,5279",contradiction,"The adaptation-time formulation uses max(fTs*h/ws,Tsmin), but the parameter table prints tsfac+h/ws with default tsfac=0.1.",parameter-defaults-mixed,merge-document-conflict-with-frozen-source-snapshot-adjudication,source-code-adjudication-complete; retain-document-version-scope,,unresolved,0.2584,36;114,32;110,direct-pdf-representation,1.0,models/XBeach/manual-notes/xbeach-master-manual.md;models/XBeach/source-analysis/xbeach_params.md;PROPOSED: models/XBeach/manual-notes/xbeach-manual-discrepancies.md,adaptation-time,"[{""canonical_ready_ko"": ""기록된 구현은 먼저 Ts=tsfac*hloc/w를 계산하고 oldTsmin=1이면 max(Ts,Tsmin), 그 밖에는 max(Ts,dtlimTs*dt)를 취한다. 더하기가 아니다. snapshot의 oldTsmin 기본값은 0, dtlimTs는 5이며 이 조건에서 Tsmin을 공통 고정 하한이라고 설명하지 않는다."", ""evidence"": [{""line_end"": 1513, ""line_start"": 1506, ""path"": ""models/XBeach/raw/source_code/trunk/src/xbeachlibrary/morphevolution.F90"", ""sha256"": ""765f474008f7cb843353dc0790cc3f3ebdc00631353da7592e2bb0508e968391""}, {""line_end"": 1425, ""line_start"": 1420, ""path"": ""models/XBeach/raw/source_code/trunk/src/xbeachlibrary/params.F90"", ""sha256"": ""73648b5733a8f90a8f18cda32743bdc2ef42f649e39c521e28e06584ee63c359""}], ""finding_binding"": {""finding_exact"": ""The adaptation-time formulation uses max(fTs*h/ws,Tsmin), but the parameter table prints tsfac+h/ws with default tsfac=0.1."", ""finding_id"": ""XH138"", ""finding_sha256"": ""6a8c66c632cc158f0a7cb3ef3bbac1ab580742b27c61100cf0d7b919eccc1c8c"", ""scope"": ""Only the named parameter or algorithm within this compound finding is adjudicated; other clauses retain their documentary disposition.""}, ""finding_bindings"": [{""finding_exact"": ""The adaptation-time equation uses Ts=max(fTs h/ws,Tsmin), whereas the parameter description prints Ts=tsfac+h/ws, an operator discrepancy requiring original-page verification."", ""finding_id"": ""XH063"", ""finding_sha256"": ""f25b8e217e5a374f6d649c1c46f87b6af8d95ebfee43ea74769135f39a6f2911"", ""scope"": ""Only the named parameter or algorithm within this compound finding is adjudicated; other clauses retain their documentary disposition.""}, {""finding_exact"": ""The adaptation-time formulation uses max(fTs*h/ws,Tsmin), but the parameter table prints tsfac+h/ws with default tsfac=0.1."", ""finding_id"": ""XH138"", ""finding_sha256"": ""6a8c66c632cc158f0a7cb3ef3bbac1ab580742b27c61100cf0d7b919eccc1c8c"", ""scope"": ""Only the named parameter or algorithm within this compound finding is adjudicated; other clauses retain their documentary disposition.""}], ""finding_ids"": [""XH063"", ""XH138""], ""scope"": ""frozen local source snapshot; historical PDF/DOC contradictions remain edition-specific"", ""source_artifact"": ""_staging/total-read/model-audit/XBeach/closure/manual-code-adjudications.json"", ""source_artifact_sha256"": ""56075b0e74b75050881292c5a95cca17813b4570457f3585a614d7f34c9f16fa"", ""topic"": ""adaptation-time""}]"
XH139,xbeach-master-manual-2015,XBeach_manual_master.md,"2030-2069,2093",documented_fact,"The sediment formulation adds 1.45*k_b to orbital-velocity variance, uses ws_red=(1-C)^alpha*ws for hindered settling, and caps each equilibrium-concentration component at half of cmax.",sediment-transport,merge-with-existing-canonical-as-edition-scoped-manual-fact,existing-merge-target; retain compound finding as one denominator row,,unresolved,0.2602,37;38,33;34,direct-pdf-representation,1.0,models/XBeach/manual-notes/xbeach-master-manual.md;models/XBeach/source-analysis/xbeach_morphology.md;models/XBeach/source-analysis/xbeach_intrawave_sediment_transport.md,,[]
XH140,xbeach-master-manual-2015,XBeach_manual_master.md,2118-2378,equation_verification,"The critical-velocity branches include D50<=0.0005 versus D50>0.05 and overlapping D50 limits in the later formulation, leaving gaps or overlaps that must be checked against the original.",sediment-transport,exclude-converted-value-or-formula-from-canonical; retain-source-warning,conversion-risk-disposition-complete,,unresolved,0.2867,38;39;40,34;35;36,direct-pdf-representation,1.0,models/XBeach/manual-notes/xbeach-master-manual.md;models/XBeach/source-analysis/xbeach_morphology.md;models/XBeach/source-analysis/xbeach_intrawave_sediment_transport.md;PROPOSED: models/XBeach/manual-notes/xbeach-manual-discrepancies.md,,[]
XH141,xbeach-master-manual-2015,XBeach_manual_master.md,"2162,2406-2447",contradiction,"The text assumes T=20 and nu=1e-6, defines ua=(fSk*Sk-fAs*As)*urms, and assigns dilatancy A=0.75 to a single particle and A=1.7 to a continuum, reversing the Kingsday assignments.",sediment-transport,merge-document-conflict-with-frozen-source-snapshot-adjudication,source-code-adjudication-complete; retain-document-version-scope,XH103,high,0.6662,38;40;41,34;36;37,direct-pdf-representation,1.0,models/XBeach/manual-notes/xbeach-master-manual.md;models/XBeach/source-analysis/xbeach_morphology.md;models/XBeach/source-analysis/xbeach_intrawave_sediment_transport.md;PROPOSED: models/XBeach/manual-notes/xbeach-manual-discrepancies.md,dilatancy,"[{""canonical_ready_ko"": ""이 snapshot에서 dilatancy=1일 때 srfRhee는 erosion velocity와 (pormax-por), rheeA 등에 비례한다. 양의 침투계수·밀도비 및 pormax>=por 조건에서는 srfRhee>=0이고, 경사 효과를 끄면 srfTotal=1+srfRhee이다. 이에 따라 임계 bed-load 속도는 Ucr*sqrt(srfTotal), 경사 total 모드가 아닌 suspended-load 속도는 Ucr*(1+sqrt(srfRhee))로 증가한다. 코드 주석의 A는 단일입자 3/4, 연속체 1/(1-n0)이며 입력 rheeA 기본값은 0.75이다. 문서의 감소 설명과 수식/주석 모순은 이 구현과 구분해 기록한다."", ""evidence"": [{""line_end"": 1553, ""line_start"": 1539, ""path"": ""models/XBeach/raw/source_code/trunk/src/xbeachlibrary/morphevolution.F90"", ""sha256"": ""765f474008f7cb843353dc0790cc3f3ebdc00631353da7592e2bb0508e968391""}, {""line_end"": 1599, ""line_start"": 1593, ""path"": ""models/XBeach/raw/source_code/trunk/src/xbeachlibrary/morphevolution.F90"", ""sha256"": ""765f474008f7cb843353dc0790cc3f3ebdc00631353da7592e2bb0508e968391""}, {""line_end"": 1119, ""line_start"": 1114, ""path"": ""models/XBeach/raw/source_code/trunk/src/xbeachlibrary/params.F90"", ""sha256"": ""73648b5733a8f90a8f18cda32743bdc2ef42f649e39c521e28e06584ee63c359""}], ""finding_binding"": {""finding_exact"": ""The text assumes T=20 and nu=1e-6, defines ua=(fSk*Sk-fAs*As)*urms, and assigns dilatancy A=0.75 to a single particle and A=1.7 to a continuum, reversing the Kingsday assignments."", ""finding_id"": ""XH141"", ""finding_sha256"": ""4e0e8b0bd5465b280ce9289957885308a3bcf69a9fa152e97e0c7c1bd67c4d1c"", ""scope"": ""Only the named parameter or algorithm within this compound finding is adjudicated; other clauses retain their documentary disposition.""}, ""finding_bindings"": [{""finding_exact"": ""Dilatancy is said to hinder erosion by reducing the critical Shields number, a direction requiring verification, with 'rheeA=0.75' by default versus approximately '1.7' for a continuum and 'pormax=0.5'."", ""finding_id"": ""XH013"", ""finding_sha256"": ""8c8a96f02e0eb7058ee1076bd69616b0f026e8018088869a1cb62c65b919d262"", ""scope"": ""Only the named parameter or algorithm within this compound finding is adjudicated; other clauses retain their documentary disposition.""}, {""finding_exact"": ""The dilatancy prose says critical Shields stress is reduced while describing inhibited erosion, and the accompanying positive correction uses rheeA=0.75 for continuum motion or 1.7 otherwise with pormax=0.5."", ""finding_id"": ""XH067"", ""finding_sha256"": ""73cbe62ffb43df801b5c386695c488b8c471ce772e981187856206f3ae67a8bc"", ""scope"": ""Only the named parameter or algorithm within this compound finding is adjudicated; other clauses retain their documentary disposition.""}, {""finding_exact"": ""The sediment calculation fixes T=20°C and ν=10^-6 m²/s, while dilatancy still claims to reduce critical Shields stress and assigns A=0.75 to individual particles and 1.7 to a continuum, reversing the Kingsday assignment."", ""finding_id"": ""XH103"", ""finding_sha256"": ""9a9be952de8857b973c1754d1731db3637eb434d7e5c6c52fa744f6190457aea"", ""scope"": ""Only the named parameter or algorithm within this compound finding is adjudicated; other clauses retain their documentary disposition.""}, {""finding_exact"": ""The text assumes T=20 and nu=1e-6, defines ua=(fSk*Sk-fAs*As)*urms, and assigns dilatancy A=0.75 to a single particle and A=1.7 to a continuum, reversing the Kingsday assignments."", ""finding_id"": ""XH141"", ""finding_sha256"": ""4e0e8b0bd5465b280ce9289957885308a3bcf69a9fa152e97e0c7c1bd67c4d1c"", ""scope"": ""Only the named parameter or algorithm within this compound finding is adjudicated; other clauses retain their documentary disposition.""}], ""finding_ids"": [""XH013"", ""XH067"", ""XH103"", ""XH141""], ""scope"": ""frozen local source snapshot; historical PDF/DOC contradictions remain edition-specific"", ""source_artifact"": ""_staging/total-read/model-audit/XBeach/closure/manual-code-adjudications.json"", ""source_artifact_sha256"": ""56075b0e74b75050881292c5a95cca17813b4570457f3585a614d7f34c9f16fa"", ""topic"": ""dilatancy""}]"
XH142,xbeach-master-manual-2015,XBeach_manual_master.md,"2647-2659,5354-5407",documented_fact,"Morphological acceleration is described as order 1–10 with 10 minutes at morfac=6 representing one hour, cannot accelerate alongshore tides, and uses default dry/wet avalanche slopes 1 and 0.3.",morphology-bed-composition-avalanching,merge-with-existing-canonical-as-edition-scoped-manual-fact,existing-merge-target; retain compound finding as one denominator row,XH105,high,0.6336,42;43;116;117,38;39;112;113,direct-pdf-representation,1.0,models/XBeach/manual-notes/xbeach-master-manual.md;models/XBeach/source-analysis/xbeach_morphology.md;models/XBeach/source-analysis/xbeach_avalanching.md;models/XBeach/source-analysis/xbeach-morphology-foundation.md,,[]
XH143,xbeach-master-manual-2015,XBeach_manual_master.md,"2712,3717,5436-5462",parameter_drift,"The breathing-layer scheme requires at least three layers and documents frac_dz=0.7, merge=0.01, nd_var=2 and split=1.01, with nd_var replacing Kingsday's ndvar spelling.",parameter-defaults-mixed,record-as-edition-or-parameter-drift; do-not-generalize-to-current-code,version-crosswalk-addition-required,XH107,probable,0.3248,44;76;118;119,40;72;114;115,direct-pdf-representation,1.0,models/XBeach/manual-notes/xbeach-master-manual.md;models/XBeach/source-analysis/xbeach_params.md;PROPOSED: models/XBeach/manual-notes/xbeach-manual-discrepancies.md,,[]
XH144,xbeach-master-manual-2015,XBeach_manual_master.md,"2777,3472-3484",contradiction,"The ts_nonh descriptions disagree on whether vertical velocity is optional and on the column ordering, while separate bichromatic frequencies remain a future capability.",wave-boundary-spectra,document-both-source-statements-as-an-internal-conflict; do-not-select-a-value,conflict-register-addition-required,XH109,high,0.5959,48;69;70,44;65;66,direct-pdf-representation,0.946927,models/XBeach/manual-notes/xbeach-master-manual.md;models/XBeach/source-analysis/xbeach_wave_boundary_generation.md;models/XBeach/source-analysis/wave/xbeach_wave_boundary.md;models/XBeach/source-analysis/wave/xbeach-boundary-and-wave-setup.md;models/XBeach/source-analysis/xbeach_swan_handoff.md;PROPOSED: models/XBeach/manual-notes/xbeach-manual-discrepancies.md,,[]
XH145,xbeach-master-manual-2015,XBeach_manual_master.md,"2814-2866,3606-3634",contradiction,"Tide descriptions disagree on corner order and tideloc=1 boundary coverage, the paulrevere default is land rather than Kingsday's sea, and cyclic boundaries are now described as available across MPI domains.",build-mpi-version,document-both-source-statements-as-an-internal-conflict; do-not-select-a-value,conflict-register-addition-required,XH110,probable,0.4575,49;50;51;52;73;74,45;46;47;48;69;70,direct-pdf-representation,1.0,models/XBeach/source-analysis/xbeach_infrastructure.md;PROPOSED: models/XBeach/manual-notes/xbeach-document-version-drift.md;PROPOSED: models/XBeach/manual-notes/xbeach-manual-discrepancies.md,,[]
XH146,xbeach-master-manual-2015,XBeach_manual_master.md,"2856-2860,2979-2983",documented_fact,"Discharge is specified in m³/s without injected momentum, grids contain (nx+1)*(ny+1) points, ny=0 selects fast 1D operation, and 2DH operation requires ny>2.",flow-tide-discharge-boundaries,merge-with-existing-canonical-as-edition-scoped-manual-fact,existing-merge-target; retain compound finding as one denominator row,XH111,probable,0.4588,51;55;56,47;51;52,direct-pdf-representation,1.0,models/XBeach/manual-notes/xbeach-master-manual.md;models/XBeach/source-analysis/xbeach_flow_boundary_conditions.md;models/XBeach/source-analysis/xbeach_tide_forcing.md,,[]
XH147,xbeach-master-manual-2015,XBeach_manual_master.md,"2904,3068,3159-3175,3361",contradiction,"The examples and tables disagree on the upward-positive posdwn value and the angular reference axis, while Tm01switch defaults to 0 here versus 1 in Kingsday's prose.",modes-grid-coordinates,merge-document-conflict-with-frozen-source-snapshot-adjudication,source-code-adjudication-complete; retain-document-version-scope,XH112,probable,0.445,54;57;61;65,50;53;57;61,direct-pdf-representation,1.0,models/XBeach/manual-notes/xbeach-master-manual.md;models/XBeach/source-analysis/xbeach_mode_dispatch.md;models/XBeach/source-analysis/xbeach_single_dir.md;models/XBeach/source-analysis/xbeach_params.md;PROPOSED: models/XBeach/manual-notes/xbeach-manual-discrepancies.md,posdwn;dthetaS_XB,"[{""canonical_ready_ko"": ""문서의 규약은 양의 아래 방향 수심 posdwn=1, 양의 위 방향 고도 posdwn=-1로 구분해야 한다. 실제 snapshot은 s%zb=-s%zb*s%posdwn으로 내부 바닥고를 만들며 ±1에서 이 규약을 따른다. 예제의 posdwn=0을 그대로 넣으면 변환 곱이 0이 되어 해당 초기화 경로의 바닥고가 0으로 소거된다. 0을 -1의 별칭으로 보지 않는다."", ""evidence"": [{""line_end"": 160, ""line_start"": 155, ""path"": ""models/XBeach/raw/source_code/trunk/src/xbeachlibrary/params.F90"", ""sha256"": ""73648b5733a8f90a8f18cda32743bdc2ef42f649e39c521e28e06584ee63c359""}, {""line_end"": 55, ""line_start"": 40, ""path"": ""models/XBeach/raw/source_code/trunk/src/xbeachlibrary/initialize.F90"", ""sha256"": ""9803067bd2fa4962d9e2247f6e8b5f87e18a9860802595424183994a715523cd""}, {""line_end"": 249, ""line_start"": 240, ""path"": ""models/XBeach/raw/source_code/trunk/src/xbeachlibrary/initialize.F90"", ""sha256"": ""9803067bd2fa4962d9e2247f6e8b5f87e18a9860802595424183994a715523cd""}], ""finding_binding"": {""finding_exact"": ""The examples and tables disagree on the upward-positive posdwn value and the angular reference axis, while Tm01switch defaults to 0 here versus 1 in Kingsday's prose."", ""finding_id"": ""XH147"", ""finding_sha256"": ""a0b993cd5bab11e9a7457ddeb2548278a2aac9d00f4f56749bfb35aaa28b988f"", ""scope"": ""Only the named parameter or algorithm within this compound finding is adjudicated; other clauses retain their documentary disposition.""}, ""finding_bindings"": [{""finding_exact"": ""The example uses negative underwater elevations with 'posdwn=0', while the table specifies '−1' for positive-up data."", ""finding_id"": ""XH022"", ""finding_sha256"": ""f82111f2f0dafe3cb2f5f0d4ec87cce5d2d3b945f77e13290b8b776ff3d1bc81"", ""scope"": ""Only the named parameter or algorithm within this compound finding is adjudicated; other clauses retain their documentary disposition.""}, {""finding_exact"": ""Grid arrays require (nx+1)×(ny+1) entries and positive-up bathymetry is documented as posdwn=-1, but the example uses posdwn=0."", ""finding_id"": ""XH075"", ""finding_sha256"": ""c6e6d5b995927ef10cf37f559226dee3584e3d1c02b514631008afaa85e984ab"", ""scope"": ""Only the named parameter or algorithm within this compound finding is adjudicated; other clauses retain their documentary disposition.""}, {""finding_exact"": ""The negative-depth example sets posdwn=0 although the parameter definition requires -1 for positive-up bathymetry."", ""finding_id"": ""XH112"", ""finding_sha256"": ""db85c7e2d52ca769abdc1cb873c5be60b35ccabc845b2cef8e0adad6664fbe9a"", ""scope"": ""Only the named parameter or algorithm within this compound finding is adjudicated; other clauses retain their documentary disposition.""}, {""finding_exact"": ""The examples and tables disagree on the upward-positive posdwn value and the angular reference axis, while Tm01switch defaults to 0 here versus 1 in Kingsday's prose."", ""finding_id"": ""XH147"", ""finding_sha256"": ""a0b993cd5bab11e9a7457ddeb2548278a2aac9d00f4f56749bfb35aaa28b988f"", ""scope"": ""Only the named parameter or algorithm within this compound finding is adjudicated; other clauses retain their documentary disposition.""}], ""finding_ids"": [""XH022"", ""XH075"", ""XH112"", ""XH147""], ""scope"": ""frozen local source snapshot; historical PDF/DOC contradictions remain edition-specific"", ""source_artifact"": ""_staging/total-read/model-audit/XBeach/closure/manual-code-adjudications.json"", ""source_artifact_sha256"": ""56075b0e74b75050881292c5a95cca17813b4570457f3585a614d7f34c9f16fa"", ""topic"": ""posdwn""}, {""canonical_ready_ko"": ""SWAN 스펙트럼을 읽는 이 코드에서 dthetaS_XB는 Cartesian SWAN x축에서 East x축으로 회전하는 반시계 각도이다. Cartesian 입력은 specin%ang에서 이 값을 빼고, nautical 입력은 270-angle로 변환하는 별도 분기를 쓴다. 매뉴얼 산문의 XBeach x축 표기를 이 매개변수의 실제 참조축으로 일반화하지 않는다."", ""evidence"": [{""line_end"": 919, ""line_start"": 910, ""path"": ""models/XBeach/raw/source_code/trunk/src/xbeachlibrary/wave_boundary_update.f90"", ""sha256"": ""9c364a2c916f034338044b542c0231f412553812a16c11346a6bcc98319a80c7""}, {""line_end"": 485, ""line_start"": 481, ""path"": ""models/XBeach/raw/source_code/trunk/src/xbeachlibrary/params.F90"", ""sha256"": ""73648b5733a8f90a8f18cda32743bdc2ef42f649e39c521e28e06584ee63c359""}], ""finding_binding"": {""finding_exact"": ""The examples and tables disagree on the upward-positive posdwn value and the angular reference axis, while Tm01switch defaults to 0 here versus 1 in Kingsday's prose."", ""finding_id"": ""XH147"", ""finding_sha256"": ""a0b993cd5bab11e9a7457ddeb2548278a2aac9d00f4f56749bfb35aaa28b988f"", ""scope"": ""Only the named parameter or algorithm within this compound finding is adjudicated; other clauses retain their documentary disposition.""}, ""finding_bindings"": [{""finding_exact"": ""The prose defines dthetaS_XB as rotation from SWAN to the XBeach x-axis, whereas the parameter table defines rotation to the east-pointing axis."", ""finding_id"": ""XH023"", ""finding_sha256"": ""15a3a8294bf3ca2e48719f5303322b824bd74b75c2858e553715cf2292275d14"", ""scope"": ""Only the named parameter or algorithm within this compound finding is adjudicated; other clauses retain their documentary disposition.""}, {""finding_exact"": ""dthetaS_XB is described relative to East in one place and model x in another, while vardens uses Cartesian directions 0° along +x and 90° along +y."", ""finding_id"": ""XH078"", ""finding_sha256"": ""13bd927829c9991b94feac5df08e8b54a5af97a6cb25b06f55cdd168ea937fb7"", ""scope"": ""Only the named parameter or algorithm within this compound finding is adjudicated; other clauses retain their documentary disposition.""}, {""finding_exact"": ""dthetaS_XB rotates SWAN x into model x in the prose but into East in the table."", ""finding_id"": ""XH113"", ""finding_sha256"": ""c0b97ca803666b848ca1ee14eb8089f3154b8047a15470ef479cc14038e8f6f4"", ""scope"": ""Only the named parameter or algorithm within this compound finding is adjudicated; other clauses retain their documentary disposition.""}, {""finding_exact"": ""The examples and tables disagree on the upward-positive posdwn value and the angular reference axis, while Tm01switch defaults to 0 here versus 1 in Kingsday's prose."", ""finding_id"": ""XH147"", ""finding_sha256"": ""a0b993cd5bab11e9a7457ddeb2548278a2aac9d00f4f56749bfb35aaa28b988f"", ""scope"": ""Only the named parameter or algorithm within this compound finding is adjudicated; other clauses retain their documentary disposition.""}], ""finding_ids"": [""XH023"", ""XH078"", ""XH113"", ""XH147""], ""scope"": ""frozen local source snapshot; historical PDF/DOC contradictions remain edition-specific"", ""source_artifact"": ""_staging/total-read/model-audit/XBeach/closure/manual-code-adjudications.json"", ""source_artifact_sha256"": ""56075b0e74b75050881292c5a95cca17813b4570457f3585a614d7f34c9f16fa"", ""topic"": ""dthetaS_XB""}]"
XH148,xbeach-master-manual-2015,XBeach_manual_master.md,"3222-3236,3330-3356,3418-3458",documented_fact,"Wave-input defaults include rt=3600, sprdthr=0.08, trepfac=0.01, wbcversion=3, fp=0.083, gammajsp=3.3, s=10, fnyq=0.3, dfj=fnyq/200, Tlong=80 and taper=100.",build-mpi-version,add-source-and-version-scoped-manual-fact,gap,XH122,probable,0.5129,62;63;64;68;69,58;59;60;64;65,direct-pdf-representation,1.0,models/XBeach/source-analysis/xbeach_infrastructure.md;PROPOSED: models/XBeach/manual-notes/xbeach-document-version-drift.md,,[]
XH149,xbeach-master-manual-2015,XBeach_manual_master.md,3501-3515,applicability,Multiple spectrum locations require wbcversion=3 and the documented interpolation does not support mixing spectral formats or incompatible time definitions.,build-mpi-version,add-source-and-version-scoped-manual-fact,gap,XH115,high,0.648,70;71,66;67,direct-pdf-representation,1.0,models/XBeach/source-analysis/xbeach_infrastructure.md;PROPOSED: models/XBeach/manual-notes/xbeach-document-version-drift.md,,[]
XH150,xbeach-master-manual-2015,XBeach_manual_master.md,3688-3774,documented_fact,"Defaults include Cd=0.002, rhoa=1.25, wind=0, D15=0.00015 m, D50=0.0002 m, D90=0.0003 m, nd=3, ngd=1, por=0.4 and rhos=2650 kg/m³.",sediment-transport,merge-with-existing-canonical-as-edition-scoped-manual-fact,existing-merge-target; retain compound finding as one denominator row,XH123,probable,0.4717,75;76;77,71;72;73,direct-pdf-representation,1.0,models/XBeach/manual-notes/xbeach-master-manual.md;models/XBeach/source-analysis/xbeach_morphology.md;models/XBeach/source-analysis/xbeach_intrawave_sediment_transport.md,,[]
XH151,xbeach-master-manual-2015,XBeach_manual_master.md,3920-3967,unfinished_feature,"Ship input gives inconsistent grid extents, prohibits boundary intersection, and documents compute_motion=1 despite stating that motion computation is unimplemented and moving-ship forces are unreliable.",vegetation-ships,record-as-source-scoped-unfinished-feature-or-document-limit,historical-limit-addition-required,XH116,high,0.5588,81;82;83,77;78;79,direct-pdf-representation,1.0,models/XBeach/manual-notes/xbeach-master-manual.md;models/XBeach/source-analysis/xbeach_vegetation.md;models/XBeach/source-analysis/xbeach_ship_waves.md;PROPOSED: models/XBeach/manual-notes/xbeach-manual-discrepancies.md,,[]
XH152,xbeach-master-manual-2015,XBeach_manual_master.md,"4027,4055-4057,4595,4657",version_drift,"The output default is Fortran rather than the Kingsday overview's NetCDF, the tintm default expression is malformed, and this edition specifies double-precision NetCDF fields.",build-mpi-version,record-as-edition-or-parameter-drift; do-not-generalize-to-current-code,version-crosswalk-addition-required,,unresolved,0.259,84;93;96,80;89;92,direct-pdf-representation,1.0,models/XBeach/source-analysis/xbeach_infrastructure.md;PROPOSED: models/XBeach/manual-notes/xbeach-document-version-drift.md;PROPOSED: models/XBeach/manual-notes/xbeach-manual-discrepancies.md,,[]
XH153,xbeach-master-manual-2015,XBeach_manual_master.md,"4669-4675,4949-5022",documented_fact,"Defaults include CFL=0.7, tstop=2000, maxerror=5e-5 m, maxiter=500, wavint=60, alpha=1, gamma=0.55, gamma2=0.3, gammax=2 and n=10, although the calibration discussion names roelvink1 while the default is roelvink2.",wave-action-breaking-roller-friction,merge-with-existing-canonical-as-edition-scoped-manual-fact,existing-merge-target; retain compound finding as one denominator row,XH118,probable,0.5162,96;107;108,92;103;104,direct-pdf-representation,1.0,models/XBeach/manual-notes/xbeach-master-manual.md;models/XBeach/source-analysis/xbeach_wave_action_balance.md;models/XBeach/source-analysis/xbeach_wave_breaking.md;models/XBeach/source-analysis/xbeach_wave_functions.md,,[]
XH154,xbeach-master-manual-2015,XBeach_manual_master.md,5040-5142,documented_fact,"Defaults include beta=0.1, roller=1, cats=4, hwci=0.1 m, eps=0.005 m, eps_sd=0.5 m/s, hmin=0.2 m and secorder=0.",nonhydrostatic-physics-numerics,merge-with-existing-canonical-as-edition-scoped-manual-fact,existing-merge-target; retain compound finding as one denominator row,XH124,probable,0.4826,109;110;111,105;106;107,direct-pdf-representation,1.0,models/XBeach/manual-notes/xbeach-master-manual.md;models/XBeach/source-analysis/xbeach_nonh.md;models/XBeach/source-analysis/xbeach_solver.md;models/XBeach/source-analysis/xbeach_flow_solver.md,,[]
XH155,xbeach-master-manual-2015,XBeach_manual_master.md,5164-5346,documented_fact,"Transport defaults include Tsmin=0.5, As=0.1, Sk=0.1, sl=1.6, ua=0.1, pormax=0.5, repose=30, rheeA=0.75, cmax=0.1, kmax=1, sigfac=1.3 and vicmol=1e-6.",sediment-transport,merge-with-existing-canonical-as-edition-scoped-manual-fact,existing-merge-target; retain compound finding as one denominator row,XH125,high,0.5697,112;113;114;115;116,108;109;110;111;112,direct-pdf-representation,1.0,models/XBeach/manual-notes/xbeach-master-manual.md;models/XBeach/source-analysis/xbeach_morphology.md;models/XBeach/source-analysis/xbeach_intrawave_sediment_transport.md,,[]
XH156,xbeach-master-manual-2015,XBeach_manual_master.md,5354-5431,contradiction,"morstart and morstop are described as hydrodynamic times in prose but morphological times in their entries, with defaults 120 and 2000, and setbathy overrides depfile when morphology is disabled.",morphology-bed-composition-avalanching,document-both-source-statements-as-an-internal-conflict; do-not-select-a-value,conflict-register-addition-required,XH106,probable,0.541,116;117;118,112;113;114,direct-pdf-representation,1.0,models/XBeach/manual-notes/xbeach-master-manual.md;models/XBeach/source-analysis/xbeach_morphology.md;models/XBeach/source-analysis/xbeach_avalanching.md;models/XBeach/source-analysis/xbeach-morphology-foundation.md;PROPOSED: models/XBeach/manual-notes/xbeach-manual-discrepancies.md,,[]
XH157,xbeach-master-manual-2015,XBeach_manual_master.md,5474-5533,documented_fact,"Groundwater defaults include aquiferbot=-10, dwet=0.1, gw0=0, critical Reynolds number 100, gwfastsolve=0, gwnonh=0 and directional permeabilities of 1e-4 m/s.",groundwater,merge-with-existing-canonical-as-edition-scoped-manual-fact,existing-merge-target; retain compound finding as one denominator row,XH126,high,0.6579,119;120,115;116,direct-pdf-representation,1.0,models/XBeach/manual-notes/xbeach-master-manual.md;models/XBeach/source-analysis/xbeach_groundwater.md,,[]
XH158,xbeach-master-manual-2015,XBeach_manual_master.md,5547-5705,documented_fact,"Non-hydrostatic defaults include Topt=10, viscfac=1.5, maxbrsteep=0.6, nhbreaker=2, solver accuracy 0.005, 30 iterations and relaxation 0.92, while physical defaults include g=9.81 and rho=1025.",nonhydrostatic-physics-numerics,merge-with-existing-canonical-as-edition-scoped-manual-fact,existing-merge-target; retain compound finding as one denominator row,XH127,probable,0.4449,121;122;123;124,117;118;119;120,direct-pdf-representation,1.0,models/XBeach/manual-notes/xbeach-master-manual.md;models/XBeach/source-analysis/xbeach_nonh.md;models/XBeach/source-analysis/xbeach_solver.md;models/XBeach/source-analysis/xbeach_flow_solver.md,,[]
XH159,xbeach-master-manual-2015,XBeach_manual_master.md,"6304-6414,6911-6916,7006-7314",documented_fact,"The numerical description uses backward Euler for groundwater, a 4/Trep filter cutoff, Thomas solution in 1D and SIP in 2D, explicit erosion with implicit deposition, theta=1 for upwind and 0.5 for central transport, and excludes boundary avalanching and bed diffusion.",groundwater,merge-with-existing-canonical-as-edition-scoped-manual-fact,existing-merge-target; retain compound finding as one denominator row,XH120,probable,0.4307,129;130;133;134;135;136,125;126;129;130;131;132,direct-pdf-representation,0.980512,models/XBeach/manual-notes/xbeach-master-manual.md;models/XBeach/source-analysis/xbeach_groundwater.md,,[]
XH160,xbeach-master-manual-2015,XBeach_manual_master.md,"7710-7854,8669-8998,9362",documented_fact,"The limiter is minmod, the predictor-corrector scheme is second order for smooth solutions and first order at sharp gradients, source integration can reduce formal order to one, and the pressure discretization is stated to be equivalent to Keller-box or Hermitian relations.",nonhydrostatic-physics-numerics,merge-with-existing-canonical-as-edition-scoped-manual-fact,existing-merge-target; retain compound finding as one denominator row,,unresolved,0.2349,139;140;142;143;145,135;136;138;139;141,direct-pdf-representation,1.0,models/XBeach/manual-notes/xbeach-master-manual.md;models/XBeach/source-analysis/xbeach_nonh.md;models/XBeach/source-analysis/xbeach_solver.md;models/XBeach/source-analysis/xbeach_flow_solver.md,,[]
XH161,xbeach-nonhydrostatic-model-draft-2010,non-hydrostatic_report_draft.doc.txt,"12,326,676-689",version_drift,"The draft describes a single-layer model that captures breaking without a separate breaking model or maximum-steepness parameter, whereas the later manuals document empirical non-hydrostatic breaking thresholds.",build-mpi-version,record-as-edition-or-parameter-drift; do-not-generalize-to-current-code,version-crosswalk-addition-required,XH184,probable,0.3157,3;11;12;18;19,frontmatter-physical-3;1;2;8;9,cross-format-partial,0.547081,models/XBeach/source-analysis/xbeach_infrastructure.md;PROPOSED: models/XBeach/manual-notes/xbeach-document-version-drift.md;PROPOSED: models/XBeach/manual-notes/xbeach-manual-discrepancies.md,,[]
XH162,xbeach-nonhydrostatic-model-draft-2010,non-hydrostatic_report_draft.doc.txt,"21-22,689",validation_limit,The draft reports underestimated surf-zone energy dissipation and overestimated high-frequency energy and wave heights because depth averaging omits vertical structure including undertow and rollers.,validation-nonhydrostatic,merge-as-draft-scoped-fact-or-limit-into-nonhydrostatic-report-note,partial-mechanism-coverage; validation/applicability detail absent,,unresolved,0.2462,3;19,frontmatter-physical-3;9,cross-format-mapped,1.0,models/XBeach/source-analysis/xbeach_nonh.md;PROPOSED: models/XBeach/manual-notes/xbeach-nonhydrostatic-report.md,,[]
XH163,xbeach-nonhydrostatic-model-draft-2010,non-hydrostatic_report_draft.doc.txt,"394-402,463-478,617-642",applicability,"The formulation assumes incompressible homogeneous Newtonian flow, a single-valued free surface, negligible bed-motion time derivative, zero uniform atmospheric pressure, no surface tension or local wind-wave generation, and zero normal velocity at closed boundaries.",nonhydrostatic-physics-numerics,merge-as-draft-scoped-fact-or-limit-into-nonhydrostatic-report-note,partial-mechanism-coverage; validation/applicability detail absent,XH182,probable,0.3362,13;14;15;17,3;4;5;7,cross-format-mapped,0.779727,models/XBeach/manual-notes/xbeach-master-manual.md;models/XBeach/source-analysis/xbeach_nonh.md;models/XBeach/source-analysis/xbeach_solver.md;models/XBeach/source-analysis/xbeach_flow_solver.md,,[]
XH164,xbeach-nonhydrostatic-model-draft-2010,non-hydrostatic_report_draft.doc.txt,529,applicability,The depth-averaged approximation requires weak vertical velocity-profile variation and explicitly calls for additional vertical resolution when undertow produces a nonuniform profile.,parameter-defaults-mixed,merge-as-draft-scoped-fact-or-limit-into-nonhydrostatic-report-note,partial-mechanism-coverage; validation/applicability detail absent,,unresolved,0.2231,16,6,cross-format-mapped,0.974684,models/XBeach/manual-notes/xbeach-master-manual.md;models/XBeach/source-analysis/xbeach_params.md,,[]
XH165,xbeach-nonhydrostatic-model-draft-2010,non-hydrostatic_report_draft.doc.txt,690-723,documented_fact,"The Smagorinsky constant is stated to be typically 0.1–0.3 and the filter length depends on mesh size, with little added dissipation in smooth flow.",nonhydrostatic-physics-numerics,merge-as-draft-scoped-fact-or-limit-into-nonhydrostatic-report-note,partial-mechanism-coverage; validation/applicability detail absent,XH186,probable,0.3359,19;20,9;10,cross-format-partial,0.460064,models/XBeach/manual-notes/xbeach-master-manual.md;models/XBeach/source-analysis/xbeach_nonh.md;models/XBeach/source-analysis/xbeach_solver.md;models/XBeach/source-analysis/xbeach_flow_solver.md,,[]
XH166,xbeach-nonhydrostatic-model-draft-2010,non-hydrostatic_report_draft.doc.txt,"779-850,876,1013",accuracy_limit,"Central differences on nonuniform grids can become first order, the minmod predictor-corrector becomes first order near discontinuities, and explicit Euler treatment of stresses makes formal time accuracy first order despite the abstract's second-order claim.",nonhydrostatic-physics-numerics,merge-as-draft-scoped-fact-or-limit-into-nonhydrostatic-report-note,partial-mechanism-coverage; validation/applicability detail absent,XH186,probable,0.3556,22;23;24;26,12;13;14;16,cross-format-partial,0.669355,models/XBeach/manual-notes/xbeach-master-manual.md;models/XBeach/source-analysis/xbeach_nonh.md;models/XBeach/source-analysis/xbeach_solver.md;models/XBeach/source-analysis/xbeach_flow_solver.md,,[]
XH167,xbeach-nonhydrostatic-model-draft-2010,non-hydrostatic_report_draft.doc.txt,1025-1112,documented_fact,Dynamic pressure at the free surface is exactly zero and the pressure discretization is stated to be numerically equivalent to Keller-box or Hermitian formulations.,nonhydrostatic-physics-numerics,merge-as-draft-scoped-fact-or-limit-into-nonhydrostatic-report-note,partial-mechanism-coverage; validation/applicability detail absent,XH187,probable,0.5186,26;27,16;17,cross-format-partial,0.193025,models/XBeach/manual-notes/xbeach-master-manual.md;models/XBeach/source-analysis/xbeach_nonh.md;models/XBeach/source-analysis/xbeach_solver.md;models/XBeach/source-analysis/xbeach_flow_solver.md,,[]
XH168,xbeach-nonhydrostatic-model-draft-2010,non-hydrostatic_report_draft.doc.txt,1114-1200,applicability,"The absorbing-generating boundary assumes a straight boundary, locally flat bed, linear incoming waves and long reflected waves perpendicular to the boundary, with significant errors expected for more complex geometries.",flow-tide-discharge-boundaries,merge-as-draft-scoped-fact-or-limit-into-nonhydrostatic-report-note,partial-mechanism-coverage; validation/applicability detail absent,XH188,probable,0.4317,27;28;29,17;18;19,cross-format-mapped,0.742925,models/XBeach/manual-notes/xbeach-master-manual.md;models/XBeach/source-analysis/xbeach_flow_boundary_conditions.md;models/XBeach/source-analysis/xbeach_tide_forcing.md,,[]
XH169,xbeach-nonhydrostatic-model-draft-2010,non-hydrostatic_report_draft.doc.txt,1205-1242,documented_numerics,"Dry velocity points are set to zero, fully dry pressure rows use diagonal 1 and right-hand side 0, higher-order reconstruction is disabled unless the lowest stencil surface exceeds the highest bed, and shallow-water pressure-point removal defaults to zero.",nonhydrostatic-physics-numerics,merge-as-draft-scoped-fact-or-limit-into-nonhydrostatic-report-note,partial-mechanism-coverage; validation/applicability detail absent,XH189,high,0.6313,29;30,19;20,cross-format-mapped,0.855805,models/XBeach/manual-notes/xbeach-master-manual.md;models/XBeach/source-analysis/xbeach_nonh.md;models/XBeach/source-analysis/xbeach_solver.md;models/XBeach/source-analysis/xbeach_flow_solver.md,,[]
XH170,xbeach-nonhydrostatic-model-draft-2010,non-hydrostatic_report_draft.doc.txt,1263-1313,documented_numerics,"The pressure system is pentadiagonal in 2D, SIP requires relaxation below 1 without guaranteed convergence, the last iterate is accepted at the iteration cap, and Thomas solution is recommended for 1D.",nonhydrostatic-physics-numerics,merge-as-draft-scoped-fact-or-limit-into-nonhydrostatic-report-note,partial-mechanism-coverage; validation/applicability detail absent,XH191,probable,0.341,31;32,21;22,cross-format-partial,0.580067,models/XBeach/manual-notes/xbeach-master-manual.md;models/XBeach/source-analysis/xbeach_nonh.md;models/XBeach/source-analysis/xbeach_solver.md;models/XBeach/source-analysis/xbeach_flow_solver.md,,[]
XH171,xbeach-nonhydrostatic-model-draft-2010,non-hydrostatic_report_draft.doc.txt,1456,applicability,"The draft states that dispersion-related relative error stays approximately below 5% for kd<1 and grows rapidly for kd>1, requiring greater vertical resolution for shorter waves.",nonhydrostatic-physics-numerics,merge-as-draft-scoped-fact-or-limit-into-nonhydrostatic-report-note,partial-mechanism-coverage; validation/applicability detail absent,XH192,high,0.5858,33,23,cross-format-mapped,0.959184,models/XBeach/manual-notes/xbeach-master-manual.md;models/XBeach/source-analysis/xbeach_nonh.md;models/XBeach/source-analysis/xbeach_solver.md;models/XBeach/source-analysis/xbeach_flow_solver.md,,[]
XH172,xbeach-nonhydrostatic-model-draft-2010,non-hydrostatic_report_draft.doc.txt,"1481-1488,1670-1672,1745-1757",validation_configuration,"The oscillating-basin test uses kH=0.5 and CFL=0.5, the solitary-wave test uses depth 1 m with 160 points per wavelength and CFL=0.9, and the 2000-point dam-break test uses CFL=0.4 with non-hydrostatic corrections disabled.",validation-nonhydrostatic,merge-as-draft-scoped-fact-or-limit-into-nonhydrostatic-report-note,partial-mechanism-coverage; validation/applicability detail absent,XH196,probable,0.5171,35;41;43;44,25;31;33;34,cross-format-mapped,0.917112,models/XBeach/source-analysis/xbeach_nonh.md;PROPOSED: models/XBeach/manual-notes/xbeach-nonhydrostatic-report.md,,[]
XH173,xbeach-nonhydrostatic-model-draft-2010,non-hydrostatic_report_draft.doc.txt,1516-1620,applicability,"Dispersion tuning targets 0<kH<kHmax with kHmax approximately 1, can worsen longer-wave errors when optimized for large kH, and has an explicitly unknown influence on nonlinear interactions.",nonhydrostatic-physics-numerics,merge-as-draft-scoped-fact-or-limit-into-nonhydrostatic-report-note,partial-mechanism-coverage; validation/applicability detail absent,XH194,probable,0.3934,37;38;39,27;28;29,cross-format-mapped,0.748705,models/XBeach/manual-notes/xbeach-master-manual.md;models/XBeach/source-analysis/xbeach_nonh.md;models/XBeach/source-analysis/xbeach_solver.md;models/XBeach/source-analysis/xbeach_flow_solver.md,,[]
XH174,xbeach-nonhydrostatic-model-draft-2010,non-hydrostatic_report_draft.doc.txt,1792-1827,validation_configuration,"The shoal test specifies a 35-by-20 m tank, 1 Hz waves of height 4.64 cm, approximately 60 points per wavelength near the shoal, a 60 s run and an underpredicted focusing peak at transect 5, x=9 m.",validation-nonhydrostatic,merge-as-draft-scoped-fact-or-limit-into-nonhydrostatic-report-note,partial-mechanism-coverage; validation/applicability detail absent,XH197,high,0.8258,46;47,36;37,cross-format-mapped,0.733831,models/XBeach/source-analysis/xbeach_nonh.md;PROPOSED: models/XBeach/manual-notes/xbeach-nonhydrostatic-report.md,,[]
XH175,xbeach-nonhydrostatic-model-draft-2010,non-hydrostatic_report_draft.doc.txt,"1843,1872,2174,2187,2197",version_drift,"MPI compilation disables non-hydrostatic, second-order and Smagorinsky corrections irrespective of their switches in this draft, an edition-specific restriction that must not be generalized to later manuals.",build-mpi-version,record-as-edition-or-parameter-drift; do-not-generalize-to-current-code,version-crosswalk-addition-required,XH199,probable,0.5022,50;53;62;63,40;43;52;53,cross-format-mapped,0.990698,models/XBeach/source-analysis/xbeach_infrastructure.md;PROPOSED: models/XBeach/manual-notes/xbeach-document-version-drift.md;PROPOSED: models/XBeach/manual-notes/xbeach-manual-discrepancies.md,,[]
XH176,xbeach-nonhydrostatic-model-draft-2010,non-hydrostatic_report_draft.doc.txt,"1851,1870-1871",contradiction,"The program-structure section says wave_timestep is disabled for non-hydrostatic calculations, while the usage section asks users to disable it manually or supply zero short-wave energy.",nonhydrostatic-physics-numerics,document-both-source-statements-as-an-internal-conflict; do-not-select-a-value,conflict-register-addition-required,XH200,high,0.8067,50;51;53,40;41;43,cross-format-mapped,1.0,models/XBeach/manual-notes/xbeach-master-manual.md;models/XBeach/source-analysis/xbeach_nonh.md;models/XBeach/source-analysis/xbeach_solver.md;models/XBeach/source-analysis/xbeach_flow_solver.md;PROPOSED: models/XBeach/manual-notes/xbeach-manual-discrepancies.md,,[]
XH177,xbeach-nonhydrostatic-model-draft-2010,non-hydrostatic_report_draft.doc.txt,1870-1898,parameter_drift,"The draft uses nonh=1, instat=3 or 8, front=4 with arc=1, ny=2 for 1D, and numeric solver=1/2 rather than the later manuals' named wave-boundary and solver options and ny=0 convention.",nonhydrostatic-physics-numerics,record-as-edition-or-parameter-drift; do-not-generalize-to-current-code,version-crosswalk-addition-required,XH203,probable,0.4842,53;54,43;44,cross-format-partial,0.692485,models/XBeach/manual-notes/xbeach-master-manual.md;models/XBeach/source-analysis/xbeach_nonh.md;models/XBeach/source-analysis/xbeach_solver.md;models/XBeach/source-analysis/xbeach_flow_solver.md;PROPOSED: models/XBeach/manual-notes/xbeach-manual-discrepancies.md,,[]
XH178,xbeach-nonhydrostatic-model-draft-2010,non-hydrostatic_report_draft.doc.txt,1895-1898,documented_fact,"The recommended configuration uses instat=8 with velocity and surface elevation for front=4/arc=1, secorder=1, and approximately 30 meshes per wavelength.",nonhydrostatic-physics-numerics,merge-as-draft-scoped-fact-or-limit-into-nonhydrostatic-report-note,partial-mechanism-coverage; validation/applicability detail absent,XH202,high,0.6271,54,44,cross-format-mapped,1.0,models/XBeach/manual-notes/xbeach-master-manual.md;models/XBeach/source-analysis/xbeach_nonh.md;models/XBeach/source-analysis/xbeach_solver.md;models/XBeach/source-analysis/xbeach_flow_solver.md,,[]
XH179,xbeach-nonhydrostatic-model-draft-2010,non-hydrostatic_report_draft.doc.txt,"2039,2048,2067,2196-2199",contradiction,"Procedure descriptions say second-order corrections are 'Not called when sec_order=1', contradicting the documented enabling value secorder=1 and introducing an underscore spelling drift.",nonhydrostatic-physics-numerics,merge-document-conflict-with-frozen-source-snapshot-adjudication,source-code-adjudication-complete; retain-document-version-scope,XH204,high,0.7052,59;63,49;53,cross-format-mapped,1.0,models/XBeach/manual-notes/xbeach-master-manual.md;models/XBeach/source-analysis/xbeach_nonh.md;models/XBeach/source-analysis/xbeach_solver.md;models/XBeach/source-analysis/xbeach_flow_solver.md;PROPOSED: models/XBeach/manual-notes/xbeach-manual-discrepancies.md,secorder,"[{""canonical_ready_ko"": ""2010 보고서의 sec_order 표기는 현재 보관 snapshot의 secorder와 구분한다. 소스는 secorder=1일 때 2차 이류 보정을 호출하며 nonh 입력 기본값은 1(그 밖은 0)이다. nonh에서 0을 넣어도 일관성 검사에서 1로 강제한다. 이 사실은 2010 코드의 동작을 역으로 입증하지 않으며 보고서 안의 상반된 옵션 설명은 역사적 문서 모순으로 기록한다."", ""evidence"": [{""line_end"": 1410, ""line_start"": 1406, ""path"": ""models/XBeach/raw/source_code/trunk/src/xbeachlibrary/params.F90"", ""sha256"": ""73648b5733a8f90a8f18cda32743bdc2ef42f649e39c521e28e06584ee63c359""}, {""line_end"": 1746, ""line_start"": 1739, ""path"": ""models/XBeach/raw/source_code/trunk/src/xbeachlibrary/params.F90"", ""sha256"": ""73648b5733a8f90a8f18cda32743bdc2ef42f649e39c521e28e06584ee63c359""}, {""line_end"": 652, ""line_start"": 645, ""path"": ""models/XBeach/raw/source_code/trunk/src/xbeachlibrary/flow_timestep.F90"", ""sha256"": ""50742b601cc8feccd513cf742ca772b6021f1d4f5ffe074c4e8ffc90907dd2b2""}], ""finding_binding"": {""finding_exact"": ""Procedure descriptions say second-order corrections are 'Not called when sec_order=1', contradicting the documented enabling value secorder=1 and introducing an underscore spelling drift."", ""finding_id"": ""XH179"", ""finding_sha256"": ""b1b7cf2f2f3bfde3482e5755f2248e7d30cb5da45d03345ceb58c95f419a7e3d"", ""scope"": ""Only the named parameter or algorithm within this compound finding is adjudicated; other clauses retain their documentary disposition.""}, ""finding_bindings"": [{""finding_exact"": ""Procedure descriptions say second-order corrections are 'Not called when sec_order=1', contradicting the documented enabling value secorder=1 and introducing an underscore spelling drift."", ""finding_id"": ""XH179"", ""finding_sha256"": ""b1b7cf2f2f3bfde3482e5755f2248e7d30cb5da45d03345ceb58c95f419a7e3d"", ""scope"": ""Only the named parameter or algorithm within this compound finding is adjudicated; other clauses retain their documentary disposition.""}, {""finding_exact"": ""The procedure descriptions say corrections are 'Not called when sec_order=1', contradicting the recommendation and parameter table that 'secorder=1' enables them and also changing the keyword spelling."", ""finding_id"": ""XH204"", ""finding_sha256"": ""281e39d721c36edd15b598913ed407765717b779aa73cb1ea52219d7e252e4c4"", ""scope"": ""Only the named parameter or algorithm within this compound finding is adjudicated; other clauses retain their documentary disposition.""}], ""finding_ids"": [""XH179"", ""XH204""], ""scope"": ""frozen local source snapshot; historical PDF/DOC contradictions remain edition-specific"", ""source_artifact"": ""_staging/total-read/model-audit/XBeach/closure/manual-code-adjudications.json"", ""source_artifact_sha256"": ""56075b0e74b75050881292c5a95cca17813b4570457f3585a614d7f34c9f16fa"", ""topic"": ""secorder""}]"
XH180,xbeach-nonhydrostatic-model-draft-2010,non-hydrostatic_report_draft.doc.txt,2177-2230,default_drift,"Defaults are dispc=1, Topt=10 s when dispc<0, nonh=0, smag=0, secorder=0, kdmin=0, solver=1, solver_acc=0.005 and solver_maxit=20, with the iteration cap differing from the later manuals' 30.",nonhydrostatic-physics-numerics,record-as-edition-or-parameter-drift; do-not-generalize-to-current-code,version-crosswalk-addition-required,XH191,probable,0.4032,62;63,52;53,cross-format-mapped,0.869464,models/XBeach/manual-notes/xbeach-master-manual.md;models/XBeach/source-analysis/xbeach_nonh.md;models/XBeach/source-analysis/xbeach_solver.md;models/XBeach/source-analysis/xbeach_flow_solver.md;PROPOSED: models/XBeach/manual-notes/xbeach-manual-discrepancies.md,,[]
XH181,xbeach-nonhydrostatic-model-draft-2010,non-hydrostatic_report_draft.doc.txt,2261-2303,documented_fact,"Boun_U.bcf accepts 2–4 variables including time and mandatory U, interpolates between supplied times, and repeats its last row indefinitely after the final timestamp.",wave-boundary-spectra,merge-as-draft-scoped-fact-or-limit-into-nonhydrostatic-report-note,partial-mechanism-coverage; validation/applicability detail absent,,unresolved,0.2793,65;66,55;56,cross-format-mapped,0.975845,models/XBeach/manual-notes/xbeach-master-manual.md;models/XBeach/source-analysis/xbeach_wave_boundary_generation.md;models/XBeach/source-analysis/wave/xbeach_wave_boundary.md;models/XBeach/source-analysis/wave/xbeach-boundary-and-wave-setup.md;models/XBeach/source-analysis/xbeach_swan_handoff.md,,[]
XH182,xbeach-nonhydrostatic-model-draft-2010,non-hydrostatic_report_draft.md,"248,320,336,373",documented-physics,The single-layer formulation assumes homogeneous incompressible Newtonian flow and decomposes pressure as 'P=rho*g*(eta-z)+rho*p+p0'.,nonhydrostatic-physics-numerics,merge-as-draft-scoped-fact-or-limit-into-nonhydrostatic-report-note,partial-mechanism-coverage; validation/applicability detail absent,,unresolved,0.2529,11;14,1;4,direct-pdf-representation,1.0,models/XBeach/manual-notes/xbeach-master-manual.md;models/XBeach/source-analysis/xbeach_nonh.md;models/XBeach/source-analysis/xbeach_solver.md;models/XBeach/source-analysis/xbeach_flow_solver.md,,[]
XH183,xbeach-nonhydrostatic-model-draft-2010,non-hydrostatic_report_draft.md,"424,530,662-674",documented-applicability,"The derivation neglects bed time variation and surface tension, imposes surface non-hydrostatic pressure 'p=0' and zero wall-normal velocity, and requires more vertical resolution to represent undertow.",nonhydrostatic-physics-numerics,merge-as-draft-scoped-fact-or-limit-into-nonhydrostatic-report-note,partial-mechanism-coverage; validation/applicability detail absent,XH173,probable,0.3121,15;16;17,5;6;7,direct-pdf-representation,1.0,models/XBeach/manual-notes/xbeach-master-manual.md;models/XBeach/source-analysis/xbeach_nonh.md;models/XBeach/source-analysis/xbeach_solver.md;models/XBeach/source-analysis/xbeach_flow_solver.md,,[]
XH184,xbeach-nonhydrostatic-model-draft-2010,non-hydrostatic_report_draft.md,686-704,breaking-model-drift,"Breaking is represented as a bore without an empirical maximum-steepness parameter, unlike the later manuals' non-hydrostatic breaking thresholds, and the draft reports underestimated dissipation and excessive high-frequency energy.",build-mpi-version,record-as-edition-or-parameter-drift; do-not-generalize-to-current-code,version-crosswalk-addition-required,XH161,probable,0.3556,18;19,8;9,direct-pdf-representation,1.0,models/XBeach/source-analysis/xbeach_infrastructure.md;PROPOSED: models/XBeach/manual-notes/xbeach-document-version-drift.md;PROPOSED: models/XBeach/manual-notes/xbeach-manual-discrepancies.md,,[]
XH185,xbeach-nonhydrostatic-model-draft-2010,non-hydrostatic_report_draft.md,"749-751,4816-4818",documented-coefficient,"The Smagorinsky coefficient is described as 'Cs approximately 0.1–0.3', with nuh representing Cs when smag=1 and background viscosity otherwise.",flow-friction-viscosity,merge-as-draft-scoped-fact-or-limit-into-nonhydrostatic-report-note,partial-mechanism-coverage; validation/applicability detail absent,XH165,probable,0.3347,20;63,10;53,direct-pdf-representation,1.0,models/XBeach/manual-notes/xbeach-master-manual.md;models/XBeach/source-analysis/xbeach_bed_friction.md;models/XBeach/source-analysis/xbeach_flow_solver.md,,[]
XH186,xbeach-nonhydrostatic-model-draft-2010,non-hydrostatic_report_draft.md,"823-829,1055,1130,1206",documented-numerics,"The minmod limiter is 'psi=max(0,min(r,1))', giving second-order behavior in smooth regions and first order at discontinuities, while explicit Euler stress terms make the overall method formally first order despite the introductory second-order claim.",nonhydrostatic-physics-numerics,merge-as-draft-scoped-fact-or-limit-into-nonhydrostatic-report-note,partial-mechanism-coverage; validation/applicability detail absent,XH173,probable,0.4396,22;23;24,12;13;14,direct-pdf-representation,1.0,models/XBeach/manual-notes/xbeach-master-manual.md;models/XBeach/source-analysis/xbeach_nonh.md;models/XBeach/source-analysis/xbeach_solver.md;models/XBeach/source-analysis/xbeach_flow_solver.md,,[]
XH187,xbeach-nonhydrostatic-model-draft-2010,non-hydrostatic_report_draft.md,"2477,2764",documented-numerics,The vertical pressure treatment uses the surface condition 'p=0' and is described as equivalent to the Keller-box/Hermitian approach.,nonhydrostatic-physics-numerics,merge-as-draft-scoped-fact-or-limit-into-nonhydrostatic-report-note,partial-mechanism-coverage; validation/applicability detail absent,XH167,probable,0.5186,26;27,16;17,direct-pdf-representation,1.0,models/XBeach/manual-notes/xbeach-master-manual.md;models/XBeach/source-analysis/xbeach_nonh.md;models/XBeach/source-analysis/xbeach_solver.md;models/XBeach/source-analysis/xbeach_flow_solver.md,,[]
XH188,xbeach-nonhydrostatic-model-draft-2010,non-hydrostatic_report_draft.md,"2770,2840,2868,2906",documented-applicability,"The radiation-boundary derivation assumes a straight boundary, flat bed and linear waves with long reflected waves normal to the boundary, and warns of errors for oblique reflections and complex geometry.",flow-tide-discharge-boundaries,merge-as-draft-scoped-fact-or-limit-into-nonhydrostatic-report-note,partial-mechanism-coverage; validation/applicability detail absent,XH168,probable,0.4468,27;28;29,17;18;19,direct-pdf-representation,1.0,models/XBeach/manual-notes/xbeach-master-manual.md;models/XBeach/source-analysis/xbeach_flow_boundary_conditions.md;models/XBeach/source-analysis/xbeach_tide_forcing.md,,[]
XH189,xbeach-nonhydrostatic-model-draft-2010,non-hydrostatic_report_draft.md,2914-2927,documented-wetting-drying,"Dry points receive zero velocity and a pressure equation with diagonal '1' and right-hand side '0', while higher-order reconstruction requires all three stencil surface levels to exceed all three bed levels.",nonhydrostatic-physics-numerics,merge-as-draft-scoped-fact-or-limit-into-nonhydrostatic-report-note,partial-mechanism-coverage; validation/applicability detail absent,XH169,high,0.6271,29;30,19;20,direct-pdf-representation,0.955224,models/XBeach/manual-notes/xbeach-master-manual.md;models/XBeach/source-analysis/xbeach_nonh.md;models/XBeach/source-analysis/xbeach_solver.md;models/XBeach/source-analysis/xbeach_flow_solver.md,,[]
XH190,xbeach-nonhydrostatic-model-draft-2010,non-hydrostatic_report_draft.md,"2933-2953,4825",documented-cutoff,"Pressure-point removal uses the shortest resolved wavelength 'L=2*Delta x' and a wave-shortness threshold kdmin whose default is '0.0', disabling this removal.",nonhydrostatic-physics-numerics,merge-as-draft-scoped-fact-or-limit-into-nonhydrostatic-report-note,partial-mechanism-coverage; validation/applicability detail absent,XH169,probable,0.339,30;63,20;53,direct-pdf-representation,1.0,models/XBeach/manual-notes/xbeach-master-manual.md;models/XBeach/source-analysis/xbeach_nonh.md;models/XBeach/source-analysis/xbeach_solver.md;models/XBeach/source-analysis/xbeach_flow_solver.md,,[]
XH191,xbeach-nonhydrostatic-model-draft-2010,non-hydrostatic_report_draft.md,"2967-2995,4826-4829",solver-default-drift,"The five-point pressure system uses SIP with default 'solver=1', 'solver_urelax=0.92', 'solver_acc=0.005' and 'solver_maxit=20', accepting the final iterate at the cap, whereas later manuals document a cap of 30.",nonhydrostatic-physics-numerics,record-as-edition-or-parameter-drift; do-not-generalize-to-current-code,version-crosswalk-addition-required,XH180,probable,0.4956,31;32;63,21;22;53,direct-pdf-representation,1.0,models/XBeach/manual-notes/xbeach-master-manual.md;models/XBeach/source-analysis/xbeach_nonh.md;models/XBeach/source-analysis/xbeach_solver.md;models/XBeach/source-analysis/xbeach_flow_solver.md;PROPOSED: models/XBeach/manual-notes/xbeach-manual-discrepancies.md,,[]
XH192,xbeach-nonhydrostatic-model-draft-2010,non-hydrostatic_report_draft.md,3214,documented-dispersion-limit,"For 'kd<1' the untuned one-layer dispersion errors remain approximately below '5%', but for 'kd>1' they grow rapidly and additional vertical resolution is required.",validation-nonhydrostatic,merge-as-draft-scoped-fact-or-limit-into-nonhydrostatic-report-note,partial-mechanism-coverage; validation/applicability detail absent,XH171,high,0.5873,33,23,direct-pdf-representation,1.0,models/XBeach/source-analysis/xbeach_nonh.md;PROPOSED: models/XBeach/manual-notes/xbeach-nonhydrostatic-report.md,,[]
XH193,xbeach-nonhydrostatic-model-draft-2010,non-hydrostatic_report_draft.md,3390-3394,documented-validation-setup,"The standing-wave test uses 'L=100 m', 'kH=0.5', '100x100' grid points and 'CFL=0.5', with a separate dispersion sweep over '0.1<=kh<=7'.",validation-nonhydrostatic,merge-as-draft-scoped-fact-or-limit-into-nonhydrostatic-report-note,partial-mechanism-coverage; validation/applicability detail absent,XH172,probable,0.3892,35,25,direct-pdf-representation,1.0,models/XBeach/source-analysis/xbeach_nonh.md;PROPOSED: models/XBeach/manual-notes/xbeach-nonhydrostatic-report.md,,[]
XH194,xbeach-nonhydrostatic-model-draft-2010,non-hydrostatic_report_draft.md,"3524,3546,3647,3715",documented-tuning-limit,"For the interval '0<kH<1' the report gives an optimum dispersion coefficient 'alpha approximately 0.8', but says its effects on nonlinear interactions are unknown and single-frequency optimization can worsen other components.",validation-nonhydrostatic,merge-as-draft-scoped-fact-or-limit-into-nonhydrostatic-report-note,partial-mechanism-coverage; validation/applicability detail absent,XH173,probable,0.4489,37;38;39,27;28;29,direct-pdf-representation,1.0,models/XBeach/source-analysis/xbeach_nonh.md;PROPOSED: models/XBeach/manual-notes/xbeach-nonhydrostatic-report.md,,[]
XH195,xbeach-nonhydrostatic-model-draft-2010,non-hydrostatic_report_draft.md,3804-3825,documented-validation-limit,"The solitary-wave test uses '1 m' depth, '160 points per wavelength', 'CFL=0.9' and amplitude ratios '0.1, 0.2, 0.4', with noticeably reduced amplitude at 0.4 and initial profile adjustment over about '10 Lsol'.",validation-nonhydrostatic,merge-as-draft-scoped-fact-or-limit-into-nonhydrostatic-report-note,partial-mechanism-coverage; validation/applicability detail absent,XH172,probable,0.4853,41;42,31;32,direct-pdf-representation,0.975258,models/XBeach/source-analysis/xbeach_nonh.md;PROPOSED: models/XBeach/manual-notes/xbeach-nonhydrostatic-report.md,,[]
XH196,xbeach-nonhydrostatic-model-draft-2010,non-hydrostatic_report_draft.md,3891-3901,documented-validation-setup,"The frictionless dam-break comparison disables non-hydrostatic corrections and uses '2000' points over '100 m', upstream depth '1 m', wet downstream depth '0.1 m' and 'CFL=0.4'.",validation-nonhydrostatic,merge-as-draft-scoped-fact-or-limit-into-nonhydrostatic-report-note,partial-mechanism-coverage; validation/applicability detail absent,XH172,probable,0.4705,43;44,33;34,direct-pdf-representation,1.0,models/XBeach/source-analysis/xbeach_nonh.md;PROPOSED: models/XBeach/manual-notes/xbeach-nonhydrostatic-report.md,,[]
XH197,xbeach-nonhydrostatic-model-draft-2010,non-hydrostatic_report_draft.md,4143-4163,documented-validation-limit,"The shoal test uses a '35 by 20 m' tank, '1 Hz' waves of height '4.64 cm', about '60 points per wavelength' over the shoal and a '60 s' simulation, but significantly underpredicts the focusing peak at transect 5, 'x=9'.",validation-nonhydrostatic,merge-as-draft-scoped-fact-or-limit-into-nonhydrostatic-report-note,partial-mechanism-coverage; validation/applicability detail absent,XH174,high,0.8717,46;47,36;37,direct-pdf-representation,1.0,models/XBeach/source-analysis/xbeach_nonh.md;PROPOSED: models/XBeach/manual-notes/xbeach-nonhydrostatic-report.md,,[]
XH198,xbeach-nonhydrostatic-model-draft-2010,non-hydrostatic_report_draft.md,4157,quantitative-contradiction,"The shoal setup says grid spacing was 'increased' from '0.025 m' to '0.004 m', an inconsistent numerical description that must be checked before reproducing the mesh.",validation-nonhydrostatic,document-both-source-statements-as-an-internal-conflict; do-not-select-a-value,conflict-register-addition-required,XH174,probable,0.3056,47,37,direct-pdf-representation,1.0,models/XBeach/source-analysis/xbeach_nonh.md;PROPOSED: models/XBeach/manual-notes/xbeach-nonhydrostatic-report.md;PROPOSED: models/XBeach/manual-notes/xbeach-manual-discrepancies.md,,[]
XH199,xbeach-nonhydrostatic-model-draft-2010,non-hydrostatic_report_draft.md,"4203,4287,4806,4816,4823",documented-build-limit,"MPI builds explicitly disable non-hydrostatic, second-order and Smagorinsky routines regardless of their runtime switches, whose documented defaults are all '0'.",build-mpi-version,merge-as-draft-scoped-fact-or-limit-into-nonhydrostatic-report-note,partial-mechanism-coverage; validation/applicability detail absent,XH175,probable,0.4343,50;53;62;63,40;43;52;53,direct-pdf-representation,1.0,models/XBeach/source-analysis/xbeach_infrastructure.md;PROPOSED: models/XBeach/manual-notes/xbeach-document-version-drift.md,,[]
XH200,xbeach-nonhydrostatic-model-draft-2010,non-hydrostatic_report_draft.md,"4213-4217,4285",usage-contradiction,"The program description says wave_timestep is disabled automatically for non-hydrostatic computations, whereas the usage section instructs users to disable it manually or supply zero short-wave energy.",nonhydrostatic-physics-numerics,document-both-source-statements-as-an-internal-conflict; do-not-select-a-value,conflict-register-addition-required,XH176,high,0.8953,50;51;53,40;41;43,direct-pdf-representation,1.0,models/XBeach/manual-notes/xbeach-master-manual.md;models/XBeach/source-analysis/xbeach_nonh.md;models/XBeach/source-analysis/xbeach_solver.md;models/XBeach/source-analysis/xbeach_flow_solver.md;PROPOSED: models/XBeach/manual-notes/xbeach-manual-discrepancies.md,,[]
XH201,xbeach-nonhydrostatic-model-draft-2010,non-hydrostatic_report_draft.md,"4283,4291-4301",parameter-version-drift,"This draft enables non-hydrostatic mode with 'nonh=1' and restricts forcing to 'instat=3' or 'instat=8', predating the later manual's wavemodel/wbctype interface.",build-mpi-version,record-as-edition-or-parameter-drift; do-not-generalize-to-current-code,version-crosswalk-addition-required,XH177,probable,0.4058,53;54,43;44,direct-pdf-representation,1.0,models/XBeach/source-analysis/xbeach_infrastructure.md;PROPOSED: models/XBeach/manual-notes/xbeach-document-version-drift.md;PROPOSED: models/XBeach/manual-notes/xbeach-manual-discrepancies.md,,[]
XH202,xbeach-nonhydrostatic-model-draft-2010,non-hydrostatic_report_draft.md,4293-4305,documented-recommended-settings,"The recommended short-wave setup uses velocity and surface forcing with 'instat=8', 'front=4', 'arc=1' and 'secorder=1', with about '30 meshes per wavelength', while instat=3 is limited to sufficiently long waves.",nonhydrostatic-physics-numerics,merge-as-draft-scoped-fact-or-limit-into-nonhydrostatic-report-note,partial-mechanism-coverage; validation/applicability detail absent,XH178,high,0.6712,53;54,43;44,direct-pdf-representation,1.0,models/XBeach/manual-notes/xbeach-master-manual.md;models/XBeach/source-analysis/xbeach_nonh.md;models/XBeach/source-analysis/xbeach_solver.md;models/XBeach/source-analysis/xbeach_flow_solver.md,,[]
XH203,xbeach-nonhydrostatic-model-draft-2010,non-hydrostatic_report_draft.md,"4307,4827",dimension-convention-drift,"The draft recommends the direct Thomas solver 'solver=2' for one-dimensional 'ny=2' and SIP 'solver=1' for 'ny>2', unlike the later manuals' ny=0 one-dimensional convention.",nonhydrostatic-physics-numerics,record-as-edition-or-parameter-drift; do-not-generalize-to-current-code,version-crosswalk-addition-required,XH177,probable,0.476,54;63,44;53,direct-pdf-representation,1.0,models/XBeach/manual-notes/xbeach-master-manual.md;models/XBeach/source-analysis/xbeach_nonh.md;models/XBeach/source-analysis/xbeach_solver.md;models/XBeach/source-analysis/xbeach_flow_solver.md;PROPOSED: models/XBeach/manual-notes/xbeach-manual-discrepancies.md,,[]
XH204,xbeach-nonhydrostatic-model-draft-2010,non-hydrostatic_report_draft.md,"4305,4711-4731,4823",switch-contradiction,"The procedure descriptions say corrections are 'Not called when sec_order=1', contradicting the recommendation and parameter table that 'secorder=1' enables them and also changing the keyword spelling.",nonhydrostatic-physics-numerics,merge-document-conflict-with-frozen-source-snapshot-adjudication,source-code-adjudication-complete; retain-document-version-scope,XH179,high,0.7469,54;59;63,44;49;53,direct-pdf-representation,1.0,models/XBeach/manual-notes/xbeach-master-manual.md;models/XBeach/source-analysis/xbeach_nonh.md;models/XBeach/source-analysis/xbeach_solver.md;models/XBeach/source-analysis/xbeach_flow_solver.md;PROPOSED: models/XBeach/manual-notes/xbeach-manual-discrepancies.md,secorder,"[{""canonical_ready_ko"": ""2010 보고서의 sec_order 표기는 현재 보관 snapshot의 secorder와 구분한다. 소스는 secorder=1일 때 2차 이류 보정을 호출하며 nonh 입력 기본값은 1(그 밖은 0)이다. nonh에서 0을 넣어도 일관성 검사에서 1로 강제한다. 이 사실은 2010 코드의 동작을 역으로 입증하지 않으며 보고서 안의 상반된 옵션 설명은 역사적 문서 모순으로 기록한다."", ""evidence"": [{""line_end"": 1410, ""line_start"": 1406, ""path"": ""models/XBeach/raw/source_code/trunk/src/xbeachlibrary/params.F90"", ""sha256"": ""73648b5733a8f90a8f18cda32743bdc2ef42f649e39c521e28e06584ee63c359""}, {""line_end"": 1746, ""line_start"": 1739, ""path"": ""models/XBeach/raw/source_code/trunk/src/xbeachlibrary/params.F90"", ""sha256"": ""73648b5733a8f90a8f18cda32743bdc2ef42f649e39c521e28e06584ee63c359""}, {""line_end"": 652, ""line_start"": 645, ""path"": ""models/XBeach/raw/source_code/trunk/src/xbeachlibrary/flow_timestep.F90"", ""sha256"": ""50742b601cc8feccd513cf742ca772b6021f1d4f5ffe074c4e8ffc90907dd2b2""}], ""finding_binding"": {""finding_exact"": ""The procedure descriptions say corrections are 'Not called when sec_order=1', contradicting the recommendation and parameter table that 'secorder=1' enables them and also changing the keyword spelling."", ""finding_id"": ""XH204"", ""finding_sha256"": ""281e39d721c36edd15b598913ed407765717b779aa73cb1ea52219d7e252e4c4"", ""scope"": ""Only the named parameter or algorithm within this compound finding is adjudicated; other clauses retain their documentary disposition.""}, ""finding_bindings"": [{""finding_exact"": ""Procedure descriptions say second-order corrections are 'Not called when sec_order=1', contradicting the documented enabling value secorder=1 and introducing an underscore spelling drift."", ""finding_id"": ""XH179"", ""finding_sha256"": ""b1b7cf2f2f3bfde3482e5755f2248e7d30cb5da45d03345ceb58c95f419a7e3d"", ""scope"": ""Only the named parameter or algorithm within this compound finding is adjudicated; other clauses retain their documentary disposition.""}, {""finding_exact"": ""The procedure descriptions say corrections are 'Not called when sec_order=1', contradicting the recommendation and parameter table that 'secorder=1' enables them and also changing the keyword spelling."", ""finding_id"": ""XH204"", ""finding_sha256"": ""281e39d721c36edd15b598913ed407765717b779aa73cb1ea52219d7e252e4c4"", ""scope"": ""Only the named parameter or algorithm within this compound finding is adjudicated; other clauses retain their documentary disposition.""}], ""finding_ids"": [""XH179"", ""XH204""], ""scope"": ""frozen local source snapshot; historical PDF/DOC contradictions remain edition-specific"", ""source_artifact"": ""_staging/total-read/model-audit/XBeach/closure/manual-code-adjudications.json"", ""source_artifact_sha256"": ""56075b0e74b75050881292c5a95cca17813b4570457f3585a614d7f34c9f16fa"", ""topic"": ""secorder""}]"
XH205,xbeach-nonhydrostatic-model-draft-2010,non-hydrostatic_report_draft.md,4808-4809,documented-default,"The dispersion coefficient defaults to 'dispc=1'; positive values are spatially constant and negative values optimize locally using 'Topt', whose default is '10 s'.",nonhydrostatic-physics-numerics,merge-as-draft-scoped-fact-or-limit-into-nonhydrostatic-report-note,partial-mechanism-coverage; validation/applicability detail absent,XH180,probable,0.3912,62,52,direct-pdf-representation,1.0,models/XBeach/manual-notes/xbeach-master-manual.md;models/XBeach/source-analysis/xbeach_nonh.md;models/XBeach/source-analysis/xbeach_solver.md;models/XBeach/source-analysis/xbeach_flow_solver.md,,[]
XH206,xbeach-nonhydrostatic-model-draft-2010,non-hydrostatic_report_draft.md,4852-4867,documented-boundary-format,"The boundary file contains '2 to 4' variables with time and horizontal velocity mandatory, requires surface elevation for 'front=4, arc=1', interpolates between records and repeats the last record indefinitely after its final time.",parameter-defaults-mixed,merge-as-draft-scoped-fact-or-limit-into-nonhydrostatic-report-note,partial-mechanism-coverage; validation/applicability detail absent,XH181,probable,0.4262,65,55,direct-pdf-representation,1.0,models/XBeach/manual-notes/xbeach-master-manual.md;models/XBeach/source-analysis/xbeach_params.md,,[]
XH207,xbeach-nonhydrostatic-model-draft-2010,non-hydrostatic_report_draft.md,4875-4878,example-contradiction,The scalar example specifies velocity '0.010 m/s' at 't=2' but its explanation gives '0.020 m/s'.,parameter-defaults-mixed,document-both-source-statements-as-an-internal-conflict; do-not-select-a-value,conflict-register-addition-required,,unresolved,0.2196,66,56,direct-pdf-representation,1.0,models/XBeach/manual-notes/xbeach-master-manual.md;models/XBeach/source-analysis/xbeach_params.md;PROPOSED: models/XBeach/manual-notes/xbeach-manual-discrepancies.md,,[]
