path,bytes,sha256
.github/CODEOWNERS,332,236690fdf47f19980d80d63d8f4a75187d14aad72f511fd068b39654b188a689
.github/workflows/01-basic.yaml,5834,125bf928502126854c2cd46cccae345610083ad20747cdba3b772cda82c5241b
.gitignore,408,d37021649afe4942afdd2733e186c0be9732c8623710b4d6b9a65e27d335406e
.vscode/settings.json,41,d4e102bd54fdaea4c7fa4478e36bd1cf4f97549fae684298eb377acc7cfce87b
CODING-GUIDE,1096,09b455dd656363cd4abe4b695d4c531fcf5ce9d96f4ef911fa079e1b577ca5b4
CONTRIBUTING,4572,dbc04d56e1c3438de9aaeb4b032f6a4f96790cd46b68fa46c4a944bb660cef97
COPYING,35147,8ceb4b9ee5adedde47b31e975c1d90c73ad27b6b165a1dcd80c7c545eb65b903
DESIGN-DESCRIPTION,5653,89db2e9a7669086e9543508067b5d806adea37797c409aea251c61f529450efb
INSTALLING,2070,effdcadc093376a85d46a0acac55328a317f4ca17b0c88c69fbf27bdd3f73a61
NAMtoOWIRamp.pl,32495,ecef808eacb8a6e8c160c528177c840f5989d2e178cbecddeaa5759101e150de
PERL-MODULES,401,545b60fedad98ba5cb087bcbc38f37e91e221d8968395871f4fb4b8da3010252
PERL-MODULES.notest,62,e5ba87080d0744f3e19a9ded866666323ee3e358d6750941b24051a587a59fbe
PERL-MODULES.wget,80,9a9ebe32c6f171d6125582b9fadf4065bccdac7481f78cc1fb3a4ff9dbf06fdd
PERL/ASGSUtil.pm,6355,d1c9856aad1ef5db49ad9172acfe2abe7d7a4a16b5e6afeea8226d89b2266452
PERL/AdcGrid.pm,50114,3d9136dd6a28921d617109c6c5848f7388a3ead115dcb4664b0d71d872dbf269
PERL/ArraySub.pm,14058,296f63d29e597294027004b78d824fb0f3ba05f0055d9640d81a73f9a87d08ce
PERL/NetCDF.pm,1668,d8dba64f55fc5375d0780ade8de765ed18074b7d10bf4a91884e16304d21398f
PERL/README,139,abe53082204c7865a489064b7f03e5017e5fe1caf10e332615f3578cb664311b
PERL/deprecated/Date/Handler.pm,16157,2b1c97e89cab09088279873481bc8cca02973c6508462c84d5a3362c2bd86db1
PERL/deprecated/Date/Handler/Constants.pm,541,0e370b874c828a386a687af0637575a84a0de771ace810b9b3c7cd29583b9af9
PERL/deprecated/Date/Handler/Delta.pm,10175,1b660437e0da76d0ec03b25c3f56b99ef72db1b95e79102a86c3db55c2fe793f
PERL/deprecated/Date/Handler/Range.pm,5278,92a8df460970a7468882dd9df007fa3eb0d01d2439587882d647a7c674e63c5f
PERL/deprecated/Date/Handler/Test.pm,64050,652b4ce69916d77d11622ce9d369d3c0aa309c348e0f3da734409b91a5784601
PERL/deprecated/Date/Pcalc.pm,105883,753ff7dff2e59791d2dc7abc18d9cab612c78e41de5378626a84b253a0a69296
PERL/deprecated/DateTime/Format/ISO8601.pm,31876,67d7923e5baa4979f892a891c6342ca032b81829e4f4fd637b6f4b030001e015
PERL/deprecated/DateTime/Format/ISO8601.pod,8234,1e730421e556fac162c5314f2a48139ca294c184b3d8951326928a65f86db820
PERL/deprecated/Tiny.pm,78254,3769fa8da94bb51ac3a24211c20f1f170da2607314046aea3cec955be56991ba
PERL/perltidyrc,165,3769079bb413c8b3114aa6fe147a1889fadd1e13f4675bc03257c316c0cc1c0c
README.md,712,eb3de5bd8684791f11d19a9d442f2544244fc5d92706bd82e576afe162234fa7
READMEs/README-release-process.txt,6485,efcdf792b1935bd1577a81b00fe83020e484b7e3d4f2d229cf7a646355cb2f5b
READMEs/README-setup-email.txt,1266,07e2f014a7788070d4db6e4131f21f5486a1a427650f8542af9b2ffc1d2f3f71
READMEs/README-setup-ssh-config.txt,2460,6793125b68ca503ff27968b326c60cab338bbb56e716edece60c514ee3d25676
VERSION,12,69dced1fc82b64513842ce628727ee18744ebe7cecbd16ed47c753b76873f9be
archive/enstorm_pedir_removal.sh,7654,6c231f424b4532d081a65041e91a8b495287f59d5999f26323cb3e5890a02c27
archive/ncfs_archive.sh,2107,7ba6b61071a1db4cd1c44c7f2b7b05fc1cb673cfcce237485e0d1449925360cf
archive/null_archive.sh,1247,944363e5868bc8a008a796af99c3498eae0d339dce064a6d947ba421dadf7891
archive/pedir_removal.sh,2462,ea097e0e1aeb3619e37509ebb5faa7901c4c865010e9e7d4de09cec7b452b873
archive/pedir_removal_driver.sh,3239,248159b2539f74ab1ab927c7425138248f11b12b0603a93d83cff0e91e4a0b76
archive/pod_archive.sh,2099,54307446fab9b8f3dfbcffa1ecdebf30dfc29db4eadc481da0ac78163ad67988
archive/queenbee_archive.sh,2104,f5cc82e632da83a2bd7265f2175c4178dceefef92770ad662778eccef0a0e54e
archive/ut-archive.sh,1655,3f1f9c8edc9296ef63dde027d6cb0c7e84d9ceb48eb52999229fd48f34bb3f18
asgs-global.conf.sample,682,fba9bd04d480d7a312013e7ad36ab5a8d8302112fea959dd1280010b2f69a311
asgs_main.sh,160692,d0c047eadb73cb148de8491b0e5b8ddaaa7b06471cf0e26031395e20aa28c0b8
benchmarking/adcprep.slurm,645,5e9dae56672b27fc5312e02c68a6dcbd40cf9c9e402f26a7ef4b4bce041d2761
benchmarking/benchmark.sh,1395,4a31ff82e338172b8f23fc61691934fe313546fb3ca5b5e1bcc3cd87ab8c5fa1
benchmarking/padcirc.slurm,639,a17c09aa3525c32b97291d43afc7833c2a6faae0e67115d451784d5ee3c59d25
bin/DELETE,426,4cbd84a47400ea9491254ab2846441178f9426966d65c66b5173ef736a976a7e
bin/README,324,f177d77d695bbaec19944cb7359f64ffb276f4c409f5d661d7772d7d318bfd48
bin/_stub,238,6e118507614f75967192f09ebf9c4d027fcd1ab3247d79bc4cc26f535d63f2eb
bin/adcircflags2json,2117,2a0b54fff016ca3e8c4dcf4d181ad9e84cf35601af0f2073518b58fc9bf11743
bin/adcpatch,503,3ab45b0f9e897c5ead4e416ceed3bd5f2437dc79fdc54c9a327fa99b6c3097f4
bin/asgs-info,2008,2d51510c26d17354f7dca143ac9c348702d06cf83dbd2dd4f4543fa8c2d3d98b
bin/asgs-sendmail,7940,df79113f0c41d529aa545370619abbf3cd471b18e6f70f9f9d08eace0dc70644
bin/backup,2733,c0d352016a19cbe3037769f0d41a61bec6c3d0392e01bba2c06d75666927581f
bin/bashJSON.pl,3271,12b1a8f5b0fc027eb722af4be213656144f809ee6fb9f13e38124beb001a66b5
bin/build,1320,034c4a435094ddff562545dcab578e8c5a1b6c826725c5e9dbe72e8fdc604589
bin/build-run-index.pl,46446,33850a1eaf923d92ce67bb2dd2af223a54ffd9ab59fc04682d1907557a37cf03
bin/dump,1113,1a88df00bc0fc729bb7101ddba62b20227949720c1dfc0782cc2ecc8992bff2c
bin/fetch,5893,399dd26de8524f32c9478b33d836a63df35f74acab39c656cb79dd0cf380de7c
bin/get-coldstart-date,1083,bc7d635d6fe240ce277db9b3ca787fd5c00a83d2ee68b52ad9ba93801749da00
bin/get-instancename,1226,05816ad9e51a040c3ceccce7402db71cb3e397c8c24cd18685bdb07579b59b36
bin/get-scenario-package-size,1889,98604315cd9bc6e601efdc95d2827f425d1749184fdb45e5bd6b6a35df5f53ec
bin/get_gfs_status.pl,11518,27da6ae7a756f035b05994e3ff92132436849be2a45ce4e75ed814495b203747
bin/get_nam_data.pl,22460,486bfab55e12c5cb1d5621593e09ff719629402eca8175ddab0f3602f182a076
bin/get_nam_status.pl,11418,1889042d3a4750bf95fc631e628777ae4a83d411a11864d143e21da581eb0dd5
bin/guess,7005,f43215645fe1c523a6ad434e3a9cfd7e1bc28df55badd09412dba477c40ada34
bin/init-adcirc.sh,28069,c328118c9cbe50050b682aa78c279d46804f496b29519183c426f5e72da38ca6
bin/init-keys,1308,37e27a91149456736d9bbd49ea060e147bd764baf3fa5cfc9f7a5c39bb6cf72a
bin/latest.pl,1812,a3aa2c102d563c99ab214881218c1e1a802ad28adecaebc281cf6ff3110e3296
bin/list,2410,ee40358755e5d2c1aae6159e0436dcc1ec9f66bacd18ebaad10a206c90fad925
bin/nhc-recorder,8753,de0c8cdb5802a6a891eab2a3adc4bd0623a51ad5d6b6cfefe3390c2c3a16b64c
bin/repost-all,510,47fb4c8c797255350d9416ce49a4ea522fc7b8571abe8a81227bf4049509bcf1
bin/restore,4482,4ce34f91c9cdbe363c943b1352ef6374ac3e68702ccf040c876692355debbe0a
bin/run,605,cdf5f48bb5274e4cd618c5e9213efc8a88ba701fcf92537735b5b06d8daef25a
bin/select_nam_nowcast.pl,4020,15880215643b9c5c44b9185a7dccd074a74d445a384b30ff0cb13bc9e7357d4b
bin/show,7285,56a069aaa6347c63726725d3eedecf09e58b0cd91b6429815c5eb8190c85e2bf
bin/sq,1481,d64f662caec43014e54326b2df87f40c2ead8132a8e4ab7b0773167bbfaa3d7c
bin/tailf,964,191d54a4de109d491c50e479d90945096ef99aac732c08b384874c12a8b45013
bin/verify,5047,41d08e03fe1f439dad915078a5f8787bac7825fb78d24c81db028353b8ea3015
bin/why,213,c97aae723a3f662ea7a214d4a3a599228c0df365f52dcc1b6a2a75e5a056ab89
cloud/Dockerfiles/README,1290,ce691ec7b1d5fe7b10862009228c817faa1bb9a687575b01349d7c62257ea996
cloud/Dockerfiles/attic/Dockerfile.dev,8347,b9d7065fb1428e66179f588d6c5ce38b2fef173e8adc05ac50dc1e8ae80ae74b
cloud/Dockerfiles/debian-stable/Dockerfile.debian,5531,be9fbd8e7dccc8e6060fd0525e38cd092165090773bfa62577624b6c293f03b8
cloud/Dockerfiles/debian-stable/Makefile,740,51846de526697cbd737cba20354a1e10f662ae2a4d58852355d25aa5a56b9743
cloud/Dockerfiles/debian-stable/README.debian,709,6b2ebb69e3448347d0b8322194359d6f18b2dc9a1e897e272c179e443e28d95f
cloud/Dockerfiles/debian-stable/asgs-global.conf.sample,684,936ae177d49e8750bc0446184980390e3651d50ee93718c3dab847d3cd26d624
cloud/Dockerfiles/debian-stable/docker-compose.yml,348,bc90d1b8903c0de890965c59c437559be91cd4fe7827a102308e798f61a51e01
cloud/Dockerfiles/debian-stable/docker-entrypoint.sh,152,384a0dafe1f2ad38e3087b5c4b1e46c0bd1c53470a6ed13b7ddda4cd591055d5
cloud/Dockerfiles/debian-stable/ssh.config,703,d2bf964ed7acad36b1089afde12437db8b619b5f00d765c2c02333f6acb1e3d2
cloud/Dockerfiles/ubuntu-xenail/Dockerfile.xenial,2046,cdab30113deb3a97cd5e47129dcdabc30018bf8df033880001e1af37cce26de8
cloud/Dockerfiles/unstable-esmf/Dockerfile.esmf-alpine-xWIPx,2205,70e218f17960219d8369401327654e43c33f2b3eaec2b259be108cabed99c3b0
cloud/Dockerfiles/unstable-esmf/Dockerfile.esmf-ubuntu,2061,82e2c7b40c50fe9d93367a46c32baa8f0a91967831790f294663bb40715260f9
cloud/README,4084,d4164076bbde30cdaba51b9ece80f04da3af36c062878422d2b7caaedb21593f
cloud/VirtualBox/oracle-linux-8.7/Vagrantfile,3912,25c1cf3937c99661e6d0154c3216483503958a899f65abe882158e85edf389d5
cloud/VirtualBox/oracle-linux-8.7/asgs-virtualbox-licence.txt,774,316dcb28bb9fb3dc63bb7d00adb1e5c93328907fbdfcae27ba7818587f72d050
cloud/VirtualBox/oracle-linux-8.7/default.asgs-global.conf,533,02cea38f29a80313c35cc03c3feca6c8bbbafacce201fe14b6e508cfe8da21d8
cloud/VirtualBox/oracle-linux-8.7/default.ssh-config,109,b981c6258fef33263203615a603e66274ab07368e7ff6ca39e04d6e34219a8a9
cloud/VirtualBox/oracle-linux-8.7/dot.tmux.conf,930,0cbe8ecfc44fedfe4fa2547dd412823619557ec66be40255106f82cbc0425c11
cloud/general/DOT-asgs-brew.sh,48285,01806489dcda56b664c49cf2a87c26c1c0a74cb9a2662548419ae434a8bd5b66
cloud/general/INSTALL,1535,2dab2daf48fee6d091141544fa9359a911def807c001e850344064cbacf705be
cloud/general/README.asgsh,16135,53d977d3dcf08b8cb0a46c988f8646885f7062c8d47a8b5db61c7f3f3a3eabe3
cloud/general/README.hdf5-netcdf4,1481,42331eaf4f1fae388c5632fa5755c513cb745b1917e6fbe553db88773d67b99a
cloud/general/README.perlbrew,9052,3d34ac82ec8fe7e4ec389d82e60b721eb908c8207cc235475deeb6471d80d5d8
cloud/general/README.vagrant,4331,b6d28ebdbb94a3e52fb7af694425c96859f04d2edb35bff56bf13c4a7c6e4ab3
cloud/general/asgs-brew.pl,70199,ac31e6332eb43b59849484590351dc178ef480afe6b4c3ae437079b04d71230d
cloud/general/bash_login,32,300075dedc9ea2f8464cea838213fef3241cc242ec708a083f8a67acc25555be
cloud/general/init-cpra-postproc.sh,311,37e828fbdadf9aca16384fcaa9744104769483d567221d6057691a13498bfa8e
cloud/general/init-gnu-units.sh,896,8c7cc1a604265551d3f7c5e0d1fe17096c7e2f26f27e2f51dd085944b0619243
cloud/general/init-gnuplot-noX11.sh,962,2e11a3538721e72b82d273ed6fa51c6d95f92c8e833d8dd563e9ff5890db5ca1
cloud/general/init-hdf5.sh,2547,e36b076a69d7ab05b19c53ae60742d6eddd3164eefc1ca142075b80a1e1fb0c4
cloud/general/init-input-mesh.sh,295,eeeb46a05e7b1948ac18f76c466487a9ecb9becfb336d158f52207f064c80929
cloud/general/init-input-nodalattr.sh,295,eeeb46a05e7b1948ac18f76c466487a9ecb9becfb336d158f52207f064c80929
cloud/general/init-jq.sh,1562,d3a2f5aaf2fc4bdbd2948290a219872abe98d0ba0f82d0670d68c124f508c0dd
cloud/general/init-nco.sh,1476,f0f2908d68c9ce1e14a8e5a80d9b319a4c3294dbd1b788f2b37a22d1d76b86b4
cloud/general/init-netcdf4.sh,3067,3542ca525a2f9ffcd5b6fe5b530add4261233c4e1dc4b03b38c0a8c23d53cbb9
cloud/general/init-openmpi.sh,4368,0992f7cdc265b9b282f92ff10633c34bf2af01e4b06f714be2eac12ee1834d88
cloud/general/init-output.sh,295,eeeb46a05e7b1948ac18f76c466487a9ecb9becfb336d158f52207f064c80929
cloud/general/init-perl-data-language.sh,291,18083bc169542d53624432ac7c227601515e68eed95b5aa09efa75009af5b245
cloud/general/init-perl-modules.sh,1957,f676bbaf2db0ec3370175fa134ce4ed6d4609955f53f0aaf3652b4a20a436cfe
cloud/general/init-perlbrew.sh,2096,5f6152014cd1a87dd66aafcfe0a19b991f7be5368779ddfbce6a86cac3df96f0
cloud/general/init-perldev-env.sh,327,23084d62ae60de915839bdecc6869ce79f5d62f27d364611dd6c20801064706e
cloud/general/init-pigz.sh,1345,317e1ce33a8e0798221ae40e721e390363a5e404b1fd0118687f5ed62d9d53a0
cloud/general/init-replaycli.sh,1163,a1810204ccd7d9f456ccb0253ed2ef5dcbd2aeff99e8c5f4e41defe23c2cf9b0
cloud/general/init-tmux.sh,1510,825a40aebe0de66df77b48e9e14d771fc61881dbebcc61867a6a85eadb0e06d8
cloud/general/init-util-output.sh,295,eeeb46a05e7b1948ac18f76c466487a9ecb9becfb336d158f52207f064c80929
cloud/general/init-util.sh,295,eeeb46a05e7b1948ac18f76c466487a9ecb9becfb336d158f52207f064c80929
cloud/general/init-wgrib2.sh,1242,aabf623adcc756b26f2024a5f9868ba58c3ea77b397a4acaff8163517f627af4
cloud/general/t/build-all-adcirc.sh,639,4bb113537d04d091315bb6038015509b5b4fe62aafad8fc81e2031c7f7cfc4f7
cloud/general/t/netcdf4-bench.py,1719,1a8c93914199415018234dde88bfa31a806fb239203a4cbf57ba91791b5dfe5d
cloud/general/t/test-data/README,168,8cd522ea8c3960fc524df0eccea5352dcc69817ebb556a1ab1bfe3cba743cbe9
cloud/general/t/verify-adcirc.sh,1656,4d1350c44b2ad7750ae4024fe74340da84d850a057b540844ea8bd9d267d6696
cloud/general/t/verify-all-adcirc.sh,1800,cf027bd4deab863d7035d15e719745abf1919c7c165e8d7a00c750dfe108561c
cloud/general/t/verify-perl-modules.t,306,c58c8f78bf40e40fb3fe481a1b409611dd11ada748ed5a52f56e4981ad54f9e6
cloud/general/t/verify-python-modules.py,75,c0e68cc22e32e028defa5c5f0096daaaedec99422648be4d7e1a6732f96bd0f6
config/config_defaults.sh,2152,6b66b2dad492ec55012c0d81cfc009c6f7b7156d20e050bd9b9ba60e4ef5c807
config/forcing_defaults.sh,7751,d4a1ff0b7973bd55788863fcf7b22af61d0d56a384bba571de319493c2170553
config/io_defaults.sh,5285,07c09cad41f56aa9bdda48ab51cf4e482a12455bdfa87da52309610545ff68d1
config/mesh_defaults.sh,5398,ec1620a070b86cf0b0ed892e61194b637d77d3deba697be76e6e00595e7afe16
config/model_defaults.sh,11734,f1d3814ccbb77b0c3e7e4a033fa82c18ec23e4bb20c3b51e5f51ff793f0df823
control-parameters-template.yaml,6362,cf8a543cb14d1a294a02ab4b2e29be024cab9f51c3fad8ef13138341b33087c5
control_file_gen.pl,65664,a1e8eff7862c7f437c6373750deba51c4d7f62bb1b68359bee73d1f27fd50842
doc/ADCIRCFAQ.html,39247,aff0efebd9e8e45139c225e94045f6f6f4089e69da95f5e56cd7a5a83944c7c9
doc/ADCIRCFAQ.txt,20900,5706c23aeb5c61616eee132d66467c8584ea88b6c6ad8bb5e7d3207d258318a1
doc/ASGSInterfaceGuide.html,37278,c31cec91274bd1424dc4a1c6c6b84dfeb70b36d440632217a92a255b4d400e2e
doc/ASGSInterfaceGuide.pdf,99465,a639dd8edee0800feddebcdf5c687de0d55190e2739d4505272bc45816c84546
doc/ASGSInterfaceGuide.txt,15250,01367fcdbf18549cdf06117d170ee7fffedf4f42cdc8442841b6c578ad98c1ea
doc/README-thredds-servers.txt,1899,2c69f2df32b01fbabe4c792d2969c1219e790c06100b94b16927e114bf3a6630
doc/RELEASE-NOTES,1894,d5b77655f7383834326e731dbf9d3baf9d331225924520b8f2053ff133ca3a43
doc/figures/SCC_logo.png,12125,6ca6b997c2d99ca0121df333ba298a24b60a2d1121a7f750947685bcd249b156
doc/figures/asgs-schem.png,200249,680280de0ffa21b15b7fd16c2e737d8f8551936e80bc0f1c9d1883936c4f3fda
doc/figures/asgs_overview_color.png,28228,cda8053125e4a1e138b980c01ca342c7cb0834a5893055064704897a6bcd9202
doc/figures/asgs_structure_color.png,55349,b01cfdaddc3e4a1cd95005288f4225fad677e750c8df019113cadb2ff83058c5
doc/figures/asgsdash.png,359229,7e64044071d81af65e4b21dc2759a8fc6597c3edc639ff526238e27e4ce709a5
doc/figures/irene23_maxwaveheight.png,905627,1025630691ec72e43b6ec1d9f6c8596682afc4c18a16bf7b4572180f0d8171f7
doc/figures/irene25_maxwind.png,819288,af102c6b150ee6dc2561b922275c1cc8b877ab6d46fe4168d9692a6f4cf3bcc6
doc/figures/irene25_vortex_analysis.png,137242,661f1e95d83f89930965bfdd92fcbe3455c82e830359757254ddca17fa8fe077
doc/figures/irene28_maxele.png,805591,240bd1f7399ddc7a40b32e104aafe6223ac696e264809eebd1b895e02227c360
doc/figures/irene28_maxwind_closeup.png,834895,7c78a317afbe953e620d0030b96d3d418a4cb55a026cacba02e953d4f679bfa6
doc/figures/irene_advisory_comparisons_scatter_45deg.png,23812,60a1ee9e697f396e6429698746f2d9e7eae68dacaf82ef8648512616dc765033
doc/figures/irene_beaufort.png,52646,a281a3a51e6eec6318e16a1cf9249e69031601292129d00db10948572b57c5c2
doc/figures/irene_oregoninlet.png,49581,3edcc8055e778a8738e02c9ce6592db68a225e0832e228c2dfd002998c785e24
doc/figures/irene_track.png,412497,cfefc10a02a84e075413f93e1e48f1c31faa723c5110fed37e6b1b1b56bd15af
doc/figures/irene_track_comparisons.png,399043,34eafed87fef6b4be3d9ebd20bc8c71c65b3b94ef0f3afd5eec1ca09e13291d5
doc/figures/nc_landcover.png,1698004,2fa8a3a84c8e33bc8e1e4c5afe37c96381df5e3fa371b3bf480827a63609c906
doc/figures/ncv6b_bathy.png,285412,1d6d5def283bbefd7ea3abce45c0f55e2dc85bc425ba97b00758d65c68dd5a79
doc/figures/ncv6b_mesh.png,183585,64e617342c4cf3b03056a22f7fc814882c77654f05592757b3f364e85a16e9d1
doc/figures/paraview_maxele_filt.png,130309,27889870bb3474a60c0c8fd952bf4b63cda34b46de336914ac0f57787d2b1a2b
doc/figures/paraview_maxele_ss.png,148551,5f7a5eabb5eac1f46da278bc95dd7c7d0649e686848fdbb07eb50a9ea321170a
doc/filesFromMaster.txt,670,590588157ca46a00b4b8cf07074df6d2474a609d754bd65c613dc6e3715765a1
doc/input/README.asymmetric,3506,7bf7710cf26e8b88e2b6066d1530a19c81fb4a421e67261803996ac7e13fff73
doc/input/README.asymmetric2,3869,4943e79652afb2100768850467308c6272d5fa0d24f8803179db1033ebda58a0
doc/input/precomputedWinds.md,7204,6c69de0fb3847d17c3e8a69576cd9fd78a0be5c055f8934df29e81d2f8380720
doc/input/realTimeRiverFlux.md,12038,d5a2fa953ea4a8280e2bd63faab449b0d2a3d41bccb80643d7f8b6cc773871e4
doc/install/ASGSDevGuide.html,79710,1af350fdaadf100c92259cbaf4360b097abef64e70bbafd73f71e713ce5ffb68
doc/install/ASGSDevGuide.txt,48480,3073d44e28593d6b2507ac99618e6ca01f873a83175b418847b080b3ad9f3449
doc/monitoring/automated_monitoring.txt,4509,87d19ee5f2c0f88aa277c3ecff1bd78c513a3078399f12c1dbaac418721dcebd
doc/operate/ASGSOperatorsGuide.html,133018,5252d862122e3d690021b800dac444b8bdf3619698acc500f58d4aaa3c087171
doc/operate/ASGSOperatorsGuide.txt,85324,af7d7f2cfda3eb27d9c05aa14273cd029df65ad6d115a7a33f4d27a6c9938b0e
doc/operate/ASGS_Kickstarting.md,1227,65242bcb88a45b71fa46a0d257d208bc0d92b202e28f5110661cb9fe71cd8f1f
doc/operate/ASGS_Setup.md,5545,6f8ae4eb78a02cbf6979e358671c09a07f6962bb36cb8b8b31ee97730ae36108
doc/operate/ASGS_TestingTCs.md,788,55eec81d50e68f6d2be5bcd2dae773ebab785b1144abee2882d0439672ab6a79
doc/operate/machines.md,5196,1c460437c86f5c7b604b4594bb1ecc8959e79476e84f7122915f4ad77d0804bb
doc/output/ADCIRCParaview.html,32116,7ba35b209c2ccddd113494af53c2291beb06fc5372028e8a5568e3f6e7b0b110
doc/output/ADCIRCParaview.pdf,403064,4e45949c83bcb2de138da7c82561bfedf4bf965b75c235669dae5adc0760c286
doc/output/ADCIRCParaview.txt,11132,ce0212a8beae53942cd64591024c4a42d7f287abf3ce99f576025a562390e41c
doc/output/parallelPostProcessing.md,5363,6eedc5a0052e934b0262d2aa37fac379914fb63b4e303e078e1391a3217ddd17
doc/output/paraviewPenguinComputing.md,2192,2b8909bbd99e32dd532cdff552eadbbd2cb7793b1bb3fde581ed3182dfcb94bc
doc/paper/4ATLHurricanes2008.jpg,127439,d49eeecf7f26be6db0074f81664f80479dd248b6941dc9f9a11e40c7211611f0
doc/paper/accurate.png,1270438,011715f5450cc1da83c84f0bf18cad0debc62c71cc19e32a25d8ed1329dac194
doc/paper/ametsoc.bst,36202,d3c8aa98804fedca71043fe68ed451a4e2795f5b2e409a749175c72711e356c5
doc/paper/ametsoc.sty,9790,221bf26c5be84b867faba847d0781b9c23a8acabbaf0a672f2bce21df82df91b
doc/paper/ametsoc2col.sty,6806,c2c1d82c08ed41e0988c84c4375646c461ca127fd94d69414bcc514fb57d57b7
doc/paper/asgs.tex,72480,d78d3a8954e0f3550630a8ab1a321373550fefb1e58ad8c3d1c9162ab0e41d3e
doc/paper/asgs_overview_color.pdf,32595,854cb0d06bdcd577f999a601f42377bc6c8add5e00959fc5e92d1b8a0344597a
doc/paper/asgs_structure_color.pdf,56640,a2f641a005d8ade0461ec17d0ec8d2f017d96b19f54094e7218ff88912c501e2
doc/paper/capable.png,908386,c48226b5f572d86d3300fe0ca1788686a0dba5d724b1532cd7302202c6bdd18b
doc/paper/cera.jpg,246057,7747d74bb4273d633b54e3930a18b6f6d25fd9d907a1f30b3c0d405b9063a8cc
doc/paper/ciflow.png,192845,776deb591e45b4b4da9bdddbd8b27c70bf26438d9539225279503043a94d32e7
doc/paper/closed_system.pdf,5578,079baae3a64e42628698eb233b87c3290cc89fee89a0b0954a053bdae2d530ef
doc/paper/compatible.png,508438,aab2885dc9821f641e55cd2e3e79a2cac68ff125d2465c611f15ad8834aa7115
doc/paper/deepwater_horizon.jpg,237568,e113d74b5cbd5877616425d76d4ccfada8995f24cc5a6d6626cd0b7cedc72fa1
doc/paper/distributed_chain.pdf,9927,8fe0d931f487d39f1d020c02b0196b6bf1d5e7045ba2a50664b736db21907569
doc/paper/femar2.png,231442,f1ce6977ff3cc578b73c377dfb6a7db9531be454abe85eb224d2de8c1a132e7e
doc/paper/fleming_asgs_ecm13.tex,84318,76c55b7338ddd35a70301ff0fdd9c1e4a233f9751885d9e5310d41eb209227d3
doc/paper/flexible.png,648395,59e82397073380aeb538d32e85461db48630a5b3fb5de098de760f0d76b401d2
doc/paper/mdpi.bst,22873,2e7bd25fe28a66a295dda8b37a4cacf761cc0a1bbef1f089d1a8afdac2a59d80
doc/paper/mdpi.cls,96233,26be42cdd09a139ca7fffa32e1b685d7142bcbe70e2cac9120c466fc1ad996d7
doc/paper/nam_domain.jpg,90112,47024d50f335974a0d859119b6d3c944fa8cdaa9aad1413160c84ab598e45746
doc/paper/ncv6b.png,315066,ccf25b51832c90212dcdfcb9b913f5c35a0d4b5c6974274951be23b41d4f9e71
doc/paper/ncv6b_bathy.pdf,303767,4609e23c26d85932426aaa4af03234c900c1cedce487fad72a2c2e32573eb908
doc/paper/ncv6b_mesh.pdf,131071,f26a2ce29e1d10a3372914f653b1fabc39a12836f7d1d0e9cfcdd58412d03f83
doc/paper/references.bib,14694,6851f5853f432bfb8970b95fe0a1e626f195fc11b837f82841e3512681d9d282
doc/paper/regional_teams.jpg,55209,8f86e7da007d136d6821c4752c407f0e2ef6b3c307b48ef3c35b133c4c46b6ad
doc/paper/template.tex,6833,ad3daa3b87ba13523717cd1dc83cc30701b936683f3696b56f1cd55a127c11e3
doc/paper/variations.pdf,664931,24df315103be99a534dde0d2be5846ae2cd0eb08472c1ae401918fdc5e0435d2
doc/paper/wfl.png,237897,3adc7e215e4ced127f75f8daea13e92b8cab1366058c967b01cd33dca6ef3dfd
doc/util/adcirc.1.html,6786,442bbe7389fe33567fa08a3c9b0ba35887455b15626cd6f867809dbd3ddcc533
doc/util/adcirc.1.txt,3579,7eb24cd3128f394067ed1f2b7785e49c33de4323f22836c447357518a699f5d1
doc/util/adcirc2netcdf.1.html,19837,650547e08028d10b185259453839f02f3500b1e1c8efd7f597ee2daea7429ac4
doc/util/adcirc2netcdf.1.txt,2359,ebc5c3148cff2232891f10ca7a853eea851c5ec8a57e3a5e9d969c3c38d4229a
doc/util/adcprep.1.html,20736,ba4e3c46e0aa6354079a27feff68cffcbbffa9dba17d7fa4ca5028c774f1b32c
doc/util/adcprep.1.txt,3284,23aca6561cbbd416356c78a358e9e025f067ee3edb7ed0b9caf3967b3a3c605f
doc/util/aswip.1.html,25302,13a338e5968b1ddc089b817aa2539445d305d9748418b887d56960b47af4fc6f
doc/util/aswip.1.txt,6425,c92457cd2611248f92455d643bb71ae55a8d7c4102eb28ff3d65f70e78cbc3e6
doc/util/generatecpp.1.html,18676,d33a0b5dd7b63477e3d6f968ab20bd22e2702a9b9ce826463e1aba9437f3ced5
doc/util/generatecpp.1.txt,1454,6aca4686338454f44dab4b6662eaa08bd214aa83d7b49f8d4585a38d61deced6
doc/util/generatexdmf.1.html,19098,62ce98f691a84de92be15c0d39dc4cab30a955dfc03358d932cce136a5bfcba8
doc/util/generatexdmf.1.txt,1916,792d79e742b76e8da653480069f352dd3e4aace665fedaef195e07854789293d
doc/util/netcdf2adcirc.1.html,18643,29f4c4bfda1eae5deb7f468dba01a76826a881c0243f0e1b3e3fc8624350ea79
doc/util/netcdf2adcirc.1.txt,1443,f42501fb2e99a29d6db6e15a2fea40a7eb8bca6354476d773a6692e4c48bccce
doc/util/nhc_advisory_bot.1.html,18712,413868999db166b38e25be55625f169e221d7c1026c8ff81a4f20b3d6b761059
doc/util/nhc_advisory_bot.1.txt,1399,5a9225a36c3e511ef3bf0fefc0feed16b9f1ad11638af8e8313f27888cd2510b
doc/util/storm_track_gen.1.html,25929,b62f29d0482fd2a34d769b3797d22580a65c14cc43364505d467b98573f7e875
doc/util/storm_track_gen.1.txt,7229,94a4539ee1c2e6e0912f641e79c5b326e5d2a53f1ba2b0a41d8407ea79398531
docs/.gitignore,61,ff4837ce0f6045805e8d7538985af2a759885be1a1e50ca69bc138ddda3d1eab
docs/404.html,444,79d3f18e6d7254b216adc7a98da02fbc0a8211a4fa79cae5c0d4adb866f6d662
docs/Gemfile,1179,ea8511eb8e4a642c917674036ec6a950fcdded53533528457b5ec05182440549
docs/Gemfile.lock,7870,f259bc8657e0269c186db4b39a2f65802647e36b503d50573f096960bea1f29f
docs/_config.yml,2135,624acc827706331c894cc4fedf0b9cc6b43df27f01bb82cf686c3dfe43ab7825
docs/_posts/2021-12-09-welcome-to-jekyll.markdown,1394,3aea22e1dcc9a4c12ce0ec063b18792017ab234ff2c0f2e36d61d952b9c5dac7
docs/about.markdown,557,a3a78bad15029819be86de2650a84bc5423955e7c1cf98db034d924f2258804f
docs/index.markdown,181,23b8f027ce3fbce862c3fd9352cb66b1473e73f0bbd47410397bb77139e074da
docs/index.md,1342,ec6bfe8043c55a23a8bf3bad9a08804c804a3f03ed7e763d7c7664e0d9fbf960
downloadBackgroundMet.sh,8454,967696c5c1348b52d0e57ce6b41ae3edba1c63509f6b49c1a238a9f82ed26f25
downloadGFS.sh,32016,b754bb4f501882530a2ca83fb96b0c9d0a23f3931791fb2bdf80750675df4719
downloadRRFS.sh,50991,60ff7424df2c7a6368683e0ac8c0f7bf64583d62b1ed8c78e89d45c250d1850e
etc/PS1.sh,3151,d4cc74f67c5731d27f27b96f54e77e15fd1a20b4becf2511b16885b725e279f5
etc/bash-completions/asgsh-completion-defaults.sh,8457,8ed627dec0dd6eddb48ba613633997a6878e41a6caeb9b524fbb788ab072bc6d
etc/bash-completions/init,524,41e7d0057c494288e79e7583afb3888f853a52a8f6ea2aa632333156df0c7215
generateDynamicInput.sh,17657,d38e24553ee87bb7536533b79beae4827c0f4c4c8684a9b885977902f01ea3bf
get_atcf.pl,17660,2e6e2f55a81f50c6cb9390f45391ad7efabd30b5e9382cc2a89fb1c75b8d5bfa
get_flux.pl,31310,fe16dbd24f6d5e9369f79248feb37e3520b6846843164a8436446390d0787f02
get_gfs_template.json,575,34b83ae4ac0b55492d1f9ac538ae309e480b16a8da6546e71d9a70741ad6eb0b
get_nam.json.template,1171,11718894901fbc0e9b46fc0dfa3ed35bf13f4307ded868ce3b08c69b5c3a53bb
get_nam.pl,38714,bdc5874da64f9cd8fad79e75f6f05aad59bbc365c276e6608ad98be7b774e8c5
get_nam_template.json,1228,b70eb33a145b09f1ece27301322250921c89717fb81db89ce992b59318fff7fb
get_rrfs_template.json,1090,ee5de453a38880d1ef90c2c4331b3347bc7d933125707c432125a7ab8ed1b919
init-asgs.sh,18180,896feffbfef4c2395b7b43312c76d89f1fb43619fe941255138e33075865ff8e
input/advisoryDownloader.sh,2472,2ed9b20ce40b7f782ee907541f586144d507aba8fb7fc09de1e1fe4c85f982eb
input/advisoryMonitor.sh,2926,627f3ced7379c087eaef4c88fa92423397620e056a241acecdc9ec7b4ece9f7d
input/awip_lambert_interp.F,35247,5572f62a7ae4d351947ab6fff45efdf236ac559e8be0ebcc8c050533c3edf20c
input/data_assimilation/CloseOffV1.mat,3232,49a21c725d7d3c8e144a2f12ffc112955dfb865bf072ff291ccbbba62188c2ab
input/data_assimilation/FarOffV1.mat,2840,3a8271f60a1a70f121a3f6aba8f5d71b8e69b751f870e548026bea30323960df
input/data_assimilation/GetNosWaterLevelViaSOSv4_6.m,28973,612052c5fd2ea5fab0d0caf2c8181b64a38b962f7c28204a1c70cff379616894
input/data_assimilation/GetNosWaterLevelViaSOSv4_8.m,29492,e1ea9e70f40a804a95feb3faad2bf57f0fc150a025196b15dd2af13af0507400
input/data_assimilation/InlandV1.mat,2040,686f2e8f239fd3da327f13daef2433b858ded7769fa0a3b7ceee5b638bad1f3f
input/data_assimilation/MeasWLsForTwoM2CycleMatthewOct5_23colon15Z_OIRun1.mat,51482,6240a61f56d637f94b0c7ab8973f0887028f5c52ca2edfca3929f5db271f2f5b
input/data_assimilation/README.txt,10616,24dc365eca4a6089041a726ebad5e6f263474eef15bf2fd2aefaa9730fa86e39
input/data_assimilation/RegularizeData3D.m,39576,86d84e6286ae44891e676a69e8f1bd4bfeb493f62bb0a9fce891b1f51379922f
input/data_assimilation/catNowcastSurfaces.sh,645,bfdb552796143284b05a810f5745233db6c5b51a599f82a59952a0f743158f0d
input/data_assimilation/catSurfaces.sh,215,2402ff011535af337040198822a2771b47994b7154e1bcd7ea57ca2ba2ac9f65
input/data_assimilation/convertToNetCDF.sh,339,c81eda6ab164d1720d4ae904388c7af4f57122b04ac0ef6d0dd1bdd95bd22827
input/data_assimilation/datacollectandsurffitV2.m,15029,e074d5b5d450b43df86bb74cdf30bec7da0022f0564c2210e438d8475f44b0f8
input/data_assimilation/datacollectandsurffitV3.m,15658,4f953c44cf8ad062e16150c842497f49af9d26ef663a47d17feb89d0ef84fa49
input/data_assimilation/loadProcessedStations.m,3497,6befaa0cef21523cfaa4a1bf4ed4c37c7d35c752f2c445057528ee984d5564b0
input/data_assimilation/offsetSurfaceGen.m,26509,7860271683c897362fc21200a1a80ea45c280eac4be673dfc08abb7f35c7a0f1
input/data_assimilation/optimalInterp.m,11363,dc47d83e0625d8b65c150a8cfd0957d53ed09824ab250187a5d68a15d75e624a
input/data_assimilation/orig.datacollectandsurffitV2.m,15051,b03df7ae03d2a7ae512e475a5d3d7f45354284e18e29f3233b90611ce297d972
input/data_assimilation/p_poly_dist.m,13226,b2c8cec09f1c42480f6494fafc70f5f81a8681658e8584be6c2d01b2990dad6c
input/data_assimilation/readfort14.m,4313,1cd148a28df2f1d149f3b7cc17f5cb4db5c4abdb0f9bfd0d01736634d5200831
input/data_assimilation/stationProcessor.sh,15230,8594f2068d37e38689f8bf4c5274cd01e0b87a2c96b86f63f1f1b0f40def430d
input/data_assimilation/surfaceGenerator.sh,41102,b7933a86911cb6daebeead8376c8fdb01f0dfc7a87561098bb5eced0e2d23bcc
input/data_assimilation/surfaceOffsetGenerator.sh,41102,936490fea65fa30bdd99b0a1d831e9e8772c5b8b0f567cfcae49c53e5f2c280b
input/lambertInterpRamp.f,45129,4d7cc02785881c0349aca7fb228ca6850ec17a60511374ab4abab7ebd824c575
input/machines/hatteras/hatteras.adcprep.template.slurm,3133,66bfaafb81e5b2fba9279b671196c2a42954e5a7b8d478e596108df1c35cceab
input/machines/hatteras/hatteras.template.slurm,4811,72f61889819910a9f915515dc01f72b04bdde4402c39ba3b4bc21dbb7dd14b1b
input/measured/gage/USGSdownload.m,2237,3493346a97027b2930fa31de18295d411b3c709d32698b3287e286246e253fc0
input/measured/gage/rivergages.m,1987,750b8f7acb3c238b4bc1101b56fbf641a50d94cf54f74d415f2db65c770fcfae
input/measured/gage/rivergagestest.m,500,715c66a357c62bf13118a2653d496196a9aebdb78f181ff1c7f81ae515e53bf6
input/measured/gage/xml2struct.m,6955,589484582a4703f69e5a0da4997c3a21af3522e0e7bc7eb01bd7694a3769e799
input/meshes/AGT/about.txt,4,7fa98acff47ccdb997b724a19e2422110e8622566a04b009c8490f2300cfbe42
input/meshes/AGT/agt.14.properties,14,e907757be95f0032f52b2c9767e5246255bc248b89232de8497ed6994edbb76e
input/meshes/AGT/elev_stations_agt.txt,399,7e7513e56a3df9212cf54a70a657c935bbb857233faa803e098d85da1a5e1380
input/meshes/AGT/fort.26.nolimiter.template,4235,fc7c0a42ee43450c33b22de53dcb82ed457ed00f9e31adb589b2c38a4a00b8db
input/meshes/AGT/init.sh,1916,8d00a14f75a3c72be93d8c3babc10d0f982c8b42d2565febddc68d90fa2a263d
input/meshes/AGT/m2-agt.fort.15.template,1452,c7ebce587dc6e0c7e2a326958c055812eb33f601c1a0b144b78aab5750c7054f
input/meshes/AGT/swaninit.template,959,1b889f576d375c3e0d80a7a52834bd6451762eebe40a6715aaa023a0f3087e4a
input/meshes/AGT/tides_fort.15,1647,43e16356c2024e7704e19931c918ebcd5fbe632b8bc48493d83d76d2f94e294f
input/meshes/AGT/tides_fort.rotm,112,d0725a57d1be0099178ca7ef993c5b8c87a0845d39219c93ecab7b800b9bf0cf
input/meshes/AGT/tidesurge_fort.15,2975,1f4ccf6d4026b99c12ac0373ecbb8c7ce868d9aa9353d0529c7aef89d7d8bf11
input/meshes/AGT/tidesurge_fort.rotm,113,7fa4d704dae0706fd73d1b6c83b818992719bc2752538322ad313925b7dfe43c
input/meshes/CPRA23/CPRA23.15.ASGS2024.1.template,44961,f50ffded506cf7f5238d06f9a11d91ffb14a5758a2ed687bc3aa52267316e2cc
input/meshes/CPRA23/CPRA23_default_river_flux.txt,2114,4ac4329103ed63c7d0a91382562646c6372b3549dfcc0d169e4bc481c305b682
input/meshes/CPRA23/CPRA23v01c_12kcms_fort.15.template,49164,c91c200926e461d5e861505520467b28ccfec81bd01fc968272cf450a8b97099
input/meshes/CPRA23/CPRA23v01c_36kcms_fort.15.template,48989,f92ef36f6fc6d5b61cf316286dd32d072cf8097731930903f277fe7acd36212b
input/meshes/CPRA23/CPRA23v01c_36kcms_wetdryfix_fort.15.template,49068,5f1530b7b7022564b700a05a3e684b01034c436af2d95f4ee1a56c5e5f6e8ce6
input/meshes/CPRA23/CPRA23v01c_5kcms_fort.15.template,49130,b9ca0bb5c9dc05d6d92fa26973c0c921c46010db15e664a738196e40f51d476d
input/meshes/CPRA23/CPRA23v01c_6kcms_fort.15.template,49157,8bcdb7fca1160b0c4ac75f0de218541aece39fc4f309377a90640246abaacec5
input/meshes/CPRA23/CPRA23v01c_nowindreduction_fort.15.template,49056,028849e5f7d9122e3e3641131fa7e1f77e2e0c5baa9117e838af66e5648bc5d9
input/meshes/CPRA23/CPRA24_36kcms_river_flux.txt,1972,f7c23e9ed90d126d6db8aa16c7216a68aa89434972741e69883471afa5f7257e
input/meshes/CPRA23/about.txt,7,a2ef2bc7b7e1e71efa64103402ae102a062dc17b43e2add79f108d29666a1025
input/meshes/CPRA23/combined_stations_20200929.txt,25248,b0878901dce61bed62166a00a133ca07dd38fd9203bcdd7d893b8db4354c56c4
input/meshes/CPRA23/combined_stations_20230824.txt,25242,070add5ed35093cc444c4807a9005c521edb795fca6e64714b8859af870ea2b1
input/meshes/CPRA23/cpra_2023mp_2023_realtime_v01c_chk.grd.properties,10,b0ce768ba48580b3a7486d18ecc621b0f4341db3a579312bafe20694451938a1
input/meshes/CPRA23/fort.15,49609,0e9ff1255cba7e7e99247a6f655250ecb99be4c98357a7364e0eef5853aade6b
input/meshes/CPRA23/fort.26,1111,54d88197d78eb5e7b57ab3befa8ef8be80caa9c0e9e7a5b4f2e71be99f0b72e7
input/meshes/CPRA23/init.sh,4535,8e1fd34d6122843023c030238a869ac878ca79530dddf00cd24a140e6cb2f28e
input/meshes/CPRA23/swaninit,935,dc73deba0a37b40b32c338ed04ab39f8ad13e98e3c62d7ef4926c651e224fe49
input/meshes/CPRA23/swaninit.template,944,e1d3537b2087a34b8ef371ce7b798f8601a212dd723bfce7d49488e0633c4fd8
input/meshes/CPRA24/CPRA23v01c_5kcms_fort.15.template,49130,b9ca0bb5c9dc05d6d92fa26973c0c921c46010db15e664a738196e40f51d476d
input/meshes/CPRA24/CPRA24.15.ASGS2024.1.template,44961,f50ffded506cf7f5238d06f9a11d91ffb14a5758a2ed687bc3aa52267316e2cc
input/meshes/CPRA24/CPRA24_10kcms_river_flux.txt,2156,d7eab415514cab455220121bd4c9824e0976ca22f60ca19a3eb6f8de8f5df76e
input/meshes/CPRA24/CPRA24_12kcms_river_flux.txt,2180,3ad097604948374a23d6579c62792f837c6163279624faa6a193307a38010c84
input/meshes/CPRA24/CPRA24_16674cms_river_flux.txt,1954,e77c59cee3461abd8812c20011f9df0f2e2bd9170a909083705a77b6fec63d41
input/meshes/CPRA24/CPRA24_5kcms_river_flux.txt,2142,899072d7c93742418e9d6130aa69163e8c207daf6e3ee1d44672f41b2257cc96
input/meshes/CPRA24/CPRA24_6kcms_river_flux.txt,2157,4f206381b63ca9d1402938ebdfa2313cc18efcf2391a481f967464e16ca88604
input/meshes/CPRA24/CPRA24_7kcms_river_flux.txt,2154,cb15c802dc507891afb533710b6234a5bf8b66ee8f762ebfdd21b231d5dd408f
input/meshes/CPRA24/CPRA24_8kcms_river_flux.txt,2154,f31fb51bfaaa618dd790466f96b98c60f7dff4950c6610acd922d3a5b4c87d48
input/meshes/CPRA24/CPRA24_9kcms_river_flux.txt,2195,4edebcb0a6fda129b67fc16bd085a720da397066ef5fe2ce1b6246bc8e81f4e7
input/meshes/CPRA24/CPRA24_default_river_flux.txt,2114,4ac4329103ed63c7d0a91382562646c6372b3549dfcc0d169e4bc481c305b682
input/meshes/CPRA24/CPRA24v04a_5kcms_fort.15.template,49130,b9ca0bb5c9dc05d6d92fa26973c0c921c46010db15e664a738196e40f51d476d
input/meshes/CPRA24/CPRA24v04a_nowindreduction_fort.15.template,49056,028849e5f7d9122e3e3641131fa7e1f77e2e0c5baa9117e838af66e5648bc5d9
input/meshes/CPRA24/about.txt,7,f1c28749f2e9a0cfdc42e4ec451daf36170d18233b673ae26c2ea88d1b35e173
input/meshes/CPRA24/combined_stations_20230824.txt,25242,070add5ed35093cc444c4807a9005c521edb795fca6e64714b8859af870ea2b1
input/meshes/CPRA24/combined_stations_20250729.txt,23791,3e84ec45bbaa98d5905aea072696bd8704440d0adc81a3ed68d677c0d38101f4
input/meshes/CPRA24/cpra_2024_hurricane_v04a_chk.14.properties,10,b0ce768ba48580b3a7486d18ecc621b0f4341db3a579312bafe20694451938a1
input/meshes/CPRA24/init.sh,5186,7759762b9271ad2fa828d3e5704d8804644487d73c3a9d52e9280025e2c6ad13
input/meshes/CPRA24/swaninit.template,944,e1d3537b2087a34b8ef371ce7b798f8601a212dd723bfce7d49488e0633c4fd8
input/meshes/CPRA25/CPRA24.15.ASGS2024.1.template,44961,f50ffded506cf7f5238d06f9a11d91ffb14a5758a2ed687bc3aa52267316e2cc
input/meshes/CPRA25/CPRA24_10kcms_river_flux.txt,2156,d7eab415514cab455220121bd4c9824e0976ca22f60ca19a3eb6f8de8f5df76e
input/meshes/CPRA25/CPRA24_12kcms_river_flux.txt,2180,3ad097604948374a23d6579c62792f837c6163279624faa6a193307a38010c84
input/meshes/CPRA25/CPRA24_16674cms_river_flux.txt,1954,e77c59cee3461abd8812c20011f9df0f2e2bd9170a909083705a77b6fec63d41
input/meshes/CPRA25/CPRA24_5kcms_river_flux.txt,2142,899072d7c93742418e9d6130aa69163e8c207daf6e3ee1d44672f41b2257cc96
input/meshes/CPRA25/CPRA24_6kcms_river_flux.txt,2157,4f206381b63ca9d1402938ebdfa2313cc18efcf2391a481f967464e16ca88604
input/meshes/CPRA25/CPRA24_7kcms_river_flux.txt,2154,cb15c802dc507891afb533710b6234a5bf8b66ee8f762ebfdd21b231d5dd408f
input/meshes/CPRA25/CPRA24_8kcms_river_flux.txt,2154,f31fb51bfaaa618dd790466f96b98c60f7dff4950c6610acd922d3a5b4c87d48
input/meshes/CPRA25/CPRA24_9kcms_river_flux.txt,2195,4edebcb0a6fda129b67fc16bd085a720da397066ef5fe2ce1b6246bc8e81f4e7
input/meshes/CPRA25/CPRA24_default_river_flux.txt,2114,4ac4329103ed63c7d0a91382562646c6372b3549dfcc0d169e4bc481c305b682
input/meshes/CPRA25/about.txt,7,2973ddf9a18432ebf9f52d52e9eb3793e6db128e0011be61027023a8df692941
input/meshes/CPRA25/combined_stations_20230824.txt,25242,070add5ed35093cc444c4807a9005c521edb795fca6e64714b8859af870ea2b1
input/meshes/CPRA25/combined_stations_20250729.txt,23791,3e84ec45bbaa98d5905aea072696bd8704440d0adc81a3ed68d677c0d38101f4
input/meshes/CPRA25/cpra_2025_hurricane_v02a_chk.14.properties,10,b0ce768ba48580b3a7486d18ecc621b0f4341db3a579312bafe20694451938a1
input/meshes/CPRA25/init.sh,3877,17cfff6ba23213547a6dae00b7b3620809321fa86da160fa11ba782bad3e0b8c
input/meshes/CPRA25/swaninit.template,944,e1d3537b2087a34b8ef371ce7b798f8601a212dd723bfce7d49488e0633c4fd8
input/meshes/CubaLT3/Cuba_Stations.txt,8458,94ae4782dacc569df402c0138b44fc172397acea521d73ef0d0e47dfdd020cd3
input/meshes/CubaLT3/RelaxBdyLT3ReduxStep2.15.template,20081,b1f6a9594388af4d4bb946d993d38d97ba16bfce6c209b777ea2ef59cf7efac4
input/meshes/CubaLT3/RelaxBdyLT3ReduxStep2.26.template,1250,d9ef7c17cc0e9bd5befabccf5601d5b5b533405aeeb96c5a592020d3ce9e4305
input/meshes/CubaLT3/swaninit.template,935,684f44a7a65099c56a1d641d7209861f912240c61afa431da3b9de5dd2f4a02a
input/meshes/EC2001/about.txt,10,7f00880d95c8de2888c3187be83d74e8a282bbe5491be02e4ef988811b64c477
input/meshes/EC2001/cera_stations.txt,5766,c3e340ef6f5955870c5340d69a1f63085023a61d562e047eda46727fedb46d79
input/meshes/EC2001/ec2001_v2e.grd.properties,10,cb29a9730e738d2824b44bae215d94b158daf078ec84f304d38b35136ed8c11f
input/meshes/EC2001/ec2001_v2e_adcircv55_fort.15.template,117055,0ae0e632c851f78e48d011ffd93e84f887947ed4a43619c1c331d2040d088638
input/meshes/EC2001/ec2001_v2e_fort.15.template,117109,1123de690899fbcc6dee5c04473a37f9dfd525e0c6a08212aa6654eb25c1c3d4
input/meshes/EC2001/ec2001_v2e_fort.15_nowindreduction.template.15,117109,1123de690899fbcc6dee5c04473a37f9dfd525e0c6a08212aa6654eb25c1c3d4
input/meshes/EC2001/ec2001_v2e_fort.15_template.15,117109,1123de690899fbcc6dee5c04473a37f9dfd525e0c6a08212aa6654eb25c1c3d4
input/meshes/EC2001/fort.15,118266,6bc1bbca23400087e63640ca84c3b9859b5b668c4c128bb12f5acdfb82014765
input/meshes/EC2001/fort.15.v55,252599,1b28622b5fd36ef88609e9657e45488b04db87d8177434f4fd65c9fde9919117
input/meshes/EC2001/fort.26.nolimiter.template,4236,0f81065f429f8275b724b202cc08c8d4c86b7fd52b401f890ede173227bf67fd
input/meshes/EC2001/hsofs_stations_20180907.txt,67875,580910d0408acae6643c6875a0f7f860e528ef0f20694a21f91545bbd20b16c4
input/meshes/EC2001/init.sh,1736,4fa9de4b318d2dfc5bbedbc20f2b93c880a87830eddd8c5efcd902c2270ccf43
input/meshes/EC2001/swaninit.template,959,1b889f576d375c3e0d80a7a52834bd6451762eebe40a6715aaa023a0f3087e4a
input/meshes/EGOMv20b/EGOM-RT_v20b.15.template,44057,3defde857e7a9d68c2c762889455ab436e017ec27f3e15f41aeb814d49fda0a4
input/meshes/EGOMv20b/EGOM-RT_v20b.norough.15.template,43983,f1abb4f53288eb00688f9f9220b5e403b42452cb434ccf2a57e5398b242c3fcd
input/meshes/EGOMv20b/EGOM-RT_v20b_asgs_chk_header.13.template,693,42fa69b79eb938e9a316c63e68dc3a8aa12872a72fe511d1b8513f8fa22f5951
input/meshes/EGOMv20b/EGOM-RT_v20b_chk.grd.properties,10,1f4fe61aaba5651e14a075aa46947439ec10e54b604e7fce9c9725c18ba3c2cb
input/meshes/EGOMv20b/EGOM-RT_v20b_stations.txt,2500,545cbf25419830fc99655bfb6980dc2b7a88de9308190249f8be8c09007fe69d
input/meshes/EGOMv20b/EGOMv20b.15.ASGS2024.1.template,41531,c55cd95f9841cf85861edf0062b8735f50194108902f9a00a6a6b3e9865202a1
input/meshes/EGOMv20b/EGOMv20b.15.ASGS2025.1.template,41971,8668cb6f00bff040426ca01e9fe815434523f87c57e0330d905f57367b7fe412
input/meshes/EGOMv20b/about.txt,9,8759cb6450b1d77455f17330af1b97d010a08cfa54f8879a21945b2c17528a03
input/meshes/EGOMv20b/fort.15,45232,6deed6a895771331a3f1e1815c42ad6c2ef902e32fb3faccd9b402187acc066a
input/meshes/EGOMv20b/fort.26,1236,a07ccaae4c796a5405bb2816eb26a43480adafabebbdc4be26bd676d66bfbc71
input/meshes/EGOMv20b/fort.26.nolimiter.template,4236,d9192550ebabc40279245d0ca23a2ef2e5a6f7ab98dc9a5671a84d51479022a1
input/meshes/EGOMv20b/init.sh,4222,212062d5b28ad6cf7e552b814e1a6d5e36fbd9664863db0cb49d08bff2787bad
input/meshes/EGOMv20b/swaninit.template,959,1b889f576d375c3e0d80a7a52834bd6451762eebe40a6715aaa023a0f3087e4a
input/meshes/LAERDC/LAERDC_10kcms_river_flux.txt,1624,6afa9a013f4eb56eebebe79dd5cca77e5f114441337e7057c2649035aab3ea53
input/meshes/LAERDC/LAERDC_6kcms_river_flux.txt,1649,57ac8dbaa4151450c40deb8665eb3c133589832b100d32c1f8dff601daafc9b3
input/meshes/LAERDC/LAERDC_7kcms_river_flux.txt,1650,00c5f6ed01a8b6ea6c7c87c482d5a19212a8b6dd6415be891a7c538693cd92d8
input/meshes/LAERDC/LAERDC_8kcms_river_flux.txt,1621,82d083690cf0bd1d0d83d72e65b76efed6dbdf8412e1b4ff892ea8a7575edab8
input/meshes/LAERDC/LAERDC_9kcms_river_flux.txt,1621,ae0b10483a74e1377654708682bbf849be869b4f3c58ee16f0dff45c5b544029
input/meshes/LAERDC/LAERDC_default_river_flux.txt,1605,37204da4167521ebeba457874708319ecd16315503b04de95382a5a6c8b6b3c2
input/meshes/LAERDC/LAERDCv5i_10.194kcms.15.template,47660,c990a5b84463d73e0d9a8b1f97e6015a96a6241527d40cd897d12d01936bee25
input/meshes/LAERDC/LAERDCv5i_10.194kcms.norough.15.template,47586,e6224477819d8596f76c95adbe9380fd12dea36012c7bc77113ed16c36f4c6b7
input/meshes/LAERDC/LAERDCv5i_10kcms.15.template,47740,246177c68af171bb2f73768bc1c974aba372035807c3d665d6c2fce8aa878d68
input/meshes/LAERDC/LAERDCv5i_11kcms.15.template,47739,6ad410a3ff373aec42a9f10a443f4e14884e9fda6a7bde0ff3e399bc3230de65
input/meshes/LAERDC/LAERDCv5i_12kcms.15.template,47736,4ecca24ea3c7f9d76c0f53d17fc6f97e6f947c1f963fb69ad61c0606f146f31e
input/meshes/LAERDC/LAERDCv5i_13kcms.15.template,47738,746c2485ff2c1db826f7e770768496fb1ce348faf6e9be509b62db1976bb6dd6
input/meshes/LAERDC/LAERDCv5i_14kcms.15.template,47737,33759a8d8e1e182eb45b983fe4a344de7879d93885260d19be5b8933ab2f4880
input/meshes/LAERDC/LAERDCv5i_15kcms.15.template,47739,743ac288fa0e7a82e9d141569e2157a9d1d3a19c8b40cc1536237b963332c098
input/meshes/LAERDC/LAERDCv5i_5kcms.15.template,47740,441cba4f78e0cc54f0e9eae3b699219ff7b97c7a3c3c12d392c0d0671fa3a0bd
input/meshes/LAERDC/LAERDCv5i_6kcms.15.template,47737,c26809597a4ae6dd971fc2e27be56ecadd2a9ec0a299d2daf47e10883221b6f7
input/meshes/LAERDC/LAERDCv5i_7kcms.15.template,47738,1e700c9d1bc0ee44b09d3d939570843de4a4fb69bc86f38de3a97150fb78bc71
input/meshes/LAERDC/LAERDCv5i_8kcms.15.template,47739,b416f3261965c3ed495f9eda80fd358b16d63fe280e8bfc1540f2336b28d5fb1
input/meshes/LAERDC/LAERDCv5i_9kcms.15.template,47740,513def00aab3e667b149d3d989819c4d89f68f2c5b578469d17299db7b43732b
input/meshes/LAERDC/LAERDCv5k.15.ASGS2024.1.template,44961,f50ffded506cf7f5238d06f9a11d91ffb14a5758a2ed687bc3aa52267316e2cc
input/meshes/LAERDC/LAERDCv5k_5kcms.15.template,47743,507166a76c91a472b9fca7a21a0aa5ceef11d4117c0d18d0d6a1cb0b621434a2
input/meshes/LAERDC/LA_ERDC_v05i_chk.grd.properties,10,b0ce768ba48580b3a7486d18ecc621b0f4341db3a579312bafe20694451938a1
input/meshes/LAERDC/LA_ERDC_v05j_chk.grd.properties,10,b0ce768ba48580b3a7486d18ecc621b0f4341db3a579312bafe20694451938a1
input/meshes/LAERDC/about.txt,10,8d7f3f61f2fc4785ba3af4a2fcf981f0b7772f4e398e802d57daf32e99aa47c2
input/meshes/LAERDC/combined_stations_20200929.txt,25248,b0878901dce61bed62166a00a133ca07dd38fd9203bcdd7d893b8db4354c56c4
input/meshes/LAERDC/fort.15,48485,b7db65a7ff28b0ce9cb1e40d075114aa1e0218537eddf0ed64b875ddd319bd77
input/meshes/LAERDC/fort.26.nolimiter.template,4236,d9192550ebabc40279245d0ca23a2ef2e5a6f7ab98dc9a5671a84d51479022a1
input/meshes/LAERDC/init.sh,4009,f27698ce84fdb75eeb6cd06844ddf6b5b26883dc82097384178d9339d077333a
input/meshes/LAERDC/swaninit.template,959,1b889f576d375c3e0d80a7a52834bd6451762eebe40a6715aaa023a0f3087e4a
input/meshes/LA_v12g-WithUpperAtch/20170527.fort.20,2494,01f8a8e3c51af63708dd10d77c18159a84f9b20c989672771d10e215bf46ba5a
input/meshes/LA_v12g-WithUpperAtch/60cmNGOffset.dat,24929209,5e8122da4caf9ddc6ca458d9bb17aff9b4d2b72dea4ca640add3687769347350
input/meshes/LA_v12g-WithUpperAtch/LA_v12g-WithUpperAtch.15.template,48756,1a8ad8044886f9bba3e529fdfbb60ab2b2a0b070a60f324898d5ecc3e8d557af
input/meshes/LA_v12g-WithUpperAtch/LA_v12g-WithUpperAtch.26.template,4137,7a9547d30336f73e4c512a41b64967a5618d8db07e71aa09a93fec75a847acc1
input/meshes/LA_v12g-WithUpperAtch/LA_v12g-WithUpperAtch.nolimiter.26.template,4105,7d0d182b0674c9f887b70ed8032b00f95d439d951356fc3ce8f03dc46d22ed3a
input/meshes/LA_v12g-WithUpperAtch/LA_v12g-WithUpperAtch_chk.grd.properties,35,a4d8328847ac23509b353c90303f9f668258b691c342e8653b1ae41e380c2c85
input/meshes/LA_v12g-WithUpperAtch/LA_v12g-WithUpperAtch_chk_14kcms.15.template,48154,f6be4c44e0a4e9394c9e0acef81eda60cac1118e7a1ad47f63d4b65586884bab
input/meshes/LA_v12g-WithUpperAtch/LA_v12g-WithUpperAtch_chk_14kcms.15.template.properties,43,45febd0402413797153b5c28ec97e2cb3ccd1018de3faa9d9dd0de06679ba55d
input/meshes/LA_v12g-WithUpperAtch/LA_v12g-WithUpperAtch_chk_16kcms.15.template,48426,f38cd8eb86dd696b25a235d843ca5df2ab29438f8892dc83d64f11208f1298d9
input/meshes/LA_v12g-WithUpperAtch/LA_v12g-WithUpperAtch_chk_16kcms.15.template.properties,43,3cb4a53fa4aa562d22c231b7845c4243d915f41f1ee14ac544462c398d047de2
input/meshes/LA_v12g-WithUpperAtch/LA_v12h-WithUpperAtch_chk.grd.inflow_flux_boundaries_lengthsdepths.txt,3098,206e92ecae6479226cf89c589f2373cba6b18b9bbd8962832c1b4697d6b70ef4
input/meshes/LA_v12g-WithUpperAtch/LA_v12h-WithUpperAtch_chk.grd.properties,361,c4e3dae8483df36606db8b1cb33d7e538f9f5824b39a7ff18c885ae81e77e2cb
input/meshes/LA_v12g-WithUpperAtch/LA_v12h-WithUpperAtch_chk_setFlux.15.flux.dat,2748,06a288a2ac49bf5ef1b8c739402da1f0c4a704171a2c77685530a75103fefe95
input/meshes/LA_v12g-WithUpperAtch/LA_v12h-WithUpperAtch_chk_setFlux.15.template,48044,53598d46cb14884da3bd5bc8f7522d9e8737546f0c792b85b212aef0399f1cad
input/meshes/LA_v12g-WithUpperAtch/LA_v12h-WithUpperAtch_chk_setFlux.15.template.properties,719,6f8c02d30a7025d7dfb2789fde83901d506536274d07d81e5c9211adbc807af7
input/meshes/LA_v12g-WithUpperAtch/LA_v12h-WithUpperAtch_chk_setFlux.nowindreduction.15.template,47959,2b7fe6e21c77d2dae4a8f64515f5066e508876afd2e7a30556dde4ebaabaac3f
input/meshes/LA_v12g-WithUpperAtch/LA_v12h-WithUpperAtch_chk_setFlux.nowindreduction.15.template.properties,719,6f8c02d30a7025d7dfb2789fde83901d506536274d07d81e5c9211adbc807af7
input/meshes/LA_v12g-WithUpperAtch/LA_v12h-WithUpperAtch_chk_setFlux35ft.15.template,48090,98dc5de181b292ef937ff0ca92533cacf21a29bfe1602b393fb5b30191a392f2
input/meshes/LA_v12g-WithUpperAtch/LA_v12h-WithUpperAtch_chk_setFlux35ft.15.template.properties,876,01f2b09aebe41c9e674d4cd11cfd54b2ea1401fef964fa0f33e7658ce3adbd42
input/meshes/LA_v12g-WithUpperAtch/LA_v12h-WithUpperAtch_chk_setFlux_60cm.15.template,48387,e554f0ac5be309717dbc20e03ca8f6819751c3eda4d0ae06022a9846f2c147aa
input/meshes/LA_v12g-WithUpperAtch/LA_v12h-WithUpperAtch_chk_setFlux_60cm.15.template.properties,719,6f8c02d30a7025d7dfb2789fde83901d506536274d07d81e5c9211adbc807af7
input/meshes/LA_v12g-WithUpperAtch/LA_v12h-WithUpperAtch_chk_setFlux_NG60cm.15.template,48345,88c8e626bcfad0766888b01368b8f93374815c93de4b79eb53ae3a0fa119034b
input/meshes/LA_v12g-WithUpperAtch/LA_v12h-WithUpperAtch_chk_setFlux_NG60cm.15.template.properties,719,6f8c02d30a7025d7dfb2789fde83901d506536274d07d81e5c9211adbc807af7
input/meshes/LA_v12g-WithUpperAtch/LA_v12h-WithUpperAtch_chk_setFlux_qbNG60cm.15.template,48349,447f4e9257266d2c6ed6426391efa24d46e6421c41982eedd8f65e0ffbfb24a5
input/meshes/LA_v12g-WithUpperAtch/LA_v12h-WithUpperAtch_chk_setFlux_qbNG60cm.15.template.properties,719,6f8c02d30a7025d7dfb2789fde83901d506536274d07d81e5c9211adbc807af7
input/meshes/LA_v12g-WithUpperAtch/boundaries_xyz.txt,2537,c72772be6fbcdfbbd121cbfde729c27e150c8d106921b8effb9daaaa606e1341
input/meshes/LA_v12g-WithUpperAtch/cpra2017v12.cera_stations.20160702,8064,afcd71c69e0d2deb3441c561edf206e5e3ac342b9f98b2be7f95bda7b5a32efc
input/meshes/LA_v12g-WithUpperAtch/cpra2017v12.cera_stations.20161222,9452,5deb3666d1e74285dfab1f2d66851e19489537a91a281ba26e23f11b5e44a9fb
input/meshes/LA_v12g-WithUpperAtch/cpra2017v12.cera_stations.20170124,9452,5deb3666d1e74285dfab1f2d66851e19489537a91a281ba26e23f11b5e44a9fb
input/meshes/LA_v12g-WithUpperAtch/cpra2017v12.cera_stations_url.txt,81,7253e5761bd45cbd19e6b4f167cd3c103674cef430bc358bf90e7f2f617ea1c5
input/meshes/LA_v12g-WithUpperAtch/flux.20170729,2746,05623ec0d463bd068f43a4a1da8f385be3fc71ee527f9187871686d0c2c20213
input/meshes/LA_v12g-WithUpperAtch/flux.20171004,2726,5cb4356b8f2f31a7ca4f414f36a6334403a907802eb975f2936aaec3a8828de4
input/meshes/LA_v12g-WithUpperAtch/flux.20171101,2736,8d82fba457798bbd95ffebdddc28c945f63841ff1b55b3fdee7eb9c2b90d8daf
input/meshes/LA_v12g-WithUpperAtch/flux.MSatBR.15ft.20180102,2757,6e51fc4d8b50579b83d397d7fcb89a5f6e9a005bbb22d30ea7a8534024083f92
input/meshes/LA_v12g-WithUpperAtch/msriver17ft.txt,2746,00091b015ae04940f55dd5e9c837a2ef9bd441e59ddf879c3f1cba53d4b2e2f4
input/meshes/LA_v12g-WithUpperAtch/run.properties,1394,a1e41edfc7e3a7af48cd1a31148d82c03076af1837d0828f2c9b365aac5469bb
input/meshes/LA_v12g-WithUpperAtch/run.properties.8ft,1688,ba6fa6e322f12fd19d63d50c6915a7d2919a2e67e3c5c0dc50c705cdd5bbfdf3
input/meshes/LA_v12g-WithUpperAtch/run.properties.ms40ft,1025,f9e3f0cc35e05aa3003c1c957259aae10e39c19420d6f04fe05495d1cab2b030
input/meshes/LA_v12g-WithUpperAtch/swaninit.template,959,1b889f576d375c3e0d80a7a52834bd6451762eebe40a6715aaa023a0f3087e4a
input/meshes/LA_v17a/LA_v17a-WithUpperAtch.15.template,48090,012357fc9f8d9ab3754bbe82a90e0887a2e9a7db31924ae449cec74d3ee1bd39
input/meshes/LA_v17a/LA_v17a-WithUpperAtch.26.template,4106,7ed780b5d6fb2a014a1bc972431531d5f1dbd0f397e07245ab532167aff9cdbd
input/meshes/LA_v17a/LA_v17a-WithUpperAtch.nowindreduction.15.template,48017,646aa2effaa78aa7ddd3dad170d6818c674a088e3c1b1433081851660894a82b
input/meshes/LA_v17a/LA_v17a-WithUpperAtch.nowindreduction.15.template.properties,719,6f8c02d30a7025d7dfb2789fde83901d506536274d07d81e5c9211adbc807af7
input/meshes/LA_v17a/LA_v17a-WithUpperAtch_MS12ft.15.template,48080,587f57e3e7322aa973323add527a02d1df81362bbbb1422203e33bfb90d55012
input/meshes/LA_v17a/LA_v17a-WithUpperAtch_MS12ft.15.template.properties,719,6f8c02d30a7025d7dfb2789fde83901d506536274d07d81e5c9211adbc807af7
input/meshes/LA_v17a/LA_v17a-WithUpperAtch_MS12ft_0.3048offset.15.template,48282,986f05ac5a1149d99fa6c3610212740ed5f986bfcb00a3761df9b17ec4eb7d7b
input/meshes/LA_v17a/LA_v17a-WithUpperAtch_MS12ft_0.3048offset.15.template.properties,719,6f8c02d30a7025d7dfb2789fde83901d506536274d07d81e5c9211adbc807af7
input/meshes/LA_v17a/LA_v17a-WithUpperAtch_MS27ft.15.template,48078,7ca7dfc8b312308e88cf5b8a785aee550b79cacc53de23c20e74f8e50f5338fb
input/meshes/LA_v17a/LA_v17a-WithUpperAtch_MS27ft.15.template.properties,719,6f8c02d30a7025d7dfb2789fde83901d506536274d07d81e5c9211adbc807af7
input/meshes/LA_v17a/LA_v17a-WithUpperAtch_MS27ft_0.3048offset.15.template,48281,c21bf100f5a8cf9a7117b8a312f5a3f5391b6d3c63e52bba9614e0c17030f2fb
input/meshes/LA_v17a/LA_v17a-WithUpperAtch_MS27ft_0.3048offset.15.template.properties,719,6f8c02d30a7025d7dfb2789fde83901d506536274d07d81e5c9211adbc807af7
input/meshes/LA_v17a/LA_v17a-WithUpperAtch_MS31ft.15.template,48103,3445faca3ec954ac80c0d29e9503afd1b28f353a249e9a46a75881e13957a49a
input/meshes/LA_v17a/LA_v17a-WithUpperAtch_MS31ft.15.template.properties,719,6f8c02d30a7025d7dfb2789fde83901d506536274d07d81e5c9211adbc807af7
input/meshes/LA_v17a/cera_station_url.txt,78,dd549b4cb445847a55ed17ec8daebba1f9b945c3f4e006356aa70ebca3833bf7
input/meshes/LA_v17a/cera_stations_20180801.txt,17661,2c80d8d1faa19bbfe495a024fe9b9118beafbc8382d3883cf9006bfae6652869
input/meshes/LA_v17a/combined_stations_20180524.txt,16910,03902810b9053827a537e0a3854541af3619043a0f88175ff45847c801bfc9b0
input/meshes/LA_v17a/combined_stations_20180525.txt,16899,d4d746f1ee612e4b85afac441c635a3a345892aa6ba8dcdd21dfa297f8c79da3
input/meshes/LA_v17a/combined_stations_20180611.txt,17268,7ee3cc0721b9d65feb83d5336cc93158788ac14bc3a3fd58017e32656d53281b
input/meshes/LA_v17a/combined_stations_20180801.txt,19208,2fe6d8158601975c96a77d492bcfa165315e878bdf2ed1e4d376210aa2a98331
input/meshes/LA_v17a/combined_stations_20181005.txt,19208,f61798365a5a307692db8fa9a999ea8ff9471b2230bc4c6d0c16bab0763b3b63
input/meshes/LA_v17a/combined_stations_20190327.txt,19845,42944a7c5b371f9eacec7c8e492051ed528273470850f2b4ffcc243413d28763
input/meshes/LA_v17a/cpra_stations_20180524.txt,1189,58de15c1046134faeba0f83f7af136e3408dbdc46293980b5c00da6f482b25a7
input/meshes/LA_v17a/cpra_stations_20180525.txt,1178,985946ff34a2b9dc27dda48904bd55c5167d26278b1805a3c7d7b60b5eaf1e88
input/meshes/LA_v17a/cpra_stations_20180611.txt,1547,e734e2c65e448ef9b15e4a46416f5bd35ea22084b0765e33f593a62fb90cdf6c
input/meshes/LA_v17a/flux.MSatBR.12ft.20180102,2734,f89ee1ce261bee385937c1aa2d3cece40d1c000fba9bdea882f457e52075244b
input/meshes/LA_v17a/fort.26.nolimiter.template,4236,0f81065f429f8275b724b202cc08c8d4c86b7fd52b401f890ede173227bf67fd
input/meshes/LA_v17a/run.properties,1395,024d52d45b2de935d5e277d99a07d07c4ed2df0cf416bf49c16d2c1c92d45bf8
input/meshes/LA_v17a/swaninit.template,959,1b889f576d375c3e0d80a7a52834bd6451762eebe40a6715aaa023a0f3087e4a
input/meshes/LA_v19j/LA_v19j-WithUpperAtch.26.template,4106,7ed780b5d6fb2a014a1bc972431531d5f1dbd0f397e07245ab532167aff9cdbd
input/meshes/LA_v19j/LA_v19j-WithUpperAtch.nowindreduction.15.template,48017,646aa2effaa78aa7ddd3dad170d6818c674a088e3c1b1433081851660894a82b
input/meshes/LA_v19j/LA_v19j-WithUpperAtch.nowindreduction.15.template.properties,719,6f8c02d30a7025d7dfb2789fde83901d506536274d07d81e5c9211adbc807af7
input/meshes/LA_v19j/LA_v19j-WithUpperAtch_MS31ft.15.template,48103,3445faca3ec954ac80c0d29e9503afd1b28f353a249e9a46a75881e13957a49a
input/meshes/LA_v19j/LA_v19j-WithUpperAtch_MS31ft.15.template.properties,719,6f8c02d30a7025d7dfb2789fde83901d506536274d07d81e5c9211adbc807af7
input/meshes/LA_v19j/combined_stations_20190327.txt,19845,42944a7c5b371f9eacec7c8e492051ed528273470850f2b4ffcc243413d28763
input/meshes/LA_v19j/swaninit.template,959,1b889f576d375c3e0d80a7a52834bd6451762eebe40a6715aaa023a0f3087e4a
input/meshes/LA_v19k/LA_v19k-WithUpperAtch.15.template,48627,2d031c5a61e2ced23312c23fb3fc9e6e1833b2225fed6d338d81c6f0c63a1db2
input/meshes/LA_v19k/LA_v19k-WithUpperAtch.15.template.properties,719,6f8c02d30a7025d7dfb2789fde83901d506536274d07d81e5c9211adbc807af7
input/meshes/LA_v19k/LA_v19k-WithUpperAtch.26.template,4106,7ed780b5d6fb2a014a1bc972431531d5f1dbd0f397e07245ab532167aff9cdbd
input/meshes/LA_v19k/LA_v19k-WithUpperAtch.nowindreduction.15.template,48017,646aa2effaa78aa7ddd3dad170d6818c674a088e3c1b1433081851660894a82b
input/meshes/LA_v19k/LA_v19k-WithUpperAtch.nowindreduction.15.template.properties,719,6f8c02d30a7025d7dfb2789fde83901d506536274d07d81e5c9211adbc807af7
input/meshes/LA_v19k/about.txt,6,fa38eac5a638914e42e07d4c55899bf388e59d43bee6b6e51668a71c4dde4a4f
input/meshes/LA_v19k/combined_stations_20190327.txt,19844,5ea014e3816963e01ff8e8cf13b76a1ca6575ff2754ebbe7511f47f02d2ceed4
input/meshes/LA_v19k/combined_stations_20190710.txt,20294,7a71bb84d556306adcfff10a28bd55dc1727c7dbc7b7053f6ebdff35edf0dd98
input/meshes/LA_v19k/combined_stations_20190711.txt,20380,36d8343a37156c9d3829bb0893275f91e11257b2d4fbd6e9b192ca4b74e5fddc
input/meshes/LA_v19k/init.sh,1921,03833b4c98db6480e0be06e94f75dcd6789c4610043161b9d73fa659a3c67e4f
input/meshes/LA_v19k/swaninit.template,959,1b889f576d375c3e0d80a7a52834bd6451762eebe40a6715aaa023a0f3087e4a
input/meshes/LA_v20a/LA_v20a-MS_Atch_Rivers_10kcms_5kcms.txt,1903,7bc1e19ca977b5fc820a798fdf30f2b9d7899922208ddb06e7ee572e0ab1542e
input/meshes/LA_v20a/LA_v20a-MS_Atch_Rivers_12.4kcms_4kcms_2020-08-19.txt,1905,7317b39be48228e9b145e02c246823e25a303c7d48a408513d88a2d23d2d3b13
input/meshes/LA_v20a/LA_v20a-WithUpperAtch.15.ASGS2024.1.template,44961,f50ffded506cf7f5238d06f9a11d91ffb14a5758a2ed687bc3aa52267316e2cc
input/meshes/LA_v20a/LA_v20a-WithUpperAtch.15.template,48627,2d031c5a61e2ced23312c23fb3fc9e6e1833b2225fed6d338d81c6f0c63a1db2
input/meshes/LA_v20a/LA_v20a-WithUpperAtch.15.template.properties,719,6f8c02d30a7025d7dfb2789fde83901d506536274d07d81e5c9211adbc807af7
input/meshes/LA_v20a/LA_v20a-WithUpperAtch.26.template,4106,68c9cb8b9fbf661aeec36fe9f8f236db4e5fd4210bfcc91d854f5543ac3a2bcc
input/meshes/LA_v20a/LA_v20a-WithUpperAtch.nowindreduction.15.template,48017,646aa2effaa78aa7ddd3dad170d6818c674a088e3c1b1433081851660894a82b
input/meshes/LA_v20a/LA_v20a-WithUpperAtch.nowindreduction.15.template.properties,719,6f8c02d30a7025d7dfb2789fde83901d506536274d07d81e5c9211adbc807af7
input/meshes/LA_v20a/LA_v20a-WithUpperAtch_chk.grd.inflow_flux_boundaries_lengthsdepths.txt,3098,3f84d34bb85805226b40243cfed387346a3b52e131fe96e1182028e896796a33
input/meshes/LA_v20a/LA_v20a-WithUpperAtch_chk.grd.properties,1071,a42be98e05807f1d08577a2dc28b1e17c750bfa393b2243503c85185f12785e6
input/meshes/LA_v20a/LAv20a_10kcms.txt,2107,c57be7b3d19bc74f2ba84834d2151ba0a3cb3db9e3d9f30196dcc766ff85ad3d
input/meshes/LA_v20a/LAv20a_12kcms.txt,2109,ca89bd3a73ab8a7c4e382bb3bcf5683adc2fe26fe744fba4fa940562fa00a14e
input/meshes/LA_v20a/LAv20a_13kcms.txt,2109,adaa15a6dd32f0aa46a8886aa80e4280b8d5b15d4d72b6dc699c2835a089879a
input/meshes/LA_v20a/LAv20a_23kcms.txt,2111,67b3a84d6848cdb37bf852e933192ce61094eb27b2e4741ef0ff865a3ebc27cf
input/meshes/LA_v20a/LAv20a_26kcms.txt,2126,236c9f262d1dba73ca8a7b947db2f9b60f975dcff86eea58922bcda57075c21d
input/meshes/LA_v20a/LAv20a_28kcms.txt,2129,37699f087155a4bf98682c26520456fbdd113a28ec76703e90860fd2c27686fe
input/meshes/LA_v20a/LAv20a_30kcms.txt,2129,2ba37c1216b20c0e5c1d534eb4fdd5476fc7d9fd0800ac0d73360accc39c3469
input/meshes/LA_v20a/LAv20a_5kcms.txt,1575,9bf2ca3a1dcb721295cb701dd1ae85619caa723518eb76069dd3c95d096c41de
input/meshes/LA_v20a/MS_Atch_River_20120821.txt,2726,370f4aee2d6b58c38da9c7d0a9332c0ad9eb60d12afbce097d03a24c93adce5f
input/meshes/LA_v20a/MS_Atch_River_20200520.txt,1925,653870e567fd686c701092f26ba467b1f6a20de89a4a02d55a30198871bfff1b
input/meshes/LA_v20a/MS_Atch_River_20200610.txt,2750,a59ea35e04883f38e12f2cb820401e0ff6dba8accd245b49b6b8896eddecec88
input/meshes/LA_v20a/MS_Atch_River_20200625.txt,1907,f5eaec4aecd5881edba9b1eec8af453b05dd271578eb1c85e8a0ebdc3e37f990
input/meshes/LA_v20a/MS_Atch_Rivers_2020-06-01.txt,1925,45d9e870a4d269021ea6cba811a13f107be7f1915994c7b26305045bcb289b8e
input/meshes/LA_v20a/MS_Atch_Rivers_26kcms_12kcms.txt,1922,68614391c02f4d2c595a18107e872013a72c665cda79fdcc136c0cb030c66e9f
input/meshes/LA_v20a/README.txt,1341,8e1e2cee6fd9182998ce968633464f41da0ded8b86f359a05bbe918f1011e498
input/meshes/LA_v20a/about.txt,6,7fd4dc2a7466ed6f1a1f3d03889f168aa1a401904d24154f30a1eeb534ea53b9
input/meshes/LA_v20a/cera_stations_cfigs_20200619.txt,4189,5242f1f28c571f9c0e93f15310c1c0ff3a4e7e258fa839b2c6d76568b160f7d6
input/meshes/LA_v20a/combined_stations_20190327.txt,19844,5ea014e3816963e01ff8e8cf13b76a1ca6575ff2754ebbe7511f47f02d2ceed4
input/meshes/LA_v20a/combined_stations_20190710.txt,20294,7a71bb84d556306adcfff10a28bd55dc1727c7dbc7b7053f6ebdff35edf0dd98
input/meshes/LA_v20a/combined_stations_20190711.txt,20380,36d8343a37156c9d3829bb0893275f91e11257b2d4fbd6e9b192ca4b74e5fddc
input/meshes/LA_v20a/combined_stations_20200520.txt,20388,397ad32008ce15a7453f215858efcf23ee989d83e307972d0b788fd7f38fa8b4
input/meshes/LA_v20a/combined_stations_20200601.txt,20382,b77e9187590e9f9380cdd8a5b7bd07e04e38c1436183ca12e51265c5ba20a844
input/meshes/LA_v20a/combined_stations_20200603.txt,20481,978b5a51da276ad6c9559a0402a1684c4ac381331bcfb286059687f57ca4e244
input/meshes/LA_v20a/combined_stations_20200605.txt,20773,094331e33b2177cedb2d5809a8a4ed0201e586ebe0f259a2d5dc299a345d4a1a
input/meshes/LA_v20a/combined_stations_20200619.txt,24872,6e26194d3fdab264241f0aa17f17a7f970abf683c0ebb4dc1b4b9f4e0a9a77f4
input/meshes/LA_v20a/combined_stations_20200701.txt,24877,da323c009f0a390e2d89f4173b4532278b6c9af8a6d6b5da4050d5f920430fd7
input/meshes/LA_v20a/combined_stations_20200929.txt,25239,c69fd03d15a117171168e5918719a252ce01e1300669d910293f2e1a6e546e82
input/meshes/LA_v20a/init.sh,3987,4906998ec73946b2335d7c2ece8716418782be3e4f91c472c483d8608a544149
input/meshes/LA_v20a/run.properties,302,9a0fc358aab85b775e0f561cd508315f191243c4a839d0215477fe4aac3a7bb6
input/meshes/LA_v20a/swaninit.template,959,1b889f576d375c3e0d80a7a52834bd6451762eebe40a6715aaa023a0f3087e4a
input/meshes/Mason_iflood_mesh/fort.14.properties,16,bd5f4dff9e69219dcda4ea71994d29820b6b5c48418525ef3b0b710521233367
input/meshes/Mason_iflood_mesh/hs_fort.15_template,58140,2901cf18761f7b617b8db4494fe11d87fa54d6a4258151f92f407c55dcdcf03d
input/meshes/Mason_iflood_mesh/hs_nam10m_fort.15_template,70370,1c5a5474160d3c8122d7aec744a7f72973d623b2316aa2fb1f62470cc68f14eb
input/meshes/NCv9.98_012014/fort.26.limiter.mxitns10.template,4267,506ab59b7804ad63197968307ff9699fe8059b6724233f85f4959889052c7ed2
input/meshes/NGOM/NGOM_4.0.19.15.template,57373,66c1078c7aa29558e7e5f9b4dcf137658224a044921b263741159a375ad25213
input/meshes/NGOM/NGOM_stations.txt,2596,4374f10fdca70e165e84d5e78327e11722b16a62721057e2dded12273437201d
input/meshes/NGOM_RT_v18j/NGOM_RT_v18j.15.template,57391,056126fa5a16024c3d213c201d429675eeb245d49065c02ea27864b3ba981fe4
input/meshes/NGOM_RT_v18j/NGOM_RT_v18j.15.template_18kcms,57295,6eefa817c6a7bdeee983eb01762faed76cf6465bfb4fc2327b546ecf7c80ed37
input/meshes/NGOM_RT_v18j/NGOM_RT_v18j.nowindreduction.15.template,57314,e8acd96be046b5bc4526285cb9d04970bdc2fa9d57e3572d39dbf23aa3e65222
input/meshes/NGOM_RT_v18j/NGOMv18j_ASGS_stations_list_for_CERA_08282018.txt,3843,38fd7ee83acfc56d92fad867257c38242a521a134bfdccca26135ce3a7817416
input/meshes/NGOM_RT_v18j/NGOMv18j_stations_06142018.txt,3827,7283e0fde8ab47ed796c14d7a5d8dd281336780871b8bd47a3f68cd800e198ad
input/meshes/NGOM_RT_v18j/NGOMv18j_stations_New.txt,205,1cc383510bb694bc0faaca92e275ea344b9b84c4348c6a5d97abe3dd39fc5aca
input/meshes/NGOM_RT_v18j/NGOMv18j_stations_for_ASGS.TXT,3826,92fddab2942fcf78f14992d52b77848b87c712a3bbd20942138977788390c198
input/meshes/NGOM_RT_v18j/fort.26.template,1365,bd69f5931eea7379a9a6cdbe675282e54a056982cb64852dfbf009566ae2bb2c
input/meshes/NGOM_RT_v18j/swaninit.template,959,1b889f576d375c3e0d80a7a52834bd6451762eebe40a6715aaa023a0f3087e4a
input/meshes/NGOMv19b/NGOM_RT-MS_River_10kcms.txt,601,a556479a103d703b0c9cf80802c3f9905fa43e663fd05358c9406738a6d6b322
input/meshes/NGOMv19b/NGOM_RT-MS_River_12.4kcms_2020-08-19.txt,603,dbb21fad48dd06c3044121b3e499d2b1c38314b7f92989333c5922c7a11b7186
input/meshes/NGOMv19b/NGOM_RT_v19b.15,0,e3b0c44298fc1c149afbf4c8996fb92427ae41e4649b934ca495991b7852b855
input/meshes/NGOMv19b/NGOM_RT_v19b.15 copy.template_10kcms,57349,7c34b69dd79fabaf7fda3379c530143db1079fbf289b57e6d0bbff631592acf6
input/meshes/NGOMv19b/NGOM_RT_v19b.15 copy.template_13kcms,57350,e6536822886f0a85ebad0f6ee54c07dcfa271761853e2546861bd8fcb7e3a86d
input/meshes/NGOMv19b/NGOM_RT_v19b.15 copy.template_18kcms,57322,eae7d4834a24940c235028ab02f3d93714db6d82ffc9d3c88774ef2041f5cd7c
input/meshes/NGOMv19b/NGOM_RT_v19b.15 copy.template_9kcms,57325,de513ec7009e5e8aea2e1d603e5409e186aeaa045886f35e051265614687671a
input/meshes/NGOMv19b/NGOM_RT_v19b.15.template,57418,6a20f34c3ea19914b6e1a46f1697c2174007bbb4838a950f5fd605f5ea3670dd
input/meshes/NGOMv19b/NGOM_RT_v19b.15.template_10kcms,57319,a0b0ad5ffa6581a3fd18b99c53552c0698019955b3905f4517c8060b5d887c54
input/meshes/NGOMv19b/NGOM_RT_v19b.15.template_11kcms,57350,3a4563f0f4561e7f86fc2706a0153c0bc4198597e9dd7c09523480d5d11e081b
input/meshes/NGOMv19b/NGOM_RT_v19b.15.template_12kcms,57339,3d09acb8f8b5017b9e2d339a782d54dc50d06bfcbf24edc7ca3ef63f3175a253
input/meshes/NGOMv19b/NGOM_RT_v19b.15.template_13kcms,57321,f3d0f1f8153c1539bd6286730941b230b590c86db537cf03fa1bc32759ad9d39
input/meshes/NGOMv19b/NGOM_RT_v19b.15.template_14kcms,57349,0cd27dbb81aaaf9e1b3b80b19f42d3b1f4ab238db6e8c492e8640d16691c1f85
input/meshes/NGOMv19b/NGOM_RT_v19b.15.template_15kcms,57340,95cd695be8107444942e193dc99b6a5fe90bb2e26445e16ff9e9bc3640db6b44
input/meshes/NGOMv19b/NGOM_RT_v19b.15.template_18kcms,57322,eae7d4834a24940c235028ab02f3d93714db6d82ffc9d3c88774ef2041f5cd7c
input/meshes/NGOMv19b/NGOM_RT_v19b.15.template_5kcms,57350,0294b700a71981d3d14c7d4719670ede38fb970cafaca1e753d35a6df2f9d93c
input/meshes/NGOMv19b/NGOM_RT_v19b.15.template_6kcms,57337,d4c5f3c72639001833426ca8e7c545663f332caa1a98ff597ba465c06c2b473f
input/meshes/NGOMv19b/NGOM_RT_v19b.15.template_7kcms,57350,a70fdafcc20801d1709dca32205092e30d47cbed92120c0ba0a968731c307b26
input/meshes/NGOMv19b/NGOM_RT_v19b.15.template_8kcms,57349,567aa88c25cefa4714420a04b7517b0080796d04539f98c0c7b39335cde1b14c
input/meshes/NGOMv19b/NGOM_RT_v19b.15.template_9kcms,57326,68fd62e9458962bd3cda6d94271df6498b16836396c53ca45c68919d985bd974
input/meshes/NGOMv19b/NGOM_RT_v19b.nowindreduction.15.template,57341,8f2c09036c3cb94f619c590a6d1eb0b17d9dd9b6f0e07b061d91180eaea46bd0
input/meshes/NGOMv19b/NGOM_RT_v19b_chk.grd.properties,10,7313897e29cf0dc4c5ef51064128429c62c87bd8f87e01bda77f547c28482a7a
input/meshes/NGOMv19b/NGOM_RT_v19b_river_flux_10kcms.txt,822,69a269a2269b820a848de72c6e9a9a47b3dc31cf08e5d738c255964c5b13949b
input/meshes/NGOMv19b/NGOM_RT_v19b_river_flux_11kcms.txt,854,dd68004992ef2e7c1456fb9c96f28dcfac559f65f307a5a04fe3cea6ae88040e
input/meshes/NGOMv19b/NGOM_RT_v19b_river_flux_12kcms.txt,842,53b660b502f3986b5d647119a53ad26fcd059a01a79185e0b2e6300aca7813ab
input/meshes/NGOMv19b/NGOM_RT_v19b_river_flux_13kcms.txt,824,83922c846af349397ee0b9344566a71fca9f446fccd1f47db3a2af851741d579
input/meshes/NGOMv19b/NGOM_RT_v19b_river_flux_14kcms.txt,852,a2d0c69554d921595e3ffb872c45597acc98fb51a2fd1b987a16531845490568
input/meshes/NGOMv19b/NGOM_RT_v19b_river_flux_15kcms.txt,843,fca1e7742c1515a128f3bfb7633cbf01ab1692a1c760ef869075dfb448a918e6
input/meshes/NGOMv19b/NGOM_RT_v19b_river_flux_16674cms.txt,751,4bddeac72f6d2f0ceb4c3faff36ead64e6b9d0394603aa215621e387898e7f3e
input/meshes/NGOMv19b/NGOM_RT_v19b_river_flux_18kcms.txt,825,90773c3b99538dbb2ed3f865f4698e41c926de461bbdf2815c8b788b5d0a4481
input/meshes/NGOMv19b/NGOM_RT_v19b_river_flux_5kcms.txt,852,f578b73ff2d28127dba4086942113d62082613187077f353e86028ffb4302f69
input/meshes/NGOMv19b/NGOM_RT_v19b_river_flux_6kcms.txt,839,5b4f393d94b0806b9b7800c6246a1dfb995dbed451211a4a10db21e0948dc4f7
input/meshes/NGOMv19b/NGOM_RT_v19b_river_flux_7kcms.txt,853,80b9caa530342e35491219bbe519f3ec92f43749bc8c23d93f70e11e03033595
input/meshes/NGOMv19b/NGOM_RT_v19b_river_flux_8kcms.txt,851,84c315b5c6f56068a50119a019af1cc9982863b4522cd468c89e97bb06fa09d2
input/meshes/NGOMv19b/NGOM_RT_v19b_river_flux_9kcms.txt,828,b1e8c3a62fe09655db4963d5d98858c465a079e349b9979d0052bb5703bf9e84
input/meshes/NGOMv19b/NGOM_RT_v19b_stations_08282018.txt,6005,d40c66d62445c8390523cab2162fede0b34c87edc7ec04a1a340a525b5ef6d4d
input/meshes/NGOMv19b/NGOMv19.15.ASGS2024.1.template,54034,ca08f40073c3b8c137034f21ca705b8c4d251613678a520576196a0b0c036153
input/meshes/NGOMv19b/NGOMv19_default_river_flux.txt,859,811243965b3f860a5a54f87c5dd243a44f2b154684a33f5c776e322b9b3d3f87
input/meshes/NGOMv19b/about.txt,9,56d122fbf7939eaaaabd2bc0a7d813ca117e0b2676a32ce279c876b63bd7acf0
input/meshes/NGOMv19b/fort.26.template,1333,804a58927f351ae7186b272c773d7223759b941c27a4688695dbeea616cd89e6
input/meshes/NGOMv19b/init.sh,5370,980bdd16057c0af2e6be546bc320b88ddc878ee34ef63e836f53558317f3b713
input/meshes/NGOMv19b/swaninit.template,959,1b889f576d375c3e0d80a7a52834bd6451762eebe40a6715aaa023a0f3087e4a
input/meshes/OPENWATER/about.txt,10,64662469d7e18e28d9187ea133b5f120493cae20b0fbe77ac4dfc3256f47fd22
input/meshes/OPENWATER/fort.26.nolimiter.template,4236,0f81065f429f8275b724b202cc08c8d4c86b7fd52b401f890ede173227bf67fd
input/meshes/OPENWATER/hsofs_stations_20180907.txt,67875,580910d0408acae6643c6875a0f7f860e528ef0f20694a21f91545bbd20b16c4
input/meshes/OPENWATER/init.sh,1968,95bf9043654dc3c838f622d9f01e5fe666701849b572219c08d17f56861fad1b
input/meshes/OPENWATER/openwater.15,42922,ed3361b1a7bed079cf54a66b6cf9202508ca12de7e64ceeb6af956c1a1cc8d8a
input/meshes/OPENWATER/openwater.15.template,43396,d8a1c20372115e998f8c7d4d243e57d4d2d43d0806b8d7fbb87c4cfa6194938f
input/meshes/OPENWATER/openwater.fort.15.template,43396,d8a1c20372115e998f8c7d4d243e57d4d2d43d0806b8d7fbb87c4cfa6194938f
input/meshes/OPENWATER/openwater.grd.properties,10,cb29a9730e738d2824b44bae215d94b158daf078ec84f304d38b35136ed8c11f
input/meshes/OPENWATER/openwater_adcircv55.fort.15.template,43309,51555872818a01932af174395217492645296de809ef8a91bdf0b9f9ec58414f
input/meshes/OPENWATER/openwater_nowindreduction.15.template,43322,99ea2442fc21f351a8d861c61d439d6c9427df396ea75c6efac107560788110a
input/meshes/OPENWATER/swaninit.template,959,1b889f576d375c3e0d80a7a52834bd6451762eebe40a6715aaa023a0f3087e4a
input/meshes/PRVI/PRVI15_fort.15,94652,d8281ebac2811980698deca0d177dd9ba051b766d02605e7a704b96bbfa3aa11
input/meshes/PRVI/PRVI15_fort.15.template,90992,ad92b9cc8d4fbba604505630fe1b8688902784d6858fb30977038b03643de14f
input/meshes/PRVI/PRVI15_norough.fort.15.template,90992,ad92b9cc8d4fbba604505630fe1b8688902784d6858fb30977038b03643de14f
input/meshes/PRVI/PRVI15_norough_fort.15.template,90944,2f6770b59277212c677fe11a46dcb58d2e60965b1c7bfcf395220cec855b7f66
input/meshes/PRVI/about.txt,7,f0ff93fef85908c3cdc32bf58a366a51fe367f8c0e3f700465a43892d40d0d59
input/meshes/PRVI/hsofs_stations_20180907.txt,67875,580910d0408acae6643c6875a0f7f860e528ef0f20694a21f91545bbd20b16c4
input/meshes/PRVI/init.sh,1832,6b0a2f1ebb4b9e31bae0abc2780225c6606edd2ad97d1effb9e214b73a1b94dc
input/meshes/SABv20a/SABv20a.14.properties,10,1f4fe61aaba5651e14a075aa46947439ec10e54b604e7fce9c9725c18ba3c2cb
input/meshes/SABv20a/SABv20a.15.ASGS2024.1.template,41530,426e8e4c84a5734692767b1f9514efaf3b5f818671687a6947a5bb148994b9b6
input/meshes/SABv20a/SABv20a.15.template,43679,89b2bcbea330f568c57fa58e761b1a6ed29c0d537df94dc66d320fdad12a8cb7
input/meshes/SABv20a/SABv20a.nowindreduction.15.template,43663,8435be1715abaae9656ac21c3f51ad28a40a01e6e1ea13ac24e51fa364ace070
input/meshes/SABv20a/Storm_fort.15,43353,f41a10652453cd515f2c75b507215e74dfa55466e617bd7c2ceeaa00a78e2f38
input/meshes/SABv20a/Tides_fort.15,43009,959b3c2e05c7376d1a634f16f4c46c09902091a9328265167c130230d20d50b2
input/meshes/SABv20a/about.txt,8,9bea863a00cb4be8d4845fc96e63c4762469f0f8c65880ec708a7d68dd094659
input/meshes/SABv20a/fort.26.nolimiter.template,4235,fc7c0a42ee43450c33b22de53dcb82ed457ed00f9e31adb589b2c38a4a00b8db
input/meshes/SABv20a/hsofs_stations_20180907.txt,68293,aeb5fdac42c4f9a7a73663455392e68efd1e9c2fc17d833d3cf47338d517e96d
input/meshes/SABv20a/init.sh,4428,8427701c8cd62595d138fda0bb4a5b478807c014d9a40957bb4c1a88f75d5937
input/meshes/SABv20a/swaninit.template,959,1b889f576d375c3e0d80a7a52834bd6451762eebe40a6715aaa023a0f3087e4a
input/meshes/TXLA22a/TXLA22a.13.template,32732039,e4453211cdbc47b621ac349e3867b7b86d0d7d2ec13a4762ced6ef0add5ff8c4
input/meshes/TXLA22a/TXLA22a.14.properties,10,0c10e53fb4f5ab41492cd7b4358955ddc1ab2ddb0a94926fa348487a41d25775
input/meshes/TXLA22a/TXLA22a.15,108693,f363a22bef1f2e91ccbcee144b721866b4920d26a669422f906029abf24f99bc
input/meshes/TXLA22a/TXLA22a.15.ASGS2024.1.template,42534,f3db39d3dd24788ecd6722fcd7efdb6f8335d42e76fecb63260ec56a27637b07
input/meshes/TXLA22a/TXLA22a_fort.15.template,43462,66416b9a9353b1259a34375b45110896559401fb9d30bee733dddbdebd6e59ae
input/meshes/TXLA22a/about.txt,8,643e209cf65fa593b05fa720d39a90b2b88b10511b03b7489f2e5a2eba421e19
input/meshes/TXLA22a/fake.TXLA22a.13.template,473,67bd3fd40d71477ad5f5450475e9d637ef9e6ae01f67f18c68a5d3eb7e13d2fb
input/meshes/TXLA22a/fort.26.nolimiter.template,4236,d9192550ebabc40279245d0ca23a2ef2e5a6f7ab98dc9a5671a84d51479022a1
input/meshes/TXLA22a/init.sh,3760,fdbad54203c375da779d0963bc26604aa6e9d5105a606fa96a3e015aacac0251
input/meshes/TXLA22a/swaninit.template,959,1b889f576d375c3e0d80a7a52834bd6451762eebe40a6715aaa023a0f3087e4a
input/meshes/TXLA22a/tx2008r35h_stations_20170618.txt,40773,c432e96166ac1b20b3087db29be976a5d5d3da3ee4228875a57801678c299ecd
input/meshes/ULLR2D/ULLR2D.wva.e5_fort.14.properties,10,7313897e29cf0dc4c5ef51064128429c62c87bd8f87e01bda77f547c28482a7a
input/meshes/ULLR2D/ULLR2D.wva.e5_fort.15_template,62053,0124147242d16d150dd8b26004a5724ec6e6ae76cfa0baf46bd4f05fab8d63d2
input/meshes/ULLR2D/ULLR2D.wva.e5_fort.26_template,1356,9121d3432596ad07e40b402d28fc57b0c5f6724498308e40b76e58f2eac9ab19
input/meshes/ULLR2D/cpra2017v07_stations.txt,5973,f12588815afdfc7886533b878b089680b609db6a8297f3b348acf30436267122
input/meshes/ULLR2D/swaninit.template,959,1b889f576d375c3e0d80a7a52834bd6451762eebe40a6715aaa023a0f3087e4a
input/meshes/WFLv18/about.txt,7,401fa1e405278f1cd6e5a439dfd94604e6fb3892f10f8b2ff3a7818da7634039
input/meshes/WFLv18/fema_wfl_fort.14.properties,10,7313897e29cf0dc4c5ef51064128429c62c87bd8f87e01bda77f547c28482a7a
input/meshes/WFLv18/fema_wfl_fort.15,48210,2198176c03822f87a60251839bd1cf30bcc5dc69c6141c64e4b776f05d662884
input/meshes/WFLv18/fema_wfl_fort.15.template,48119,78aff61799af0594dd7bfe6391cb7f364b403a8b3f8f5e5ca2d833d3569fbbaa
input/meshes/WFLv18/fema_wfl_nowindreduction.fort.15.template,48045,d662cefbd0b417838b0c4ea5fd3ced1571606b9fb856da03cc84e2008988db63
input/meshes/WFLv18/fema_wfl_stations_20191114.txt,1219,fe9ae3d8a1b16315d0b6af529c0319a62b42c94bc39b75d4a0539c394cfa310f
input/meshes/WFLv18/fort.26.nolimiter.template,4235,fc7c0a42ee43450c33b22de53dcb82ed457ed00f9e31adb589b2c38a4a00b8db
input/meshes/WFLv18/init.sh,1785,125d2a7117aa2b3f023508ccd3ce193e63c91d93b53172e0b66097a35f29d3fd
input/meshes/WFLv18/swaninit.template,959,1b889f576d375c3e0d80a7a52834bd6451762eebe40a6715aaa023a0f3087e4a
input/meshes/cenfl/Frances_hot.15,133315,97f099b85f7d6c81124dc6e4452c6a6e54a12fe6b6214dd28585a81921105661
input/meshes/cenfl/about.txt,8,108843b048131527f3361878dd693c77e2bc28ac5aab60f61c5b8a855098a703
input/meshes/cenfl/cenfl.fort.15.template,129280,47a174d51594d4e671e99d77d536ddfd510c0f9b8ee29adc673d526f165ecd9a
input/meshes/cenfl/cenfl.norough.fort.15.template,129206,335b0a54b8a7cdac7958d4dee5af9881f42e9ddcc410ca8860fe362f07463fcf
input/meshes/cenfl/cenfl_stations_20190809.txt,67919,b504abca8635a8ae0e341ce732f12edaf94c07274b728de86c29fe8b32af700b
input/meshes/cenfl/eccl_v7_geo_z.grd.properties,10,cb29a9730e738d2824b44bae215d94b158daf078ec84f304d38b35136ed8c11f
input/meshes/cenfl/fort.26.nolimiter.template,4236,d9192550ebabc40279245d0ca23a2ef2e5a6f7ab98dc9a5671a84d51479022a1
input/meshes/cenfl/init.sh,1724,5e3d6f709c691a4b644c87d10bcc9979a58328fd08068acd81b1ffcc38238fc6
input/meshes/cenfl/swaninit.template,959,1b889f576d375c3e0d80a7a52834bd6451762eebe40a6715aaa023a0f3087e4a
input/meshes/common/cfulcher_nc_stations_v6.20170109.csv,19642,21e75b91537b305da824c7de165c05351b58f21ee1a6530a7efc2bd6d05b708f
input/meshes/common/cfulcher_nc_stations_v6_20161011.csv,16510,d6c7b0e5f96508138518cab120d87973d284d2bbd14b68dda7a28b805b512993
input/meshes/common/cfulcher_nc_stations_v6_20161011.txt,4674,e8ea3dc853ad033242a85b986110c6ee554288e8e4d7e1739b1c316c21cb2f6d
input/meshes/common/cfulcher_nc_stations_v6_20161012.csv,16569,b48dfbdb24417c1656db16f6c7f48e14041170843bf8101793fd14f128eb0a91
input/meshes/common/cfulcher_nc_stations_v6_20161012.txt,4674,e8ea3dc853ad033242a85b986110c6ee554288e8e4d7e1739b1c316c21cb2f6d
input/meshes/common/cfulcher_nc_stations_v6_20161012_jgf1.csv,16569,0a4abd1ce8c3b02b13d317cc99a19d99b85127d30282275187f3cecc046a8d11
input/meshes/common/cfulcher_nc_stations_v6_20161012_jgf1.txt,4701,88ca313fa78f3045ffec34bdc8dea8dcf017df0afb5e63db23e920d6ed5c01ef
input/meshes/common/cfulcher_nc_stations_v6_20161013.csv,17488,7a5f5fe5ae620028bf72aa1dc1e0ea0a9372aaaa229bf0ca1ef7224bc8079666
input/meshes/common/cfulcher_nc_stations_v6_20161013.txt,4945,d8523c3870c1348bc5166cf6ef9a8ad8e8cff9098814c2de07021fddebcfcedd
input/meshes/common/cfulcher_nc_stations_v6_met_20161013.txt,997,518030dc94f9df35062dd461c4dca8083aad016c9ec475a174f64c73ee2d3456
input/meshes/common/cfulcher_nc_stations_v6_metwaves_20161013.txt,1426,ee7f46642191805e16092148a3ca4f139b3bc335d769946426e0c9c4788c305a
input/meshes/common/cfulcher_nc_stations_v6_wl_20161013.txt,3111,e6b8290254ade24dfc8ff3da35bcc18ac2480767eb43bbce173a9194dfc970b6
input/meshes/common/cfulcher_station_sheet_url.txt,101,1f86cb917905a439528a5efb0c2f84de33c0a1f5f974288fbe44451a35eeb8d0
input/meshes/common/convert_station_csv_metadata.awk,71,203c742c28fe35b9b7f26b18ab4ec9c120ae60ea8a57ba00a7d705701c757aea
input/meshes/common/convert_station_csv_metadata_met.awk,86,08bc474fc35ea231a692b6d28979cb55ce5dafd34d9e43dc120961930ab1cd9b
input/meshes/common/convert_station_csv_metadata_metwaves.awk,107,aa8f1eadf09364070993b427e5e731f4d8c5c5f0c78422b26c6ec522f6b70192
input/meshes/common/convert_station_csv_metadata_wl.awk,85,8ebb087b5bd861f90237190a0d5c70c62774223f93e05f8352b6b740d02e1b27
input/meshes/common/station_list_combiner.py,4286,b4528586b4d8f9b088c45ad46ffa4227fa11cad7cb748fe00dea84e516ccb086
input/meshes/common/swan/CPRA23v01c_fort.26.template,4424,be0b219e03632b36a281f83d5a00f776d6ed928578ee4b31c69ba5763bb43cb8
input/meshes/common/swan/adcirc_swan_v52_fort.26.template,4381,e1f32eacf329050098e12c78df328c28ebd0cdf44cf577ae33f967fb7fce917f
input/meshes/common/swan/adcirc_swan_v53_fort.26.template,4336,bc99e0103ffa47eb2eaf6d807fcec371487bed777d30f958d84012031947bcf2
input/meshes/common/swan/adcirc_swan_v53_parameters_fort.26.template,4872,817b2b265728714cae5504f7d453d7d30e5ae0efb3bc9f1eb964773f10f20173
input/meshes/common/swan/swaninit.template,944,e1d3537b2087a34b8ef371ce7b798f8601a212dd723bfce7d49488e0633c4fd8
input/meshes/copy.template_10kcms,0,e3b0c44298fc1c149afbf4c8996fb92427ae41e4649b934ca495991b7852b855
input/meshes/copy.template_13kcms,0,e3b0c44298fc1c149afbf4c8996fb92427ae41e4649b934ca495991b7852b855
input/meshes/copy.template_18kcms,0,e3b0c44298fc1c149afbf4c8996fb92427ae41e4649b934ca495991b7852b855
input/meshes/copy.template_9kcms,0,e3b0c44298fc1c149afbf4c8996fb92427ae41e4649b934ca495991b7852b855
input/meshes/cpra/cera_stations.txt,5766,c3e340ef6f5955870c5340d69a1f63085023a61d562e047eda46727fedb46d79
input/meshes/cpra/cera_stations_ocpr.txt,5766,c3e340ef6f5955870c5340d69a1f63085023a61d562e047eda46727fedb46d79
input/meshes/cpra/fort.26.limiter.template,4221,7bd4fa912ef50d339b019ff0dba3babac884921651e72985e63954abca7fdd0d
input/meshes/cpra/ocpr_fort.15,6655,812ef9272d2e2e132dd761411faa8c8a667b92df7c2149b9594c746003d00761
input/meshes/cpra/ocpr_fort.26,1026,9a38ab640e49fb3e9797abb4f071fe402818288dd05d49dc513dee1f3e39742f
input/meshes/cpra/ocpr_v19a_DesAllemands4CERA.14.properties,10,7313897e29cf0dc4c5ef51064128429c62c87bd8f87e01bda77f547c28482a7a
input/meshes/cpra/ocpr_v19a_DesAllemands4CERA.15.template,24538,f086611b46d22d35bbbdd12d95cb035e5e9301fa3a789c53f3ed587a816d4260
input/meshes/cpra/ocpr_v19a_DesAllemands_corps.15.template,24574,da8c81ea92647cc3f8ed69b5dca117fcb6989d936f9c6788e134eeeaef721cff
input/meshes/cpra/ocpr_v19a_DesAllemands_corps_NAM.15.template,24527,3c1c31c2060eb8dc5d9e41ed781e34cf0794ee54a6fdef14ffffcb2e0982292d
input/meshes/cpra/ocpr_v19a_DesAllemands_corps_powell.15.template,24611,143ade83409545b1e631c5140dbd5d3097bce2ddb7d3a21a4ec463838a2a4224
input/meshes/cpra/ocpr_v19a_DesAllemands_corps_powell_hcriver.15.template,24647,bd1ad27270f90d5dfe791d8e03d2050d1fcd57388cefcd4711b7db565515aae1
input/meshes/cpra/swaninit.template,959,1b889f576d375c3e0d80a7a52834bd6451762eebe40a6715aaa023a0f3087e4a
input/meshes/cpra2017/LA_v12g-WithUpperAtch.15.template,46725,967aeedc8884ef8d6e03ef7cabc12972cf0404c720c7a07ed9b706d5736718cd
input/meshes/cpra2017/LA_v12g-WithUpperAtch.26.template,4137,fcfb4373b60922289f02705eb66035c71a01e646d16777995b21759be022a498
input/meshes/cpra2017/LA_v12g.15.template,48663,1aecc5dcc0e3c64d1c8ecd910d966384735761d86871721cd49cfd54322c915c
input/meshes/cpra2017/LA_v12g.26.template,4137,fcfb4373b60922289f02705eb66035c71a01e646d16777995b21759be022a498
input/meshes/cpra2017/LA_v12gAtch_stations.txt,9805,2cff7a86a1fe393dd15762acd87276d2db7f439766bee2c17af9754786cae93a
input/meshes/cpra2017/arcadis_logo_stacked_col_sm.jpg,219404,702dcc9dea25db0df638edc964e3e5b36a79bd060baf7a082404309121354bc5
input/meshes/cpra2017/cpra2017v07_stations.txt,5973,f12588815afdfc7886533b878b089680b609db6a8297f3b348acf30436267122
input/meshes/cpra2017/cpra_2017_v07a.15,48193,0f340b62df4938e8081bd1f9de0399de1e4b62004126fbdbc50f36b7ba7197e0
input/meshes/cpra2017/cpra_2017_v07a.15.template,47773,9905725a47ee09a75c73b05d6402424874158ee2517c72d168a9a55c5b1562b4
input/meshes/cpra2017/cpra_2017_v07a.26,1129,00f61e0dfc801a89d5abb7d55d9742a7324bc44ea07152d1a22d0842f5a9f9e7
input/meshes/cpra2017/cpra_2017_v07a.26.template,4137,fcfb4373b60922289f02705eb66035c71a01e646d16777995b21759be022a498
input/meshes/cpra2017/cpra_2017_v07a_1180mcfs.15.template,47720,d9652db63516265ad387df992e3e7b925854372cfa3e5adea0cc6bdea81406f4
input/meshes/cpra2017/cpra_2017_v07a_626900cfs.15.template,47147,c91560efd4e67507d083e65ed5b4897a8aed0f87458465ef3b06cbd362d684bf
input/meshes/cpra2017/cpra_2017_v07a_862mcfs.15.template,47718,ab5b39b019c7818c5bf3c42dace04e4e792667f6b08621392f9a451a3bcea2c0
input/meshes/cpra2017/cpra_2017_v07a_chk.grd.properties,10,7313897e29cf0dc4c5ef51064128429c62c87bd8f87e01bda77f547c28482a7a
input/meshes/cpra2017/cpra_logo.png,15038,bf0bb0ad4cf8fa266170a16159f89c7d430ef40f9e6d12d7aa9c45b97b3e3afd
input/meshes/cpra2017/hsdrrs_2014_stations.txt,64216,87d95880aedb64c31c8e48c58d6228b268e43041e4a602c6e1fd95c27bd89015
input/meshes/cpra2017/swaninit.template,959,1b889f576d375c3e0d80a7a52834bd6451762eebe40a6715aaa023a0f3087e4a
input/meshes/cpra2017_arete/cpra2017v07_stations.backup.txt,5452,e4d3e9930f408ee0403b85829262c8bc18a9bfee728b1bd434fe782b98198001
input/meshes/cpra2017_arete/cpra2017v07_stations.txt,5728,20e2f76b875f2187d27c76a7f4316af4ad93440332d3332ac0fef1eec6152cb3
input/meshes/cpra2017_arete/cpra_2017_v07a.15,48193,0f340b62df4938e8081bd1f9de0399de1e4b62004126fbdbc50f36b7ba7197e0
input/meshes/cpra2017_arete/cpra_2017_v07a.15.template,39423,121bd72223c395d8d907e551cfd35f75700349ef035b96a33363388c609f92c6
input/meshes/cpra2017_arete/cpra_2017_v07a.26,1129,00f61e0dfc801a89d5abb7d55d9742a7324bc44ea07152d1a22d0842f5a9f9e7
input/meshes/cpra2017_arete/swaninit.template,959,1b889f576d375c3e0d80a7a52834bd6451762eebe40a6715aaa023a0f3087e4a
input/meshes/cpra2017_v11k-CurrentConditions/cpra2017_v11k-CurrentConditions_FluxNodestrings.txt,2799,5ab6b747ae098e9aa9f94603cbe58b164b9e6c0a73d6650e46115fe5c6362806
input/meshes/cpra2017_v11k-CurrentConditions/cpra2017_v12c-CurrentConditions-WithUpperAtch_chk.grd.properties,35,a4d8328847ac23509b353c90303f9f668258b691c342e8653b1ae41e380c2c85
input/meshes/cpra2017_v11k-CurrentConditions/cpra2017v07_stations.txt,5973,f12588815afdfc7886533b878b089680b609db6a8297f3b348acf30436267122
input/meshes/cpra2017_v11k-CurrentConditions/cpra2017v12.cera_stations.20160610,7375,02d0d531227ddbebd20e13d7ad80fed1c2133dff5af19ffb7e8eee53a59b34f3
input/meshes/cpra2017_v11k-CurrentConditions/cpra2017v12.cera_stations.20160611c,12120,ef64dcabdb0f57938f58f6ca3af7d349cffacb72a1d44dc26b5262b64b4c3d0f
input/meshes/cpra2017_v11k-CurrentConditions/cpra2017v12.cera_stations.20160621,10012,25ca311930870bba1117b7d1014e7c113ce4f36cf09eb0f3018e13cd51b6e6e7
input/meshes/cpra2017_v11k-CurrentConditions/cpra2017v12.cera_stations.20160624,10014,c5790b98667c7eea5864959e97cdea5cb2b20eb304bb75b23cf4ec64204d8718
input/meshes/cpra2017_v11k-CurrentConditions/cpra2017v12.cera_stations.20160702,8064,afcd71c69e0d2deb3441c561edf206e5e3ac342b9f98b2be7f95bda7b5a32efc
input/meshes/cpra2017_v11k-CurrentConditions/cpra_2017_v07a.15.template,47816,36130b8a816f6c96db1a5365c98dcc3a9ce60d03bf99052cf8ebbb26e73f1d5c
input/meshes/cpra2017_v11k-CurrentConditions/cpra_2017_v07a.26.template,4137,fcfb4373b60922289f02705eb66035c71a01e646d16777995b21759be022a498
input/meshes/cpra2017_v11k-CurrentConditions/cpra_2017_v07a_1180mcfs.15.template,47757,09c3930e5f9225c8717f28e5879fa3cca3b1aa1b7b18bcd04aa00058f2880ef2
input/meshes/cpra2017_v11k-CurrentConditions/cpra_2017_v07a_1500mcfs.15.template,47762,611ff32a2d7013798fda7a5ebb0aba330eed13c98a1e1c77a8752334c46c2254
input/meshes/cpra2017_v11k-CurrentConditions/cpra_2017_v07a_25.5kcms.15.template,47818,d584ec6f0ff6bcd52cc84b3a5248942e1cd30b40d640f19f48213feaf7dd63d3
input/meshes/cpra2017_v11k-CurrentConditions/cpra_2017_v07a_27.5kcms.15.template,47841,73b4cfd06fc7aef954467db96e83504f50801c481e6890e8376848180d1be66b
input/meshes/cpra2017_v11k-CurrentConditions/cpra_2017_v07a_27.5kcms_open.15.template,47948,e90bf267fa112602f7713b896b31bb54774bf4207e17ace20bb984e4c25b55d2
input/meshes/cpra2017_v11k-CurrentConditions/cpra_2017_v07a_28.5kcms_closed.15.template,47788,687f7f1280019744fa966dcfe25cbfabee08afbeab8ff85a810ab4349ee82ce0
input/meshes/cpra2017_v11k-CurrentConditions/cpra_2017_v07a_28.5kcms_open.15.template,47895,29f592523b9a47a3049035e54c23b659c367dd562876c208a92a6330622e2730
input/meshes/cpra2017_v11k-CurrentConditions/cpra_2017_v07a_36kcms.15.template,47874,18c3ac44e3620b0040cc4db5daf0ec2e74c268c51e402b305edcd102af46366f
input/meshes/cpra2017_v11k-CurrentConditions/cpra_2017_v07a_36kcms_open.15.template,47981,5aa188335d58c2dac31b80e5f5d85f085b41469336140f38d75123353b88dc69
input/meshes/cpra2017_v11k-CurrentConditions/cpra_2017_v07a_626900cfs.15.template,47177,a64c03a469133c38fbdf1f12c78631f686076a673302e5563ca8ad3b1ca56edd
input/meshes/cpra2017_v11k-CurrentConditions/cpra_2017_v07a_862mcfs.15.template,47748,726ccaf269a1cbae570a3e89eea78c821c5b855aeeb82c1b261e26435f4459af
input/meshes/cpra2017_v11k-CurrentConditions/cpra_2017_v12c_CurrentConditions-WithUpperAtch_closed.15.template,48429,1d328f66a3979e88d7fa3801771fcdb2868e4dcc96100a402db25d83a73f3c40
input/meshes/cpra2017_v11k-CurrentConditions/cpra_2017_v12c_CurrentConditions-WithUpperAtch_closed_16kcms.15.template,48426,f38cd8eb86dd696b25a235d843ca5df2ab29438f8892dc83d64f11208f1298d9
input/meshes/cpra2017_v11k-CurrentConditions/cpra_2017_v12c_CurrentConditions-WithUpperAtch_open.15.template,48537,1d1ed5a1b771322165118a5c0b5bbc9a2cf54c1cdb666172591a6ff6ef3aadd6
input/meshes/cpra2017_v11k-CurrentConditions/cpra_2017_v12c_CurrentConditions_11kcms-WithUpperAtch_closed.15.template,48351,2355d9e89568dc883c344612bdd5c98cc15e0d8e35b0970499d4991ad9cd07af
input/meshes/cpra2017_v11k-CurrentConditions/cpra_2017_v12c_CurrentConditions_22.5kcms-WithUpperAtch_closed.15.template,48712,d2fa35c21e0e29bfd82b52ccd59cabdd86016e05000cfbab9b0695eaf3fd01eb
input/meshes/cpra2017_v11k-CurrentConditions/curl.cpra2017v12.cera_stations.20160610,13480,033497c38f4a538d17db84327a18f824c200e31985210f8b23874304660e37b4
input/meshes/cpra2017_v11k-CurrentConditions/fort.15,66172,4d96c38cdda7989442d06ebda7332695a83e5b4b272194c21ff065516e6513c6
input/meshes/cpra2017_v11k-CurrentConditions/swaninit.template,959,1b889f576d375c3e0d80a7a52834bd6451762eebe40a6715aaa023a0f3087e4a
input/meshes/cpra2017_v11k-CurrentConditions/time-bonnet.in,2713,95258a6691f2111ca8a236f2eaaf038e32b960284b2eabf609d49a915b18fdaa
input/meshes/cpra_v03a/cera_stations.txt,5766,c3e340ef6f5955870c5340d69a1f63085023a61d562e047eda46727fedb46d79
input/meshes/cpra_v03a/cpra_v03a.nam.15.template,24263,3a60071272e1da10997a61fd6c9aad97590d4fa5568504c48920900266e78b7a
input/meshes/cpra_v03a/cprav3a.15,42644,db9a8e427567662d9962a0197118f529b298ecf7ef2c491fd15e0aaf80dfcbe1
input/meshes/cpra_v03a/cprav3a_fort.15.txt,6974,0d7f895903f8abdafab71480568ed11148655b0ae1211966008185656a8816b4
input/meshes/cpra_v03a/powell_cpra_v03a.15.template,24380,0c26c60cac12f07891d06e27c02bfc5bd6ddc27fc89541563485884fa448cf8f
input/meshes/cpra_v03a/swaninit.template,959,1b889f576d375c3e0d80a7a52834bd6451762eebe40a6715aaa023a0f3087e4a
input/meshes/ec95d/about.txt,6,b4bd37a12d9c33166a00079427ff564196656601bf7c8547f7299bc6492e15cf
input/meshes/ec95d/archive/ec_95_fort.15.notides_template,4730,0758c9abb6b60d55510522022f4aa45ea1ebba385fb0a9fe17f425506afee8ea
input/meshes/ec95d/archive/ec_95_notides_fort.15_template,5307,875ada78ccf7ded1e0f06b5615d2b23dc37ea3c17f59b31de8b8b5dd2d4d42e5
input/meshes/ec95d/cera_stations.txt,5766,c3e340ef6f5955870c5340d69a1f63085023a61d562e047eda46727fedb46d79
input/meshes/ec95d/corps_elev_stations.txt,5958,b4c283bab01ca86cdd55c3c943ca175700baf00413a5561ee090b1166959191e
input/meshes/ec95d/corps_vel_stations.txt,5958,b4c283bab01ca86cdd55c3c943ca175700baf00413a5561ee090b1166959191e
input/meshes/ec95d/ec_95_explicit_fort.15_template,16177,5c77158f8346568c7593b565e9a2d59ef69d95bacc039bd882371ac77aa92334
input/meshes/ec95d/ec_95_fort.15_template,16157,18cc9227bbf36080bd9ef0947bc4e3526bb992991b348a685e4c0ab0d8c0ab7b
input/meshes/ec95d/ec_95_nowindreduction.fort.15_template,16175,b135c182bb2e6e9d44c9b2bd757aa74af50683ee6feaa1d4f680473713f23f5a
input/meshes/ec95d/ec_95d.grd,3042520,ff7b7f82476bded5ec5febddcf16783cb882e3947ac738d275e594d3600411c6
input/meshes/ec95d/ec_95d.grd.properties,10,262bf86480ad51f63a43e1a68472947b0e94c569c5cf3cc19fc72d4dc7fbe0c8
input/meshes/ec95d/fort.15.ec95d,5604,9688995d2437ed3a0b6cb809d3467d64f6c0e074a1d8cb66cdb526fb226a922e
input/meshes/ec95d/fort.26.ec95d.template,1161,ad25f25a9b2869fbbd88ca6321848ac9a4163d1926938583566f7477a1fa725d
input/meshes/ec95d/fort.26.nolimiter.template,4236,0f81065f429f8275b724b202cc08c8d4c86b7fd52b401f890ede173227bf67fd
input/meshes/ec95d/hsofs_stations_20180907.txt,67875,580910d0408acae6643c6875a0f7f860e528ef0f20694a21f91545bbd20b16c4
input/meshes/ec95d/init.sh,1777,04cd52a4b41effd80925bd86a35e8bca094d0a81da436b61b9b357a9aa7cf21e
input/meshes/ec95d/nodalattributes.properties,38,bb517455b1dc7e9ba60987dd9b8a897ae05969a2fd098bdfe6e8aaed0030ef22
input/meshes/ec95d/swaninit.template,959,1b889f576d375c3e0d80a7a52834bd6451762eebe40a6715aaa023a0f3087e4a
input/meshes/femar2/FEMAR2_2012_stations.15,3931,501238f01cd23e7e2761604a0d174ea959c4062cb7bf2b8d6ea795535fdafe24
input/meshes/femar2/FEMA_R2.nolimiter.fort.26.template,1115,3a6f96e8e0292f05f78e7c98073332dfa0f5afd0b4f2bd73f604dab15f55b222
input/meshes/femar2/FEMA_R2.noswanrefrac.fort.15.template,17970,6bc5def7bfd439459efb7ca9abfd55a0197c7ba344cc2b4f8312042db00387c5
input/meshes/femar2/FEMA_R2.noswanrefrac.nowindreduction.fort.15.template,17897,ddf82344749dcfa119251b6080e5fa02594f31b2d2b8dbd88d4f8a6abd7bcc5f
input/meshes/femar2/FEMA_R2_elev_stations.txt,3132,569a04280246159fe29c2315ba121745c862706c66df72334f3ed40931226195
input/meshes/femar2/FEMA_R2_elevstations_20180712.txt,66256,bbcffe052b85f4ab25444b0fe2ccb2f976c71221ffacd1a36e95201ecac10481
input/meshes/femar2/FEMA_R2_fort.15.template,17971,28be6891c3f5fdc64c61a438cc571b4d58e36f683f810d450588312e2881f181
input/meshes/femar2/FEMA_R2_fort.26.template,1147,67015768e55fee9fdff96241a158a88a63bdebc75cfc74db4c3a1a74537cf31e
input/meshes/femar2/FEMA_R2_gcs_mNAVD.grd.properties,12,f7f38688dfa45725db6ae7cd4c90a9ebf1d55962a892fc16818d1d49a23d6177
input/meshes/femar2/FEMA_R2_irene_w13_fort.15,27606,16e999676a956546973e6f749625efaea1b4d1c38a3b4346cad36fc7d7fc044f
input/meshes/femar2/FEMA_R2_met_stations.txt,3132,569a04280246159fe29c2315ba121745c862706c66df72334f3ed40931226195
input/meshes/femar2/FEMA_R2_metstations_20180712.txt,66256,bbcffe052b85f4ab25444b0fe2ccb2f976c71221ffacd1a36e95201ecac10481
input/meshes/femar2/FEMA_R2_norivers_gcs_mNAVD.grd.properties,12,f7f38688dfa45725db6ae7cd4c90a9ebf1d55962a892fc16818d1d49a23d6177
input/meshes/femar2/FEMA_R2_velstations_20180712.txt,66256,bbcffe052b85f4ab25444b0fe2ccb2f976c71221ffacd1a36e95201ecac10481
input/meshes/femar2/FEMA_R2_w13_fort.15.template,17995,11f8efec4f4cc294e0f70c46d4680506eeed47d93f32af5d9f5d487105ed479c
input/meshes/femar2/about.txt,7,064aa59f727c68e50c0b0c172edc17385c73ec00c194bb70a2ed9c3963e48803
input/meshes/femar2/archive/FEMA_R2_fort.15.template.old,29008,356d6de0957a9b733c4d9192c29d3aa91b6e28fef254b90c00a6977554989172
input/meshes/femar2/cera_stations_20180810.txt,2680,c2b3b9c58c6dae4d3cf3227fad09e184c4ade90eaac836e8a7c9c3b508e4f653
input/meshes/femar2/fort.26.nolimiter.template,4236,295e62ba40e6e1e0493f950025613372017e8efaafb154ab4a346976771b68b1
input/meshes/femar2/hsofs.all_cera_stations_20170915.txt,66256,bbcffe052b85f4ab25444b0fe2ccb2f976c71221ffacd1a36e95201ecac10481
input/meshes/femar2/init.sh,1725,636ca5d2e1bc01e09330202f5ef493fa03fa79990583d2730f21841d3170a130
input/meshes/femar2/swaninit.template,959,1b889f576d375c3e0d80a7a52834bd6451762eebe40a6715aaa023a0f3087e4a
input/meshes/femar3/FEMAR3_stations.15,8785,5aeb8085a7d280583d5bb635dbd4e22a5298417e8170dc6207521b17d1a2152c
input/meshes/femar3/FEMA_R3_20110303_MSL.grd.properties,16,bd5f4dff9e69219dcda4ea71994d29820b6b5c48418525ef3b0b710521233367
input/meshes/femar3/FEMA_R3_elev_stations.txt,11102,2795aed6b4a1c2c5886617712f04c59c9959e40305e4e64c4b2b615fef70dcb3
input/meshes/femar3/FEMA_R3_elevstations_20180712.txt,66256,bbcffe052b85f4ab25444b0fe2ccb2f976c71221ffacd1a36e95201ecac10481
input/meshes/femar3/FEMA_R3_fort.15.template,24001,420bb0d235d68676eec1edee04da24c55b4ac066820512b9a030bef60addaecc
input/meshes/femar3/FEMA_R3_met_stations.txt,957,c2858d716f680866f426e8f6ff56123ee1daa4d0afe5f9ec3fffea5754ed2c38
input/meshes/femar3/FEMA_R3_metstations_20180712.txt,66256,bbcffe052b85f4ab25444b0fe2ccb2f976c71221ffacd1a36e95201ecac10481
input/meshes/femar3/FEMA_R3_nowindreduction_fort.15.template,23927,6f499b0adc3703b9eed7c67e5b4b95478ad1d4d9f44e7895a74f435b2209ee91
input/meshes/femar3/FEMA_R3_velstations_20180712.txt,66256,bbcffe052b85f4ab25444b0fe2ccb2f976c71221ffacd1a36e95201ecac10481
input/meshes/femar3/about.txt,7,15913f2659e40380ce9e27066164ed9a74610178e982e510021de277fab1453e
input/meshes/femar3/cera_all_station_url.txt,79,86212f9f17de23683c7dcedbfbfc5abd24898907f2bf7f34c016bda44e9f27f6
input/meshes/femar3/cera_station_url.txt,76,1f4798e38f3cefca3bb1b0b8afa21fd65dfe1a26ae8a981c886ec4ab70fe2473
input/meshes/femar3/cera_stations_20180810.txt,6608,adccd8581a6ebf276c8dc17dffa0d6861fecaa35e823036d82a0b3ac60cdc214
input/meshes/femar3/fort.26.nolimiter.template,4236,4cde2f8fea16e6d6888fddf867999012d24af369efedbb9da1943293640d537f
input/meshes/femar3/init.sh,1810,a291ef2399c5d30d4f6250a973220b60cdf33cd4f50b33ab9125d129a8bd5a05
input/meshes/femar3/swaninit.template,959,1b889f576d375c3e0d80a7a52834bd6451762eebe40a6715aaa023a0f3087e4a
input/meshes/fl_fwj/FL_FWJ_v1.05s.15.template,39601,47efc063b82d99bc6c9bc7beb3da8d520c61026ca197cff0c0d3f55575184518
input/meshes/fl_fwj/FL_FWJ_v1.05s.grd.properties,10,1f4fe61aaba5651e14a075aa46947439ec10e54b604e7fce9c9725c18ba3c2cb
input/meshes/fl_fwj/README.txt,244,e55330b47f802169632f8407870e19fdcc50273239144abfb01c4efc435380c4
input/meshes/fl_fwj/fort.26.template,4267,5d54f9fadd845672572aa64958fa60077664b6624af8168993711301a72d6838
input/meshes/fl_fwj/swaninit.template,959,1b889f576d375c3e0d80a7a52834bd6451762eebe40a6715aaa023a0f3087e4a
input/meshes/fl_fwj/wFL_cera_stations_20160829.txt,3898,e798f9184b0e2f65ec9da37a8d61f4d9e1059885741c9f6fef6c9a327339702c
input/meshes/gm_la_tx_v3/GM_LA_TX_v3_chk_fort.15.template,62075,c7d40b95a70c9a41c95ea492ab46c9ddf4cc125da416d108dbd9ddf28bae62f1
input/meshes/gm_la_tx_v3/GM_LA_TX_v3_chk_powell_fort.15.template,62112,9e3e46ed90b7309c7c41e9638fa9a024c58140810492090fe927d33e7e6ad21a
input/meshes/gm_la_tx_v3/cpra2017v07_stations.txt,5973,f12588815afdfc7886533b878b089680b609db6a8297f3b348acf30436267122
input/meshes/gm_la_tx_v3/cpra_2017_v07a.26.template,4137,fcfb4373b60922289f02705eb66035c71a01e646d16777995b21759be022a498
input/meshes/gm_la_tx_v3/swaninit.template,959,1b889f576d375c3e0d80a7a52834bd6451762eebe40a6715aaa023a0f3087e4a
input/meshes/hsdrrs/cera_stations_ocpr.txt,5766,c3e340ef6f5955870c5340d69a1f63085023a61d562e047eda46727fedb46d79
input/meshes/hsdrrs/corps_elev_stations.txt,5958,b4c283bab01ca86cdd55c3c943ca175700baf00413a5561ee090b1166959191e
input/meshes/hsdrrs/corps_met_stations.txt,5958,b4c283bab01ca86cdd55c3c943ca175700baf00413a5561ee090b1166959191e
input/meshes/hsdrrs/corps_vel_stations.txt,5958,b4c283bab01ca86cdd55c3c943ca175700baf00413a5561ee090b1166959191e
input/meshes/hsdrrs/explicit_hsdrrs_fort.15.template,57566,bce344cba20ab6a3052035fe80ef9971d43b24cdac4dbdc8e6f83c16aedb1013
input/meshes/hsdrrs/explicit_slowramp_hsdrrs_fort.15.template,57805,a01ee3da9d305ef87f1915bd02079e9835d04a1d025428d96e0b01d7c1762f37
input/meshes/hsdrrs/explicit_slowramp_nowindreduction_hsdrrs_fort.15.template,57725,57907f3d58a21bf81867a02732ffd255c9b9029d1ba1cca9b227de6fc7cb43c2
input/meshes/hsdrrs/fort.15,156512,8ec7c476263ce53b97ab87193f44c9031717d468d444a8df25038dfdd719c9ce
input/meshes/hsdrrs/hsdrrs_fort.15.template,57458,3ab42c801b0573c55f525d3b70dfcb6abee4394af8b840257dd8f8c8c1c1618c
input/meshes/hsdrrs/swaninit.template,959,1b889f576d375c3e0d80a7a52834bd6451762eebe40a6715aaa023a0f3087e4a
input/meshes/hsdrrs2014/HSDRRS2014_MRGO_leveeupdate_fixSTC_MX.grd.properties,169,3686a0790a3fbadf4ef89bb3f7d40d9fc88e602077c63b479828d7592d3f660e
input/meshes/hsdrrs2014/HSDRRS2014_MRGO_leveeupdate_fixSTC_MX_smoothedPlaquemines.grd.properties,35,a4d8328847ac23509b353c90303f9f668258b691c342e8653b1ae41e380c2c85
input/meshes/hsdrrs2014/HSDRRS2014fort.15,9374,1274ff3dcb67fc7e5f9fc35c1fae71df3b778c0dc1be9d44ef77dabf821deecf
input/meshes/hsdrrs2014/Qgages.txt,58450,2d76916486777f70335dcf3654806ec4e92368fa4af0b4bd5e22b374574c0679
input/meshes/hsdrrs2014/cera_stations_ocpr.txt,5766,c3e340ef6f5955870c5340d69a1f63085023a61d562e047eda46727fedb46d79
input/meshes/hsdrrs2014/cpra2017v12.cera_stations.20160624,10014,c5790b98667c7eea5864959e97cdea5cb2b20eb304bb75b23cf4ec64204d8718
input/meshes/hsdrrs2014/hsdrrs2014_explicit_14kcms_fort.15.template,55230,72fdab836d123c0db34a5ab51d64205a8d29bb38e8c4719247322149457a5eba
input/meshes/hsdrrs2014/hsdrrs2014_explicit_16kcms_fort.15.template,54946,bcbc1dd2b3fe31b711a985503e00b77aae0339b214e860015f4cda3ae6f4923f
input/meshes/hsdrrs2014/hsdrrs2014_explicit_fort.15.template,54762,caf3f81a08f274fd82e6018e774b731d845d050552d49e9b4c7f0807eae52a37
input/meshes/hsdrrs2014/hsdrrs2014_fort.15.template,54762,6a634d3dc2721b27c8b0a4a9a9efcd33619397ec3226505753098f83e03d7edc
input/meshes/hsdrrs2014/hsdrrs2014_tides.txt,49202,e4f3900d59f943638522e3d6fec5f5e02768052079a7f5c4dbda3ab8890529cc
input/meshes/hsdrrs2014/hsdrrs_2014_stations.txt,64216,87d95880aedb64c31c8e48c58d6228b268e43041e4a602c6e1fd95c27bd89015
input/meshes/hsdrrs2014/hsdrrs_fort.26.template,4234,cdf34e0d24f36ea1f3d75565b9e57f12a32c80ad75771894089ffd7177e2490a
input/meshes/hsdrrs2014/swaninit.template,959,1b889f576d375c3e0d80a7a52834bd6451762eebe40a6715aaa023a0f3087e4a
input/meshes/hsofs/HSOFS.15.2025.1.template,41484,65c0fbf66a90b598da62c624b2a6ce677a8134d712f1db4d0c15dbf0c4bd47ec
input/meshes/hsofs/about.txt,6,e317afab8499915a248d0b744349594eb29b9e91dfdc27ab202fbc571e010f54
input/meshes/hsofs/archive/60cmNGOffset.dat,9200799,3dc246a6196ed9ac754dc36609b56ec5e0dfdfbe1d964776c746340529bdeeb6
input/meshes/hsofs/archive/hsofs_0.1524offset_qb.15.template,44046,b4c2d3ca9b599573c9a73c8e309d50d783ccdd1eb57e96bc4cd8d090fca95b9a
input/meshes/hsofs/archive/hsofs_0.3048offset_qb.15.template,44048,8a73dc34b30ecb261a5bfe37bb58390c7a357434dd9e9357a1a211746b761372
input/meshes/hsofs/archive/hsofs_dragexp.15.template,43816,84503687322ffabd5708cdf23a19c1fb0dd5c0628104777f9bac9fe176f57bb2
input/meshes/hsofs/archive/hsofs_explicit_NG60cm.15.template,44066,00e8f975d56c11af60bdd48f0607286c0675414273f4b2b31e634bf7c2c390a1
input/meshes/hsofs/archive/hsofs_explicit_offset_lonestar.15.template,44050,6bcd45e0471b50ab0383d55686c2014ad9f9ea0b5bef246ccaa6f4b91f606ca1
input/meshes/hsofs/archive/hsofs_explicit_sshag.15.template,43861,839cfc0f5ad5863e8e13292a8d34bd9d5dd9deff18399141ba84dcb601bf8910
input/meshes/hsofs/archive/hsofs_forecast_offset.15.template,44071,355e14b31df176fcd19c4b59683d904c95c1b4f767cd0e95a9a42e02e47d2321
input/meshes/hsofs/archive/hsofs_nowcast_offset.15.template,44070,016ec47d8ef78f9299f980e402d66fbedacc3071bb999da69f8e9eda6a3901bb
input/meshes/hsofs/archive/hsofs_offset.15.template,44044,eada81eb6fe5545dfd256e6f73a8530203400bb574236d89997cb10c696c0c29
input/meshes/hsofs/archive/hsofs_offset0.1524.15.template,44042,68e6632b10b5d84db6ffaeecd965bed9d1464d32e6b851434d15acb134daf49d
input/meshes/hsofs/archive/hsofs_offset_lonestar.15.template,44063,e1aa3ec7d51c15733505f585dbc2651d8dcddd0eb862ee2794097f552bd945e3
input/meshes/hsofs/archive/hsofs_offset_qb.15.template,44048,b5bb2aaa7c01de6757c2b288ebb840019b2702e88114d92c5dc603bfe0ab5dd8
input/meshes/hsofs/archive/hsofs_winddraglimit0.0035.15.template,43819,1cb3ae7ee02a06519a1c01de42cdad34ca7a89eb21062147a8d49c0818cda266
input/meshes/hsofs/cera_all_station_url.txt,79,86212f9f17de23683c7dcedbfbfc5abd24898907f2bf7f34c016bda44e9f27f6
input/meshes/hsofs/cera_station_url.txt,72,c314c639842bc58eeb29b402bbf8978e71ff914b74be75368d757f78e3908876
input/meshes/hsofs/combined_station_list_20161013.txt,4944,215618458e4bc20c94eb5138f3399c7e0a462e4ce948a5ada1cda64904be7b6c
input/meshes/hsofs/cpra_stations_20180524.txt,1189,58de15c1046134faeba0f83f7af136e3408dbdc46293980b5c00da6f482b25a7
input/meshes/hsofs/cpra_stations_20180525.txt,1178,985946ff34a2b9dc27dda48904bd55c5167d26278b1805a3c7d7b60b5eaf1e88
input/meshes/hsofs/fort.26.nolimiter.template,4235,fc7c0a42ee43450c33b22de53dcb82ed457ed00f9e31adb589b2c38a4a00b8db
input/meshes/hsofs/fort.26.template,4267,5d54f9fadd845672572aa64958fa60077664b6624af8168993711301a72d6838
input/meshes/hsofs/hsofs-parameters.15.template,41589,a159fd569da5670c2a6f41bfb2bb531770bd538fb1e3ef304f487d198c72ebe2
input/meshes/hsofs/hsofs.14.nc.properties,10,cb29a9730e738d2824b44bae215d94b158daf078ec84f304d38b35136ed8c11f
input/meshes/hsofs/hsofs.14.ng.properties,10,7313897e29cf0dc4c5ef51064128429c62c87bd8f87e01bda77f547c28482a7a
input/meshes/hsofs/hsofs.14.properties,10,cb29a9730e738d2824b44bae215d94b158daf078ec84f304d38b35136ed8c11f
input/meshes/hsofs/hsofs.15.template,43736,61d982634e029aaf039248fd592cf951671f15baff550b7f5a68c46076bf8938
input/meshes/hsofs/hsofs.all_cera_stations_20161115.txt,35532,45af79691215fd19fa5b5b7d715215211e5beb993b848fdda2ee6d6c247cba65
input/meshes/hsofs/hsofs.all_cera_stations_20161227.txt,42519,ba81fa2ba12ed105dd8f44a81d971455bdb599000204dab4d86482d559a23416
input/meshes/hsofs/hsofs.all_cera_stations_20170618.txt,66256,bbcffe052b85f4ab25444b0fe2ccb2f976c71221ffacd1a36e95201ecac10481
input/meshes/hsofs/hsofs.all_cera_stations_20170717.txt,66379,b20cf8c6ef78f042fae6e17178864d71a572025cba7d870c858b4ba64729c862
input/meshes/hsofs/hsofs.all_cera_stations_20180329.txt,66256,bbcffe052b85f4ab25444b0fe2ccb2f976c71221ffacd1a36e95201ecac10481
input/meshes/hsofs/hsofs.combined_station_list_20180329.txt,66741,ccc4d3c733c491c3eccd00f957ae26a3abbced2ea7ed2f871c181a1605ef6950
input/meshes/hsofs/hsofs.combined_station_list_20180524.txt,67930,0b3402a07bd4a275a4a1f63c47f1863671caf4ce4a0e072c1a6220f8899b32a8
input/meshes/hsofs/hsofs.combined_station_list_20180525.txt,67919,b504abca8635a8ae0e341ce732f12edaf94c07274b728de86c29fe8b32af700b
input/meshes/hsofs/hsofs.nowindreduction.15.template,43662,f12de622f525fe21c86b3eb2cd5d6897416df2bde1c86a450379f4e3fdc248c3
input/meshes/hsofs/hsofs_cera_stations_20160801.txt,8266,7ad89233292fb4923c943add65c03db84307a922f5d4079d4da44075e3aa4c16
input/meshes/hsofs/hsofs_cera_stations_20161011.txt,8230,7d64132118727b17b7a631450805df1ce4840ce6db68b343dcabefb4016b91dd
input/meshes/hsofs/hsofs_cera_stations_20161012.txt,8230,4f1b0ed92ad08954951b9e525f227ee034ead9882e154471bec0255cdc075b5a
input/meshes/hsofs/hsofs_cera_stations_20161013.txt,0,e3b0c44298fc1c149afbf4c8996fb92427ae41e4649b934ca495991b7852b855
input/meshes/hsofs/hsofs_cera_stations_20161115.txt,8353,fc2ef833d79a0bd7d565045f5e9010bce0b6d1ea9b73bedce6654f0ba14fff32
input/meshes/hsofs/hsofs_cera_stations_20161227.txt,10775,dd8c71559fb976a35fd9ea984597b8aaa5b3a07afba0efccb1cfd0435e79b3f2
input/meshes/hsofs/hsofs_explicit.15.template,43738,336bc3062b31693f8d0fd11d2828cbdde8acf744062c23b1f3454f06fcdac81c
input/meshes/hsofs/hsofs_explicit_25cm.15.template,43769,0f12d5b1321568836aad909e01b138b5ef3580783007d189f0b08147bc5efa13
input/meshes/hsofs/hsofs_stations_20180907.txt,67875,580910d0408acae6643c6875a0f7f860e528ef0f20694a21f91545bbd20b16c4
input/meshes/hsofs/init.sh,4206,f4527fceeb4a9e7a625c4e643648f4ea1e629e528da2fbfe1863f1a0cb105cd5
input/meshes/hsofs/ncem_hsofs_stations_20180329.txt,910,8333a9bd83a18660b57b888772ba3f5fc2c034805f1b298c2faccd9f008bc331
input/meshes/hsofs/swaninit.template,959,1b889f576d375c3e0d80a7a52834bd6451762eebe40a6715aaa023a0f3087e4a
input/meshes/naccs/NAC2014.15.ASGS2024.1.template,37519,5ad20ff121258c734ba3b31486616aa6dcf857b00eea0d344b52d8749a43a692
input/meshes/naccs/NAC2014.15.ASGS2025.1.template,37494,4e698e33c7f9aac9642e7701886c4a6132f87e2c87330a851063c75d84c810f3
input/meshes/naccs/NAC2014_R01.15.template,39000,a6781d9c3a04bf49eb6245d8ad845edeab64b257fb8c063578356b194f49ad6b
input/meshes/naccs/NAC2014_R01.nowindreduction.15.template,38926,61cc0ed4fef0d570bfd1c2e50c6812c2805a8d91609c6e72592fde4644581b5f
input/meshes/naccs/NAC2014_R01_ClosedRivers.grd.properties,10,ba9469bc064e02a8e2419b722751380a79c77b6d6f391b983efdb426c0868de1
input/meshes/naccs/NAC2014_R01_Rivers.grd.properties,10,ba9469bc064e02a8e2419b722751380a79c77b6d6f391b983efdb426c0868de1
input/meshes/naccs/NAC2014_R01_explicit.15.template,38846,69b61b5d0b988b8c629bb28ff5336f0cccf67beebad6f4bcba556c92aa21fa33
input/meshes/naccs/NAC2014_stations.61,6025,ec78c55e9f1c5896dfb38cc2ad8d8d8c8fd71d6c35213c667e6cf1c42a7355b4
input/meshes/naccs/about.txt,8,4f7d07ce7802773089ae21d3b3fc21906f14be81d6947818140dceefce3d479b
input/meshes/naccs/cera_stations_20180810.txt,3410,d459a7a33fc42591032bbf69884f6e71cdaec5a41b8c56f2b572e360e00b7131
input/meshes/naccs/fort.26.nolimiter.template,4236,295e62ba40e6e1e0493f950025613372017e8efaafb154ab4a346976771b68b1
input/meshes/naccs/init.sh,3759,15938718913c87df5464a35b2ea0b7be8bca774c00857f5804995bbc673cb244
input/meshes/naccs/swaninit.template,959,1b889f576d375c3e0d80a7a52834bd6451762eebe40a6715aaa023a0f3087e4a
input/meshes/narragansett/cera_stations_narragansett_20160802.txt,1075,8975aa0e6f57ec82b101206270f31fae9572653754cb2c00964b1a6a88acc094
input/meshes/narragansett/fort.15.orig.unixformat,28562,e3b2149bfe0de4574f24d4bbeea0a02296c292942da88ce680d7708d13314c05
input/meshes/narragansett/fort.26.limiter.template,4221,7bd4fa912ef50d339b019ff0dba3babac884921651e72985e63954abca7fdd0d
input/meshes/narragansett/fort.26.v6b.limiter.template,4267,5d54f9fadd845672572aa64958fa60077664b6624af8168993711301a72d6838
input/meshes/narragansett/narragansett_fort.14.properties,10,0539955dbbae86ca11707c1e221389b7304f4f010fffe8c3a5b96da649373a9a
input/meshes/narragansett/narragansett_fort.15.template,25676,b407999a930eaf33638dec927cf94f4f337061870e59ef2a431bd79960e8becb
input/meshes/narragansett/narragansett_stations.fort61,1748,600617f17d0c808428d3798f5c107631879d1b7d2141465d1e5423240d1910f2
input/meshes/narragansett/swaninit.template,959,1b889f576d375c3e0d80a7a52834bd6451762eebe40a6715aaa023a0f3087e4a
input/meshes/nc_v6b/NCv6d_2024.fort.15.template,22574,1b73afb3ae12b6d3e16c248dec810cecfe0594ebc42edeea2b0b2dbcc80d4b77
input/meshes/nc_v6b/about.txt,6,02028a10a811a427bac29cf24dda8b17951cc1f98531b5ffb4c96bbed0c40b1c
input/meshes/nc_v6b/fort.26.customirene_v6b.template,1101,1ab245cb989b96072c258df82bf5ada9eae108b1ff1aeb3b185902c6be24b6ec
input/meshes/nc_v6b/fort.26.v6b.limiter.template,4267,5d54f9fadd845672572aa64958fa60077664b6624af8168993711301a72d6838
input/meshes/nc_v6b/fort.26.v6b.template,4235,9064480411d0d2c01c6be9f65f4a54252829cded0bfeda5eeac3635f7e4cd19c
input/meshes/nc_v6b/init.sh,3754,78b114ab342433f2d7e61a9fdc41adc4a05d95c387ca11245d741c4cfb5f07f6
input/meshes/nc_v6b/nc_inundation_v6c_rivers_msl.grd.properties,10,cb29a9730e738d2824b44bae215d94b158daf078ec84f304d38b35136ed8c11f
input/meshes/nc_v6b/nc_inundation_v6d_rivers_msl.grd.properties,10,cb29a9730e738d2824b44bae215d94b158daf078ec84f304d38b35136ed8c11f
input/meshes/nc_v6b/ncem_elev_stations.txt,485,d84825484e8c0cb69e65489548400a567bb12828a3615d59922b3b2d34df2f1b
input/meshes/nc_v6b/swaninit.template,959,1b889f576d375c3e0d80a7a52834bd6451762eebe40a6715aaa023a0f3087e4a
input/meshes/nc_v6b/v6brivers_elev_stations.txt,11155,6f94735009d90f210f94d850862fa47ff3bc26dbc521a98c0e2d04ea171a5313
input/meshes/nc_v6b/v6brivers_fort.20_default,411881,3d9cb253dfdf402c5cdc1406484102ee160a070d4e1c6be22aa05560270e2599
input/meshes/nc_v6b/v6brivers_fort.20_hc_default,320564,f35b29b272dceec01410dbe8fa9ee530c946e39fae11b29361c3255ca7eb8049
input/meshes/nc_v6b/v6brivers_met_stations.txt,7865,ef449b3a284d2e172e73d9a44fd44bda522c6a7b20c66ee0185aafdd247e5ac1
input/meshes/nc_v9.99_w_rivers/NCv999_2024.1.fort.15.template,19344,3fcc45c459168cbd08cda9bb99172d93ae5584d7a1e7ad5a7c268c07c80b0090
input/meshes/nc_v9.99_w_rivers/about.txt,7,7c299a474cee1510ec76d9d73d93f4f5ae6a7c5235ded2fd61abbb7e807ff8ec
input/meshes/nc_v9.99_w_rivers/archive/nc_9.99wrivers_vortex_offset0.1524_fort.15.template,23693,238d2b56463a2e450b96a5cf4fc1b640ce2dc17c2e9c5596fcc2b9da482b76a4
input/meshes/nc_v9.99_w_rivers/archive/nc_9.99wrivers_vortex_offset_fort.15.template,23693,848920407b2c7e1ca20e0af25df0b7898af8bea06bc19d9b88d95f0ada06a31f
input/meshes/nc_v9.99_w_rivers/archive/nc_9.99wrivers_vortex_offset_lonestar_fort.15.template,23714,6431858b8ef5dc51f6f91fd03608594b8e38c127626371b41511c813a9dc26cf
input/meshes/nc_v9.99_w_rivers/archive/nc_9.99wrivers_vortex_offset_qb_fort.15.template,23691,cc621ad7620d852d344707b6d907ce909bb443b38464ea7fc45f8dea3202b19e
input/meshes/nc_v9.99_w_rivers/archive/nc_9.99wrivers_vortex_qb_fort.15.template,23454,6fb1c7b6cc19ad9c111abb6aa8d44432e61d418e557de588ed84c50d59f46b65
input/meshes/nc_v9.99_w_rivers/archive/nc_9.99wrivers_vortex_withoffset_fort.15.template,21415,5397f636bb264de02c2dc703664e52b9428d0a42a0f9230363046d5ea35d6b41
input/meshes/nc_v9.99_w_rivers/cera.ncv999_all_stations.20161115,35208,434087c8b485528f0bc7d13c29bde458a8e68943ca46d96b4935b07432a31b1d
input/meshes/nc_v9.99_w_rivers/cera.ncv999_all_stations.20170109.txt,42135,bf717d8d0d9da60fd74d3fe6d6d0fe2e2f14cc7e7843ffe2badf96a2f55320b7
input/meshes/nc_v9.99_w_rivers/cera.ncv999_all_stations_20180329.txt,66256,bbcffe052b85f4ab25444b0fe2ccb2f976c71221ffacd1a36e95201ecac10481
input/meshes/nc_v9.99_w_rivers/cera.ncv999_all_stations_url.txt,80,bedcbbb97f26a2b56569e157e988f0a3e4e25b3c781bf56dc9a9097d775a9cb0
input/meshes/nc_v9.99_w_rivers/cera.ncv999stations.20160713,1862,c7f78403815630ccb312135a38f975713166f953251bda4d2ae5fc48f2dc021e
input/meshes/nc_v9.99_w_rivers/cera.ncv999stations.20161011,2018,d508e61414f1bf2525b3c56558e101ed4669ac2fa592631dd4b359b073b51f8a
input/meshes/nc_v9.99_w_rivers/cera.ncv999stations.20161012,2018,6249ab393225b5a92301d6b29b9c95466f39420bb32a817c2e4b5e5a56133133
input/meshes/nc_v9.99_w_rivers/cera.ncv999stations.20161013,1961,8003adc10f225f0ea3e13259adab92360303014cecd81290e83c79275ddf7cd8
input/meshes/nc_v9.99_w_rivers/cera.ncv999stations.20161105,34550,397c73062126a7bf515d93e774fc558325d54ec7dcf3e94b36041e833159bc63
input/meshes/nc_v9.99_w_rivers/cera_ncv9999stations.20170108,1615,12bb667aba3e370e354b89257376862b9e0b8868628cdcc512068484066be622
input/meshes/nc_v9.99_w_rivers/cera_station_url.txt,76,9174acdaa85d77ba9b8d9d150d296a3baccbe89a14508b27ddb0061cb5c92baa
input/meshes/nc_v9.99_w_rivers/combined_station_list_20161013.txt,4944,215618458e4bc20c94eb5138f3399c7e0a462e4ce948a5ada1cda64904be7b6c
input/meshes/nc_v9.99_w_rivers/fort.26.limiter.template,4266,bc1b58be4ee6c74ea1bf45e4c845a9a8070c737aae1f020e07eda9755c37abaa
input/meshes/nc_v9.99_w_rivers/fort.26.template,4235,9064480411d0d2c01c6be9f65f4a54252829cded0bfeda5eeac3635f7e4cd19c
input/meshes/nc_v9.99_w_rivers/init.sh,4316,f8f752ae9318dd218cf4c5ebfe9a7a57e8f4d8b3641257d7d0a09d151ef8c973
input/meshes/nc_v9.99_w_rivers/nc_9.99wrivers.nowindreduction.fort.15.template,23287,ba34571a9350c71a41b7f32237c3015421f75ceff2fef8c6fabede9bcf400c7a
input/meshes/nc_v9.99_w_rivers/nc_9.99wrivers_metonly_fort.15.template,23287,ba34571a9350c71a41b7f32237c3015421f75ceff2fef8c6fabede9bcf400c7a
input/meshes/nc_v9.99_w_rivers/nc_9.99wrivers_vortex_fort.15.template,20895,06946fa44289f9122af3a00e7bf0a63bc0212e0049e9046165232551406bdab9
input/meshes/nc_v9.99_w_rivers/nc_9.99wrivers_vortex_fort.15.template.minbf.eq.0_wcap.eq.002,20895,94b04877ed827a16ca65e11b9b2eb336c8f1b3de59d08aeeeb36bac18caf632a
input/meshes/nc_v9.99_w_rivers/nc_9.99wrivers_winddraglimit0.0035_fort.15.template,23361,17db1e5492dc9f135950bf0e865ccd197b0cbab1ad7aacd064d7c34ce87841f6
input/meshes/nc_v9.99_w_rivers/nc_inundation_v9.99_rivers.14.properties,10,cb29a9730e738d2824b44bae215d94b158daf078ec84f304d38b35136ed8c11f
input/meshes/nc_v9.99_w_rivers/nc_inundation_v9.99a_w_rivers.grd.properties,10,cb29a9730e738d2824b44bae215d94b158daf078ec84f304d38b35136ed8c11f
input/meshes/nc_v9.99_w_rivers/ncem_ncv999_stations_20180329.txt,485,d84825484e8c0cb69e65489548400a567bb12828a3615d59922b3b2d34df2f1b
input/meshes/nc_v9.99_w_rivers/ncv999_combined_station_list_20180329.txt,66741,e2ae3bb2ff970a2ae3e0dccfb80f8ff8360ed079348141ab9219989d8752598f
input/meshes/nc_v9.99_w_rivers/ncv999_combined_station_list_cera.20161105_ncem20180329.txt,35035,d0d1a38656583c4cc2bc2af981a781574f11918822b918eb9b7f0259214d4ea4
input/meshes/nc_v9.99_w_rivers/ncv999_stations_20180907.txt,35413,5337d2b9da4ec7e50904045d2595422f8fb564232dc80c531f8c2bd5d3147356
input/meshes/nc_v9.99_w_rivers/swaninit.template,959,1b889f576d375c3e0d80a7a52834bd6451762eebe40a6715aaa023a0f3087e4a
input/meshes/nc_v9.99_w_rivers/v6brivers.88,6201888,94215ec10a822c57c524e90d1661f02f83fd4144afd83d0dbbb2c8f24f73456f
input/meshes/nc_v9.99_w_rivers/v6brivers_fort.20_default,411881,3d9cb253dfdf402c5cdc1406484102ee160a070d4e1c6be22aa05560270e2599
input/meshes/nc_v9.99_w_rivers/v6brivers_fort.20_hc_default,320564,f35b29b272dceec01410dbe8fa9ee530c946e39fae11b29361c3255ca7eb8049
input/meshes/neflga/about.txt,10,2a0810f10fa0fe10dd590011c21fe22f403e5356cd0935a1f06f03c564cc4f96
input/meshes/neflga/fort.26.nolimiter.template,4236,d9192550ebabc40279245d0ca23a2ef2e5a6f7ab98dc9a5671a84d51479022a1
input/meshes/neflga/init.sh,1880,5f4e08195e0b0a498aa7bd8374ab107684a5ecbd2422dadf86e1e0c3fc647e01
input/meshes/neflga/neflga_stations_20190809.txt,67919,b504abca8635a8ae0e341ce732f12edaf94c07274b728de86c29fe8b32af700b
input/meshes/neflga/neflga_v12_geo.14.properties,10,cb29a9730e738d2824b44bae215d94b158daf078ec84f304d38b35136ed8c11f
input/meshes/neflga/neflga_v12_geo_norough_template.15,130072,b2817927dcaad628bc4fd51d4e8501da6cb5a7ad51029a80a62a666c73492781
input/meshes/neflga/neflga_v12_geo_template.15,130146,26d76f3558120baa718bcb1563e336f4430827e4ea49b5bfed9033a6b034bdd1
input/meshes/neflga/neflga_v12_geo_withsmag_template.15,130265,0761e39580749f1ef839bdc1eb11bbb2d6b13266113f2f44d007b4e318df3f7e
input/meshes/neflga/swaninit.template,959,1b889f576d375c3e0d80a7a52834bd6451762eebe40a6715aaa023a0f3087e4a
input/meshes/norl_s08_g05f/fort.15,8416,75fb166454eb547b99698e475d9c7d7355054b787b7e01455eb88303eeb2ef81
input/meshes/norl_s08_g05f/fort.15.template,6948,b6c3c56852f15b5ef20acef046a38ba0fe50693bf1f9b833e466eb155201b637
input/meshes/norl_s08_g05f/tides_fort.15.template,5422,383fb6baaff75e0269a4166f598e898f60e31e3caa507d55d5c0b32797239218
input/meshes/qa/fort.14,5249,df6d3f366e5d259c01de0cb6dbd3319ea96d90710467a7b2118284878c4517f2
input/meshes/qa/fort.15.cold,4957,b9f9790e661609c3b8bb8caaeb572e061ba39de8d97f275406960c650003f2a4
input/meshes/qa/fort.15.hot,4959,0d6b9fa29152f14d0ea0b07bcc79481759abe7ddb5b8db11b485717a49deb031
input/meshes/qa/fort.15.template,4768,e2c65dec589077f593aad0e2e0be4c8fe0507f7043394ccc4ca7fb2e507e7620
input/meshes/qa/qa_stations.txt,67,eddcbebeffa7d0b77281752782698745aa61d9deffd284755d3c11a21018c7bd
input/meshes/shinnecock/about.txt,11,0ec1483ad69169ad74e963495f853195a44268070ce1f80bb7c7d1953ef16e33
input/meshes/shinnecock/fort.26.shinnecock.template,1095,32502433f9648426022a366b74fcacff03f8e433d43c3de4918c300fa07fd153
input/meshes/shinnecock/init.sh,2737,cff5e6e3ca1d6e03ffcf20cf7dbf5c816941021fe5de5e1d6c8c9f32234a06f4
input/meshes/shinnecock/shinnecock-parameters.fort.15.template,11458,5ca0f14c6e1b92f9645d67a07ef01576a2d78ca08a148470e81ca35169e69009
input/meshes/shinnecock/shinnecock.15.2026.1.template,11514,57ef5bd281d87fc0b0d04c1bc6afe6a150ce5d73dede13595c75222d240eacfe
input/meshes/shinnecock/shinnecock_asgs.fort.15.template,13903,2386919cbc8b36dc0c6139e3a07ecdd6f66bedce7969dec3f1b754d815d1ead5
input/meshes/shinnecock/shinnecock_asgs_explicit.fort.15.template,13900,c61ce7c3ad8436f9a647becf2a53c03fe1fc34a63fe24823c228f4fb2c1b2286
input/meshes/shinnecock/shinnecock_inlet_coarse.grd,332277,ec24d033820b2ce025587bb2aa5bf1119f52a92389889214bc03840c0a00fd6d
input/meshes/shinnecock/shinnecock_inlet_coarse.grd.properties,10,96a002b00e5811dd86ae2f789584742d978637af9436f0ff5dc9944e01716ae4
input/meshes/shinnecock/shinnecock_nodal_attributes.template,390,e74fed9072dec3064d72675881d5a5b6d002a5d22eaff89622ea6a7f7dc085d3
input/meshes/shinnecock/shinnecock_stations.txt,126,c7c46510441e8dfbae56580fbc9738dc871aa6330e16e40efd8525ba5d8a0300
input/meshes/shinnecock/swaninit.template,959,1b889f576d375c3e0d80a7a52834bd6451762eebe40a6715aaa023a0f3087e4a
input/meshes/sl16/sl16.2010040100tides.fort.15.template,67053,f14307448eb0ed55109b2a073702da90c12479e0e343c9cf10421c6cf1b1a8fc
input/meshes/sl16/sl16.2010040100tides.norough.fort.15.template,67006,eab115855b9eda57d2b7defa59148ac07c458b16f43cc2513dd6b0cd46ded7dc
input/meshes/sl16/sl16.2010050100tides.norough.fort.15.template,67017,6309171feda6d7d03d28fcff79416844fd30f84af99a386d681d666e2fdcd8b0
input/meshes/sl16/sl16_alpha_2007_26.15,66947,b1780257d02c866fdc874789a1590c69e1e722d23eb5ed20fa3573aa8bd0ecc9
input/meshes/sl16/sl16_alpha_2007_26_2010050100tides.norough.fort.15.template,66995,90d1dafe5236165fbd3250f12a9c50574aca35d42287189526a9130150a4754f
input/meshes/sl16/sl16_alpha_2007_26c_chk.grd.properties,10,0c10e53fb4f5ab41492cd7b4358955ddc1ab2ddb0a94926fa348487a41d25775
input/meshes/sl16/swaninit.template,959,1b889f576d375c3e0d80a7a52834bd6451762eebe40a6715aaa023a0f3087e4a
input/meshes/southfl/about.txt,8,d16a55ff74a9b0c506fd11cdebc30ef5f2413f71c0490e7d860dcbce90630391
input/meshes/southfl/fort.26.nolimiter.template,4236,d9192550ebabc40279245d0ca23a2ef2e5a6f7ab98dc9a5671a84d51479022a1
input/meshes/southfl/init.sh,1962,16e9ead0145115daa14ff3864ab986ae2793c88981d0e1ba8d33955ebbed9474
input/meshes/southfl/southfl-v11-1.15,138273,bd0e0b980527ba041c7962271f8d979581ddf09a50c29406a4416cc8118db197
input/meshes/southfl/southfl-v11-1.nowindreduction.template.15,126231,ceb23c064a9ac0a12775c4a62c2af53400c7e021d6dcfe4ec64997188fb912a1
input/meshes/southfl/southfl-v11-1.template.15,126304,f212b811721d6de440e14a8db0737c5645be6f8ddbd45f2492bd846630de9c2b
input/meshes/southfl/southfl_stations_20190502.txt,68274,2387993b0fc1bc70d35a27066ddbf7ee284e0840ae8628f51844a7677118c1aa
input/meshes/southfl/southfl_v11-1_final.grd.properties,12,417349f439aa43c8626917f2b22d8a10bb112a8948374d5ae2b485993535e2e1
input/meshes/southfl/southfl_v11-1_hybrid_deep-carib-v4.grd.properties,13,1daf712ac5f2ce9741f0632e27dd1cf91358171a37ebbbe5e2f7f7be04053555
input/meshes/southfl/swaninit.template,959,1b889f576d375c3e0d80a7a52834bd6451762eebe40a6715aaa023a0f3087e4a
input/meshes/texas2008_r35h/TX2008.15.ASGS2024.1.template,64148,a508d012b674e74033322de4ff7538114e3de92ddee08e929eb6d775280686ab
input/meshes/texas2008_r35h/UTAustinStations.std.txt,32599,37e11362ace8d72f3020e3e5d4cd446e16f108c36896d5d87e9edf12489e8301
input/meshes/texas2008_r35h/UTAustinStations.txt,33444,e2d8c7544a3192ff0c930e202a8bee8613e7c9d94af31a30d40cf685c05bedb9
input/meshes/texas2008_r35h/about.txt,7,00177faa224761e763834d40204118f816a186a940827ef37a06514f5b5d6081
input/meshes/texas2008_r35h/fort.26.nolimiter.template,4236,d9192550ebabc40279245d0ca23a2ef2e5a6f7ab98dc9a5671a84d51479022a1
input/meshes/texas2008_r35h/fort.26.ut.fric.template,1245,a9863072678bf802ad43e217e62b86528725f2091d119c5461e21d058a933719
input/meshes/texas2008_r35h/fort.26.ut.template,1245,34b5446f6902d18a634d7fdc50df0faf873217d4c40fc972bbbeb66f7928bbe1
input/meshes/texas2008_r35h/init.sh,3964,d55a76af24c180c40dfd0c71f5b99bd38e51aeb74f99cec269361445b0880972
input/meshes/texas2008_r35h/nolimiter.fort.26.ut.template,1216,8b779e9d8379e723512e5746304dde0ed497ad6106f0bfa778f59069f23311d0
input/meshes/texas2008_r35h/swaninit.template,959,1b889f576d375c3e0d80a7a52834bd6451762eebe40a6715aaa023a0f3087e4a
input/meshes/texas2008_r35h/texas2008r35h.cera_stations.20160705,2250,2ea28a57a7bf934b002496038aab7eb01c21dc6d3a4b5dc14a17662f2a218118
input/meshes/texas2008_r35h/tx2008_r35h.15,107819,3533ec5de25e7989eb25b1d46d18d69b88b388a82c8f85f51f9947463294109c
input/meshes/texas2008_r35h/tx2008_r35h.grd.properties,10,0c10e53fb4f5ab41492cd7b4358955ddc1ab2ddb0a94926fa348487a41d25775
input/meshes/texas2008_r35h/tx2008r35h-stations_CERA.TXT,4477,9c34773d37192a5cfca1abe5c9a9e0f0b9d1713e8195d0803ad1e2c73caac2b2
input/meshes/texas2008_r35h/tx2008r35h-stations_CERA.std.txt,3865,14233778cbfaba00a2e881167a8ed506d82405e8e8fb8d06de37ca02590fc361
input/meshes/texas2008_r35h/tx2008r35h_norough_template.15,66987,2c2c446f0df5878f4b8ec68a870072220ee5e375a294ad8351d326d953ceb7cb
input/meshes/texas2008_r35h/tx2008r35h_notides_template.15,8284,a7c9e17454b56d0e26c31f094ceb4f9a32e3ea951a371aa61d6a74f0df62ba3d
input/meshes/texas2008_r35h/tx2008r35h_stations_20170618.txt,36666,7060f7e86d27c50d3ae2be26ed259382b3b4251fa0264db890d769e722a20c2e
input/meshes/texas2008_r35h/tx2008r35h_template.15,67061,0a1d5a5187d8850d58cc17b2acc04542edb0170aae549321c4d0495305d9cf1c
input/meshes/texas2008_r35h/ut-stations.txt,204,d6bfb3c5820904487465a18d1c379e64dc435c0922506855c226c186a2e8136a
input/meshes/tx2017/CTXCS_TP_0012_HIS_Tides_1_SLC_0_RFC_0_WAV_1_GCP_CTX61LE02_tides_fort.15,51549,d7a957f64eb887b943158efeda72f08ee8284acf103277d41dc966f8d0c58e0d
input/meshes/tx2017/about.txt,10,7ed685709ab7926a3f05faf0bd4c10028f4b64b17fef28145eb4ae0869ad017e
input/meshes/tx2017/ctx_gr_p01E01.grd.properties,10,0c10e53fb4f5ab41492cd7b4358955ddc1ab2ddb0a94926fa348487a41d25775
input/meshes/tx2017/fort.26.nolimiter.template,4236,d9192550ebabc40279245d0ca23a2ef2e5a6f7ab98dc9a5671a84d51479022a1
input/meshes/tx2017/init.sh,1915,cbd420d908dcaeef69e6bb2b81a675d7e67ce4390b0eab2f25b8b34020225ba8
input/meshes/tx2017/swaninit.template,959,1b889f576d375c3e0d80a7a52834bd6451762eebe40a6715aaa023a0f3087e4a
input/meshes/tx2017/tx2008r35h_stations_20170618.txt,36464,1627a050e86b74292cfa081597d676243ca76383902389f55c5907feb4c7aa3a
input/meshes/tx2017/tx2017_norough_template.15,51318,f2c351d3a267477dde0d28b306acf8da24e698391fed3375d83b360430bfe684
input/meshes/tx2017/tx2017_template.15,51272,bd8a1d822602b4f690cdbf08d2ae25423017928778e9973ca520ef9a96828dd0
input/meshes/tx2020/about.txt,8,115ce629ca6084485eaa6e6fadb1bef09a7f81a1430a0e4a063cf216a7b24401
input/meshes/tx2020/fort.15,69727,bffe33cc4fbd7f62d1cff8b057f4a944cab68308fe8315477a4e0b87aa0a83be
input/meshes/tx2020/fort.26.nolimiter.template,4236,d9192550ebabc40279245d0ca23a2ef2e5a6f7ab98dc9a5671a84d51479022a1
input/meshes/tx2020/init.sh,1898,15045a703173d2112d332261ebc7913d1ba13d54ae2be90f6ac5ca530f46513f
input/meshes/tx2020/swaninit.template,959,1b889f576d375c3e0d80a7a52834bd6451762eebe40a6715aaa023a0f3087e4a
input/meshes/tx2020/tx2008r35h_stations_20170618.txt,36464,1627a050e86b74292cfa081597d676243ca76383902389f55c5907feb4c7aa3a
input/meshes/tx2020/tx2020a.grd.properties,10,0c10e53fb4f5ab41492cd7b4358955ddc1ab2ddb0a94926fa348487a41d25775
input/meshes/tx2020/tx2020a_esl_explicit_template.15,71374,b022925abed91833ecb2809f1e7abdc6ab96f1b9ad301159d80c030cb9dcc351
input/meshes/tx2020/tx2020a_esl_template.15,71373,b25af496a1c2322249d9292c7c8062eaa88bbf8b6760898d66edec8bc569d914
input/meshes/tx2020/tx2020a_norough_template.15,71270,2bd2029a69f59b7414ba07fd39df41fdffb17ece405469df425909d2664fb599
input/meshes/tx2020/tx2020a_template.15,71349,bcb980f2d4a087375fc0692658f35f7e47b4b53c6277b5aeb1267014160a2f9a
input/meshes/uriv18/about.txt,7,e708fd2c2d7ec9dd593d2ec51ce24885e22bc1857a32d69960bf69e48fbc9a15
input/meshes/uriv18/elev_stations.txt,5864,7ae1e30b74b7afbd202292bee2b22ca9d58407f68557a25ddb15c6fd4b1b165c
input/meshes/uriv18/fort.15.template,32184,8ae1b16f0e9cbaa6177aa992da93c44ac4c6916182e629e699f5264a90934a33
input/meshes/uriv18/fort.26.nolimiter.template,4235,fc7c0a42ee43450c33b22de53dcb82ed457ed00f9e31adb589b2c38a4a00b8db
input/meshes/uriv18/init.sh,1983,72d5b126c7e39c30585e98f2282e393819a81e6e7b4437238a5f3baf26422ed3
input/meshes/uriv18/met_stations.txt,210,646ae7d65de27479c5d29a565d084e242b7b65a2db66efccf4efea286b2020d6
input/meshes/uriv18/norough_fort.15.template,32184,8ae1b16f0e9cbaa6177aa992da93c44ac4c6916182e629e699f5264a90934a33
input/meshes/uriv18/swaninit.template,959,1b889f576d375c3e0d80a7a52834bd6451762eebe40a6715aaa023a0f3087e4a
input/meshes/uriv18/uriv18.grd.properties,10,cb29a9730e738d2824b44bae215d94b158daf078ec84f304d38b35136ed8c11f
input/meshes/uriv18/vel_stations.txt,5864,7ae1e30b74b7afbd202292bee2b22ca9d58407f68557a25ddb15c6fd4b1b165c
input/meshes/urls.txt,134,38d8ed2defcca7a7517bf27a8c4bce1a11fbfc32d9de36c2df8a82c5fa18aab1
input/meshes/wFL/cera_stations_ocpr.txt,5766,c3e340ef6f5955870c5340d69a1f63085023a61d562e047eda46727fedb46d79
input/meshes/wFL/fort.26.template,4267,5d54f9fadd845672572aa64958fa60077664b6624af8168993711301a72d6838
input/meshes/wFL/fort.26.v6b.limiter.template,4267,5d54f9fadd845672572aa64958fa60077664b6624af8168993711301a72d6838
input/meshes/wFL/swaninit.template,959,1b889f576d375c3e0d80a7a52834bd6451762eebe40a6715aaa023a0f3087e4a
input/meshes/wFL/wFL_cera_stations_20160829.txt,3898,e798f9184b0e2f65ec9da37a8d61f4d9e1059885741c9f6fef6c9a327339702c
input/meshes/wFL/wFL_fort.15.template,17853,8d8ebbf93f046967b4ecedeb534b06fd3777a34ecc17b9529fcefc69c87a1bf1
input/meshes/wFL/wFL_v4.1.0.grd.properties,10,1f4fe61aaba5651e14a075aa46947439ec10e54b604e7fce9c9725c18ba3c2cb
input/ptFile.txt,780580,b327892390137c75ea7d2cf46b7ce60dfb89b75cec076edc1c86149bd79f015f
input/ptFile_gen.pl,1947,a03137af718ae66a39b14ce9c026edb2a4acd0132032a8ef13f4d9ef9b75eeb5
input/ptFile_hsofs.txt,3086494,e3de3978c029dcdafe9436c66a7a5b272b47a5d280bd0543fd14f2bb224fc31d
input/ptFile_oneEighth.txt,2748422,72161745244792c8094eb1b1f5a2fa051711352b65e8c6c5e207a6710317421d
input/ptFile_oneTenth.txt,5702554,a0bcf43898242cd07fb06ee3651e19c41280ecc006510abc418540ec3b77b187
input/ptFile_out.txt,23921,c2d7941256e76fa536c9ef51ca752a25df87533da86a0f317cb511e9c30bd67c
input/sample_advisories/2003/01.132003.index-at.xml,3037,2cd7453f589ac342e9e757bd100c586571040625ae1d2cc76f95591ca1feaeee
input/sample_advisories/2003/01.bal132003.dat,375,01003a645afb8743a054dd5f0a69469ed4d87ac8bbce1394902f540b9c48347f
input/sample_advisories/2003/02.132003.index-at.xml,3029,0a4108b34f1bfed71c2ee6d58dda0df4ba6a27c2360e92f927e66b2c91af2543
input/sample_advisories/2003/02.bal132003.dat,375,01003a645afb8743a054dd5f0a69469ed4d87ac8bbce1394902f540b9c48347f
input/sample_advisories/2003/03.132003.index-at.xml,3128,789a874fc5fec85731f0cb19fa8a995e2143fc38993c13b09796f2054a783cc8
input/sample_advisories/2003/03.bal132003.dat,500,177b829526c4091a69482d5a8d729cb0c907cc98113a36503bfa4d1a5735a969
input/sample_advisories/2003/04.132003.index-at.xml,3198,ce387de3c946a71ca9bb2f914a9562a58f9fd0b3420509629e1c0e0239acdc56
input/sample_advisories/2003/04.bal132003.dat,625,a105f7bed682827e4c2e3563c217fbe0211a04a634bc956bab55b074ed982290
input/sample_advisories/2003/05.132003.index-at.xml,3209,f44bee3b0850812ffbf310aad81772b2ba1785f488b285cbb2f6b68aa6139c3a
input/sample_advisories/2003/05.bal132003.dat,750,82f09760f5709b2dd779228bd54910f9624e4519d1241b2f96cb672218c74a44
input/sample_advisories/2003/06.132003.index-at.xml,3285,3efb54945a3a881d766beaebae2445fbede459cbc93cac80d9eb6742db5b438f
input/sample_advisories/2003/06.bal132003.dat,875,c0b827d2aab04004982eccc11c517c9614dc78993ddae7cbea2d01b2cf090d39
input/sample_advisories/2003/07.132003.index-at.xml,3285,8a04dd7f29a37d7db4d2fe4815db0f9dede51aa9d150fc4595a914582cf9a050
input/sample_advisories/2003/07.bal132003.dat,1000,f52a39f5ab94b763f9d6d8a2b2a08f2c62011c6107dbe4d476ab8c58ad31dfe5
input/sample_advisories/2003/08.132003.index-at.xml,3286,9304e9e36728cf46b8010b59fd7758b7e3f16ad285b69fbd372b2424126f48e5
input/sample_advisories/2003/08.bal132003.dat,1125,28b47b01d9ef76dd6859a81c83d33d104f5f34096bff144ac1a1ac539a0e8878
input/sample_advisories/2003/09.132003.index-at.xml,3266,c64b6729db3eae23fe19aeea4be669c97a23c9db339527969bcd90e8de689799
input/sample_advisories/2003/09.bal132003.dat,1250,7b1c36e71b671e422f1676832dd8c4514ef3611f49b38027ac38ae0d7f0eb40d
input/sample_advisories/2003/10.132003.index-at.xml,3286,0158186793a7ac8a335b7230a85dd8f2e14086f3ec56a591726606e6c99508aa
input/sample_advisories/2003/10.bal132003.dat,1375,cc3adacbe849d9fc12bce5bdb1dfa8c3c13f297d029f8248e47befc1123f2fed
input/sample_advisories/2003/11.132003.index-at.xml,3286,872297e14d4bd3edf85cfc5a9e83bb398edde86cb109ffa748ed40169d29cf32
input/sample_advisories/2003/11.bal132003.dat,1500,48843af6acb508715a9bf92d3b9cba40a73a6c6181406e9e43e5a7df7eea7b63
input/sample_advisories/2003/12.132003.index-at.xml,3287,1b142e7bee1c2914c13ee8b586a9cc787ab3df8527a8127a26795ca4ef090f5b
input/sample_advisories/2003/12.bal132003.dat,1625,be19fdccb625a77ca8c11b6f89235f47584ede747e511fb2a81d46e795b8c91a
input/sample_advisories/2003/13.132003.index-at.xml,3267,3c7071fe291908b78332a7cdfcf5044a71911fa9604225f71b5856fe0cc0481b
input/sample_advisories/2003/13.bal132003.dat,1750,3865303f82fcb7e28e66e1a83a40f5f331231a52f9a9d180731cc4253d900243
input/sample_advisories/2003/14.132003.index-at.xml,3286,355447434fbfacbe94511a28422667b6d48bb82a9f666d05f01833cccbf022d1
input/sample_advisories/2003/14.bal132003.dat,1875,13b5b69bb14f8115a9aa95e2fb74abdd8fe712007140376fa2f00534b34cb3dd
input/sample_advisories/2003/15.132003.index-at.xml,3286,15f7544d5de10f71cc863884de9abc0c2dcc32cd7d3769b50aab84196cf83889
input/sample_advisories/2003/15.bal132003.dat,2000,1023cfbd95ef2a3fe06052d17343008f38940208faaf0ba76b16066a56af21e5
input/sample_advisories/2003/16.132003.index-at.xml,3267,92281667da0fa336d21599a089d4f5505acf681c0140cb833e6cf695cf4cbfba
input/sample_advisories/2003/16.bal132003.dat,2125,aa7048f5e20ea1e1555b3a437b29aa96cd9c8becdefc56bd37f3abbeffa96049
input/sample_advisories/2003/17.132003.index-at.xml,3274,4aa2d887fb65f66c0d67d8358405dba7c20dbf18fe6df0bb100cc8e57fcf9065
input/sample_advisories/2003/17.bal132003.dat,2250,9e1de17abaaca884c0281ca395e96b3af8ccace84d6346174604d8712d36a13d
input/sample_advisories/2003/18.132003.index-at.xml,3276,38449cea0eb25c91250b60184481a684c1135d56f44f4dc5454ca09974c91df9
input/sample_advisories/2003/18.bal132003.dat,2375,672c12148219bf66ac7921cdd9993a08fe1f438dad6c8a88957355a1a0839fb4
input/sample_advisories/2003/19.132003.index-at.xml,3276,03743fe00ef417ddc8a596e3fb59b61f2885e03230eba7cd6952be0ba12bcfa3
input/sample_advisories/2003/19.bal132003.dat,2500,8c2649ca878b710b309c8bcbf64ce86c15ff2a45eb082ae431a2d87ac2002833
input/sample_advisories/2003/20.132003.index-at.xml,3277,ad725408abdfaaa2884f8f0a90194b85e5a42a269edb3f9780ec395642d4e7cc
input/sample_advisories/2003/20.bal132003.dat,2625,8feb16b1f84c891b40d5f73a58aee9d7bc8569702e951e8284dc4edf57748e2d
input/sample_advisories/2003/21.132003.index-at.xml,3274,1efcb487c33dc4eb8036f84f313c58dce441e0daf1cbd843a75eaa0fe787bfde
input/sample_advisories/2003/21.bal132003.dat,2750,cf3d76022f4061d290d56c3790cf53a2815352ea1baad56639636a20af42eb24
input/sample_advisories/2003/22.132003.index-at.xml,3274,eea170accab055d8c8764a7542fbab29248d6b82253cafb6b09d2338badaa54f
input/sample_advisories/2003/22.bal132003.dat,2875,ef29c7512005be8eaa1da71c0f92b632432fb7db7a1ac8477dd93a506168127e
input/sample_advisories/2003/23.132003.index-at.xml,3274,b0766d48c82f0d6e0cef115b252abd1ef6b5907c674a122a967ea3bd1af0b190
input/sample_advisories/2003/23.bal132003.dat,3000,fe320798e24202e1abb4f042efd1e18d498d3f790c6db1c3a559b80e1afadec0
input/sample_advisories/2003/24.132003.index-at.xml,3277,53aa4594e88cad5c78d62b37e3672db6e6b6c422e6fe428c0ba6c73ecc654d8b
input/sample_advisories/2003/24.bal132003.dat,3125,f57dc080826356f2df7bfac63b5e6195c932a5b4af1aa6c84ff8ec5d31a8fa5f
input/sample_advisories/2003/25.132003.index-at.xml,3274,9f37f441f1cb5f7ec51ea958c6333c87a4b559c481e2c40eb32e3ee691472045
input/sample_advisories/2003/25.bal132003.dat,3250,ad1d2ebe0b699a78eb6569786092aee7afe4773157c74ff4341eef9f748586ca
input/sample_advisories/2003/26.132003.index-at.xml,3274,2d5ce56255fabdb9af0015b9f32fd9aa1ae68ef6bac054844bb3be9a547b6c2b
input/sample_advisories/2003/26.bal132003.dat,3375,a38216566e5a56d2676b4ca243f40e69cf7e1096d7359d1458b8051f5e71f5be
input/sample_advisories/2003/27.132003.index-at.xml,3274,a234a7b8bcef8495268ad19d1b9bcb0bbd514faea6914495f868e309d61637e7
input/sample_advisories/2003/27.bal132003.dat,3500,9ff38d8942fe8b31118608b6415e9e7e6b6f30b397fe8e753dd065513920a834
input/sample_advisories/2003/28.132003.index-at.xml,3277,b7dc485bd97b0cd9d9f488a2aef170779b39bd8b652c9e178cd451d5ab4269b9
input/sample_advisories/2003/28.bal132003.dat,3625,4a6eb04405cb3c7db927b806860c753b4e10d54bb33ce5f912bcdc92ab410791
input/sample_advisories/2003/29.132003.index-at.xml,3262,09d9d60ddc7cd020f545fbc201e3ab360a0e6dde2f4ffb9469fdeeb276407df4
input/sample_advisories/2003/29.bal132003.dat,3750,1497abd3cce4bcbbd0ec44ab00ad41c873a06520890f113d79db7765c1afd1cb
input/sample_advisories/2003/30.132003.index-at.xml,3276,ec850fc4095ab23003d4c371277942a2cd4e69beb9aa0b20868560548dc4cef1
input/sample_advisories/2003/30.bal132003.dat,3875,77a8659f832631bc7a674138b95f8189075bd21f9944afef25fbdbafa21a2b6d
input/sample_advisories/2003/31.132003.index-at.xml,3286,e6f7cc3b78d73e4273db5629e1ff228c46013499513b60004289d7ca9f4e762e
input/sample_advisories/2003/31.bal132003.dat,4000,024ce4738b531ad552619ced42bf33d1b6a955344b090bc57532fc7df789a787
input/sample_advisories/2003/32.132003.index-at.xml,3287,6d224305502de2097ca3c8beaa1f20d94eaac7b30e54d040b2c34cdb2a64cd52
input/sample_advisories/2003/32.bal132003.dat,4125,8ad8d35e6fb13b955f16a0835824b7d9f7b38b6ec81e61611917d9c821d3d81c
input/sample_advisories/2003/33.132003.index-at.xml,3293,6222331d0e18e7b4f69d85019a64a19a2aebbf518cfda0a1d57f825b06960145
input/sample_advisories/2003/33.bal132003.dat,4250,6da974bae7a08fd69f8024df4da3705b2b0d0d2b2cbf4fa9b39c86df82f041cd
input/sample_advisories/2003/34.132003.index-at.xml,3295,cb3569a480153d4524eeb0c714eec4a1315e9f1b50fbb66e56739af8a24a3135
input/sample_advisories/2003/34.bal132003.dat,4375,12e8c6c66cba274d6517493f607c232796f2218e9bcc678ddb23f7f279268376
input/sample_advisories/2003/35.132003.index-at.xml,3295,0512bf445ce2ab8d799e294e1fd2b1ee086f05d4f6e4ab06d2c459ae75072cad
input/sample_advisories/2003/35.bal132003.dat,4500,e988314b4df82fbe924bf8d22f7fd11ffbc33b8ea17c4c9299b885fe7f3c3e77
input/sample_advisories/2003/36.132003.index-at.xml,3321,103713016eebc957991c6630d966855f83803b63431304246db0d967e0c488d7
input/sample_advisories/2003/36.bal132003.dat,4625,26816395e04b9ada8c25b5f2724f266fe4c000d73992cf3a4bbf883fc92dd4d2
input/sample_advisories/2003/37.132003.index-at.xml,3296,b7f57ce702707a116a6b22f7df1cc456de36d077348e2d2664bcc38cd061c690
input/sample_advisories/2003/37.bal132003.dat,4750,3c724621274e6cd1643d840a9f81338713d6908347cf654abbd951eef22d565f
input/sample_advisories/2003/38.132003.index-at.xml,3312,9662adfd20930f432b6410aec09366f2238c7ed522bd9f675bf913479e0a2a60
input/sample_advisories/2003/38.bal132003.dat,4875,3e76c54a3208fa902065a40c9e1305ac4de7346b48336063dda192434481e2ef
input/sample_advisories/2003/39.132003.index-at.xml,3459,116c8e50725eb0570d8b4ded0bba1ae6615786c4d4687d359e24670c11a8428e
input/sample_advisories/2003/39.bal132003.dat,5000,5a38bd7afd1a1e9ee30fb6a0dae7a07667ab248c1c79b6058013f70b0619ca4d
input/sample_advisories/2003/40.132003.index-at.xml,3521,5ff6d86a9dd079643310ab6b084b29aed04a2198d647a128a4cd4915d0d2b87a
input/sample_advisories/2003/40.bal132003.dat,5125,be2c5805df76a5f3656a36dbb84cddd15d021091eee3599aa49babd6c7e9fa73
input/sample_advisories/2003/41.132003.index-at.xml,3542,e87950118a090795e9afe955e5a57e3812062495581a3ba5aa883ddcd887d6d9
input/sample_advisories/2003/41.bal132003.dat,5250,36fdc3f7efe43a6d7d5a023d893e7a9ecde2da6b92a58e2ce6b64e7ec5b3b617
input/sample_advisories/2003/42.132003.index-at.xml,4034,27749e20a061dfc7d73c20544622d0eba09241282c58d2dc329ecb0225f8f684
input/sample_advisories/2003/42.bal132003.dat,5375,4a8de4a0073d9a4cc99cf035d91c7466c6802e4e63121da0d07a1404f472219a
input/sample_advisories/2003/43.132003.index-at.xml,4150,e8b513e53cd26422bd19b1a0cf02c0d1cd1a7237c47e08c1d8a945f44ab82bf5
input/sample_advisories/2003/43.bal132003.dat,5500,66c836d8002c727a4bc8b3d6ef52a3c853409d3ea28a8d2a9e09280372767b0e
input/sample_advisories/2003/44.132003.index-at.xml,4089,f1bcbdf0718e366f3bb7aef5cd383227e837b4c9d4094772da81bb16d9f59b57
input/sample_advisories/2003/44.bal132003.dat,5625,63427f7f39585c2831b04b975a4dd15d29961dfe01934d2c92e30451ad6d6a64
input/sample_advisories/2003/45.132003.index-at.xml,4252,7a0d508ad685ed9659a8655537b9129bf08ebc84f8e9cad3f60bd6352fe63531
input/sample_advisories/2003/45.bal132003.dat,5750,5d3678cc5fa99c8a462f6f262df684f438b99c518d307e4c52039d70a906de71
input/sample_advisories/2003/46.132003.index-at.xml,3997,5091909ea629daf92110b7ea5d030c32a1a999620e3a3f03ee64d2ceafa27143
input/sample_advisories/2003/46.bal132003.dat,5875,69efdb1ee5bdbd9d249ae83a71f49702c58c0ddb8c5229b63b6ab1df6540bc85
input/sample_advisories/2003/47.132003.index-at.xml,3815,a808c875e745f5e0f09b954382b1362ded14ba077541890a1f0016de8fea8287
input/sample_advisories/2003/47.bal132003.dat,6000,26b8636d8229fcff449ca60330503c1245403727706c13262c95e102ed411150
input/sample_advisories/2003/48.132003.index-at.xml,3845,55f7a8e756369545801372e0893aff05ab77df7e40e7e7de08b617a1b9b959ac
input/sample_advisories/2003/48.bal132003.dat,6125,7d75670717bb7e47c48537fbb38744d0fd471e02725f9f57a41c82d0baf1a3d2
input/sample_advisories/2003/49.132003.index-at.xml,3924,ede3c014f325249e03b5eac205f5ce09bcf4bca101c46132fc2255aec3ae353b
input/sample_advisories/2003/49.bal132003.dat,6250,4c6f42a7281a88719f4fbb84220f6bc4603f11ae8a61b21c6bd289a1f0e0e16f
input/sample_advisories/2003/50.132003.index-at.xml,3346,cfa6b769c46ecd661ed9093cd8634dba2c7ea2ad5020bd62677f9cf3066addcf
input/sample_advisories/2003/50.bal132003.dat,6375,9c39c3566fd1ff5d27e26500f5d8b786ad8c0f8616c2bfe89ad8d567aa67f2fd
input/sample_advisories/2003/51.132003.index-at.xml,3335,2a3d6974f5de6fc994adb5dec5fb7b51c3c4bbc5587f5cc1cf3c83592efdf71d
input/sample_advisories/2003/51.bal132003.dat,6500,c02e18b7c05762529fbc4d371d7bfe7d71eb132a6ae6412a9827053f66a97743
input/sample_advisories/2003/52.132003.index-at.xml,2921,1de47141683d60370c442a73e000af80f441f29c0fa1b8546fce1781cea9a75e
input/sample_advisories/2003/52.bal132003.dat,6625,348d895b0f0053026e461d4a947bffde8413c2001821b542dbef08e8e86e2484
input/sample_advisories/2003/53.132003.index-at.xml,2944,95d058db49035d23549799a27d846a0a021d23fd785d16b3a5e2ddd49122b3f3
input/sample_advisories/2003/53.bal132003.dat,6750,8853bc61baedc2d46c8f21acc7a525adf333944e70784c137a63ac6db5e15efe
input/sample_advisories/2003/54.132003.index-at.xml,2792,c69ac92a9657adc6c22420e7868818e1e8b81479eb9152c03cccee73a4e80b32
input/sample_advisories/2003/54.bal132003.dat,6875,27b0fa348d2a41acc81024e619cd5a5c0c8330fb5cf35294c1125df54a780a96
input/sample_advisories/2003/bal132003.dat,375,01003a645afb8743a054dd5f0a69469ed4d87ac8bbce1394902f540b9c48347f
input/sample_advisories/2003/bal132003.dat.full,7071,7df030c154970d40045273d73c6337e9c0d450d99bd9314cada261789569881c
input/sample_advisories/2003/increment_adv.sh,559,00c6354547f6bbdd9dac2e04643d3df8cc734233b5efcb4cfafb926f77393088
input/sample_advisories/2003/index-at.xml,3037,2cd7453f589ac342e9e757bd100c586571040625ae1d2cc76f95591ca1feaeee
input/sample_advisories/2008/00.bal072008.dat,16404,0647ebe08f68e50d8604659e72b1db28abe716daec9ac6317f98f5f70dd9d42e
input/sample_advisories/2008/01.072008.index-at.xml,3822,9064e834c44b3e138a967b3f6f096d7f8c91e9c2d279170e388419a37e734e5b
input/sample_advisories/2008/01.bal072008.dat,495,18fc5d41f243b3ed9f7dfb6153aab34ea989930bd972abe8cad18183846a6dfa
input/sample_advisories/2008/02.072008.index-at.xml,4088,1313efd12a82e6ecff1afac573da05c435c01f47cc9270d2e5ea4f9c3fd12cc3
input/sample_advisories/2008/02.bal072008.dat,879,85f8765f98826d16e66788cf65ab30dfadc1f3c1f4f6b28ee03f87413229e52f
input/sample_advisories/2008/03.072008.index-at.xml,4153,e84938d347822699038a7f9ccad14096614965d44d4245f08fa2a8164cc0969f
input/sample_advisories/2008/03.bal072008.dat,879,85f8765f98826d16e66788cf65ab30dfadc1f3c1f4f6b28ee03f87413229e52f
input/sample_advisories/2008/04.072008.index-at.xml,4123,4d0fbc19217e6e3d38dbc6da55233ae2af6edcd084958e685522d78347b581f1
input/sample_advisories/2008/04.bal072008.dat,1263,ea0a499dccc242effbfd8605a0f4a532e53144bd0fb30cebc9e74e8eabd4a567
input/sample_advisories/2008/05.072008.index-at.xml,4109,eecb6c908a9762f0adef98189b803b6fbeb32b6dee66dad48139cc7e24ffd1ee
input/sample_advisories/2008/05.bal072008.dat,1839,dc26fd8308048bbed408135b697d48c86230173c85f64a83a2beb9d73cb2fb35
input/sample_advisories/2008/06.072008.index-at.xml,4221,b43be35f78d413814c3d87ea1bbaeb5675bd5a580a4d609f345333108c336e1c
input/sample_advisories/2008/06.bal072008.dat,2415,8daca4d107e3a894e3f38079c9a2a2f47ad7a629de6bbef69b1b99ba7b2175d4
input/sample_advisories/2008/07.072008.index-at.xml,4098,7c6ac473bcead0b4f5a3991231e63628bb38d3866c26144149ed047b24e71fac
input/sample_advisories/2008/07.bal072008.dat,2991,fb8d561d609de242eed4ab427360e48148115963c464e46b1c1c929196c2f3df
input/sample_advisories/2008/08.072008.index-at.xml,3876,2ac94ec382b1ecbd7cfcd12b5c2ecd9c5a2b93558e120f4f47ce0e2e60a90020
input/sample_advisories/2008/08.bal072008.dat,3375,36f7413740b9e485eac41768038888b637ff66c32aed341aac61169b18dd79f5
input/sample_advisories/2008/09.072008.index-at.xml,4527,f207cb2d173c5b660df885117a7bb06db0316107384a2d94f2b0cee5cf811bac
input/sample_advisories/2008/09.bal072008.dat,3567,8453faa5508688390688df9853dfd79713565bda66007e7e8c24fc3691757053
input/sample_advisories/2008/10.072008.index-at.xml,3957,a18e61715be5b9a613aa3bf7641c20b5127d69301f52e21569048a3fbb95eb81
input/sample_advisories/2008/10.bal072008.dat,3732,b57d57e09ad6511311b34e1ba8b5b194a69594adf2aea72f744a6ff88d92534c
input/sample_advisories/2008/11.072008.index-at.xml,3793,74db3d357355889ca9dc7c9c7ba49ae86523fb07eeb7d0e456e5fbf4e246b795
input/sample_advisories/2008/11.bal072008.dat,3924,ccfe5c0f379a897927fa54b58f0beae02ee920120bb031ece38be83409ca441b
input/sample_advisories/2008/12.072008.index-at.xml,3737,b611ec9fe34b5ff256e45d86c11d9dfbbced5e419951d23b7255644cb13ef0b1
input/sample_advisories/2008/12.bal072008.dat,4116,604c99127f1d25a6cb92e3127c04a423f81baa2e783ab58fc25b487f88e32b71
input/sample_advisories/2008/13.072008.index-at.xml,3570,41b80835d0b6415d2d538edc9ae039ab6d22133bb32205d2c3d2f0f767553b3d
input/sample_advisories/2008/13.bal072008.dat,4308,7c437cc8f3c0f97eb68a2694f265890551245e88038925f0f69daab2e0f99024
input/sample_advisories/2008/14.072008.index-at.xml,3617,1f6987a7a44e8ce09352c232dfeb730f8fa5c5ffdc218ef938cf454586961afb
input/sample_advisories/2008/14.bal072008.dat,4308,7c437cc8f3c0f97eb68a2694f265890551245e88038925f0f69daab2e0f99024
input/sample_advisories/2008/15.072008.index-at.xml,3566,8ecf5ea00fc7b2ee7eb276025264b88bb21b9d0d41edf1800b292c20d36609c0
input/sample_advisories/2008/15.bal072008.dat,4638,3ede6304f1615f9efb201da608e6c98faa4f72ebd7bd334b3637a1ded83de25a
input/sample_advisories/2008/16.072008.index-at.xml,4045,7c9cf0012e426bc1441e09331c7f7e960bb65cd4dd0abc29184f496827467c4a
input/sample_advisories/2008/16.bal072008.dat,5022,f855e112f96bc660b7d955a6dfd4993a5851b6bdcbb226b896a5c7d9917f04b6
input/sample_advisories/2008/17.072008.index-at.xml,4146,9629c3f3d0cf92496ef256c586df5f4f300703240f86981d331ec14faa4f33c0
input/sample_advisories/2008/17.bal072008.dat,5406,617ba42b6bf7cb08b7eaa99c552376a33dbcb7f122508e79c30a7d5c1585d3e3
input/sample_advisories/2008/18.072008.index-at.xml,3765,b61ec79e8b79c474a3c83dc8b24a8b72c6a70211e3155cafe3da4ce3b037ef78
input/sample_advisories/2008/18.bal072008.dat,5790,ffb87ab174d8142436c1625669cd7eb9e0e19657e4cc2e82277e3e6d6941e535
input/sample_advisories/2008/19.072008.index-at.xml,4300,c3281e4d0466e7fab01deb687a9c850204b351617fea2d9f6e9290fb93638f38
input/sample_advisories/2008/19.bal072008.dat,6174,56ba1ab823383b566c7f0661f513cc1a7f87c6b19c369c76bc497e19fea31b15
input/sample_advisories/2008/20.072008.index-at.xml,3952,70f14f84e939bb5cad9486a26bd7b2c09f321adac0226d816ec19844eab0ea8f
input/sample_advisories/2008/20.bal072008.dat,6750,525ef34669f480b1e98d5d794f1472c63e9c76d1b840fcb343bc71841189cfb4
input/sample_advisories/2008/21.072008.index-at.xml,4615,47dd97a9f8d05ff21f3d96ed9e036cdb9a85c9cf2de7f0f521cf6ca1ca0bf644
input/sample_advisories/2008/21.bal072008.dat,7326,0f7936d9f24617f1cfb10fc5592a2b074d7c6376a4aba53ee084be6dbdca8a71
input/sample_advisories/2008/22.072008.index-at.xml,4540,141e5f4598dbbd9c48e0260bee5d3be2188fe6cf1a9ea1f02bc4a2a57d8e32ac
input/sample_advisories/2008/22.bal072008.dat,7902,35b56418aef86803d0b70bfe27b6e51c19c40a78305eadbec843f83b61998a81
input/sample_advisories/2008/23.072008.index-at.xml,4437,05f8898723b8d0b61091e80697733541cc69c048e54ef3773ee4b4a7ab20875f
input/sample_advisories/2008/23.bal072008.dat,8478,79adf566c32caee49bc89c8f74c75c77f8a445620ad62e22b7ce14e98a6f409a
input/sample_advisories/2008/24.072008.index-at.xml,4108,8e32db69b046e768e430dfc86cd3411ecbed8f1a1624f57be40f80461229e551
input/sample_advisories/2008/24.bal072008.dat,9054,de92c3910c966dc78b6766c08a9fac1b57ae0a426d4ef7ec5042dc5bb882a53f
input/sample_advisories/2008/25.072008.index-at.xml,4512,5e7ab4c872188d7228b8f7852a1622152b4aea67b0ea4791fcb12f1a2ebcd666
input/sample_advisories/2008/25.bal072008.dat,9054,de92c3910c966dc78b6766c08a9fac1b57ae0a426d4ef7ec5042dc5bb882a53f
input/sample_advisories/2008/26.072008.index-at.xml,4749,e90e80356d3eb63a7878131278c6a9e464cbc4ea4f2dd64efeba20a6499cf2db
input/sample_advisories/2008/26.bal072008.dat,9630,6b8de87ed96813426c4b56980db9186989f5c05b1bb385466fd1de35edba5adb
input/sample_advisories/2008/27.072008.index-at.xml,4445,4290b9123bf4e253d1a2c66aa1b8a84d45e392caa4523ed00431ee24bab13a5c
input/sample_advisories/2008/27.bal072008.dat,10206,2c5122e30b9a17eac4304a5cf6fc31cd93167c2ad7f41ebbd2bf527a982f9a11
input/sample_advisories/2008/28.072008.index-at.xml,4313,42c544803b7b06429255765a7be7bec07161657621dced7f583da1dacfb71664
input/sample_advisories/2008/28.bal072008.dat,10782,f7657d9436d33be8a2f28713bd9516c4739cd9a3cb614eaf6b7aa61fe85b7a69
input/sample_advisories/2008/29.072008.index-at.xml,4051,60e097b767240fd3edeb3050f7610445ffd3e1afa93c13e9efa2b9f7b618935a
input/sample_advisories/2008/29.bal072008.dat,11358,b7cdfe813d5430db74fbf96fc8ecd54fa373e9ed17ae570aae4d6c9eb1e4d635
input/sample_advisories/2008/30.072008.index-at.xml,3539,1770b0aa43608b4e3abbcb324c88cb886ceaa829a0d613e9d1487624b9ed9f60
input/sample_advisories/2008/30.bal072008.dat,11934,7d7657184a6e64f9e2d30cec750c4618b3dcda94151a4b55c0ee7eab4b1d74e3
input/sample_advisories/2008/31.072008.index-at.xml,3632,6a01fef06ebdc36cefcc89084587f30241bb3de103edb893709ac6662186e302
input/sample_advisories/2008/31.bal072008.dat,12510,447ba03e5b55eb735e3b0972507a6a8ae9a4e07931a87db2fa3123f78df81f0e
input/sample_advisories/2008/32.072008.index-at.xml,3549,12aee01fabceabb4dea32ffcc82de5e922e21c0ddbc983d4d7194cb9c3082cac
input/sample_advisories/2008/32.bal072008.dat,13086,70743151954b14fde96e1cb731d554bc2de6da3dbd0f5f130eda9314e57eacd4
input/sample_advisories/2008/33.072008.index-at.xml,3606,af323f0a1b75b37573022d762d0d9cae7f81c3e064d1f1d40eb17d719a6a0516
input/sample_advisories/2008/33.bal072008.dat,13662,1b18b521df6376a5a6bfef59f4fd63dee1c02026289e7b252bc9d54563acdf2d
input/sample_advisories/2008/34.072008.index-at.xml,3010,c86fe3ccc5f90b31b4456e68ba8aa429d67ae542f7cb881b88bbe1d292b7e6d1
input/sample_advisories/2008/34.092008.index-at.xml,3559,c285a53ddcc0f1d21f815698bdacac5fd12c25a5cb0eb2ad522f6771cc86f256
input/sample_advisories/2008/34.bal072008.dat,14046,8db771aa269e149410afba699a729556582652ebacc6bb8a7aad916c8c59c70e
input/sample_advisories/2008/34.bal092008.dat,16623,2d91cbad16a172c44c27eb82999c8d8474a76befc72c5779ab6c8fc0be4c1939
input/sample_advisories/2008/35.072008.index-at.xml,2863,c867669d02734e1bff0d580a91e742e970326fc1c237ce86521387504a0eb3da
input/sample_advisories/2008/35.092008.index-at.xml,3568,cab97766038b764eac9eb55c24d80335081f2e05043a246af67cf88d1e806570
input/sample_advisories/2008/35.bal072008.dat,14238,c07a6912798adf83649cea24fd9cd0257bc79372fd3309bd79422391efad7022
input/sample_advisories/2008/35.bal092008.dat,17199,7d60f793a5b073b14069b9964dc25191460cc0aaa194d37caaa1575f3690a165
input/sample_advisories/2008/36.092008.index-at.xml,3810,351b7a9afb36fa739a7b55f337acf000e8b8b1bf82434b5c5e2dbe3275acb5e2
input/sample_advisories/2008/36.bal092008.dat,17775,4044ebbf9f127b8022c39c161c28b45951681752786e762652633f5e07a70ead
input/sample_advisories/2008/37.092008.index-at.xml,3631,64ebd508efc12dc64e820a61a1fc480b8704fc0e7590589e6d45cc2ad2596cd0
input/sample_advisories/2008/37.bal092008.dat,18351,7feaf05405c4f2af1aaacac45462400a17a1f5b7dddc5e3d351510aefb78ee71
input/sample_advisories/2008/38.092008.index-at.xml,3545,8ac5ddb884940658201fe2108ee6969e4a753d740949d0168da2aea951a8da60
input/sample_advisories/2008/38.bal092008.dat,18927,e81472fd8d4ba7b585248ef5a3a47df2b7d77612e176fabc46bfc69df1e34132
input/sample_advisories/2008/39.092008.index-at.xml,3805,2536a9e982bc9a1ccbc358887edfeb663545204d05a828439d2db1b863fb50ab
input/sample_advisories/2008/39.bal092008.dat,19503,5eb9a93a6bc296639485eeca0367c8b7448869993f571c68c301e95105c32735
input/sample_advisories/2008/40.092008.index-at.xml,3857,1da5588ce6e48ab1e89b129b5fb084e69dd5f2fe57b24e4edb592e4cf8bb7e87
input/sample_advisories/2008/40.bal092008.dat,20079,4cc9744b80b90dfb890b766d4803d83809b481e5aca907c992607cd3ca871f69
input/sample_advisories/2008/41.092008.index-at.xml,3939,4b6fbba519379b2a9ddbb3bc244ff8d827d686f441912fb0b5b9eb6c686ed2c6
input/sample_advisories/2008/41.bal092008.dat,20655,9fd407f9fea63fba0c242910ea79fffadf68e06f7ce3d5ab3035f8abb50195d9
input/sample_advisories/2008/42.092008.index-at.xml,3757,99f3b6837cfd17c1d5e33671ba3a975cde102521b29a74731b3836920636df00
input/sample_advisories/2008/42.bal092008.dat,21231,54b14ebf592b0174dd6d643aea61da4f55c62b89eb3888a37a9c4dc3383ffac5
input/sample_advisories/2008/43.092008.index-at.xml,3572,ed7cbd7d31befdcafa478b99127b9ebac260ec18c2e53c0982f3db2d8f429c33
input/sample_advisories/2008/43.bal092008.dat,21807,3e77d98ac77018209e0130967fac4275f784cfeb63bb8c52f3a564ead7cd694e
input/sample_advisories/2008/44.092008.index-at.xml,3722,e5cc9e3c3ce094caa3be742947d397bfe0c115e3c898508cb63a2206f9e06e9b
input/sample_advisories/2008/44.bal092008.dat,22383,fbe833979094033a0e920b7022acf8c9a8f40b9dffb98badcc7f15fac08f6b5b
input/sample_advisories/2008/45.092008.index-at.xml,3624,ca95856ec0da9ea731d8eb6f4d5f999b86dbfb0f24f492d4e6822166fbc7b965
input/sample_advisories/2008/45.bal092008.dat,22959,f0032f8b5d1c1f3f623cb07ae8a50e59cb3e29aa33e4af66debb43176f613461
input/sample_advisories/2008/46.092008.index-at.xml,3282,f9e5c756488be93a0c91cc9f9011e8942fa2fc7617b8ce8de47fa5ff0e0a6483
input/sample_advisories/2008/46.bal092008.dat,23535,6d80e4d316e4859f550bd68953b4e330775645aa77d1f21d098d67456cbfbf26
input/sample_advisories/2008/47.092008.index-at.xml,3206,9615b94fcbe659307e7eb5948b7f8bd3157ef21f72b4f83514a573e6336d5673
input/sample_advisories/2008/47.bal092008.dat,24111,776aa3d75c473d95e7bcc42e880dbf625831e8a16a250eb8f3139bde991c6cef
input/sample_advisories/2008/48.092008.index-at.xml,3345,71e57a29cb2a40efab1603f38e71276faa372fe526bc169aaf1f2ad5307a6c86
input/sample_advisories/2008/48.bal092008.dat,24687,c01e7927c6269b24a1c1f316e56d64773ebcf80140c57c5b7780a8d37a78c654
input/sample_advisories/2008/49.092008.index-at.xml,3049,8a0f23da52e380545b497f3b2b17ee7ba45e8dcb6d278d3d7e799c5f337b7f93
input/sample_advisories/2008/49.bal092008.dat,25263,e0b7cd0b45ec3aae0081fd4c5913c3c2023594846d1c59496fa85521af4600c1
input/sample_advisories/2008/50.092008.index-at.xml,3070,4ef01fbca1b769d7a3fb8f8c873de43f2673e362c51fd856d2a19bbdb9d651f6
input/sample_advisories/2008/50.bal092008.dat,25839,e051681ec22d7e4b72f91ed334803f9d3237af68c33d8e28ad571de628c3e936
input/sample_advisories/2008/51.092008.index-at.xml,2578,afe211dd1f297941d6f5f1c8fb2873b3d009207fff38a77d79770ab89764e7ce
input/sample_advisories/2008/51.bal092008.dat,26223,6f80784664a1475363b11b4ba704ee50ce441bd7fefc6f448cddd7b3ee1e072d
input/sample_advisories/2008/52.092008.index-at.xml,2566,953287ed31e89374169ccd0e0ff41087e85df85421a359c4ab42685bef6ac4d7
input/sample_advisories/2008/52.bal092008.dat,26415,994bde19d0300a820a24b67065bd33bea0dd1c4ca561ca96fa5ea66df62b9925
input/sample_advisories/2008/bal092008.dat,27266,827ac923ab9e19409c2c51814162b749fc9c32842dbf569aa4e3ef3342cd5efe
input/sample_advisories/2011/01.092011.index-at.xml,4198,58119318c9a10320a6c8408b95180c76ebeb856f2d3c2c1a194e1c422cdb433e
input/sample_advisories/2011/01.bal092011.dat,0,e3b0c44298fc1c149afbf4c8996fb92427ae41e4649b934ca495991b7852b855
input/sample_advisories/2011/02.092011.index-at.xml,4219,0be064a15efbafd32751ca5c43f232e18d4cf5fff4296cb05d51fea3639af991
input/sample_advisories/2011/02.bal092011.dat,196,374cdad1848c3b4a6e688ecc72f746891acd7b1ef70587a9f3b6fb72537dd84d
input/sample_advisories/2011/03.092011.index-at.xml,5111,065359109e1b681ac4cff13a237d7d9716383724e285356c8155483a1a0cf733
input/sample_advisories/2011/03.bal092011.dat,361,2e44bc6ddda396bac8e9a17749fad958bbb9ec378b285e09b619b2896e5406c2
input/sample_advisories/2011/04.092011.index-at.xml,4501,83573d1281211d1e161b32f85a5d1b983b7baa37fa9426005665751e97eb0623
input/sample_advisories/2011/04.bal092011.dat,557,f18a4b73d950d0111119e1fff23946b1fafa285b62c87de1ba52676e1a857864
input/sample_advisories/2011/05.092011.index-at.xml,4144,7773c093dab5eccfaa7a1aaa53b7060eca370de0c0d30a0f68f109796b45342b
input/sample_advisories/2011/05.bal092011.dat,949,a213c19e0fed928d81ffe927177a3a7769f6390a5218071b9b2b2e839f433b38
input/sample_advisories/2011/06.092011.index-at.xml,3875,0800152f6fe1a13d34997361ee78249392a7c1d5c3db715901e8642ed41a3182
input/sample_advisories/2011/06.bal092011.dat,1341,52710ab59399812b8e160334508d349b1ab2e1f98126ed176044b8f7ed4dd2f7
input/sample_advisories/2011/07.092011.index-at.xml,4237,dd0e565a962346426b7f78bcfc4be10ce51a9c350b5565f13c0a9821fc4a9706
input/sample_advisories/2011/07.bal092011.dat,1929,178f4d5f469c88d4f033cd7617d18e8056e34e2715a9c55df01412e02b982b60
input/sample_advisories/2011/08.092011.index-at.xml,4117,a06c329ea277986ab5989e5438f7dc732178d796fd181726f9137ea26c376434
input/sample_advisories/2011/08.bal092011.dat,2517,987b58270d797fe618cf4d4746c1a2a4ce028d35f06ba6cde11a4da26976d30b
input/sample_advisories/2011/09.092011.index-at.xml,4012,ac6b6b66278cf0f3364cce695d7644e9e3576288c9f8e2e90ecc6e9bc4f57973
input/sample_advisories/2011/09.bal092011.dat,3105,c34c139256a07483b858ad3f14671792c3c66b72557554683a29a6a2bac0b417
input/sample_advisories/2011/10.092011.index-at.xml,3892,11cae8316e06e020417c8e47cc9df9e4fa73adb3985b9c93b27a8f28d1463d9b
input/sample_advisories/2011/10.bal092011.dat,3693,8fbdc1f10631ddd2ee69c9c79b3ff1ad0915906e94887eec6cc319a9d959022c
input/sample_advisories/2011/11.092011.index-at.xml,3895,c2d699e46817414d33f3e450a94a0eaca1f27061a9218fd00b7e8deaf19fa9d6
input/sample_advisories/2011/11.bal092011.dat,3693,8fbdc1f10631ddd2ee69c9c79b3ff1ad0915906e94887eec6cc319a9d959022c
input/sample_advisories/2011/12.092011.index-at.xml,3884,fb1ad1c6adbe580346720fb9da07fb417f86af48dc7a0881ff1ab9cbb4ed4e2a
input/sample_advisories/2011/12.bal092011.dat,4281,7bf8fe59a2b0b023eb4f53c323dafb6bcff417b9ddf4f371177906ed95730990
input/sample_advisories/2011/13.092011.index-at.xml,4219,cb6966717a984aac3c4e2a915427e12f100d3cd9b9c50efa2004b7242f284828
input/sample_advisories/2011/13.bal092011.dat,4869,fe900bdb4ab262c259f01eaf79ec1d32960e0c9c655386c4bad7f66386ae0bea
input/sample_advisories/2011/14.092011.index-at.xml,3847,6bdfb16502f0e8e93a6512f2af30eab192df4175eb14f0a4f0f813ee4b12d8b7
input/sample_advisories/2011/14.bal092011.dat,5364,3e3e841e27532498660f6fc77d2eacc98754a302b52a6ba8019feab2cc2abd43
input/sample_advisories/2011/15.092011.index-at.xml,3667,14327d59197f03a463c241b8ddbb18ffbb6db427edf8c41db549b95d389af53a
input/sample_advisories/2011/15.bal092011.dat,5859,25b9cbf0bf1aff0c601dc868df41f9db7aba7cb5c0fc7fb844411d1da06b6cb3
input/sample_advisories/2011/16.092011.index-at.xml,3596,38cc560ab1cfacf2caa94c797e763466a035522faf6c9d7810c16f14f89ecf59
input/sample_advisories/2011/16.bal092011.dat,6447,019de2832fb66da54b15b720baa4be64128062f81db8add46b5daf4a5b53e8f0
input/sample_advisories/2011/17.092011.index-at.xml,3669,01b0b7b14fc48058aa7efa335355fa1d128c4e799ef194197534a49101a6dd14
input/sample_advisories/2011/17.bal092011.dat,7035,d1d35a7a40688ab07de400ab3a9c2038ff04eed7f4500219515946a587d8378f
input/sample_advisories/2011/18.092011.index-at.xml,3695,ae86f7dd5873a0a1ac1117d870a88535971dfea82839e332d9f0430619a529e3
input/sample_advisories/2011/18.bal092011.dat,7623,77458fe44ae61072b82f5670640c8d11b2eebd94d17be7412780f22ec64328a7
input/sample_advisories/2011/19.092011.index-at.xml,3737,f4f5fee69a9f2bf158166db1383fa1e860a3f08ca5cc6072c2b4977120c10b4a
input/sample_advisories/2011/19.bal092011.dat,8211,697981b7d0e5cd5512a4c54bec0828a04ac537d2a198c2fe963d692b8f956841
input/sample_advisories/2011/20.092011.index-at.xml,4091,aef90c799e95e317a800e7a16a34a4b407a717e470d7e839c60030c3c2f7deb5
input/sample_advisories/2011/20.bal092011.dat,8799,6e2bf773a33b8efe7a25b40ceaecbc7379265db69bcae1861f95e63aeccd7419
input/sample_advisories/2011/21.092011.index-at.xml,4459,ffff0be86e0ec978d068899e6ada467a1c8a0935703caadf07aa028618c85a0a
input/sample_advisories/2011/21.bal092011.dat,9294,2c33b62fbf8b0902b1e9494067116006f487f12ada623132675ffc3183284fa9
input/sample_advisories/2011/22.092011.index-at.xml,5766,8b36dd6a98f96f57c0c2448d8d1c031392b584c1fe2e206a20227f243940ab4a
input/sample_advisories/2011/22.bal092011.dat,9882,a487977847e832c95ee212063668e9dd4b757da03e5a02dd5a278d5709b2ab87
input/sample_advisories/2011/23.092011.index-at.xml,5189,44b3066bffff7c688e8e74ee9730c22f52bb3beb3be47c2491841e8e0a83bcc3
input/sample_advisories/2011/23.bal092011.dat,10470,43aac7d3df194919d87e830690baf1e1978e81554035655e848a172d570582e3
input/sample_advisories/2011/24.092011.index-at.xml,5421,354c8f13eb3f2a1db663f94d90edadef2fb9233c002dab503b51d5cc79d3fd7a
input/sample_advisories/2011/24.bal092011.dat,11058,13d46f1b19092ced0f033f963bd88888f29cc8eda1c9937351ea93c6ba03b6f4
input/sample_advisories/2011/25.092011.index-at.xml,5153,dcca02964873c2b3abb8ff8e152228d9d04ed33f902a21b9039755bdcc4b2fcc
input/sample_advisories/2011/25.bal092011.dat,11646,a00c7ba775a117d833968cfc5a7973dbb7266bedc94671bb5b88b3933d1ac1de
input/sample_advisories/2011/26.092011.index-at.xml,4625,3865f7ed48c860ef215079f9814565afac86746519c91a17fc793493bd699080
input/sample_advisories/2011/26.bal092011.dat,12234,201fbf293e4fa8ad07386a0079d6d69d291fd730a3899bf8322adf72b7b3e860
input/sample_advisories/2011/27.092011.index-at.xml,4170,e05d87e08c92576e33d4a9c058a38847523369931f9d6ec5bd102a6d591658c7
input/sample_advisories/2011/27.bal092011.dat,12729,720307acf29a0b9d0c880927bea98ee1ab69a26b995f572043c8f884965b9c52
input/sample_advisories/2011/28.092011.index-at.xml,4327,26535abcc9d10228c02b8de8aacd020f678ae8f891b096dbf48ed9bd285e001f
input/sample_advisories/2011/28.bal092011.dat,13317,aec136f1774c527983f02febc316ad3851369d77ded16a5559e14f103fa05ba3
input/sample_advisories/2011/29.092011.index-at.xml,4223,392ff7696cac1f301bcb95a1f0eec4854d73e36cb47cdbf580462d2d155fecd9
input/sample_advisories/2011/29.bal092011.dat,13905,c99c53df625ece1e40f48b3e0c28a740d83fbb35294f93c5c440121a8b6f0338
input/sample_advisories/2011/30.092011.index-at.xml,4152,90f804bb6a8a09d415181417ae0a12779cdd747c2f0cbf31d01ae80a48f5711e
input/sample_advisories/2011/30.bal092011.dat,14493,92fa8768401288d21cf4ea940461f15b116b4efeab14b5b64efeb0e9cadb5b5d
input/sample_advisories/2011/31.092011.index-at.xml,4084,0696ac1c0b163d81446b6877d81e322d385099c9db8205381a47213906009a47
input/sample_advisories/2011/31.bal092011.dat,14948,b49c9b4489ad680c1353bf74111d176ea2abe132290e1cb25ffe0389791ac92a
input/sample_advisories/2011/32.092011.index-at.xml,4395,fcf92e1ac239f6feb3c35c8c57c9eab30419a2a304642d22f33f8e73361ae527
input/sample_advisories/2011/32.bal092011.dat,15465,23244159f55150d0db2b3e52fa67cd34b2db26434b7669cf4828f3fb301efd69
input/sample_advisories/2011/33.092011.index-at.xml,4055,eff27e63ea6d005be81b7df2d762ef40ea5ab05fa1aaaf470d630c2cfa60a9aa
input/sample_advisories/2011/33.bal092011.dat,15857,3e803526664cb928ac5575df842c4d114f943de7d8c9f44210e615bb1ea48756
input/sample_advisories/2011/34.092011.index-at.xml,3704,d06f44ae0e528d25f850473279ba3553c5f3310363cf8456533abd6125705aad
input/sample_advisories/2011/34.bal092011.dat,16249,50e7583b9eaf558097fc37433484090cb83bdaf743464716a93fa6028c0d7108
input/sample_advisories/2011/35.092011.index-at.xml,4002,7b249c24085dbef95361853cd041512a1ad5b697c7af45eb51b224bc2044c32f
input/sample_advisories/2011/35.bal092011.dat,16445,9f5cc71fe865b5cb21d802c52097270c740b19f4c9692558082a6d692dba517f
input/sample_advisories/2011/bal092011.dat,16837,9d5c496368878c00acbabdebbf8b100aacd081fdb1623604c51940c12e3c918b
input/sample_advisories/2012/00.bal092012.dat,14978,ace2d140e5d39e82433c840df2e800a1af67c741049a2a7d618bd7fd82994bf7
input/sample_advisories/2012/01.092012.index-at.xml,4358,6c1cb6e4b3d440c4d3e683e6c628007981aed12bc5dc8026c8b184892686bb4f
input/sample_advisories/2012/01.182012.index-at.xml,3597,32e460fb20946acf6901f10866232d474a07826c27a876b1e6b50c79b81ef37a
input/sample_advisories/2012/01.bal092012.dat,165,7f1d9f5a8f2cb4560215a44678e2e65178ce6fb32a9b05956acd31f1bfe62adb
input/sample_advisories/2012/01.sandy.00.bal182012.dat,165,7e83168ac012fc1ddb33a0114e28ba38ca9f151ad9b284228a8fce9ea8effcb2
input/sample_advisories/2012/02.092012.index-at.xml,3915,c68d8d59f3ec4a8ca3b85453eab9ec88a6176d86ac787a2edb7b64ed2cce8fb2
input/sample_advisories/2012/02.182012.index-at.xml,3546,11256cc706bf8feefa64b05d4bd922b5a8a5f8e61924df652eddc16c850f5c2b
input/sample_advisories/2012/02.bal092012.dat,330,49fd70466a73efd9eb270f135113fa833c1c770c12a86c07272c407ffd8d8579
input/sample_advisories/2012/02.sandy.00.bal182012.dat,330,f25502a4ee875683a90f357452ce390e6cc3cd8f4e184539f8308805235dec22
input/sample_advisories/2012/03.092012.index-at.xml,3867,c0ddcc6d5e41a48a19e1065ac9ea6a874f026b788668de5d085400f5faa44fb6
input/sample_advisories/2012/03.182012.index-at.xml,3644,b340061cd90107542e1568877c96a4634b420421cc7ab3766c801fec563f4922
input/sample_advisories/2012/03.bal092012.dat,526,bb8bc98525c908425baf64b1bbd3e9e4475e8b6db1916acae08708c683945744
input/sample_advisories/2012/03.sandy.00.bal182012.dat,526,24ae2e268a287fb5af1892de5cc7ab5eedc7fa9c2297db107cdbc3b65ef24094
input/sample_advisories/2012/04.092012.index-at.xml,4448,c53affb8e657d057040ecc4767fa4c8d0be44ff7e3a4a609d45397bdfef385ea
input/sample_advisories/2012/04.182012.index-at.xml,4025,b3ead3a6e3854840ec9f07199069c17c455f4bb0584deb26190d5fda1744abb8
input/sample_advisories/2012/04.bal092012.dat,722,bae9cf6d856a37aa78874401c00a60a402901253e4c32f0f2070962ce6e3d745
input/sample_advisories/2012/04.sandy.00.bal182012.dat,722,ddc9d1f24ab433c0ae4865f45ae514c67f14b4d1f2900fe3dacab0ddaecf29d2
input/sample_advisories/2012/05.092012.index-at.xml,4914,3f109f45260154a10d82b6a91cb40c946ebebe57c21495821a8dd0309bfd618f
input/sample_advisories/2012/05.182012.index-at.xml,4529,808104e609c9e2c8a0a8ffa28f3eacef17afff40230184b2ce8668b87b75727d
input/sample_advisories/2012/05.bal092012.dat,918,9036f1e669a55042432489b543a47071fba8c7deefd6a06c9b278790296c8a99
input/sample_advisories/2012/05.sandy.00.bal182012.dat,887,eb0848b03ec4fa77e9ab54ac84d08ce7593bf6d0b45e193cb5665e380a4a8047
input/sample_advisories/2012/06.092012.index-at.xml,4483,2f513972fea3ed451c4447af9001e04a0afb387511f892f9a535671a3e7b4920
input/sample_advisories/2012/06.182012.index-at.xml,4627,5251b85178b32f47f303acb702de91ead900dcaa2a5e3bba591a065f86be2188
input/sample_advisories/2012/06.bal092012.dat,1114,722c6bd5f887b5c198e590db1cff4c76a9f286a43278a35ce1e5973776c00af9
input/sample_advisories/2012/06.sandy.00.bal182012.dat,1083,a958091a3c775fc4ae45f02dea5a65a95c952402ae1934022e2cc60ad9c286dd
input/sample_advisories/2012/07.092012.index-at.xml,5133,2c93c6224604fdae869998e93e4cf7ce51837050fcb76862ef9ad7ceb9775f08
input/sample_advisories/2012/07.182012.index-at.xml,4537,3f783d82d63c7777356995e3ae7f57f4ad47ec715f049f624ba491c2036b86f2
input/sample_advisories/2012/07.bal092012.dat,1310,51485ad1d2c26fbd29d3ced860ea949a06fdf0fc6d591d4a05f027efc60abfe1
input/sample_advisories/2012/07.sandy.00.bal182012.dat,1475,626d7bfb623f61efbb476532f534ab1155f5c2f950c122a2d3476afd2e96d552
input/sample_advisories/2012/08.092012.index-at.xml,5369,9d727138d07b8a4382cb9a7345d111f954f724b84bf310009f5fe502eb33546f
input/sample_advisories/2012/08.182012.index-at.xml,4853,b258dc98a6d49e9a5f54a3d6bf84d5b3a59b19869c245091f8d89b13fee095f4
input/sample_advisories/2012/08.bal092012.dat,1506,47ea3f88183fcc099529bda92988c2ada5078faf4051753ff0b3b130ed6e60a7
input/sample_advisories/2012/08.sandy.00.bal182012.dat,1867,673fb7de405dd5c6094f9ca8bb4ebcc073132ad0c4ef743d61a34e0b3a6ba6b4
input/sample_advisories/2012/09.092012.index-at.xml,4504,71b2f9fda420b7c83111279e1827666540d2016234a963f4fd592367cf34b68b
input/sample_advisories/2012/09.182012.index-at.xml,4713,efd9a2bbb38aba7982944d281ae185a9fa24708d8c7501b8352a55833bd11b79
input/sample_advisories/2012/09.bal092012.dat,1702,1506cdccc31e6aa929173d7a039bbc5d83224949b5352b9eb211e653c409685a
input/sample_advisories/2012/09.sandy.00.bal182012.dat,2455,59245646f4f0f7ddabcdb1f65913909f4219582222f7c6515d2859cbcb3e9bf7
input/sample_advisories/2012/10.092012.index-at.xml,4383,d9a2215b663f1559372fe2a0674e6827a8e667b4363972712a5b2dedbab73486
input/sample_advisories/2012/10.182012.index-at.xml,4723,cc17879dbb0a0eb18eb93e6a43eb7410860df75d586731537d62036905ffc535
input/sample_advisories/2012/10.bal092012.dat,1898,32bc363d5b3805995471e2a530e51e9d02b0cd11b0c0b14b6d722210cace5b90
input/sample_advisories/2012/10.sandy.00.bal182012.dat,3043,5044300965f14bc6267d7092f4c2bc5fdb0e32c989ea1544b0142e16266a5df1
input/sample_advisories/2012/11.092012.index-at.xml,4907,5654b9a66036ae08baf0b661c69f992c8a47ca0b5a2d8d09757e000ade6faa3f
input/sample_advisories/2012/11.182012.index-at.xml,4858,e98384ba93e1fbbaafb5b88b094432664987cd0eb21bd8e29a251936afd35912
input/sample_advisories/2012/11.bal092012.dat,2094,ef9d041831bc7ed1574aa26dca4ed7f23231c44faf850d9efe9ab4c3c838f7c0
input/sample_advisories/2012/11.sandy.00.bal182012.dat,3631,4338071c5316dfc715f0352756c6feed40ef1565e972028c6b8feeb4a0fb3473
input/sample_advisories/2012/12.092012.index-at.xml,5129,39f3ea82e97cb55e41ac3cdfabb4a5fac36ede35793a5fd769ca8f1e9eee6fa3
input/sample_advisories/2012/12.182012.index-at.xml,4822,f0c8c8fd182bc4aff477f616696f652a7b1bc89c7afa1cd65806d85d32d767d6
input/sample_advisories/2012/12.bal092012.dat,2290,b43ccb2ee5b2e762c39ce0a8fe1413bfb1dc7d3aad40e7fdc86eb4e4b3201406
input/sample_advisories/2012/12.sandy.00.bal182012.dat,4219,82e6268cdad0458072e021f834581fedaa2efd4746c8909f8176edca5c0cc184
input/sample_advisories/2012/13.092012.index-at.xml,4300,b0f10d1d0588411e6bac623105a19c7745f076030785b195a8be8a30e1068447
input/sample_advisories/2012/13.182012.index-at.xml,4578,45092eec1a3d078d4fd83bf08c3952f08a37303ac683889dfc60daadbf3f1675
input/sample_advisories/2012/13.bal092012.dat,2486,261ce18c62327dce2be02ac2d48c58ef07e47f9978f833181a8f307393faea28
input/sample_advisories/2012/13.sandy.00.bal182012.dat,4807,82d46ccb6aa632371b38149f5aca9a6593babc5ae13128f48f9b66d36b486c12
input/sample_advisories/2012/14.092012.index-at.xml,4963,8490e037619fb8f4671eae5583116910db49d318edb26fd8cf4ccea1c23ee18b
input/sample_advisories/2012/14.182012.index-at.xml,4361,5a35e19d524f0e85698dd2ceb42f95be1177bfc80efad6bb25ca040037c1e555
input/sample_advisories/2012/14.bal092012.dat,2878,d60f4fb6b5b8c8bb4d91b94ef6974b28f9d3e6c95c709d04b3cb39235f25c6ba
input/sample_advisories/2012/14.sandy.00.bal182012.dat,5395,cae5e4a160725031daaa604af7b1c9370b0a097565fd231a72717b1366fef728
input/sample_advisories/2012/15.092012.index-at.xml,5233,870d2a1aeb6ba65e7d8545ad68c89cb692fb37804ba6640c44212e7dde7d6c07
input/sample_advisories/2012/15.182012.index-at.xml,4661,8042cd0d9a7af36ebbdfb0c31a4e8d935220f5904a8c19e0415dd37f825df82b
input/sample_advisories/2012/15.bal092012.dat,3270,e735351f73f0f196f70da928d867ed04f8d8eafe56d0d46fdd708bc27337e292
input/sample_advisories/2012/15.sandy.00.bal182012.dat,5983,e6c6943a9615f963e98a30d814b99ab6a908f3e5dd025ed5fd7ea6876df5c29e
input/sample_advisories/2012/16.092012.index-at.xml,5353,ea284c15b9083e7a0fe4dd5f92acb23777c1c531cd40a86872b414dc08a6b53a
input/sample_advisories/2012/16.182012.index-at.xml,4523,61c1096c2503cff53c171cc3900b4843ac803d58a621c87b91e25885ec7e2ad5
input/sample_advisories/2012/16.bal092012.dat,3662,51a57a969a840db01b0aa81916829d850e8aa7ad37f2ed74cd70a723cb0e7b79
input/sample_advisories/2012/16.sandy.00.bal182012.dat,6571,0e39d4716147bd657ded8e7cf9ddaa77e98f47a77ea70c351cd6ab8ef880646e
input/sample_advisories/2012/17.092012.index-at.xml,5309,b7b3adf01ae41561a50c8272e567bd8d6029a77d9a55f9483008037228dbbeea
input/sample_advisories/2012/17.182012.index-at.xml,4635,68fa4a70c13a49442b7721e37d5290ece6d4584f6025b4b1416df62285d053a5
input/sample_advisories/2012/17.bal092012.dat,4054,822efe18541b18f4e262913b087adc190811e1458524b1fbc83fffa0e20a41bb
input/sample_advisories/2012/17.sandy.00.bal182012.dat,7159,0dc45232bbb2fbcfbd945a7532431af9d17bad0120c9840f6ce3b2bab289a245
input/sample_advisories/2012/18.092012.index-at.xml,5448,d2057733433aeea34f3df24c31b156455ad98c9f6f7d7734ae13d031785c9b6d
input/sample_advisories/2012/18.182012.index-at.xml,4514,26b45eba808293270ba67e4e054bdbe06af7eaa6797c7d2bb7040dbfd03901d8
input/sample_advisories/2012/18.bal092012.dat,4384,490e333a1803d5eff1bfc636f940c291f75440ce4309d4fb6d47a1d891014b10
input/sample_advisories/2012/18.sandy.00.bal182012.dat,7747,aa96d58f4d2e8e2b045e2888e2ef825cb792957f1e1ec18e85b37cebfd050069
input/sample_advisories/2012/19.092012.index-at.xml,5278,13b6483a9c8daa099efddbde348030020f638492167b580afb19db9efb0f8753
input/sample_advisories/2012/19.182012.index-at.xml,4248,0ce58d2014c904b550888bf7676e0cc4c958277d1b2e205c2d49163e52a715d0
input/sample_advisories/2012/19.bal092012.dat,4776,450c86d0567f4a4955303369b2ca86764f5a948e6a9e7d056a6c45be889760e4
input/sample_advisories/2012/19.sandy.00.bal182012.dat,8139,7ed4c65480c95fe9471e43be96537a4d87611833e588d478b5522c7b4f24cca1
input/sample_advisories/2012/20.092012.index-at.xml,5515,2594d0081ed473fbeeb22395a25a1798eeb4d4016cc78c4866f1a66a615b5f07
input/sample_advisories/2012/20.182012.index-at.xml,4302,8b6a8a8b90a2c22452416c9b4c6f2a1190287a148d1e9a70b86d83715ecf1b24
input/sample_advisories/2012/20.bal092012.dat,5168,18d5d8dc139b3085eaf76151d59c1a8a742c5b40a232991fe4a5ee9eea9923f4
input/sample_advisories/2012/20.sandy.00.bal182012.dat,8531,3a4a9a8967ab02a40ec54bf5a9f1b63ff53b1bcb0631853b0d47423add5cae3b
input/sample_advisories/2012/21.092012.index-at.xml,5621,6b8c290622a0f9fd27075a7a1a1ffa24eba981b4c79c005942206b3768701321
input/sample_advisories/2012/21.182012.index-at.xml,4302,df8d6929ed2ec113ef9ccc4303904bb3ad5996165c667a539768afe978ccee09
input/sample_advisories/2012/21.bal092012.dat,5560,5eee33c83143ddaca970cfd44b0d1a8bfa0afe2426935a7a47ab2eb7c3312ead
input/sample_advisories/2012/21.sandy.00.bal182012.dat,9119,6646ce69ac02f409a6aa3c1e8187d80cd482c196b4c662e1faf8b1acf239e6de
input/sample_advisories/2012/22.092012.index-at.xml,5538,1f7ce5ef113bd1b345d2c2ec3fc6d38fc22962b42778a9c2e9d5b6d616e734ab
input/sample_advisories/2012/22.182012.index-at.xml,4232,d804069fc51d89e2c2e27fb64a9f40438d8da05e04cf8fce50534756d1ea18cc
input/sample_advisories/2012/22.bal092012.dat,5952,9aa1eab0c72fa62c746884d06c61639985ff4cf7ba444b9660716dfea301c14b
input/sample_advisories/2012/22.sandy.00.bal182012.dat,9707,0fbbddbb37e95c4fed349de837f938632c628f93175424c277acc80b77ca3bec
input/sample_advisories/2012/23.092012.index-at.xml,5489,8ce7f045dcc4df0db6c9cef8ca271ac7b3624bae7c5fab5706695c2e22a5a0ca
input/sample_advisories/2012/23.182012.index-at.xml,4005,054ecadaca328b81d1a402340610c2b65178ea469a67632bef4aa7d22da84397
input/sample_advisories/2012/23.bal092012.dat,6344,5de69a7b237e5f7d2c307a47d7356d5d263e9844672d4d562c33d0419d1f2e06
input/sample_advisories/2012/23.sandy.00.bal182012.dat,10295,4e517fcec1d99467140b9dbd8b103e9fcdc5a24574b6cc3936ea4e13ba481c31
input/sample_advisories/2012/24.092012.index-at.xml,4835,dbcf53da1d31b438c652dc2ca66480fe833692db5b5116cb4b35ae700e335b9e
input/sample_advisories/2012/24.182012.index-at.xml,3855,1472ac313c9b8d9ada830dd8acc1e634adb7b0e0aa937377d80d779acdfef1b2
input/sample_advisories/2012/24.bal092012.dat,6736,7d6fd175ba9ac80d74d2d9f55aef0cd373b8f5d8aba0c6efefc37b9c62d19a9b
input/sample_advisories/2012/24.sandy.00.bal182012.dat,10883,669bc70fd0a788083a3dc8f0ef2930d87542f75b77d848b63a9df28ddb7ff21d
input/sample_advisories/2012/25.092012.index-at.xml,5426,0835b49aa704b71b2d24feac0047a0e515cb89db26440f5fe8963a027dffdad6
input/sample_advisories/2012/25.182012.index-at.xml,4280,5035e051f4ec8783b5d4ea127c171b640ff45ec85d323fac1725c4eab8bbe543
input/sample_advisories/2012/25.bal092012.dat,7128,672405070d4848e97d4391faff97bb68e219946d8da5f414e12e5f74db2a567f
input/sample_advisories/2012/25.sandy.00.bal182012.dat,11471,02a90f5394dd4b5ce9d3775dc230bb6666b5d55792ce1ff4d3a69d4eccd4a5a5
input/sample_advisories/2012/26.092012.index-at.xml,4641,bc2199b54b7936233f428a0a5340e433ef3f45b3e3815b26f2175e4f56710364
input/sample_advisories/2012/26.182012.index-at.xml,4493,6ef98471a87cc19408a2c41f5cf773a4acf8085391af39cdc8ba07e9bbe9dcbd
input/sample_advisories/2012/26.bal092012.dat,7520,865406a9d3d22b9f157f64c5e133309b25997d2481a18d1d6f0c58193abdc43d
input/sample_advisories/2012/26.sandy.00.bal182012.dat,12059,b761f6f5ad247986fe22395f912102545a8c9000bfc1e75b627f7f3e6c5f49bb
input/sample_advisories/2012/27.092012.index-at.xml,4523,04fe48f80bcd93811fb73d5f9dc318478c48a4b877af7b331b463ddc64831eeb
input/sample_advisories/2012/27.182012.index-at.xml,4303,7056faa033e2ca08d730db1ff8168f0df290f7d2a4feda799bd44b5e141586ff
input/sample_advisories/2012/27.bal092012.dat,7912,fb3bf309ae5a0fd0fb9f81b18f639066bb936c93c32826e26e88bfbc11244b34
input/sample_advisories/2012/27.sandy.00.bal182012.dat,12647,89922849e0eb75f522611df5bb5ff5818005369726fb7062cdeb704814e2492f
input/sample_advisories/2012/28.092012.index-at.xml,4371,cde50cd13725cbeddea0121a883486b6580e4615da61780bd74c0ebe44710455
input/sample_advisories/2012/28.182012.index-at.xml,4279,57378725e1a9381c0d5820d67d356868652cdde1d01635319a0d67842ec909f9
input/sample_advisories/2012/28.bal092012.dat,8304,d9911457bf6c5ec6da4710e0d3896cbe24b9c1f74153f4bebba99c69a127e1f7
input/sample_advisories/2012/28.sandy.00.bal182012.dat,13235,af7f9516cbc8a02ed627fda026474e8a1039c2e92cf3e7dbf0187d0f51e34e1f
input/sample_advisories/2012/29.092012.index-at.xml,4501,61885044e304401798c662da0531e2b7b1956a515fd96afe803f0c599fd10c31
input/sample_advisories/2012/29.182012.index-at.xml,4336,e1196811571ff8050c642fd540651e40953246bf144f6be5a050d9e5a99591bd
input/sample_advisories/2012/29.bal092012.dat,8696,7751eb6aa7496426ff7b6fbb31ec99e6d3567892157cc0f61d2dd9dfba18cb53
input/sample_advisories/2012/29.sandy.00.bal182012.dat,13823,51fdc3c08f225a78d699fa839982ae204e98bf1f2f3bfae0e83ea976d4d72a6e
input/sample_advisories/2012/30.092012.index-at.xml,4422,3d7b5458491c219e7b3e901420cf8abccb96529ced0130c3e9485eeb485b6fc3
input/sample_advisories/2012/30.182012.index-at.xml,4204,85e2e886240153b5f46cc8e6eb1d7225bf544431b026a440ebee8fa26e17363a
input/sample_advisories/2012/30.bal092012.dat,9284,dfc367193ebcd49260e31a8f2872fbf25869bfaa8a112496897ada197c9ed4b3
input/sample_advisories/2012/30.sandy.00.bal182012.dat,14318,24b61483ee7f1febdbbb778ce6d655e51c155b4f6c2deede9abcbbf30e2f3cf0
input/sample_advisories/2012/31.092012.index-at.xml,4225,cdaebcdcd30994636d7875b248d32af943860fa08be6b761f812b4811faec66d
input/sample_advisories/2012/31.182012.index-at.xml,4469,d523625961316dcc3ec0dbc00ae33dd91e3cda5f3e8845667e64fd4e79bbeb31
input/sample_advisories/2012/31.bal092012.dat,9872,e81f7615325b5f7105673ebe565de70172159ca0143c48881235014512fc64e8
input/sample_advisories/2012/31.sandy.00.bal182012.dat,14906,40674ed2bd09eee1dbae61d261ba7142cd5df92303afb022ec4015432b771640
input/sample_advisories/2012/32.092012.index-at.xml,3876,4d5c364874a5e1ace9b4786b76eae23a905a484fd2b0a76907b435c5ad424a8f
input/sample_advisories/2012/32.bal092012.dat,10460,0dcceda7a7af6c2e24b890883631f32a463346eb7d0e8e55ab00fa2b97310bf5
input/sample_advisories/2012/33.092012.index-at.xml,3736,e622e13f16b0a40e83d7f8e342f42539773a5ec5a690b4a939b161ab3c2c08fa
input/sample_advisories/2012/33.bal092012.dat,11048,e2c5a0e5f8e8077fe5a7199fe89e607cca43a0960dc213682c0cce2560993cbc
input/sample_advisories/2012/34.092012.index-at.xml,3758,57043ec0758720a3249d45833c8a03b32c400126378f420ea39e2d516904d09d
input/sample_advisories/2012/34.bal092012.dat,11636,65d9fa92ff2500ba4e70c306d1d3e08f841a6f1dd9821325a18dc159f50a030f
input/sample_advisories/2012/35.092012.index-at.xml,3228,06beccc710bb7e68a7d58d8390da152a4799543d0b46f953ffe46a616bc2bc01
input/sample_advisories/2012/35.bal092012.dat,12028,ef9f8bcc8f4079853c8ed76a7c777544bfd07e0ff80f30b4f6d64cbbc6d60451
input/sample_advisories/2012/36.092012.index-at.xml,3176,5209ff06d348694d6f2c3692391c89dfb0d5148d4409f14b0fba4c7ed821ccdd
input/sample_advisories/2012/36.bal092012.dat,12420,88ecb0e92171832b9746d2df48d5eca4383e0177eccf63ac709b7be2b228dbc0
input/sample_advisories/2012/37.092012.index-at.xml,3248,cf07c9da037b5858c0e67b0559f490853842543fa3a3390f5c7b1378ecc1bf62
input/sample_advisories/2012/37.bal092012.dat,12750,5035246c61a6a652aff1cbe1b21c975e42eef0e4f1b9a1e914245cf83590015c
input/sample_advisories/2012/38.092012.index-at.xml,3243,5f69ebefa8a206fd536a049201d5f81a378a57344d0672076bb56654ea3c6aad
input/sample_advisories/2012/38.bal092012.dat,12915,3678bda25551a24a48602616af1d9744eaa7ce8ef8baa8de49dc007bca25cfe6
input/sample_advisories/2012/39.092012.index-at.xml,3327,b92da6c0b802eaa0cdf38d82c56e9682571d61cdd9447b144a3243f9558616f6
input/sample_advisories/2012/39.bal092012.dat,13111,a51e3d69e454bb234fcfb467fb622fc13e78d5691ed42ab9b4df31816c264db1
input/sample_advisories/2012/beryl.01.bal022012.dat,2564,21f5071ecc4c67f761d68673fdb3ec912df3f20744ea9094dd33825f62243804
input/sample_advisories/2012/beryl.01.index-at.xml,28456,14503aad6a69b3bf82898e840f1de92c09ed42fd0566d006b731e0d80711adab
input/sample_advisories/2012/beryl.02.bal022012.dat,2760,d02849d4ab184dc9de346da50e9385e33f94738dadbfb25b84cf215a0a6fe5a7
input/sample_advisories/2012/beryl.02.index-at.xml,28158,c7fdb281ce10383a16eff697dafa89a8fd2e38f67b8283211c60731a424fd681
input/sample_advisories/2012/beryl.03.bal022012.dat,2956,40638e1b70476374f5426e688a2f75a93eda8e35501d1b2f559af03e2513f27a
input/sample_advisories/2012/beryl.03.index-at.xml,28176,3b34ca51b0ca93c7830d5336308439c09e1d4227f9a516f50925f2effa6633fe
input/sample_advisories/2012/beryl.04.bal022012.dat,5473,28feb22f449869cccec116eed1ae89cdeede3f6b7bca7b8d94c19b4e14ae0e21
input/sample_advisories/2012/beryl.04.index-at.xml,27903,5c143d622d2e4cfd26d14da7b8c56f72050df5f7aa502b23b2879f97164733a1
input/sample_advisories/2012/beryl.05.index-at.xml,27894,94fc1d8f5bca5634ff1415ff2ac6385ca506427ea7eacafa8562314ed78e0aea
input/sample_advisories/2012/beryl.best.bal022012.dat,6824,7a1367088c3334b9c75510cec5bd271592f4a94609aa052ec537894362d5bad9
input/sample_advisories/2012/debby.01.bal042012.dat,1877,43d4fad94c2c15294f3b7c608095560c055a7b837167e38998d292c53dabf011
input/sample_advisories/2012/debby.01.index-at.xml,29662,49d949c02f1264d6da6d2b6a0c2752c02f7102a923a09a685d0474250a6e9cef
input/sample_advisories/2012/debby.02.bal042012.dat,2073,f7afb09f7f6aae15aca1fda44b4f8b222557a1972f09bcb38558b26a5384034f
input/sample_advisories/2012/debby.02.index-at.xml,30259,88e13a28f698a1e272986802866671e1cd4af69d84597ecea44b05bde7b7e022
input/sample_advisories/2012/debby.03.bal042012.dat,2269,29000079457916da436729e02c7081f2bb8cffcbf3bd7fc55b1dcd4232320bf9
input/sample_advisories/2012/debby.03.index-at.xml,30007,a3ab8c04a86eb95015d83f0276cedaafda362fa5ce3fefecc6aa37e52e3db942
input/sample_advisories/2012/debby.05.bal042012.dat,2661,369c70342978c06c10f0af2305c58581d27176027931d73351b96a75eabf6772
input/sample_advisories/2012/debby.05.index-at.xml,34019,cbbf8bdff79b604b182e5b27d3fda4701d29391705bb2e48e62ddede1833dcc6
input/sample_advisories/2012/debby.06.bal042012.dat,3053,fb1e879088ccea96c567003e300048b58d01d30ebf2c802670e6a21a136e52bc
input/sample_advisories/2012/debby.06.index-at.xml,31815,4d9f792c1b38b9d3ada4273310659106ff1213c4df4f07866f63177832879ea9
input/sample_advisories/2012/debby.08.bal042012.dat,3837,a2b34724a383f468b58c11875dcb6a530c673a033a95e54061f26528b3533dc0
input/sample_advisories/2012/debby.08.index-at.xml,31204,7ad520bfd79f2aee01ec91ff13421a013c54d21f9316089c8a4f1241b2378683
input/sample_advisories/2012/debby.09.bal042012.dat,3837,e1a70d1b4c2490e494486ba7f44147fa9f328da7d85346ada02e871dfd65e1fb
input/sample_advisories/2012/debby.09.index-at.xml,30566,6390123a640ade235c15c4240ed58b6228f6143c4c78094d2fea9ccae97468f5
input/sample_advisories/2012/sandy.00.bal182012.dat,18052,a735c04af0a7a6dd9da7634c048f78a5cf6b70158ea01d6fcf6b917aff1d76e1
input/sample_advisories/2015/01.022015.index-at.xml,2908,d1464e858aa70fcf37974dda93c72183058067549fbfc4de7be9e88885c958d3
input/sample_advisories/2015/01.032015.index-at.xml,2675,2a988e56c297edcf4c6cdd5e2d54a53b3643a02384820eb3ca78b29b5e57c08b
input/sample_advisories/2015/01.bal022015.dat,165,c7020d4044d0d46512eb50186d2f0d09ff9912d7f14c2731e37d646683883ae5
input/sample_advisories/2015/01.bal032015.dat,330,88b4ebfa9a5918e87078731064f4aaf651ced5519662aafa144cc1cd63be00bc
input/sample_advisories/2015/02.022015.index-at.xml,3155,1e134ea590b57a6dba91211f9f4684827ebc9af3786436a1577bbb79f330a29c
input/sample_advisories/2015/02.032015.index-at.xml,2561,428c5240d0ebfbba9b0703668b71a70ca7e3449bb894e3114ca8932d8666a753
input/sample_advisories/2015/02.bal022015.dat,330,8724445788277de55572173c7db4bffc9df67bda15ff55c33bc075bb976ff3b0
input/sample_advisories/2015/02.bal032015.dat,495,1f3e1418a1b232881c058ccdd761bf69a2138734991b06aa8d87ff63fd89ea20
input/sample_advisories/2015/03.022015.index-at.xml,3206,2a68cc1963971dca10df37ae1d71fef38574628c5353f6b96d0be3834b71be48
input/sample_advisories/2015/03.032015.index-at.xml,2587,009887630e281d24066018d34e6f88f2a3cf20d675cf34d9f4d7092cd1e8fb5c
input/sample_advisories/2015/03.bal022015.dat,660,92e552204792c039dbfe95466634ffd87a0c4e560051b96ee1c9a7491e74d0f8
input/sample_advisories/2015/03.bal032015.dat,660,f65c92c6de838c6dbbdd57d7abb551bbb1630b140bcb9f8497e339a5aeca0829
input/sample_advisories/2015/04.022015.index-at.xml,3132,b9cae668c400cbd2d00a5872fb34d62a5d8100887926330f6cb839b816c23116
input/sample_advisories/2015/04.032015.index-at.xml,2550,3b63d4434b7d01f791bb08357f39c483827ee59423b30f653c0e2d124e968b01
input/sample_advisories/2015/04.bal022015.dat,990,e7e67be67344f65819dcbfaf5db231439b1856d5f36746247d044c0ba767fdcf
input/sample_advisories/2015/04.bal032015.dat,825,c8895636ce5c8726808ef6a134d5ea03df870ff85de4b49211304dffd9e8ae3b
input/sample_advisories/2015/05.022015.index-at.xml,2999,5df279df1f6717a306dd5481d2895ffab013f8e48b91833b1c4dba74a4dfd6b9
input/sample_advisories/2015/05.032015.index-at.xml,14001,2494694fbe15a940154f72fb8fc17c14aef41643ecbb58fb3df1efb36d4f635b
input/sample_advisories/2015/05.bal022015.dat,1155,77d1ba602be6d631f9ed56e34a2ee58a69aee3206a75bff8706e148eeef06bb6
input/sample_advisories/2015/05.bal032015.dat,3311,c7f20493c5ee6e56d28541b3b52fc994f722987742fac9bc44780e3f6d748539
input/sample_advisories/2015/06.022015.index-at.xml,3050,d8e923a3339b4bb91741c6931b8f8b1234eeab388f858b72e7548a4dab40eabd
input/sample_advisories/2015/06.032015.index-at.xml,13989,0dbb2e855dfa8df7fe901564793a18f624453fd4669b589efdf27cdb90023003
input/sample_advisories/2015/06.bal022015.dat,1320,0f141b3b0c940323c81de0993db0d13bbc314cbd3ded4285045a72b40ce7b739
input/sample_advisories/2015/06.bal032015.dat,3527,1e3bd92035db1c3e21a26eb08b875acca54c1116fc16985809ce0024e260cc65
input/sample_advisories/2015/07.032015.index-at.xml,13832,36f8697a6d5997367cd8ee1f02768ca2c449e38819cacffa8011c96a61cdc61e
input/sample_advisories/2015/07.bal032015.dat,3743,35603cf98afc9ea02f699e5c3681215fd82c548993a97cc52fe63f708bfba4ff
input/sample_advisories/2015/10.892015.index-at.xml,3254,6fa0aaf7154cf0a1b4249dc5bca0749362e8451853d524fe82124d56ec9f05f2
input/sample_advisories/2015/10.bal892015.dat,988,53453e280d3e7eab4b317db2e73d3915510d496fdb82cf988fb107ad6a5a965b
input/sample_advisories/2015/18.892015.index-at.xml,3251,6001daa70f20b72c3d4555ca12f3d6653f88fba42a629b0a9a86a5e6e3e3475a
input/sample_advisories/2015/18.bal892015.dat,1482,e554a33218ca0349f299258412dc140808b1be30b6a6200307e5e724859ef8fe
input/sample_advisories/2015/24.892015.index-at.xml,3143,92f1c2212b32e066a9a18f59a6eb3f17a0e274317fa916e95abb65f7d0c8514f
input/sample_advisories/2015/24.bal892015.dat,1976,104c503df9386f0ea6e7ec694c458c6a4b2c63a8f191bcb7a86f8396fafe5e77
input/sample_advisories/2015/bal022015.dat,3630,64a3a66f65c07f442a0383991bc9921162ff89a46717013f6cd6fad8429225aa
input/sample_advisories/2015/bal032015.dat,2805,29376043202f5c407dd647849f317a3556df54ad5e0484b268f3dfe9129a9ee2
input/sample_advisories/2015/bal892015.dat,1976,104c503df9386f0ea6e7ec694c458c6a4b2c63a8f191bcb7a86f8396fafe5e77
input/sample_advisories/2016/00.bal142016.dat,33079,b743bce8025cba62eb6eec85af7d2069d1f85b92823ab955510ba0a13b1f9157
input/sample_advisories/2016/01.092016.index-at.xml,2901,672ae15dc5d737f0f1b856df2bf99b16112b4acf7e8be18955914d8d2b1a46ce
input/sample_advisories/2016/01.142016.index-at.xml,3826,96f1c1b3dd351ff5f8bd48191113de43db27f2484e3178f08ec7a899483a4b2f
input/sample_advisories/2016/01.al142016.fst,12884,1e006d82ca591a0ccc2c0722c966dd83ea14614656668f5765862e725b3bddb2
input/sample_advisories/2016/01.bal092016.dat,252,3c9ac0d1fc5309c9d8fc6e65bc023c741232842f0bba33bb770422cb19073c77
input/sample_advisories/2016/01.bal142016.dat,504,e3d876ed990bf505923a1a4e3330420d3167c6e25a722c7aba6adf24d1df18fd
input/sample_advisories/2016/02.092016.index-at.xml,2901,457ffca0de07ade6ef4b3226d2edc0821f94a373df6026b00941d79268c96b4f
input/sample_advisories/2016/02.142016.index-at.xml,3950,4815b9497a4e007b5d1f2fedf92dd21adcf2178f4e1de90335b7eecf6bcc5ff5
input/sample_advisories/2016/02.al142016.fst,12960,9794fe9a0b279f6413e1cec60a126553777d3aebd90bbe655d3c1414b9bd3a0c
input/sample_advisories/2016/02.bal092016.dat,468,3ccb6dd86eec509d827b6d5f000297304d3658248b56af12539d1cdf59ffc386
input/sample_advisories/2016/02.bal142016.dat,1076,970816b1439b24e5dbc1cb457c4031820652e187125e3e1418b4266fb717a420
input/sample_advisories/2016/03.092016.index-at.xml,2899,dba48d816a5f12332f980b8a4acc9fe0410c21de1f2dd895f92b5a3d2e36fa70
input/sample_advisories/2016/03.142016.index-at.xml,3856,25e4bebede94f7095fe7c12f9c53c138b39bc62c4109da60dd2df985f1d5811c
input/sample_advisories/2016/03.al142016.fst,13176,10ddc4f17e0b5ce353f541837d895f552be2bcb419dc428dc3f9cb89e3128da5
input/sample_advisories/2016/03.bal092016.dat,684,21b2d5def28415f8d54a00839f9cba399c8fe03f2aec18d9cc081277b220390a
input/sample_advisories/2016/03.bal142016.dat,1508,5bf80d6ae3950142f882a5b95eb08950a3fa136a2e71fa7f3e15af89eeeda059
input/sample_advisories/2016/04.092016.index-at.xml,2998,b29b33e84b507ac3d6173920176f114e552edf6e24693f5eaba894d8558ced32
input/sample_advisories/2016/04.142016.index-at.xml,3979,e8dfb44f98270faf3e342e0f0d1ff019107095784f55255373201e8616826784
input/sample_advisories/2016/04.al142016.fst,13392,180b9fafec4a90fa88dd3e6159822e4cd564588522510bcf85fcfb2cc0ffb969
input/sample_advisories/2016/04.bal092016.dat,900,548a16771bbea3b83387a016b46a53afac7a0bec3de7d6ddf63da2433b740f77
input/sample_advisories/2016/04.bal142016.dat,1940,ac97f36a8ea6db960f52b81f176c50175acf9d298cfa592ec3238cdf007968b5
input/sample_advisories/2016/05.092016.index-at.xml,3008,cfdb30abfebd59137b58ebab83c92e7ffd8cd12cf7a22aca152b6521d99c19ab
input/sample_advisories/2016/05.142016.index-at.xml,3569,8c60b47dad9d17a8d07b6fb722c50d7660d7c945d45709f9128457189e227049
input/sample_advisories/2016/05.al142016.fst,13608,c87e105e75b66f992bb6b4e686b7587ab3d9f230dff809583d9de712d2a2d8e5
input/sample_advisories/2016/05.bal092016.dat,1116,12904a5b5640ee37f837340df2cfb658d384e21a60b65737528bb3927a8a740d
input/sample_advisories/2016/05.bal142016.dat,2372,36c4b577ce7378866aca189a21b474517548efd93c83ffbe75984811d56a84aa
input/sample_advisories/2016/06.092016.index-at.xml,3005,8992ef8fc8cb522dd97f0755f9ed3dd65fafc127bf008967a6382a4a3d7d86b4
input/sample_advisories/2016/06.142016.index-at.xml,3950,ea5c82504b719bfea201142d8da92c7cc50b7fb653c3b4ccce6b2a8c9fb444f0
input/sample_advisories/2016/06.al142016.fst,13608,327cb75fa8d7aa58ab3c802cfb58c5acfacfb3e10c3aa4fc0cdc676abe4bb9e6
input/sample_advisories/2016/06.bal092016.dat,1332,c558ba41a26faca577d47a611aec92ebd8676442fea973697eb2e7b7d8ab5336
input/sample_advisories/2016/06.bal142016.dat,3020,7f7068dfdcf5708b658c8d5ff3f7c9453b9622ca167908c38453a694d7d144a2
input/sample_advisories/2016/07.092016.index-at.xml,3095,3125b4c8b730dd0a8fa884e1936b54e3b1750500996625d91b2ae78a732ee2d1
input/sample_advisories/2016/07.142016.index-at.xml,3863,b428607e473f254890cafa68569d5d87a66c423def6ea676a02cf9eb0e9e1dcc
input/sample_advisories/2016/07.al142016.fst,13608,9a2965599e9c4af8075916c38ed851825c99c16f37db8cc562281ab5d7553911
input/sample_advisories/2016/07.bal092016.dat,1548,e2ef10875c83afb3a33c05cac7b4dbd9b685e96aa43b7fa818fb408f4c696068
input/sample_advisories/2016/07.bal142016.dat,3668,0595bfedd71ab42759312fa5a4c017060badc408b126333ac25cf4c27dbafff1
input/sample_advisories/2016/08.092016.index-at.xml,3127,e7ab027449148fcfd52864b86c37d55912a422abdc0f46b4fbbf0963b19489a5
input/sample_advisories/2016/08.142016.index-at.xml,3920,070fa8fe6ab12463cd27e590f5f428734e78a2a7432be406ec0bcc2d4f0d027f
input/sample_advisories/2016/08.992016.index-at.xml,2957,b842af74eb26e5e632df08b65a70105d65c44737d4227452af4a341f656bb82f
input/sample_advisories/2016/08.al142016.fst,13608,9a2965599e9c4af8075916c38ed851825c99c16f37db8cc562281ab5d7553911
input/sample_advisories/2016/08.bal092016.dat,1764,7b0190409c2c88e36bd40536a1bd5c6a060f9770662435a6dee8f4edaf538681
input/sample_advisories/2016/08.bal142016.dat,4316,1e7a5472338e49ef82aacff05b0b1937cbd5b6566f79b039fa0b2fcec6a51488
input/sample_advisories/2016/08.bal992016.dat,495,802d5bb7ab771cc24acea768786fede323ae57cac7a3aeb7202db0557bd31168
input/sample_advisories/2016/09.092016.index-at.xml,3987,014542fb5c9de3083a5cc3ac3ded8aa63b873e77ca2134c596f72dbfe0a844de
input/sample_advisories/2016/09.142016.index-at.xml,3909,ad01c2b4ca7e3f8f43876d295f3445652eec254766d97be0d542b549fe841db6
input/sample_advisories/2016/09.al142016.fst,13608,39e47427e8651668bd1b819805191b047edb4678ac7a30560fdf28485088d167
input/sample_advisories/2016/09.bal092016.dat,1980,0486494b02c9a3b10f7949931e5041424d3bbb1ad0fbdbc60ee0995cb839b48e
input/sample_advisories/2016/09.bal142016.dat,4316,1e7a5472338e49ef82aacff05b0b1937cbd5b6566f79b039fa0b2fcec6a51488
input/sample_advisories/2016/10.092016.index-at.xml,3793,27b09093980a4ec0cdbc464ba37444d4dbbd9bcf4bc34c8aa70bf14989b0daf2
input/sample_advisories/2016/10.142016.index-at.xml,4148,7e1fa985272e3ebc1db3527e7463c1d36bedb84fd8949439385d442167105531
input/sample_advisories/2016/10.al142016.fst,13608,bf722821b3c49414f80c62306912c9166cd2597e3bd8eabe73d8a4ba319953d0
input/sample_advisories/2016/10.bal092016.dat,2196,1321c35862345dd7fa2a6cb7cb68ad480bb38eb2751d21ab38f91fac8f974c0e
input/sample_advisories/2016/10.bal142016.dat,4964,fe81407e5083373bbafefa752f6eb6aa0fda3b7740828a8946ddb7c1c996d16d
input/sample_advisories/2016/11.092016.index-at.xml,3916,2863f3468e6fd20ceb61d44c171c8eca40bce14925ebc63be87fc09b8f2d3223
input/sample_advisories/2016/11.142016.index-at.xml,4625,f7230d39cd573bb6329c53b71a520b0174565b4b9a91fb8b99c7e24d1a4628ec
input/sample_advisories/2016/11.al142016.fst,13608,634279ec3de923a05578ec6c8f4d8b2fb76b96da5b9ad6f540c8ca8a59fdde5f
input/sample_advisories/2016/11.bal092016.dat,2412,e9aa3eaaf6f2785cfc881c4777a1f234bc3e76df3e2f4ee6897de2150444b720
input/sample_advisories/2016/11.bal142016.dat,5612,0c4b3d4edf4045c3b2d35bb7c87090955550389130f7faebd1f5ac859a8bd229
input/sample_advisories/2016/12.092016.index-at.xml,4177,72a5e7f7867c66c8a2715f2c8ba7297fc6fa89b0fa1eb5f4e460bddd58187682
input/sample_advisories/2016/12.142016.index-at.xml,4376,b9aa53ef5cc76a9972f1f6aa6d7f2c1bf01fc1e68ee8e30322aca881340cd123
input/sample_advisories/2016/12.al142016.fst,13608,0087aa19e74d0e72ad8750b37f93b01bc0b9f4fb62018aa43db12f418f62dc0f
input/sample_advisories/2016/12.bal092016.dat,2628,b396d588e58767e45976500563cfba70ba72e22bf7fde97435a47386c2c00ef7
input/sample_advisories/2016/12.bal142016.dat,6260,64e5caf961a02cfffa35352c4a9506a5a8bcf46fba8aa87f969d262282687f43
input/sample_advisories/2016/13.092016.index-at.xml,3738,2b3b0de7a9857acdd3a058f81da4e1b6ab9a80f33967db0538a47c767a9218a3
input/sample_advisories/2016/13.142016.index-at.xml,4376,fb1cc8ca7ce74b4b2fd69d4f4b2d35361f1d555fed930cf32574b1f24414e137
input/sample_advisories/2016/13.al142016.fst,13608,a729c0b167fa0ba89e045d3e3a70b303e588a319c512249d56eefb4287463d4c
input/sample_advisories/2016/13.bal092016.dat,2844,f2d46bc2117a884ba58702f0782c42433afb8e55bf3451f997c91a34275f96f0
input/sample_advisories/2016/13.bal142016.dat,6908,28b36147fa5d4416d891558ce6f1c8ab68817a0e1b8c5fb19b40c6e406ecebac
input/sample_advisories/2016/14.092016.index-at.xml,4007,2ab3953637bbbfbf7e343894ee166392114c4fb860ee2a7e04fdf8ed142a657e
input/sample_advisories/2016/14.142016.index-at.xml,4188,afa3b37ce84323b9b1d21c24329dfda3e238fa0730a9d5ab66aee62dda0d8538
input/sample_advisories/2016/14.al142016.fst,13608,9b62d9558bd3851b157e1af086ddf9ec5ef7160563c43d5e49f6e8c36ce76b08
input/sample_advisories/2016/14.bal092016.dat,3276,905e2712ecca6fc8e91e5bd5b892e8d84ffd8edb52931e7d88d304d0ecfd8e0f
input/sample_advisories/2016/14.bal142016.dat,7556,6143f627ac28f76e2f2c6cffb883e330c2ecab190a6ea9692a4c37738f9885ae
input/sample_advisories/2016/15.092016.index-at.xml,4047,d3d01658c3c057785c7aebd87e7b37984bbfe0d7f139a71687c44b305db0313a
input/sample_advisories/2016/15.142016.index-at.xml,4977,f2f6a64ab48e8fcbfbcb303af3ac691797dc8ffbba7a3fd6ecd5c1a8b29f075c
input/sample_advisories/2016/15.992016.index-at.xml,2960,71a3cfdad96017732c289fdf170f7863782078a47b62bf45fba59a91f849dd22
input/sample_advisories/2016/15.al142016.fst,13608,b5028be24e0cd8533c885484901d33b4428645b310c8fcb5713a1336fc7dae76
input/sample_advisories/2016/15.bal092016.dat,3708,adbe235f2e3ff8fa10a420ed00fa1e7df30c0b67b8485a81d8250c38ce2accb0
input/sample_advisories/2016/15.bal142016.dat,8204,2f64080e3fe8c36651b2c5fc3c33cfce86ca16961436257f364692caf3620088
input/sample_advisories/2016/15.bal992016.dat,990,e00d0fca180e2205c064eee0eba06c50a292f1008c8365cdf0c4f562a5a8b8f7
input/sample_advisories/2016/16.092016.index-at.xml,4203,1db40f1e23ad776892dfd0f3c2b914c10a8dc196d2143ee1e3255dd6bb1fad29
input/sample_advisories/2016/16.142016.index-at.xml,4498,c52b4726c3691c19a14255d5e9936ae7b59ada92066e744e06fdbdb811b2f3fd
input/sample_advisories/2016/16.al142016.fst,13608,cf616b25039f2bfad38977aac8650100f6140cb6d5421e62db60fe5870e4acc2
input/sample_advisories/2016/16.bal092016.dat,4140,501b49ccf08742cd641f718fe70063c4b707488af63b893be9b7987d191086d0
input/sample_advisories/2016/16.bal142016.dat,8852,9e029577c328e2a9139dbadf5d53d02663a169901b3e143b568888b055fd4772
input/sample_advisories/2016/17.092016.index-at.xml,4126,1fea44fc6647926eefc2722b4fdc338c24f736861a94fb2d43d1eb42f1e7529a
input/sample_advisories/2016/17.142016.index-at.xml,5408,6f0c56082cc59b21bed04bfc35d6157a763ea82c1738b11ddb0a2bcb99794cc1
input/sample_advisories/2016/17.al142016.fst,13608,757273097567d3c5d346d849f4bacae24cf51806d609883b2fda31ecc9e5360e
input/sample_advisories/2016/17.bal092016.dat,4140,501b49ccf08742cd641f718fe70063c4b707488af63b893be9b7987d191086d0
input/sample_advisories/2016/17.bal142016.dat,9500,811c3cabb71b9eac177a3dd963129f20a1c9eccabebc7867a71b0c13cfeea9c2
input/sample_advisories/2016/18.092016.index-at.xml,4340,640648744239103d79b4af8e42c6eb129abfe2c652f9849689cddea09e84ed16
input/sample_advisories/2016/18.142016.index-at.xml,4935,e5faf66170bbf324a6826008969ae353839905c329065955c3814eaf1a10bbc3
input/sample_advisories/2016/18.al142016.fst,13608,ebf685c4e895070c993059a48a296f0ed3865b003925f3db5ab45d04ae4c29e0
input/sample_advisories/2016/18.bal092016.dat,4788,90cd67b5b28f8579c44ec8629d8aca49e7b5aaad76dbc50c58bc3e3981c74b37
input/sample_advisories/2016/18.bal142016.dat,10148,26692c201dbdcfcd7e11e28aaa073d70e611382bd103752a562541fb389a3e84
input/sample_advisories/2016/19.092016.index-at.xml,3976,de5b87a2abbfe3342cba37f26b75736c4460c476438df984cb4b37ed4e55ee5d
input/sample_advisories/2016/19.142016.index-at.xml,4949,53612d7d4b547cb2c055b23f276e1fa250298f706a3fd52bbc305e4a095b8e81
input/sample_advisories/2016/19.al142016.fst,13608,0ddc7b21f7230932eded953f0be41aa6e85031a010b97656ebaad1ad0b1bf581
input/sample_advisories/2016/19.bal092016.dat,5436,b35b4461f32a6442858783e7dac3d921f61fb941762a03cdd1c8beee6372425f
input/sample_advisories/2016/19.bal142016.dat,10796,dac657efda6cbbf2f058d787ca5951124519a6046df13caff91f7a9aff316232
input/sample_advisories/2016/20.092016.index-at.xml,3814,5b322f7ed39d39ef2f7d655e9f736cf947799aee0c3479a5f033c9a2823b85a7
input/sample_advisories/2016/20.142016.index-at.xml,5183,90239efd61e5d06edeb863b812938a8e7f9a3a01a0ec51200cd4fd77797abf98
input/sample_advisories/2016/20.992016.index-at.xml,2958,b519f3d3b12a00d9ceddbd7e80282ce3ed7f653d5b6f7528abb4d651da591ac6
input/sample_advisories/2016/20.al142016.fst,13608,f2914e6501014f177a20fbdd4d57284186c49cec50fbebe8d75fb6f0cf2d9e32
input/sample_advisories/2016/20.bal092016.dat,6084,b8cf2c834c1f51942e20214ab741b869a7301cd6954c0645a8debfc64869a220
input/sample_advisories/2016/20.bal142016.dat,11444,d35f6d6bc2e7d90038d4d48cf8f72bb811e06568fc6cb57ac9fa4874b0774e9f
input/sample_advisories/2016/20.bal992016.dat,1320,d62cf03d2d963c3e0abd803e58cc2ebb84aaa56e66d3b9c4b796fc3f7e9dc82c
input/sample_advisories/2016/21.092016.index-at.xml,4294,fc371fef316d4b8047332c8865e975bd3d6ca596a5e539c6448f72a7e0ed64ca
input/sample_advisories/2016/21.142016.index-at.xml,5029,886188f7b133e6c60dd94f75388fa44ab3e541b2111bc221b8b761694ee1f4de
input/sample_advisories/2016/21.al142016.fst,13608,59c02e9b29b6bd322cb3b84f54bd972cea6ea1d8861a11e75650034442b1ac12
input/sample_advisories/2016/21.bal092016.dat,6300,f36157f9f0933cfd29fbd31ec186d9aafa8e76f33503725f731994df1d32dfa8
input/sample_advisories/2016/21.bal142016.dat,12092,5acd1ca49445c4b7aa0294aedf18856a3508529c2394e4c214dd770551cf643b
input/sample_advisories/2016/22.092016.index-at.xml,4015,08014cf7b14bb52593cc2b76ef7e62c8571f4b68567bc2abcd2caa241774c7bf
input/sample_advisories/2016/22.142016.index-at.xml,4207,dec98770b182de89f7879d657583c9f291af660907b81d21f4e72d34968b8fb7
input/sample_advisories/2016/22.al142016.fst,13608,247ca3d4a56932ec45da0f928a18ddb4bb32be6cbe0e73c715df6a16291a1a2c
input/sample_advisories/2016/22.bal092016.dat,6516,e9a6cab5f61d02a944d28a7f728950607615f67d8902f50cf5b7969f8a4734e5
input/sample_advisories/2016/22.bal142016.dat,12740,ce861c59daf8bea5e00dd8157794dd437fda72610bdc9a2fbc46d8ca0f541fea
input/sample_advisories/2016/23.092016.index-at.xml,3988,db421d976b8c34eb95773d162b9319e9ad3a383e53e1e1156215afdecf906015
input/sample_advisories/2016/23.142016.index-at.xml,5327,d8fe82ed093ed68d372c272f370f00c8e11f088e4cd6d93ff805a94da8baeffc
input/sample_advisories/2016/23.al142016.fst,13608,f5ef6ba568bd7c024db0bd2cc5d4f02e0694de554baacec77775213ed6eab621
input/sample_advisories/2016/23.bal092016.dat,6732,f9e4af2724e01774375eea05411c4fba24d00ae98149c4e29c78afeeb435d968
input/sample_advisories/2016/23.bal142016.dat,13388,2055893ecf7e345242835f48db6bfea577ec884e6d87fdcdcfa1d9ee1c7834ab
input/sample_advisories/2016/24.092016.index-at.xml,3861,da289b53746ca56bf76219bd946a942825e3f24038e57882296903bb62e93b2e
input/sample_advisories/2016/24.142016.index-at.xml,4968,4af8e8763336b7ab80aaf53268b91b99015cf1b5d825eeff9bcdc9a574fb454d
input/sample_advisories/2016/24.al142016.fst,13608,448e7b6c49ad803d0b16488b731cbb2a087e41094c0740ce10d1902715a45075
input/sample_advisories/2016/24.bal092016.dat,7164,565973bf31f9dddcb12c4a58e9eb694ade9522aa4a6251aa4ab8e174ae1750bf
input/sample_advisories/2016/24.bal142016.dat,14036,c41314eae5b846537cf00c79ef5562fd557a32437fcc4ac5010ce427a8d39826
input/sample_advisories/2016/25.092016.index-at.xml,4466,5af92256e4a6167a19ae02d2446a1f7721e454fc9fd29f232afa970307a54f5c
input/sample_advisories/2016/25.142016.index-at.xml,4803,c04972d043786acf9b68232fd52028446364c6afc133650cfa166adfff9995cc
input/sample_advisories/2016/25.al142016.fst,13608,9d022d375d6efedda20123536a052aeeeff1ad7b5c3419e729a4fde588f46386
input/sample_advisories/2016/25.bal092016.dat,7164,565973bf31f9dddcb12c4a58e9eb694ade9522aa4a6251aa4ab8e174ae1750bf
input/sample_advisories/2016/25.bal142016.dat,14684,953a9808667dda8e8cbc5d76c935ca306161953649c97dd4606e98ffb4d0ad97
input/sample_advisories/2016/26.092016.index-at.xml,3858,4c2391a54d417611204ae1f3898b971bea5eea47bf31de997f28bfbbfa82f533
input/sample_advisories/2016/26.142016.index-at.xml,5193,2324b6f2c179b9693ececd4c6c84a3e2f1da646a2c3ef283491ebe06ec84465a
input/sample_advisories/2016/26.al142016.fst,13392,270e72c2b12cc915938593d8935f37b9cbbf750a84dbb12e801dfba27c5ff702
input/sample_advisories/2016/26.bal092016.dat,7164,565973bf31f9dddcb12c4a58e9eb694ade9522aa4a6251aa4ab8e174ae1750bf
input/sample_advisories/2016/26.bal142016.dat,15332,cb0c27514649d16a026c938cdd20038415c66232ba5eb65d232b7a399054ea40
input/sample_advisories/2016/27.092016.index-at.xml,3809,e9c6d202268dc1cc45eb1bc75b9d0d625c032cea49e9581ecb14a9d57304e7ff
input/sample_advisories/2016/27.142016.index-at.xml,4894,8c16981b5a28a06b32d189933e324b427aeb6e02737bec683303504e547d7160
input/sample_advisories/2016/27.al142016.fst,13176,5a474ee0a175944b95f22af1ac05fa8d9f1ad92bb35ee7949d26547bd04bd310
input/sample_advisories/2016/27.bal092016.dat,7164,565973bf31f9dddcb12c4a58e9eb694ade9522aa4a6251aa4ab8e174ae1750bf
input/sample_advisories/2016/27.bal142016.dat,15980,b2675617468aabd1bc1039243db3db3f22de8a304f74a6a1aa30ef176c3acc80
input/sample_advisories/2016/28.092016.index-at.xml,3769,2a1dc06830057b7d1a41d39b1cbe648102eff6d2b04531ed0d8e73b5b6591482
input/sample_advisories/2016/28.142016.index-at.xml,4935,2180bb6320fe6c6b3235c089937caaeefb7d35e8c8a8b894fd63058b6dc3d39b
input/sample_advisories/2016/28.al142016.fst,12528,b0e48137cefcceec483d55a71b304c0bf0d4d86422445987fedb82ddbc4c0a6a
input/sample_advisories/2016/28.bal092016.dat,7164,565973bf31f9dddcb12c4a58e9eb694ade9522aa4a6251aa4ab8e174ae1750bf
input/sample_advisories/2016/28.bal142016.dat,16628,3b839a12cf639414f3d15908ef89635f174954ce649ba325064e3c72939c8bba
input/sample_advisories/2016/29.092016.index-at.xml,3733,e9f10dd03a2c347325b23f9a752c77ba2077bf45ab8601393904a4484d6c4aa9
input/sample_advisories/2016/29.142016.index-at.xml,4582,fba76e7dd5379640eccfee261482e931d4aa1ed3db44c35add71d32d07bb1bc0
input/sample_advisories/2016/29.al142016.dat,12528,d071a33d80fe9d48957d4207e64992ec703ae6a9da1e2263ab57a40a0878935f
input/sample_advisories/2016/29.al142016.fst,11880,dd4f165d7491046b3d6230753058dac61b6155f1dcbaf7105dfa572879428f55
input/sample_advisories/2016/29.bal092016.dat,7164,565973bf31f9dddcb12c4a58e9eb694ade9522aa4a6251aa4ab8e174ae1750bf
input/sample_advisories/2016/29.bal142016.dat,17276,2e2f63428f3d4e0c115e9b49a928d45fd321f7dbbfa138f39be3d0bbd93d3a29
input/sample_advisories/2016/30.092016.index-at.xml,3819,999b9c605f4bcbd1d85baa49f733aa348e903a6bb656ee6dcd1b61e44cf098ef
input/sample_advisories/2016/30.142016.index-at.xml,4697,619e4cff57eab79fb6747467c24be241fab52efe2ec7b798a90831ea74adc15e
input/sample_advisories/2016/30.al142016.dat,11880,e97a694908d6cdfa92727223ce7a5da9f110a419906f9afc0a5687ac8f4612e7
input/sample_advisories/2016/30.al142016.fst,11232,bd1cb9a857e55c943d0051548c04d570d716702fa1351b46207840924f85dbba
input/sample_advisories/2016/30.bal092016.dat,7164,565973bf31f9dddcb12c4a58e9eb694ade9522aa4a6251aa4ab8e174ae1750bf
input/sample_advisories/2016/30.bal142016.dat,17924,e119219f578f31e49e46371e65ea419d8401b1e90d0038f2ed046c0c51256be8
input/sample_advisories/2016/31.092016.index-at.xml,3583,8850aca404b372e12b17134dfbf2472f8bbaba36721ff62fe9d7fe13f6280907
input/sample_advisories/2016/31.142016.index-at.xml,5037,ceee1af14eed4579290d7e2256426d4024a4650df495bd81da096fff3377c074
input/sample_advisories/2016/31.al142016.dat,11232,f0187cd3acfc851c9e308bb6c8a210281058b4e4690e6badf6e91a1a62b17c10
input/sample_advisories/2016/31.al142016.fst,10584,9f32954da6fa31bbc382c88b63bace2b0a0e8f3728897c6e6c8d344765cf02ef
input/sample_advisories/2016/31.bal092016.dat,7164,565973bf31f9dddcb12c4a58e9eb694ade9522aa4a6251aa4ab8e174ae1750bf
input/sample_advisories/2016/31.bal142016.dat,18572,d4a32b6088ca152d48c6440a75c08ff796cb0dcce0bf268b77c509c2c722a5dd
input/sample_advisories/2016/32.092016.index-at.xml,3445,69246b399a73f3466b21d1355c9f3a802a36ffefc2e876981fa08717b07e8b51
input/sample_advisories/2016/32.142016.index-at.xml,5210,32996a844a0b290bce3de367875535f5e33d5ab18567b63432740c8b3292054a
input/sample_advisories/2016/32.al142016.dat,10584,13c9a431698115919164aa4c2b692bf28cd8950a1951d080c434e921e34f64b3
input/sample_advisories/2016/32.al142016.fst,9936,84d65ae2afed3718de1eeae85b4cfc098244fb93ee55fcb2b95a763cdf325880
input/sample_advisories/2016/32.bal092016.dat,7164,565973bf31f9dddcb12c4a58e9eb694ade9522aa4a6251aa4ab8e174ae1750bf
input/sample_advisories/2016/32.bal142016.dat,19220,ec97abefdb422bf9b9708d9f73eb5ed663c1a369ea888b105b347bcc30f85128
input/sample_advisories/2016/33.092016.index-at.xml,3427,36251502c5c3c8241e8fa99eab5501a20b94bbcc745f79cddb823278a624c1a9
input/sample_advisories/2016/33.142016.index-at.xml,5004,47000f557d054886a99b1151d3f46725e26da097842b3cf3042d26f178db7425
input/sample_advisories/2016/33.al142016.dat,9936,480fa8cf29e21fec7716cd663f9de6ff92db2783a8ee7a37cf37eaa878e2b803
input/sample_advisories/2016/33.al142016.fst,9288,67cb840df623dccb2cad21e964e4ea8cfcd462c9f089d42fa113414049d90d8e
input/sample_advisories/2016/33.bal092016.dat,7164,565973bf31f9dddcb12c4a58e9eb694ade9522aa4a6251aa4ab8e174ae1750bf
input/sample_advisories/2016/33.bal142016.dat,19868,5dd383506985d74abbbad3a407846e716a08f85a09889f3f083a7771e6e1d35d
input/sample_advisories/2016/34.092016.index-at.xml,3314,8e2c40606c95e53647b1f7f8c0a5150e0395e04f708a87ab4f765c6dbe1c9167
input/sample_advisories/2016/34.142016.index-at.xml,4440,1622a88d79547b835b644fec6f22e4e443e0486789f51b65cfed7b72fcc0e048
input/sample_advisories/2016/34.al142016.dat,9288,2cebf34a2ecabab3b886ecb1eb12c7e95a4064c6d5f381a5c77abe369e5b1064
input/sample_advisories/2016/34.al142016.fst,8640,513333d3aec7c3c749a7578b492e8d549df65ed2a10eb56a9be3c7271750b48e
input/sample_advisories/2016/34.bal092016.dat,7164,565973bf31f9dddcb12c4a58e9eb694ade9522aa4a6251aa4ab8e174ae1750bf
input/sample_advisories/2016/34.bal142016.dat,20516,c2af0e12eccd1e3b2d7c2e776321e42c312faf7bd1842d9fdbb098c5ac2a046e
input/sample_advisories/2016/35.092016.index-at.xml,3066,431d1c2f442b290fda01431c882eba7ef22fa8c2f92d0de2dd9722f6d739a1a5
input/sample_advisories/2016/35.142016.index-at.xml,4853,e04fccd98051baa98fc3b734a17bd268ae63797f50789fbc58fc4cd43b3709f6
input/sample_advisories/2016/35.al142016.dat,8640,1896b8ef376ce39cc5390981905b906467695cfed3d040ce557cb9687ecd5ac9
input/sample_advisories/2016/35.al142016.fst,7992,5c58a9ed68658a2d056e0771af8680abd535bc2c70290095f6b1e174cdc30d3b
input/sample_advisories/2016/35.bal092016.dat,7164,565973bf31f9dddcb12c4a58e9eb694ade9522aa4a6251aa4ab8e174ae1750bf
input/sample_advisories/2016/35.bal142016.dat,21164,1c847fbf3169c1f46d24aee2b9f114994f8de5f3b4e5b77b15e3122a54de6776
input/sample_advisories/2016/36.092016.index-at.xml,3020,32b5a6e43917a268227058d26edd6f80364497efe586fe2801a411983ca7736a
input/sample_advisories/2016/36.142016.index-at.xml,4523,48f82a18f24fbdc6a69c98bafb935684bff2a60479752cb0b4de46f1d30b76cf
input/sample_advisories/2016/36.al142016.dat,7992,0afc3a514a1dcbb419f115f82030f37e87d4109a682f1a6bd532d0a934fb27f4
input/sample_advisories/2016/36.al142016.fst,7344,1e874402d1a1c71058c3e417007d6008758ee34c552f2958eff62ba718499f71
input/sample_advisories/2016/36.bal092016.dat,7164,565973bf31f9dddcb12c4a58e9eb694ade9522aa4a6251aa4ab8e174ae1750bf
input/sample_advisories/2016/36.bal142016.dat,21812,345160d1a4728ddc266ec849ae356626bc5ae321049559cc60e97d360e69d3b6
input/sample_advisories/2016/37.092016.index-at.xml,3089,a06e7b49ba6d49149fd04480535113056b8438a8adeafd55304035a172c29c50
input/sample_advisories/2016/37.142016.index-at.xml,4818,944cf1035c6e687a1936c4d3182c56890659d211a98defdc9d861423167da169
input/sample_advisories/2016/37.al142016.fst,6696,10594f4c33f6ce6e9985b7e17cbc3180fe87a2a48995f5d9135720376cc30222
input/sample_advisories/2016/37.bal092016.dat,7164,565973bf31f9dddcb12c4a58e9eb694ade9522aa4a6251aa4ab8e174ae1750bf
input/sample_advisories/2016/37.bal142016.dat,22460,36bd15682d9f9e1a7c98af080d5b722b643798db6b855d4eb3cfbe8f76e5fa01
input/sample_advisories/2016/38.092016.index-at.xml,3064,c8b85de4435391e626359b85b263f0c01dca4dda89398d7748d0b1bf8b23b331
input/sample_advisories/2016/38.142016.index-at.xml,4362,0ab8268beb85a6c5bdc2d8133edebf3172f84a400ddea56e50783a0e7adce253
input/sample_advisories/2016/38.al142016.fst,6048,09bb666d9d66204751d16c4fa9e8468259e8198a4471933f6c335d40244ca364
input/sample_advisories/2016/38.bal092016.dat,7164,565973bf31f9dddcb12c4a58e9eb694ade9522aa4a6251aa4ab8e174ae1750bf
input/sample_advisories/2016/38.bal142016.dat,23108,0536523ffac8b89e48c16fe797e42a24886b12bc67e0eff8c4f318ebb6e3b47c
input/sample_advisories/2016/39.142016.index-at.xml,3931,1ca06af1318c4b5c46df43e361929c631b5be7d4c95e25ccb2fb17f3b5fe1d4f
input/sample_advisories/2016/39.al142016.fst,5400,b3ca2ad47b4a9cf7bfc471d08b3501419a08f8f977152ff279879a4d28eb1435
input/sample_advisories/2016/39.bal142016.dat,23756,cc9008ec5f3acb5231245d25e6f4a955863d34dc4423c9d2dc11e585436bd158
input/sample_advisories/2016/40.142016.index-at.xml,3745,f250c7c5299ad7b4bc6c00034497e755a81d4e6515cb6a5d74a9727b6815e309
input/sample_advisories/2016/40.al142016.fst,4752,405d4046e0ad286161785caaffcdb435f6597059d6ace026807022a0330da55a
input/sample_advisories/2016/40.bal142016.dat,24404,9ff2cac102a41b75759f73fd78e26e33b30d014481d518d97ba9259d0f93c447
input/sample_advisories/2016/41.142016.index-at.xml,3692,d4f725bf1be1cf1bfcf57e456aa61be506298cde5cd5667c862ef2264a8c4cea
input/sample_advisories/2016/41.al142016.fst,4104,37f0dd0cd93aedf060aa6e4836dffea2bbbc164dac0c1f3f6877235e2d5dc8e0
input/sample_advisories/2016/41.bal142016.dat,25052,ac77480810975a508d74d4dfca3e69692cebc1312fa7513adfe136a2cf6dd3b8
input/sample_advisories/2016/42.142016.index-at.xml,3183,6a1c903f0a92c7d12ad1fab924cdf4d68c4c06a08870927f26759f65640a68e0
input/sample_advisories/2016/42.al142016.fst,3456,081462a267ab712af575edc7d8da1076934a4dc09eeac1d2bd5ffb2083678c58
input/sample_advisories/2016/42.bal142016.dat,25700,52042f0a9202daa73a0e8963ad8191e4eeff5dcfad089b6aebc615464dbe3f7e
input/sample_advisories/2016/43.142016.index-at.xml,3234,b7fbc65308f0f32b455ccaa4e026b587c8e62288264aad01273999f18df8a5a1
input/sample_advisories/2016/43.al142016.fst,2808,a0fae2f57f26ab2efd047568a0758e442b41a7b598f04446b9112f73905a33cc
input/sample_advisories/2016/43.bal142016.dat,26348,a543de8a6fa66eb2da78507ba4e31de4dfd666cc3d23f284ddd90b95c91ebe1b
input/sample_advisories/2016/44.142016.index-at.xml,3624,70892eb3a2eb2fcd1fe9b5e4056419af4a48face23df668674f2acd26aa87577
input/sample_advisories/2016/44.al142016.fst,2160,33a93de66bdce10a2edb2886b4d62f55bfd0ac33bb2d75bf928b7f4c59a59757
input/sample_advisories/2016/44.bal142016.dat,26996,ae36ae34665b9aa63d28243c348b3e0c40cdc56cde05b8503aba89e5e6921189
input/sample_advisories/2016/45.142016.index-at.xml,3458,cf8d8af98986427296b0a33df3bb8d565aa0da5c18ec1ec87c8d078bd84d0376
input/sample_advisories/2016/45.al142016.fst,1512,637c0c71d58e3c47cad8cada7efe5529f31a803cf555d18e499280f34208cc34
input/sample_advisories/2016/45.bal142016.dat,27644,56187334fae02ddd95dd15ab0411261f1e359b3b0b40f8727b73a3f4255b271b
input/sample_advisories/2016/46.142016.index-at.xml,2963,1be6be02912fe087341732aefe635fddcf26ace1221b36b0d01a32167d120649
input/sample_advisories/2016/46.al142016.fst,864,ae4d9267fc86826e3b49796aa242ae440ff2b44f8fdd630328a7ea21657357c0
input/sample_advisories/2016/46.bal142016.dat,27644,56187334fae02ddd95dd15ab0411261f1e359b3b0b40f8727b73a3f4255b271b
input/sample_advisories/2016/47.142016.index-at.xml,2844,0b6e0aae0442bb97cc12f1765b023a86c4548ce2fd06cc16e7738ecc834258af
input/sample_advisories/2016/47.al142016.fst,432,4f497795c22a61da079b73ed94cf267d59ba28cb94df15f66ba3e404c295d6d4
input/sample_advisories/2016/47.bal142016.dat,27644,56187334fae02ddd95dd15ab0411261f1e359b3b0b40f8727b73a3f4255b271b
input/sample_advisories/2016/bal092016.dat,22319,0ad9db47d30e985155abf60b874ac127c7a72e3509f6717daf81d448990a68fc
input/sample_advisories/2017/00.bal021919.dat,5900,585067d5ec07b99f93e9af6fcb722c3b8611a9e453560448ceb36a8598b4358c
input/sample_advisories/2017/00.bal032017.dat,5687,a3fb5386cb44002cd416e210e9f7cc9295a423205a5c1afbda65e9305625f267
input/sample_advisories/2017/00.bal092017.dat,19476,e95732eb36ea14413df122ca8416f4a5127ed376f8b328e6e58e8e3439303fea
input/sample_advisories/2017/00.bal112017.dat,33621,0932b2493f39645fc388888e6b84263ab662907f57f253fd7fa54014f5e9cb30
input/sample_advisories/2017/00.bal162017.dat,7857,7c105d2b793584b0d1b4a45085d4c2efd8b8f17c1bd29609fa4ff688f7378b94
input/sample_advisories/2017/00.bal992017.dat,11328,8e804f56ffae30ec01d118452eaf9507e8f65b5b1f2ea79a7dd08078cc0f322d
input/sample_advisories/2017/01.032017.index-at.xml,3819,742b9a98b4650a9d2d079562dd97ee028520660ebde9ea069c0a2592b81bfeb2
input/sample_advisories/2017/01.092017.index-at.xml,3795,0f3fdaebe05fd6303cd7f9932f1d91c7b2db1bff48b447278a333fb4a6972972
input/sample_advisories/2017/01.162017.index-at.xml,3723,a7a7a5b34019d8d5674d5e12a4b0ef517feaa4bac8b6596423b49a54c645fec5
input/sample_advisories/2017/01.bal032017.dat,0,e3b0c44298fc1c149afbf4c8996fb92427ae41e4649b934ca495991b7852b855
input/sample_advisories/2017/01.bal092017.dat,0,e3b0c44298fc1c149afbf4c8996fb92427ae41e4649b934ca495991b7852b855
input/sample_advisories/2017/01.bal162017.dat,234,e952bf9ffdf39a2bbdf894db9914e2e0509769e31a2ced530f26ecbfd4c1fa64
input/sample_advisories/2017/02.032017.index-at.xml,3686,63c951c55ea5fa44286ca928d05cd6225e8124e91a2709ae95607f2527df7558
input/sample_advisories/2017/02.092017.index-at.xml,3521,2faa2c1610dae31adc0cf486e25719a9c54826fbfa8b18bb496e9441ef0dde07
input/sample_advisories/2017/02.162017.index-at.xml,3592,e67b4a44303c5cb727cda20bd9b7a677acb928ac863d5903905420af1d066af2
input/sample_advisories/2017/02.bal032017.dat,0,e3b0c44298fc1c149afbf4c8996fb92427ae41e4649b934ca495991b7852b855
input/sample_advisories/2017/02.bal092017.dat,216,cb2045f8132f136dec7a52a943c0d752c1d13f278a00d73949bd095594a22eba
input/sample_advisories/2017/02.bal162017.dat,399,1f1cf58e66a96962ab9dd660438b0a108be9fc7811fdebc27bf3148b6ee7cdb8
input/sample_advisories/2017/03.032017.index-at.xml,3735,99ec0af9f6b368919481382a342fa3400e2b59128c85e11058fab411095014d5
input/sample_advisories/2017/03.092017.index-at.xml,3562,0d810d10c8f64fb486076fdded507f4f39c9baccab3230ab798910d6a1551034
input/sample_advisories/2017/03.162017.index-at.xml,3897,f1e1f892b2d4272c57f3898482f96569cc438ec12edc4df548a4445078a7632a
input/sample_advisories/2017/03.al992017.fst,4032,2361b10bb0b7344943c5e4bebbcc2f5dfff925063a6359ffcf8f7faa3a14ba34
input/sample_advisories/2017/03.bal032017.dat,0,e3b0c44298fc1c149afbf4c8996fb92427ae41e4649b934ca495991b7852b855
input/sample_advisories/2017/03.bal092017.dat,432,1898d19ca62c367410e2279bb111931ff9147b5af1ed985ac719e48b3160f21c
input/sample_advisories/2017/03.bal162017.dat,564,bd4eef627280afb0836815ffcdaa62b4306c99891bb6230a8c2bbc819657043e
input/sample_advisories/2017/03.bal992017.dat,384,cd29126ec2d40cc596eceef1d30f61bf870a153d4173db2428c4622d47cce9dd
input/sample_advisories/2017/04.032017.index-at.xml,3827,a64be9d0b3781f98e2083c60ac78863c751b3f842fa0169e1b40ee3c76f6a4f3
input/sample_advisories/2017/04.092017.index-at.xml,3278,c596c29a8beda2b2e48007ae87e0284c9ca2875f134720bd04cd7ce0b556c4ee
input/sample_advisories/2017/04.162017.index-at.xml,3874,ccf85b2a7a89b03d00cef3188a79997cec609d55b1c74dfb99fdecf7c75db307
input/sample_advisories/2017/04.bal032017.dat,0,e3b0c44298fc1c149afbf4c8996fb92427ae41e4649b934ca495991b7852b855
input/sample_advisories/2017/04.bal092017.dat,648,c9418402df0934308ba4b97563cf001ec98a1c6d45cdf7c95180e5ef2e2c1d97
input/sample_advisories/2017/04.bal162017.dat,729,be6b3e1666fe6b2c9a99ea6167bcda3498d288856650af0545172639289f38c0
input/sample_advisories/2017/05.032017.index-at.xml,3393,2472a710c62d5250051e05c0d4b79c14ee2fe8578b1ef1f01c02cb0c055d0635
input/sample_advisories/2017/05.092017.index-at.xml,3391,41293bab0318566606d5232f2da9b86ca6446392007e2de8e7d2f1de07f78d33
input/sample_advisories/2017/05.162017.index-at.xml,4077,6f747a16b4b7bf38a608058708a2c1009810776edffca61e848d70d06bfb2eca
input/sample_advisories/2017/05.al992017.fst,4032,3e69bc8d6780dad1f63a5e03667601d5bf63ab65abcfbfbdc9ab190541a22a3a
input/sample_advisories/2017/05.bal032017.dat,216,3cc7bf252df6e0739d4c163357c3e4525d07a0e106933e0926bed9ccc3281392
input/sample_advisories/2017/05.bal092017.dat,864,b49005e70ff452849c267a1320e408f03e710139ef52705ac53ffa7dbc0f98c3
input/sample_advisories/2017/05.bal162017.dat,894,9af071fdeafca46f100d7e25ad16dc649a5c8d0cd9718dcdef33336012bc97b3
input/sample_advisories/2017/05.bal992017.dat,768,0c489cc3795155e5343ab21e0ace412ebe901d4782a8b88fec9c5efda80e101e
input/sample_advisories/2017/06.032017.index-at.xml,3561,cb5c8f05f57ad6edab1cc2f49f131c3047bb7066c214769b6e7edb9ba7f0f36f
input/sample_advisories/2017/06.092017.index-at.xml,3187,76e68375658de911024596f67af5a97be46ccaf043c2a05245b443ba7bae4adb
input/sample_advisories/2017/06.162017.index-at.xml,3895,fef9e7d86708e19119b5c2cd8382f90c474cb96202aad3a32aa7703d3744e99f
input/sample_advisories/2017/06.bal032017.dat,648,f1f6951c7ca65c4d6742e943ffb014abd4bd9f9b0fadd1e447d40a1cb5e7b8fa
input/sample_advisories/2017/06.bal092017.dat,1080,a6ac92b6d2b534cbfac75b6dc1db828e29340d73d104b3cf661e16e89af60f47
input/sample_advisories/2017/06.bal162017.dat,1059,a77e3533fdc83ab7c313613aabc9db2c591be3f9c36e287b872f258abd191188
input/sample_advisories/2017/07.032017.index-at.xml,3420,8fe69f87bba53e61ed4b0cb06a3dfa543d69b8614a5b9b590efb8d729952d6f1
input/sample_advisories/2017/07.092017.index-at.xml,3203,1b3f9fbdc7f14e431a490c4090b1a9540a30af99c864c19f7ee32637c79f4220
input/sample_advisories/2017/07.162017.index-at.xml,5355,56d8e9877c21c7a8ac26e6a4148c9433dca47425289a8c43393a110728732e13
input/sample_advisories/2017/07.bal032017.dat,1080,be20b932c5fedcee249a9c2492f01fa3b53dd239577363446d6ae020bb8001a3
input/sample_advisories/2017/07.bal092017.dat,1296,2d688b6288107838b41adf7c8680864d30c2c27046541b6e2972a20e4c8551cb
input/sample_advisories/2017/07.bal162017.dat,1224,38e7942b73f47d26b9266e77e155f41be5bd18a150cdcc71b2945f5eaaa636c1
input/sample_advisories/2017/08.032017.index-at.xml,3458,679ac4c794565b36e485e5ba19c0ea7b9ba7abb9462c4f8e4ccd47c31549ae67
input/sample_advisories/2017/08.092017.index-at.xml,3237,3b935aaf76995fe6b470513b999a3227618d3191988a50576386d7a9249fb133
input/sample_advisories/2017/08.162017.index-at.xml,4658,fef2a8139437a0b3e22439b1a7a8c361070692a4797a442896e1245a7610a1f1
input/sample_advisories/2017/08.bal032017.dat,1296,cc684a4943b4e59fedb083196ea72e9c7a7f9129b7b36b56827c321de30d2ff0
input/sample_advisories/2017/08.bal092017.dat,1512,cc3f9ab77129164c8b28d51f6d42683da93c63b7ee03416d7d9549a56b4078a3
input/sample_advisories/2017/08.bal162017.dat,1389,1d0824f3030bdbd9a2d8d6d876d43b4a79e96ebba513fe51e7032947e02f7224
input/sample_advisories/2017/09.032017.index-at.xml,3300,80ac93de5f48980f3a2bb45bdc0398db5157beb6a5ce966164581a82802340e9
input/sample_advisories/2017/09.092017.index-at.xml,3289,65e0dfbb170992ab81863d4f1600183587db5766839cf68d333eb532a5de97e3
input/sample_advisories/2017/09.162017.index-at.xml,6330,12440f5c4093c574a90826fc9a8f4a48724cf0efcd73f64c23404c693d89ec91
input/sample_advisories/2017/09.bal032017.dat,1512,0100b05da96e0c0435efaa0bc5ef1863154be87104d6266692c313a0fa00c72e
input/sample_advisories/2017/09.bal092017.dat,1728,1fc8dd383ba9e97094eae6c1e2017b879edbca22bbeda9196bce0556bd4a02b5
input/sample_advisories/2017/09.bal162017.dat,1587,e620c4ed8d4d77d0c8d108764ecb569608cb61ef4cfc22789d5a119e2204b184
input/sample_advisories/2017/10.032017.index-at.xml,3261,6c8fc3d5d9677fd827943f300747401b3ddf3627db3d91ddff3d79777e191009
input/sample_advisories/2017/10.092017.index-at.xml,3150,37c70a416ec5ac0db57e4c40c1ef0680dd5d43676bab2019f314384d3d8351c2
input/sample_advisories/2017/10.162017.index-at.xml,5688,bad454c11884a10627506aacce3c32dc5aef672b512d0541bf0c30a8b06fe4e9
input/sample_advisories/2017/10.al992017.fst,4032,67d1838ca831bc0564f8f17b39647741c9186788b016bfb3f3cee6c76b0526d4
input/sample_advisories/2017/10.bal032017.dat,1728,f84a9df3ff99c85a2c6254e4f4d82faf6199b8d68e563c2fb6f002848509c6cd
input/sample_advisories/2017/10.bal092017.dat,1944,2b3eecb5f2d52b1141bca1f983cb10e0f7655d631a1ab6336686ffef6a0e5479
input/sample_advisories/2017/10.bal162017.dat,1785,e11331191309d0b81dc5426d188905468e42d7a6fd06da9a01d20730613a4657
input/sample_advisories/2017/10.bal992017.dat,1728,b0d6206552dec8c21e72a4ee7b77f1b571ff7265d30d9b59e24dbc889a9458ef
input/sample_advisories/2017/11.032017.index-at.xml,2957,68de1365aaa7b4b9333b425ddc79af0c6fc62d0ea765ffd3f249dc18acfbc566
input/sample_advisories/2017/11.092017.index-at.xml,2633,0a82bd8d20d51c8abdac510b2b7a3774ed3b30885689304d7286c461ba21447a
input/sample_advisories/2017/11.162017.index-at.xml,5531,8d98532939ce6a79b77946f5afe3479354a6ffee82194f42b3a10d8e05982070
input/sample_advisories/2017/11.bal032017.dat,1944,fbdbea428168ce0064b4ca8dd2c576a3efad7e1d802cdf72344db56e6b25523e
input/sample_advisories/2017/11.bal092017.dat,1944,2b3eecb5f2d52b1141bca1f983cb10e0f7655d631a1ab6336686ffef6a0e5479
input/sample_advisories/2017/11.bal162017.dat,2181,9355e08231ec1fb4b4caa55366921cbd7080cce95739f7a2346c1d7e424a4f8d
input/sample_advisories/2017/12.032017.index-at.xml,2961,9b16a8dbea13eb19f5fa94ac9e88b41901f803cd688eaf971cd38b12c36a5b51
input/sample_advisories/2017/12.092017.index-at.xml,4686,5603016402e95b9ed60ca29ed7343b51cf4044598d3ee137e4e69e626b54dde8
input/sample_advisories/2017/12.162017.index-at.xml,4985,8b677c27c641c6bae9f93885f9dacbd345a609e96d8817f88faea29f12572365
input/sample_advisories/2017/12.al092017.fst,1920,94a8beaa263c188546d17a88cd5b57691bae63f8a97383afa1473e95e3c4aa63
input/sample_advisories/2017/12.bal032017.dat,0,e3b0c44298fc1c149afbf4c8996fb92427ae41e4649b934ca495991b7852b855
input/sample_advisories/2017/12.bal092017.dat,2160,7c3ca70a8dd0a5a975c6f3cd8e2b44876f0fcddee8c1f6a67d3771d5b030442d
input/sample_advisories/2017/12.bal162017.dat,2775,38d4320469cc53ae1074682d7622b0aa2bddf4fd37c3d443b2e4c4b92cb175f7
input/sample_advisories/2017/13.092017.index-at.xml,4204,8de73721511321478f77e9f7a719ff4d7d044113f147f3eedd496aa2b36db819
input/sample_advisories/2017/13.162017.index-at.xml,5492,92522a8c6847c4a7a01d2cbebcca9b13e151cc32706a64896c67ebb427d4348e
input/sample_advisories/2017/13.al092017.fst,2112,70f00dc296c3403cdbffb8b529d5f5062b9c863c239b347347ac80bb4232a85c
input/sample_advisories/2017/13.bal092017.dat,2376,24a6de8dd920e2b6f285c2d3799f6d3b6d9e1577c39ecfc7a1cf7b10a7121f88
input/sample_advisories/2017/13.bal162017.dat,3270,d62f2327071945f675074124ade971303c2a7f61ea710d5b3640575de441de8f
input/sample_advisories/2017/14.092017.index-at.xml,4302,0b29ddd3b88bbbb31af71485a8f3e1fcbcdf859c484cc176634465b695cb3485
input/sample_advisories/2017/14.162017.index-at.xml,5010,46076214ed6c651685a01762a802693d9624c0db7341a7065c7f6b0b905fd848
input/sample_advisories/2017/14.al092017.fst,2112,18f738024ff0007d65ff32f133bfb30989d24301690fe4be92d6b928c663a611
input/sample_advisories/2017/14.bal092017.dat,2592,0ecbfde6de0cae7a338d3d9c84615aa2ccaba16b8bbdd734c6769c63bb2bfe91
input/sample_advisories/2017/14.bal162017.dat,3864,0fb6253e3985639f0e189d370a726fe0c2fb9634985096d354c0321ace61af95
input/sample_advisories/2017/15.092017.index-at.xml,4946,afe791be54a9ab0f219e89fac92c2cecbe532e91aa67bbcf65cc9c6743d06000
input/sample_advisories/2017/15.162017.index-at.xml,4503,d65933b41bdf39da004e16cab47c2be494eb0a71e3e90d4701df2795597b92d8
input/sample_advisories/2017/15.al092017.fst,2496,7afd572dde86efd16094ec62b0dfcdeb0056860cad3e812d334c36bba0ce3a8d
input/sample_advisories/2017/15.al992017.fst,4224,c1c48732bf7b5a48a2c50968f951422fbbcc58b304895814881eae6968faaa25
input/sample_advisories/2017/15.bal092017.dat,2808,e42344b402f37088b595cfdac6c006d5080ded055130512700fef9a607e65cc1
input/sample_advisories/2017/15.bal162017.dat,4458,9bd44edde4ca8cc6d751f226649f5faf831b001ea6e3cdec5153bb583137518a
input/sample_advisories/2017/15.bal992017.dat,2688,e84f93a34c285ea43d2b6c0b5af6d560399e274f665814d0263f1273bc726bcf
input/sample_advisories/2017/16.092017.index-at.xml,5594,4ba262860bae61a61a62069693b3b60928078c94bf39ec0613adef149ea14e98
input/sample_advisories/2017/16.162017.index-at.xml,3711,9803cf8ac85c90c0e280f47a70aadf57e2394067dc34c89b8c78a50cce4ca1bb
input/sample_advisories/2017/16.al092017.fst,3072,aea4c90c116fb76b1e151236d7ede040fef106ca2ab1e5ee429b424535cc96bd
input/sample_advisories/2017/16.bal092017.dat,3240,1ccff2e0b0f1aa4df6304b9aa4464fb50ab8e09ae4f212b4a5032f4c31516da6
input/sample_advisories/2017/16.bal162017.dat,4854,db0952586bd9a2198a7b7ecac8a4723528cb799452da6c16a87909367a575f68
input/sample_advisories/2017/17.092017.index-at.xml,5745,bf49e8cf5e23211f09effff25779a888a654284681ffc4ed858c63807e0386ba
input/sample_advisories/2017/17.162017.index-at.xml,3002,1e2a7f6d13d2603c75d136450e8301121283fcca5b14c60c3791c0b4a0558482
input/sample_advisories/2017/17.bal092017.dat,3888,9425c682d3e775ca599ce584b879fb0f0f8a5263d0e7d6031a4c31263758753b
input/sample_advisories/2017/17.bal162017.dat,5052,2857e146e2cf1546b4b283896fcd7f4b66f373e3104f7c6cc8313408069e0bc4
input/sample_advisories/2017/18.092017.index-at.xml,5656,7746441dbc5c3089eeb34409bc3534342e5690d8c88aa56b75a01fdc2146cfff
input/sample_advisories/2017/18.al092017.fst,3264,365d364eed6acb5824ca2580ce7ca1ed2a8af6a28dcfaada40bb564ba375569c
input/sample_advisories/2017/18.bal092017.dat,3888,9425c682d3e775ca599ce584b879fb0f0f8a5263d0e7d6031a4c31263758753b
input/sample_advisories/2017/19.092017.index-at.xml,5356,7aa621d88df14976fd6c7c1ad1fe5ca25cd11207f15ca2b8204d1533430498b9
input/sample_advisories/2017/19.al092017.fst,3264,893d3f3b754b8d594827436419076162295c746caccbf4cad702c2b54254853c
input/sample_advisories/2017/19.bal092017.dat,4536,9c503a30e8834ed5fc606a2c41cbc5c5fa9c2b034a22e4009b635776b4c5ab32
input/sample_advisories/2017/20.092017.index-at.xml,5267,19659310b6960ad6b3c0fd64ba409812249b77875ba4828d1877ffa603786e05
input/sample_advisories/2017/20.al092017.fst,3264,42d6f3674442fa074d0220557203eb4ad5a316f128aacf20cde39923b36d5194
input/sample_advisories/2017/20.al992017.fst,4224,525428c72ab261c779b5c2209a0ae3df588abd6187f5276c99848d15844925d5
input/sample_advisories/2017/20.bal092017.dat,5184,41f96ee8445dda9764214c30037ece5fe04cb32d1fc61ddae7174f9621b1a970
input/sample_advisories/2017/20.bal992017.dat,3648,17b76e197b3c0230272f7075e6e94191ae3153f98a5fcba4ebcbf6171d5930c6
input/sample_advisories/2017/21.092017.index-at.xml,5103,3d7d0103da286b5230c073b452fe2848b73b32dc14093a86b2839184145d5b9a
input/sample_advisories/2017/21.al092017.fst,3264,f40e1cf8240978f6af98b63d0f1388f0abe05dda7f2816b3c989f0b03d2fad34
input/sample_advisories/2017/21.bal092017.dat,5832,0b4f1035555e6204a952e9d873b165bd35c9668ce994e6abd333dc6cb7ead4ed
input/sample_advisories/2017/22.092017.index-at.xml,4514,d24483c38eff5d34e21946e6d7e3715c46ca0dc744ac586f8100b316067b9b5b
input/sample_advisories/2017/22.al092017.fst,3072,2307d6d0d601b575f345cb344d288481b08d50f14750751d9576c0fff911515c
input/sample_advisories/2017/22.bal092017.dat,6480,5349be63bc5fc579dbfe0616125fcab7acb9a69bb553ae8daa66b72f2fc023e0
input/sample_advisories/2017/23.092017.index-at.xml,4253,e4f66d2767c28012d635c6ef8b3e3d97cebcb7f10b078548d77749edb51ded28
input/sample_advisories/2017/23.al092017.fst,2880,ff748c75c31a4f11821a40529d24ef77e42fdf3cbfe4f9115e873a78991dc729
input/sample_advisories/2017/23.bal092017.dat,7128,78b0da1d25bb178f9419a7d82deb9474d85e736f7e7bc7c9d9bbfca10b128c4c
input/sample_advisories/2017/24.092017.index-at.xml,4448,d5a9c7914cee9333abfd6048b9792a814e2ffb5afff1cad880fb16c442bd89eb
input/sample_advisories/2017/24.al092017.fst,2496,eaa1132f34c5eb974df712641da4eaabc9000636e66e1eff85bd6569ddafe6af
input/sample_advisories/2017/24.bal092017.dat,7776,9b7f8d9557a2dae728b4259bf4685b17a8b602d84b23b7ad6ae13fe8286943db
input/sample_advisories/2017/25.092017.index-at.xml,4018,8a882ad3dd9ca0ff5292d0ed44de5f2c8cf48ae0a1adf57969189d8a5ca6fb3a
input/sample_advisories/2017/25.al092017.fst,1920,6616ab8ab252c27b1ff630e7a9ea50fedf1595031f508f73f7831c4bf20ef9e4
input/sample_advisories/2017/25.al992017.fst,4224,e3029bc49059bd6511fa1eeef5b94826589f88c6a1a25ffe07c513e2407720ae
input/sample_advisories/2017/25.bal092017.dat,8424,01d55a0b2e0fc9123944a88c9b2ee86cf34981802b5a4bd53aff42cff047fc48
input/sample_advisories/2017/25.bal992017.dat,4608,a851e456f550a1bfad58cebb5f30b614558184988676075dbe2792e9a598b3af
input/sample_advisories/2017/26.092017.index-at.xml,3556,5b26507dc32c12e4a6680915a7a46c21b7b4daf5c1e28b165513588d676322cd
input/sample_advisories/2017/26.al092017.fst,1728,13bbd277890a5a2025bfbf38e5090c108843aef8f6ccb8102926c3b23fcd9f1c
input/sample_advisories/2017/26.bal092017.dat,8856,8de0c4ca321b2000e11d4a8c19a655c6e7260996c1a5600177690ffe29e01626
input/sample_advisories/2017/27.092017.index-at.xml,3533,cd6596280d423c87e94b61eed5c03c626ce46836aea99a65828dac2b34d80031
input/sample_advisories/2017/27.al092017.fst,1536,48989c83aec21b5a6dc5a865a5d0f1e2a221850ea3e1f18211e00eee310a1c05
input/sample_advisories/2017/27.bal092017.dat,9288,84d38dfb7c973e72ebfc00e23340a3e9769ea96ab83e9b93c9b41bb3710e0bab
input/sample_advisories/2017/28.092017.index-at.xml,3582,6375db6b7238ab00bfad48a7559aa0f7e360b160bc7b55bed9f607ea1e360699
input/sample_advisories/2017/28.bal092017.dat,9504,c95b4d7641173283975cff574f6e122a72c5e2472429b37cb4da4d811a7b40c0
input/sample_advisories/2017/29.092017.index-at.xml,3551,8a6eca4fd80f12c69d64b292ee0bbebf0c81883047289197267a7b0f1eabcff8
input/sample_advisories/2017/29.al092017.fst,1536,f2aa36589a8fe93a2b147986c099d5e9cbd63707eb816b5b5054f3ba70b29b8b
input/sample_advisories/2017/29.bal092017.dat,9720,01fc120dd30e6d5d454d8cbca58823ef9def226b0ffbcee4637c59b61945eea1
input/sample_advisories/2017/30.092017.index-at.xml,3648,c481ea497244beeaa875a6843dde95f407eb27c90cac468e1c6d8ba9e03a3fcd
input/sample_advisories/2017/30.al992017.fst,4224,20e22cc030f0116544f7f98e52ab6079f0fdb24fd3d41e625e92452bc3d882d2
input/sample_advisories/2017/30.bal092017.dat,9936,418836cc11980834e21a1c3bd34d978a7a3a47adfe715545c4490e8f043759e9
input/sample_advisories/2017/30.bal992017.dat,5568,66fef5b9fef7a7333ab8350c4bfc26245644399bf45f6a1daea7ac6324791d45
input/sample_advisories/2017/31.092017.index-at.xml,3732,152f016e48ff74b3732765328a5f2985bafd7ec00af1ed911d42fe47be52b2ed
input/sample_advisories/2017/31.bal092017.dat,10152,6862c60e9cf71078c1f24c38616acf73b6e316524bdcd95267a07613f7644397
input/sample_advisories/2017/32.092017.index-at.xml,3614,22bd737cbd73402f2eb008dcc04c9350877e1ae76c931128d65bf3007a2f8002
input/sample_advisories/2017/32.bal092017.dat,10368,68750b1b4dbc2a10b3d58b8001454b734728cd65fa85571a125f441755ff8437
input/sample_advisories/2017/33.092017.index-at.xml,3990,016549338a31e4beab03a0de6b2714ca0f871d653ffc8497facfa7fe0eba64bb
input/sample_advisories/2017/33.al092017.fst,1536,371c9683b242cb3c5d7c6f02003e93648e4d02abceb5fb8c2600e8a63e1aca2c
input/sample_advisories/2017/33.bal092017.dat,10584,9208633b1285173186fb764df5986462fda98cbec40156ea524a94ca655d9e52
input/sample_advisories/2017/34.092017.index-at.xml,4186,255aa97d451b25065e2cc14746722322430c5cfa061172450dddaa4722d72458
input/sample_advisories/2017/34.al092017.fst,1536,7fd4bed779696889d307f37546be5d7debcc48acaa8342143e73bd5d3ea5104a
input/sample_advisories/2017/34.bal092017.dat,10800,d12db8307a665d71023998b4db6cadc4a69080f82d18ee3324b1b88a84c1d7ca
input/sample_advisories/2017/35.092017.index-at.xml,4079,1f947165b4e88c34ff65014a998ed219882fe6451965261382280cc4f8c5c38c
input/sample_advisories/2017/35.al092017.fst,1536,6517ff5acaae675d12d9583467df6790b47132e224f516c052a7d817d5114605
input/sample_advisories/2017/35.al992017.fst,4224,04b2b471d43ac60dce84ad229a83c8a4235fa5b8be9a721acc056900f3052eb0
input/sample_advisories/2017/35.bal092017.dat,11016,ceb33e670be9eb98da72580d33d9992611ddc0066af90db53ca30ed087b44735
input/sample_advisories/2017/35.bal992017.dat,6528,1366a8a6496dbeb936d43adac9913331e332fdd0dbebb04c65c5c25af631e7f9
input/sample_advisories/2017/36.092017.index-at.xml,3987,c784e71408515cb83a3926cabed9a3baed4974cee8be5ef207e1285df19d6560
input/sample_advisories/2017/36.al092017.fst,1536,3d510ace9c33471a486ec9863fb40151417ad20dcd7c4293d6dce6ea39797434
input/sample_advisories/2017/36.bal092017.dat,11232,1633eb8d0f3285d8725d0f99f7b7aed1868e52744657eb8d514b7ff1023acbe8
input/sample_advisories/2017/37.092017.index-at.xml,4160,cb763ac496e9bb25f8a87d63ca6244e4c3d3ebca42810aeb0c6e5520fd952153
input/sample_advisories/2017/37.al092017.fst,1536,8d8ce679450c09e7fedb7d5848789919da844cdf34b014b32c5bda26ebdfbb51
input/sample_advisories/2017/37.bal092017.dat,11448,227dc5e82abcee3ab32a63de5dc0e939f166ca76ad7ce4248bb319b854ea36cc
input/sample_advisories/2017/38.092017.index-at.xml,4263,22a45163e83bf9bae6c5c4b3ceec514730dee9fa016f27e7b67e1178de8c876e
input/sample_advisories/2017/38.al092017.fst,1536,023a391ba0ff8a00f6f878e80cf1074f69003b89dc3d0a791438f6b1ff6571da
input/sample_advisories/2017/38.bal092017.dat,11664,46680023480246168f9e2281acad7a3fa3c09a3e9b72b0018bd6cc5c6bf8a76d
input/sample_advisories/2017/39.092017.index-at.xml,4277,c58a66223a6b67a83a3a05e2de13c8ec74a45e8638b427b34eed3e02a6090491
input/sample_advisories/2017/39.al092017.fst,1344,ca3d818ef4809fa1c5f8d894bafd63af5e067c8f50e3782fc8056bf6db7d63a4
input/sample_advisories/2017/39.bal092017.dat,11880,4bfc05980b45d8ce56458d3c01644d0f0f295206dd475e366d7573595ad57751
input/sample_advisories/2017/40.092017.index-at.xml,4138,26d7ede4a725625a1963162ab666334bdd36d1a2c3dcfe926645d1054721410f
input/sample_advisories/2017/40.al092017.fst,1152,3a18f90081d04ad3b569ea0dd04d4edf2c5471957821e595a5d4f335b46f1e1a
input/sample_advisories/2017/40.al992017.fst,3840,6976024d0b8bc9af2578b5aa8de91df9edf8f03ee5b4e52ae2e29a91be9cda0c
input/sample_advisories/2017/40.bal092017.dat,12096,63eaf3f4c4d278390b13369fd8a9e6b779b43f1e0bb4021c530a75ef8ca13930
input/sample_advisories/2017/40.bal992017.dat,7488,d0200e07fcf3dfc9579c8c996920460aa9d0c607dd3edb8d13ddc32812c3d9d6
input/sample_advisories/2017/41.092017.index-at.xml,4113,d2bfb87934586d194c27783e5ab6f56ed5ffbb3a53f5a213ea99f4a33f12afb1
input/sample_advisories/2017/41.al092017.fst,1152,0ec6b74f5a000cc0f5a13b5a91c48562ef30077c35ad4096a8cd39751f5b0d9e
input/sample_advisories/2017/41.bal092008.dat,20655,9fd407f9fea63fba0c242910ea79fffadf68e06f7ce3d5ab3035f8abb50195d9
input/sample_advisories/2017/41.bal092017.dat,12312,e06c3a3fb3f423ce24adca6256007819870787769ecf76776761a0fcb3801a00
input/sample_advisories/2017/42.092017.index-at.xml,3301,3d8184ac9c0f885bd49f549917505c6465487cb0c177fbc9d812b768c6feeab6
input/sample_advisories/2017/42.al092017.fst,1152,55843cb541912180582f3b4d5a19288a047a685e0878f692c2ec00750294cba1
input/sample_advisories/2017/42.bal092017.dat,12528,4ec32394e81589ae0d4555c086f758f968f249c0e033033fb057a1e8f423df8a
input/sample_advisories/2017/43.092017.index-at.xml,3168,a6340f90d70a4e58c7aacffc06d6f4852d758423c2c8cff677e7767772071d5d
input/sample_advisories/2017/43.al092017.fst,960,7fe8789ea83550814d82c0c4194cfe169864f9789345fac24e02d45f2254adb9
input/sample_advisories/2017/43.bal092017.dat,12744,eb03155cb7905210ee2e6a42836b06103a780542e0d1533a7bcfffcae2696c39
input/sample_advisories/2017/45.al992017.fst,2880,0d3f16236dd3a5d289865535cd4b55d7fe977dd5b03963decd11adad1929216d
input/sample_advisories/2017/45.bal992017.dat,8448,5930b67826d889be8bf952349fad22ef7a0f92cb84e52212346cb555debfe814
input/sample_advisories/2017/50.al992017.fst,1920,179f198589a1b50ad49e6ed651d2a7a4524353bf9135e3ecf3a88f2f0578d82c
input/sample_advisories/2017/50.bal992017.dat,9408,6212ab995dfa4e68827446432f25bfd0b070f5f7f475668affb8422958b391db
input/sample_advisories/2017/52.al112017.fst,768,d66ed79eca8c9b98845616e44b061747bbdb4e012c15065c11b4fc81fac67c60
input/sample_advisories/2017/52.bal112017.dat,33621,0932b2493f39645fc388888e6b84263ab662907f57f253fd7fa54014f5e9cb30
input/sample_advisories/2017/55.al992017.fst,960,6923fe1b523726ce99aa8b2c6d5310336ed27ebbb7f1172dac870de00053ec1c
input/sample_advisories/2017/55.bal992017.dat,10368,1849203982b64284ac3632981a942ed925355c370d3a7f199c433a42b23c4230
input/sample_advisories/2017/IRMA/00.bal112017.dat,33621,0932b2493f39645fc388888e6b84263ab662907f57f253fd7fa54014f5e9cb30
input/sample_advisories/2017/IRMA/01.112017.index-at.xml,3156,7bb64df230c70bbbd375a131321f74b2f9a72387b76decd1a4a3870c480f92df
input/sample_advisories/2017/IRMA/02.112017.index-at.xml,3224,999cab3212315804233b4115cad5ec31403890698698bc58e2438da64b864af5
input/sample_advisories/2017/IRMA/03.112017.index-at.xml,3292,047da07f5a3168464711c27ead850778e168b46f904f8190825ebdd2e3552116
input/sample_advisories/2017/IRMA/04.112017.index-at.xml,3292,150686e70de76cbe5572e5771f0b2744711e62a97b5e1aa81589fc28fdef8394
input/sample_advisories/2017/IRMA/05.112017.index-at.xml,3327,ab408c04bb094bbbc4640df502cfac853d1655fcbc03b0af08feab21ec5e1006
input/sample_advisories/2017/IRMA/06.112017.index-at.xml,3327,32c7a5889a1913d2a9ce3ec8e0217071c8081772ee888c9bc4c6208cf5b3449a
input/sample_advisories/2017/IRMA/07.112017.index-at.xml,3327,3fbdf6f0f3108d2bf90e5c70c2c232ee7b01b4ccc436acd9c5824b2779083068
input/sample_advisories/2017/IRMA/08.112017.index-at.xml,3349,492eb0b40025608bea23cc2da367a9a94e12afa06416e05649cf1da2a68a0415
input/sample_advisories/2017/IRMA/09.112017.index-at.xml,3344,98d67de2645919d5b367c21c6786a3ec013f39a9b32240e4209eb6c0130d6fa4
input/sample_advisories/2017/IRMA/10.112017.index-at.xml,3405,7195fd2fec8155bd818e25c2f6148ae033c53c6356dc5ae5b86147d57e88e427
input/sample_advisories/2017/IRMA/11.112017.index-at.xml,3408,471651c48ca4f3bbef05af942182ea06cc095a257396b69f584cdcc3a472d1ba
input/sample_advisories/2017/IRMA/12.112017.index-at.xml,3390,94440c1116c42494c02eada43f85a106cc25a25a3dd086654001d18284cc3f49
input/sample_advisories/2017/IRMA/13.112017.index-at.xml,3425,f7f97216edad2833807ab02c29dac7214732214807f629254d2a111cb5abeffd
input/sample_advisories/2017/IRMA/14.112017.index-at.xml,3398,cc1caae5cc2836b0dc69fc054cb891c44589edd46ba9511ceb3624aee9d25bb5
input/sample_advisories/2017/IRMA/15.112017.index-at.xml,3396,9627a247625dcc83db8e102781e0d61a80229bbfd12f7c93ae5f3dacb0429c9e
input/sample_advisories/2017/IRMA/16.112017.index-at.xml,3398,ce7e217761b9ec35412a70daf40590a9f210d906c2cdb25f2d5836ad29571d97
input/sample_advisories/2017/IRMA/17.112017.index-at.xml,3533,a3cc18a32d7a221ce3dddd60d8438c6ca1864e1aef9d925b3f84f9448f451aa5
input/sample_advisories/2017/IRMA/18.112017.index-at.xml,4170,4be2170cb90987bae69d42eb72a0bbfa854411762992b3000c0abc1ac6e71227
input/sample_advisories/2017/IRMA/19.112017.index-at.xml,3823,286cb76abf359c832ce1727d5c3dde6c6a818efcfb66bfb3b211276c05525658
input/sample_advisories/2017/IRMA/20.112017.index-at.xml,4128,31396dcc6c4a569694afa22be847ad4b88cb98b5579d78c7fc163f862dc3f488
input/sample_advisories/2017/IRMA/21.112017.index-at.xml,5329,b0c022b55625f9f40544de5789171aa4fa3c08d8cbf417ad1024b046f5f1f374
input/sample_advisories/2017/IRMA/22.112017.index-at.xml,4911,f66cc56d20120194ec5e6a158de34f752beaa8b5887614ba38e6d3bf1bda5c4c
input/sample_advisories/2017/IRMA/23.112017.index-at.xml,5097,79c91440a3fb3e180f3774af2994247680c877027a5c1b193aed9cd997acba2b
input/sample_advisories/2017/IRMA/24.112017.index-at.xml,4603,5c261189548366e0d968e59a4ccbeb3aef7d9a9de1f753d414253982c45c78f3
input/sample_advisories/2017/IRMA/25.112017.index-at.xml,4924,ba34e8e11537a9d73c5c5419a6780e4836cfad279ca894cdd023e9c56191dc77
input/sample_advisories/2017/IRMA/26.112017.index-at.xml,5496,0b9ac5acef2f9b44857d71a1a4dde108e7f67dc948b9b01064cfa9984646d44f
input/sample_advisories/2017/IRMA/27.112017.index-at.xml,5261,16b19cbcbcab9affcb3973946fa91ad5109740cca91454008bc7729e7f0411d9
input/sample_advisories/2017/IRMA/28.112017.index-at.xml,5081,96608ab5b2fba0225a539325fb0df41ae52a6ea62d9b61517e8c5deb55071c74
input/sample_advisories/2017/IRMA/29.112017.index-at.xml,5392,63ece709709ee080baf9257808c156fae86cdef520b9e9e70db17cc89acf2ff3
input/sample_advisories/2017/IRMA/30.112017.index-at.xml,5405,54e4f483abfe30dc330f700ec75f32b34caf16d651d479dfd238574178e4a00f
input/sample_advisories/2017/IRMA/31.112017.index-at.xml,5415,08d556078215ece233cd48618e5022c8d47ab51f1693614fe2b4c73c3d14d334
input/sample_advisories/2017/IRMA/32.112017.index-at.xml,4861,ac933f5dab7294a399545142bd304c0c75a188139d4f789fa0463b7c2e56e8a0
input/sample_advisories/2017/IRMA/33.112017.index-at.xml,4984,aefe36e1983b4410e046868a13b9b8aa8e1f4d0fa4dbdaa422e0c30cac304943
input/sample_advisories/2017/IRMA/34.112017.index-at.xml,5773,ccc579675e643916914b9f7148d8966239b24bb98bd2359ce6a9ef253050ddfc
input/sample_advisories/2017/IRMA/35.112017.index-at.xml,5595,fbc56e52b5e7cbf72b2849c60072a2b7cce936134af580f101ae18cee70adf12
input/sample_advisories/2017/IRMA/36.112017.index-at.xml,6875,b5f7334d2259bfe9159f8ed481973c12cc91ee3441affc7913e07e6811ad106c
input/sample_advisories/2017/IRMA/37.112017.index-at.xml,6046,5b173709af3e0e273060306557d7f70d46397b245a8f5fbd48a4cc830542d4f9
input/sample_advisories/2017/IRMA/38.112017.index-at.xml,6266,ac8940517ba2b4bcc76e91bff50e04fc97bf0f779ff2a67c6d16b5268a477c62
input/sample_advisories/2017/IRMA/38.bal112017.dat,25629,a17f4742afe58ee9829c5855898ec29755269a185127fcef14665252c89d6364
input/sample_advisories/2017/IRMA/39.112017.index-at.xml,6397,23887ad480e53927f97d5762a42da56441cde40d89f7cc6cd829ef6ac0e915ae
input/sample_advisories/2017/IRMA/39.bal112017.dat,26277,9079550a4019effb7ccd3ff1d3904909806cb70025cac09e3d367419e2bc2705
input/sample_advisories/2017/IRMA/40.112017.index-at.xml,6888,808f4a388db6de61fffceddc94aac45f4447ac1f146f0e5bfe1c19462bd84484
input/sample_advisories/2017/IRMA/41.112017.index-at.xml,6684,7a80d6c1d28c23a979d2c66f608be9bf55b13d467513e0e7ac93be1267d0afc3
input/sample_advisories/2017/IRMA/42.112017.index-at.xml,7168,710e8afb74bdcebb3745beade314cf34abcb7d463e8a6f10682aae42991db567
input/sample_advisories/2017/IRMA/43.112017.index-at.xml,6257,aba08683c9fe613d0d14c12b62ffb4d732eacc28df0be0bf0a3bf7b522ab4f9a
input/sample_advisories/2017/IRMA/44.112017.index-at.xml,5985,be03c59436edd86a01aab0e67d915f57c22914d69f69cd2fe6022255c2f42df7
input/sample_advisories/2017/IRMA/45.112017.index-at.xml,5631,194df7f8961719b4bfe6ea75f2312b1a0f8efef141b5a39eb379971e9e1e8b46
input/sample_advisories/2017/IRMA/46.112017.index-at.xml,4631,b96bed67d0fbed4a9864ef632458e2f4c88b9fdc5052e1fb6892d100a4d77265
input/sample_advisories/2017/IRMA/47.112017.index-at.xml,4537,ba6556143eb63c88e7f34ef0da6d847210af53819b2f2b273ccd7ed38febe0b8
input/sample_advisories/2017/IRMA/48.112017.index-at.xml,4650,2f10f15bd117efd8d582f05bfd45c3d67a33b3ed4acea62ceb2b25861858a49b
input/sample_advisories/2017/IRMA/49.112017.index-at.xml,4685,906e2272b4f11a19a5ce00e8871f9245d05e01ec2e0c03f957a6291219cf1884
input/sample_advisories/2017/IRMA/50.112017.index-at.xml,4101,8718f27da89481a5e2df2d2ef1eeb5f637bc41db916b96bffe77599745928a29
input/sample_advisories/2017/IRMA/51.112017.index-at.xml,3990,bbbb8e48d0b524c551f4fc26d9802516ea37682b8c1aad44893a5b64ecad6159
input/sample_advisories/2017/IRMA/52.112017.index-at.xml,3018,a2564c04a4cdc2a5730152075a1c801dfc1a78c6fe275152e0243fca2f1fc17e
input/sample_advisories/2017/IRMA/52.bal112017.dat,33621,0932b2493f39645fc388888e6b84263ab662907f57f253fd7fa54014f5e9cb30
input/sample_advisories/2018/00.bal142018.dat,18396,87ebf4902e5d6125a52de50c80ebc0d260f19c6c4bd11e49cf3b847b7dc2255f
input/sample_advisories/2018/01.142018.index-at.xml,3681,78c987997bfad72b385b72759070ed69f47da8198c75496d809ef7b9c1f25175
input/sample_advisories/2018/01.bal142018.dat,0,e3b0c44298fc1c149afbf4c8996fb92427ae41e4649b934ca495991b7852b855
input/sample_advisories/2018/02.142018.index-at.xml,3491,93011a4bcacd044682f8bfed7d7f4dfdbe4355ef8e3660ac0f44c28a47e7550a
input/sample_advisories/2018/02.bal142018.dat,0,e3b0c44298fc1c149afbf4c8996fb92427ae41e4649b934ca495991b7852b855
input/sample_advisories/2018/03.142018.index-at.xml,3637,7f28fad05e0464aeae55445d7e7b6b51b3bcaecd1c282a0215cb4c57ae0ff0f1
input/sample_advisories/2018/03.bal142018.dat,216,da30b10941bbc7185664165d5ec18ad4c8f62debe48415fd4b6c3801e4d5d588
input/sample_advisories/2018/04.142018.index-at.xml,3516,5deef17583d2c1ec0794b5e039ecbb6ee302a5d8704b06ebe176e90becd06870
input/sample_advisories/2018/04.bal142018.dat,432,b688aa9f0092357e8275ada2cd62848f3d822bb112d87a1fbe7e90f8d687a44e
input/sample_advisories/2018/05.142018.index-at.xml,3730,54ef5472d50f2d2d1d6839000bef92ffd8356175c5cbcbb7e655a26989a420c7
input/sample_advisories/2018/05.bal142018.dat,648,bff1a23627e662474b622d0cba86088d6bb51f8324f6d37202b8aec42e35f57d
input/sample_advisories/2018/06.142018.index-at.xml,3924,d9e98ae1bb68c0841962a73b24092da483caea86985a5e0f97174c3d6894075e
input/sample_advisories/2018/06.bal142018.dat,1080,dc8ee39dbbc293aaee3d5cd7a4853100f03050e3cab828383f0b094d578ffc24
input/sample_advisories/2018/07.142018.index-at.xml,5620,7dcfc30166aa9a6abde303e590b751ec7813a2024fec0f44c8c1f8ee10c6a59b
input/sample_advisories/2018/07.bal142018.dat,1512,7368f14c250e3f39541376ac8fe17c586768b4157a9cd5a3efb9d71ec907cf8c
input/sample_advisories/2018/08.142018.index-at.xml,5039,9bcb6ff3464bb3494bbb9a5ef00f6bb5b2ad7ea6db9ad59e74fce3989646e982
input/sample_advisories/2018/08.bal142018.dat,2160,0e936f322896237b10ac9db72527ea5818363bc6877cfc15818e3df93d33022b
input/sample_advisories/2018/09.142018.index-at.xml,6890,ebc58bfee1bdd4ce780486a073955c7188bb3467695249ba2541c6a63b8f0e20
input/sample_advisories/2018/09.bal142018.dat,2808,f550245434d4660fcfb19a4d6cfbbbfa404225ea1db2485a4e80568149ac3bf9
input/sample_advisories/2018/10.142018.index-at.xml,6160,fabbd69da8b404f4608ef37b3e26284748a91c73bc57a5e9ba3cd8841efc2ac3
input/sample_advisories/2018/10.bal142018.dat,3456,9ffb53363fd1c1f1598bbea2f184f046743591b5b0a1de4a950f8969daa1e597
input/sample_advisories/2018/11.142018.index-at.xml,6416,0245d8982a676756d78e967000fec0b068c5445752f97ae9a9382e0b8343c62a
input/sample_advisories/2018/11.bal142018.dat,4104,fcc9a812c05115649b47cc2fb87d62b73e84b960e5723d5086ba06b565e870f9
input/sample_advisories/2018/12.142018.index-at.xml,5760,2a65f8365cf6c3ca0f9dc7002ebc5e94808a2fa0e2ae431efead0a6bba67d71b
input/sample_advisories/2018/12.bal142018.dat,4752,50324f2fb216d1bcadaea1e25c663f6174cf1866e51efee0fb528f66c2f37eb3
input/sample_advisories/2018/13.142018.index-at.xml,5777,3fb1589744829527871dc0853f0fcb53c051fcc8447e08598c0c11b5144769c0
input/sample_advisories/2018/13.bal142018.dat,5400,87dd1191e984e75ebbd0de80b7e877ac75ecb625b563d8589064b94df34357b2
input/sample_advisories/2018/14.142018.index-at.xml,5518,8e26aca01e31d5e7ee02362847d51c5dbdf8b2f6cebe3243cb430b807b241dc5
input/sample_advisories/2018/14.bal142018.dat,6048,eab844723c1e2b55aeee328747bc2025373ed2a6a7a13d13084e948bf1d124c9
input/sample_advisories/2018/15.142018.index-at.xml,5665,8bd25ca6d3da9717de1597002788c06b11494a37c76d39ea01add0c66fc777a9
input/sample_advisories/2018/15.bal142018.dat,6696,6f3c67dd10ffebad148d809433fb725e7ac130595cea5941690ad5ac16a03600
input/sample_advisories/2018/16.142018.index-at.xml,5247,a2973308ec3e7226683ea7677239eaa34a4a87ad8946418e776281727802bf57
input/sample_advisories/2018/16.bal142018.dat,7344,d31aa58bcd15d511ffa98064e12265d130950d586a01462414500d9f809d0734
input/sample_advisories/2018/17.142018.index-at.xml,4728,59a75726aef7e06fd0d7525888209c33b71a82de68276e70de90ea9d2188c6ef
input/sample_advisories/2018/17.bal142018.dat,7992,8b04754844f1fc856bcbe9a262ec1dbc9f2bded0b680b7cb28f2b2b43ba91852
input/sample_advisories/2018/18.142018.index-at.xml,4391,83d075f62020ad4a06c091023af9f0e4a1cd4486b87704b1a7a6a1c309a52673
input/sample_advisories/2018/18.bal142018.dat,8640,c47f9300d7325f3153778af1ba07c9e20201da268562eff765ca4e5cb1a3855f
input/sample_advisories/2018/19.142018.index-at.xml,3944,20550f1d778ed092c9fc0859524803ca81065099e13367703c5462b507193054
input/sample_advisories/2018/19.bal142018.dat,9072,e57e230c5cbdcd1a5019960d5066a415216cdbb633bc462fb1c1a9cc032f144d
input/sample_advisories/2018/20.142018.index-at.xml,3790,d64816033285d8bd0b378be9937898a143c41d85330a90c9243cd23a0598b50e
input/sample_advisories/2018/20.bal142018.dat,9288,44da7abb11e29767304443a7590fafa6a5fc7645ddd5edf12a7b57574e5a67f2
input/sample_advisories/2018/21.142018.index-at.xml,3837,c2cdbf4a2f5c1bdbb3bc397cab7faa771b6629bc40828e88c754d2344575c027
input/sample_advisories/2018/21.bal142018.dat,9504,68dc3e34ffec4a7fa086047f276069589ac324209daacee4c13794ef0c4749b7
input/sample_advisories/2018/22.142018.index-at.xml,3735,c0ba36b1150b356a13f2c6a81342f2fe5314b4633e92b0c667980ba878a5e68e
input/sample_advisories/2018/22.bal142018.dat,9936,c4361a6c8c2d19103f960fbfac57fe5113a6e83da9df404f2bbf293604f98335
input/sample_advisories/2018/23.142018.index-at.xml,3598,4ff7e0c5d9b079693f71ad9fc584e53dccc9de425a21f9bf35d823fb7a390e37
input/sample_advisories/2018/23.bal142018.dat,10368,73b966c80ef2067f8b9393f8763cd9855bb63f5e7173bc44941729323dc636b3
input/sample_advisories/2018/al062018_florence/00.bal062018.dat,36791,6bd8498759dbcb83ba5300f3a4837b80608b651798886ff587f2e71608f73281
input/sample_advisories/2018/al062018_florence/01.062018.index-at.xml,3365,dbb0784b1cfe3da5943b8e200839a03001d3cc223473cd799690ce5d30ab3068
input/sample_advisories/2018/al062018_florence/01.bal062018.dat,0,e3b0c44298fc1c149afbf4c8996fb92427ae41e4649b934ca495991b7852b855
input/sample_advisories/2018/al062018_florence/02.062018.index-at.xml,3272,f7d823a442bf3021da8ac3d89ee23655cb6894edf9ceac020589f5b2b755c6a3
input/sample_advisories/2018/al062018_florence/02.bal062018.dat,0,e3b0c44298fc1c149afbf4c8996fb92427ae41e4649b934ca495991b7852b855
input/sample_advisories/2018/al062018_florence/03.062018.index-at.xml,3271,e122f6141a5615c524965a9bc3baa3b575f2ad4ca3aa06639f347c5ed085452c
input/sample_advisories/2018/al062018_florence/03.bal062018.dat,0,e3b0c44298fc1c149afbf4c8996fb92427ae41e4649b934ca495991b7852b855
input/sample_advisories/2018/al062018_florence/04.062018.index-at.xml,3335,5c8e819311e8bbeba4c1d766c4fd6bd3596a35f58ab3f934d7921eb5d9f30d40
input/sample_advisories/2018/al062018_florence/04.bal062018.dat,0,e3b0c44298fc1c149afbf4c8996fb92427ae41e4649b934ca495991b7852b855
input/sample_advisories/2018/al062018_florence/05.062018.index-at.xml,3342,e753c743917d522b0012e790d96f6948b7346497e6725991c4314d0b26f08178
input/sample_advisories/2018/al062018_florence/05.bal062018.dat,0,e3b0c44298fc1c149afbf4c8996fb92427ae41e4649b934ca495991b7852b855
input/sample_advisories/2018/al062018_florence/06.062018.index-at.xml,3290,4cbebdb102fbc7ab6357f6a57796ceae05b8b92f0d5ca323593c5727cf73ab31
input/sample_advisories/2018/al062018_florence/06.bal062018.dat,216,a22c8b3c986d76b56bf5c4aad7095ec1d62648ce223095079ec63d65f4220914
input/sample_advisories/2018/al062018_florence/07.062018.index-at.xml,3324,1839b35d844d7ea4ec2019ae946f0df82d512562663bc634006ccaa0b6e89b8a
input/sample_advisories/2018/al062018_florence/07.bal062018.dat,432,7e9edc0d19127dc4dd369e24cbc63705b54eeac446dc2e9f9c9e88f875b26271
input/sample_advisories/2018/al062018_florence/08.062018.index-at.xml,3266,6f186470411e33328e44802e1fc794ddece5cd21e6030eb2d6a8c59d25210f73
input/sample_advisories/2018/al062018_florence/08.bal062018.dat,648,e9aa4b6978e7c110497937f1a82a1949d6a67345b339cb1631b9132c767d337b
input/sample_advisories/2018/al062018_florence/09.062018.index-at.xml,3170,8bfc9f29518d9eb958bd573769904287037f2a7ca905e903503289347e44c608
input/sample_advisories/2018/al062018_florence/09.bal062018.dat,864,658912b7083b26963f78e0efd38e9c7f5a17002dd8e416b65aa35801eaf8cf78
input/sample_advisories/2018/al062018_florence/10.062018.index-at.xml,3125,04072221328d94bc3663ba23eda2e3d4574d8714735aca8d2e0d18d32c0ee651
input/sample_advisories/2018/al062018_florence/10.bal062018.dat,1080,8ba0951749a5d7fc30cf4eefa237bb24435fc5896403b2e7eb3b948fea802a68
input/sample_advisories/2018/al062018_florence/11.062018.index-at.xml,3175,a257e66bdf8060638d36510e5bcffe908534c3a0d269279877ac36cb44d025fe
input/sample_advisories/2018/al062018_florence/11.bal062018.dat,1296,d8b522386871dcab29642c84b96a365b47a503f2a779e854f1eff35408b4a06b
input/sample_advisories/2018/al062018_florence/12.062018.index-at.xml,3215,d2363b5bee2b1d39ca4085dc3bd8a739c89af62235f1e56f00a4bbc902982626
input/sample_advisories/2018/al062018_florence/12.bal062018.dat,1728,c5795b3a3a898e222bb9a00e6ab7cfebb6487c828be85fe59be628207bea8be6
input/sample_advisories/2018/al062018_florence/13.062018.index-at.xml,3012,78f8a742c4e394057009c744e4950f3bc763181b9eac2090f21a49ca3c1d28ca
input/sample_advisories/2018/al062018_florence/13.bal062018.dat,2160,8a34e98161b0c4b212ab8ac787de7a761c45129f1fa74efcf4978b3a0619b90e
input/sample_advisories/2018/al062018_florence/14.062018.index-at.xml,3012,13f99732f1cdb55e7321691c13a213e35550eabf25a745dcff311e58da224525
input/sample_advisories/2018/al062018_florence/14.bal062018.dat,2592,de72fc4c6554381b540a9edb287caa24e8891453624fdf97bce22abe0fb00142
input/sample_advisories/2018/al062018_florence/15.062018.index-at.xml,3015,9da98f4702a463a5e56844fad7ec6cc30a3693baecab2eb1ff06c77877a076b6
input/sample_advisories/2018/al062018_florence/15.bal062018.dat,3024,d6a3cbe6638ce8b6cb1909989294c64c983692026a39be3992652d9d924edde6
input/sample_advisories/2018/al062018_florence/16.062018.index-at.xml,3116,e12df00f42ea5babf9e0eae10fe5f74b84fff984fcddbb7fa46b1037808d5be4
input/sample_advisories/2018/al062018_florence/16.bal062018.dat,3456,56e4bd29ba532da5b3f2a2f2f515a856c2ce6040008f29a1ae86b8f563da33f3
input/sample_advisories/2018/al062018_florence/17.062018.index-at.xml,3164,6585b8072fee7ef5cdb3800a720b69e4423c570c7c2ef0b9741c716e412e9327
input/sample_advisories/2018/al062018_florence/17.bal062018.dat,3888,a446211404490bb6a9c49d2bae5902a3d2ce2ff79d5292da802510f4b7dd09d0
input/sample_advisories/2018/al062018_florence/18.062018.index-at.xml,3190,57d8abed486f89bd1bf2db0e776636e912ca63df7618278d5ca8ee4bda622eb1
input/sample_advisories/2018/al062018_florence/18.bal062018.dat,4320,549d32f1ddcdd6f08d7dd8cef05bc1256ba8ccffaad77eaeb56f635c49a31900
input/sample_advisories/2018/al062018_florence/19.062018.index-at.xml,3217,d2e6070081f2be74679ef582c8bf18a9f7dda0f2de42127056742b87483e2cc3
input/sample_advisories/2018/al062018_florence/19.bal062018.dat,4968,4a600ca10f00a956ba3f1d8640ba5b465f644fd3ddf9b0637bd9c50e40c6136f
input/sample_advisories/2018/al062018_florence/20.062018.index-at.xml,3214,83ca98425cc8c299a0bdb6d1b068c8d48935bbe3ddbd1508f2d3a3f214af50f2
input/sample_advisories/2018/al062018_florence/20.bal062018.dat,5616,758e42d9139f82443f4378456213d5f348c287075d8a7c6cfb0e99a46a605ac2
input/sample_advisories/2018/al062018_florence/21.062018.index-at.xml,3299,035f7b0dba14abb5af696784e3e3431d9a2ae3a1e9e603ebfcf742acfd181a5c
input/sample_advisories/2018/al062018_florence/21.bal062018.dat,6264,326f19da67fd5d3149ea0b3b5442339bc092d5fc7380e4608f24658c3ef63ae4
input/sample_advisories/2018/al062018_florence/22.062018.index-at.xml,3332,d754755b7125f1ced94509a2a1afec1e23147c7eb01c1f7c299bc7ee7e6b46ad
input/sample_advisories/2018/al062018_florence/22.bal062018.dat,6912,7d3f847a8c251faff89c3d8509e23b63edd55277bef748a398dbc575fd5cc8f4
input/sample_advisories/2018/al062018_florence/23.062018.index-at.xml,3386,f9f6371a1786683395182706f55c88e52c2a691a8f178d4c6c52135ab27c5a4f
input/sample_advisories/2018/al062018_florence/23.bal062018.dat,7560,497f0d42021c110a00fd0b095a2effdeea8bfe7c75ca4d7304be14b514c8c60f
input/sample_advisories/2018/al062018_florence/24.062018.index-at.xml,3363,b6834bbc453145dc9d46c892073f06acded57e1b2bff0d9b21da49b454e186ee
input/sample_advisories/2018/al062018_florence/24.bal062018.dat,8208,000f5a98fdba396d4487c98b370f9856b1cee277c6763342de7ddfd51bd7f2d7
input/sample_advisories/2018/al062018_florence/25.062018.index-at.xml,3369,a2902ef98751a026aa62950df68e770b314e9490075e1d6a9d4444ea4fc7f5bf
input/sample_advisories/2018/al062018_florence/25.bal062018.dat,8856,88b8b5bf3506fdc2401d7edbabe3db90eac4fc833218f28acf3b8120a68e9f37
input/sample_advisories/2018/al062018_florence/26.062018.index-at.xml,3380,2951db388a7a8688f06f947e14e17328321c2216bbd39c1451d2e8b0357d32c9
input/sample_advisories/2018/al062018_florence/26.bal062018.dat,9504,331403a24f5f652b9f04408026154677bab0ef392966d36d23a9f496604b5088
input/sample_advisories/2018/al062018_florence/27.062018.index-at.xml,3364,aabc1a055115cbc5af8e231aee11a8df86688571b6fb39219376dc9dbd955724
input/sample_advisories/2018/al062018_florence/27.bal062018.dat,10152,442936eba0d6b742018a783434f6a4221cf12fd3628e07f05c903e5b692b02c0
input/sample_advisories/2018/al062018_florence/28.062018.index-at.xml,3367,69c4098086d7309db188f88b1d88a862ecfc1d8435f9adf91e6c18a7aa2ae7e5
input/sample_advisories/2018/al062018_florence/28.bal062018.dat,10800,9656aad95ca2483550887bb1c38015f8f6f54cddb033955dd60df30d3bdb3cf8
input/sample_advisories/2018/al062018_florence/29.062018.index-at.xml,3360,1fe3d06f70d8d555a81190e26210bd96cbd09562a38676c4e076ce895ab6f3fa
input/sample_advisories/2018/al062018_florence/29.bal062018.dat,11448,361b286af1185c1b60976b912cb7d4ee8497031982e41647a91beb9f01f51968
input/sample_advisories/2018/al062018_florence/30.062018.index-at.xml,3316,8fdf74bac2443bb9832378ccbfa736e5341dcad5187801ef1ee3fa99a448f4cd
input/sample_advisories/2018/al062018_florence/30.bal062018.dat,12096,d9c28f8b71035a62c1a8842274c51485da1a98cc6ea8a585bc8285f6ad60adcd
input/sample_advisories/2018/al062018_florence/31.062018.index-at.xml,3278,cd1dd9416993d39a2526bb8b4c51ef7e6ce6b9a6fa18a9ebc2fc57b83e497444
input/sample_advisories/2018/al062018_florence/31.bal062018.dat,12528,00dc4b1abaafbf8a4714d2d59cb4231e5eea5812ab79112c47513bf517b7af55
input/sample_advisories/2018/al062018_florence/32.062018.index-at.xml,3221,c6cafd5963523159e25715d0258f81a6c4d6bbede5e7095c54840c7d7dc06bb7
input/sample_advisories/2018/al062018_florence/32.bal062018.dat,12960,0ecabcca2e8ab8da877042b7b328788581ba41c658dc35ba635e13126ffc11ce
input/sample_advisories/2018/al062018_florence/33.062018.index-at.xml,3234,7ee983f7fbb0be21d1339fc79e588d7a4e1605e3f844d5ff97e7df25e7bb2cc4
input/sample_advisories/2018/al062018_florence/33.bal062018.dat,13392,8be78a15736a50e85777495949260732cfbe827d1793f3a13b0d773d0a194e29
input/sample_advisories/2018/al062018_florence/34.062018.index-at.xml,3234,b919bdcb0bee43e908b9eaf2c15b3248bb5c6c8781a4f8059f4104b50ccc8d38
input/sample_advisories/2018/al062018_florence/34.bal062018.dat,13824,b7e4abe79dd4cbf522d1f81e6fca43ee22369478b6be937dbb7ba8ed4ce1eeb6
input/sample_advisories/2018/al062018_florence/35.062018.index-at.xml,3235,9b019d96ca3941524f2a74affc54efbb32ebcdaf1622887efee0ea5b6f93b016
input/sample_advisories/2018/al062018_florence/35.bal062018.dat,14256,213a02ad2dbf8f3de42edaaac4d61d27187821bd013bc0213f987f5aba39765d
input/sample_advisories/2018/al062018_florence/36.062018.index-at.xml,3286,f1d06f46fa6a30a28b7175da1c8a3bf10c0e31a298208a43f5f0b495806b308b
input/sample_advisories/2018/al062018_florence/36.bal062018.dat,14688,0f281c776b773651a557bf801871fa1d2ffb5f57610787ed91c9448d51b53ad2
input/sample_advisories/2018/al062018_florence/37.062018.index-at.xml,3300,89871e927156f8344e4d393285fca419deda73fabe29962c0f152f48282a9cc7
input/sample_advisories/2018/al062018_florence/37.bal062018.dat,15120,b5e457679a3301d4b1ce35daaa6d6f24473b1a4f5b1615b10d3a7f93627afc72
input/sample_advisories/2018/al062018_florence/38.062018.index-at.xml,3333,ec8839beb1163b15bf6dabe19d3d4ce5736cf06181e37a83cdbba0225d4870d2
input/sample_advisories/2018/al062018_florence/38.bal062018.dat,15552,986ba14eec3bf0b94e66dfc2e9a71906af701ac601ffbf06fcae4aa9541d2dc4
input/sample_advisories/2018/al062018_florence/39.062018.index-at.xml,3334,7a0dc6509d800ce84e2ab0c8da9d3fc35b87935d8e7407811bbacdf18b37b805
input/sample_advisories/2018/al062018_florence/39.bal062018.dat,15984,d69892fa72cbd054c1b52a6b57c5f20f817da23cc37927a9a40be6fe3f741ca8
input/sample_advisories/2018/al062018_florence/40.062018.index-at.xml,3343,e99e21fa0f06a54cb94f71d2589a392eed11a5e7e61f445139cd70e43b0f255f
input/sample_advisories/2018/al062018_florence/40.bal062018.dat,16416,72d51daf56e305288b45b52dd7616258bab9ec9d359a65b5fb2eb8c9a0d7feb4
input/sample_advisories/2018/al062018_florence/41.062018.index-at.xml,3365,e81a74c9e1491aab0bf46eef60798ca2346aa5740f031ae60195d221197238d9
input/sample_advisories/2018/al062018_florence/41.bal062018.dat,17064,a2af86bde7291dca90cdb24eb2c44d2e1efe45b2110626f6b137e1e9713fefa1
input/sample_advisories/2018/al062018_florence/42.062018.index-at.xml,3444,c4173589dd041530b5e077cc79eb6298c20d6efbf3ed6bfcaee4bf6fb09b5d44
input/sample_advisories/2018/al062018_florence/42.bal062018.dat,17712,71d9c73f619757ee9f1134adbf331d823297ba4a823340def5c6a5099581b327
input/sample_advisories/2018/al062018_florence/43.062018.index-at.xml,3464,90d10ddf9e2f9f92a14a2002115a55e15e6ff30ff185106e4b0f878538c87bc6
input/sample_advisories/2018/al062018_florence/43.bal062018.dat,18360,083a005e3f9c6f5c22db11ed4868cdb728ae7cd8a04d6fda159bc87a367aa5b9
input/sample_advisories/2018/al062018_florence/44.062018.index-at.xml,3563,9033fc504ad7166da4b4144228cd659f715c132570c29c9a8c249328c280a09f
input/sample_advisories/2018/al062018_florence/44.bal062018.dat,19008,50fcc61e9a493099ad751db2059f1b2054845cf7e655545841af4fc6090f1f5e
input/sample_advisories/2018/al062018_florence/45.062018.index-at.xml,3571,11b71fe7fd23330f3d0b6de31e3b8a7d87ae32dccc1269ecea814d3642c0f23b
input/sample_advisories/2018/al062018_florence/45.bal062018.dat,19656,2ad4b672a35a87741c5d211ad5749f966642dbf35a322445fc16f854bc2d4c99
input/sample_advisories/2018/al062018_florence/46.062018.index-at.xml,3599,3b97d87829900b3a1a24ac210401b9fd1593e81671071279f924eeac1c016722
input/sample_advisories/2018/al062018_florence/46.bal062018.dat,20304,1d361136284512219fbfd4d7becb5efa5c943e493e383424604b9365bdd0a7de
input/sample_advisories/2018/al062018_florence/47.062018.index-at.xml,3597,53799ce8ee4cc9ac75297c2ba1ecfa7eaf102e6108949f331ee4f54be0debda4
input/sample_advisories/2018/al062018_florence/47.bal062018.dat,20952,ed6647a084cc5b3ea9ac5f6b08970ed642722889ced467f23f09a487b7c2707c
input/sample_advisories/2018/al062018_florence/48.062018.index-at.xml,4922,17bf58b29d47b68b2179c2bec21037994b52af35c09b13ecb3e6e6a4931fd7a2
input/sample_advisories/2018/al062018_florence/48.bal062018.dat,21600,869c794b4fd181d91fcb510c4188cfcae50ae4e629e6e52c88e2ee087c268b88
input/sample_advisories/2018/al062018_florence/49.062018.index-at.xml,4492,0cc3502be9be40a901778244ef4d01bd025e87e2725f3e8802f0cca1739cdb6e
input/sample_advisories/2018/al062018_florence/49.bal062018.dat,22248,01594ef462266ee00f0f12f020d9b42effb99709df2b33ba7951c35fa6b65336
input/sample_advisories/2018/al062018_florence/50.062018.index-at.xml,6482,f987fc00050b383100cb0af25da57b3ff108b5f3b9a91a02c3ad37301613df40
input/sample_advisories/2018/al062018_florence/50.bal062018.dat,22896,3e2d2dc62a82d934f59d00683cbfbaec08fc4ab4bfbd6f8464b1900a602806e0
input/sample_advisories/2018/al062018_florence/51.062018.index-at.xml,5907,65af9da70440d36f931499b0dd76e4b33a7c0ef8fd27ff0c0caad5af09e770d5
input/sample_advisories/2018/al062018_florence/51.bal062018.dat,23544,a7120217e6343371c8e49e7782f0ff62a9de80fac5796c230d7cfe64a0488658
input/sample_advisories/2018/al062018_florence/52.062018.index-at.xml,6291,9c6db1455c7292140f578c901499f100a3e637723e4dc6eb33af9a881e7d0b5b
input/sample_advisories/2018/al062018_florence/52.bal062018.dat,24192,8a53ca8edc31ef9bf72f1fe457928169ff34fdc924956ab1d135bb892fbabe91
input/sample_advisories/2018/al062018_florence/53.062018.index-at.xml,6113,842d3dded0503f741c45665ca6fff872bc07fc2730806d699df4f24a08c3e134
input/sample_advisories/2018/al062018_florence/53.bal062018.dat,24840,da501b2462f94e5f67ba686abc1eeb3c7507294c299f38268fa6c6c881a322e0
input/sample_advisories/2018/al062018_florence/54.062018.index-at.xml,6124,ec81eaa70d0a6b3959b796a33177ce7fcd7e52476c0a1db8602334247840d61a
input/sample_advisories/2018/al062018_florence/54.bal062018.dat,25488,302b3bdb163e6cec25a21748e2166e417318c81988f86f7921938a32d44d75c6
input/sample_advisories/2018/al062018_florence/55.062018.index-at.xml,6075,26087498b977e8ab940872744a5e3f2e4b1d5341ed428735bba1c251e36ea03a
input/sample_advisories/2018/al062018_florence/55.bal062018.dat,26136,ba6f55dfde9bc62d2d811b4a890644ea977fc5d993dbca0145a3bd5f1a468e6e
input/sample_advisories/2018/al062018_florence/56.062018.index-at.xml,5690,c54db1cd9c1f0f3fef20e3711e3c289887a2563bace001e23a3ab9bb3f181e68
input/sample_advisories/2018/al062018_florence/56.bal062018.dat,26784,6f55548fdb791e2f827bac3146b279a1c256c7232ff9bc1545b0254966db71ff
input/sample_advisories/2018/al062018_florence/57.062018.index-at.xml,5483,e329a7755154c3b70e6f721a5045acbc3ad04e17737b2307f467971c14b3c14c
input/sample_advisories/2018/al062018_florence/57.bal062018.dat,27432,f40ad8b9c5bed3a3c2f5a0df546b481fd99fd94a54ae0f680641d62e4ce6008f
input/sample_advisories/2018/al062018_florence/58.062018.index-at.xml,5097,c39be8e430b86d0dd0496c629c4e7add5bd917e2b493319ddde1089ca3da3a39
input/sample_advisories/2018/al062018_florence/58.bal062018.dat,28080,548707b9cb7bcee98c4e791f25196f61fabd875b040c049695351b9e03780efe
input/sample_advisories/2018/al062018_florence/59.062018.index-at.xml,4992,b465ee947d1dac196d8e3f340376748e7babf33602e2419bd8a8cf3ebb8f636d
input/sample_advisories/2018/al062018_florence/59.bal062018.dat,28728,50cde99099f52cbf8b1c6b840919cb03ca8ef34f9488ffd7af8a9622f4eaa818
input/sample_advisories/2018/al062018_florence/60.062018.index-at.xml,4906,f94ee6dbd033a08e87e991afd85a146cde3dd28cff6c69a83ab7a178a7c8f0d4
input/sample_advisories/2018/al062018_florence/60.bal062018.dat,29376,6167d5965e25fde4eba741ed8a4d0e32eb15d95260d42a65729a99af817a9f67
input/sample_advisories/2018/al062018_florence/61.062018.index-at.xml,4333,c98f780ba5c74f078eaa4e9410041a4d6249af7ce7bcc263366aa74fd03603eb
input/sample_advisories/2018/al062018_florence/61.bal062018.dat,30024,73a3d45e6b7c6728350b6e3d9e1b948a748afb63875efdd6654f4b805743a73d
input/sample_advisories/2018/al062018_florence/62.062018.index-at.xml,3964,af5eb51f1f646ed633bacf56e5e1cb62de296b191d75c65c13767dbd70a58da3
input/sample_advisories/2018/al062018_florence/62.bal062018.dat,30672,ac5db15273ac8121576791ce60cfb30d1ec699b8a4485e48387e39c79c691cc1
input/sample_advisories/2018/al062018_florence/63.062018.index-at.xml,3616,647fb213501b57d4f116535e8fb91f2dc0620f9b20ad48d0a59c730823e500da
input/sample_advisories/2018/al062018_florence/63.bal062018.dat,31104,b81e41c3bbf0d0fe8f644dfaf150a3e6988d29b191b7eeaaef09cce06c4423bf
input/sample_advisories/2018/al062018_florence/64.062018.index-at.xml,3436,91e6b753a644023861c93cedbc187cb49b65dc1bf6ce4ff2d95e28a50676f518
input/sample_advisories/2018/al062018_florence/64.bal062018.dat,31536,f0c88a0c1bf20c72951e7b743596ed8f16529ba8c587b4c2873038453262e5ba
input/sample_advisories/2018/al062018_florence/65.062018.index-at.xml,3506,17d307958ea6baa51cd229e74ed790eadb0c4516ce4260cd31640746b9ec9dfc
input/sample_advisories/2018/al062018_florence/65.bal062018.dat,31968,7b14816d21a0e8fa011dbb98a62b7420e080b78d2738c4700ff86fc8d82c7104
input/sample_advisories/2018/al062018_florence/66.062018.index-at.xml,3438,3c94ac39b5099043f031ab3e05d6d1c4c4df2f67cbafb0a895161dd977537b6d
input/sample_advisories/2018/al062018_florence/66.bal062018.dat,32400,31e6b13baa40757b3de71e5ef1c2686317daf55a54039f4ce5ce3b4462c3470e
input/sample_advisories/2018/al062018_florence/67.062018.index-at.xml,3271,0db81dbea2824656a0b4608b34f5c62c217da899d48cd90a8e9f3e70cf32eb3d
input/sample_advisories/2018/al062018_florence/67.bal062018.dat,32616,63debfb93097548c1056d79453f4edcfa2a087b5ae72758ab53905c3cf708b20
input/sample_advisories/2018/al062018_florence/al062018.fstadv.001.shtml,21378,5afd1b6b6957af59ae76a613aee97395e14642099630ccf0ccc008f5a3392188
input/sample_advisories/2018/al062018_florence/al062018.fstadv.002.shtml,21285,7e42ac8749512969d283e027f8db2a1ce1afcf56cdc2edcc514ce46c4ea2bab0
input/sample_advisories/2018/al062018_florence/al062018.fstadv.003.shtml,21284,7ffbfd60123d7d5aa66b0fd98ff37acb15b1a6a175d3a2075b7a4399a0024961
input/sample_advisories/2018/al062018_florence/al062018.fstadv.004.shtml,21348,46b417e447c3b05e2b0901e451905ef3566b9c3ccebb2071e5410e5fe069b8c7
input/sample_advisories/2018/al062018_florence/al062018.fstadv.005.shtml,21357,a77a213d5c5c49e280fb0540251d226fc250387d49e6556362d2ef6778798899
input/sample_advisories/2018/al062018_florence/al062018.fstadv.006.shtml,21296,344e92ab2885dd0489c2edf618a3f63fb1cff1b51c9dcef7d2a118b6c8118557
input/sample_advisories/2018/al062018_florence/al062018.fstadv.007.shtml,21332,8f1726f89aedbc596a6678aeb0c2449368a102c7ed83897e02ffe2c524cec1c2
input/sample_advisories/2018/al062018_florence/al062018.fstadv.008.shtml,21274,84d7f0d40fdde7f3667dd1a327766594d08380035a9a63abca4134f425a20ac7
input/sample_advisories/2018/al062018_florence/al062018.fstadv.009.shtml,21176,ce4f093483907291d104458daae5b40193d29dac7a6a83d125d3dde486d44f7a
input/sample_advisories/2018/al062018_florence/al062018.fstadv.010.shtml,21130,867f46e695d6537a9288064ff135badccdcc7b161da441d7c3aa978ac5a05327
input/sample_advisories/2018/al062018_florence/al062018.fstadv.011.shtml,21182,27dfad594ad280d372587de08a5039ed49708473369b4ca95763fb4690a894d3
input/sample_advisories/2018/al062018_florence/al062018.fstadv.012.shtml,21222,5f40fb5e5285317d7dd07ca93f67bd9b229ac8d718a9f125ee112db9e887048e
input/sample_advisories/2018/al062018_florence/al062018.fstadv.013.shtml,21019,87662eafe87b0fb8ce1ee42e1c1a31078894ee6fcd04bdeea46fe1305f8fbc39
input/sample_advisories/2018/al062018_florence/al062018.fstadv.014.shtml,21019,242a4fd8c250472fc6bd5875c3765e4ec115f0788ec9a76a32073153946423d5
input/sample_advisories/2018/al062018_florence/al062018.fstadv.015.shtml,21022,e8d943ba0ed4a02bbfe8f268ff8a500d47594278d06c212f01b4d7696a6c411a
input/sample_advisories/2018/al062018_florence/al062018.fstadv.016.shtml,21123,5be0b2675b5e4cf0a2613458782cb40916ccc3afa8636ce95727f581eb32d4ba
input/sample_advisories/2018/al062018_florence/al062018.fstadv.017.shtml,21169,1c1f82f660e279963dc8b9dd4c7fb731af2e5ee1418d357e2f5e1b3596e19afe
input/sample_advisories/2018/al062018_florence/al062018.fstadv.018.shtml,21195,c72555d9da48af4a83dc25231ee2cbdba7eb1d00e78083519f0d842c49ce2cc0
input/sample_advisories/2018/al062018_florence/al062018.fstadv.019.shtml,21224,8170aeddee84573a95335b4e2ca80819eb76322d770443b951e764fd38e161de
input/sample_advisories/2018/al062018_florence/al062018.fstadv.020.shtml,21221,28936b147e41449a6358cb8b1da59d7eff08057c1dbd94978b650d6268fe1626
input/sample_advisories/2018/al062018_florence/al062018.fstadv.021.shtml,21301,d379c7993e28b0025c76f5e46e0724286b87f2395aed2f77264026bd27a5977d
input/sample_advisories/2018/al062018_florence/al062018.fstadv.022.shtml,21334,d094c4dcd3d124289af5a62e079f38f5aac2b71f0038db268f83e6337ea68575
input/sample_advisories/2018/al062018_florence/al062018.fstadv.023.shtml,21388,32a06d38f85cb6e9522cd88594e83f45afacb77ee35ef15da6921927c2442d55
input/sample_advisories/2018/al062018_florence/al062018.fstadv.024.shtml,21365,5dbf44f04067a38d038b5046da8fa002b084a60d0e3c07b5b9c6ee49f96e8866
input/sample_advisories/2018/al062018_florence/al062018.fstadv.025.shtml,21369,768e1ea577396c8aeb41b05efc77f7175195226d39a8e54a96f55f18420e23ca
input/sample_advisories/2018/al062018_florence/al062018.fstadv.026.shtml,21382,af56ddc4ed6a81d41b20c33eb24372e933deda84ee0f0a8346f6946bd2d6f0b3
input/sample_advisories/2018/al062018_florence/al062018.fstadv.027.shtml,21364,5c65cc25471d570e641d59f4ab17f45c08a10657debdbe79686103b5c1effe47
input/sample_advisories/2018/al062018_florence/al062018.fstadv.028.shtml,21367,5c287b923e7787f94917a1b4f6cd319b3f05e419673f711dc2336bd8e8dd82f1
input/sample_advisories/2018/al062018_florence/al062018.fstadv.029.shtml,21362,8fb6d43d084e65ee4705ea8b53c74be439a3af16668f9af7533a69ceadf8555c
input/sample_advisories/2018/al062018_florence/al062018.fstadv.030.shtml,21316,1b1e36df581d11b9b9f64bd8da2922b7621ebceea36fd5d6782b025084204f63
input/sample_advisories/2018/al062018_florence/al062018.fstadv.031.shtml,21285,3fe1ac9ae66310857388137ded3086b4c49b544bf17412e852dd2f7c6d817356
input/sample_advisories/2018/al062018_florence/al062018.fstadv.032.shtml,21226,b982e5358b5d2f943d2d94a6507d8b494df721857973b8787ccfc0a2c7ed9567
input/sample_advisories/2018/al062018_florence/al062018.fstadv.033.shtml,21241,340297966703b4cb01deb21188c6f261e1793cae0fa1a18f99c81b47f91dd35d
input/sample_advisories/2018/al062018_florence/al062018.fstadv.034.shtml,21241,953d638e6b7a745d0af1f5c4d18598955fc557a29f4bc245d5ca76cd152924a6
input/sample_advisories/2018/al062018_florence/al062018.fstadv.035.shtml,21242,9d7caf195a345d5018b8d05ed0a904b8710eb585603e83308ba8522eacb93f67
input/sample_advisories/2018/al062018_florence/al062018.fstadv.036.shtml,21291,de0e3cba9e55bff87fdc97d512f35db1f9a2d726094059326ab21efef869c12e
input/sample_advisories/2018/al062018_florence/al062018.fstadv.037.shtml,21307,92ac69315f464a2ea3bf586ca8c85bbcabb52fa11d6707de0a4ce096b135f2b8
input/sample_advisories/2018/al062018_florence/al062018.fstadv.038.shtml,21340,0c0e588db87bc24aa93e59afab6c6811679262de3720d7299b924b7413290f03
input/sample_advisories/2018/al062018_florence/al062018.fstadv.039.shtml,21341,8f39fe150fa911d61af316db81edaf9b19414a6bdf91d3fa1d823b9a5b019851
input/sample_advisories/2018/al062018_florence/al062018.fstadv.040.shtml,21350,f0c8dc87401646c6cd423a0b132a9ee56ace07afe82ebe8490fc70ca03f26197
input/sample_advisories/2018/al062018_florence/al062018.fstadv.041.shtml,21367,c0e89be1b266696d01df2b97172579021d1733a0d04757572a2f77003b2fdd80
input/sample_advisories/2018/al062018_florence/al062018.fstadv.042.shtml,21444,956a18edf86213c9568ccf9e83d5f2d7e2c5d553658845db2d261c2937081546
input/sample_advisories/2018/al062018_florence/al062018.fstadv.043.shtml,21466,423a52ccc1d28cda0102a50ea2dc3067dfa9de7c2ef9af23f1cd019d15c11dec
input/sample_advisories/2018/al062018_florence/al062018.fstadv.044.shtml,21563,e7f17d9e84b188aad75f267cf4008979064028bf74d5ee50f8d3394c4e8e2d72
input/sample_advisories/2018/al062018_florence/al062018.fstadv.045.shtml,21571,813d715351caf48752fe59601e336dbcfad59205adf707f1d6a54c0d9a783566
input/sample_advisories/2018/al062018_florence/al062018.fstadv.046.shtml,21601,e235a8759b017573c0124ee11ce8fed6c4f87c153b157f691eaa2484a799993f
input/sample_advisories/2018/al062018_florence/al062018.fstadv.047.shtml,21599,12e8fc7122e5c1a242c2cd4c66fe616f86795bed0b4c72910a761432ab3e7d86
input/sample_advisories/2018/al062018_florence/al062018.fstadv.048.shtml,22922,60218ff0221744d7d1ea63f5c3b9376e65241410b7074e3f1b73abcc6e349e6b
input/sample_advisories/2018/al062018_florence/al062018.fstadv.049.shtml,22492,883d838c950f565559d471d6b47424bb22f2691d7025161f543b5fe575fcc73d
input/sample_advisories/2018/al062018_florence/al062018.fstadv.050.shtml,24482,38d15d7e9442b2ff8683acaae111b9d2843f6d2306fbbf9153fe805d67fd89fb
input/sample_advisories/2018/al062018_florence/al062018.fstadv.051.shtml,23907,771753736918af4390b1d18414419fbe9e7fbb6dcd9d65cc13c1a8277f8cdffb
input/sample_advisories/2018/al062018_florence/al062018.fstadv.052.shtml,24291,dc1bc1d308cea3557c90ecd89bbc6c9f33b4e8fb40d33d168f437da2696e7aa5
input/sample_advisories/2018/al062018_florence/al062018.fstadv.053.shtml,24113,38fc597f5887f8df6c9d9aa4652857a3d370b4b3e2fc8dc3b6238f364a414a90
input/sample_advisories/2018/al062018_florence/al062018.fstadv.054.shtml,24124,f3e0b29f7dc5ac6271310d9df2566b8803e71f49c5db6942d5bf8a48bec81d10
input/sample_advisories/2018/al062018_florence/al062018.fstadv.055.shtml,24077,73e6a0993e4ec7200b7f4f1a0e3059a4e0b0153f93d3e041b7c91833a5f686b0
input/sample_advisories/2018/al062018_florence/al062018.fstadv.056.shtml,23690,4412017d06a4f8f2818d2ed496e56e6688c283e52ac0b8a6bfea0c586fd91fa8
input/sample_advisories/2018/al062018_florence/al062018.fstadv.057.shtml,23483,d061391d26b98bf14deacf87ebf60164a36c34f72469d4dce6fd14166dc6f70e
input/sample_advisories/2018/al062018_florence/al062018.fstadv.058.shtml,23097,42dcc2c8a390a96f9dc4b1daaebbf029d94f74e8a602ffa902ca6028687d9ee9
input/sample_advisories/2018/al062018_florence/al062018.fstadv.059.shtml,22992,7b018854154c90c0c34ea6f7e13ec90688a29d43e173fcf73be8f1fd8edc6311
input/sample_advisories/2018/al062018_florence/al062018.fstadv.060.shtml,22906,8c7a54db66e7f05e0df89171bd90508b4dd29812108e22679c24d938b4aa0752
input/sample_advisories/2018/al062018_florence/al062018.fstadv.061.shtml,22333,327d436d4e542a37c5b0b642d8c470dee1ab6ac2f78f3887d51e91bd1b40e981
input/sample_advisories/2018/al062018_florence/al062018.fstadv.062.shtml,21969,7a1ceb437c9dc62d4e41495ea113e3f4885e202404c26578b6752b21456a9d50
input/sample_advisories/2018/al062018_florence/al062018.fstadv.063.shtml,21623,4cdcbee61d421c3c13b7a4b3a52b1e3b08677c57eb735d1549c18d07d302fe51
input/sample_advisories/2018/al062018_florence/al062018.fstadv.064.shtml,21443,73aede99da89743aeb2b14d3ee95cb03cd189f98c8730efe3eaeeca370df0d2a
input/sample_advisories/2018/al062018_florence/al062018.fstadv.065.shtml,21511,f7d022b263e6358d0f75923921af9efc1ae11461f4428d2951dffb9e025bd693
input/sample_advisories/2018/al062018_florence/al062018.fstadv.066.shtml,21443,f7648a4dec103a200666c19a5ce498fa48288806c666529c850e6bceeb75222b
input/sample_advisories/2018/al062018_florence/al062018.fstadv.067.shtml,21278,2d4dc2cbe3e6279bfd549c7b0efbd58b695e1b993af823a9df730f5ece78dfb6
input/sample_advisories/2018/al062018_florence/bal062018.dat,32616,63debfb93097548c1056d79453f4edcfa2a087b5ae72758ab53905c3cf708b20
input/sample_advisories/2018/al062018_florence/index-at.xml,3271,0db81dbea2824656a0b4608b34f5c62c217da899d48cd90a8e9f3e70cf32eb3d
input/sample_advisories/2018/bal142018.dat,18396,87ebf4902e5d6125a52de50c80ebc0d260f19c6c4bd11e49cf3b847b7dc2255f
input/sample_advisories/2019/ANDREA/01.012019.index-at.xml,2553,5dbaa47228414a24669ac7cdcc62f3ad3f7aadbdab7fc8f91046031701846a4a
input/sample_advisories/2019/ANDREA/01.bal012019.dat,252,4bf29a74b6bc733a6866de61a50ff257bd1b82bb98b64e54c0928e8a01266ac8
input/sample_advisories/2019/ANDREA/02.012019.index-at.xml,2595,fe305d75b1713529e5a9f593e807675524a26308d0f6a078eb44a4e8c2a72938
input/sample_advisories/2019/ANDREA/02.bal012019.dat,468,6fcaf8fddda6e47a1ba38f93e4449cbffaf3a6787de1ac9b5a053d41d1740c6f
input/sample_advisories/2019/ANDREA/03.012019.index-at.xml,2592,8ac5fc3bbd42f611e2c58b3e73ce92b19336bcf512f69bb98b536772750dfa66
input/sample_advisories/2019/ANDREA/03.bal012019.dat,684,3aac21ce1ca3426ac2a2f590ef55648ed7cc7a56d0cb846a6475b4c310498f35
input/sample_advisories/2019/ANDREA/04.012019.index-at.xml,2438,391c7f32bb66d27490ffe188a7fa6f40d5f043410d06412752d7d04cfb519cfe
input/sample_advisories/2019/ANDREA/04.bal012019.dat,684,3aac21ce1ca3426ac2a2f590ef55648ed7cc7a56d0cb846a6475b4c310498f35
input/sample_advisories/2019/ANDREA/05.012019.index-at.xml,2671,4e88995327eaa18f1d8bf2a4f0d7fbbfe58acc421446dc13c9492d0cf94bfad0
input/sample_advisories/2019/ANDREA/05.bal012019.dat,684,3aac21ce1ca3426ac2a2f590ef55648ed7cc7a56d0cb846a6475b4c310498f35
input/sample_advisories/2019/ANDREA/bal012019.dat,1548,6bee8cfa7585beb7f074f389c40e3696d476e2380ceebbfed83e3d681b67662b
input/sample_advisories/2019/BARRY/01.022019.index-at.xml,4199,819687224374e0ee51a8bc7145fb5db3449b90f0fb5f580871b393544e205386
input/sample_advisories/2019/BARRY/01.bal022019.dat,0,e3b0c44298fc1c149afbf4c8996fb92427ae41e4649b934ca495991b7852b855
input/sample_advisories/2019/BARRY/02.022019.index-at.xml,4613,46faacb3ac58e44858ce96c4c399138106e695d9b3aa64284683b2a35e7791dd
input/sample_advisories/2019/BARRY/02.bal022019.dat,0,e3b0c44298fc1c149afbf4c8996fb92427ae41e4649b934ca495991b7852b855
input/sample_advisories/2019/BARRY/03.022019.index-at.xml,4334,7409db77968a827574ba68aa69e4d4e3e8b16a3e6fe72bf697b1a13cbd2a20a1
input/sample_advisories/2019/BARRY/03.bal022019.dat,216,85abc69614b3f82f6e4ecbf2ad89128444c2dd4f0a2b485f76fd2a4e690b82cb
input/sample_advisories/2019/BARRY/04.022019.index-at.xml,4326,d72aaf5590c32e4bd79c78a47fce3d73f8872ce730b46837249a7aba7fe89c36
input/sample_advisories/2019/BARRY/04.bal022019.dat,432,e33a1b4f062840a4dc800887c8f762466b99a607c3e0bc98f6254d8a9c9c6447
input/sample_advisories/2019/BARRY/05.022019.index-at.xml,6025,25773a141b130741ec0afc33fc4eae8d1f6fa80aae5f0289d1e0a118056a1d1c
input/sample_advisories/2019/BARRY/05.bal022019.dat,648,2441dfaa08d68ad1e479a011354f28b0a37adf090387125d32dbd49c0e631beb
input/sample_advisories/2019/BARRY/06.022019.index-at.xml,6113,dbd372f569f4d7366a1f60c554b00675d5cb22bf2e6b77fe51bb211a8d2eb68c
input/sample_advisories/2019/BARRY/06.bal022019.dat,864,a2bdcab033b11e24c5b1ce66bb4ac2c1fa5d1ea884eb98b5f84a7b5560c7f1f1
input/sample_advisories/2019/BARRY/07.022019.index-at.xml,5840,2ff9429d17df7d8fa171bb294044c59e64e6348a95fd7c6408bdaf4d2557ce9c
input/sample_advisories/2019/BARRY/07.bal022019.dat,1080,576c95d249bbb26e4387da6cf4f2124e33a2551031f15d29bb90bd509b644c15
input/sample_advisories/2019/BARRY/08.022019.index-at.xml,5755,8a373c14e2ff064bd44bb4017149f2a1d769145120e2a1407fb4b79aa9f6a9a6
input/sample_advisories/2019/BARRY/08.bal022019.dat,1296,d24f5e312722834035f3cfc19305a718bf28604e6cf9eec0f3b52b13d42b6e46
input/sample_advisories/2019/BARRY/09.022019.index-at.xml,5831,aa0fefe31ebeea4b872947251b530c034b96c6c1494f992c138bb0277b05a903
input/sample_advisories/2019/BARRY/09.bal022019.dat,1728,5a8c5ca62a23470a8646063d28ba367faa989f8b1f599daaf7ea65e4a7f51070
input/sample_advisories/2019/BARRY/10.022019.index-at.xml,5685,eb884d53f18c580fe1abc9fae81d00bdd45a0244f4cf56d00385616daa459ff4
input/sample_advisories/2019/BARRY/10.bal022019.dat,2160,cb3c49ab01b7c49a88040a456d86c850f232bb35c0eeb1cc5919f2857db083b0
input/sample_advisories/2019/BARRY/11.022019.index-at.xml,5547,ca7486d4b1063f30addae5b90d679689a1fcfcf86593124b864be51562ec2b82
input/sample_advisories/2019/BARRY/11.bal022019.dat,2592,194322d2d44f06494e636e2e800d701bd2707519e503095e7ada9fb8d3ee067d
input/sample_advisories/2019/BARRY/12.022019.index-at.xml,5402,09f1e1ab89d3f5747cf601ad66fc667c82edf7319a8fbb383d393f17c553a2db
input/sample_advisories/2019/BARRY/12.bal022019.dat,3024,14dee0884e050320af0ae23b549da942e062956cb6440522fb884f482805b3ab
input/sample_advisories/2019/BARRY/13.022019.index-at.xml,5381,e5de47d6d165dd9b2f673cdefbf336c658216cfae61ac0bfdda122303b955f96
input/sample_advisories/2019/BARRY/13.bal022019.dat,3672,51289bb4eba15adbacdc57de0b01241e54cb1899b9049cfc81c1286ca5b7354c
input/sample_advisories/2019/BARRY/14.022019.index-at.xml,4287,231a60a7e9ba540fc48231e5368fb58931cb90309d24aba7c4b6c348caf2a2a0
input/sample_advisories/2019/BARRY/14.bal022019.dat,4104,7b25a7d9f129cb19b5bfb78ffd06034f0f610c19d4684709f327ec90baa8bb2d
input/sample_advisories/2019/BARRY/15.022019.index-at.xml,3742,054edc68ad151a5f60ee93a623b15145d59183ac0b0588776e279f81dce124e3
input/sample_advisories/2019/BARRY/15.bal022019.dat,4536,8db8437c4e917efefee19a23b7e947108c2ed3c3c6ec0ac7ef8f25475f3aa6d1
input/sample_advisories/2019/BARRY/16.022019.index-at.xml,3555,3843b4c49ad5c9ceb85aea53a958942c1ebb8a63c580bfabf0559ac5f4ddba74
input/sample_advisories/2019/BARRY/16.bal022019.dat,4752,b65791e742aea8657dbdd80b167c2048730b5c571a11af010aea04735704073c
input/sample_advisories/2019/BARRY/17.022019.index-at.xml,3041,ddb30d8b84634e5d33a4704f91370aad0fec375fde222adf0ac8f9a37f332d5a
input/sample_advisories/2019/BARRY/17.bal022019.dat,4968,e94747fcaeaa84ef14ff3650c1d291c39c615147a2523fa009019f67566034d1
input/sample_advisories/2019/BARRY/18.022019.index-at.xml,2987,92a4695003d31d6e665c5b4da5fda87feb77ea03711ed1518b9e0f838798856e
input/sample_advisories/2019/BARRY/18.bal022019.dat,5184,81ed6a519f0813db62fc223793bcd13530ad99fb825e74c38901fa745855e805
input/sample_advisories/2019/BARRY/bal022019.dat,7560,5adbd11805f6102e35482563beba4ac0434a24edf5147aff1bf7bfc548dc276c
input/sample_advisories/2019/CHANTAL/01.042019.index-at.xml,2982,c198478fa34b936fbcac998cea08c7aaf0a27b1a2767bd769eb43330073e6fc5
input/sample_advisories/2019/CHANTAL/01.bal042019.dat,468,4d27fcc34b2157f2faf68082b053856e4262a3305a1c33c5eb9d27a28297828c
input/sample_advisories/2019/CHANTAL/02.042019.index-at.xml,2978,cf3129baddf4dca64e9d455279fdc146dcf64fba6e003658b45f03745308529d
input/sample_advisories/2019/CHANTAL/02.bal042019.dat,684,3e387986767c6d1d4461787630a8e96f67a1644f83ea65dab80164ec68974805
input/sample_advisories/2019/CHANTAL/03.042019.index-at.xml,2975,001d42dff9cc68321f9e705fbc0572ae37f7cde88f0ba36dcb170d1f52dac505
input/sample_advisories/2019/CHANTAL/03.bal042019.dat,900,831bb1b0f6e0202ccec745b78e25de7b40990c09280c269cd26c05860622774b
input/sample_advisories/2019/CHANTAL/04.042019.index-at.xml,2899,168501d2638f8dad3e04c13996d5147220e1e7badf20ac0e185520257efe494e
input/sample_advisories/2019/CHANTAL/04.bal042019.dat,1116,4c292f81ba36a83a9a153cefd601fb63828b8c8b2ae8c3546a34133f4f4fec3c
input/sample_advisories/2019/CHANTAL/05.042019.index-at.xml,2764,99056e2711c9a86c81bb8f2a8ef5fba4d23f89d1a5a36d37fd6ff6c901c7c58d
input/sample_advisories/2019/CHANTAL/05.bal042019.dat,1332,7e53aef7e073dcd2de82185eb5e8127e53918466aef98d0648746928632af341
input/sample_advisories/2019/CHANTAL/06.042019.index-at.xml,2773,8acc1f10d4c8b6c643f8a428cf094147c50343a23277d925dbfa17dd46fd072d
input/sample_advisories/2019/CHANTAL/06.bal042019.dat,1548,d5a1527cf1b0d4bf79db355e2575a65faa15cf9b302434a7f1c12081911c8f9d
input/sample_advisories/2019/CHANTAL/07.042019.index-at.xml,2774,72c7121a286dfdfc7f3095fc5f6055239c598b489515caeb3a6e7254c7d6681e
input/sample_advisories/2019/CHANTAL/07.bal042019.dat,1764,8a3527c04d5001ada0ddc4945f8e13e9d64efa62134c444ca3580ae75e7c0157
input/sample_advisories/2019/CHANTAL/08.042019.index-at.xml,2747,828c5853c9700fa104d475866353191b2217bd129aedb19b56656d9f51459196
input/sample_advisories/2019/CHANTAL/08.bal042019.dat,1980,7211acf62929f13d44f10d44c46e7888b3b3a48422036d6cf4ad8d6616451335
input/sample_advisories/2019/CHANTAL/09.042019.index-at.xml,2499,1788a40ebd6dab51d77ccda4b93f1d8065c9e32bb008e796815e422756443963
input/sample_advisories/2019/CHANTAL/09.bal042019.dat,2196,6bad09e8cf51e609689beb9032f8bc29b2e18940fe148ad141cc49c038bbcef5
input/sample_advisories/2019/CHANTAL/10.042019.index-at.xml,2533,fc3c4941c293039803e21bf62b4c6e16d838f957f23914cdae0527f763cd70d6
input/sample_advisories/2019/CHANTAL/10.bal042019.dat,2412,d00368f39cedfe6e5b95a38a5ef70a4a14b6b190e07d335cd7f3b1e2abcc7ef3
input/sample_advisories/2019/CHANTAL/11.042019.index-at.xml,2540,5cbf287ddc60a0a9a2804220c29234f0877f46803e7cb545ec0c5e16ac8e20f0
input/sample_advisories/2019/CHANTAL/11.bal042019.dat,2628,20a9466e1b4c17fa700aa4ead661bb6833bb976b9f2ef0df34b1831345a4e57d
input/sample_advisories/2019/CHANTAL/12.042019.index-at.xml,2552,23caa4a667291fa00ad5091cbb32f5ba3728bce8dbf02c64ce9408e1023ee1a6
input/sample_advisories/2019/CHANTAL/12.bal042019.dat,2628,20a9466e1b4c17fa700aa4ead661bb6833bb976b9f2ef0df34b1831345a4e57d
input/sample_advisories/2019/CHANTAL/13.042019.index-at.xml,2784,f110847ed99ae2f9b952e7fb90f7ddc2e57816ed1072b2eae93550dbd1c0ad49
input/sample_advisories/2019/CHANTAL/13.bal042019.dat,2628,20a9466e1b4c17fa700aa4ead661bb6833bb976b9f2ef0df34b1831345a4e57d
input/sample_advisories/2019/CHANTAL/bal042019.dat,5436,56adf6d5b5271c9237091d524b9767331909d546180e3630d2d0dd0bf3744ca6
input/sample_advisories/2019/DORIAN/01.052019.index-at.xml,3031,bed6a0c17368809a30d9eed0f884b6ab106ab76523259ca82f451b27c0afeff3
input/sample_advisories/2019/DORIAN/01.bal052019.dat,165,4173e57622304a616d585eae90c2dc575f8d92d356c6a2f325113568312f6ec5
input/sample_advisories/2019/DORIAN/02.052019.index-at.xml,3163,4c710afc957433a56e2b4edccffe7bf1e1007f209a2ac158a4e75cbf4b7ff614
input/sample_advisories/2019/DORIAN/02.bal052019.dat,330,5d25787ff885c8631a3d0faf04eb1a2ca4d396c52c6ff3fb29d01a6d0cdcbe1c
input/sample_advisories/2019/DORIAN/03.052019.index-at.xml,3201,16ec9022608e6765f7bf7c01cb73c3a3bc6a61f1b7fd98015aeda566e74f9969
input/sample_advisories/2019/DORIAN/03.bal052019.dat,495,21ae2185df074480bd9f0745f07ef3ff80768e7f26df01f356ef9270d7367892
input/sample_advisories/2019/DORIAN/04.052019.index-at.xml,3654,93bed3862c720d4eeaa677351d3df1a764d5819c7bee7adebbc65a25ba0b90e0
input/sample_advisories/2019/DORIAN/04.bal052019.dat,693,d811dff2235efb9386659c34ce8bd5fe367792279d5a7e9e98e8be648a4616cf
input/sample_advisories/2019/DORIAN/05.052019.index-at.xml,4018,6cdc19c5aae0411d350ee1796d0d807161289caff8303ca47d591cf39fa3c66d
input/sample_advisories/2019/DORIAN/05.bal052019.dat,891,528bcf357931ac831037e1a6f20cfc955878aca24e3b5f0b383c7cdef3448af7
input/sample_advisories/2019/DORIAN/06.052019.index-at.xml,4307,61fce2d586f2a1a6a7b8fe96ba19c351b42d1ffc8a1913fb450ef7e2836a529a
input/sample_advisories/2019/DORIAN/06.bal052019.dat,1089,71bfdd59b50d44168401b4da56010d98ab90416a29cb46c1ba14b79272d01d56
input/sample_advisories/2019/DORIAN/07.052019.index-at.xml,4048,95e323d70e42aa96f76b37c3a502bb5e7c80d6c74254aed30283c5675bbe7b3a
input/sample_advisories/2019/DORIAN/07.bal052019.dat,1287,7c47ceee41b73f7b8ce62f2d0201eb2ab99ac4259356093557bb6c48ef9403cb
input/sample_advisories/2019/DORIAN/08.052019.index-at.xml,3917,834218965fefe804a569e8dd2f360125305ead87d945303c3c046b57d07d3b1d
input/sample_advisories/2019/DORIAN/08.bal052019.dat,1683,1e5981421d29ee14473f75e85d4f5e2e71e5c350c2a041d1fa2b8457c361dba2
input/sample_advisories/2019/DORIAN/09.052019.index-at.xml,4406,0fdade4dabbad166ae2b9b467880d41a3ef651fcdf9495699862702de56d3123
input/sample_advisories/2019/DORIAN/09.bal052019.dat,2079,1cbe9c174a91a03b4f5789c4612a4d67e8746a18b36642bc959ebe42947eac3f
input/sample_advisories/2019/DORIAN/10.052019.index-at.xml,4250,2d2dc2a44f261558c2a02052ccd7b7c2ff51b5f7daa62c640559a61f51ceb9fd
input/sample_advisories/2019/DORIAN/10.bal052019.dat,2277,0329dcaea018c868928748b75aef0f5ffeaa2208abb7edbe8b09d5bfc48e0c45
input/sample_advisories/2019/DORIAN/11.052019.index-at.xml,4022,f866f6f5d5f76f28d4b0b10cb006c9349f84442647f87827f01427e81b635b40
input/sample_advisories/2019/DORIAN/11.bal052019.dat,2475,6a868e31919c595d6c2d14ab13f5530172b6ce02b8418e2ce4f2c6aab5515249
input/sample_advisories/2019/DORIAN/12.052019.index-at.xml,4700,d30c6a6862960015a3b4f58f5dd9a9ae3ae18596c16ff66bb7f554c0a8d88374
input/sample_advisories/2019/DORIAN/12.bal052019.dat,2673,b247777c4e6a24a77b4a604f7738c932eac2bf6446aca7a88aca95f894b882bd
input/sample_advisories/2019/DORIAN/13.052019.index-at.xml,4564,3c15a35bd6b9b4ad53c82f17bc2accf59fab496f1efbc70861f99015416fbadd
input/sample_advisories/2019/DORIAN/13.bal052019.dat,2871,902ee2b8329e72975a88eee856f247d11c9865b0f9fb69119d8ef58d0b1f898a
input/sample_advisories/2019/DORIAN/14.052019.index-at.xml,4314,69a23b8bf12a73217d3bc7f9e0a2a7108620234a3518944dfd882678a13e0ed7
input/sample_advisories/2019/DORIAN/14.bal052019.dat,3069,3ae5ba471432f72d78eda198862c1cb4193651eae125faad0e8d49b87bccf7b1
input/sample_advisories/2019/DORIAN/15.052019.index-at.xml,4209,936cbb8fc8438a527f516f9e67b9cba39854f9f3238d924cb048031106c45c1d
input/sample_advisories/2019/DORIAN/15.bal052019.dat,3465,198c3f47c1ba03ccfe141cca3481d451e757d03338870bf8ffecdb1806ec957b
input/sample_advisories/2019/DORIAN/16.052019.index-at.xml,4208,140f5fdd483767e396c8beeb725f35ae8744c8ef5112fe449fbf995f091dcd86
input/sample_advisories/2019/DORIAN/16.bal052019.dat,3861,e8489bba27ebd3c5d438047818fd4e4de9878ffaaed2a4042ca74bf18b6c0563
input/sample_advisories/2019/DORIAN/17.052019.index-at.xml,4430,87b671862e41b7428920a892469853487756f8de60b4465738afac7ad6431543
input/sample_advisories/2019/DORIAN/17.bal052019.dat,4257,2132210581d1a0d885501d719bf83109c8918d08e99add1e1e730d52169ea6c8
input/sample_advisories/2019/DORIAN/18.052019.index-at.xml,4018,0e49cd351895575aef284e6f6b0e281b484418b88c3a98e84a14c59d4ccc8940
input/sample_advisories/2019/DORIAN/18.bal052019.dat,4851,f6397f86d9698ce949eb6453fc21f8d6dd397c62ab95f6b28eecdce363a6d537
input/sample_advisories/2019/DORIAN/19.052019.index-at.xml,3366,6dd5fc0376c4abccdc89911f70532805255e697806c899b9f082c6ed0eae1980
input/sample_advisories/2019/DORIAN/19.bal052019.dat,5445,22ef8328431ec15f662b1bcf00f05695d7c36ed487ada97e90558e75de6b691c
input/sample_advisories/2019/DORIAN/20.052019.index-at.xml,3458,698121992882b5b1e261e9d2f277e28238523075f34b8850be754da84b3d8696
input/sample_advisories/2019/DORIAN/20.bal052019.dat,5940,e3a8b0db12c341d855db7587e35cca8ac87f277c6a2732904401ab1879d1a233
input/sample_advisories/2019/DORIAN/21.052019.index-at.xml,3457,0650100bc7034527515e06b5ed6f8d4f9edea7d89b9900b3fbfb7f591d6db5ce
input/sample_advisories/2019/DORIAN/21.bal052019.dat,6435,01dbefe92ca76322679edd74f89620b9c57f74799fd6204f611a487fe575b0c0
input/sample_advisories/2019/DORIAN/22.052019.index-at.xml,3439,fb1b60ad1948384d6cd87f52d665d6c469fa481e076fa810280e96c51b0f0d78
input/sample_advisories/2019/DORIAN/22.bal052019.dat,7029,7160202b9290f748ebbe73743c5975a4fac72bfbb0c839b09b34bba5c5746cbd
input/sample_advisories/2019/DORIAN/23.052019.index-at.xml,3521,4541c131778d48afb38e01d02430c02c041e7b0fc716679fceca85d3a724f45e
input/sample_advisories/2019/DORIAN/23.bal052019.dat,7623,90b4cb1abcd110779a02357226681d0675a84e39146e807fa969ae588226fa0c
input/sample_advisories/2019/DORIAN/24.052019.index-at.xml,3993,93e1907778fb5b95289cdf6b3889831ad62c6a9ad433304576c0bfffa7b8c12a
input/sample_advisories/2019/DORIAN/24.bal052019.dat,8118,ea12cfb2cf31ca4d4971f594466c5459b07954d579323c91f5b5be929a4f2eb2
input/sample_advisories/2019/DORIAN/25.052019.index-at.xml,3911,fba4f21e611f34aa9752a269e2877d1937ea6c30dd4b2578462ce9d5ce5e0240
input/sample_advisories/2019/DORIAN/25.bal052019.dat,8712,0384d980aabab14dfc2d83249c70c604ea7e2c0504c1e17a37106d6b25a824b1
input/sample_advisories/2019/DORIAN/26.052019.index-at.xml,4548,05e9597cadc31b219f28bd9865b9459c0a5d50ba232ab52bd5ad43e0afb9fc47
input/sample_advisories/2019/DORIAN/26.bal052019.dat,9306,3c6e887222a8b76a978509474b4102e6de114496b9410a103ff4cdc8d555f6ee
input/sample_advisories/2019/DORIAN/27.052019.index-at.xml,4310,6dfb27e282006393a27efc3067854cc9fbbe8dd6f0ea1238fdca229cd589e12b
input/sample_advisories/2019/DORIAN/27.bal052019.dat,9900,7a2113cf0037f4fce62f87a41db09b4bdbb77e73d5bc7db1efff4e7fa4b0a46a
input/sample_advisories/2019/DORIAN/28.052019.index-at.xml,4435,fedc303d4ca423e4397c4f8ea8919e7fa7481dc11303a46e929b709421461a52
input/sample_advisories/2019/DORIAN/28.bal052019.dat,10494,9c0bcad4a28c9f22c015d6246f1792b002a733623a28638a1a26d0058c392d43
input/sample_advisories/2019/DORIAN/29.052019.index-at.xml,4057,d2e05c16185ba67790c7c1500898eb709a55ad2755081d79d1e66884a1339513
input/sample_advisories/2019/DORIAN/29.bal052019.dat,11088,752120f5a1e1524686fa04250a794773952966dcfbe3f9b0abb3bb60dab400ba
input/sample_advisories/2019/DORIAN/30.052019.index-at.xml,4402,d9d389eb52117ce9d698041ef9a1f982798955b5c534039acd776485a2062a43
input/sample_advisories/2019/DORIAN/30.bal052019.dat,11682,c87dfa8da580813f29457aaea944cab9766c9bc57bc803f5653852df145e2770
input/sample_advisories/2019/DORIAN/31.052019.index-at.xml,4257,69276a84dd859b5ac04a3fc7680a1ed9550901058c864817e7a994abe33ba575
input/sample_advisories/2019/DORIAN/31.bal052019.dat,12276,90a065d55777ba90a3ab6ccb3c6f38b4822255366e35c136f2caef6bcd2f1c16
input/sample_advisories/2019/DORIAN/32.052019.index-at.xml,4730,3eea831ebeda399aca091e142f8c0ba8fdc96161031cb9be8c8ad5e4b49c4b15
input/sample_advisories/2019/DORIAN/32.bal052019.dat,12870,811f0e10caa419933987c65d0c6776835b476c48ae3cfd35109b9a774a26f7f0
input/sample_advisories/2019/DORIAN/33.052019.index-at.xml,5454,0cd1e913d3d938f978cde37e4403de6b868d5c9bcd5097f43956ac48bbc4fb82
input/sample_advisories/2019/DORIAN/33.bal052019.dat,13464,ac0ccab0dbc31b4c55242fc740dae86386662038d1ec0a5132f6c3b4eb37905f
input/sample_advisories/2019/DORIAN/34.052019.index-at.xml,6230,ffc63ee578bb465e272f6b7cf6392ebeaf3523e0193ba423cad2488e981ed42d
input/sample_advisories/2019/DORIAN/34.bal052019.dat,14058,ac42365cafc72e48bc72610d8fc24d08cc57e18e1ab12c3c4c8f7eac7d943014
input/sample_advisories/2019/DORIAN/35.052019.index-at.xml,6094,28dc53e0e3c6e0748933ebb830d58a3b3a7a146cfff5cdb2b2e5658e80c9eeb6
input/sample_advisories/2019/DORIAN/35.bal052019.dat,14652,540744463cfb9ea14388578b1cf69211e8117fff48ede14ed79998835014892a
input/sample_advisories/2019/DORIAN/36.052019.index-at.xml,6043,27d9702491d859906084be2a8ee91e3ccca64baab778d699fa2b564873a1cafb
input/sample_advisories/2019/DORIAN/36.bal052019.dat,15246,e1d615dac769ab8709c1a799a584da4030b4e97b877558495d91372033e3044d
input/sample_advisories/2019/DORIAN/37.052019.index-at.xml,6274,3ca4b9969ff26d532911f6ab209d731ac7dbffe9634b7a06d15c611200d0a792
input/sample_advisories/2019/DORIAN/37.bal052019.dat,15840,743052737fd6ca2812a235525ca70bb38525f5e6d6f6c9d3644be281da133617
input/sample_advisories/2019/DORIAN/38.052019.index-at.xml,6079,4d99632e2a838d34712efc463af0a22d82057c559a307c916774e1a9a6fd5a80
input/sample_advisories/2019/DORIAN/38.bal052019.dat,16434,cb2e50daa8cdffc86bbdb4699c66dc0c765bb4a76722ab8de2e276c73257116d
input/sample_advisories/2019/DORIAN/39.052019.index-at.xml,6100,386700b944e0c9d5c920274ed74ed81e4ef2c89eee38835550c78b96fe637c52
input/sample_advisories/2019/DORIAN/39.bal052019.dat,17028,f4d0aa3db770d8529b775108e12d0271de3567eb877ed4747654cdaf802a52af
input/sample_advisories/2019/DORIAN/40.052019.index-at.xml,6019,9891407d517daa2509a1e956747abfd3bdf35b57da2f8d82a7c674264dff3954
input/sample_advisories/2019/DORIAN/40.bal052019.dat,17523,65b92cf0cf9d5e7d141d003512a415cc8d974ae249684619b645424a3a2d4108
input/sample_advisories/2019/DORIAN/41.052019.index-at.xml,6780,8b496767d0f5ffc318462a91bd664669f33aa5c840839293db46b53c6f9a5db9
input/sample_advisories/2019/DORIAN/41.bal052019.dat,18117,1313b54415378036defdf272e77eb6128ff1a579bab2101671e1387b2a60219b
input/sample_advisories/2019/DORIAN/42.052019.index-at.xml,6879,3996f80ce51f91ded62de276d7929556f2b173e9e0c102242e6bfae7070706a9
input/sample_advisories/2019/DORIAN/42.bal052019.dat,18711,2cb25ed530ea6106afd59c29301f468b1249958287a0d0de10023969ceb70925
input/sample_advisories/2019/DORIAN/43.052019.index-at.xml,6213,ac493e63f9849781c4e58a39f8b78883ec1e5f96992b21204df4513200e06177
input/sample_advisories/2019/DORIAN/43.bal052019.dat,19305,333620c2719988d722b8101c0b00a1e95f87bb000e3a8fb491bad551b1fb5ace
input/sample_advisories/2019/DORIAN/44.052019.index-at.xml,6332,73946f75fc298688210ead474f8d6ade50ba5128ce8b22de61b9d3fe0ef6b81f
input/sample_advisories/2019/DORIAN/44.bal052019.dat,19899,4feb2f2841d33f0e1b39a3a6f953a64d9d2fb396ef4b135ea0ed8b94b1fe528c
input/sample_advisories/2019/DORIAN/45.052019.index-at.xml,6703,1ef7d040d41ebdbf99177cb8eb06c21a5194958274d61fa4d0428e0ba3fd6636
input/sample_advisories/2019/DORIAN/45.bal052019.dat,20493,1ceeec7b7d1df40fc3e58901020ecdf6a1175c5b8ab6c9efd89e04a10a05b2f3
input/sample_advisories/2019/DORIAN/46.052019.index-at.xml,6444,3440d194dd6869dd8da662bd02ef3f57711fbc87e7450b073102d35d2690b406
input/sample_advisories/2019/DORIAN/46.bal052019.dat,21087,2f2a960d04dc62a22a93e148dddf518f02935d020d37f2edec83555b4ee9a38d
input/sample_advisories/2019/DORIAN/47.052019.index-at.xml,5941,de4327103863aa00c5ca85aab3056b336b01235e18418918a1e0d8bcb9db8407
input/sample_advisories/2019/DORIAN/47.bal052019.dat,21681,b5600c75f0884f12136246519517862475fd6cd418e16c51524631e5753cd9ce
input/sample_advisories/2019/DORIAN/48.052019.index-at.xml,6001,72728fab6711ec40de7f649ecb1090b534cee516ad6290a2b4843004eb2b32a9
input/sample_advisories/2019/DORIAN/48.bal052019.dat,22275,b780980e1030a1579c1a711e921cc6ae6874f4e2d27d403d3f04e9b7d8ef4b2d
input/sample_advisories/2019/DORIAN/49.052019.index-at.xml,5636,104e1f903ba7d3ad41f651b10186769509c662dea16b2680914d91ac3dc7a5ae
input/sample_advisories/2019/DORIAN/49.bal052019.dat,22869,e809662c4ff08a3600ccd924df3f8ae2efebea9ec5c69b664e026286551ed228
input/sample_advisories/2019/DORIAN/50.052019.index-at.xml,5493,ad930b9183bc6bdbda450fdc388fc0c3296b060a3f9a488da3cbe4de76ea8118
input/sample_advisories/2019/DORIAN/50.bal052019.dat,23463,33a9948e00ffcf23a763faeb625f367681745654715e7cf0212142d992dd621e
input/sample_advisories/2019/DORIAN/51.052019.index-at.xml,6018,e93a3c7b01686fa7dbca44bc4295a0ea77be2a898b67f7c7272a268364018f29
input/sample_advisories/2019/DORIAN/51.bal052019.dat,24057,4454a5f3eff8708a4c21e0fcb070ef98a567573e5adc97a366601e3c9e428a28
input/sample_advisories/2019/DORIAN/52.052019.index-at.xml,5829,ae8544b893899f57fc1e4a3d09eedda94f09a833576e115edab542054046b608
input/sample_advisories/2019/DORIAN/52.bal052019.dat,24552,a9d4e7ecccbd1e8cecf53c3f5eeeff3a100c0ca303c0debbe61f699c237273d5
input/sample_advisories/2019/DORIAN/53.052019.index-at.xml,5707,36087b97f8302ceaec32834528da883f881211dccd7b75f3be737de59cf25ad1
input/sample_advisories/2019/DORIAN/53.bal052019.dat,25146,7d1c0f5318e1601c64bd48e5b713c8d246c6f3b265a71ca50322575f6ecfc6d9
input/sample_advisories/2019/DORIAN/54.052019.index-at.xml,6043,637bf1e43b06c942f639ee5c3c90c3b964bc084706ff4bed7f67517a402410ad
input/sample_advisories/2019/DORIAN/54.bal052019.dat,25740,47f2d17404059d3e5adb1113ec9d8d8eaec94e0e0a7ffe89d9d8733f8706fbdb
input/sample_advisories/2019/DORIAN/55.052019.index-at.xml,4971,5999bc4d9cc26f198104d3365d0bc6f026fd35ac8aed672dac66b766420f55fa
input/sample_advisories/2019/DORIAN/55.bal052019.dat,26334,361a2f8a5c77445534f6365b7416b89d538848af3ab907c843d9611b33f92f98
input/sample_advisories/2019/DORIAN/56.052019.index-at.xml,4587,3ca5c65ccce8a5f5630a6e33035ac0fc9c00eb889f360603099e6eec69653ce8
input/sample_advisories/2019/DORIAN/56.bal052019.dat,26928,e68bca0ca3e36cfb466e979d585666a2a1cb308eb17a3616f099e5bb75361c19
input/sample_advisories/2019/DORIAN/57.052019.index-at.xml,4288,cf9f7699b3da0c062705ac6b098c867dde5634f7734e258ffc79556fd7548521
input/sample_advisories/2019/DORIAN/57.bal052019.dat,27522,2ea95e30782d5d30251be2dffbdefd7f40ec7d154a2aea648621c2a452095fed
input/sample_advisories/2019/DORIAN/58.052019.index-at.xml,4055,f8517a6702d015ef9c5cb57b80dd22dfef85dc538419ea6f4f3d83df3447887a
input/sample_advisories/2019/DORIAN/58.bal052019.dat,28116,c33690106d913fa49c588a4ccd5fcfea2e8110fdf3ab44f59cda2160d9d1ca01
input/sample_advisories/2019/DORIAN/59.052019.index-at.xml,4155,dd5e540ffd040df72c015666fa81453a69e003826b3d9407b2f15ea00a0b79f5
input/sample_advisories/2019/DORIAN/59.bal052019.dat,28116,c33690106d913fa49c588a4ccd5fcfea2e8110fdf3ab44f59cda2160d9d1ca01
input/sample_advisories/2019/DORIAN/60.052019.index-at.xml,4001,b8c927decefc4aa76a1370e4e12fc8f7da0cf5f57a4fb1bf79d0b18c412fc9bd
input/sample_advisories/2019/DORIAN/60.bal052019.dat,28710,788ec854d24fb4e86b02748ccd7cd31356ce4038ce6c8c082a8619ef2843acf5
input/sample_advisories/2019/DORIAN/61.052019.index-at.xml,4041,811e837985bcfbddaa757bed1c21173457d421fc8b93d2ca2a6a62c8816a23c5
input/sample_advisories/2019/DORIAN/61.bal052019.dat,29304,eecd135dd36b45dbb451ea9ce764b56c7dc840eeb1b2cf6a61b4b964d42f6f83
input/sample_advisories/2019/DORIAN/62.052019.index-at.xml,3596,bc633eb0cc9d9144dbff85fcab18b6f7c9eebeabbdcfa316b8422cd06ece7293
input/sample_advisories/2019/DORIAN/62.bal052019.dat,29898,8f8c737cb82f7b17a3ce17a354fc66194696557b45d122fa69dc265382d45d8d
input/sample_advisories/2019/DORIAN/63.052019.index-at.xml,3245,3c863674adc22083b4251004da5d12b65540d4c12728e090d7dab2b99fca4a4b
input/sample_advisories/2019/DORIAN/63.bal052019.dat,30294,ac5c63d3bb081c671b2125edb5a7c1d66c7c707e7924b57043d69c4889254cc6
input/sample_advisories/2019/DORIAN/64.052019.index-at.xml,3110,250806865b1b8ec00172db11b4656f4adef2011a94306b439cb19ec757e14d0d
input/sample_advisories/2019/DORIAN/64.bal052019.dat,30690,9a20f7a7b9443a7c727607dcb9979867e9b44d505ac11cd8fa1fd56d99d362e2
input/sample_advisories/2019/DORIAN/bal052019.dat,32010,4ff494918e7375f2a03f7a9a43e48a2601c0f5d63fa31e48271c3c9350cd9959
input/sample_advisories/2019/ERIN/01.062019.index-at.xml,2929,43d8e59518afc34da6c3bcf143321e29f2e3518f1f25d5de9f0a4e12ab7eb0bd
input/sample_advisories/2019/ERIN/01.bal062019.dat,468,401628c126d1069b87ffad102b9a5ed42f93f9758c8cf46f6fe19923cd47a298
input/sample_advisories/2019/ERIN/02.062019.index-at.xml,2876,cb9376f10a148d9db58c01d7fece4257f44bf575638d3a8f12aaa26be87da65d
input/sample_advisories/2019/ERIN/02.bal062019.dat,684,2e28ab6ae970ca64317746bbc51eeff65f1fbc2519c8a1673eb1be17dc04926a
input/sample_advisories/2019/ERIN/03.062019.index-at.xml,2916,a47c7794f06e6fa45fdd6f22b52407be2a66040be36624fa07493a359323ad8b
input/sample_advisories/2019/ERIN/03.bal062019.dat,900,71236cf58b21aa5dae840c2f62382732f08e393b0d6a6af60d108a62a285e513
input/sample_advisories/2019/ERIN/04.062019.index-at.xml,2910,10ca48e95cfe02c25e82fce8326b5a30ecb7a7f3afdb956da1358f71f4d2a03f
input/sample_advisories/2019/ERIN/04.bal062019.dat,1116,856364ac3ba4897fbd4ec1fb16fcccfa7b635e4c1fce6f0b400f35faf33340c8
input/sample_advisories/2019/ERIN/05.062019.index-at.xml,2539,3b715c874622b4e0bca3f6d35a660e7f8fee8ce0c4d684ec47b06054795ce60b
input/sample_advisories/2019/ERIN/05.bal062019.dat,1332,b90ed053588796e9a4fbd604b4a86843dfb7fdbf270f77ac89402cb413bd25a4
input/sample_advisories/2019/ERIN/06.062019.index-at.xml,2661,683450b8dd0976da3e597e427c5acec98428b5eeb37185384bf4e07af394ee7f
input/sample_advisories/2019/ERIN/06.bal062019.dat,1548,9e1ba02b65eb2894c4fa49e373fd3cea39a5058354c8048c9281eda71d163da8
input/sample_advisories/2019/ERIN/07.062019.index-at.xml,2657,d36a21b1ec87469fb4edeb1a7ae732faaea99a5c5d27140f7e86301a8561dd61
input/sample_advisories/2019/ERIN/07.bal062019.dat,1764,b8676cb4cabfad9f7a8f32976dde3605528643f90112b11e3f78591dab9d5a6a
input/sample_advisories/2019/ERIN/08.062019.index-at.xml,2534,02c5ce10046ec94ec4b7be85b9ca179e5968cc863583fcd8ec4a5845a4957ce7
input/sample_advisories/2019/ERIN/08.bal062019.dat,1980,d47e387aafcaec1aaeaed51bcb83d708961748dbab735f46835fec86bca1e836
input/sample_advisories/2019/ERIN/09.062019.index-at.xml,2634,67622b872419521c0587be6702dc6aa9f365c9d5d8cdc12468133f0c2cea2bdd
input/sample_advisories/2019/ERIN/09.bal062019.dat,2196,7c872a6c8d51c67862a3996d73a73ea55782bccf62a4df540a7ff74b9d22ca3a
input/sample_advisories/2019/ERIN/10.062019.index-at.xml,2559,e5df9123847f265fa55abbccd48ac8de523d8bce9475923d4a8a7ac15f975f0a
input/sample_advisories/2019/ERIN/10.bal062019.dat,2412,ef1b3e20da69e2db4b4511b010378f1a5a157aaf18a9b968d5cc5294ffe3b5fa
input/sample_advisories/2019/ERIN/11.062019.index-at.xml,2673,a87d7030feeb39936064153c2426afe19b0708177d7664a07aa7fdc8ceefe31c
input/sample_advisories/2019/ERIN/11.bal062019.dat,2628,42cbe011a8a8810e1fb866a2d856e4eed957d766d35f7da8a412730e2a3e33c8
input/sample_advisories/2019/ERIN/bal062019.dat,3060,58fba7eb768a809b2aafdf16aef291a06fe959ef7fac0559030188dd05358049
input/sample_advisories/2019/FERNAND/00.072019.index-at.xml,3029,00b91a9bab4dc88da93f372359068827512d6d296e7b06969451829e2d1e5c36
input/sample_advisories/2019/FERNAND/00.bal072019.dat,0,e3b0c44298fc1c149afbf4c8996fb92427ae41e4649b934ca495991b7852b855
input/sample_advisories/2019/FERNAND/02.072019.index-at.xml,3068,af4d7d856689b1315b9fc65923a7362d154f58f9a84954e6cb4d6b0bf5d7ad26
input/sample_advisories/2019/FERNAND/02.bal072019.dat,286,e272d7b7c23ed579a4c72a2b24f706076b7295537ad266985cc37022ab103a9b
input/sample_advisories/2019/FERNAND/03.072019.index-at.xml,3206,195e324236b9dc847b084e3f216e56a802c08d692843802ee10388c1f481a990
input/sample_advisories/2019/FERNAND/03.bal072019.dat,502,33db547ccc3bc733c161ebde5b6941ced77f23f66eca8be680b549c4a99eefc9
input/sample_advisories/2019/FERNAND/04.072019.index-at.xml,3046,56620c86f0419fe810f81c5fc15445f3c48bbced3f02dcffe6563df5a30d55de
input/sample_advisories/2019/FERNAND/04.bal072019.dat,718,ed96adb8ee2dbd254f1b7c17d373c88d7a93d57ed76f37284d223a80478788d8
input/sample_advisories/2019/FERNAND/05.072019.index-at.xml,2895,a4210ae072a4f6de00b0fc310915772ce68ad8bb4bcc9ce837ddb97e79352c11
input/sample_advisories/2019/FERNAND/05.bal072019.dat,934,3ee7092ede4ea6c02c2ae56c7166d0d3e543a23ec93fadb706f6676da31f827a
input/sample_advisories/2019/FERNAND/06.072019.index-at.xml,2732,ed9f863a25855ed6eef786e59a150f8bbfcadc782789c7f82e69b2604e3e517b
input/sample_advisories/2019/FERNAND/06.bal072019.dat,1150,08f033806a603d13481039c1d5ba8456e901925df1324c24c9ecf7bc79a2e606
input/sample_advisories/2019/FERNAND/07.072019.index-at.xml,2532,122fc4f052f536b2168eb3bf061fc0d812de8a73451ae966275167449b9d9bb5
input/sample_advisories/2019/FERNAND/07.bal072019.dat,1366,396ccef0112fc7f192d8d13f7dbf53343f8f82cad4fa46376625952d597908ae
input/sample_advisories/2019/FERNAND/08.072019.index-at.xml,2223,6967ba80749ff84273bd9e42a3daa3d7d0ec89f69dae5955e7090295bbc550a3
input/sample_advisories/2019/FERNAND/08.bal072019.dat,1582,cd6363e78836ad9f798d1730eef1613299cf06482720e443c1480832b6765b13
input/sample_advisories/2019/FERNAND/bal072019.dat,2014,92833589c58d014d28922614acc94c54b9d304b8a6cd929702a89f1cf2df6053
input/sample_advisories/2019/GABRIELLE/bal082019.dat,9324,81eb49080d2d942548acba8b60281bda6a56ce48e29ab5d2b2cf893f8fed23db
input/sample_advisories/2019/HUMBERTO/bal092019.dat,16452,4d3739e5e1c120352f5a2f1dc3d73d243d3d6937affb07346e14d79d54e0f897
input/sample_advisories/2019/JERRY/01.102019.index-at.xml,3076,adf81f359fae6a005ba0942386a66a0b5a1b42d9b04c0e67cc6bdd57e6551c83
input/sample_advisories/2019/JERRY/01.bal102019.dat,468,ef9e2e424c620a8d055a6d5a520479d2f3ab57da9e8ef3fb21c34a10d7f94f7a
input/sample_advisories/2019/JERRY/02.102019.index-at.xml,3094,34424a890496f981a8e8bde5160890b819c941e8afc48792a6a0a9ea7eeebbf8
input/sample_advisories/2019/JERRY/02.bal102019.dat,684,bd041b1be54b51d1a55c09f9952542ad801f3630ae507e739e761a31d35275de
input/sample_advisories/2019/JERRY/03.102019.index-at.xml,3127,87037dbfd791c35b3552c393d2ca5e50388f5ffa9336c17092517b0d4324dac5
input/sample_advisories/2019/JERRY/03.bal102019.dat,900,1ff70492ca42f857391897a1bd727ed46bbcd3f7d4e8e6ec23006abecd08946b
input/sample_advisories/2019/JERRY/04.102019.index-at.xml,3221,3736ac0f2a140695bb83afab6d1c11ec1342b025c08e56f93fe3a39b9aaca477
input/sample_advisories/2019/JERRY/04.bal102019.dat,1116,2d0d12774cf44621c99d55d70c8f9e333b0326f033ea194611cb7e7f4fd2f8fd
input/sample_advisories/2019/JERRY/05.102019.index-at.xml,3374,89a209323c0534ea3e7594227d74baeb1c73b71e30f16dcf28ab66f0db9799bd
input/sample_advisories/2019/JERRY/05.bal102019.dat,1332,52efea1dbe195a748f46e2aa526a0a086c38fb3ee4bbe04745e89e8d4ecb6a78
input/sample_advisories/2019/JERRY/06.102019.index-at.xml,3932,9016f6899723ceaa8cc4f8b3d16bb579317b422c0e37a8608e0ed6508754e381
input/sample_advisories/2019/JERRY/06.bal102019.dat,1764,1675909ffcccb99f32958b0231390d5658f3effd90e45a2928b2ba07d472cce2
input/sample_advisories/2019/JERRY/07.102019.index-at.xml,3842,e35835c002ebbe863f5833f05701fa5d6218d0a46e60b99fa65e59b428ca6b00
input/sample_advisories/2019/JERRY/07.bal102019.dat,2196,546dfc6150bab78a161c904bef2f5d1f91dd2c59ccee2c4c4114847926e9fa5b
input/sample_advisories/2019/JERRY/08.102019.index-at.xml,3867,269e9b4ec9240527ebdc184bc12d974c5370ce4bbc6d9a08b6a9bddde54834a8
input/sample_advisories/2019/JERRY/08.bal102019.dat,2628,54a657824ec386a6c8dc5f33c7a4c63c79cd52067894e69332d47169a422c630
input/sample_advisories/2019/JERRY/09.102019.index-at.xml,3890,732f8fca6bed1954fc1ac1b8d63a1e933588d94e276cf5c0ff594fc2576b335f
input/sample_advisories/2019/JERRY/09.bal102019.dat,3276,27cca03e3fc76f2f1af20d1b6a524fba40ecc606f4d4786bd6c24bb460e4555a
input/sample_advisories/2019/JERRY/10.102019.index-at.xml,3822,2cb04b4e96a43ddbc8b20f29d5798e074e065215b8362dd8923498a8fcc62c36
input/sample_advisories/2019/JERRY/10.bal102019.dat,3924,3e80e8c3fc9dcd0178b63adde19ca571ca26cff8470fe43e6b6bc3078dab1811
input/sample_advisories/2019/JERRY/11.102019.index-at.xml,3824,d6e76fa7db69c99130fd92b379da8973d3bc08b7d07f93cdf4b5423f8c2c1439
input/sample_advisories/2019/JERRY/11.bal102019.dat,4572,d7c7c11f59150ed80020385a70d93de2bb38c5c79986861edef069749c36d515
input/sample_advisories/2019/JERRY/12.102019.index-at.xml,3809,0f1a305adb23839b613bc1c024a79a2111ab1c676447ac542c43e741f26b3fff
input/sample_advisories/2019/JERRY/12.bal102019.dat,5220,fcb82a760064f9a83f9a99a79151b703f9c489f03c2eb6c45faa633c4ff8a77b
input/sample_advisories/2019/JERRY/13.102019.index-at.xml,3735,f3c657c9c036082ba51dcb8bb2eefbe6cbe9581a1d41748faba634b3cce76ea5
input/sample_advisories/2019/JERRY/13.bal102019.dat,5868,d5c7ddba8eefa6b0d5e594ce0c871a55117fe617f0f25089c45db6a563c06a8c
input/sample_advisories/2019/JERRY/14.102019.index-at.xml,3736,9c2ff07a51f8c53510c1817406b2f0b4215fd14237b71edc0573c9936511a169
input/sample_advisories/2019/JERRY/14.bal102019.dat,6516,6c0417727f7816b96c00e7d2c138e3c1245ee522cfb362db3a2402faabe7c3f6
input/sample_advisories/2019/JERRY/15.102019.index-at.xml,3713,9108d73fee81864b8af2a3f58724a88a98c4e261e7881aa717bfe5faac5a83dc
input/sample_advisories/2019/JERRY/15.bal102019.dat,6948,b78257188f6468ba04fa155de8951d46ca020ab5d1c0813f63ed9654ad0f951c
input/sample_advisories/2019/JERRY/16.102019.index-at.xml,3186,936abb565b036bd189c9b68fd918a32ed9d8eab6d99a9bc060c13a0774a7515e
input/sample_advisories/2019/JERRY/16.bal102019.dat,7380,81fde0875567868fe0e4707894d372b942171fff3aeefcc25cbdd119d82f5be1
input/sample_advisories/2019/JERRY/17.102019.index-at.xml,3265,ebed64eaa5240d57df4efdf370edc8053b085e7507336e9fc6cc191178f205a1
input/sample_advisories/2019/JERRY/17.bal102019.dat,7812,7acc3769e70e6feb75a4b7c2ec22c30f37044ef0596cfebe355574028312cabc
input/sample_advisories/2019/JERRY/18.102019.index-at.xml,3247,b1c590485a56f7abfe20e009e8ccdea747c69fe2e05f52115af99ed7399594ce
input/sample_advisories/2019/JERRY/18.bal102019.dat,8244,c2a5718d931d857cf80167076e6a4fb8edb5ba9e5422e6aef27fa626575f75c2
input/sample_advisories/2019/JERRY/19.102019.index-at.xml,3261,21a8f699f68f1f591b17728a198c5d0acbcd45f82a51c571ad332b6c11d76e02
input/sample_advisories/2019/JERRY/19.bal102019.dat,8676,3986e1d70abf203037d07a23df8abb3756894d7c80062e990cfdb783921b8258
input/sample_advisories/2019/JERRY/20.102019.index-at.xml,3250,8975671e78d1d09f9520b69ad3f8641c5ddf16b059840a8f77d47788de08ea39
input/sample_advisories/2019/JERRY/20.bal102019.dat,9108,844de494be9fd6693326a73269826bfa633918dc6d3565863cd136ecfa5da88e
input/sample_advisories/2019/JERRY/21.102019.index-at.xml,3268,687984c1ccb5f73a414b2921e0ff542f7fe668a9a964b5a59e6f0c478d166d61
input/sample_advisories/2019/JERRY/21.bal102019.dat,9540,3d4b3feb06b3cab5f17f86a2b9c86983cea09c6c030b26eed2b71265dc6b94f3
input/sample_advisories/2019/JERRY/22.102019.index-at.xml,3268,b93840bf826f0fe1e66f6c6d4a6fd91a8128fdab2068bea8f4d5409a2e3b09ef
input/sample_advisories/2019/JERRY/22.bal102019.dat,9972,bb09a654a453339ed9fd9712c8d31417b5f1a4884cca305373c0bc6d6b27718e
input/sample_advisories/2019/JERRY/23.102019.index-at.xml,3555,7c133c7c2ad1d1dbdb8b49521143a857e4744d773f794efdb2103fbbd8b0b82c
input/sample_advisories/2019/JERRY/23.bal102019.dat,10404,7553f95c1f102aafdb6a17079497ee26a07efd5906e3aed90adee85bf16fb849
input/sample_advisories/2019/JERRY/24.102019.index-at.xml,3481,5a1389938551d8e699fae9e1c32200650c80bbb617524b6790f2b8a9246ce675
input/sample_advisories/2019/JERRY/24.bal102019.dat,10836,0eae88023f9ba6c8142db0400b751e07d05fcbc6e5a239afb0dba4c851692e05
input/sample_advisories/2019/JERRY/25.102019.index-at.xml,3485,13d8312d1bdeef070874acef69db0ec829473a1273faa047432004d287b2ed6d
input/sample_advisories/2019/JERRY/25.bal102019.dat,11268,2b163858549594d5bcdcc84b5b20b02b0af7f2c29160c2177c717868eb289ff9
input/sample_advisories/2019/JERRY/26.102019.index-at.xml,3430,1720af82c784f9242f5b4fc40e9b2eecd0ec9e68e0f46abd20baccd434e3c456
input/sample_advisories/2019/JERRY/26.bal102019.dat,11700,c22d31f283d662b6f5e9860ca65f123bd6157a7535c366d7dd924e31e4e5e140
input/sample_advisories/2019/JERRY/27.102019.index-at.xml,3356,1770f3639709d40bb809ae085ae6ee3d63b96442043473f9f0916e40374c397e
input/sample_advisories/2019/JERRY/27.bal102019.dat,12132,1f88888e01449651ddf63acf4ad607fdbf0e35a1a017d299fc424d2551495e75
input/sample_advisories/2019/JERRY/28.102019.index-at.xml,3269,4a75ba604c3d80afdf314b6b7193d2e701b98bdfb2566b72d2620c8ef7ccd4ae
input/sample_advisories/2019/JERRY/28.bal102019.dat,12564,f6c903c6d64cf3cd9e02c59cf318e7d8c3588897467c1ba9ae6369276eb18062
input/sample_advisories/2019/JERRY/29.102019.index-at.xml,3289,2048ef713b8be7c51a3fecdddc40f7016c2e626c2ad0b46342339819b12020e1
input/sample_advisories/2019/JERRY/29.bal102019.dat,12780,4717d87da7231414e6fc58a0e857614cf800a2e6ee530ef95147b410671da06a
input/sample_advisories/2019/JERRY/30.102019.index-at.xml,3230,e543f3d4dec11a28c9c1ae5976eb40789d498bfcc2441dfd885d2d01a3ecff12
input/sample_advisories/2019/JERRY/30.bal102019.dat,12780,4717d87da7231414e6fc58a0e857614cf800a2e6ee530ef95147b410671da06a
input/sample_advisories/2019/JERRY/31.102019.index-at.xml,3205,bb7e2e746e59b5f4b119435b7ae1fd4f933fb4a4e86a5acae7583b13f45cae98
input/sample_advisories/2019/JERRY/31.bal102019.dat,12780,4717d87da7231414e6fc58a0e857614cf800a2e6ee530ef95147b410671da06a
input/sample_advisories/2019/JERRY/32.102019.index-at.xml,3255,8beade42d63b65b479588147ce62d1a4ec73c960d699a8e86e4105783c4a39eb
input/sample_advisories/2019/JERRY/32.bal102019.dat,12780,4717d87da7231414e6fc58a0e857614cf800a2e6ee530ef95147b410671da06a
input/sample_advisories/2019/JERRY/33.102019.index-at.xml,3236,d52b2ae4faf5dddf6b79fdea2e06bdf653ab738e5ff4949f6af2246f18b0fb8a
input/sample_advisories/2019/JERRY/33.bal102019.dat,12780,4717d87da7231414e6fc58a0e857614cf800a2e6ee530ef95147b410671da06a
input/sample_advisories/2019/JERRY/34.102019.index-at.xml,2974,d22d9ce1806fc5b3740c9532fbddd3d8624357b0812649f27af5b67e55325248
input/sample_advisories/2019/JERRY/34.bal102019.dat,12780,4717d87da7231414e6fc58a0e857614cf800a2e6ee530ef95147b410671da06a
input/sample_advisories/2019/JERRY/bal102019.dat,16020,52409d7a1ad7c71178dcb282d0c9031250927791e352e914bb3aa2d42ed6ecf2
input/sample_advisories/2019/KAREN/01.122019.index-at.xml,3869,50b7eb557ab22ddac8f562a50e630e54234741f89f9d9f3219028ae2da5924cd
input/sample_advisories/2019/KAREN/01.bal122019.dat,330,46231b9ab1b27a174868af0818884b353aa1b4d0e52089c2a90d65363295d48c
input/sample_advisories/2019/KAREN/02.122019.index-at.xml,3911,ff94c09e0bcd0f5f23cc7ffa2a7f5f51e3faf65f69f48a482a2656db2fe6dec3
input/sample_advisories/2019/KAREN/02.bal122019.dat,528,1d565d2a28c711bdd7be187eec96d90f1fbd0c20f5f1f02a2dde2d868280bef1
input/sample_advisories/2019/KAREN/03.122019.index-at.xml,3698,e87640ea2571049f350e691527e3b1a26a2b33115b17d6bf378fa9092e9d23d4
input/sample_advisories/2019/KAREN/03.bal122019.dat,726,fd9641a6733fafe2c5bf120cc353d19cdd93b6bb8fcd065cacf6c205990e940e
input/sample_advisories/2019/KAREN/04.122019.index-at.xml,3651,969b7aee3a20f8d69842a6d6ff5bcff7194dab43f92fa6d658409191dde241d2
input/sample_advisories/2019/KAREN/04.bal122019.dat,924,e4c9548b3ac83b1a71638778859aa8d28f042f4a556bc59b31c275c5015a71ea
input/sample_advisories/2019/KAREN/05.122019.index-at.xml,3601,6614bfc9b37effb31b5ec4cb1f30548e2bec10c0937077a006afca300f554a97
input/sample_advisories/2019/KAREN/05.bal122019.dat,1089,db7745f28d98bc179656137e51d392d01449495255667d16e4555945a93c7ace
input/sample_advisories/2019/KAREN/06.122019.index-at.xml,3581,45eb7876067383b38269415d4fa295bec5429940cb8ce4b279d15091f136b747
input/sample_advisories/2019/KAREN/06.bal122019.dat,1287,2d22d38ee4b158caa4b22f65bb5b8258f3c86c6f69509b6070714b0055d2de77
input/sample_advisories/2019/KAREN/07.122019.index-at.xml,3320,53b194f1ba52b1544698daeb0877424c1b27fab5b5febe95b6b9f740a658cc5d
input/sample_advisories/2019/KAREN/07.bal122019.dat,1485,3e1d044a24e792e806199e1b91f35cdfb5a4a9e9c07a83d3f21f779f5fb7c8b5
input/sample_advisories/2019/KAREN/08.122019.index-at.xml,3441,8a95d22f0d79831fbf3060596f7b54fcbb09b96feb74e06bc2ae9ba930272c97
input/sample_advisories/2019/KAREN/08.bal122019.dat,1683,d3982504c4168534cb44b5bc4b7b5d81551ce483ba7dbe69f4a854843cbefb63
input/sample_advisories/2019/KAREN/09.122019.index-at.xml,3523,c1ebf70c607a04aa835fe90561fc8deeb8e68785388ad6e490928eb1207a71ea
input/sample_advisories/2019/KAREN/09.bal122019.dat,1881,83f7076a8d77a2cc66010e6bb35c57f7a95be880d723d4d79c880a6f1b8f50dc
input/sample_advisories/2019/KAREN/10.122019.index-at.xml,3522,57a0ee8a8901a51abb708a1b0711eee6244d69360b05ec7f721ddd860cea045d
input/sample_advisories/2019/KAREN/10.bal122019.dat,2079,546a40dfc51212f25d3aa1d1535b8abff59c37a58b58d99ab7eeec2d50bbc18b
input/sample_advisories/2019/KAREN/11.122019.index-at.xml,3555,c776dd5e3954576a370e505db12d0acd8af7ef255a48a5d9c30418c1632f1e87
input/sample_advisories/2019/KAREN/11.bal122019.dat,2277,335bc5c4a75df5730b39cdb318296aa7b3aecf271a08034c8053a444becbe96f
input/sample_advisories/2019/KAREN/12.122019.index-at.xml,3565,a356b3418e6fc7a0e1f0decbe838927be56786a493cdd4430fb6ccd08469a11a
input/sample_advisories/2019/KAREN/12.bal122019.dat,2475,e87cbcb15a74d3237a1a8f46bd3477ef820ac38b34a055877541bac6d4eccbbb
input/sample_advisories/2019/KAREN/13.122019.index-at.xml,3412,cfa15bd0e917a5e73dbd289ee902e79b9536a2f791b503d979914ca2820973d4
input/sample_advisories/2019/KAREN/13.bal122019.dat,2673,596b3ff8d219656d882a23450edde2f5d99d1440ca9e139f35b983fe6417cd7f
input/sample_advisories/2019/KAREN/14.122019.index-at.xml,3204,6eef0801cd28616a180e3519e52cc3d6f5fc948d214288d9729408af21f94321
input/sample_advisories/2019/KAREN/14.bal122019.dat,2871,1d65247e9563c285657cce1c575f6727ed70dac50839147df424522955c7c649
input/sample_advisories/2019/KAREN/15.122019.index-at.xml,3115,f03c302558b2056eb88cefb5d29fe57401d9cdff5e11c57517f830b437f57083
input/sample_advisories/2019/KAREN/15.bal122019.dat,3069,980a9eeef331cb6cae10abfe9f767102468f998696badbb0ba96e68cda4ba981
input/sample_advisories/2019/KAREN/16.122019.index-at.xml,3127,485c54490a358e1cd854642655908b0456d23a673c8f03984e965b87867a5f1d
input/sample_advisories/2019/KAREN/16.bal122019.dat,3267,984419faa19171d16fdb35875119beca182599641a0ae6f2ce06bdc108799e9d
input/sample_advisories/2019/KAREN/17.122019.index-at.xml,3021,8c2f2573a747292a1e3fb0b0df19a11e02a8ebfd1357e7bd00f558fbe0f4038d
input/sample_advisories/2019/KAREN/17.bal122019.dat,3465,7a0e54a7e9a720c93b2e98b67d97deebb23d6948df62860c731fc4c7f36a47d0
input/sample_advisories/2019/KAREN/18.122019.index-at.xml,3004,86adce73b96b5675c456cc08dbc062b5ce5661f008ddd18727ff9a4d30ae03ed
input/sample_advisories/2019/KAREN/18.bal122019.dat,3663,f0ce38966b9cb3ce58ca4a6b315907a34da5017b148aa4a5d9e2d62d91944da2
input/sample_advisories/2019/KAREN/19.122019.index-at.xml,2939,c53eca539736d77fd7bf9b928182ae3ff3d480714482e8d491dbbbf33752959d
input/sample_advisories/2019/KAREN/19.bal122019.dat,3861,1965d571aa2b5f2f591f246df7d257b432e5cd5daf3af9d0859b5e0653c18429
input/sample_advisories/2019/KAREN/20.122019.index-at.xml,2815,9b9dab5fe0a7a4d229fb82705329a321151bfc14cfc868a74b446278b243cba3
input/sample_advisories/2019/KAREN/20.bal122019.dat,4059,62f08395562b2fc752b0eacacfb136369b05e3468bf84c15af84f03a616cab86
input/sample_advisories/2019/KAREN/21.122019.index-at.xml,2834,a82c0bfba56d8e85aa4e02b27fdf0c7bff81a2bd319e4754daacf63c741d0ed6
input/sample_advisories/2019/KAREN/21.bal122019.dat,4257,cf6c03e0294aa77e10185b4c2102cfd8e1cf2c6c0e035c8c446fc2d8fbe030d9
input/sample_advisories/2019/KAREN/22.122019.index-at.xml,2694,51655e1f9466870eafcabec7c6522120f328d946c0be717dc946947879074443
input/sample_advisories/2019/KAREN/22.bal122019.dat,4422,103a71a4bee60f7a1c717a866f15024a8d26c5fd24a22be17b8c7caf41b5ab70
input/sample_advisories/2019/KAREN/23.122019.index-at.xml,2384,2468e757d649ddb974bd86d58005c1f56ac1ced3386293dfe7b7f2dcfaef74ad
input/sample_advisories/2019/KAREN/23.bal122019.dat,4422,103a71a4bee60f7a1c717a866f15024a8d26c5fd24a22be17b8c7caf41b5ab70
input/sample_advisories/2019/KAREN/bal122019.dat,4752,b6c3c3a2c5dbe7e555967641eca3a0dc1e14bf3e46d4e23ec587385870b8c4aa
input/sample_advisories/2019/LORENZO/01.132019.index-at.xml,3154,8de854e8b6a8e4ed63a79273d8bd71a46baf9dc3dabed5785446c252d1ee0dee
input/sample_advisories/2019/LORENZO/01.bal132019.dat,252,d9b77f5d1a19f228f9e80ea049b717f3c6eab795780d0b8e373813b6208f48ea
input/sample_advisories/2019/LORENZO/02.132019.index-at.xml,3156,ffaf147917c3ca54a08d78d39190dee1d9ee54dfb10d04f24125856ed554bd4f
input/sample_advisories/2019/LORENZO/02.bal132019.dat,468,7eb97b845a4e76cf89cadc6eaecea752588dea8ac19bad3a873e24e3b0eca69d
input/sample_advisories/2019/LORENZO/03.132019.index-at.xml,3210,16daa88e4b34cdb320582e8a27104effc39ea06304f166d0b40f7a6594c21c4f
input/sample_advisories/2019/LORENZO/03.bal132019.dat,684,cc4c801f643bd09a6ba287bfe0f90e8d0fdf5ccf306553b15786b7f10bc78bd2
input/sample_advisories/2019/LORENZO/04.132019.index-at.xml,3313,aeee67d6ddd857b2e28e476397b6fb00df125b70a47929f80430547c53bf2d9e
input/sample_advisories/2019/LORENZO/04.bal132019.dat,900,57707a53d9507b6d26e95e7c9dbb84566b273dc1073cd8cbd15d56368d37a365
input/sample_advisories/2019/LORENZO/05.132019.index-at.xml,3244,c0cf6f7143277cedba6c38aaecf4eb781224e57bb93f5cb30d548797f5899e55
input/sample_advisories/2019/LORENZO/05.bal132019.dat,1332,832ebc53ddfa221eafe155938be51fda50de2dd0b9be37cd6ebd2975e3c71d97
input/sample_advisories/2019/LORENZO/06.132019.index-at.xml,3324,812ee589760385701b966bda99fc4dcecdfba619a88126d4508158f851aff9e1
input/sample_advisories/2019/LORENZO/06.bal132019.dat,1764,4ba3223f987d1c198d25723a0216a0be564ab6f134e503b268bc8f1bbcda9ae2
input/sample_advisories/2019/LORENZO/07.132019.index-at.xml,3340,218f1a21419b49b23bd918281d32303fc4bfee5cbcff8a87c0efc6092240bc8d
input/sample_advisories/2019/LORENZO/07.bal132019.dat,2196,5908a679a4f4a75484df5574487199fcda812dc58bc9e46edfef0063ee5e69f8
input/sample_advisories/2019/LORENZO/08.132019.index-at.xml,3340,9e3adfb10d1c163828897ace36a46755a1347c63d0df19d5f07934a744a98205
input/sample_advisories/2019/LORENZO/08.bal132019.dat,2628,3a565014a5e496bb20878f57f4c4d0580fb97ebebd88cfc1a4700c627f73ed75
input/sample_advisories/2019/LORENZO/09.132019.index-at.xml,3324,eadf8f2b20c56b4b661b4ef90fb8528056b0298bb2713f3c732596e6485c0d68
input/sample_advisories/2019/LORENZO/09.bal132019.dat,3060,1f20192445710749fb625bd12cccc5890a92671c714fe56ea827ae9bd773e7cf
input/sample_advisories/2019/LORENZO/10.132019.index-at.xml,3356,0de7ec07679c50872b444534081fde9515a564033e9b5af0e80883aef0181fb6
input/sample_advisories/2019/LORENZO/10.bal132019.dat,3708,ee98f9f08a3773cd19aad50eb6afe8df0f1faeb2e536ce5a4918d9dd0f2b2a6a
input/sample_advisories/2019/LORENZO/11.132019.index-at.xml,3364,3085a2c05fbb45beef08c400bd830b1a19ff3b7dfd4ed533f2c90d46a13d802b
input/sample_advisories/2019/LORENZO/11.bal132019.dat,4356,878eefa2aab58702e43b38ced8c5895ba7e6ea14c208f994c27841d198842ec3
input/sample_advisories/2019/LORENZO/12.132019.index-at.xml,3364,465c9b112f7bb75134eafaa2313213a2501f19490aca5b1ec65f0ba2bb9dae8f
input/sample_advisories/2019/LORENZO/12.bal132019.dat,5004,b9bd872e470b162a7dc9f4fc5bab618ffe3e33278308052c3613f59329fb50d0
input/sample_advisories/2019/LORENZO/13.132019.index-at.xml,3364,63c469592d2205ec82b7f4ae68fd0793c8faab5fac98791c53c7f859fa7701ec
input/sample_advisories/2019/LORENZO/13.bal132019.dat,5652,6aab364936235f16dcf311e8bf9dea0c3105266621b77e8aee3cb2c1fe9c19f7
input/sample_advisories/2019/LORENZO/14.132019.index-at.xml,3367,47cd3434d7ea2738bc6660397afa979a10d18b1e29188b7b15f09985b7039a6d
input/sample_advisories/2019/LORENZO/14.bal132019.dat,6300,fafdab7ff6ae548b01f811ad711af251b5c1ca3ed95ae3ee613b1b93848661c3
input/sample_advisories/2019/LORENZO/15.132019.index-at.xml,3375,cf10b8de7169f1169b50d91c27ab1d7d5613be0df2df46a292a09f980ab175fc
input/sample_advisories/2019/LORENZO/15.bal132019.dat,6300,fafdab7ff6ae548b01f811ad711af251b5c1ca3ed95ae3ee613b1b93848661c3
input/sample_advisories/2019/LORENZO/16.132019.index-at.xml,3364,ce1e609774df7811d00fc16f7c407833308d842b4dba7a5f508e3e8f0f5b5801
input/sample_advisories/2019/LORENZO/16.bal132019.dat,6948,5b3c4ab8d02802fb0e4a370862f894a45c5731d217e4db3d8ec423a77cdb1759
input/sample_advisories/2019/LORENZO/17.132019.index-at.xml,3379,f0bf9debe5f90fee7aa65f39609aeb0764477f534a90f5e185eafc2eda2c28bf
input/sample_advisories/2019/LORENZO/17.bal132019.dat,7596,7a490120a98cd5d94a90970ee4b09fbf27508f31a9343f9a339c3b337d7e5a85
input/sample_advisories/2019/LORENZO/18.132019.index-at.xml,3368,a109cfd67640a52cecf8a6f933713e75761fe33fe214e1aff36d8d4fe432be25
input/sample_advisories/2019/LORENZO/18.bal132019.dat,8244,0c40d3a95bcc172493c312ad3314fbfe388894821ae097ae915c4dd3a0e97ccc
input/sample_advisories/2019/LORENZO/19.132019.index-at.xml,3388,0b13936353db5a8aae6e9a3867b6487ea148436629c50c39fecfc28fb3c2d94c
input/sample_advisories/2019/LORENZO/19.bal132019.dat,8892,3a638f860dd0495a53dd086938d1d32b9bc880876d788ca3acd479b951983920
input/sample_advisories/2019/LORENZO/20.132019.index-at.xml,3365,ca501749db7ce85e7ae86401575147a191c71663e609f4ccd568ce820f8eedba
input/sample_advisories/2019/LORENZO/20.bal132019.dat,9540,7549cd0571a4cd88d8ab1fe7534fc3a804f179c177a10104cacec798024a81cf
input/sample_advisories/2019/LORENZO/21.132019.index-at.xml,3407,c863a6fc843d1e843764a110e7f296b6e456af2839475cfa49b5a9f65d4104ad
input/sample_advisories/2019/LORENZO/21.bal132019.dat,10188,e37a578bf6e8864e9492c333e2f790d24fe363b19760181a1e7c32efdbf22d83
input/sample_advisories/2019/LORENZO/22.132019.index-at.xml,3389,afa79f269bf1294f8b4217d07c36205af9ad7d5e6d54aaaa1bc2fcf8b0936e35
input/sample_advisories/2019/LORENZO/22.bal132019.dat,10836,0beac5fd7216115fb474b2caf83556b676ca54db235431673456e64aa592f5a1
input/sample_advisories/2019/LORENZO/23.132019.index-at.xml,3390,a7a68fb641a5518ce72dbc3887e30c620db4d67c77fb58a905f0fe1a80a57d35
input/sample_advisories/2019/LORENZO/23.bal132019.dat,11484,1a23acd397c7f9123fe3e99ffae32cdc8f69acecb217a6c840dd567c93f343ce
input/sample_advisories/2019/LORENZO/24.132019.index-at.xml,3396,ef4792e817cabcf17cd312889fc6d19ae453279c38f1e2eea996737954eda0d4
input/sample_advisories/2019/LORENZO/24.bal132019.dat,12132,5163cdab36a514d49118534d645418abe176593ef9c1bd4bc0eb9c8d254759d4
input/sample_advisories/2019/LORENZO/25.132019.index-at.xml,3462,94f932b39c71abf99071ab45679017642e5742744563afb494653f93c0014688
input/sample_advisories/2019/LORENZO/25.bal132019.dat,12780,1aa654169df9381d0848b54c32d8f7510bb33700792cdb8fe3c0dd0553b4abd3
input/sample_advisories/2019/LORENZO/26.132019.index-at.xml,3453,f965b273e817963a14c9d0888dba3989aa4166f3dafff15f5fd362114e88dce8
input/sample_advisories/2019/LORENZO/26.bal132019.dat,13428,88c963dc06cf110f1ca9962c30a1d120602fc542d09227e7f56e06d1db58defb
input/sample_advisories/2019/LORENZO/27.132019.index-at.xml,3443,8ed4dc6d6a57ee4ff520070c784485f9ee62130818855966c48f909a70c88172
input/sample_advisories/2019/LORENZO/27.bal132019.dat,13428,88c963dc06cf110f1ca9962c30a1d120602fc542d09227e7f56e06d1db58defb
input/sample_advisories/2019/LORENZO/28.132019.index-at.xml,3470,0eaf71a2defd9585f21ca0dee730d848eb9b6a1893acbf30578ed63dd29a26ac
input/sample_advisories/2019/LORENZO/28.bal132019.dat,14076,f008d99bac215b336d4067e58d7a3ef81bfcfd99c87c353473be36348e8a62f7
input/sample_advisories/2019/LORENZO/29.132019.index-at.xml,3543,b4927648613fa963947e113c85b453cadba5fbaa8b488ce9e6da9f9c94ca522f
input/sample_advisories/2019/LORENZO/29.bal132019.dat,14724,0c54d9a704294600cd47f84e411e4ae5793208a6eb1dd0099de52cde78a41425
input/sample_advisories/2019/LORENZO/30.132019.index-at.xml,3561,17195b6df2c29839b092b783dec4687e1fa57235d0a297de297d87e3ccfb630d
input/sample_advisories/2019/LORENZO/30.bal132019.dat,15372,80c5439f9fb51e66553054b4ec74c09bd037b49f76c482cd7f02d0244ddf2c1d
input/sample_advisories/2019/LORENZO/31.132019.index-at.xml,4526,bcc624b652b2d0b2aabcd8037d02f10dc1821f499792b94c92d133ed39b0e429
input/sample_advisories/2019/LORENZO/31.bal132019.dat,16020,eb0f070cffec5b53ce69a3a7e4b0f38b5cdaf8d44de89cf5cbc0a077173ed2ae
input/sample_advisories/2019/LORENZO/32.132019.index-at.xml,4164,3406b281461c8f24fb9a27f6a5f0192671c418d9810478c469645c927383c138
input/sample_advisories/2019/LORENZO/32.bal132019.dat,16668,19b5b8c020947e7dfb96e6eae5cd4d1620f5c225c6344bc956e424fa33d98e90
input/sample_advisories/2019/LORENZO/33.132019.index-at.xml,4510,5e6fe5568bbca63c6970f11f05aaae4c4b706d74371b2933721e7b589308528a
input/sample_advisories/2019/LORENZO/33.bal132019.dat,17316,c7afe31f1c0b2e08cda701e864592bd4a2cc785ecd2e59279658c66cc3549dce
input/sample_advisories/2019/LORENZO/34.132019.index-at.xml,3984,1802db5c25c39eae39b8b47511116f2a9400b89fcb18c97075cd56167e887e2c
input/sample_advisories/2019/LORENZO/34.bal132019.dat,17964,4428c57d203321f75bb2ef9ba798cfd3156e9a17cb836b0b05abf276383304c1
input/sample_advisories/2019/LORENZO/35.132019.index-at.xml,3875,272a001df8929a4b542e4748b4f73c4cc32dff3d8cb8ad45e3c1692d00bb0233
input/sample_advisories/2019/LORENZO/35.bal132019.dat,18612,b909982eaf9cf255c21da4c2d0d8f33726726d84395b6bbf3d862603ae818bb8
input/sample_advisories/2019/LORENZO/36.132019.index-at.xml,3875,cf3dad4fc0f84d85d8a2a0594cce0e955600ec71caf3e430680e70ee86363735
input/sample_advisories/2019/LORENZO/36.bal132019.dat,19260,72143f9229e394bb2e1ed89810ffc29e5e821787290a872c74ef6db77d3fe107
input/sample_advisories/2019/LORENZO/37.132019.index-at.xml,3887,8a769b06b54dd6838c414faf3dfdcd66582a1d8e02cbcc3098fa45b50d48c0b9
input/sample_advisories/2019/LORENZO/37.bal132019.dat,19908,699aca62707efc3123aef0c52c805e15669e52da3e17fc9a43e4a884dd2143a0
input/sample_advisories/2019/LORENZO/38.132019.index-at.xml,3854,85309127995127e7f810ff46a1a264283763f5dc52fd9917138a2a9956a38d9e
input/sample_advisories/2019/LORENZO/38.bal132019.dat,20556,0a258283878ce980e2c8fc26c0d0394df5fdaa21b692ba9d7dd4281c9cce6cb4
input/sample_advisories/2019/LORENZO/39.132019.index-at.xml,3940,e9e39f98136f51ba34a45b161acd9d1ebb82e8b5aaf37dfeb6e18b76d0fe55d7
input/sample_advisories/2019/LORENZO/39.bal132019.dat,21204,0230de7fd2c6b9263a2523714b0db56b0a8c4bfe684ec5d2cf223f6df2c0f736
input/sample_advisories/2019/LORENZO/40.132019.index-at.xml,3799,7344dea280a823d516b295b1f8a8db49e7b6beae6b2ff3807d0697fcb487a188
input/sample_advisories/2019/LORENZO/40.bal132019.dat,21852,5a58b62f5173c104a6ba692e3a29869095ad0586ba4a771a13379a2efd946fe9
input/sample_advisories/2019/LORENZO/41.132019.index-at.xml,3693,b824b09929351a41234ba5bb86b415a9145d1043efab682eda8fcb8386fa841b
input/sample_advisories/2019/LORENZO/41.bal132019.dat,22500,be042570cf120f54d824fb357825e1944395d1783e9f8091ca8f4b7b079965a2
input/sample_advisories/2019/LORENZO/bal132019.dat,26604,9f4045fea662c18619129762bb0f93064ea1b1baa6031127176b493599731094
input/sample_advisories/2019/MELISSA/01.142019.index-at.xml,2883,50f4a1849444c8d865eefd4a690e1715bddcc54d7b91965d7df5e5a1029e79f6
input/sample_advisories/2019/MELISSA/01.bal142019.dat,2798,2a5225848e3d66af9c98214e88f876a969d94b0f139243601b63dc4c2a5d4365
input/sample_advisories/2019/MELISSA/02.142019.index-at.xml,3056,9e874953a40784c736992b25006e679b961ba843bd48d11355dba731a0696624
input/sample_advisories/2019/MELISSA/02.bal142019.dat,3194,7b4a4a03e422ed6ccab1e9886a94267193a9d56d85ddd06afa239fe11402af18
input/sample_advisories/2019/MELISSA/03.142019.index-at.xml,3034,fbf9f15a4af9ef4ef4830c9d27eb1db782a83e6213ab9802f661d778c42257e2
input/sample_advisories/2019/MELISSA/03.bal142019.dat,3590,09c48ca4c91d5fee388bcc64823b0a521282efa194e42b08698459e76741d45a
input/sample_advisories/2019/MELISSA/04.142019.index-at.xml,3029,fbd22c11b748e1e0a08f9373fa323a45796da2101308f3a01f44ec17b13052d9
input/sample_advisories/2019/MELISSA/04.bal142019.dat,3788,7e27157586c4678d6d54dcfed18a9e3b5bb8a0aab30a9b2e0a1ec68c1994ef8d
input/sample_advisories/2019/MELISSA/05.142019.index-at.xml,3016,55a027be5b08b839f781ee31828e21572e832eb45134d6c696f397f3d6a8f6c6
input/sample_advisories/2019/MELISSA/05.bal142019.dat,3986,bfa3431bb9b257411f8c53196da730ea4015535291523feaebe4646b33164f77
input/sample_advisories/2019/MELISSA/06.142019.index-at.xml,3007,cc6d7506603be9ab0af14a6e5e7ec173963558757144818c8790fa5c55acc9b6
input/sample_advisories/2019/MELISSA/06.bal142019.dat,4184,1da20a77de475618f928e7096160def4eb9224bf53ab051d78a6e2830bd2fac0
input/sample_advisories/2019/MELISSA/07.142019.index-at.xml,3009,9d2cf3c5a825c69cda6abdecb30a07f156dd32ff88522bfc30917174c0b5a685
input/sample_advisories/2019/MELISSA/07.bal142019.dat,4349,a2ecb9bbae9a12bdbb2b7f58e51b503e191e0469abdf743a7493a3ae92be7257
input/sample_advisories/2019/MELISSA/08.142019.index-at.xml,2782,6dae6a209f303725c23ba8ca9775c902c3409ebeae03f264b7fe80f60b3d234b
input/sample_advisories/2019/MELISSA/08.bal142019.dat,4547,66ac112038446349f285ddffedf7a9926a3e2100359bef2698e662eaa9eb3ad2
input/sample_advisories/2019/MELISSA/09.142019.index-at.xml,2779,e17bb4e288c5686bec19115f87ad0f5c26ce1ef295062caf197aebd3f568ec5b
input/sample_advisories/2019/MELISSA/09.bal142019.dat,4745,e4b653b90c4f9794739c257e6cec591dfda81ff40af144722077b278d1c87663
input/sample_advisories/2019/MELISSA/10.142019.index-at.xml,2754,50760875d6a2b74b6ce350d01ea0b62ade2d105e33d90680eed11c5e7b064f12
input/sample_advisories/2019/MELISSA/10.bal142019.dat,4943,470666940b4bb2c63a2fc35cd04dd7041357621adf73c68eba532ec74458e2ca
input/sample_advisories/2019/MELISSA/11.142019.index-at.xml,2531,a33d471e0df50fc708df1e2385b3b15200ec2c9724940fc1db903ed523153d0d
input/sample_advisories/2019/MELISSA/11.bal142019.dat,5141,b61e535cebfb5380f15526ad7c5760f506f5914b8f70ae15a8a079a8da5ef891
input/sample_advisories/2019/MELISSA/12.142019.index-at.xml,2439,83cd606117cdfccff4e687e116f9b5c347caf4c789c117ca8313e2acede1c418
input/sample_advisories/2019/MELISSA/12.bal142019.dat,5306,548f2b9bc11a4971c77870bdedc66617c21703d2fe313fd017498562da40a15e
input/sample_advisories/2019/MELISSA/13.142019.index-at.xml,2704,3fc73d3397cd1a2545bd485f9097721f7cd4a483fb153f5ccbb6b0884cb95fc0
input/sample_advisories/2019/MELISSA/13.bal142019.dat,5504,fbc93ed4df0f8f2fda56f9f8c544e3f49ed6b3f9ec40c81223e09a15e7701c6c
input/sample_advisories/2019/MELISSA/bal142019.dat,5669,959ae435b95f8f8a3c7301f8d115126eb09aba8a04b4dacd46928d991b0d9739
input/sample_advisories/2019/NESTOR/00.162019.index-at.xml,3463,dd5c609fb156b98aa5085ece1e6ba99ea88e5150e5da92d00416bbd8629450ea
input/sample_advisories/2019/NESTOR/00.bal162019.dat,1728,653b61e01236e7cb44a961d36d3c0a878262d6010ffe3c3dcbc27b3609bdd150
input/sample_advisories/2019/NESTOR/01.162019.index-at.xml,4459,1d2e26b9bf92e0122ae62036bee203be3a5521df21ac8f56c37c48f85297397a
input/sample_advisories/2019/NESTOR/01.bal162019.dat,0,e3b0c44298fc1c149afbf4c8996fb92427ae41e4649b934ca495991b7852b855
input/sample_advisories/2019/NESTOR/02.162019.index-at.xml,4624,500c48d0a90bf4282e0b48e6b183453a67d49a7cb1f53ae733c46a2f827b3f81
input/sample_advisories/2019/NESTOR/02.bal162019.dat,0,e3b0c44298fc1c149afbf4c8996fb92427ae41e4649b934ca495991b7852b855
input/sample_advisories/2019/NESTOR/03.162019.index-at.xml,4233,e8cb3055af56f0aacf74007e2d0b2446cc8da352e93590ca2d1afe2c63686afa
input/sample_advisories/2019/NESTOR/03.bal162019.dat,0,e3b0c44298fc1c149afbf4c8996fb92427ae41e4649b934ca495991b7852b855
input/sample_advisories/2019/NESTOR/04.162019.index-at.xml,4131,294dac240d37b575a789a819c60c38172d67f2d2b1332c5e7e2667c01e12d0eb
input/sample_advisories/2019/NESTOR/04.bal162019.dat,0,e3b0c44298fc1c149afbf4c8996fb92427ae41e4649b934ca495991b7852b855
input/sample_advisories/2019/NESTOR/05.162019.index-at.xml,4238,17ed1908cf5cd75d1c6c4f38bcac9a32a669489f5dc898d90090d526ed9850d6
input/sample_advisories/2019/NESTOR/05.bal162019.dat,0,e3b0c44298fc1c149afbf4c8996fb92427ae41e4649b934ca495991b7852b855
input/sample_advisories/2019/NESTOR/06.162019.index-at.xml,4188,424a60e766df68bddbd52bb216eef32033cb20651a03a143d5d07ca1aff65274
input/sample_advisories/2019/NESTOR/06.bal162019.dat,432,a11c89f4e1564d3357aaeae8842e22badc0a7c207d3103a65b1e691c2efaf09c
input/sample_advisories/2019/NESTOR/07.162019.index-at.xml,4047,ef08c3c3197252b9e30ea4a8c116a8fe514c5689f5b4adf852c12b395cbfe4c9
input/sample_advisories/2019/NESTOR/07.bal162019.dat,864,fc176841f66d31523a28fbbe21682d7594380efb704a2d3e0471a311542a64e4
input/sample_advisories/2019/NESTOR/08.162019.index-at.xml,4051,7f51d8f01b0a8f9967fac7830b1c800d54fcc5fd1ae79edac67927000d4a9267
input/sample_advisories/2019/NESTOR/08.bal162019.dat,1296,f617b410186a0747975554da957ac90ab197889ab7c2ae67732707285177e5b1
input/sample_advisories/2019/NESTOR/09.162019.index-at.xml,4075,b29ce4eccc3600c9a8bf4ab5b2cbbe945e5467a076ceaf25f0b6f9d8782eafcd
input/sample_advisories/2019/NESTOR/09.bal162019.dat,1512,938f2afeacff6e481f9fc4c37bca1d36ef38fd7957c3d8bf2844755016f7cb2e
input/sample_advisories/2019/NESTOR/bal162019.dat,4280,3f22df90ed6f0d258a2561dc8fc5c74cf172956bbe7dd3e2a7a0d75a94c31c78
input/sample_advisories/2019/PABLO/01.182019.index-at.xml,2946,46a33ef58adde1182d4b938aa7f6177c9b9c183a265de7fa3072e0406bf006b0
input/sample_advisories/2019/PABLO/01.bal182019.dat,2049,e2cae7c862a5023254a010395e5d73700d426c54792f607a96cad9b01a00fb47
input/sample_advisories/2019/PABLO/02.182019.index-at.xml,2989,4a8b8534abb2f16aa1c7eca5ff371e52bd0b7351caf571e21c7635b68ead7a53
input/sample_advisories/2019/PABLO/02.bal182019.dat,2214,70f2de8cea8c31cab3e9e7bbdc971132e57d4b4ab522dbdb106e28697a1f97d0
input/sample_advisories/2019/PABLO/03.182019.index-at.xml,2951,2cb75f35d4b997680b222cd4a83200bf3050e91577e7b87411a3f32b0a6be080
input/sample_advisories/2019/PABLO/03.bal182019.dat,2412,f1fed253493d36768fe7427d2cbc289d04f1e044dd846096b477518c595278e8
input/sample_advisories/2019/PABLO/04.182019.index-at.xml,2693,97446b7f0b56fb787f1d64eef81440fcca8ada4ee567d2c1c2ed21844bcc9442
input/sample_advisories/2019/PABLO/04.bal182019.dat,2610,04494614620cb14d57d24b0bb8a06fb86fe2c8d2f79ed17b1c556def5e58c433
input/sample_advisories/2019/PABLO/05.182019.index-at.xml,2754,05e2d879d93102b71752693aebab27f51304c2baee2497dfbd1fdce9cec5c767
input/sample_advisories/2019/PABLO/05.bal182019.dat,3006,5684123b591be06021fad83b79f3b973e682d5982747e04a079226361da09234
input/sample_advisories/2019/PABLO/06.182019.index-at.xml,2804,ad6955e67ced50b03939c0f7e73c0f959cc2b75a11521bb57f5c6050cf3f328d
input/sample_advisories/2019/PABLO/06.bal182019.dat,3402,798613c7ac7f3cafc45e3c9d7422a72b5fbb91bf85c404a9b77e0779f56f5d34
input/sample_advisories/2019/PABLO/07.182019.index-at.xml,2831,d0822bf5f7988635932b96a5a00413d4af1b6823df2480f8c7ee4474bc81599f
input/sample_advisories/2019/PABLO/07.bal182019.dat,3798,b92a1f7f1fee48b316abd798f97ae930673772dc399de4c20175fad3d121fb6f
input/sample_advisories/2019/PABLO/08.182019.index-at.xml,2851,a79dfa68567473202e5270ad414eb134468a765fa49939b4a4ff11d38da8d81e
input/sample_advisories/2019/PABLO/08.bal182019.dat,4392,de5737ab45bf5afe4ab2c932b0c50152c409ea3fe4f631f1f6c3dbfb21493639
input/sample_advisories/2019/PABLO/09.182019.index-at.xml,2765,01ad9f0c555328674ec09a8c465ec46ae1f698d2fefa03ff863bf4a0692aa0d4
input/sample_advisories/2019/PABLO/09.bal182019.dat,4986,8dd645413c53c26abcbe5b5831e4771df84a66162545fb58066e5799c9d4143e
input/sample_advisories/2019/PABLO/10.182019.index-at.xml,2545,fa462f2440a36be87895ea3d2247c5a50a7b460396133192a52c054ce9c979d5
input/sample_advisories/2019/PABLO/10.bal182019.dat,5382,2c47a3027f0e92d35a335bb4f042ef7582d2642cdd43fde30a75cb6d7ad1f125
input/sample_advisories/2019/PABLO/11.182019.index-at.xml,2456,9eb29af00ff732d2d2a7a0269ce09ad1caa51022f77797569f840aac31272324
input/sample_advisories/2019/PABLO/11.bal182019.dat,5580,e4b5dcf0681126c2187e4113e8ce696333613bbc7accba37a604c6d26ba402e0
input/sample_advisories/2019/PABLO/12.182019.index-at.xml,2774,b272ecf1574f6233af9cf85a7d33d3c1885a02ff65396836c059b9e79a2489ea
input/sample_advisories/2019/PABLO/12.bal182019.dat,5778,dd55e0c2eebad2cc7a152a54cbe0d6d1a650037b4fc5e14dc81533b6e56ce2f2
input/sample_advisories/2019/PABLO/bal182019.dat,6108,11e71fb65f4812e2c58e81b6d9d48002eff5593ba59e6be71b6a0a378eec833d
input/sample_advisories/2019/SEBASTIEN/01.202019.index-at.xml,2713,c1387074e8fbe08855c0afbb0fe79935ff5ee6a5f8237762339a57ef64d3c03d
input/sample_advisories/2019/SEBASTIEN/01.bal202019.dat,468,aeb6e97ed744803fe13fc736da5b73c4314372d28469a9ee2b0ff36c982dc5bc
input/sample_advisories/2019/SEBASTIEN/02.202019.index-at.xml,2750,b73e0f82699e3d81f95c32843cc43cb401545c9ced606f64c819168cdc3c324d
input/sample_advisories/2019/SEBASTIEN/02.bal202019.dat,754,7f7816833646dbe1e0edc46c133623787d6ce551ddeee8382ccd4f6ce8ac4fc2
input/sample_advisories/2019/SEBASTIEN/03.202019.index-at.xml,2741,090533992da11669f8ecfa481ad523783b27d00e71b12cc2e7c7b8cccb184e79
input/sample_advisories/2019/SEBASTIEN/03.bal202019.dat,970,7d0cd24221dc24c2097b7089e40ec67288737b4e8248b6270535dfe081309cea
input/sample_advisories/2019/SEBASTIEN/04.202019.index-at.xml,2769,02a97b0c48d371ba7b92ab74d462b2ca14d874c5924921070ef02fc62535ad11
input/sample_advisories/2019/SEBASTIEN/04.bal202019.dat,1186,397cff485c3590ba2e8ff3859aa8d31da6a9a40b9adc803803e626bd845a1904
input/sample_advisories/2019/SEBASTIEN/05.202019.index-at.xml,2770,26cd9940b97bc685fb004d4667846ee41cf2e3403c66892b641a240e5701765f
input/sample_advisories/2019/SEBASTIEN/05.bal202019.dat,1402,4657a637f79af31bd1d1ced0e63d9f8cd859618465e8a9b39e6dce07176c4190
input/sample_advisories/2019/SEBASTIEN/06.202019.index-at.xml,2798,9246626b4e9e19ffc7919511895bf0d86510dabb6760790a8ee757a13cfef89c
input/sample_advisories/2019/SEBASTIEN/06.bal202019.dat,1618,828ad4ebce9b2f1c27a32211d4286224e64507941f1aee51edafb2aceffda867
input/sample_advisories/2019/SEBASTIEN/07.202019.index-at.xml,3179,1249318d60c7ea4adbad7549a53d63f784c2baa657e85a13323ddfb99d1506c4
input/sample_advisories/2019/SEBASTIEN/07.bal202019.dat,2050,8133cd7ba52cc47de2667288a8227f9b13a0ad8788862767b976fd6c43ea5db5
input/sample_advisories/2019/SEBASTIEN/08.202019.index-at.xml,3194,17d9329e609c8639084621745046a42f5b58282cbe2e84ece32c70afcb6de87e
input/sample_advisories/2019/SEBASTIEN/08.bal202019.dat,2482,d62370b7b2d543aeb0579fda90f222bb1557c19a8e7c8d4f9872c396d5fcaece
input/sample_advisories/2019/SEBASTIEN/09.202019.index-at.xml,3222,ac4e27065d8b739114c7727be74554d92c0b8c2ce6d136b0de595f00476d6ab6
input/sample_advisories/2019/SEBASTIEN/09.bal202019.dat,2914,074df8d8b57e9c4036674bbcc39e8cc2cfe141ae1b4178a3f8893f2abc460732
input/sample_advisories/2019/SEBASTIEN/10.202019.index-at.xml,3102,6d47123af51e8079b95be89819ea6d43ec9a6d8f4c837653f5f7058fba7ec04e
input/sample_advisories/2019/SEBASTIEN/10.bal202019.dat,3346,1cf59782c4f1ddafb131f3f151d70b2c56b794e268812cd45a39dcc401ae1d9a
input/sample_advisories/2019/SEBASTIEN/11.202019.index-at.xml,3036,c3f580828952c5b379790f3c39f70a5e466560de7d7903c4acb0747fbfc40a6f
input/sample_advisories/2019/SEBASTIEN/11.bal202019.dat,3778,731182338e3e1cd9bde12aa536c7f671a029f1cd35c6baf5ec9a8d8624dd03a8
input/sample_advisories/2019/SEBASTIEN/12.202019.index-at.xml,2974,35275633e6f2c548780ddb92cb85320573c4492095b057c3a75465eed547abb1
input/sample_advisories/2019/SEBASTIEN/12.bal202019.dat,4210,95e6efb241402b74b75a6dad40eb753ddb7827508c0f2505b68d69a09bb1180f
input/sample_advisories/2019/SEBASTIEN/13.202019.index-at.xml,2711,50a0ee354cb3a8e1226aecca38b1c1e415a75dbc4fbbb58dad2c8f735c3d6cef
input/sample_advisories/2019/SEBASTIEN/13.bal202019.dat,4642,1b898ef777aab0ada27e9b8742f492e62a8342b2068b79742a2fb7eac2decbad
input/sample_advisories/2019/SEBASTIEN/14.202019.index-at.xml,2727,6a36d9f72f6839081223fba11a53dc53ad2d5de1fe3b336120e3bf8e0be1cd05
input/sample_advisories/2019/SEBASTIEN/14.bal202019.dat,5074,4bb95013990ac16a2995dde4c072be3c18f5a9267d842c3f3357c355924627aa
input/sample_advisories/2019/SEBASTIEN/15.202019.index-at.xml,2733,ca01cd419143d184aebade7112f4a723c92ea97592b63755082d4d611f58081a
input/sample_advisories/2019/SEBASTIEN/15.bal202019.dat,5506,717f3c872ee509195d29c77cdfec80242ce2e8cd5bf4f8d08b969118b8d9f5e0
input/sample_advisories/2019/SEBASTIEN/16.202019.index-at.xml,2729,cb2f3bb14e0e438465e7fa5eef2108da717165d3288af921af7ae8236910a7e1
input/sample_advisories/2019/SEBASTIEN/16.bal202019.dat,5938,891f2ef702624944965aa52c14a375171000fc1198d8e7883006cc0935ad0bef
input/sample_advisories/2019/SEBASTIEN/17.202019.index-at.xml,2843,7660fa0e31467fb2c12e0e96a688d8e2f6af879532b6f8444b9b7b12733cedd3
input/sample_advisories/2019/SEBASTIEN/17.bal202019.dat,6370,332c09289087137cd6928954426baa4407627d4255e8417017db12ffda9209fb
input/sample_advisories/2019/SEBASTIEN/18.202019.index-at.xml,2865,0dc8f132902c3dc1f7d783381c231a39993b9f82cf14fc44b49491cc45bcc232
input/sample_advisories/2019/SEBASTIEN/18.bal202019.dat,6802,c900dc9ac309ed8f26b0b6f7876290f9e927ff6af351ede0dad84aaee048160c
input/sample_advisories/2019/SEBASTIEN/19.202019.index-at.xml,2851,0decb743b96c403b52f04b963e40643eaa0302bc2074767647a5906a1f0b9607
input/sample_advisories/2019/SEBASTIEN/19.bal202019.dat,7234,09b5089f466d9f942d2ef1937318fdb83f1e89ecacbff52f418e620b82256cca
input/sample_advisories/2019/SEBASTIEN/20.202019.index-at.xml,2908,31d71958b54987e046647597c38d1d218713de778dffbe6f2e8a880398e866b2
input/sample_advisories/2019/SEBASTIEN/20.bal202019.dat,7666,d8eac519073706ba7e598e56d216f4c3ca35452ce71fd2c134c9f32c205c6694
input/sample_advisories/2019/SEBASTIEN/21.202019.index-at.xml,2763,0090890cbbd5af27fcadf018f5f49e52f1df2309d795cefa90bae358c320daef
input/sample_advisories/2019/SEBASTIEN/21.bal202019.dat,8098,e0c776606a3d12a590c0ce9cd93838a0eb9602c73478805bd63e426df1010f02
input/sample_advisories/2019/SEBASTIEN/22.202019.index-at.xml,2694,be2801d154f229df95dd6a1f2fada4b9e331394e585ceae865dd4f84e6591b73
input/sample_advisories/2019/SEBASTIEN/22.bal202019.dat,8530,b3f01afd7b198e1c8098aeebff0aecfff86f20dc088908af30e44932d2a5c154
input/sample_advisories/2019/SEBASTIEN/23.202019.index-at.xml,2903,d415057f037fe8ed99adee758bc6e9242d1707b433c1ab2030245034ecd35893
input/sample_advisories/2019/SEBASTIEN/23.bal202019.dat,8962,28e0dfd2ee57b2fc65e6de4dcfdbcad406d610d7b5e1e0ce1e09901279dc6cc6
input/sample_advisories/2019/SEBASTIEN/bal202019.dat,12202,0c05fba8ce16f5a5ac8d2c53bfb35635774f124523e3eb3dd9d4798b8ca84310
input/sample_advisories/2019/THREE/01.032019.index-at.xml,2449,67694adadd0503134ce9c00ccb8bb68574c81f28fddd16ac9687adc4e4812457
input/sample_advisories/2019/THREE/01.bal032019.dat,468,db9057a039997f1b26422488c794ea1a070fb7ee8cb562a59233fd047f3f3bd0
input/sample_advisories/2019/THREE/02.032019.index-at.xml,2383,950744484f0b2fdc20a96749789b061ef32522c53aed403d5848f1e86dfc58e6
input/sample_advisories/2019/THREE/02.bal032019.dat,684,b55700f9f2cb5988a6f7c9a27f906d86e1a9500a248230286dfe830281f24d20
input/sample_advisories/2019/THREE/03.032019.index-at.xml,2364,5910f7b1cb8dccea7fd28944151c92582442637455b3f8b5bac0f7814b0ffbfb
input/sample_advisories/2019/THREE/03.bal032019.dat,900,985734f4b6aaf8b58c146cc4084f75b4a3aa68c5d475d47381a9cf12855c1182
input/sample_advisories/2019/THREE/04.032019.index-at.xml,2378,e263c4f42140070c1f0815879f1611b713456be44d5b208f214c8f099327fd28
input/sample_advisories/2019/THREE/04.bal032019.dat,1116,532dacb5f8587a89066dabc8d6ab884d8aec2f6a8fa9567ad9b604adaf07263a
input/sample_advisories/2019/THREE/bal032019.dat,1116,532dacb5f8587a89066dabc8d6ab884d8aec2f6a8fa9567ad9b604adaf07263a
input/sample_advisories/2020/LAURA/00.bal132020.dat,14940,6d8d4679ae217fc0d5383bf8d050177b922c305d5d07fdcf015709392f0ea3cd
input/sample_advisories/2020/LAURA/01.132020.index-at.xml,3716,dc0dd529cf65f4975c91ea61dc7c7743ee562b430b2f87436d3b39ef5e9191db
input/sample_advisories/2020/LAURA/01.bal132020.dat,252,42f460a5d25297809f5a81e5ddc4d9c13a457a80a897a96be959991a982a7ddf
input/sample_advisories/2020/LAURA/02.132020.index-at.xml,3654,51c075ca3243009d1148182e2f5343c80d784003c648d1ba42da2ed06cab6482
input/sample_advisories/2020/LAURA/02.bal132020.dat,468,921aaa73a2937ecb00ad363cd908e314cc84983ed834d5b2ad9a3eff0b32b69c
input/sample_advisories/2020/LAURA/03.132020.index-at.xml,3788,b3951ccde94576e89e41b266c61545fab7515fa3ea34819c78ea7dda7dcf3cb6
input/sample_advisories/2020/LAURA/03.bal132020.dat,684,1b55deeacd5775b04daa807dc790f349c5f967606b8ec5d8287146ca700529fc
input/sample_advisories/2020/LAURA/04.132020.index-at.xml,4127,156515cc03898ffa5a6a786e27ae471e326fcb8d2df76b5c9db62a6f2f0a02dd
input/sample_advisories/2020/LAURA/04.bal132020.dat,900,8f1f5b8e1dbe4a8765cbb445e4ef1c5f0b996af991236327e4c84007a46aa3fc
input/sample_advisories/2020/LAURA/05.132020.index-at.xml,3837,1cfa148a430d441751c0021a59a0246d4b902884e7df287c5ec8458b3ba2c458
input/sample_advisories/2020/LAURA/05.bal132020.dat,1116,3690b3070db60a72485815a4961510afd470b7e4dee3152f3957d8b0de255f27
input/sample_advisories/2020/LAURA/06.132020.index-at.xml,4262,5ec311cd65b3be4b3072cf28af86b532979bb67ecdd32acb0bff1292c1bf675b
input/sample_advisories/2020/LAURA/06.bal132020.dat,1332,0376439ddbcb28a371e8bc84bd14daa38544ce38be9e5c07d37e934e890c7dd7
input/sample_advisories/2020/LAURA/07.132020.index-at.xml,5168,0b8cc42bf7ef3407ff27ac99e33b3a91c704cc19c9e1756c6eeeca2659577a0b
input/sample_advisories/2020/LAURA/07.bal132020.dat,1548,d72d5e89084acc458d52c1297c7612621a9adbfdac4a86da8fd1279dc0c2b54d
input/sample_advisories/2020/LAURA/08.132020.index-at.xml,4422,a10839f73a2c22e3592a20adde07fcc3e54aa4c8a7a8d4bad2cfbcfae957d463
input/sample_advisories/2020/LAURA/08.bal132020.dat,1764,ea2b1fb01fcad1b3c6a534827d96874eeb04b9c9cb3d0962460109c2f2139f2f
input/sample_advisories/2020/LAURA/09.132020.index-at.xml,4509,27ceb1c67431b361c361645a971a03484cca39c79665ba5e18d298347d9b2420
input/sample_advisories/2020/LAURA/09.bal132020.dat,1980,bbe01862b048ddd33187c8466dbdd0a32486aabd2d04b0149c4fd8d0f5229bfd
input/sample_advisories/2020/LAURA/10.132020.index-at.xml,4374,694a8c4d970922e52e7b7a80355d6159b365ae690a29ec4f38f5ad4c723c98c2
input/sample_advisories/2020/LAURA/10.bal132020.dat,2196,f1a3e90ea24a68c6c2d46c9b80d1c32622bf8d7457347fe5404d4af683497f37
input/sample_advisories/2020/LAURA/11.132020.index-at.xml,4731,84872665ededecf6ac15b2b5661f401a27c2c5af7fb5ca1748b0f28288b375f8
input/sample_advisories/2020/LAURA/11.bal132020.dat,2412,700856cebc695c2da55296785f005cdcf3d792ccc0793cc59d3f5a3e45e6e9b7
input/sample_advisories/2020/LAURA/12.132020.index-at.xml,4809,ada25bba72c3880d3c9b8239a9eb295360309d8cf6e109f2c1b3ab2338dd4d74
input/sample_advisories/2020/LAURA/12.bal132020.dat,2628,9a5cef7ce31b453ecf440ff34439ce1f35f0dbdc32ab8e4cb8c15be72286d354
input/sample_advisories/2020/LAURA/13.132020.index-at.xml,4636,aed887bd7b1083644c8c8450ef80d4cb6025b234a749e830222d335c7a6054e9
input/sample_advisories/2020/LAURA/13.bal132020.dat,2844,d58f315145150d2c0fcb983c87d67073ade6a628e957d6698d620b6208c42f58
input/sample_advisories/2020/LAURA/14.132020.index-at.xml,4833,8aa6388b96bec66d52d54ec06af1c8deec8c62f2b0fe66bb784488f051cecd0d
input/sample_advisories/2020/LAURA/14.bal132020.dat,3060,f3309837370003e9d18c551626c579ebf49d5163151e73eda52797f102b9813a
input/sample_advisories/2020/LAURA/15.132020.index-at.xml,4741,52e0c78dd338da429f7d1126f3ad9538765c1ed747b55f5f2c14c678b371cce1
input/sample_advisories/2020/LAURA/15.bal132020.dat,3276,7979f4b98231b2dc52be3634ee5853a241a55d26df119601dbd25d0121bda927
input/sample_advisories/2020/LAURA/16.132020.index-at.xml,4955,c8be7ca4e60b0ed715160a5cd63ba9b5b190df95dda2d67d80df9f4f08b9eaad
input/sample_advisories/2020/LAURA/16.bal132020.dat,3708,32dcce17f95211f1913fcf0d4a5bd894e7595af8040dec13053ba22c5763882f
input/sample_advisories/2020/LAURA/17.132020.index-at.xml,4531,d59b106437d56273089fb725d55353d2cfe37ee5fd9916094f07e01235ea7238
input/sample_advisories/2020/LAURA/17.bal132020.dat,4140,7db3c3a550268868e9a7d77974d1b978d10763b8f410997cc49cad90f0b3a663
input/sample_advisories/2020/LAURA/18.132020.index-at.xml,4327,6955a136222741cb2735392c03eb4a454dd7d434b4c08b6a8b3c8a4c01ca7728
input/sample_advisories/2020/LAURA/18.bal132020.dat,4572,bee3d693a1548173108047ffc4cdda0d9b6422c0bac7a6f102e4c069664aa727
input/sample_advisories/2020/LAURA/19.132020.index-at.xml,4319,5616386da888fbd2886f439b581f5cd510299c134379890f916c0f883fb9ab6c
input/sample_advisories/2020/LAURA/19.bal132020.dat,5004,15d8a80489ac39757cb2865ecfbcfbfa0186a0ce0a530debd3c9026ebd0e04c9
input/sample_advisories/2020/LAURA/20.132020.index-at.xml,5731,49cb9cc16d71e88a33b45deee199a8cda7cb7258f976562af220065585346ce3
input/sample_advisories/2020/LAURA/20.bal132020.dat,5436,491e63f15d770f887bd37a5cf8e995a1c6f480b1b771eaeac455d0caa56d2226
input/sample_advisories/2020/LAURA/21.132020.index-at.xml,5171,4d2f61a754e75c2516a8657f848d0107f0af721d333ab0f6f4164aabb37802ca
input/sample_advisories/2020/LAURA/21.bal132020.dat,5868,0bfd72ccfe8b6d38209f8632a9dfc58bb5ce2b6f182d69665f01d815cc1b23dc
input/sample_advisories/2020/LAURA/22.132020.index-at.xml,5411,eb8fef75e62703c7e945ea7bd93fca5c6180df6ce5dd0190f7eced2d04ffc4fb
input/sample_advisories/2020/LAURA/22.bal132020.dat,6300,d4a5895fc5e0182bcd0e4ff65247e6ee03b34898c5ce4f421918f5a922579c7e
input/sample_advisories/2020/LAURA/23.132020.index-at.xml,6386,1d066cfb9a9268b12e6dc4ac6b5d78a5b22561b98e51bea06b48e8730ebb162e
input/sample_advisories/2020/LAURA/23.bal132020.dat,6948,902e4d5df2e67a57061cccbc54ab9ce2a5d21d7b7347df0fd5b42ea775b2f040
input/sample_advisories/2020/LAURA/24.132020.index-at.xml,5779,facfe4c356c8fa0a16d544d6c5359deb142cde234068e929549bf7a5b8f1b293
input/sample_advisories/2020/LAURA/24.bal132020.dat,7596,8b9f93f50101d1938ddd9eaa26393397cb16e578ff36ac9a5f71a7d130f12e9c
input/sample_advisories/2020/LAURA/25.132020.index-at.xml,5682,806fcc7c1ebf50d9ddeff3157cba1ff7f08908bb877203bec380f5cfbcfd04c3
input/sample_advisories/2020/LAURA/25.bal132020.dat,8244,7ef552afe714e0f95e96b1d6fdac6a850604fee743209cacdfdb85de17aa29cc
input/sample_advisories/2020/LAURA/26.132020.index-at.xml,5307,6abd5ffb2385e45b2a5406ed13f17262e8d1ec9427c9c14856524255f3e92a36
input/sample_advisories/2020/LAURA/26.bal132020.dat,8892,4d089fe4d49b097a47641fea1aeaaf69a2e72e9aa5b792090d415c0e8444c5b7
input/sample_advisories/2020/LAURA/27.132020.index-at.xml,5238,d59e5ee6f3ae126f157708082f649df72e453663a0184a9badaf35ba596f46b0
input/sample_advisories/2020/LAURA/27.bal132020.dat,9540,a91352d76860191d3b07a6225b2d795ed97ad3ebda047244532d963b7be8e84c
input/sample_advisories/2020/LAURA/28.132020.index-at.xml,4964,d6ee4d6f8bb09ec57e5bb47519ead863dff23609f6f9a06fc12fdb384ab5a7d4
input/sample_advisories/2020/LAURA/28.bal132020.dat,10188,48d2af2919bb377609544e66e1013859ded19e1e99e2eda7c5a811dd212e312d
input/sample_advisories/2020/LAURA/29.132020.index-at.xml,4865,16d45d64afbf334747ffcc10cfedb78821a7a913653ebb2528856ccf34ddff3e
input/sample_advisories/2020/LAURA/29.bal132020.dat,10836,fcb8c673eb82ab3718cea7485d9351feccf7d6564d3a50bf33d6007177f2e75e
input/sample_advisories/2020/LAURA/30.132020.index-at.xml,4946,26698b518ace3c8093cc8ad3e01e46e07cd8af4a52ba30f348f9ccb353b69b19
input/sample_advisories/2020/LAURA/30.bal132020.dat,11484,43ff7b2aa043c90a56e80011bf8bb25bdf02d0746c155c9f762e5089dd9b88d4
input/sample_advisories/2020/LAURA/31.132020.index-at.xml,3999,d43824dbf54f12d5e7204330a5bb9ded2951de03a185418a4a7e0e1abf7c8e3c
input/sample_advisories/2020/LAURA/31.bal132020.dat,12132,e360a1be249146b9cdae87f2c37f7e68b6f2ecfa44c64f5e7f1f09f41272e0d3
input/sample_advisories/2020/LAURA/32.132020.index-at.xml,3272,7562e7a1b6e08087bee064b0a4bab4a0e07b27a903d4ede9f05b6559c561937c
input/sample_advisories/2020/LAURA/32.bal132020.dat,12564,63eaa1e978a5d1a795d2fd6c216b3b297e5f31717d2ffb8a8c44c0213f5a51b4
input/sample_advisories/2020/LAURA/33.132020.index-at.xml,3312,1fdcef62642b59ea3ba2eaa6af127627b3628031be8cb040039de8e6318f40c6
input/sample_advisories/2020/LAURA/33.bal132020.dat,12780,26a4cc179fb203e78512196127139f0a492e99f8371340001fdee114769093e3
input/sample_advisories/2020/al082020_hanna/01.082020.index-at.xml,3548,51e28bf6384748c6c640fe6160dc55e236785811d49e0f853b0f5606292d2170
input/sample_advisories/2020/al082020_hanna/01.bal082020.dat,252,bd7b9538d20b26b78124d59edc7a99288156d4b68fb1add6c97b77a49457893c
input/sample_advisories/2020/al082020_hanna/02.082020.index-at.xml,3457,9261e670853a136e64735aec5a8926487a86c325ce32d96de7a74e9bd9305f1e
input/sample_advisories/2020/al082020_hanna/02.bal082020.dat,468,e505de8ffe065bcbf0d869758d01b47b65bc130bb31b39eff43b853bd6121210
input/sample_advisories/2020/al082020_hanna/03.082020.index-at.xml,3560,67fc0aa68e0504966fcec1ee7bc0bfd42d32c8b93c6e7bfd45b89646af7e46d3
input/sample_advisories/2020/al082020_hanna/03.bal082020.dat,684,822c2e8807c03d1c068cb72be43f43af1b9b619559b4459e593884e61af7aca6
input/sample_advisories/2020/al082020_hanna/04.082020.index-at.xml,3918,2f7b77266c5339bce0b73adffd2efd4a963820174e4db29383ae6b1c7972c315
input/sample_advisories/2020/al082020_hanna/04.bal082020.dat,900,b52cad87af2099b54a4c43f0ef3dc0be8e2a720f7f02861c1517fe2059062d08
input/sample_advisories/2020/al082020_hanna/05.082020.index-at.xml,3809,d11c044ee4989047ab1defa92723e0ef52ca42c7b77608ff52521371c62164b9
input/sample_advisories/2020/al082020_hanna/05.bal082020.dat,1116,b8b732d3ee77bcd1320c4df57ecf21ec8c25d65015b92d5338b8e1123b79272a
input/sample_advisories/2020/al082020_hanna/06.082020.index-at.xml,3658,3df9f65c4344e3f3a6dfd55bbc77c964a38ca52774e611e85a6ec179b5fdefc3
input/sample_advisories/2020/al082020_hanna/06.bal082020.dat,1332,5e2249defe11059c4b952a1538b7090cb13607779746cfc5f55c2cfb6b8a92c9
input/sample_advisories/2020/al082020_hanna/07.082020.index-at.xml,3601,8f2ef7b3c5e700c2773987eeda1b0fb5f4607b740ebd28150751f7042edd34a9
input/sample_advisories/2020/al082020_hanna/07.bal082020.dat,1548,b5b2ef0322d9df8c19f8da1b4074bc2d74bc7ae25b5354c90df8c4c320ba3395
input/sample_advisories/2020/al082020_hanna/08.082020.index-at.xml,4539,b543297fbc89d716f6009f7f7961546882c7aac68203051acd3283af8ecd583c
input/sample_advisories/2020/al082020_hanna/08.bal082020.dat,1764,6868daf526543d2cce9f8c8bf7464b7b26a5a4d637bc0208ebe944087e4c2ddb
input/sample_advisories/2020/al082020_hanna/09.082020.index-at.xml,4711,dab6c68e0ec8446f0f1aa99e7eecf8d13f49d1aaf1b04e7aeb819a7937568808
input/sample_advisories/2020/al082020_hanna/09.bal082020.dat,2196,542a06577955cdea21e78f99e74350df0f1e42022e1b84f61526c9ee8907c27b
input/sample_advisories/2020/al082020_hanna/10.082020.index-at.xml,4417,ff2880c47412a80ac5afdc84975b917500045481f13b014f59de1911842cc772
input/sample_advisories/2020/al082020_hanna/10.bal082020.dat,2628,8fcd50cca3df86b33df0659ec63ed42b6048f75051ee783bb78fbdd83ee50e87
input/sample_advisories/2020/al082020_hanna/11.082020.index-at.xml,4419,5eb19f59f5fb8eb91bc0a2cf2c142e34d1474245960af99b36661ea924381045
input/sample_advisories/2020/al082020_hanna/11.bal082020.dat,3276,e0246c0f8d0821e29b0f23994fd1ca8a59d9bc2f3add2ee60606e0bcf7afc295
input/sample_advisories/2020/al082020_hanna/12.082020.index-at.xml,4310,cf7a46c112d44c472c96ec897325c8f19da14c7426725b4864c69d1d3f028d9b
input/sample_advisories/2020/al082020_hanna/12.bal082020.dat,3924,6ee6c89a166f132bcedf8000c69ae1b85e05a23efb7f5e8761ce92a08f333407
input/sample_advisories/2020/al082020_hanna/13.082020.index-at.xml,4202,25a9f51d9ebf7e93749ee8256f7f0ae204ce8c8b17aa9e78ae8783b6299b2934
input/sample_advisories/2020/al082020_hanna/13.bal082020.dat,4572,0e6a09ee7d0caabba12f350df97f87fbc6222a463f3ccb2d9887213bbd5e47b1
input/sample_advisories/2020/al082020_hanna/14.082020.index-at.xml,3121,4b77b4317db992354706cd42f10fd0e8d5593929d73741d528f08bbea0a92a77
input/sample_advisories/2020/al082020_hanna/14.bal082020.dat,5004,4351203d40847a83e6469d3d3a633677b51583aa7d7129da8173556886fbf20a
input/sample_advisories/2020/al082020_hanna/15.082020.index-at.xml,2851,61629aac85d0f77efa736174a57160a4ea2c344627419223e40c87edf3f6fcff
input/sample_advisories/2020/al082020_hanna/15.bal082020.dat,5220,6e89d1e50704858b3a6dc069afde17c2de71f497500dde21d3c7e3696d232441
input/sample_advisories/2020/al082020_hanna/16.082020.index-at.xml,2842,4f6084b82fd578534805f6581b426e1a12302b9eb0af0dca3791dd4fc20724b5
input/sample_advisories/2020/al082020_hanna/16.bal082020.dat,5436,571e8c5105a0f4f16d65c1eb72ba4d16fed22b7e63c948deff7deebfdb4bb75b
input/sample_advisories/2020/al082020_hanna/al082020.fstadv.001.shtml,21558,c644e86a46dab7749caa77bb94fa0a13b1a3ebc7759ac3d8ccae2f122d07883e
input/sample_advisories/2020/al082020_hanna/al082020.fstadv.002.shtml,21467,0dc3e8cac6742fc66ee1466b25ce19e01ec6b368b608e7e14518a704ba83942c
input/sample_advisories/2020/al082020_hanna/al082020.fstadv.003.shtml,21570,5d2b68fd8dd3412bc2b19ff6ca563043a2e346a9759d0d58e74227456f682b0f
input/sample_advisories/2020/al082020_hanna/al082020.fstadv.004.shtml,21928,1073512e1f5d934f2810c735e1f3ca666855eed7baf95c3614d21a7d3103a951
input/sample_advisories/2020/al082020_hanna/al082020.fstadv.005.shtml,21814,6be5ed47f4870dfbab41411d10708ac75d7f4c416a4b9f7e05ebf2c618f46089
input/sample_advisories/2020/al082020_hanna/al082020.fstadv.006.shtml,21663,b3ab6ad17723caca9a7d8653ff1a16e08942767cedc6624a1f45e5b660dced22
input/sample_advisories/2020/al082020_hanna/al082020.fstadv.007.shtml,21606,58c91ef876f3feee2042be01c4668bef3cbee850a1ee1948fee4e079372f7bf9
input/sample_advisories/2020/al082020_hanna/al082020.fstadv.008.shtml,22544,517c8cdbf74e358cdb5affa6172205dc24c5490bc134894966dba1d5c3884f21
input/sample_advisories/2020/al082020_hanna/al082020.fstadv.009.shtml,22716,5177b7125de4efd9299e442a6ebe068bbfaa3d2264764006fdd08bca8497177e
input/sample_advisories/2020/al082020_hanna/al082020.fstadv.010.shtml,22421,50503313efd674f530e66ea75a1dfdeeb7149fa19d37bdaa67c3a272bd2a1aaf
input/sample_advisories/2020/al082020_hanna/al082020.fstadv.011.shtml,22418,c1ebb4cc7d1ed5dba296c738bb322b7b84325916999861ccd81b2bb3c2fdea2d
input/sample_advisories/2020/al082020_hanna/al082020.fstadv.012.shtml,22309,3d6b37d0ce6feeda53aaa67310548086650207de4ff2dd4eac5c519e739d7f51
input/sample_advisories/2020/al082020_hanna/al082020.fstadv.013.shtml,22201,aed3a6903a6ef4379c6ed72006fc91dbe0495cc6fdad7ac1545d475b56a795db
input/sample_advisories/2020/al082020_hanna/al082020.fstadv.014.shtml,21125,55b1da138b6c4d7ed9c1d9223d69f653a4b9d72e67716dd8f563c20fefc8af92
input/sample_advisories/2020/al082020_hanna/al082020.fstadv.015.shtml,20855,e6c84f24f0c4a49f4f9e8ac6ef1eed73ce4ceaa4433f17bacff8239663f34f62
input/sample_advisories/2020/al082020_hanna/al082020.fstadv.016.shtml,20851,e29b208b13cf0539356a2f376dd1014db9c562ff35aa424e1e74d4140325aee9
input/sample_advisories/2020/al092020_isaias/00.bal092020.dat,17999,cfd3c6585ad17e9e779d7c5adcfef15979ecdcf9ccc4ea70318c338acf7318dc
input/sample_advisories/2020/al092020_isaias/01.092020.index-at.xml,4411,21ced1d4ea81f5dcfade6d95f7cf7cf09201525ba416b96f45166e8c5f2841ee
input/sample_advisories/2020/al092020_isaias/01.bal092020.dat,0,e3b0c44298fc1c149afbf4c8996fb92427ae41e4649b934ca495991b7852b855
input/sample_advisories/2020/al092020_isaias/02.092020.index-at.xml,4245,bedabc202f8e255aa9616f9b443b7ded328ddb28e5ca712fd750e0569f3f3920
input/sample_advisories/2020/al092020_isaias/02.bal092020.dat,0,e3b0c44298fc1c149afbf4c8996fb92427ae41e4649b934ca495991b7852b855
input/sample_advisories/2020/al092020_isaias/03.092020.index-at.xml,4589,54dd85cc07d1d82a2948547dbb72dc0b6b4a0ac8b49e2c7a94383bae853a372b
input/sample_advisories/2020/al092020_isaias/03.bal092020.dat,0,e3b0c44298fc1c149afbf4c8996fb92427ae41e4649b934ca495991b7852b855
input/sample_advisories/2020/al092020_isaias/04.092020.index-at.xml,4793,75f62c64e1422391ba934e5ca8dcfec68734f92920d3d36b7fc2b3b3cb27e5f3
input/sample_advisories/2020/al092020_isaias/04.bal092020.dat,0,e3b0c44298fc1c149afbf4c8996fb92427ae41e4649b934ca495991b7852b855
input/sample_advisories/2020/al092020_isaias/05.092020.index-at.xml,4830,5e0821e14fd1079fa96acf189243bd6ec9193521f946e0fae9540977d3502f6a
input/sample_advisories/2020/al092020_isaias/05.bal092020.dat,0,e3b0c44298fc1c149afbf4c8996fb92427ae41e4649b934ca495991b7852b855
input/sample_advisories/2020/al092020_isaias/06.092020.index-at.xml,4487,90a38d9d5b8b369ba598f4596515147b5ddbe31d2e81265ea67c2888983ac155
input/sample_advisories/2020/al092020_isaias/06.bal092020.dat,0,e3b0c44298fc1c149afbf4c8996fb92427ae41e4649b934ca495991b7852b855
input/sample_advisories/2020/al092020_isaias/07.092020.index-at.xml,4801,832f0b7089f37e30b010edd38f6ae772f5b6f7fd58b4ca1a393660caca8223e1
input/sample_advisories/2020/al092020_isaias/07.bal092020.dat,216,fabb85996f693366da7367f7551372f98327552eb906091e787d7c9c85bc6f30
input/sample_advisories/2020/al092020_isaias/08.092020.index-at.xml,4615,7812ac12c70a43649343aedd44352102043d9cacc818dc59c0476b0ef6d969a9
input/sample_advisories/2020/al092020_isaias/08.bal092020.dat,648,cb3fd2f9ad9a46bfa803808ff1ab448692cc307cda89e56ac8643308d51cfd11
input/sample_advisories/2020/al092020_isaias/09.092020.index-at.xml,4681,a84e0edc240a60c1f70fadb7b7ce1b39d2866f3c7974dc22091f59891e573bc4
input/sample_advisories/2020/al092020_isaias/09.bal092020.dat,1080,1c67be0ed28e5fe1be373acf935f8194a8a1a34fd650f939edc2348273fd709c
input/sample_advisories/2020/al092020_isaias/10.092020.index-at.xml,5067,a4041a9e60679ee28091c8a71ebb91f3b5f9c815bee001655020a50ae67f22ea
input/sample_advisories/2020/al092020_isaias/10.bal092020.dat,1512,88b0c4b2cfbc93bac490e79ae0a3665055d3a5291da8a372d7bcc96352bdedc4
input/sample_advisories/2020/al092020_isaias/11.092020.index-at.xml,5125,faa5693c7f7fe3eab994df27747cca02159a86bddd82137fa5bcfe855df78b94
input/sample_advisories/2020/al092020_isaias/11.bal092020.dat,2160,32346bdb6d83b0dbe837cf0596baa031117aa69841e84be4936d30f1170789d0
input/sample_advisories/2020/al092020_isaias/12.092020.index-at.xml,5491,37b9b3814faab33291d5e1694dfd6ed91fb1a2a3eea182e2346650a8ebbbfe51
input/sample_advisories/2020/al092020_isaias/12.bal092020.dat,2160,32346bdb6d83b0dbe837cf0596baa031117aa69841e84be4936d30f1170789d0
input/sample_advisories/2020/al092020_isaias/13.092020.index-at.xml,5260,e14f2b02cf2c8997b02a39fe94724e484330f1418ad4e4879fff055a7421996d
input/sample_advisories/2020/al092020_isaias/13.bal092020.dat,2808,c25f476b02389574c44ff3b7cd5dd353e7be6fdee1d1b67e6bba4a601a6e52ec
input/sample_advisories/2020/al092020_isaias/14.092020.index-at.xml,5462,c7faf6a7298371e4aa738f71aa1a2d91934f5fbedec3a2c1f7f67eb8af3bb04c
input/sample_advisories/2020/al092020_isaias/14.bal092020.dat,3456,bfabb2916933e2a20eb0fdf6f355c85b8ded535c13a882d1e81e7e46837c82e9
input/sample_advisories/2020/al092020_isaias/15.092020.index-at.xml,6212,e04711aa16a85b4a5858858250afd1abfaee4f26d7437ae480387d7297fb3bf1
input/sample_advisories/2020/al092020_isaias/15.bal092020.dat,4104,293d5567caa8fe3f3a46ad4ce8f410c41cb697b2595e2b783561c41ee0acab15
input/sample_advisories/2020/al092020_isaias/16.092020.index-at.xml,5670,8363d5e268a1d655c9071b425fe0eab5590d01e0e34bc3e4c93c8ad1975ba146
input/sample_advisories/2020/al092020_isaias/16.bal092020.dat,4752,e01e8ec892b7955b2600762434c4144371f015a95719f6136157ba37a8799641
input/sample_advisories/2020/al092020_isaias/17.092020.index-at.xml,5561,312991c006c69dd92b947f351b80ff6ad99f53d318f0ef8d8b7d38491325e387
input/sample_advisories/2020/al092020_isaias/17.bal092020.dat,5400,c48794efe836e9fb2b4f6719d79e5ad1292614f0eb5670c9e45f1df26389d201
input/sample_advisories/2020/al092020_isaias/18.092020.index-at.xml,5860,d0ff9bb4d926fe1470d6a4c2865f75651b423b8fa82c234e98766bd470f96ef5
input/sample_advisories/2020/al092020_isaias/18.bal092020.dat,6048,d213b01c0b737c6feb098d38d6b12838466b814f8a669a6309215cb3cdee62ab
input/sample_advisories/2020/al092020_isaias/19.092020.index-at.xml,5210,785af55ffcb3ee6fc0ee30d41d82fa88beb897ccd1ae1d9427fa12f8ed3092c3
input/sample_advisories/2020/al092020_isaias/19.bal092020.dat,6480,f9addb4a81bcd3dd9b9ac7d7fb95576c31920dfd317f3221914281abddf41a2b
input/sample_advisories/2020/al092020_isaias/20.092020.index-at.xml,5040,9227a65965578f419ce6d9feb257686eaef42fdf4d782b82567f599426f8ed7b
input/sample_advisories/2020/al092020_isaias/20.bal092020.dat,6912,eebb9a029a5089009376beca35d1ef125f1c78ac53c115682bd606396f6d3bdc
input/sample_advisories/2020/al092020_isaias/21.092020.index-at.xml,5255,b54e3550e861ea22d1df928265a2ef42239138c38f96fc6f5201bc4fb14bc9eb
input/sample_advisories/2020/al092020_isaias/21.bal092020.dat,7344,6bd692f4d102f57b5ee701ae5b3d11afbbddaab886d411c87f7ffdf842787254
input/sample_advisories/2020/al092020_isaias/22.092020.index-at.xml,4935,a1f9562c5c989a62b77bd1df2e13151efcd4095b901bc8dcc75fc568aac9de1a
input/sample_advisories/2020/al092020_isaias/22.bal092020.dat,7776,cdce8ef85e2df050ca7a3d80dc7e25b0325081cf23fe76d1168f760cc8083344
input/sample_advisories/2020/al092020_isaias/23.092020.index-at.xml,6075,190ff9f2e5c562b1503c887a7a90707e4dfaf12cf8fdf678a57f9b92fa6ddf1b
input/sample_advisories/2020/al092020_isaias/23.bal092020.dat,8208,57ec5de04ebbb75117673c2f5df1c74e0bb527f1a54a3e0dac1bc6528a5711cc
input/sample_advisories/2020/al092020_isaias/24.092020.index-at.xml,5797,bf44c7a2aadee9554173a729ad59802766e4957098df7cab602fdb79fe1027fd
input/sample_advisories/2020/al092020_isaias/24.bal092020.dat,8640,537459ba5a8d56d8b18b7a102b10f7981bdbb8c9f813ee02ca4ad663c1a5894d
input/sample_advisories/2020/al092020_isaias/25.092020.index-at.xml,6108,3b10e8424281aa38b9ca7d1688b66d63fc36ae11eacec6d81230fe913022236b
input/sample_advisories/2020/al092020_isaias/25.bal092020.dat,9072,bfa94e7330d1aaa8606af498b38f6e190038e3d48865a6ef6f17dee95d6460c7
input/sample_advisories/2020/al092020_isaias/26.092020.index-at.xml,6255,21b8a36471840827c890bbff98c9eeb2f10f6f73f600245c5a7155f99f57d17f
input/sample_advisories/2020/al092020_isaias/26.bal092020.dat,9504,eab88f60723a4a11f01c48b50692f2e69fb1f7e6eec23a740aa0ed41af5754e8
input/sample_advisories/2020/al092020_isaias/27.092020.index-at.xml,5308,bf1eeae337453a5b8f33f9f076f423a388e3260171090a97ee65f7c4b202ef2c
input/sample_advisories/2020/al092020_isaias/27.bal092020.dat,10152,5868ac692f2360ec0f2bf90a9e6a04fc6e7ac9e972ee6e63b9bf8afc819eb905
input/sample_advisories/2020/al092020_isaias/28.092020.index-at.xml,5007,309857a53f139c21b170f1e0ccb181daf370022d5035b5c500b02d4310c7bfca
input/sample_advisories/2020/al092020_isaias/28.bal092020.dat,10800,cab93548c92ea825f79dc69d9e2807930198992988832569bfcb9f1f82a32ef0
input/sample_advisories/2020/al092020_isaias/29.092020.index-at.xml,4415,18eac010b670172903f66b9304a9cd7809b7203a8cfdcbb5aa83bdcbe63c699b
input/sample_advisories/2020/al092020_isaias/29.bal092020.dat,11232,8acd9100e986aa256418f50543b353bcd6761670c7acfc31d39a29e99721f2ba
input/sample_advisories/2020/al092020_isaias/30.092020.index-at.xml,3431,3af372ec16d612b24477a890649bd5c8a834d31cfc63bb74d7733bf242842ea9
input/sample_advisories/2020/al092020_isaias/30.bal092020.dat,11664,869567e2f199e099915b40ba8c0b31fc32791e623aa919689f81529b1a14be66
input/sample_advisories/2020/al092020_isaias/31.092020.index-at.xml,3452,bd7bd15829286a6461f8db7c74ef8c6ddc74fba5064ce3d444bd8aeb8ee1b9cd
input/sample_advisories/2020/al092020_isaias/31.bal092020.dat,12096,f73655ce9279b55f5b928eb342017c90a25b86f48f935a5c37541e787289f96e
input/sample_advisories/2020/al092020_isaias/32.092020.index-at.xml,3016,e04139863f9e5c1d2c7eb0884285c72885811f62ba8531e8b220fe47d420de23
input/sample_advisories/2020/al092020_isaias/32.bal092020.dat,12312,3cb770f7902992d76842c336f1bb00425104ae36b4e17f5a5e5e64e4f7cd61bd
input/sample_advisories/2020/al092020_isaias/33.092020.index-at.xml,2520,902ecde59e40aa08e2288af4248acfa0e0ce26d0d799296ebebaa7cffb131a76
input/sample_advisories/2020/al092020_isaias/33.bal092020.dat,12528,16ef277ed8ea2886e0400160f2ba9833499d4a7e6e8f0391c3388a0a093da0c2
input/sample_advisories/2020/al092020_isaias/al092020.fstadv.001.shtml,22427,e09d26f38b4e3b24e8529ff6334295137d1a75d54ef39a420e73df6ece97d023
input/sample_advisories/2020/al092020_isaias/al092020.fstadv.002.shtml,22261,ed04b94f172806171148b7868e141cfe5ec668c31974f278b841121138c0c5b5
input/sample_advisories/2020/al092020_isaias/al092020.fstadv.003.shtml,22605,8ad912abe47bfe82b64262427e6a4739fc58be37a4d6717bcffaf35c9a1f9279
input/sample_advisories/2020/al092020_isaias/al092020.fstadv.004.shtml,22809,ea821550fba6d4f6607e281dd7d72df760ba2d4310f11d70c0432d3fc6809d01
input/sample_advisories/2020/al092020_isaias/al092020.fstadv.005.shtml,22846,a24a21deb20bc50af22412276c6ef5cdaf80b25843410963471ab875d2230830
input/sample_advisories/2020/al092020_isaias/al092020.fstadv.006.shtml,22503,d57b189e7c277eab3b1fff334ccada22f63a88638f9702b496fd14eb345eacdf
input/sample_advisories/2020/al092020_isaias/al092020.fstadv.007.shtml,22807,6c82dc68773be80e50b3d004d467df6acf59ac68ea638c849daddc7b4d40307b
input/sample_advisories/2020/al092020_isaias/al092020.fstadv.008.shtml,22621,337493742b9496f8a92ce0b55911b0fc60b80f53328295dc523fbcda16e8ef8b
input/sample_advisories/2020/al092020_isaias/al092020.fstadv.009.shtml,22687,aed7518c84eea56fb29f914ce8b389896daee53057f9ba5702532aff02b44be3
input/sample_advisories/2020/al092020_isaias/al092020.fstadv.010.shtml,23072,e3a36827937d4720eecdbf99168fb74aef0bc3590498fef34bfb5540b89483b5
input/sample_advisories/2020/al092020_isaias/al092020.fstadv.011.shtml,23130,79d7dc35afbca82635bff46b6fb4cbadbeb888188f985ea019544284376e7a1a
input/sample_advisories/2020/al092020_isaias/al092020.fstadv.012.shtml,23491,c314a3008746b8c325e1d29c66330a90502a05a614097d4bbff240688ce6dfd9
input/sample_advisories/2020/al092020_isaias/al092020.fstadv.013.shtml,23260,f1cd19882b482861079ea7435fffe0ac761667e1787e0cbebcb0f90f4de19902
input/sample_advisories/2020/al092020_isaias/al092020.fstadv.014.shtml,23462,8c6b0aed4a99fbb1462db50c9b86dbab6692ce1bd5a6c5bf4934c458d0a6af6f
input/sample_advisories/2020/al092020_isaias/al092020.fstadv.015.shtml,24212,c9d9af8df4f2cd5c2569465331df61dfda20053d4344531bd0b7f2118bd0e0c8
input/sample_advisories/2020/al092020_isaias/al092020.fstadv.016.shtml,23668,74f57d5444b084f2af6022128eb74fb351b8dc24a3500524a02732d0c6bad2c1
input/sample_advisories/2020/al092020_isaias/al092020.fstadv.017.shtml,23561,f6cdfe90b2b8e7e626a0082f4e482cc802684e97de725422410480cb1580f704
input/sample_advisories/2020/al092020_isaias/al092020.fstadv.018.shtml,23860,475e459ce3c1194c53345d0d510f390391a88fb3ca6004c2d8a6066643348a8f
input/sample_advisories/2020/al092020_isaias/al092020.fstadv.019.shtml,23215,12841c2b0812ab8ca494a1f8c53d9a62391663a700a20816fd9cd5f83c7a11e0
input/sample_advisories/2020/al092020_isaias/al092020.fstadv.020.shtml,23045,75491b046b8a8c271c922f4d33c7d2c8f6b6c29a787fc16889b0a9d1e6f9cd53
input/sample_advisories/2020/al092020_isaias/al092020.fstadv.021.shtml,23260,84c06e7f00809b90b4a977668dcfb3aa80e44fb382381e4f9328d7bb58a01d3a
input/sample_advisories/2020/al092020_isaias/al092020.fstadv.022.shtml,22940,4f5863de9d8ba7383c610d4aa9bc959b82e13f7a15ff15c39f61c52045c806a3
input/sample_advisories/2020/al092020_isaias/al092020.fstadv.023.shtml,24080,97db7fde03ba05a6fb60b4bb207fc92f5a6e5eca9ceaf82f71d4058c6b6ad3e9
input/sample_advisories/2020/al092020_isaias/al092020.fstadv.024.shtml,23802,49aa3166c2a732d5b6afe69882daeac0862b3816d4fbaed6d11bd51bae6a4ab1
input/sample_advisories/2020/al092020_isaias/al092020.fstadv.025.shtml,24113,f0d49faf6e636e21f6324ca67359ab078ce8998dc320d0b2ee33bda85467d9c1
input/sample_advisories/2020/al092020_isaias/al092020.fstadv.026.shtml,24260,583da042cc9c86c7296d7e1a1ad5e6124ec8ed510f3ef454434b47c55dd0fa88
input/sample_advisories/2020/al092020_isaias/al092020.fstadv.027.shtml,23313,793c8b9b92b59b5954381b341b65b77bdccb34248200170c8615e4dfc74f9828
input/sample_advisories/2020/al092020_isaias/al092020.fstadv.028.shtml,23007,7db3746cdda649f3c27306fc9972fb8e407565b51ca9f1fd8962ea7b23a47307
input/sample_advisories/2020/al092020_isaias/al092020.fstadv.029.shtml,22420,c5333eb38917260b123180a75dc2446bb87adc5df599d7b02731909cf96d41d3
input/sample_advisories/2020/al092020_isaias/al092020.fstadv.030.shtml,21436,b5b338cc6359677fdbba44849ac5d335a2fbe16bb1374987e1372b1760dad4c9
input/sample_advisories/2020/al092020_isaias/al092020.fstadv.031.shtml,21457,b4f8114210316887fa8861546261a22144a6db2171de8c9bfd1f7e178f572b93
input/sample_advisories/2020/al092020_isaias/al092020.fstadv.032.shtml,21028,c54dd42e25539d3174aea05db60f5f71fa725fc612dbaa8cb96279752414f706
input/sample_advisories/2020/al092020_isaias/al092020.fstadv.033.shtml,20532,c52e32e60b69c9aa02b7996d344731389b1c9f6e4de4d78135af58fba5ce8420
input/sample_advisories/2020/al132020_laura/00.bal132020.dat,15588,1c4a3ad7ca252bfc974aba66f40203656b1d56a61f0a4a5a0ad04b496d31f435
input/sample_advisories/2020/al132020_laura/20.al132020.fst,3264,8d0c82b4201042724b5ba53d757bf8906ec0d0e6c93adec74eccd807a43da2ee
input/sample_advisories/2020/al132020_laura/20.al132020.fst.html,4497,c19d05f4d0be98a55d1cb5e79b1f61387d4b43c19a37004a6db512ad7b062854
input/sample_advisories/2020/al132020_laura/20.al132020.index-at.xml,54398,2c9eeb5f1aaf1682fcaf1d12c8da774c83add4b87331782d62f8fd8fb5615201
input/sample_advisories/2020/al132020_laura/20.bal132020.dat,8244,e782d917cec6b9c9da01ee25c12aa60dae2671e5db03d5f06c80991e08ad68cc
input/sample_advisories/2020/al132020_laura/33.al132020.fst,1536,f3aef8f26351d9e029e1870add9849dcdf639c68966e12018e09bf4687f83015
input/sample_advisories/2020/al132020_laura/33.al132020.fst.html,2073,fbbd44ca3e70d425d338eaba6f1daf59dd5c8ec376f6bcff4e37d25aa575aae5
input/sample_advisories/2020/al132020_laura/33.al132020.index-at.xml,22128,1595ab37a7757560972922949bca0f0acd7baf354f07d5a476ba6fd7965f7ef0
input/sample_advisories/2020/al132020_laura/33.bal132020.dat,15588,1c4a3ad7ca252bfc974aba66f40203656b1d56a61f0a4a5a0ad04b496d31f435
input/sample_advisories/2020/al192020_sally/21.al192020.fst,1920,7dbde1b176de395eadf5539d4d25b58b5cfdffe90c1e4eace6db79e26b644246
input/sample_advisories/2020/al192020_sally/21.bal192020.dat,9575,71a54ff72a022ac54f43f5fa5fb08b6bce4d6e06a45b9a6c3e75db1bbfd70a46
input/sample_advisories/2020/al192020_sally/22.al192020.fst,1344,3ef51f13f4e83a919c912e9f92b4a8f81a73fdcb5bce3c6ca1e4f873c4fb6fed
input/sample_advisories/2020/al192020_sally/22.bal192020.dat,10223,d9e953a941df5241dd0acae3b2c73a052c6177b1c3c36a602a011913c3a2746b
input/sample_advisories/2020/al192020_sally/25.al192020.fst,768,4d33a78ae31338e5580f6e7ec7535399d1993ab3d86cd17e4998eb89b09e65ec
input/sample_advisories/2020/al192020_sally/25.al192020.fst.html,1501,13db4fde3da9c324e7410780d05209e518b57849ea1c5545df0a5c46dc1a26d6
input/sample_advisories/2020/al192020_sally/25.al192020.index-at.xml,47077,dfe3f554474ce43d22891863c7e10bacfe0feb33663d081f26da7f64ef845e1d
input/sample_advisories/2020/al192020_sally/25.bal192020.dat,11087,ebf6f8a1c3484df4450ca6905d9d1a945306bacbe5b4238d024cf6426fcbf1e0
input/sample_advisories/2020/al192020_sally/25.index-at.xml,47077,dfe3f554474ce43d22891863c7e10bacfe0feb33663d081f26da7f64ef845e1d
input/sample_advisories/2020/al282020_zeta/04.al282020.fst,2688,5107b8206d763101495f7e4457d2b55fe692f618dcdea0fa9f22d787f3d46c7f
input/sample_advisories/2020/al282020_zeta/04.al282020.fst.html,2837,68ce3f933a39fe19ab53563be6cdc079a70e1244ba60e1331c6733876618d46b
input/sample_advisories/2020/al282020_zeta/04.bal282020.dat,5039,9b366bdc9662928c9bc5d975e6b025d62237692d1d579ad4dd60b6f6dbd0c4c4
input/sample_advisories/2020/al282020_zeta/04.index-at.xml,38498,47e5448a28ef9de9b0960d160a53e39ca80939f86bc2c6d8b44f106c320e6dac
input/sample_advisories/2020/al282020_zeta/05.al282020.fst,3264,0ea5c452e6dcadd7db9a2e591e136256b795a3971ee41a8e14543155127bb3ea
input/sample_advisories/2020/al282020_zeta/05.al282020.fst.html,3001,34ac45da4f7fc6fedbd1962567ca684a2891d08739a19bbec55e9b97ac2fb17a
input/sample_advisories/2020/al282020_zeta/05.bal282020.dat,5255,f58c1de3036a35dd6b84907ab5e7817d4e447159a7a956058eb8237434e21f5c
input/sample_advisories/2020/al282020_zeta/05.index-at.xml,39193,0418f9a829077bff0934722b29c3b52c1ae839f20feaa00d1ace4ff7389f3cb9
input/sample_advisories/2020/al282020_zeta/06.al282020.fst,3456,fb3e6ee0cccf2d2aa60f79b7df68e85343a82ff2c84904d9729d901d969d9326
input/sample_advisories/2020/al282020_zeta/06.al282020.fst.html,2970,3aa488551fc30a582a5f01fa4bbd68c65f12ae5b352a3b7531d0cbff6b7509bb
input/sample_advisories/2020/al282020_zeta/06.bal282020.dat,5687,d4f5da1f6fbb714826405f4528d859d19bc5f9c9cf10a216343ea7d0daa01f4e
input/sample_advisories/2020/al282020_zeta/06.index-at.xml,43304,8c8510c0a156e90338cfa0c3a0d02afd5d79f1a922f00f019594292a4a155685
input/sample_advisories/2020/al282020_zeta/07.al282020.fst,3456,2174df375089101b13d7e98b4c527d192804c7d07e028c0e186d10c2b09769b0
input/sample_advisories/2020/al282020_zeta/07.al282020.fst.html,3311,7ba99a387cd616a97a2769bc803571c822dab5e09dcaf277b18480fa244d573b
input/sample_advisories/2020/al282020_zeta/07.bal282020.dat,6119,5ba09340b9d0a2966649e9b83a46277a7f6d51e5e8846c917acb2be935af9912
input/sample_advisories/2020/al282020_zeta/07.index-at.xml,46670,58703a8d4efece8af763466489e827ec8d0f721a82e4718d93ac01bb11334f83
input/sample_advisories/2020/al282020_zeta/08.al282020.fst,3456,53be6fd9a37e36797dbe77bf03ab4688f9abd699599a2e1c7ed6719538aadb8c
input/sample_advisories/2020/al282020_zeta/08.al282020.fst.html,3102,86454c8248ec372768ad2495c165d839749ec4eec044e8e511a5c080c8dacf8f
input/sample_advisories/2020/al282020_zeta/08.bal282020.dat,6551,e9bbdc6c03c547e75789a4215e421319836e9f7d41626d12c51fdbbf57eb7e1f
input/sample_advisories/2020/al282020_zeta/08.index-at.xml,30289,f5098612ad19f8cb2cf4be4011b6bc34d7bbb01d7395eb35f6e0428cdbc0fd85
input/sample_advisories/2020/al282020_zeta/09.al282020.fst,3648,e90519cae848dadf9aad5fb53e2fafb597753f2c5a0d5c1274d66d7bb28971cb
input/sample_advisories/2020/al282020_zeta/09.al282020.fst.html,4625,be13f3daf86492560ef112c92b22c44db1dda16655fa8cccd9357db1246d6215
input/sample_advisories/2020/al282020_zeta/09.bal282020.dat,7199,f2363b88c953cde5e9798eb1f2359491d4549fc7c9f4f938198d39e2da6788ae
input/sample_advisories/2020/al282020_zeta/09.index-at.xml,35621,dde7285eca8697a3ed5257fdd334c3e1e32969869936a32f00d4e9cd9236d089
input/sample_advisories/2020/al282020_zeta/10.al282020.fst,3072,7634aae93e02d9d440222a1f78924c0c6408f5726c014357b7cd51cd509045f3
input/sample_advisories/2020/al282020_zeta/10.al282020.fst.html,3541,234749bdbdd7ab4a6cd0864d39ac7e25057b68a290192cf34810dfc225ae02d6
input/sample_advisories/2020/al282020_zeta/10.bal282020.dat,8495,7b9df28fe7f08fa802c1dea7665d6dcc717e339f5c61e8697a3c41e40824ca02
input/sample_advisories/2020/al282020_zeta/10.index-at.xml,36401,595c0aee74b17decdc1139757203663060ccf4345052e1a66dbb77625509eb92
input/sample_advisories/2020/al282020_zeta/11.al282020.fst,2880,0304b9b270454b7558a3822acb2169883fcd7810fc2b6e0f7adcaf16bfa52f32
input/sample_advisories/2020/al282020_zeta/11.al282020.fst.html,4975,923e4f14027352db6f7d124504f8c5aff904bc8aca523039d50dc5457b4d110c
input/sample_advisories/2020/al282020_zeta/11.bal282020.dat,9143,7fc5611a0551dce5a4cd7b8a8f3964a53029b409edfebdda8069516d823b86c5
input/sample_advisories/2020/al282020_zeta/11.index-at.xml,39471,f1a19bd6e51754ed51ce3c101053d790eed8e77917c8bc041117a1ec239a865b
input/sample_advisories/2020/al282020_zeta/12.al282020.fst,2688,168e64ba6e029551e722f209b2c4dc1fc59e17fa0b85f53fa9fd848ff0437bd8
input/sample_advisories/2020/al282020_zeta/12.al282020.fst.html,3924,0e05800b5c84e181a948816f7e2d083b52ffd4355cd5d6883170c6c7959d8b5b
input/sample_advisories/2020/al282020_zeta/12.bal282020.dat,10007,f6b67de653c0b210596b19727c8f087bac8573a5699c2b1ebbd233d1ffc4ff33
input/sample_advisories/2020/al282020_zeta/12.index-at.xml,37713,31aec4ef62cd61be37660a7dcfd83721c0570341d197c63aeedd72c9275f6f02
input/sample_advisories/2020/al282020_zeta/13.al282020.fst,2112,31dee5eda0378577354e55640d378b2e2a7d581a599998fd50f6dbcb8095b791
input/sample_advisories/2020/al282020_zeta/13.al282020.fst.html,3722,5e98e9a137c8ccfb8faf20d59fac64b0207222ec96fda5a38b0c825f1d95d05c
input/sample_advisories/2020/al282020_zeta/13.bal282020.dat,10007,8d87a72d52d0161305d436a4ae595f83b5848e822b03f89089f949539b849dc2
input/sample_advisories/2020/al282020_zeta/13.index-at.xml,34708,092b7731e15f35abc793957cff1ae9bc09af9badef8e31c53a76a701dd924c44
input/sample_advisories/2020/al282020_zeta/15.al282020.fst,1920,3510c7616e8092a515d7631f6a2956ec48d02ebcd3f1402d74a7ff579bcb3163
input/sample_advisories/2020/al282020_zeta/15.al282020.fst.html,3433,784cbba00b72b08b3d112a132c3152458a3572bd5d60a74e099e0ef508c0c570
input/sample_advisories/2020/al282020_zeta/15.bal282020.dat,11087,51f74539631f2d0bb63d820664e9df228e712a68df44c48cc2b7c7538de067c5
input/sample_advisories/2020/al282020_zeta/15.index-at.xml,34258,75cb690ae15686a376a1f171c9af2e69e325d50106a64f56883527a0db9329a5
input/sample_advisories/2020/al282020_zeta/16.al282020.fst,1728,9237e8746e2f48de22561977b33262cb96a36cf093ea1e4cbb699f1c03584d00
input/sample_advisories/2020/al282020_zeta/16.al282020.fst.html,3148,3f6ea4dab63120236343d7fca4897ea839c8a67de3d1e30cf72c53e0be5dff18
input/sample_advisories/2020/al282020_zeta/16.bal282020.dat,11735,634694ea5860574f00f68df3e0ea740e11144275ba0ab5e8af30490e7abe3172
input/sample_advisories/2020/al282020_zeta/16.index-at.xml,33356,74d7b903ee5c4f61d22e3f7f9375b51ab33f3beb52fb2016d1c996649cb6b2a1
input/sample_advisories/2020/al282020_zeta/17.al282020.fst,1536,29065d8e40e6124219e3aec3cc893a9898d53e51229fd7785486c529d7c15d29
input/sample_advisories/2020/al282020_zeta/17.al282020.fst.html,3045,2262c58ebd9d4362f540ba5a5897457a78c01e5016598fec38fadbdfbe54f5d0
input/sample_advisories/2020/al282020_zeta/17.bal282020.dat,12383,4925f74d9c81bbf0c3acde99b82e243dc7c4aef44670d3b3852d547d398b7563
input/sample_advisories/2020/al282020_zeta/17.index-at.xml,35709,12884338528280cc0dcc47ae42d1101685e3fb8802cd8ab13c41b01d5a00847f
input/sample_advisories/2020/al282020_zeta/18.al282020.fst,1152,e13429941135b686c365430f34fc9e9d7337053c4dfba09aa1c62164d6c043cb
input/sample_advisories/2020/al282020_zeta/18.al282020.fst.html,2810,c568305d8fa2209200e79b9e9e301cdbf8a65ab19dd701cb1b01860866e54eeb
input/sample_advisories/2020/al282020_zeta/18.bal282020.dat,13031,de2acbcfb06da5fc6cbba96ff2eb59d61f39222a135b20c9ee858b1f7d5e90b6
input/sample_advisories/2020/al282020_zeta/18.index-at.xml,33218,3a55454b44104d80a09ce60ecc870bd1ac72b421faf53338d031db4d172b2cc1
input/sample_advisories/2020/al282020_zeta/19.al282020.fst,1344,580e30930e6c0235237de9d7efde678a19c22ffe07de952f9d7b0c674118961d
input/sample_advisories/2020/al282020_zeta/19.al282020.fst.html,2115,0168e73450eca5ede41edd2f6e6b5518f3eab7336679c235d34dd5320b926a9c
input/sample_advisories/2020/al282020_zeta/19.bal282020.dat,13463,ae3053b3888ab6b198b876a0b63d582a597a073f2482faf5f4832f2f08f78199
input/sample_advisories/2020/al282020_zeta/19.index-at.xml,27026,cf06caaa5d69b0ffe1d7416f15e57e28bf35206287d00d74391bfb5f1f56ec47
input/sample_advisories/2020/al282020_zeta/20.al282020.fst,960,5a976b6e2c0d28343ef72c4ba320cf45f1adab4d0e9b587d54990ca282b70254
input/sample_advisories/2020/al282020_zeta/20.al282020.fst.html,1352,053d283bf307be076f576012a27e165143bb8403bdef86ab93f21d719e3a7fb2
input/sample_advisories/2020/al282020_zeta/20.bal282020.dat,13679,d001ab6ab742f4ad4d4ee44353d8f5202d857aeecd270ae261d1e8b846ea9f69
input/sample_advisories/2020/al282020_zeta/20.index-at.xml,21412,d01498bf55f221e54c0faae2daae1cf7d3e79c538f1bd181cb97d2f8404640bf
input/sample_advisories/2020/al282020_zeta/21.al282020.fst,576,48f254a785bf55f53d1f81c1db005ed92150cceb97588aaf4008d3cef95c8ef7
input/sample_advisories/2020/al282020_zeta/21.al282020.fst.html,1396,c0f932fcf261b3cf5279f219178d840d64073bf70b65417b73b2953973ae7d75
input/sample_advisories/2020/al282020_zeta/21.bal282020.dat,13895,ea764c013df50ce7d5253d1da8a0dd18a4da160378ba0e298f2886b913f848d8
input/sample_advisories/2020/al282020_zeta/21.index-at.xml,21353,cd7aaea14fc0db3cf3187ad204d6202fa883646d7641b8b49a01966351cde21d
input/sample_advisories/2020/al282020_zeta/bal282020.dat,13895,ea764c013df50ce7d5253d1da8a0dd18a4da160378ba0e298f2886b913f848d8
input/sample_advisories/2020/al282020_zeta/index-at.xml,21353,cd7aaea14fc0db3cf3187ad204d6202fa883646d7641b8b49a01966351cde21d
input/sample_advisories/2020/al292020_eta/al292020.fst.html,5413,6427b340a1be7eb3424d5d950e598179f196648c710b098426c2c2dafd253590
input/sample_advisories/2020/al292020_eta/al292020fsthtml2020Nov08T094248,5413,6427b340a1be7eb3424d5d950e598179f196648c710b098426c2c2dafd253590
input/sample_advisories/2020/al292020_eta/bal292020.dat,0,e3b0c44298fc1c149afbf4c8996fb92427ae41e4649b934ca495991b7852b855
input/sample_advisories/2020/al292020_eta/stuff,0,e3b0c44298fc1c149afbf4c8996fb92427ae41e4649b934ca495991b7852b855
input/sample_advisories/2021/al09/00.bal092021.dat,9441,3e07f8cfd5a7f97a3ac9247b845bb5bfbb2970e46d1c569d298256bdd1e5e87c
input/sample_advisories/2021/al09/04.bal092021.dat,2214,e9fd3e4f78830b78c7a34d0893b65fe361b96268b8f126e4c05ecb7c9254cbb1
input/sample_advisories/2021/al09/19.bal092021.dat,9441,3e07f8cfd5a7f97a3ac9247b845bb5bfbb2970e46d1c569d298256bdd1e5e87c
input/sample_advisories/2021/al09/19.index-at.xml,39030,3b1fe0cae92d31404415cff1c7ab18acddc6b56966cdf45b0bf10557e640489c
input/sample_advisories/advisory_issuer.sh,652,f4faed1ed518c2862fb1af525e5e5d011198db39252f9b8aa07347433c1c1662
input/sample_advisories/advisory_nowify.pl,23358,b5e41222df8e9bedb2cc1a6c1a7a98ab379a49780a0f52676b7de974c296c96d
input/sample_advisories/advisory_xml_filler.pl,12290,371734cc606a8ef3b38705fc1c32ce8763b26ad933c1494e40c5ed65a5afd0c2
input/sample_advisories/ftp_rotate.sh,1310,ed67f3a2e1e8b8ef46e59aec30ce083cb5b9db2c66348f91f2b15cc71b2de735
input/sample_advisories/get_advisories.sh,2199,4e6e38b7a3ddcee9aff694754fcb711caa95e829de71006b7532f3aacc616c2c
input/sample_advisories/get_all.sh,1976,3c19d52daef73d852c3b818f1102c0b0f6de41a23d8b861bfb6d965e44e43895
input/sample_advisories/gustav/01.072008.index-at.xml,3822,9064e834c44b3e138a967b3f6f096d7f8c91e9c2d279170e388419a37e734e5b
input/sample_advisories/gustav/01.bal072008.dat,495,18fc5d41f243b3ed9f7dfb6153aab34ea989930bd972abe8cad18183846a6dfa
input/sample_advisories/gustav/02.072008.index-at.xml,4088,1313efd12a82e6ecff1afac573da05c435c01f47cc9270d2e5ea4f9c3fd12cc3
input/sample_advisories/gustav/02.bal072008.dat,879,85f8765f98826d16e66788cf65ab30dfadc1f3c1f4f6b28ee03f87413229e52f
input/sample_advisories/gustav/03.072008.index-at.xml,4153,e84938d347822699038a7f9ccad14096614965d44d4245f08fa2a8164cc0969f
input/sample_advisories/gustav/03.bal072008.dat,879,85f8765f98826d16e66788cf65ab30dfadc1f3c1f4f6b28ee03f87413229e52f
input/sample_advisories/gustav/04.072008.index-at.xml,4123,4d0fbc19217e6e3d38dbc6da55233ae2af6edcd084958e685522d78347b581f1
input/sample_advisories/gustav/04.bal072008.dat,1263,ea0a499dccc242effbfd8605a0f4a532e53144bd0fb30cebc9e74e8eabd4a567
input/sample_advisories/gustav/05.072008.index-at.xml,4109,eecb6c908a9762f0adef98189b803b6fbeb32b6dee66dad48139cc7e24ffd1ee
input/sample_advisories/gustav/05.bal072008.dat,1839,dc26fd8308048bbed408135b697d48c86230173c85f64a83a2beb9d73cb2fb35
input/sample_advisories/gustav/06.072008.index-at.xml,4221,b43be35f78d413814c3d87ea1bbaeb5675bd5a580a4d609f345333108c336e1c
input/sample_advisories/gustav/06.bal072008.dat,2415,8daca4d107e3a894e3f38079c9a2a2f47ad7a629de6bbef69b1b99ba7b2175d4
input/sample_advisories/gustav/07.072008.index-at.xml,4098,7c6ac473bcead0b4f5a3991231e63628bb38d3866c26144149ed047b24e71fac
input/sample_advisories/gustav/07.bal072008.dat,2991,fb8d561d609de242eed4ab427360e48148115963c464e46b1c1c929196c2f3df
input/sample_advisories/gustav/08.072008.index-at.xml,3876,2ac94ec382b1ecbd7cfcd12b5c2ecd9c5a2b93558e120f4f47ce0e2e60a90020
input/sample_advisories/gustav/08.bal072008.dat,3375,36f7413740b9e485eac41768038888b637ff66c32aed341aac61169b18dd79f5
input/sample_advisories/gustav/09.072008.index-at.xml,4527,f207cb2d173c5b660df885117a7bb06db0316107384a2d94f2b0cee5cf811bac
input/sample_advisories/gustav/09.bal072008.dat,3567,8453faa5508688390688df9853dfd79713565bda66007e7e8c24fc3691757053
input/sample_advisories/gustav/10.072008.index-at.xml,3957,a18e61715be5b9a613aa3bf7641c20b5127d69301f52e21569048a3fbb95eb81
input/sample_advisories/gustav/10.bal072008.dat,3732,b57d57e09ad6511311b34e1ba8b5b194a69594adf2aea72f744a6ff88d92534c
input/sample_advisories/gustav/11.072008.index-at.xml,3793,74db3d357355889ca9dc7c9c7ba49ae86523fb07eeb7d0e456e5fbf4e246b795
input/sample_advisories/gustav/11.bal072008.dat,3924,ccfe5c0f379a897927fa54b58f0beae02ee920120bb031ece38be83409ca441b
input/sample_advisories/gustav/12.072008.index-at.xml,3737,b611ec9fe34b5ff256e45d86c11d9dfbbced5e419951d23b7255644cb13ef0b1
input/sample_advisories/gustav/12.bal072008.dat,4116,604c99127f1d25a6cb92e3127c04a423f81baa2e783ab58fc25b487f88e32b71
input/sample_advisories/gustav/13.072008.index-at.xml,3570,41b80835d0b6415d2d538edc9ae039ab6d22133bb32205d2c3d2f0f767553b3d
input/sample_advisories/gustav/13.bal072008.dat,4308,7c437cc8f3c0f97eb68a2694f265890551245e88038925f0f69daab2e0f99024
input/sample_advisories/gustav/14.072008.index-at.xml,3617,1f6987a7a44e8ce09352c232dfeb730f8fa5c5ffdc218ef938cf454586961afb
input/sample_advisories/gustav/14.bal072008.dat,4308,7c437cc8f3c0f97eb68a2694f265890551245e88038925f0f69daab2e0f99024
input/sample_advisories/gustav/15.072008.index-at.xml,3566,8ecf5ea00fc7b2ee7eb276025264b88bb21b9d0d41edf1800b292c20d36609c0
input/sample_advisories/gustav/15.bal072008.dat,4638,3ede6304f1615f9efb201da608e6c98faa4f72ebd7bd334b3637a1ded83de25a
input/sample_advisories/gustav/16.072008.index-at.xml,4045,7c9cf0012e426bc1441e09331c7f7e960bb65cd4dd0abc29184f496827467c4a
input/sample_advisories/gustav/16.bal072008.dat,5022,f855e112f96bc660b7d955a6dfd4993a5851b6bdcbb226b896a5c7d9917f04b6
input/sample_advisories/gustav/17.072008.index-at.xml,4146,9629c3f3d0cf92496ef256c586df5f4f300703240f86981d331ec14faa4f33c0
input/sample_advisories/gustav/17.bal072008.dat,5406,617ba42b6bf7cb08b7eaa99c552376a33dbcb7f122508e79c30a7d5c1585d3e3
input/sample_advisories/gustav/18.072008.index-at.xml,3765,b61ec79e8b79c474a3c83dc8b24a8b72c6a70211e3155cafe3da4ce3b037ef78
input/sample_advisories/gustav/18.bal072008.dat,5790,ffb87ab174d8142436c1625669cd7eb9e0e19657e4cc2e82277e3e6d6941e535
input/sample_advisories/gustav/19.072008.index-at.xml,4300,c3281e4d0466e7fab01deb687a9c850204b351617fea2d9f6e9290fb93638f38
input/sample_advisories/gustav/19.bal072008.dat,6174,56ba1ab823383b566c7f0661f513cc1a7f87c6b19c369c76bc497e19fea31b15
input/sample_advisories/gustav/20.072008.index-at.xml,3952,70f14f84e939bb5cad9486a26bd7b2c09f321adac0226d816ec19844eab0ea8f
input/sample_advisories/gustav/20.bal072008.dat,6750,525ef34669f480b1e98d5d794f1472c63e9c76d1b840fcb343bc71841189cfb4
input/sample_advisories/gustav/21.072008.index-at.xml,4615,47dd97a9f8d05ff21f3d96ed9e036cdb9a85c9cf2de7f0f521cf6ca1ca0bf644
input/sample_advisories/gustav/21.bal072008.dat,7326,0f7936d9f24617f1cfb10fc5592a2b074d7c6376a4aba53ee084be6dbdca8a71
input/sample_advisories/gustav/22.072008.index-at.xml,4540,141e5f4598dbbd9c48e0260bee5d3be2188fe6cf1a9ea1f02bc4a2a57d8e32ac
input/sample_advisories/gustav/22.bal072008.dat,7902,35b56418aef86803d0b70bfe27b6e51c19c40a78305eadbec843f83b61998a81
input/sample_advisories/gustav/23.072008.index-at.xml,4437,05f8898723b8d0b61091e80697733541cc69c048e54ef3773ee4b4a7ab20875f
input/sample_advisories/gustav/23.bal072008.dat,8478,79adf566c32caee49bc89c8f74c75c77f8a445620ad62e22b7ce14e98a6f409a
input/sample_advisories/gustav/24.072008.index-at.xml,4108,8e32db69b046e768e430dfc86cd3411ecbed8f1a1624f57be40f80461229e551
input/sample_advisories/gustav/24.bal072008.dat,9054,de92c3910c966dc78b6766c08a9fac1b57ae0a426d4ef7ec5042dc5bb882a53f
input/sample_advisories/gustav/25.072008.index-at.xml,4512,5e7ab4c872188d7228b8f7852a1622152b4aea67b0ea4791fcb12f1a2ebcd666
input/sample_advisories/gustav/25.bal072008.dat,9054,de92c3910c966dc78b6766c08a9fac1b57ae0a426d4ef7ec5042dc5bb882a53f
input/sample_advisories/gustav/26.072008.index-at.xml,4749,e90e80356d3eb63a7878131278c6a9e464cbc4ea4f2dd64efeba20a6499cf2db
input/sample_advisories/gustav/26.bal072008.dat,9630,6b8de87ed96813426c4b56980db9186989f5c05b1bb385466fd1de35edba5adb
input/sample_advisories/gustav/27.072008.index-at.xml,4445,4290b9123bf4e253d1a2c66aa1b8a84d45e392caa4523ed00431ee24bab13a5c
input/sample_advisories/gustav/27.bal072008.dat,10206,2c5122e30b9a17eac4304a5cf6fc31cd93167c2ad7f41ebbd2bf527a982f9a11
input/sample_advisories/gustav/28.072008.index-at.xml,4313,42c544803b7b06429255765a7be7bec07161657621dced7f583da1dacfb71664
input/sample_advisories/gustav/28.bal072008.dat,10782,f7657d9436d33be8a2f28713bd9516c4739cd9a3cb614eaf6b7aa61fe85b7a69
input/sample_advisories/gustav/29.072008.index-at.xml,4051,60e097b767240fd3edeb3050f7610445ffd3e1afa93c13e9efa2b9f7b618935a
input/sample_advisories/gustav/29.bal072008.dat,11358,b7cdfe813d5430db74fbf96fc8ecd54fa373e9ed17ae570aae4d6c9eb1e4d635
input/sample_advisories/gustav/30.072008.index-at.xml,3539,1770b0aa43608b4e3abbcb324c88cb886ceaa829a0d613e9d1487624b9ed9f60
input/sample_advisories/gustav/30.bal072008.dat,11934,7d7657184a6e64f9e2d30cec750c4618b3dcda94151a4b55c0ee7eab4b1d74e3
input/sample_advisories/gustav/31.072008.index-at.xml,3632,6a01fef06ebdc36cefcc89084587f30241bb3de103edb893709ac6662186e302
input/sample_advisories/gustav/31.bal072008.dat,12510,447ba03e5b55eb735e3b0972507a6a8ae9a4e07931a87db2fa3123f78df81f0e
input/sample_advisories/gustav/32.072008.index-at.xml,3549,12aee01fabceabb4dea32ffcc82de5e922e21c0ddbc983d4d7194cb9c3082cac
input/sample_advisories/gustav/32.bal072008.dat,13086,70743151954b14fde96e1cb731d554bc2de6da3dbd0f5f130eda9314e57eacd4
input/sample_advisories/gustav/33.072008.index-at.xml,3606,af323f0a1b75b37573022d762d0d9cae7f81c3e064d1f1d40eb17d719a6a0516
input/sample_advisories/gustav/33.bal072008.dat,13662,1b18b521df6376a5a6bfef59f4fd63dee1c02026289e7b252bc9d54563acdf2d
input/sample_advisories/gustav/34.072008.index-at.xml,3010,c86fe3ccc5f90b31b4456e68ba8aa429d67ae542f7cb881b88bbe1d292b7e6d1
input/sample_advisories/gustav/34.bal072008.dat,14046,8db771aa269e149410afba699a729556582652ebacc6bb8a7aad916c8c59c70e
input/sample_advisories/gustav/35.072008.index-at.xml,2863,c867669d02734e1bff0d580a91e742e970326fc1c237ce86521387504a0eb3da
input/sample_advisories/gustav/35.bal072008.dat,14238,c07a6912798adf83649cea24fd9cd0257bc79372fd3309bd79422391efad7022
input/sample_advisories/gustav/al072008.fstadv.001.shtml,20133,8deb0d0963944ad20a97ae37976ae90bde4a8631d053bb1897084dbe1e1c06c9
input/sample_advisories/gustav/al072008.fstadv.002.shtml,20395,bae42c38c27d3157532ecbe6cc19472871f43c0e3aa468ae7c30f8611d0c6afc
input/sample_advisories/gustav/al072008.fstadv.003.shtml,20458,106d60238ff7b95173df8a2a65029fed9765c60ecd4adccfded11be830b62b35
input/sample_advisories/gustav/al072008.fstadv.004.shtml,20430,005c53978b899b917e69e50f82fde19a4d4aafaa670d6e93fdb698d4eb5b0906
input/sample_advisories/gustav/al072008.fstadv.005.shtml,20411,3b3dea4d47abaf1ad05f963b3235e6d9bdabea00159fd37e459d17bfa5f24af4
input/sample_advisories/gustav/al072008.fstadv.006.shtml,20523,8583ed8eddfe04de38c829c4638e3b2f65caf0653e2c4553d1ad07c1d225ae7d
input/sample_advisories/gustav/al072008.fstadv.007.shtml,20400,f178758ecdd658264861aa6bd8e60695c76a838c62a528f8a82d5e6a4f0df15f
input/sample_advisories/gustav/al072008.fstadv.008.shtml,20183,293166daf9f96f38141cf547ee59620ca3063af44c4108d5d2d7fd99b17377c1
input/sample_advisories/gustav/al072008.fstadv.009.shtml,20834,987a03c4a265b726b3823e0b0ed6042cec63edbc782620abd6abf2a935e3dc27
input/sample_advisories/gustav/al072008.fstadv.010.shtml,20263,2561fca10b145acb8dd1c67ff6e5b5f7baf9055ffc3f2eea36216ecd2c599c6a
input/sample_advisories/gustav/al072008.fstadv.011.shtml,20099,5ce4a242ca4713303e22e47efa3116c6a59c542c4346966865a47310897b0e05
input/sample_advisories/gustav/al072008.fstadv.012.shtml,20043,e583467323a04d7f993d367dda4f31b2f7a4cf7fb2b69100f4b0441a11107466
input/sample_advisories/gustav/al072008.fstadv.013.shtml,19876,8e423dffb465006750355884f595b4513b81361f357084d466a45dfb9fb784bb
input/sample_advisories/gustav/al072008.fstadv.014.shtml,19923,4dbb4aa1ac48a83517aa6d310caec5bc7f6ce498ee82007502735915a30d2cf4
input/sample_advisories/gustav/al072008.fstadv.015.shtml,19872,66d5193af2bdd14c4a142876cd056e7d5926ae335b8b52e95a7ba1f91dd69342
input/sample_advisories/gustav/al072008.fstadv.016.shtml,20351,248cf6f597776598a4189430feff56ac01de5688ca21b6745c29af7973b53086
input/sample_advisories/gustav/al072008.fstadv.017.shtml,20452,608820fa9299a37e0b064f5693565b0c96fff09aa6193517732db6bcbf4a74f3
input/sample_advisories/gustav/al072008.fstadv.018.shtml,20071,8580dd1bae2afc2e5af222ad7f374bc2e9901a0ab6cdbb2c6f22af855ddffdd1
input/sample_advisories/gustav/al072008.fstadv.019.shtml,20606,96b645d42d1f96d53bcf26fb1a78d7b00e667b97398e14b488b81f364152b446
input/sample_advisories/gustav/al072008.fstadv.020.shtml,20253,9643c6c4de77fa4a6b7f406bd9c23b14c1b9bc57791f459c0ffafec9494b275e
input/sample_advisories/gustav/al072008.fstadv.021.shtml,20916,70cd648658c7d3f1b40c251da9313236d9bf97f992812e8c8ff201725d181941
input/sample_advisories/gustav/al072008.fstadv.022.shtml,20841,17572f680501af8dd183e3c697c1ef56d7d97500bb27333c127c0651b19c0a7c
input/sample_advisories/gustav/al072008.fstadv.023.shtml,20738,4de8f9f8b95df95719a34a71d3bb002140aaa8a1cd198f8fae34802891cca591
input/sample_advisories/gustav/al072008.fstadv.024.shtml,20409,7b634d75252d8c49657893a6772a5ba50e9b3fcf4ed075951072f2a5ce75e897
input/sample_advisories/gustav/al072008.fstadv.025.shtml,20813,148ed77a00626131a82a6747655e0538f31cd8782d43257e357ddab7f110b873
input/sample_advisories/gustav/al072008.fstadv.026.shtml,21050,b8dacf7dac6a1dc1841b2cd25e2425f2ab7370f4378bc141b30bb62987388aac
input/sample_advisories/gustav/al072008.fstadv.027.shtml,20746,b8d595b022aa7754b9508d2a3171736f5abc377db20e55ef26762bf3e1129b60
input/sample_advisories/gustav/al072008.fstadv.028.shtml,20614,4fcd7bc52138c133e6d17fefe9316bcaa26f32d29aae705af45e4d0296390edd
input/sample_advisories/gustav/al072008.fstadv.029.shtml,20352,a6281795fcd0ba9423d33efbf6125238d8358e2dcc64e3a55ecd23454ac88999
input/sample_advisories/gustav/al072008.fstadv.030.shtml,19840,de88730115cfb6d2d68c74f500788595ecbd855e7e7b0d8370c20fbd540c387a
input/sample_advisories/gustav/al072008.fstadv.031.shtml,19933,dcf98ab83d5136d33c2151064af0375012d9f63782dbdc9ef14895fee037a1f0
input/sample_advisories/gustav/al072008.fstadv.032.shtml,19850,2209cce5792122831030a0a3f5f92f5f05c2e63fab5011a0d37af5e5b1030b6a
input/sample_advisories/gustav/al072008.fstadv.033.shtml,19907,daae5d65fb50d8a0b75fe5f144b8381c3d99bad6de023c98aff70e2e6366306b
input/sample_advisories/gustav/al072008.fstadv.034.shtml,19316,3b76892c56a960507bcf848f2333fefbd99600e94a7e3be2de6211ac34f32290
input/sample_advisories/gustav/al072008.fstadv.035.shtml,19174,a66aee540bfc0baec4dd0123a37be93ca4e227a0ae928991274aaa3efd29d995
input/sample_advisories/irene.22.bal092011.dat,11728,50bed5611d292564a2d898a9b2a42e70c113f8617e394a6a6bbed12fb75c7baf
input/sample_advisories/irene.22.index-at.xml,21705,db3a828cd765356531681f3d8e5eb1a96ad7cdb8e4bb68efe9e596864b19d71d
input/sample_advisories/isaac/00.bal092012.dat,13111,a51e3d69e454bb234fcfb467fb622fc13e78d5691ed42ab9b4df31816c264db1
input/sample_advisories/isaac/01.092012.index-at.xml,4358,6c1cb6e4b3d440c4d3e683e6c628007981aed12bc5dc8026c8b184892686bb4f
input/sample_advisories/isaac/01.bal092012.dat,165,7f1d9f5a8f2cb4560215a44678e2e65178ce6fb32a9b05956acd31f1bfe62adb
input/sample_advisories/isaac/02.092012.index-at.xml,3915,c68d8d59f3ec4a8ca3b85453eab9ec88a6176d86ac787a2edb7b64ed2cce8fb2
input/sample_advisories/isaac/02.bal092012.dat,330,49fd70466a73efd9eb270f135113fa833c1c770c12a86c07272c407ffd8d8579
input/sample_advisories/isaac/03.092012.index-at.xml,3867,c0ddcc6d5e41a48a19e1065ac9ea6a874f026b788668de5d085400f5faa44fb6
input/sample_advisories/isaac/03.bal092012.dat,526,bb8bc98525c908425baf64b1bbd3e9e4475e8b6db1916acae08708c683945744
input/sample_advisories/isaac/04.092012.index-at.xml,4448,c53affb8e657d057040ecc4767fa4c8d0be44ff7e3a4a609d45397bdfef385ea
input/sample_advisories/isaac/04.bal092012.dat,722,bae9cf6d856a37aa78874401c00a60a402901253e4c32f0f2070962ce6e3d745
input/sample_advisories/isaac/05.092012.index-at.xml,4914,3f109f45260154a10d82b6a91cb40c946ebebe57c21495821a8dd0309bfd618f
input/sample_advisories/isaac/05.bal092012.dat,918,9036f1e669a55042432489b543a47071fba8c7deefd6a06c9b278790296c8a99
input/sample_advisories/isaac/06.092012.index-at.xml,4483,2f513972fea3ed451c4447af9001e04a0afb387511f892f9a535671a3e7b4920
input/sample_advisories/isaac/06.bal092012.dat,1114,722c6bd5f887b5c198e590db1cff4c76a9f286a43278a35ce1e5973776c00af9
input/sample_advisories/isaac/07.092012.index-at.xml,5133,2c93c6224604fdae869998e93e4cf7ce51837050fcb76862ef9ad7ceb9775f08
input/sample_advisories/isaac/07.bal092012.dat,1310,51485ad1d2c26fbd29d3ced860ea949a06fdf0fc6d591d4a05f027efc60abfe1
input/sample_advisories/isaac/08.092012.index-at.xml,5369,9d727138d07b8a4382cb9a7345d111f954f724b84bf310009f5fe502eb33546f
input/sample_advisories/isaac/08.bal092012.dat,1506,47ea3f88183fcc099529bda92988c2ada5078faf4051753ff0b3b130ed6e60a7
input/sample_advisories/isaac/09.092012.index-at.xml,4504,71b2f9fda420b7c83111279e1827666540d2016234a963f4fd592367cf34b68b
input/sample_advisories/isaac/09.bal092012.dat,1702,1506cdccc31e6aa929173d7a039bbc5d83224949b5352b9eb211e653c409685a
input/sample_advisories/isaac/10.092012.index-at.xml,4383,d9a2215b663f1559372fe2a0674e6827a8e667b4363972712a5b2dedbab73486
input/sample_advisories/isaac/10.bal092012.dat,1898,32bc363d5b3805995471e2a530e51e9d02b0cd11b0c0b14b6d722210cace5b90
input/sample_advisories/isaac/11.092012.index-at.xml,4907,5654b9a66036ae08baf0b661c69f992c8a47ca0b5a2d8d09757e000ade6faa3f
input/sample_advisories/isaac/11.bal092012.dat,2094,ef9d041831bc7ed1574aa26dca4ed7f23231c44faf850d9efe9ab4c3c838f7c0
input/sample_advisories/isaac/12.092012.index-at.xml,5129,39f3ea82e97cb55e41ac3cdfabb4a5fac36ede35793a5fd769ca8f1e9eee6fa3
input/sample_advisories/isaac/12.bal092012.dat,2290,b43ccb2ee5b2e762c39ce0a8fe1413bfb1dc7d3aad40e7fdc86eb4e4b3201406
input/sample_advisories/isaac/13.092012.index-at.xml,4300,b0f10d1d0588411e6bac623105a19c7745f076030785b195a8be8a30e1068447
input/sample_advisories/isaac/13.bal092012.dat,2486,261ce18c62327dce2be02ac2d48c58ef07e47f9978f833181a8f307393faea28
input/sample_advisories/isaac/14.092012.index-at.xml,4963,8490e037619fb8f4671eae5583116910db49d318edb26fd8cf4ccea1c23ee18b
input/sample_advisories/isaac/14.bal092012.dat,2878,d60f4fb6b5b8c8bb4d91b94ef6974b28f9d3e6c95c709d04b3cb39235f25c6ba
input/sample_advisories/isaac/15.092012.index-at.xml,5233,870d2a1aeb6ba65e7d8545ad68c89cb692fb37804ba6640c44212e7dde7d6c07
input/sample_advisories/isaac/15.bal092012.dat,3270,e735351f73f0f196f70da928d867ed04f8d8eafe56d0d46fdd708bc27337e292
input/sample_advisories/isaac/16.092012.index-at.xml,5353,ea284c15b9083e7a0fe4dd5f92acb23777c1c531cd40a86872b414dc08a6b53a
input/sample_advisories/isaac/16.bal092012.dat,3662,51a57a969a840db01b0aa81916829d850e8aa7ad37f2ed74cd70a723cb0e7b79
input/sample_advisories/isaac/17.092012.index-at.xml,5309,b7b3adf01ae41561a50c8272e567bd8d6029a77d9a55f9483008037228dbbeea
input/sample_advisories/isaac/17.bal092012.dat,4054,822efe18541b18f4e262913b087adc190811e1458524b1fbc83fffa0e20a41bb
input/sample_advisories/isaac/18.092012.index-at.xml,5448,d2057733433aeea34f3df24c31b156455ad98c9f6f7d7734ae13d031785c9b6d
input/sample_advisories/isaac/18.bal092012.dat,4384,490e333a1803d5eff1bfc636f940c291f75440ce4309d4fb6d47a1d891014b10
input/sample_advisories/isaac/19.092012.index-at.xml,5278,13b6483a9c8daa099efddbde348030020f638492167b580afb19db9efb0f8753
input/sample_advisories/isaac/19.bal092012.dat,4776,450c86d0567f4a4955303369b2ca86764f5a948e6a9e7d056a6c45be889760e4
input/sample_advisories/isaac/20.092012.index-at.xml,5515,2594d0081ed473fbeeb22395a25a1798eeb4d4016cc78c4866f1a66a615b5f07
input/sample_advisories/isaac/20.bal092012.dat,5168,18d5d8dc139b3085eaf76151d59c1a8a742c5b40a232991fe4a5ee9eea9923f4
input/sample_advisories/isaac/21.092012.index-at.xml,5621,6b8c290622a0f9fd27075a7a1a1ffa24eba981b4c79c005942206b3768701321
input/sample_advisories/isaac/21.bal092012.dat,5560,5eee33c83143ddaca970cfd44b0d1a8bfa0afe2426935a7a47ab2eb7c3312ead
input/sample_advisories/isaac/22.092012.index-at.xml,5538,1f7ce5ef113bd1b345d2c2ec3fc6d38fc22962b42778a9c2e9d5b6d616e734ab
input/sample_advisories/isaac/22.bal092012.dat,5952,9aa1eab0c72fa62c746884d06c61639985ff4cf7ba444b9660716dfea301c14b
input/sample_advisories/isaac/23.092012.index-at.xml,5489,8ce7f045dcc4df0db6c9cef8ca271ac7b3624bae7c5fab5706695c2e22a5a0ca
input/sample_advisories/isaac/23.bal092012.dat,6344,5de69a7b237e5f7d2c307a47d7356d5d263e9844672d4d562c33d0419d1f2e06
input/sample_advisories/isaac/24.092012.index-at.xml,4835,dbcf53da1d31b438c652dc2ca66480fe833692db5b5116cb4b35ae700e335b9e
input/sample_advisories/isaac/24.bal092012.dat,6736,7d6fd175ba9ac80d74d2d9f55aef0cd373b8f5d8aba0c6efefc37b9c62d19a9b
input/sample_advisories/isaac/25.092012.index-at.xml,5426,0835b49aa704b71b2d24feac0047a0e515cb89db26440f5fe8963a027dffdad6
input/sample_advisories/isaac/25.bal092012.dat,7128,672405070d4848e97d4391faff97bb68e219946d8da5f414e12e5f74db2a567f
input/sample_advisories/isaac/26.092012.index-at.xml,4641,bc2199b54b7936233f428a0a5340e433ef3f45b3e3815b26f2175e4f56710364
input/sample_advisories/isaac/26.bal092012.dat,7520,865406a9d3d22b9f157f64c5e133309b25997d2481a18d1d6f0c58193abdc43d
input/sample_advisories/isaac/27.092012.index-at.xml,4523,04fe48f80bcd93811fb73d5f9dc318478c48a4b877af7b331b463ddc64831eeb
input/sample_advisories/isaac/27.bal092012.dat,7912,fb3bf309ae5a0fd0fb9f81b18f639066bb936c93c32826e26e88bfbc11244b34
input/sample_advisories/isaac/28.092012.index-at.xml,4371,cde50cd13725cbeddea0121a883486b6580e4615da61780bd74c0ebe44710455
input/sample_advisories/isaac/28.bal092012.dat,8304,d9911457bf6c5ec6da4710e0d3896cbe24b9c1f74153f4bebba99c69a127e1f7
input/sample_advisories/isaac/29.092012.index-at.xml,4501,61885044e304401798c662da0531e2b7b1956a515fd96afe803f0c599fd10c31
input/sample_advisories/isaac/29.bal092012.dat,8696,7751eb6aa7496426ff7b6fbb31ec99e6d3567892157cc0f61d2dd9dfba18cb53
input/sample_advisories/isaac/30.092012.index-at.xml,4422,3d7b5458491c219e7b3e901420cf8abccb96529ced0130c3e9485eeb485b6fc3
input/sample_advisories/isaac/30.bal092012.dat,9284,dfc367193ebcd49260e31a8f2872fbf25869bfaa8a112496897ada197c9ed4b3
input/sample_advisories/isaac/31.092012.index-at.xml,4225,cdaebcdcd30994636d7875b248d32af943860fa08be6b761f812b4811faec66d
input/sample_advisories/isaac/31.bal092012.dat,9872,e81f7615325b5f7105673ebe565de70172159ca0143c48881235014512fc64e8
input/sample_advisories/isaac/32.092012.index-at.xml,3876,4d5c364874a5e1ace9b4786b76eae23a905a484fd2b0a76907b435c5ad424a8f
input/sample_advisories/isaac/32.bal092012.dat,10460,0dcceda7a7af6c2e24b890883631f32a463346eb7d0e8e55ab00fa2b97310bf5
input/sample_advisories/isaac/33.092012.index-at.xml,3736,e622e13f16b0a40e83d7f8e342f42539773a5ec5a690b4a939b161ab3c2c08fa
input/sample_advisories/isaac/33.bal092012.dat,11048,e2c5a0e5f8e8077fe5a7199fe89e607cca43a0960dc213682c0cce2560993cbc
input/sample_advisories/isaac/34.092012.index-at.xml,3758,57043ec0758720a3249d45833c8a03b32c400126378f420ea39e2d516904d09d
input/sample_advisories/isaac/34.bal092012.dat,11636,65d9fa92ff2500ba4e70c306d1d3e08f841a6f1dd9821325a18dc159f50a030f
input/sample_advisories/isaac/35.092012.index-at.xml,3228,06beccc710bb7e68a7d58d8390da152a4799543d0b46f953ffe46a616bc2bc01
input/sample_advisories/isaac/35.bal092012.dat,12028,ef9f8bcc8f4079853c8ed76a7c777544bfd07e0ff80f30b4f6d64cbbc6d60451
input/sample_advisories/isaac/36.092012.index-at.xml,3176,5209ff06d348694d6f2c3692391c89dfb0d5148d4409f14b0fba4c7ed821ccdd
input/sample_advisories/isaac/36.bal092012.dat,12420,88ecb0e92171832b9746d2df48d5eca4383e0177eccf63ac709b7be2b228dbc0
input/sample_advisories/isaac/37.092012.index-at.xml,3248,cf07c9da037b5858c0e67b0559f490853842543fa3a3390f5c7b1378ecc1bf62
input/sample_advisories/isaac/37.bal092012.dat,12750,5035246c61a6a652aff1cbe1b21c975e42eef0e4f1b9a1e914245cf83590015c
input/sample_advisories/isaac/38.092012.index-at.xml,3243,5f69ebefa8a206fd536a049201d5f81a378a57344d0672076bb56654ea3c6aad
input/sample_advisories/isaac/38.bal092012.dat,12915,3678bda25551a24a48602616af1d9744eaa7ce8ef8baa8de49dc007bca25cfe6
input/sample_advisories/isaac/39.092012.index-at.xml,3327,b92da6c0b802eaa0cdf38d82c56e9682571d61cdd9447b144a3243f9558616f6
input/sample_advisories/isaac/39.bal092012.dat,13111,a51e3d69e454bb234fcfb467fb622fc13e78d5691ed42ab9b4df31816c264db1
input/sample_advisories/isaac/al092012.fstadv.001.shtml,20667,8423d0ea5c425b53fb0ece16f18dcaa78d7226b528f5b1d0e546c3f71ea34199
input/sample_advisories/isaac/al092012.fstadv.002.shtml,20224,0920d1c8ce41aa0a0411e31da98776d9417ab5bd85092de0842264c56055e587
input/sample_advisories/isaac/al092012.fstadv.003.shtml,20172,2fc31e35b7f33f22c5f20510b972843f4450c806fdfdf9fe2eca55ac47570dc7
input/sample_advisories/isaac/al092012.fstadv.004.shtml,20753,4ced526e88c7a788df1aeaca5deae277d13d30713debd93e35bfa81113b17470
input/sample_advisories/isaac/al092012.fstadv.005.shtml,21219,30afd01bb7003f4275abbe0c2bc41e76820134bfe090eea89cd02d32001a0052
input/sample_advisories/isaac/al092012.fstadv.006.shtml,20788,13363dc6801eea457abafb37cafaded207afe3c38e26c83c877bb7bc668e4e8f
input/sample_advisories/isaac/al092012.fstadv.007.shtml,21438,369d1e452d4d0286b48e3f2f6bd272d75c953bf02340977cca9a5239f8891924
input/sample_advisories/isaac/al092012.fstadv.008.shtml,21674,3ffc12acf94345e706db1880c9f8d9fa67afb8db6023b075091cfd8a4d85a5c3
input/sample_advisories/isaac/al092012.fstadv.009.shtml,20809,fa58355cdf4c3e822991c0e8b55b6a7ff0b7d5b81de20647ac9992184ba785f4
input/sample_advisories/isaac/al092012.fstadv.010.shtml,20687,b9599f665d8af51baa50d9418c22d95c4e63980fb5446d278e62944e9a15e822
input/sample_advisories/isaac/al092012.fstadv.011.shtml,21211,346918e0d41b7579f15317f074b74074e61b02baf1a4dc954744d383900c7b48
input/sample_advisories/isaac/al092012.fstadv.012.shtml,21433,ecff542780d0aaa6734590d70215bd4ef47fe8576805cfc93066e668f0241e2d
input/sample_advisories/isaac/al092012.fstadv.013.shtml,20604,020f974c7aa06c75e5fafcd1e72ecf6b10f000e8db6642096e573fbe8e824500
input/sample_advisories/isaac/al092012.fstadv.014.shtml,21267,81642a14c5b637c21d7879aa22eafe2ce25420344b555d04c4dd0119c2a7fb26
input/sample_advisories/isaac/al092012.fstadv.015.shtml,21537,b99d3134e1ab8da3fea9ffd26423d2feb85c8b591fb3392e329d0bdcfd1bf2d6
input/sample_advisories/isaac/al092012.fstadv.016.shtml,21657,57b004cf8777a2f41222530c770d8d98f4ecd6d3a3ab850813e2ffea4c5cb6f5
input/sample_advisories/isaac/al092012.fstadv.017.shtml,21613,f5207979dc080a8c43f844847b8545f7f50041f138d7853afdf7d6ea80a3d0a3
input/sample_advisories/isaac/al092012.fstadv.018.shtml,21752,211c7e80d40d50a723984397e25117a17d648b393e221d66ca4fd284248a531a
input/sample_advisories/isaac/al092012.fstadv.019.shtml,21582,fd221734453798172227df8df8c042a87189ba976a7ec6aea88c1f4fef33d944
input/sample_advisories/isaac/al092012.fstadv.020.shtml,21819,47f068106a669be660719ff9ec45f3081d8cdd5ad45e5fd7d590974d22c03652
input/sample_advisories/isaac/al092012.fstadv.021.shtml,21925,eda751736b78b5db7ffeecbe9163d8440bccf732a6456cb4808bd4774420ab5e
input/sample_advisories/isaac/al092012.fstadv.022.shtml,21842,9118cdb41d7d20f57e6eb88d52f9411117d0c068748431e0a54ad3bd38cc7dd9
input/sample_advisories/isaac/al092012.fstadv.023.shtml,21793,112a8b4b6dae3a232b416994288a0593383693e599ba70e08fa8cd2a09ad886e
input/sample_advisories/isaac/al092012.fstadv.024.shtml,21139,61c003e733e5bb5385822cd413e956c18883d88831f13ca34b5989bb17d0d9e8
input/sample_advisories/isaac/al092012.fstadv.025.shtml,21730,88505ee8b21a8d94c026091e8c23339ed814687e6e0b3936146ef7812b432af9
input/sample_advisories/isaac/al092012.fstadv.026.shtml,20945,9329945ad1bb8d48ffebfdf4d77af528d6cec54f8890118cd7656d66a4debaa5
input/sample_advisories/isaac/al092012.fstadv.027.shtml,20827,9b5a85e468c3a34ce15c9c21eb1005f88be9886f073bd8ddf2ea95448d2162c9
input/sample_advisories/isaac/al092012.fstadv.028.shtml,20675,3d901056da66edb1be22c5b18f316e609db39c70587a834a6eefade5d296c4ae
input/sample_advisories/isaac/al092012.fstadv.029.shtml,20805,1fe15b6bf891fa8d0cc692048ff888d4027875131a8eb284ca4454f7badc5232
input/sample_advisories/isaac/al092012.fstadv.030.shtml,20726,fdcf654a3c9f83d6ec90d853dbf9c0138e2a3217b60cc05e3a2c475597f3c6b8
input/sample_advisories/isaac/al092012.fstadv.031.shtml,20524,2b9436fb82016d5190e5320416b575bd51206be6413116f5bab68217a4fbf733
input/sample_advisories/isaac/al092012.fstadv.032.shtml,20175,4dc421e1b9036b3da7b4c3a2515940cf85b8c3e952e9628e7fcbfb7f16272d0b
input/sample_advisories/isaac/al092012.fstadv.033.shtml,20035,6d0414a077a23de818b524173fc9837913f65923cebb45db7fa7fd6742957037
input/sample_advisories/isaac/al092012.fstadv.034.shtml,20057,b994f995c1b90573e446fa5b7aa6c93562a779226ebb880536e73c1454e34f89
input/sample_advisories/isaac/al092012.fstadv.035.shtml,19532,2a741a378886da70fe0287c46bd7ae82f1666fa57f498231c61f966339ffcccb
input/sample_advisories/isaac/al092012.fstadv.036.shtml,19480,782cbb41040602c35e6e7574e06541cd0b19b43598fc1b9dec2682bf5253e01c
input/sample_advisories/isaac/al092012.fstadv.037.shtml,19552,a7cd0b6ad681ffab7b4ec367eb8ec5ca73ae8446fdd5f030501ef9d3fd8fd408
input/sample_advisories/isaac/al092012.fstadv.038.shtml,19547,55ed4adad36b3f57b0476ef604832baee386be3102e4ec26dbd89c9ebeefd4c5
input/sample_advisories/isaac/al092012.fstadv.039.shtml,19636,58327ebeb5f0b0e3132f396aaf777aa55f2a942b8daa24bd094e3c9db0a4f51e
input/sample_advisories/isaac/orig.bal092012.dat,14978,ace2d140e5d39e82433c840df2e800a1af67c741049a2a7d618bd7fd82994bf7
input/sample_advisories/issueAdvisory.sh,3608,a968e728c8f28ea8fc5f2902dc3c4deebee184cccd805d6f105b1525d3768d79
input/sample_advisories/katrina/01.122005.index-at.xml,3195,cf31c45cfe959456e916ce5ce87cad709530d6b98d3b09bbd6d6fd0c9e72a648
input/sample_advisories/katrina/01.bal122005.dat,165,7220ba48f4f41a2b9529b4005b914b72c25b472e453b23f37b69065f65d333fd
input/sample_advisories/katrina/02.122005.index-at.xml,3668,2019693c8bd9929d0fd8c5fa0fa5c212170eab8ad230f87a333a0a753f835ad3
input/sample_advisories/katrina/02.bal122005.dat,330,413a814fe3580c0019687d80abb53fcb19a5ce4c3c792247452bcc4f7fde04f1
input/sample_advisories/katrina/03.122005.index-at.xml,3779,ed37ee57f82009afde3dce209158bbb7b712f3a65922253cfdb736106eb63b02
input/sample_advisories/katrina/03.bal122005.dat,495,efae3ce20b0adf50698c29fa345da08257bf73d2b9b9ab6110ae1e1e5063bed4
input/sample_advisories/katrina/04.122005.index-at.xml,3974,922874c419fe1aa0e46c14be9bb783269ef52e34eae7d0c9368b1ecfd505ec5b
input/sample_advisories/katrina/04.bal122005.dat,660,b15b47d867550a908925ad587adc65afc7a77abd4f4357ccb6bb781d10a0ad40
input/sample_advisories/katrina/05.122005.index-at.xml,4486,64057289a43d429eec6c23ea9ed0c1b78aab466de6512f28a3a3353f9d5873ce
input/sample_advisories/katrina/05.bal122005.dat,825,af3ed32ddccceb733338d67fd1d0ef63fd359bb587c45f1a4059ab66d75f9be6
input/sample_advisories/katrina/06.122005.index-at.xml,3962,6c444c8bfca8193ae8da56624dd01fed72451a98a0d15e4578b534a05607f62b
input/sample_advisories/katrina/06.bal122005.dat,990,fb36b52224bfc183a61450829e7c645c9c106cef7e4e3e49e8f666009007e181
input/sample_advisories/katrina/07.122005.index-at.xml,4049,679ddbf248518b7cad27e2ca6e189aad8b5ab4f487bc11ec76183577acd5321a
input/sample_advisories/katrina/07.bal122005.dat,1320,74ca508eff4b0db530f007df15156435f8152c22f225f014d00cd538a88192ba
input/sample_advisories/katrina/08.122005.index-at.xml,4217,05f6a33e16732313d574a861c4be23fc683895bc1bb396b40f1292177410ca2b
input/sample_advisories/katrina/08.bal122005.dat,1650,086951374ed3b1862f7c53b80d6aee76de9e5e5abeffd7d7efb749de5cba6a46
input/sample_advisories/katrina/09.122005.index-at.xml,4452,42c2a15a562f0d02ac55ca56387e5c2b8499704e576049af213bb13f4b107681
input/sample_advisories/katrina/09.bal122005.dat,1980,190eb470c0ad60afc6fe8f319ec5b709b2d2d84db0971be8a25b1a6e20b23acc
input/sample_advisories/katrina/10.122005.index-at.xml,4019,ddacaac0d9d359772d835ca494517421232a254915d5752b39ad9699e8b8cf7f
input/sample_advisories/katrina/10.bal122005.dat,2475,eea35791276c3441f923e027ede2dd8e2643746020fe7921b0a40a1e218dfcc6
input/sample_advisories/katrina/11.122005.index-at.xml,3946,281c5bcd8d6faee6d2b2fc703bf20c78a3f4cbfc0a64017f98da71784d5bea70
input/sample_advisories/katrina/11.bal122005.dat,2903,22bf3429f76245a2ebd9166eb5f783232ea8c94b8ad99789f4b5674f89a360c8
input/sample_advisories/katrina/12.122005.index-at.xml,4105,72f0006facd2c58b9634eb362d408c155df71bca862ffc3b6124166d310a1559
input/sample_advisories/katrina/12.bal122005.dat,3398,2ba2d83b382774c2a13811387cf3aeaa1604b814c73f0d9a878565f74b33df1a
input/sample_advisories/katrina/13.122005.index-at.xml,4048,33259be6846c278642978954d348a45b6f09fbdefb9fd4fb03a070beedfc40c8
input/sample_advisories/katrina/13.bal122005.dat,3398,2ba2d83b382774c2a13811387cf3aeaa1604b814c73f0d9a878565f74b33df1a
input/sample_advisories/katrina/14.122005.index-at.xml,3564,438c0c47b85a8755b25ea5b18e65a31f0a8e8554732b254d2f4953f61949581c
input/sample_advisories/katrina/14.bal122005.dat,3893,48fd68a8a3d6f9b779fa1cf57b1167013fd9d8d52853cc894770e9aa4e403218
input/sample_advisories/katrina/15.122005.index-at.xml,3475,11e4de75dd19fca4b3c72faab65de512d13a76aa9366c9a311a0a2842c2958c2
input/sample_advisories/katrina/15.bal122005.dat,4388,70979f68cda2f95b06293c91c4fa8a4ee7bb8b7489a11f2a4af589976a278f0b
input/sample_advisories/katrina/16.122005.index-at.xml,3582,b19d5ed06b496d9d4cf0e00049e5ac3c1c01240cd18acce9b0c8076fb90b957d
input/sample_advisories/katrina/16.bal122005.dat,4883,34c88b688909827cbefc13570e880d75cccaf9e85d0f1bf67b4e2c09e3d5cdab
input/sample_advisories/katrina/17.122005.index-at.xml,4012,eb30f20e615bef3c36fcb8e53c02959a82381404b50e4b2bbf633e26d81e5285
input/sample_advisories/katrina/17.bal122005.dat,5378,a30235c20ff20c05f75fde9119bfb846d3387ea0c0841e60bad7553f0bb0d91e
input/sample_advisories/katrina/18.122005.index-at.xml,3834,f24ccc8e24727952884789825f7880b9fd4e5db06ed4a665eda4b5ffa163fed2
input/sample_advisories/katrina/18.bal122005.dat,5873,124b7efe21d230420a8cc9aeb4aebed9b811fb00ffe8cf00ae071430e0a1467c
input/sample_advisories/katrina/19.122005.index-at.xml,4246,a8d4b31f51d89dad0fc7b010bde9b806e92dcae5f76386f238b55b56fec52ec0
input/sample_advisories/katrina/19.bal122005.dat,6368,1233362fbd5a636b243ef2fb008fa2c7d183c37815988e5efcabbac6cbfa756a
input/sample_advisories/katrina/20.122005.index-at.xml,4117,d6e987802664895f3912744c0df2b11288a6608244943dfc24413efd2c6c1c01
input/sample_advisories/katrina/20.bal122005.dat,6863,4bfa20101c7f081bf0e74ba42352987cc9d105c1cea98c841767c03494abce8f
input/sample_advisories/katrina/21.122005.index-at.xml,4472,d40c98ec7bbbf020adaba095670ff3126c94890ae5251ea42f066f9fbccb40c9
input/sample_advisories/katrina/21.bal122005.dat,6863,4bfa20101c7f081bf0e74ba42352987cc9d105c1cea98c841767c03494abce8f
input/sample_advisories/katrina/22.122005.index-at.xml,4284,284a87ce854f58562fae6e64e86e534a1f895d0633bd469930338f9bc8dad24b
input/sample_advisories/katrina/22.bal122005.dat,7358,1389937978d76d016bf3b29621f45592a8f0724c41db9e624aa84636a94f21f7
input/sample_advisories/katrina/23.122005.index-at.xml,4210,4592f132daec564793c4bf421124154a8a863958b7ed788c297960e81d1a0b34
input/sample_advisories/katrina/23.bal122005.dat,7358,1389937978d76d016bf3b29621f45592a8f0724c41db9e624aa84636a94f21f7
input/sample_advisories/katrina/24.122005.index-at.xml,3787,fb419e4d1c0747180f9db964e6c3a4916c1e0917ef37e29d2ef3266b2a509b3a
input/sample_advisories/katrina/24.bal122005.dat,7853,347d477021d1c4ca107fc1816cc84cfd5402112fa99daecb8d3ed4a657cae30d
input/sample_advisories/katrina/25.122005.index-at.xml,3709,6e7d6b4c64b0997dc50b18e3f25322840b39490c21ce16b461a726e9fd3d6710
input/sample_advisories/katrina/25.bal122005.dat,8348,380fd6b652fb6d4e7f8c779eccba8819a93a3b810485d6155f358423b39a5e69
input/sample_advisories/katrina/26.122005.index-at.xml,3726,c1953fdfae3c73a7595b4b332ec885ab1d47bab8ce95a7530f178a11a90edfbe
input/sample_advisories/katrina/26.bal122005.dat,8843,6fa57bdc14785b67dafade435e6c1c7ddcbf12f09856d6fadfcdf31601721357
input/sample_advisories/katrina/27.122005.index-at.xml,3429,07bf6f4489459149db10d6ebcf903ff1821be463e3ebac1484e288263397b4b8
input/sample_advisories/katrina/27.bal122005.dat,9338,f7d1f5d076814296db534ae158103f8bf32c180a59b571b6cd08c454c87f5705
input/sample_advisories/katrina/28.122005.index-at.xml,3326,ac082219ccdfe1d4f62c4da46d957803520a21c063779726a4663ebdefd23691
input/sample_advisories/katrina/28.bal122005.dat,9833,9ad55b4e18c27a904566369c447b5a26b93bf7baa9d74a7b869c3fc932fab0b5
input/sample_advisories/katrina/29.122005.index-at.xml,2884,c51382a380d2598bd221a48d6bf52d83d1a5524a74b88c082aedcea5478e173d
input/sample_advisories/katrina/29.bal122005.dat,10163,425cd79effc8084647669dd96e90a109f2c6d302f14120d5ef90fe6cb5245655
input/sample_advisories/katrina/30.122005.index-at.xml,2764,2b67cb51fc60d966a6aff4b4849f43265c8f89e9269a83823ac2092e4bae73d6
input/sample_advisories/katrina/30.bal122005.dat,10328,2e81a4ba045254d1b458f5db140d45a9d11685ca60b56974cc4b129d999e455c
input/sample_advisories/katrina/31.122005.index-at.xml,2973,04dd4e2c554638aa42a2e7e2817be7ff749daacc41a96f74cf40ce270e7301aa
input/sample_advisories/katrina/31.bal122005.dat,10493,75d8e034b478a06e1d33a22d6c3041667da3977d6d9af50b7f290dd270c1b8ae
input/sample_advisories/katrina/al122005.fstadv.001.shtml,19509,822251768f385f6bd2ebcc7b67320f06aacfc12b2c030661442cbb99f2f8c0ac
input/sample_advisories/katrina/al122005.fstadv.002.shtml,19984,4709fe7f68e8d54bf3e55ea347dde22b8efb4874bdf6a007e94fecc55a37b73f
input/sample_advisories/katrina/al122005.fstadv.003.shtml,20095,12f2139d9d6b5c4f16f2f815c612ce6a7cac395d156f8d2365a71f638dfb3171
input/sample_advisories/katrina/al122005.fstadv.004.shtml,20286,481a4b5398bc037dc97c3d0a2d005f3742e8122eb54d44ffe342330d32207ff3
input/sample_advisories/katrina/al122005.fstadv.005.shtml,20798,2bcc360fda7b61600dd42095b90bb5f0663b4176452cb973bdf59ddf7edb678f
input/sample_advisories/katrina/al122005.fstadv.006.shtml,20273,31b3c6069dbda1b520ebd587396aaf3b375f15206452e98e4a7c0314ccb76eab
input/sample_advisories/katrina/al122005.fstadv.007.shtml,20360,ea9d1c1b8f93cf651b7afae0e5721c0c7e5a0ca28901c4241cc4fe1f3d96758f
input/sample_advisories/katrina/al122005.fstadv.008.shtml,20528,dc00aec5ed369430d900af8496c3d54b852da035e9e581cfb7722d02c187e7ed
input/sample_advisories/katrina/al122005.fstadv.009.shtml,20758,8df197d99d1ebabcd23baefc22d8486a889144affccf89d84ee046d7f87eb546
input/sample_advisories/katrina/al122005.fstadv.010.shtml,20322,45e16902a6c84c3aa48fa5a2358c25298e5ef13d1e9e503f4f81d30eec35a5e2
input/sample_advisories/katrina/al122005.fstadv.011.shtml,20249,14af343ff4c2adcbe2c16e8f9730c403d193cdede1973facb5b23f2918079717
input/sample_advisories/katrina/al122005.fstadv.012.shtml,20408,03954c864574dfad230e12d612eb95d019f8d12bd099c0126da2e654a4103139
input/sample_advisories/katrina/al122005.fstadv.013.shtml,20351,83851691cf9fe54aab5de45596308e6e7cacc2abb85de9a0a5084f3b63827315
input/sample_advisories/katrina/al122005.fstadv.014.shtml,19867,8a68e4a41b8134c8de0bf2376557a85a95a1aad03f35d0476560c62eaeae740e
input/sample_advisories/katrina/al122005.fstadv.015.shtml,19780,8d047a3b7d5eaa36b4bcbb20bb971d685f486037187e57a6cea8cac018696a3f
input/sample_advisories/katrina/al122005.fstadv.016.shtml,19887,3959ab60fd15306d635eb9de12d925e3edae6bd34ea3032424405dddd78ec0db
input/sample_advisories/katrina/al122005.fstadv.017.shtml,20317,6eab80a32f7b42d9da4521b58ce9e82be412b97398ca4bb3ab2866269a61ecf9
input/sample_advisories/katrina/al122005.fstadv.018.shtml,20139,47cb865806fdc2e88ff6fd06beca5505698250c68251cd9558e124e3c268a869
input/sample_advisories/katrina/al122005.fstadv.019.shtml,20549,187fd3594d1d56446056b8d07a39c62c8046951f20b5fd7050ddc60c299a39b7
input/sample_advisories/katrina/al122005.fstadv.020.shtml,20420,28932ce6e3a43bc07f9cb485f11f1d63f70a340baa4a2f472c33f0e0e35dc6e3
input/sample_advisories/katrina/al122005.fstadv.021.shtml,20775,d978d274ad58cf4e224525ba67b744d63f1082b85c42ee11b5f4159e745a5989
input/sample_advisories/katrina/al122005.fstadv.022.shtml,20587,6506f6c5c850de013cb48ca9b357a37768a696411fe813b07e79af05095d204b
input/sample_advisories/katrina/al122005.fstadv.023.shtml,20513,58057c8614877e0a691896f2fb9164950c6c1735c07e73ccd144d70ddac6ff71
input/sample_advisories/katrina/al122005.fstadv.024.shtml,20090,6dc24064db05745d0ac9d566555d3f50af18c279df9d2a0a500a5905e06e3400
input/sample_advisories/katrina/al122005.fstadv.025.shtml,20012,07ab990db92e3fea5a7bf23b0632e4cdd0bce4bd2d9a21084748ea19427ad5b2
input/sample_advisories/katrina/al122005.fstadv.026.shtml,20029,d08547a5bbf4877c7b7ec76965364eaa940a4aec65574ff4bd221acb29118406
input/sample_advisories/katrina/al122005.fstadv.027.shtml,19732,eda692de2157cf5acdb143ee8fc914fcb628ad519f225a22027fb9b9adf6a862
input/sample_advisories/katrina/al122005.fstadv.028.shtml,19629,8c45acbf0085f91a83e82fc718d33bd319ebcb9ce97ade0b85818ed50c190830
input/sample_advisories/katrina/al122005.fstadv.029.shtml,19183,55b6dcb58bc7ba55c56142d8fbc9922c89127f262a198fa11a3097fdb42a9dbc
input/sample_advisories/katrina/al122005.fstadv.030.shtml,19063,5df379397680dbacf2db724b86e19187ddda745f310b114beb50a784a6306354
input/sample_advisories/katrina/al122005.fstadv.031.shtml,19265,66458f8de4016deaddb4d5ac41fcb9143449f58487ec7231d3d9281aed139470
input/sample_advisories/katrina/bal122005.dat,11081,f12ed58c2bd7fcef5d2b299eb22c1c9d4c67040e8342c4f8a18505215478c806
input/sample_advisories/replay-storm.ini.sample,1618,09107df6fb9611244b023227857a12a6ee19b4dd5ee675ccb405dddcb07f30e0
input/sample_advisories/replay-storm.pl,18742,bf85cf63fa711b7f3424f766d4e05dee0e8de404a40df8d9761da600a285974c
input/sample_advisories/replay-storm.tpl,1200,abfd0320a7375d8c45a39e9a041a53a6c751e43bf73a11e6258c8e44ba7b1522
input/sample_advisories/rita/01.182005.index-at.xml,3650,ae154d11dd7c61424ea40c6a9507f0de18c587641bb1b9424dc202079757c049
input/sample_advisories/rita/01.bal182005.dat,165,79fbb5a4d3e0ac61275818d89c78cf7942962dc0b275564eebfd56b734a8355f
input/sample_advisories/rita/02.182005.index-at.xml,3479,86d20bd2db3d2b6bf905148e0ecc2cdb51a2a884a8c22e095e69c7bbd016bc2f
input/sample_advisories/rita/02.bal182005.dat,330,a3c3604a08ab841d1e357fbdc7185af775cbeb599f5b08960e21b8c444225a97
input/sample_advisories/rita/03.182005.index-at.xml,3696,3beef048eda73929574b17d606c80ea11c41e3fc81fe6e5d87c669b224a33937
input/sample_advisories/rita/03.bal182005.dat,495,3424746bf22fc9beeb25127f5e230726f695c371e6251a6482c70e71fb3523f3
input/sample_advisories/rita/04.182005.index-at.xml,4214,88c478e12d2827c1ec3319aecef0987624a8256ae7ce806e197cc84ac4ea1e5b
input/sample_advisories/rita/04.bal182005.dat,660,55470d30d54a124a67284113a951ece42e0b3f3d3b213e25e8147fae6c7c7a9e
input/sample_advisories/rita/05.182005.index-at.xml,4751,16e23e9af1ad6a2b6bda7d9b45c8ea80a2239b3b738e0c7bc017ef4653a5f65b
input/sample_advisories/rita/05.bal182005.dat,825,54474f162841d73125b51c86eb6a2b6ab76714202120bbe7d5af4648130fd974
input/sample_advisories/rita/06.182005.index-at.xml,4092,5c922b5dc6610d7e30fce022f4dfdb7a8f22f516dd841e8e6c57c21aae1bd675
input/sample_advisories/rita/06.bal182005.dat,1155,3aee6a789758425d579436345861073e933811304d1697a6ea98f98c7d94ba3c
input/sample_advisories/rita/07.182005.index-at.xml,4613,b67a8651ee50813c06ba6c107b3aa2061d1f3912b0c67d4a86d1053711b37266
input/sample_advisories/rita/07.bal182005.dat,1485,79e6cd68964467c5485608f3d83830ea3a9a9bc214b39c52e23221fac0deeb38
input/sample_advisories/rita/08.182005.index-at.xml,5180,0af299f85832e444e777dc8ab5222c0ce5b73eeb8038f26dcf44bc393cbdd5e0
input/sample_advisories/rita/08.bal182005.dat,1815,c2b5aae3b884db49f15fd67067c3c9eaca9f6716aa633ef12e66eb718a54ed51
input/sample_advisories/rita/09.182005.index-at.xml,5010,5ff7678b45f6e0be5b8db87deb1afbb3f0f1372c29206538c780091060d469ed
input/sample_advisories/rita/09.bal182005.dat,2145,2918098312cd028f4e4f8765446e22703931b2e6ac62517d30884d1b6b2564b2
input/sample_advisories/rita/10.182005.index-at.xml,5179,187943e724a4b4fedfc738943a8bd11baae46c62be65902dbb7f0cabf3f82947
input/sample_advisories/rita/10.bal182005.dat,2475,d7f4445384660ce8fbebc7f2ea62efc452e3f0749812312d84136824942831c7
input/sample_advisories/rita/11.182005.index-at.xml,4632,c12fdcaf2af0bf08d6e8c207b67d65a0f35468224a266bc2b2d6ded787220009
input/sample_advisories/rita/11.bal182005.dat,2970,ca3990521d6d27148ab5131ae916696100c661306aabbd25b230bf3ace64cf8d
input/sample_advisories/rita/12.182005.index-at.xml,4418,fd54c92e623c6a0d2c7d717bec20f6ae0dc4eb2a386975041fc745748a990842
input/sample_advisories/rita/12.bal182005.dat,3465,64e255afb611818a5171885cea2655df33fbc45440d2a7c08177289129502975
input/sample_advisories/rita/13.182005.index-at.xml,4357,119a80d5bba06ace6deceb6fafabfd393588ff1a54fd8641166f0f5c09688fb6
input/sample_advisories/rita/13.bal182005.dat,3465,64e255afb611818a5171885cea2655df33fbc45440d2a7c08177289129502975
input/sample_advisories/rita/14.182005.index-at.xml,3950,dc6d37bb8a6c4150170e31706010550cda0bf742d738f0e475ef568d96c06cdd
input/sample_advisories/rita/14.bal182005.dat,3960,61e749d830f2ce0430b1907f9efc0c49f2946e3940ce1a8eadeabf93d8474e56
input/sample_advisories/rita/15.182005.index-at.xml,3652,0164e428de9231d0e99dbbfd878e6a1501eebfada843be94a31d50986d08c95e
input/sample_advisories/rita/15.bal182005.dat,4455,51d6d49bc870301986577f88467b0896ea65910132e8cf2c040cde5cff3bcf6c
input/sample_advisories/rita/16.182005.index-at.xml,3674,04350ef0d8775e99ccd4f8a1f4406e0980fd47a665f3a46935cbe08ec1732ee3
input/sample_advisories/rita/16.bal182005.dat,4950,65e11d4c19dc719992d755e08746f049de1c597dd2017da086d0ebee28713833
input/sample_advisories/rita/17.182005.index-at.xml,4080,1e686de6bf7541ed4cfff13cfa36c9076eabe9af4c10033ac76bf1f163233f91
input/sample_advisories/rita/17.bal182005.dat,5445,6eceeb96f050e7e91b8181cc4f288782ff8da946dae499d0ba50774c3b38af96
input/sample_advisories/rita/18.182005.index-at.xml,4212,434d5d24a61519b92785d05a377a2d74ee76f4d2d5c772aaebc92fa460c472e1
input/sample_advisories/rita/18.bal182005.dat,5940,51cb2e6ed6e5b8a2f68f49f5bb8f855dbdf1d071bb33f79f41246379b42ddbb2
input/sample_advisories/rita/19.182005.index-at.xml,4697,0dd16478393b483cc93651824fb46ee9b530516da30bbc5a623985fc2330cd63
input/sample_advisories/rita/19.bal182005.dat,6435,1304343beaba0c751d18a853bd5b2ebb7b8e27349d104f2db865786783eb554a
input/sample_advisories/rita/20.182005.index-at.xml,4491,0d570d95fdfc6498e855f81d0ce9f03554a505be7961f9489a24a43b1a1afde3
input/sample_advisories/rita/20.bal182005.dat,6930,16cfca4dc2689d4de61a02f1cbb5fc70c10b31f7b024c50e0f7c424aa72d5e8e
input/sample_advisories/rita/21.182005.index-at.xml,4464,f2110ded3db299c8929ec58a132e0fb8ca882511c9069b265428ea975962f055
input/sample_advisories/rita/21.bal182005.dat,7425,8da35852b6a739942cd9ab29fb83618022ae397e98c9ecb5b48d879d5b4a46cb
input/sample_advisories/rita/22.182005.index-at.xml,4254,8bfdab05bed066a5ba36d12236572a25ed57361fbef78fc6d4922af3b3e27bd4
input/sample_advisories/rita/22.bal182005.dat,7920,46fe08280a719bbb1d0ff5c62553951052c56e6bfc4737bfcf2dd2d02011d4d0
input/sample_advisories/rita/23.182005.index-at.xml,4111,4e24d3395a687eefdf8bcf758f43dbc03f7e77f06bfedcb5dae76447d2a0e943
input/sample_advisories/rita/23.bal182005.dat,8415,4dc35b3d502c87166a51bed898020615bc7cd336f16a4f9b613b5f0c696ef2a9
input/sample_advisories/rita/24.182005.index-at.xml,3877,8b4b74958c916a0b0999be8cc27819cfd047780def9967de0f72605eb0608d0f
input/sample_advisories/rita/24.bal182005.dat,8910,227d01a287fed5eae04f1fade6c952fac15e9d1119854c58edd062dc48045260
input/sample_advisories/rita/25.182005.index-at.xml,3924,237d9117626eca788c1c3a016bcda61f6fa18d3af26f636f59c3b89c9bdc0d3c
input/sample_advisories/rita/25.bal182005.dat,9405,68c3f99afdbc1af7e9623798d62eac5ced8b772087c0568ed993cd2922c3bd97
input/sample_advisories/rita/26.182005.index-at.xml,3741,1f593dfbf5d0e8973635400396ccde70f54483cd3e84a702b5da586280a5d47c
input/sample_advisories/rita/26.bal182005.dat,9900,b3e8df1fe54dfd4b1ec96f1d1e9aad98397b5ffa43a385fd722e714bb74adb09
input/sample_advisories/rita/27.182005.index-at.xml,3804,6b73ee92daed3ed16d08af479f4a042ce926c0b612a886d22a7d1a08ba047076
input/sample_advisories/rita/27.bal182005.dat,10395,29dc986f37237e069801c613eec5ea2d92a72bdf9416dc9dc7acde4ec88f704e
input/sample_advisories/rita/28.182005.index-at.xml,3302,9ef481dff8bbf46469bbd99caae3dd125ad267161e9bd4a0216362ba5ba47b2a
input/sample_advisories/rita/28.bal182005.dat,10890,b701535df0f4cc110ed9a21017dc64d8d409ddf10d134dcbfbe89ab460577843
input/sample_advisories/rita/29.182005.index-at.xml,2934,549969eaff34d875ee111f82116b0e24f4a4fc0a8866c495b62c04e06590e5ce
input/sample_advisories/rita/29.bal182005.dat,11055,28ea404679927e4e7a07816dde179959e7cf43be133889f392756a251e1e4378
input/sample_advisories/rita/30.182005.index-at.xml,2505,0658d0c3172f76c23cdcac1ef07f49886a647be6175a72acd392200881f8a8a5
input/sample_advisories/rita/30.bal182005.dat,11220,7df13b2e61b0c23668d3f04963c006ccc1722780357dfb7dc0b15c7485b9c353
input/sample_advisories/rita/al182005.fstadv.001.shtml,19965,71d5e54fa5ee4185fea2a0927a4ae55fb0abc06efcb17ca119d4c984ccfabf9c
input/sample_advisories/rita/al182005.fstadv.002.shtml,19794,f9de48eedc05e1a0209a2060ff9c97c29aec5195229e70a328f92c66090bfe4e
input/sample_advisories/rita/al182005.fstadv.003.shtml,20011,6479188077193520e37cca8a7a4e9f11683bc4bac6043289a05a79fcfa00a63c
input/sample_advisories/rita/al182005.fstadv.004.shtml,20520,37ef68942ab894d9e1b73cba9636002172f1ede56674a4d4ba89434f4538068c
input/sample_advisories/rita/al182005.fstadv.005.shtml,21057,f5df968953628107dd656d49f0b375deb0485176b709ad078e0020fb8ee5ac0f
input/sample_advisories/rita/al182005.fstadv.006.shtml,20398,486774eb1b5df7c7ff100f2f6b9308af76faa5cf225a14e4910a75dca1df5064
input/sample_advisories/rita/al182005.fstadv.007.shtml,20919,0c3e067ec0e1101270a45bcf89fd16c8156467eda27d1a8d69a84779416b7f4d
input/sample_advisories/rita/al182005.fstadv.008.shtml,21486,750748b9b681833b738daffdc28e8ce23f67e5e6c261e47fd8491dae96f28bff
input/sample_advisories/rita/al182005.fstadv.009.shtml,21317,2133b564d0fd706aeb0bffdd49036ced2083407dd3756675addd59540fba9e2f
input/sample_advisories/rita/al182005.fstadv.010.shtml,21485,b23ed40ae54e068e61920255e435b48e78c3829c496b67211418067c8bcc4fc1
input/sample_advisories/rita/al182005.fstadv.011.shtml,20933,7fe7cff6ebf80252feea94f8329fcd9992dcb3cafb206e66571fc886c0841ee3
input/sample_advisories/rita/al182005.fstadv.012.shtml,20719,081ef012582b1c4ca6152393d85fe5027cebf8cab6dc983ddeca6ed5e83bb42f
input/sample_advisories/rita/al182005.fstadv.013.shtml,20658,96db567be4e5ef46e06e6be0438dd0c1e509048ef4763adf89772da71bb8f449
input/sample_advisories/rita/al182005.fstadv.014.shtml,20253,e91d4df67190242e1fcdf106726c4cef5bb3368fb48d23e0b8bf4daa327c702e
input/sample_advisories/rita/al182005.fstadv.015.shtml,19955,7fa39fa5617f6352fb7e7e5fc56427e662ff39eb76a865458a480481ae5a298b
input/sample_advisories/rita/al182005.fstadv.016.shtml,19977,dd664d7e49c776ab396b99b4e182b0561d094646760b86fbc2d60ccf1be84a6a
input/sample_advisories/rita/al182005.fstadv.017.shtml,20383,f5ca0229396f1597c0388c62ca3de2c4050301a45881fb1ca460818c6903d1ac
input/sample_advisories/rita/al182005.fstadv.018.shtml,20514,62b94a5745cf3040b68540262934e355ddd9e124253e595dd4640d7bcd51d53e
input/sample_advisories/rita/al182005.fstadv.019.shtml,20999,b04a35aa18f14034d0348dc4fbc400993b4b448c6acf91168448ee359b8b0c95
input/sample_advisories/rita/al182005.fstadv.020.shtml,20793,7c7bd2a6628ea1ed28d34d5b19147fbc59f11d081ed9e759689a887eb76fc89e
input/sample_advisories/rita/al182005.fstadv.021.shtml,20766,ac841a82d4e421db1d5cae8dff8bae349a1016217219a07c17ede116a5876b22
input/sample_advisories/rita/al182005.fstadv.022.shtml,20554,f7c0c0a40cbe32ff347696c8b4c3285154b233d08db3bb931a0f38b1feb1de45
input/sample_advisories/rita/al182005.fstadv.023.shtml,20411,baac552a1dd7907826c6747a9b696bf531f58420c6323f13539eee12cc265ae3
input/sample_advisories/rita/al182005.fstadv.024.shtml,20177,7ed786e9eb5239cef748c4c2813217316a925d0e6c98218ab2f58f8297d6b028
input/sample_advisories/rita/al182005.fstadv.025.shtml,20224,d41442cc65c2cc1e6f79b295f9cf1fc6c32a79667b91754a11e8155cdfb49a6b
input/sample_advisories/rita/al182005.fstadv.026.shtml,20043,baeec9a75e6fff8f70ecf17077100848307e57a89623f3d4f268258a29c62ca8
input/sample_advisories/rita/al182005.fstadv.027.shtml,20106,eaa77159596e54af64f36704f6213d6e7e4343fe1999f45022c8c0d52b1531b4
input/sample_advisories/rita/al182005.fstadv.028.shtml,19604,4dcc103dbed1c1c258bc45742800b2739bd5df6fc8fb7f5c0ca1affbcb83a22a
input/sample_advisories/rita/al182005.fstadv.029.shtml,19231,9922ab279e718fb82a25a75509a6495c720a164afd59604b5b5bb2f1541ab285
input/sample_advisories/rita/al182005.fstadv.030.shtml,18795,d00aec15f2f8cb5af28c29d22c4fc2ce9a4ff98ef4fa62aa066ba2050048c77a
input/sample_advisories/rita/bal182005.dat,11906,af432ca2d3b38c37befce1e26a65a4b6925dab477620f70aa7dcd61117a00710
input/sample_advisories/template.index.xml,1289,5e73caf49ea93f91cefffcd4a822dabbb0239d4a188dd32d977e855c091b46a8
make-release.sh,60,d84e24966f55c7984dd1f4cee7d5c16fc76fc73f8dc6524a0941fe373a3a6016
makefile,2998,3930b744598aca3806eed0ffd4c0c42b736b5133ff8ddba23f0a000fa874ed7e
manageHooks.sh,17022,218b7f7e8e921b2fb3de55e3a719e992575d99805d4b672beaafadd09c4ee1c6
metadata.pl,7540,ba4d5bc2948ae6521106413b525dde55154c464908358f5419bfd5f2f4cc02c2
metget_status.json,2207,ed3510f1ab2fb2188d130225dfcf1f1b2369a34ca42fa4e5f6691e8ef5ebd9c1
monitoring/README.tds.catalog,789,df20b092c1f6794e0d0edad2a227d6be4a3580bcaf325b758a163cafaf032ca8
monitoring/captureJobID.sh,1994,7dc7c2d8aa355092e917efb6b15ee46a32fd040e69077910eec437f797802447
monitoring/crontab.catalog,163,f09a33e2cb103cd79fb92b8ae6002998eca2e13d4e5915590239c1f208b9c08f
monitoring/disappeared.pl,2638,1e68cbe781a34121b698a874f3fc1a06085c2240a5d8c3c1b981b98461c14e8a
monitoring/hatteras/hatteras_hs_io_error_detector.pl,3267,7aee1c55a7d626521f2d61b528df59dceb659bd0c0dcf9040c8dc7994216db5c
monitoring/hatteras/hatteras_io_error_detector.pl,3521,0b61b324506321ab3f5c78d5df00fb6b929ebb1a5e8bd86b9d06e2c710889308
monitoring/hatteras/mpihelloworld_mvapich2_2.0_ch3.slurm,1691,69ed01ecec0e0ddc67bee4277a2389065dae3bc7215a21ed89c4e23871990e26
monitoring/hatteras/mpihelloworld_mvapich2_nemisis.slurm,1701,2bcc36db9f7da991fcb335c643fde00cc7bef1788c38b2d2201fba949fc07cf3
monitoring/hatteras/mpihelloworld_mvapich_ch3-test.slurm,1704,89564673595930a9ddf2ec0bfc20cce843ef0a5a06ffb660cca399463e91bd46
monitoring/hatteras/mpihelloworld_mvapich_ch3.slurm,1689,e28bd00b488c3ab00048feed607ce1e4ff7541b303f7cd76e8e10b9fd6c5dfd7
monitoring/hatteras/mpihelloworld_openmpi.slurm,1659,96ee870dbdb998b14b5c0953a9b1fc3bd6471d92229267051d57ea081ec58aaf
monitoring/hpc/goodhost.gp,1243,971dc2041cb09e697412d0c9b0f934a1166e61f077f50c9af966e206b8f7b019
monitoring/hpc/goodhost.pl,7077,870da0b3b163d24bb77b9f9a545b791c8079bda95e186f21865e5bca25463374
monitoring/hpc/goodhost_queenbee.pl,7918,a36bcd9689061d407808a31b32afc87e95ab3d71c6792b4636382d2050fd881a
monitoring/logging.sh,19515,033efa0c7affb64e190eeafeffa9e450be27bddf2c7028a56617fb1df0454df9
monitoring/makecat.sh,5644,01d2348552342a888d90935ecb16af9fdf0b7b7e52e503ddd1d1645eacc75a48
monitoring/mpi_hello_world.c,251,b9574518bb8fa4a489174c16da7e7dc22e64f315be0ca444160a2fe306a0053d
monitoring/properties.py,3272,95bdaa216522bb606622b56e0389887318566faedde0d3bd5220c2005079614c
monitoring/replaceURL.awk,270,3b4e60f3e8d8e9481d67f6d5a5ff487e243d11abfd08560b1be5df5d1e3c1226
monitoring/scenarioStatus.awk,2060,853e2dcb96137099da6454aeb4b53e202fc420fc889826bbe1c97df0ce0ec265
monitoring/spinner.sh,2243,bac5dda7147595965529effd0843c6bedce1a70b225efd5488192d5c5cea9bff
monitoring/thredds_disk_space.py,1148,4cca0a3e878dc832111ab2b2962dd3619a5dc7c5e8396d12b93a4aef5f6d32db
monitoring/time_properties.py,2377,722becd87503bdc0c68ea056c15b682e243f5fb021c08ccdb544a5cc88722c39
monitoring/timestamp.awk,162,79868eb7d6a1bf65cf7428d5e633829a82c8a6bd04ba4158bd78d48f8de01d7b
monitoring/update_catalog.sh,1340,6274b0c320b0d02db48b531584620cb58c58d0df7ff5bdb0988b2498c4a012b6
my-bin/README,2811,b2f734105929fe90f1a5c24c393b229173643f0e8a2dc392ea17ce61c1f41a23
my-bin/hello,141,7e0855f021031a0ed710c3e35b095c01b96c1ec0534ca83091f5d12ae02b3a7c
nhc_advisory_bot.pl,15924,c0d037e02c2539e2932f8a109f343d2a2822e16f1ea4760bdbec3f749664d790
output/ADCmodules.F90,220479,359da1fe3d28687b4bf0e087747fd1862125c887df4fb298c2e0a8cb802d2fb2
output/Cuba_post.sh,4229,b00377c8be739ae64a84a5ec36313cb19bc9d551952569bbf61d558a0b0a728c
output/Cuba_post/Coastal_Resiliency_ppl_RGB.eps,2418306,71da857c29727a23533cc04da2fa09d29643753580d45e847a42dbbfc90c3c71
output/Cuba_post/Default2.pal,225,1861c3c6a3497474405939eea24c1a86890242aa49232178ba0eb2d755fc4463
output/Cuba_post/Extract_latlon.sh,377,59c71ff8e753670898e110bb5f1cd0da1b7bd30ec1cc17199ffba0d8aea6bd11
output/Cuba_post/FG51_Cuba_maxHS.inp.template,6748,28b9037ca0a198d525481dc63d5fb3d3d7b5f99936e585b2555a7f0afecea037
output/Cuba_post/FG51_Cuba_maxele.inp.template,6733,8e627197dffa0e974609a416abc9fbf47db5cdf100456c40a8dba69cf617956e
output/Cuba_post/FG51_FL_maxHS.inp.template,6733,8b98de0b027d4ad1cf0b0f6323c60b14f1f482279268a23718056b285b651a8e
output/Cuba_post/FG51_FL_maxele.inp.template,6733,b11ee7bdf5e8fc0251f6461f1d8eee31f847be2426aa33f98ba54999eff30127
output/Cuba_post/FG51_WNAT_maxHS.inp.template,6733,79021c750f021e510e2bbd238ac8fd39d019677dca1cbce86384fb3d515cfe2b
output/Cuba_post/FG51_WNAT_maxele.inp.template,6733,56b4d39a22b4dd41be7c9b3b515fc7d4e52fc587872be11b424bfca422469bc7
output/Cuba_post/submit-postproc.qb,611,da6bbd62eada99ce47059bce420d9556157c9feeeb43b491ba7bb6f32b9dce06
output/FG41_01_Earl.inp,6238,19cff63d890d006bad856b0580ec7afb77c23dc6ad44243f97e70655d7a10bcd
output/FG41_01_Earl_maxele.inp,6243,5b6f5b7dc4173fced80d9e6f1d76a92dfa97d838b1d5306b1bb46cedd8d8a45c
output/FG41_01_Earl_maxwvel.inp,6228,89ad2f401ef1a8b8f197d63a504d481290397eca0bb39155d8dec069e7268348
output/FG41_01_Katrina_Ele-Wind_SELA.inp,6237,69cc14554f7a19d71d349f3e4cd3cd3019b3817268e7b8df476bddfefc5c164e
output/FG49/ASGS.txt,1100,f3d3af27d48ded3217fa2727f5247b2bba1034e77aaee6ac3941fe58fd262b23
output/FG49/CHG.eps,557968,62b878af6fabb25bd218c8c83c318f8b7117c4094a8a4fb6cc7d9037f334d5d5
output/FG49/CHG.png,19210,ea421b30a7ccb0032b52d8defa06b0a5eaa50af51930334af372b7ac014dad51
output/FG49/Default2.pal,225,1861c3c6a3497474405939eea24c1a86890242aa49232178ba0eb2d755fc4463
output/FG49/FG49.pl,1138,70582135402f7a6ff3736f79be0e0dd75e5afc2ee0794550631e06718d3a7385
output/FG49/FG49_MaxEle_FL.template,6526,1cda7281131293956071cefbf56935c4d5aa1be392487f936c111d1b56abd108
output/FG49/FG49_MaxEle_LATEX.template,6526,fdcc89eb014e23f49f5ad7f331f315ab01ac3c54cdb6011b977bc7304b9f8483
output/FG49/FG49_MaxHS_FL.template,6538,bc416e2cc7f1bfea1305579b7e97c0335ae579f7b0e93108e9d6ebaae8414da0
output/FG49/FG49_MaxHS_LATEX.template,6501,802d319bc6c8f88438508ef3a2d9b2bb9a5c479eaaaafd0b75c12b374880b0ea
output/FG49/FG49_MaxWind_FL.template,6525,882d61c0115a7413589e68e0ecc153b04bd3cb64be30797e314273cde6d99f47
output/FG49/FG49_MaxWind_LATEX.template,6525,227ee7ff32222d2651ce35209034ac406e9d8fc996130388b22046e1f4964ab5
output/FG49/FigureGen49.F90,390848,c2cafc401e0f06361798f7bb4e8be0fa027cde2c7d9d0341383e716ccaf6e89f
output/FG49/FigureGen49_Serial.exe,1639799,b46279d0db2f87fcf7ddf57b8288baaa32c2fe5b396f563c64fd37739fd8d5e1
output/FigureGen/BUILD,287,76e0eccc29ed8cf52445bcd7b732fdea4660b269bc38c226a42607fb9d997c7a
output/FigureGen/Default2.pal,225,1861c3c6a3497474405939eea24c1a86890242aa49232178ba0eb2d755fc4463
output/FigureGen/FigureGen.F90,516045,7673953fb80af0f15cc03d4087801b0b20adc1c81b0d04bc3a5ee6342e49881c
output/FigureGen/FigureGen_Options.h,5083,4071f49fa1f11606dacc4631b1dc9fc1f22040385ad5fcb3a3a8d03bff635678
output/FigureGen/LICENSE,1106,d20e492e348d9b980fbfe4c4e551d7ee76392387b44bf24fc181cee139e2680e
output/FigureGen/PlotMaxeleNETCDF.inp,6774,00cb960e6f5d447a84bc86f08496a0fcf3d579776dcd24b84b2259dd504456e3
output/FigureGen/Sample.inp,6828,6572690ac12086e9f9e8730699535c6f77a0913057023adfacfab99b08f90a35
output/FigureGenBathyTopoColorMapFlip2.xml,1186,d0947c86452d986ce60ea3b212672335e5dca07942fb660eb7b84dffc81b48e6
output/HottifySWAN.F90,23713,c24e2418878d3ce610ed6426fa6823a030a12ebcb4feca550f6960c32137206b
output/NGOM_post.sh,10493,f028e1f8e97238ca204c66d63e28c4d2744b0b60f0cf6ec58e9749329561178d
output/NGOM_post/Coastal_Resiliency_ppl_RGB.eps,2418306,71da857c29727a23533cc04da2fa09d29643753580d45e847a42dbbfc90c3c71
output/NGOM_post/Default2.pal,225,1861c3c6a3497474405939eea24c1a86890242aa49232178ba0eb2d755fc4463
output/NGOM_post/Extract_latlon.sh,377,59c71ff8e753670898e110bb5f1cd0da1b7bd30ec1cc17199ffba0d8aea6bd11
output/NGOM_post/FG51_AL_maxele.inp.template,6733,304d33a83a33497387a09579c0d0644442fc65a3a52078f945fe5c686dd1a177
output/NGOM_post/FG51_Apalachee_maxele.inp.template,6733,cb88134358bde6f1bc66b3af180cde78bdaf9aecda02b1ecfb52065e1db05d95
output/NGOM_post/FG51_Apalachicola_maxele.inp.template,6733,0faf2ed90595b88343a228fbfadba315c19a24185fe2220d40dd385face89c38
output/NGOM_post/FG51_Choc_maxele.inp.template,6733,9f1dd8efb1abb8de7a64bf21de8b227f452cac52658d4141d5f27fe0a06eac82
output/NGOM_post/FG51_Cuba_maxHS.inp.template,6748,28b9037ca0a198d525481dc63d5fb3d3d7b5f99936e585b2555a7f0afecea037
output/NGOM_post/FG51_Cuba_maxele.inp.template,6733,8e627197dffa0e974609a416abc9fbf47db5cdf100456c40a8dba69cf617956e
output/NGOM_post/FG51_GoM_maxHS.inp.template,6748,d5865db2ffa4f6815318f7bff2dd3cb7193cc6acee51fb2dc1e2e99e3d1749bd
output/NGOM_post/FG51_GoM_maxele.inp.template,6733,332a802cc9f0904eef9293c7f89f21a90733fc427c634fee42dbcec7887e9944
output/NGOM_post/FG51_MS_maxele.inp.template,6733,f46224fc4411d7a3f972d94b2518d2f2904c1e3f10ff6ae976887607f0615e6b
output/NGOM_post/FG51_NGOM_maxHS.inp.template,6748,31d7cb6b6d3feea2745e9cb54ac042eecc99e0d4d7ee19f3d7fe226daa52d810
output/NGOM_post/FG51_NGOM_maxele.inp.template,6733,05f9a01e5584059a6a111321094888544b4257f800c291829e0cf5f0147ed1a7
output/NGOM_post/FG51_Pensacola_maxele.inp.template,6733,90c896e252bc468cef6b2446895c3ca777c8815ae2edc6cd7397ffa3b5cf684a
output/NGOM_post/FG51_StAndrews_maxele.inp.template,6733,aee3b42405976d195fa5974d51ae9bc9c9ca261ada5bca52a2ae369e38496532
output/NGOM_post/FG51_WNAT_maxHS.inp.template,6733,79021c750f021e510e2bbd238ac8fd39d019677dca1cbce86384fb3d515cfe2b
output/NGOM_post/FG51_WNAT_maxele.inp.template,6733,3cdf89f6922920582d4c8472d9217ae27685e008d318491ef1227f4ddaf87e30
output/NGOM_post/LSU_UCF.eps,4306248,0b8680ab9414449f32b9c6d1a2c5cedc63e344a6e2b7c576144bba8e3723d5d5
output/NGOM_post/submit-postproc.qb,1031,0efe63dd360fa977d3f9fb477bc7a2c6d1f570f4524a653ac7f38d920b353f31
output/POSTPROC_KMZGIS/FigGen/Default2.pal,225,1861c3c6a3497474405939eea24c1a86890242aa49232178ba0eb2d755fc4463
output/POSTPROC_KMZGIS/FigGen/FG_asgs.inp.orig,5653,4911ca1dc5fb351b40ad305dfe16fe65c5eb131e8581a732f7b62d6fad5bbcca
output/POSTPROC_KMZGIS/FigGen/FigGen32_35_asgs.inp,5261,67be8e66f22edd4332176323b38fa30cf7c66cba844274900bdfafe013ea4a24
output/POSTPROC_KMZGIS/FigGen/FigureGen26.F90,183422,dd07d0d3de596ada8e6a76280c1c635d77b5a444c3c9999e3fe7b05f8483a527
output/POSTPROC_KMZGIS/FigGen/FigureGen32.F90,238430,03b018862bf4f59dd83290c6aae60493f09df7eb17429489a0bf17a09a6c8b94
output/POSTPROC_KMZGIS/FigGen/FigureGen32_prompt_inp.F90,239873,66422c845b4c11038f51c69f9aaf86b7fac080880479b706e51f2685ac6b4532
output/POSTPROC_KMZGIS/FigGen/adcirc_logo_white.eps,1368429,308c7ac5aac72793f98772adb4b2a3be6d0e527bca15e636bfca9a4e4d19ab2f
output/POSTPROC_KMZGIS/FigGen/make_JPG.pl,3765,9b4c19e879cf13879c5a4fb1f4861d9a3fbc43ddcc897b4ee7dc3522fbffb88c
output/POSTPROC_KMZGIS/POST_SCRIPT.sh,6195,b22c063636c15542f2fffaf48f97edbde008ade2b29b339c235f43a0b9a8b902
output/POSTPROC_KMZGIS/POST_SCRIPT_Corps.sh,9895,d43377bc55f84df391340b273c1004c7ac2a9f390593617841f7986aa6a7cf79
output/POSTPROC_KMZGIS/RenciGETools-1.0/doc/TiledREADME.pdf,795956,84ddf6db0deb2bd8cc450de529fd74962ba996949d2077a576dc71eee3b9c0af
output/POSTPROC_KMZGIS/RenciGETools-1.0/src/BuildContourFile,701081,9ea3f8cacde386164876e1e8c030af415228caf71596ac2ce6dd1dfa339e3ff7
output/POSTPROC_KMZGIS/RenciGETools-1.0/src/BuildContourFile.c,12773,d2df925018c394b1a18d3068ce1fd79965f2921d1e6d75804da8b5821faee659
output/POSTPROC_KMZGIS/RenciGETools-1.0/src/FindMax.c,19055,adc093c9168beae1a4d04cee43904ba502ad37e0c07ce99291b6d34b7df52878
output/POSTPROC_KMZGIS/RenciGETools-1.0/src/GMT_matjet.cpt,1316,b469245205aab0b61e0d0030eb992c33cd18a1a05a2345f914066719d2e7bb02
output/POSTPROC_KMZGIS/RenciGETools-1.0/src/MakeGEMovie.pl,14319,4b2d7a4b64ef826cf015a42355a02838f09ddc27df820fc1e419f595f8000616
output/POSTPROC_KMZGIS/RenciGETools-1.0/src/WriteTiledKML.c,13093,8ab85a5232762cdf229af960eb369ee8b5afc816e42dbb6cc9e7cbb818e23aa6
output/POSTPROC_KMZGIS/RenciGETools-1.0/src/WriteTiledKML.h,3595,5e347b4475bebc512170d34a4edf44f028d004bfa41d2d6d84244ffb024e1788
output/POSTPROC_KMZGIS/RenciGETools-1.0/src/adc_max_simple_plot_gmt.sh,22767,07a86dc1225f141074abbef2ccbb9990c0fb98cc91b562f1c1e18d4ec2241315
output/POSTPROC_KMZGIS/RenciGETools-1.0/src/adcirc_logo_white.png,8032,f6126984e54bcfcd504967ad668710fd8201deb93bd354848be9d5d961e9b27a
output/POSTPROC_KMZGIS/RenciGETools-1.0/src/adcirc_logo_white1200.jpg,33755,2b8fcd6ec15f112212b512ed3f8b40471d9c0d3609afea36fa8e29fcd8c075f8
output/POSTPROC_KMZGIS/RenciGETools-1.0/src/config_simple_gmt_pp.sh,12900,f42bec2fa994a8fc3091050a1aadc7e09a31d6fcac3e0e3dfe026c3cef2d75e8
output/POSTPROC_KMZGIS/RenciGETools-1.0/src/grd2gmt.f90,3420,68bb043d37f3a4ea2fee0936cfce7d0e9bd327b6a16b637130b32018f7c16f53
output/POSTPROC_KMZGIS/RenciGETools-1.0/src/makeMontage.sh,4525,e93266c1dfe56e150f85c4a70d2e6ad2c4c61ee9caf880488526cc1f37d4d9c4
output/POSTPROC_KMZGIS/RenciGETools-1.0/src/makeWorldFile.pl,5913,56de72bb56ba663b10226aa6ca68fa11c56e96168d42501c11042f8c693bcfd7
output/POSTPROC_KMZGIS/RenciGETools-1.0/src/make_track_files.pl,1963,86f1ee0510552a2a12a1de14e44c8bf169797fe6367a32458d1d750f71ef7a87
output/POSTPROC_KMZGIS/RenciGETools-1.0/src/renci_logo_white_www.png,19781,74eeceeda8e9f49fbe01adccfdaf2a8e145cda65c881b8ea287e6e6e56bbc470
output/POSTPROC_KMZGIS/RenciGETools-1.0/src/renci_logo_white_www_sm.png,19781,74eeceeda8e9f49fbe01adccfdaf2a8e145cda65c881b8ea287e6e6e56bbc470
output/POSTPROC_KMZGIS/RenciGETools-1.0/src/splitFort63.f,7243,af82d98ececa3122ed13c8d9a7e591f84bb9c5e2c018b2a4b40234ddc2909467
output/POSTPROC_KMZGIS/actoshape/acto1.png,33995,31b5e13c36a7b1ba8211f91e157c7680e8018343e9e229f7236cbb024f61be20
output/POSTPROC_KMZGIS/actoshape/acto2.png,39429,d966e69525c2fdbdde629e36ed5ec746bd07d2202a0592d7cc6acbefe2aa4e85
output/POSTPROC_KMZGIS/actoshape/actoshape,1612,7a688f779b3629da3bdd183c1baa303f76f02e645088668683eedbab51017cc0
output/POSTPROC_KMZGIS/actoshape/actoshape-actoshape-1.0.5.jar,3165612,0cd8cb84968d81df6a406e472e7697ffa3aa8cb4d1cf87f83b0a40f5b49eef0f
output/POSTPROC_KMZGIS/actoshape/actoshape-actoshape-1.0.5/.classpath,337,57ab7e48e3640cf987a3ff589a9d95027fa19479a83c09048753a3849d6acdf7
output/POSTPROC_KMZGIS/actoshape/actoshape-actoshape-1.0.5/.project,366,4afaee5eba1f55ef0d481be4a6168f727604b4192648c147edf1dfdb682d8373
output/POSTPROC_KMZGIS/actoshape/actoshape-actoshape-1.0.5/LICENSE.txt,2828,2555e14df878e9ee244da530a47a2fdd36b247c5e111a991512c7152bf44cb2a
output/POSTPROC_KMZGIS/actoshape/actoshape-actoshape-1.0.5/README,1395,906aeb1e0da1ac67b21e95f22b7d614efea66d509fb70cbf74bd7db5e30e682c
output/POSTPROC_KMZGIS/actoshape/actoshape-actoshape-1.0.5/actoshape.jar,3166467,16be69b13ad272a9156b49eb11a41f332a312d69d47cf0526a8d38344fdaf0b5
output/POSTPROC_KMZGIS/actoshape/actoshape-actoshape-1.0.5/actoshape.man.in,7779,f0e0a59c00590022e352421c810f017a5ae23cbda9a1d0d7ad2cdfc49c474afb
output/POSTPROC_KMZGIS/actoshape/actoshape-actoshape-1.0.5/build.xml,6192,e4355a3e4617fc88fb0162d3ca2aabe3f0bd667f66ce09c8c15739d37fce86d6
output/POSTPROC_KMZGIS/actoshape/actoshape-actoshape-1.0.5/build/edu/unca/nemac/gis/AcToShape.class,16831,e455e3531591edcffb465b62d706f9b8be1a40747b07c4a40f1e42e8807c6a4e
output/POSTPROC_KMZGIS/actoshape/actoshape-actoshape-1.0.5/build/edu/unca/nemac/gis/Box.class,468,edfdf415aa68dbafc397283cd59bb1d1695d4802ba0a84e4327e4361bb9bb189
output/POSTPROC_KMZGIS/actoshape/actoshape-actoshape-1.0.5/build/edu/unca/nemac/gis/Reader63.class,1532,479c5126db5b81756b49423486e3915f5abf03c9565a23794d8296caddd5fef1
output/POSTPROC_KMZGIS/actoshape/actoshape-actoshape-1.0.5/build/edu/unca/nemac/gis/ShapefileExporter.class,3519,dcb85cae5c0ed2a5913fffc6d3a98bddbed847bd1d2a50a279dac6844eb89afd
output/POSTPROC_KMZGIS/actoshape/actoshape-actoshape-1.0.5/build/edu/unca/nemac/gis/Triangle.class,1652,c7805261b4f2a802e6750decf8392a621829191d59d18389a804978387d0e0c0
output/POSTPROC_KMZGIS/actoshape/actoshape-actoshape-1.0.5/build/edu/unca/nemac/gis/Vertex.class,995,ad3fec8d94754aa2ee7a6c98118eff9397ec1ed2e911fe396c1ea6babf0e6b50
output/POSTPROC_KMZGIS/actoshape/actoshape-actoshape-1.0.5/doit,216,fc79b41d9d0b1d21c554ae1a303677d58053544eebed46d9c7f5bfdd568e2f49
output/POSTPROC_KMZGIS/actoshape/actoshape-actoshape-1.0.5/lib/actoshape-main.jar,14667,da2869349682f02060e3e9b9de9b90adbbe961d681d9d0c6cdb7ed7e72a4a586
output/POSTPROC_KMZGIS/actoshape/actoshape-actoshape-1.0.5/lib/geotools-2.0.jar,3202518,7854ceb5c0e204f637df1e3f1d890c78a18677765bc6bc658c360c5db2803671
output/POSTPROC_KMZGIS/actoshape/actoshape-actoshape-1.0.5/lib/jts-old.jar,254250,0ffb3f0528ef3bc285d0c02e3a50ed81ee3b4d2e41a0c49742c2c80fd41c287b
output/POSTPROC_KMZGIS/actoshape/actoshape-actoshape-1.0.5/one-jar/one-jar-ant-task-0.96.jar,63636,fa3534ddf4fa986f6c8bc1272575efb58091c1b5cbdfb9cef287ad95ffa9aa86
output/POSTPROC_KMZGIS/actoshape/actoshape-actoshape-1.0.5/one-jar/one-jar-ant-task.xml,271,0bf08460e999762c8ae97b4308c88a0c6b0fe32126829b734e339a837098d17a
output/POSTPROC_KMZGIS/actoshape/actoshape-actoshape-1.0.5/src/edu/unca/nemac/gis/AcToShape.java,29223,e8bc9fb6081a6bc7abddb03566be100124a0c9aa7113d0c763efeb6ff1845349
output/POSTPROC_KMZGIS/actoshape/actoshape-actoshape-1.0.5/src/edu/unca/nemac/gis/AcToShape.java.old,28842,ceb865736a71757518c25126a4184c4c764da40c34af7d9f067cbbab8df8df24
output/POSTPROC_KMZGIS/actoshape/actoshape-actoshape-1.0.5/src/edu/unca/nemac/gis/Box.java,528,6f1f4234a5cb5a89ba998fbc7c851ffb92e52b4ce79c2f99bc168423174248b4
output/POSTPROC_KMZGIS/actoshape/actoshape-actoshape-1.0.5/src/edu/unca/nemac/gis/Reader63.java,1428,a8ffcd2572c5ea84b2ee7ddd819af8e6f062c2cc062eeccbc45f35cb9acd932e
output/POSTPROC_KMZGIS/actoshape/actoshape-actoshape-1.0.5/src/edu/unca/nemac/gis/ShapefileExporter.java,2745,74f1af7e4337f22677419ea156605f3a67706c9599a5c632c751d14f11a05974
output/POSTPROC_KMZGIS/actoshape/actoshape-actoshape-1.0.5/src/edu/unca/nemac/gis/Triangle.java,4233,0784d8b778b6a0a1b3c62fe5e7ebe106e3b605f768ba655f8769589d7b539015
output/POSTPROC_KMZGIS/actoshape/actoshape-actoshape-1.0.5/src/edu/unca/nemac/gis/Vertex.java,3229,ac6575cd7c56ec2aca5ea5992af4c6c1f8fc9f1b65d3019c9bd60d09495d3240
output/POSTPROC_KMZGIS/actoshape/actoshape-actoshape-1.0.5/version,1172,815fb61ce437faed7b61981d5aec8d6f17b0c18d276fe3ae49ca5bd51e467f94
output/POSTPROC_KMZGIS/actoshape/actoshape.jar,3165612,0cd8cb84968d81df6a406e472e7697ffa3aa8cb4d1cf87f83b0a40f5b49eef0f
output/POSTPROC_KMZGIS/actoshape/actoshape.man,8033,7779c50aacad64ebdf98a8e5ad9a263810f9e8111cd420b7f3357f6eb90e9602
output/POSTPROC_KMZGIS/grids/ec_95d.gmt.bnd.xy,470372,a603061d4ea823a7dc39657d26223df0781906900626a92bdee3e7a3fb63fdb3
output/POSTPROC_KMZGIS/grids/ec_95d.gmt.tri,1046503,7cd09f20a0a73f230cc2378a7e2c018cef12af05b5a8370e9d689e923d22c646
output/POSTPROC_KMZGIS/grids/ec_95d.gmt.xy,683627,a66a69270f96924e64a523f86a0f45334254b97fbf2262eec4bb9587089d62b0
output/POSTPROC_KMZGIS/grids/ec_95d.gmt.xyz,912806,6849477f8c2239762a2ec254f312b6d92f024f964b74e053e91a03182579104d
output/POSTPROC_KMZGIS/grids/ec_95d.grd,3042520,ff7b7f82476bded5ec5febddcf16783cb882e3947ac738d275e594d3600411c6
output/POSTPROC_KMZGIS/grids/grd2gmt.f90,3420,68bb043d37f3a4ea2fee0936cfce7d0e9bd327b6a16b637130b32018f7c16f53
output/PartTrack/CB_2D.h,322,97a4370453a8f6d7048130219c68009667929248a1e75dd9c4d389e55a5bc048
output/PartTrack/CB_2D_SL16.h,326,4b84a614835865f809fab583451ac62341405b1b21846ac2b345df9b98f20296
output/PartTrack/CB_2D_ec95.h,322,97a4370453a8f6d7048130219c68009667929248a1e75dd9c4d389e55a5bc048
output/PartTrack/CB_2D_texas1.34.h,326,4b84a614835865f809fab583451ac62341405b1b21846ac2b345df9b98f20296
output/PartTrack/CB_2D_texas2.85.h,326,c4e08671684ddafea2ea5e55e0f74f693c0ca34eac317675e644619276af794e
output/PartTrack/FG42_template.inp,5977,85ad2be22dd501efcda7ecbe5c0e01a7b6796414a700403df043c329edff66ce
output/PartTrack/FG42_template.inp.orig,6271,7e9405fef32b46e121071060594fe335ff9dc218ddb708220c86d26b946167e5
output/PartTrack/FigureGen42_parallel.exe,1128323,34d298725a9f2654781d98f79dd67d1a3aca714881e0a6849068e3a1f1cdadfa
output/PartTrack/FigureGen42_serial.exe,820476,2635a6478687b0c9c7298afcb93aead75dabde37b0a08f472cf6934275debac9
output/PartTrack/Hue_standard_01.pal,197,410f5bea8f349b5932d5fcced66a8a89ba84d9aeaf898b1e1aa38a47852bd2d0
output/PartTrack/InitialPositions/p20100520_composite_1000m.txt,762834,78da300c08731ce2bf9aa030cca8fea7c082e71c62275ce1f5caeb325c62f879
output/PartTrack/InitialPositions/p20100521_0353utc_1000m.txt,543483,a06bf964b45f96c0bae6734cabf03e54d8234c4bfd1a379b97d049ea705849af
output/PartTrack/ParticlePalette1.txt,129,42f3b26506fc7a0e3040275f777ddc7ec0a702a45d274ca2e5297d6b2acee7e1
output/PartTrack/connect2D_optimized.exe,521173,b43e4c51e75a7a976e0687be53c0d19b7cae5a1754e3eb01cc8b8891c405a821
output/PartTrack/convert_numbers.exe,493454,28f14a86d3cc67dc6dbc2b6baa270da6237b9030a0de52c56e7c6f552f0eb666
output/PartTrack/drog2dsp_deepwater.exe,675263,846001207888b9d816c892e9dd501d26b219d64215d7f45b3a3658a175b783e9
output/PartTrack/gen_part_track_input.sh,3754,cb5faeee635dc17b2740ff8917166e1926f1dd4a23c3e95b7293fdf48bf5505a
output/PartTrack/input_deepwater.din,543895,ebfb4b21e415537feb9bdfe70cff6886290d9b9323a0b4fff099c776b7229795
output/PartTrack/input_deepwater_20100521_0353utc_1000m.din,543895,ebfb4b21e415537feb9bdfe70cff6886290d9b9323a0b4fff099c776b7229795
output/PartTrack/make_ptFG_input.pl,5319,ca45d6c0b0b97f3336d02d16c8bb7973bf749e0ad83cdf9ee4bce982612a5590
output/PartTrack/ranger.FigGen42.serial.pl,1156,ccb93d32fb10cbfd9ff3c615816452672bf94b27d8f813e1970af5ee99c20b5f
output/PartTrack/ranger.FigGen42.sge.pl,2637,1a80cb53c52afe00741291b741b232177eeac01d4a814b635e6ab1f4ee418f63
output/PartTrack/ranger.PartTrack.serial.pl,1330,195894a4926f918845f8ae099a889de5972994bdee0cf56d2e83c9c87fe2d23d
output/PartTrack/ranger.PartTrack.template.serial,2227,aa9e27cd6b3768c2ce18253a78e17cfd12c6710cb234353b97a34dc3e0976dbc
output/PartTrack/ranger.PartTrackFG.template.serial,2153,7fa39a868addf9b8cee55c61038706ea9085e8f655dd8aaa3d1e19ce7dab873a
output/PartTrack/ranger.ParttrackFG.template.sge,2441,5785811e89863adfe25229577b16640ed6e1f66e2c6285de68816b7537a4409e
output/PartTrack/src/FigureGen42_PartTrack.F90,317598,9d0155283d17a769a4066a9d0ef5120e76a0805aa8b79c879497218c9ac28e5a
output/PartTrack/src/connect2D_optimized.f90,5563,1cfb9068664628990990935eafe3280dbde65ac00c22c0c17cbf49bf22082b72
output/PartTrack/src/convert_numbers.f,773,3cd18f8b42f228d7dd33c07b50c53ca9a282b66ecfdb5d9f52f583046fa9e98c
output/PartTrack/src/drog2dsp_deepwater.f,64433,6fa9534415497c56f1684899aa64668a2ad7fc77752565304fdfdee58f92f9a5
output/Precision.f90,617,5026e3b308d5295f99ad40f17329c22bb62fa27e6a8873316b0a9e4a7a039bd5
output/SCC_header.png,29616,818d54f74c82d7804afc5cbea0b2ff51876767867b4b9fd2cde85f5b086e2f97
output/SCC_logo.eps,47050,1c2fd34fd306208cdcc50989c2ed173a6874325e0f1e9e70dee1d31bdf0f51c7
output/StringParser.f90,274,20eabfc7a983b0b7ce60a618f2b095a260648f496f33929b9927bb73c4d766a7
output/Strings.f90,18914,a7dc9a0c81857f7ae0ed992574ef2d7be6bbbefdc2ec625eaa11db97afa7740c
output/TRACKING_FILES/Config_PT_special.sh,1902,0572551a1224f846e4ce08087a7457ddf5d61b05e8204f7d36d916f9f300608c
output/TRACKING_FILES/Date/Pcalc.pm,109719,e13a0f4271385c6999f9c72da15520855f15fbaa9b6a697453b8c59e070605be
output/TRACKING_FILES/Default2.pal,225,1861c3c6a3497474405939eea24c1a86890242aa49232178ba0eb2d755fc4463
output/TRACKING_FILES/FG42_ELEV_template.inp.orig,6440,12c8f451a2338b43ee316218d71c69945870c5e50b2bbe694deb16c643516b7b
output/TRACKING_FILES/FG42_PART_template.inp.orig,6456,85d075f6a5117f02642c8356a2f609529977c669d9da8a57011dd9b386a5eccc
output/TRACKING_FILES/FG42_template.inp,0,e3b0c44298fc1c149afbf4c8996fb92427ae41e4649b934ca495991b7852b855
output/TRACKING_FILES/FG_elev_vel_images.sh,5212,793a50a0961fb5f862f9899fe423032b214cb5830aa3f7d209b9daf0f7c0dfbe
output/TRACKING_FILES/FG_particle_images.sh,5271,a176438efdc55f82e8f06d25521f4756263b95a8133793b531662d35c8b9e963
output/TRACKING_FILES/FigureGen42_PartTrack_newtimetitle.F90,322776,23ec137030db0eeed523a6d1ff72104c8bb467fac8ec4f7bb69cc976c873f25e
output/TRACKING_FILES/FigureGen42_PartTrack_parallel.exe,917847,d24938d1e8df6d6f0a31c57be4ed900ca23c9c7c4c7738e669f7c26401d28a4d
output/TRACKING_FILES/PartTrack.out,3802,c52c17dfb7bb309e6c1fa4264047521d3d936263c37713825727aeb37210f1c8
output/TRACKING_FILES/PartTrack_out,0,e3b0c44298fc1c149afbf4c8996fb92427ae41e4649b934ca495991b7852b855
output/TRACKING_FILES/ParticlePalette1.txt,64,ccf9772645f543765732453f00067a53a8c334502ef39d9565a88d522a48edc2
output/TRACKING_FILES/ParticlePalette_allblk.txt,64,ccf9772645f543765732453f00067a53a8c334502ef39d9565a88d522a48edc2
output/TRACKING_FILES/ParticlePalette_color.txt,129,bf6f521b307f23195bd92efa6f0b19331eb3850301feaf30e7ca4c44ea443851
output/TRACKING_FILES/Plot_Title_maker.pl,3042,cc82ba734ec19af1d35e5325cbd742e2ba9feaaa8ec4f73ea702ba73b454a3a6
output/TRACKING_FILES/TopoBlueGreen.txt,197,5d03b413bd35a670cf1f5dd85a7b07c2ba88c14415aa990364b7a8b39f40d06a
output/TRACKING_FILES/TopoBlueGreen3.pal,117,b3da21b91c8501cc565674bc12a8cd4f31bee3dee2ccd217456106c016ebb614
output/TRACKING_FILES/adcirc_logo_white.eps,1368429,308c7ac5aac72793f98772adb4b2a3be6d0e527bca15e636bfca9a4e4d19ab2f
output/TRACKING_FILES/baseset/CB_2D.h,515,39e0493de650f3c16432e0bb28cb76ebbd1c36f5546179f49099b1ddeabb3837
output/TRACKING_FILES/baseset/drogue_input_1,44,2f2ad8e840332bef4fbd35363b9b2c3fcc085f18bd42d1b9e6212e3b24de60e3
output/TRACKING_FILES/baseset/input_deepwater.din_5-25m_48000pts,2863474,72b1c037e746bd5d4b8c14c580284ffdeefa94c377d6f7be634f616d5e3770da
output/TRACKING_FILES/baseset/input_deepwater_header,626,15f031266c840015dde522639adda98e01fad1831b76645899499ae2c3274c4e
output/TRACKING_FILES/baseset/input_deepwater_p20100617_composite.din,740158,844d3090911e33d935f7f92919a1f8e82afb1c4c5adc88cfd2a993d12a5cc19e
output/TRACKING_FILES/baseset/input_deepwater_p20100620_composite.din,731146,d7e6b1afacd4e002841ef8940cf4c00eb70a876434833ba7ef19753f0b63045b
output/TRACKING_FILES/baseset/parttrack.serial.sge,2553,e0142e0bcbf4e1ffa0bdce83fffc578270a816c15c9be043f307f9cabb513f72
output/TRACKING_FILES/baseset/parttrack.serial_nonode.sge,2548,11c27ae31387530b85460069f0e9805eddfce06c16e3c05491e987deac5dea8a
output/TRACKING_FILES/connect2D_optimized.exe,337782,a2fff9389ffab8210acfbc4318ef2d1fd4440173799d776e6085b4a53b21abe8
output/TRACKING_FILES/connect2D_optimized.f90,5563,1cfb9068664628990990935eafe3280dbde65ac00c22c0c17cbf49bf22082b72
output/TRACKING_FILES/convert_numbers.exe,188637,bf89dda3aea0e2d94f56b8b337a24eade911057fe3eae87551c1d03d7a1b4c29
output/TRACKING_FILES/convert_numbers.f,773,3cd18f8b42f228d7dd33c07b50c53ca9a282b66ecfdb5d9f52f583046fa9e98c
output/TRACKING_FILES/create_script_to_create_titles.pl,1072,ee293db969506d310326d145dbeaf18926f20920556dbb90ef424d1bc1060515
output/TRACKING_FILES/drog2dsp_deepwater.exe,1090921,efdc29ede710f0485f3e0ebaa5c9a7c5e63fb019aff9d8635601584d824c3983
output/TRACKING_FILES/drog2dsp_deepwater.f,64407,535f9fe48bd8d37aa63e0c44164c6d41c6e55e049e822d161949a783ac53b72b
output/TRACKING_FILES/drog2dsp_deepwater.f90,64581,f8dc83466b755339b5731ebb727ba795c4ee1e2f76b2f7fb3623134af0401050
output/TRACKING_FILES/drog2dsp_deepwater_node.exe,1091146,c8290b37aa8e2e95bb78ae935fba319c0a1b7e4378b163738f03a10934c8ebca
output/TRACKING_FILES/drog2dsp_deepwater_node.f,64369,b0342098678efcb71313fd48e0012e307bd8749fbccadb40b5229b25ca912163
output/TRACKING_FILES/drog2dsp_deepwater_node.f90,64588,26fb82ce38b81892fe2e9533e50097e2317466f2b0f069cd23398e7eb2af55a0
output/TRACKING_FILES/gen_part_track_input.sh,3441,5e53cd574eda6f572e0d025a8f14ae2f5664fadfcec0df5027539161310a1ce3
output/TRACKING_FILES/make_ptFG_input.pl,1922,3dab7220c17f0a6368e588a0c0f1b8db6ac725b3e22da48cba45fcd375a70437
output/TRACKING_FILES/montage.template.serial.sge,4410,6a5e090bd8e52f69a5f3ffdb58971650b07c1e63eb0839556918e6691e72b488
output/TRACKING_FILES/net2ascii_fort64.f90,8418,bd466d05e084cc1caddb187f42c0704dddd6df0c270b67e95c3f60a74a2b72b2
output/TRACKING_FILES/part_track_main.sh,7373,148194eb14bd670a46dea8c0e471ef22ecd347055247332fabd2f1ab43752087
output/TRACKING_FILES/particle_tracking_email.sh,990,30288ddfd9c94dac99cbaa2279ac27e2f0e894f845719c8fb8ba78a8718027f3
output/TRACKING_FILES/ps2raster.template.serial.sge,2579,fc259859ad320bf81d78c790ecaee7ab2072a15e9b3417f51a88f85dcbb4fe08
output/TRACKING_FILES/ranger.FigGen42.serial.pl,1156,ccb93d32fb10cbfd9ff3c615816452672bf94b27d8f813e1970af5ee99c20b5f
output/TRACKING_FILES/ranger.FigGen42.sge.pl,1923,89e40ee9f37ad6e497f5bdeba4f9cbb06383b9266749e67760e6faef2592a397
output/TRACKING_FILES/ranger.PartTrack.serial.pl,1071,b08b042e6094abd1631e2d6f1a5de3fe1929857c1ac26a73ccc190b794f7859f
output/TRACKING_FILES/ranger.PartTrack.template.serial,2190,d50089be7d8737245aa108504e2a3fb60363ed757720b67688ace2a671a87a52
output/TRACKING_FILES/ranger.PartTrackFG.template.serial,2153,7fa39a868addf9b8cee55c61038706ea9085e8f655dd8aaa3d1e19ce7dab873a
output/TRACKING_FILES/ranger.PartTrackFG.template.sge,2741,365c9dda103633a7296f94767bd0d37e2ce2408d3045e046270894e2a52494f6
output/TRACKING_FILES/ranger.montage.serial.pl,1307,66ab39db5e641603a04cebbb04354485e7ae3b635464725fa636361f2fa0b149
output/TRACKING_FILES/ranger.ps2raster.serial.pl,1334,0a52d5153fec78cd7dc7d8ec237ece0f37887b0ac1a0c976529755b46651907a
output/accumulateMinMax.sh,4356,4a37462c5351c0009d00d9a9daf23afc0e6d5cf7a45f63951291c74faea19a00
output/adc2vtk.pl,61322,5764d0116275eea3a0fe49fbed10dce83247dd78175688f5f4428ddf201f17ab
output/adcirc.xml,2581,1628cfff74429322fafaa8d7e9ffffc3e0ded4a9dcc952a3f96420b5f7472bf0
output/adcirc2netcdf.f90,14161,64128ccc5c618a41abd6cf2ecf5c2d25daed11b575bc1bb23d2cfafe03a68a45
output/adcircFluxBC.f90,9326,2ee0d633718e468f2b149d9fa337ae73522ddefd2ad2e8ce0ee88bfe58fd64d5
output/adcircMaxColumnar.f90,4915,b78169fff26b14ccd7477298849bc99e17215d2f2d5a75f5440b3511e1ddfdbe
output/adcircNetCDFEdit.f90,9142,ed045bb162e15bb107cad5c7cdf2a54a8c9343988f5cad69961e17fb2f421eaf
output/adcirc_xml.py,8844,28f9ade6430f2ee9c0ee8aa64036d8d19aa911335d1de96006ced449afce82b3
output/adcircdata.f90,14771,44731088abd21e2cd99772a71c5a4ef2b26e557cbfbc4eda81b3ba0f1cef985d
output/adcmesh.f90,134387,c40ebb03428fb36fa5bceb530574de4bc4bb328f3953b9d6d12432c141b60e8c
output/adcmesh_boundaryfinder.f90,87136,9eb979f938d0cbbeb1d658e7f811d514e582b1139aa36c882e6190dec82bf796
output/addMeshToNetCDF.f90,3650,b808c71a885ddd3f49158e14a1b7ef279cfc680202635f10eac25246efd63f9f
output/advisory_date.pl,1422,0dc4397478eeb5c8d01644b6b3baa0e875e884c7a6b22671ab4360a7f0cb6bd4
output/applyBoundaryTypes.f90,5829,8dcfcc69ff0e6db71bb95759570033d6ae9cd339cd5211b45982f65ed028b9d6
output/asgs-run-index.tt,40654,9f6ce02783b32d79c958f81fe01128ff2795a57df94e8c43ad4890d17ba00490
output/asgsConvertR3ToNETCDF.pl,13788,05761662710e1853254c3893612dab2d85dfdf58f7321c1875edf727b7fd737c
output/asgsConvertToNETCDF.pl,17368,bc9c38727a8b7f0ceb116e37a0840c9a570087a7b583fc789593ab9fa6053a11
output/asgsCreateKMZs.sh,15610,3ae837492047ed42c2eb9bb0a7998429b8a03f9cee583101bbbbeb4801570353
output/asgsio.f90,118722,f26776f779382c5094b663a451c1bed3ac74cd557b40f8fa07b4babbc8b5d8b7
output/autoplot.pl,22786,cc707fb38064bac8ccb080c2dfbe39e89f496b22a05e476cafa7a59a36f63db5
output/best_post.sh,5755,e70c3ae69360ec6f66a7a6879aaa7373647a1d97af6f89d0286dc17a8ca14dc1
output/blanton_cyclone_notify.sh,4641,393224362912c86abf1a5d9d2c1d523f58de52b4b26c8053d395230ef3981f03
output/blanton_rmq_test_post_hatteras.sh,2876,f1b0350ec426a5ab6fb2c31a6cdacde9afe4c0fb1a23eba554648c43336af020
output/blueBrownGreenBathyTopoColorMap.xml,1280,f127c01bf8f15525b7c5db1d62fb8338704ad37460a07f4ddb5b4f93fa12c80d
output/blueGreenBathyTopoColorMap.xml,1186,d0947c86452d986ce60ea3b212672335e5dca07942fb660eb7b84dffc81b48e6
output/boundary_data_transpose.pl,5038,25477dce56617d54f8557861ddcab888152a89fcb95564056cdb00a14d6df23c
output/boundary_node.gp,1307,4f76a399398bf4c4e050318ed010b1241f8272f0077457a5b2dd9d17fddd9be2
output/cellCenterCoords.py,2285,4a97c3a3d8b144f27ee1f5e5bc0384d6808b9495c94177e35a151e795a7c55ee
output/cera_contour/ceraContourJobArray.slurm,6956,0957a09cda29b2020c70dcf50f22d613cecc0336665ebf8060d8e6700dd6e887
output/cera_contour/ceraContourJobArray.template.slurm,7107,3233f047c289408cd59ad64d77b77c6e13cac3362384936c85adbc295ba1f082
output/cera_contour/ceraContourJobArrayHeadGeneric.slurm,3391,2ec8f414443cb281c1415aecd1bcaea596c8402f67e5dd792b6f495b0053e152
output/cera_contour/ceraContourJobArrayNAMHSOFSTest.slurm,24114,b8108d04fe4c4c9bd1c7d2094c56ee41822c7901e0848a3963a6414b531d7a11
output/cera_contour/cera_contour_jobarray.slurm,24114,b8108d04fe4c4c9bd1c7d2094c56ee41822c7901e0848a3963a6414b531d7a11
output/cera_contour/cera_contour_multiprog.slurm,2773,f6cfd2ae5352c69b0153f92b490e8d61862504f83f5a3ef0553c3202bd733e19
output/cera_contour/make_conf.sh,593,a685f90c91e8da602248b92f4d0d58b79a640f3870948972549fec6bc3c69f10
output/cera_contour/make_job_array.sh,953,f14d3181bb0cf6fe1847694a34feaf593410686200a89572d104d685ecff2b69
output/cera_contour/wind_shape.conf,9809,63b579b772385ff8b0fdd6b7188dcfc8d41883de464284f449824153ac8c3f3b
output/cera_contour_post.sh,4667,22bfe76dadd2485536578840661d4e8188d03f439a143ad8f24220d1bde36f4f
output/cera_init_post.sh,1010,2bdb5f2e4910923f44ecb913c55d65a29861b3472afc9388c63676c383b5a172
output/cera_notify.sh,8525,32fbc6480558cce32fea93e9271642fdfb78da5e46e54db02c92c9483d32ca6d
output/cera_post.sh,6203,5470504e4868359dfe6511ec543a5581e3922be7fd9c4b8b850e7294b06de0aa
output/checkAdcircMesh.f90,47111,37cd4068e5b8c114dfee04718076a8235068a3d9892fe87b0c988c1d02aa1d31
output/checkAdcircMesh_boundaryfinder.f90,37482,f2dd498ac7adece6e6f09a3eacb37f501478de3aadcc0a8cc7529de4c16aece2
output/collectMinMax.f90,4594,c40d1c2bceb063dde6a07eb731d6355c56ab46571c9c777e6125137cebe2bf33
output/compile61_72.pl,29808,3f2359d38df9ac18901383d7aeee7eaf7fb249edbb493f7077d2653f4fe984bf
output/convert_adc_native_2_netCDF.f90,32271,46b13a70eaff6ee940f05be76db476b0943aa437b538d8ae2fd1860ba5c43b0c
output/corps.template.gp,35612,42d407fa67202f7b7d6ca34cc265dfacd412c360027cfcba4600745ac1c7268a
output/cpra_postproc/Automatic_Offset.csv,68,bc8b0cd3a5746867a3c5ae52eae400511aa4090710fb4a3f0659544a5d3a2325
output/cpra_postproc/BayouSegnette_GOES_Gage.txt,565,2f22ca89ca6c2ea2718910f34b17c1a2a51edd70586ca58fc4c827f7aa575a3a
output/cpra_postproc/BuildMex.txt,216,209a8cd044870fac323f0be61d49ea6125c21c0f6f0426730d6fff87575d5b79
output/cpra_postproc/CPRA_stations_names.txt,1186,2f0cddc99308e65fd26baf03dc2792805da522ec61672f8609c3ad5100194891
output/cpra_postproc/Datum_Conversion.xlsx,15699,edd3ab9324ec5ca62a30f62aaa93e8318a3d4c0158371c9120fac3b50d4ce2c3
output/cpra_postproc/Default2.pal,225,1861c3c6a3497474405939eea24c1a86890242aa49232178ba0eb2d755fc4463
output/cpra_postproc/FG51_SELA_maxele.inp,6563,000b987e9e5c23791f81928286c75a548a09164b2040d5f29a3ec14af91cefc5
output/cpra_postproc/FG51_SELA_maxele.inp.template,6591,a6da3770c183639d0b3b034b65456a99c72319921f061bab231d71a5c2d18150
output/cpra_postproc/FG51_SELA_maxele_NAM_template.inp,6612,7eec75b8320c5a224dc665d24c0c077c23bda630584a38e1a74286955d1f06cf
output/cpra_postproc/FG51_maxele.inp.template,6612,7eec75b8320c5a224dc665d24c0c077c23bda630584a38e1a74286955d1f06cf
output/cpra_postproc/FigureGen.F90,510572,52176d7ec13b9db5835b5fc78cdd11000cedb47bb43822a1dfb0f3abe908e6a9
output/cpra_postproc/FigureGenInputFiles/Default2.pal,225,1861c3c6a3497474405939eea24c1a86890242aa49232178ba0eb2d755fc4463
output/cpra_postproc/FigureGenInputFiles/FG51_SELA_maxele.inp,6622,648a3d2236073d80842fa866c8433d21192ca351a28cc6dbb4e03dc909b85bb0
output/cpra_postproc/FigureGenInputFiles/FG51_SELA_maxele_NAM.inp,6622,66a905fc272e21e7c78a6ff8dbe293a6f14585724a80625fe275f6d71c9ba306
output/cpra_postproc/FigureGenInputFiles/FG51_SELA_maxele_veerLeft100.inp,6620,49d583f13d0c649d993530fe13e041fb8cef574c04fc079b02e19953414b5a0a
output/cpra_postproc/FigureGenInputFiles/FG51_SELA_maxele_veerLeft50.inp,6618,042417bdbbbe7b43b79e963752340b629dca15feb991afb5c72a6c60569ee4a9
output/cpra_postproc/FigureGenInputFiles/FG51_SELA_maxele_veerRight100.inp,6622,ce44565f14e577fcb36ec3262cf10c98a6781175ed80f0541352e3842f0a35b5
output/cpra_postproc/FigureGenInputFiles/FG51_SELA_maxele_veerRight50.inp,6620,e7941f0ce2df18e3a823f31c3af42f21ba1fdedbb67a5dbb87a0d401b178a2e7
output/cpra_postproc/FigureGenInputFiles/automate.sh,839,71b6928a197ec35bd60461fabb5ad45ea2dffd263395b09f88f2547ec0736bc0
output/cpra_postproc/FigureGenInputFiles/dofiguregen.py,516,8a1b0648474eba655408c5135d4502d824c293d628f6ec0f8e3d301e53994939
output/cpra_postproc/FigureGenInputFiles/inputlist.txt,21,8410921a84de91564ee5d97fee34cd9505ea6c7993b5a20af9fe690db3ac7770
output/cpra_postproc/FigureGenInputFiles/tracklist.txt,29,5f49cc66fb641b2be071d229fdfbb3164e14b5885ea405e7594bde73afb1262a
output/cpra_postproc/FindMaxZ.m,926,9241fefb2e90e1ba87171e9514cc39ffee5e3156b7421f6acbc067fd920303cf
output/cpra_postproc/Gate_Closure_Trigger.xlsx,16536,47677734de898f7313c002729c06901e6ebc651ab8748079fd4477830ef992cc
output/cpra_postproc/INSTALL,424,3c785d0b8bbd0c14a78266bba056d16cb1837399685ced1c39cd54f5df6eb730
output/cpra_postproc/LSU_template.pptx,43769,73a3f9736940acf30abb3252ed41278d71e5b96166b23d99dd92d72d29578588
output/cpra_postproc/MEX/FindMaxZ_queenbee.mex,92610,15bd251ce6a2bfbd48e3a8beb3a8a3345750503598b5f08992b6007135bac006
output/cpra_postproc/MEX/FindMaxZ_supermic.mex,90976,f15b53b8c5ecf0ac99bb3a7e21589a2eae6de05cb2356573cbe2c08f9f031816
output/cpra_postproc/MEX/FindMaxZ_supermike.mex,90372,7da8cd87cd5787cab5fb7ee6feba3b39717c6e1e49290a1e92055f10a484f619
output/cpra_postproc/MEX/cpra_hydrograph_plotter_queenbee.mex,103778,d888fd1b70f975f2363e7d40fd3da750df493a7f1c90ddb4d5033337fcf0d67c
output/cpra_postproc/MEX/cpra_hydrograph_plotter_supermic.mex,102147,4fc623c6ddcb8a348fe89774201f4c0a0f0810ca23ecd08677236963e34cf60c
output/cpra_postproc/MEX/cpra_hydrograph_plotter_supermike.mex,123871,ff4d4a767786e40b6cdcf8e760001752d6f9ba5b668da635d776dd060c9fe051
output/cpra_postproc/MEX/mccExcludedFiles.log,102,3aa3be1c6173a0103f2721f5e78012937705e39066a9e43e030ba0791cb3b1ad
output/cpra_postproc/MEX/readme.txt,3857,71ca06e5cc7829ddf0a0c3d2225abd753bd4aa428b22103b5ad69fb09d5b8254
output/cpra_postproc/MEX/requiredMCRProducts.txt,12,2931b6fec9fe93138b474c44e82c7e3bcc0936ac01a414f92ffa5ccaac5e1b54
output/cpra_postproc/MEX/run_mex.sh,1037,5befb9b87d19057c5664108d4c518d6bfd1c3c2dbf7926818f46ba3499e37b9b
output/cpra_postproc/README.md,6689,527d0ec905d1b52b701d345407473a2061dc4fd391b09400ce2a120c49b928b4
output/cpra_postproc/SlideDeckGeneration-UserGuide.docx,22588,3431380c3239711ba0048d4ce897b47d74d10e9b6fc277bbb108c4dd915b1b4b
output/cpra_postproc/Static_Offset.xlsx,15846,5c8db19efbd284f1d0e0e7e38d7cd365cb6a01b25486d5358aae6437dec4c333
output/cpra_postproc/USGS_Service.m,5064,30f83839f9d32253e6b482df3f0d6a7d02b7d7c0128901a4d368773bb2fba2d5
output/cpra_postproc/buildPPT.py,10908,c86bb5e4923e959260a5a694e948fe54b40cfaed4ece96d0469dca19ebe2641d
output/cpra_postproc/cpra_FigureGen.sh,3346,d89f77323463544362d5f71215ec7bd415b06328c4b735831660b93445e31d3a
output/cpra_postproc/cpra_hydrograph_plotter.m,34606,01d44f78602c698e76721c187c1d5e1c78c2c607ef2e65247159ff23398939ba
output/cpra_postproc/createPPT.sh,11443,0ccab0a484c1c00708d7cfa8db200be6698d645855f5f0a03b31a6532f634873
output/cpra_postproc/get_files_fortytwo.m,1861,7effb48f4b9c4550c36c86aa3718fe2b2d81db25af6bde24aa0720fb09f57b6c
output/cpra_postproc/get_files_fortytwo_gahm.m,3944,36f22a0be95bc8a7b6303eaa4821c4ff33456915ba218ff9619ff1e80e582c28
output/cpra_postproc/get_files_tacc_frontera_NAM.m,3266,adde64d218f587d3f31ebdf024deca2bd2ec2ec1b8092e786a074cb76dc6e3fb
output/cpra_postproc/makefile,6556,16a2a6b81c71515d562644df63be453fa782f968aa82c80bbe54a88296f9bb19
output/cpra_postproc/old/plot_usace_adcirc.m,7840,c13541383fadd2a9f43b92582aebc9dcf612c4bc8f9cfde03cd67c9ff7c0342c
output/cpra_postproc/old/readIMEDS.m,5119,45a80068c92b5d3eac7c06ca5861d29b6ba765e24d20a0c8a602a9a85a74ee47
output/cpra_postproc/old/station_index.txt,158,2f02643d8b16c455530cbea69d557a1fc8d9cdf283edf0a2e9922c9d7cdf7b6f
output/cpra_postproc/old/tools/Build_Tools.sh,1244,331e7f54b3cfc893da19523c7b7585d0fec9b98c5281c466010724ca6903caf4
output/cpra_postproc/old/tools/Fort61ToIMEDS.F90,5560,951ec95a18e1636391c741b1a1435d9826308d619ccc3933d12c7165a05e7883
output/cpra_postproc/old/tools/adcircModule.F90,148642,82646aadad771f8523d70c7fdf94ee0104c146fe60ab6e38dc378174f49a4e19
output/cpra_postproc/old/tools/adcmesh.F90,10660,c8ca0203442fe3b6c1243a72507ff3f07ece42dfcefa6e6f4995f7dda97e6b68
output/cpra_postproc/old/tools/dateModule.F90,12429,a0e2e6ef471a27f4fa199109c27da9bcc7044b54c5de832e7ce26e5ca7af16b6
output/cpra_postproc/old/tools/genericModule.F90,12299,886dab84ba63ca2f3f615f94ede431df9cfb1ff13b2d26ea10ec933cb5041ff5
output/cpra_postproc/old/tools/imedsModule.F90,24619,fc101d5b0d5641e56d9ecd5df7bb45433c50f9cb23bbd6fdc7b2d2aff6d60349
output/cpra_postproc/old/tools/kdtree2Module.F90,41632,7109c237e22921b17def599d86dcf5f0222e064ee0cc0075d129c524ce8a8c1a
output/cpra_postproc/old/tools/netcdf2adcirc.F90,14082,689595dd2f5cd8e1d61adda93a6a783c1f13c65bf216cea582f8c399e8819a31
output/cpra_postproc/old/tools/readIMEDS.m,5119,45a80068c92b5d3eac7c06ca5861d29b6ba765e24d20a0c8a602a9a85a74ee47
output/cpra_postproc/parse22.sh,103,2b0d090c2e507e5ab2c85f2ec64f65f70b7b7516e3a3ad672318750c56b589a8
output/cpra_postproc/plot_usace_adcirc.m,17448,13f31b8eb0a3fafcec9ccd0b31e096266d0a5466620c99162cce030829610ff3
output/cpra_postproc/read61nc.m,3269,2f9e8945973d3e6d77b89cc2b6fd5c5d1bd6919038bc5505d2601ee6a25cbc32
output/cpra_postproc/rivergages2.m,3645,2aeb8c9b0b742483092c15f8df833ec6bdbae25cc64ee5b4ebcce9588a64a91b
output/cpra_postproc/submit-postproc.qb,507,60bbb38b6fb7f01711e5244ff329b8101221ef69663cdfeff6b468cfdb53b81a
output/cpra_postproc/xml2struct.m,6958,ed660874d55ccc5611ca1312aabb8098e6dd77a7e4d136e4d2092b6dfa99a34f
output/cpra_slide_deck_post.sh,11610,6f75123f6280f05822efd9efbdb6381b83e4ccc6ebc9c8d21f772add448ffc46
output/createMaxCSV.sh,12300,4777661dfd59288b7bc4cf2dc842c5974abe5f91460abb524003e4169aa00835
output/createOPeNDAPFileList.sh,5779,4a2676e4767e4090fe177db6135ef0d7f52ef2adccffdc05d97f11a8f1ebac4c
output/diffAdcircNetCDF.f90,6886,9afc860262994f83787017850b9ae854af6a21c35a1f57930d568e6077593063
output/emailattach.py,2533,470d1ae82f508cacaaf9c46c00dff5714137de4787bfefa9575399b10be51258
output/generateCPP.f90,9107,0956246ce2622fa29ff2d6508f99939fe4239cf8d40d5e1bf26f0ea16c4cca5f
output/generateXDMF.f90,62205,8f818dd511c0971fc72c8d79a296849a453c4b115b779cc9babd5c2add16fa55
output/generic_atts.txt,181,f3daa9d33f2026c485bbce397791f225acfc879de754cf095a9c27022f3ec917
output/getDatumOffset.sh,888,f6448fd4b072b3a5538160b74a712a9021a2a4886c432b0c4690165cb50f3649
output/gomex_renci_post.sh,2984,79909e4355f23e79a57051854ed750d58cd2f310a3de159af8c1460b82cf74ed
output/header.gp,263,5d258565decc5cda5df22bd03e740e23faf1218097e6fc4d6d37361c954f9132
output/highResolutionRegion.f90,6842,c5219a0d13ae2f6d7e4625cc25e4e295e7d1ec5d230cabac706d5b88d07ed072
output/hwm.py,2517,cfea7fe477261d0b302283f70e27d4a850d86cd6f37733280e152635310f0f06
output/includeWind10m.sh,6419,096ffd91f4ee47a03ed6f062a360107a684534d6bd1156e2f376b5e463f6b102
output/inundationMask.f90,10980,e30dc9c5bf406eb9ff9460afab5121a3d51f502366f548d12c5c4069193b3920
output/isaac2012/isaac2012_hwm_stations.txt,24074,72a1a95b5e4bedf79bb5bf1ef5f3a37d83ef3a3123e88518a4b959c38b8e4e08
output/kalpana.py,44597,467611ace626cc1952f338faebf4c3fd2f71adb6afbad42529ba41aa1c4c299c
output/kalpana_input.pl,769,96b12e5361942709a39af9c7c92b87e4b22fa752212bbd72c9de026702536d80
output/kalpana_input.template,66,4a779377b90970f40a2a346e1294c282da4510be70b9cb05034766c751391090
output/kalpana_logo.png,134060,d0631c92593d334364f96f604bceb3af62555602b3a2017f41407cb8b075b600
output/kdtree2.f90,55673,252e11d4b868fad0afa41608ad8a5875b3ac413760c1c58eb5f1cd3f2fe3b2f7
output/logging.f90,28159,b151283412c9257f2d1a2977f63c60cfac1aff7ccc3d33b78ba1e50b3079cc51
output/make_max_csv.sh,4619,e9c45b5ab80080c8141413cb0965c4a0ca5a100f88bad63b5190e08578cb7f35
output/make_plots.sh,1451,282000e3b05a78e54d7b5de97e8acc024bbdacf30dfd88afef28317fe5bc84c8
output/make_wave_vectors.f90,6072,087540e8fd50fbc69aea3c6d3773d3d0be5df25b8370a0ed879f1ff9ecbdecc2
output/makefile,11058,60edea19c757af2e44a06da814b9ac418f90967b0f6f4945d052102366c9dfdb
output/mesh-bathy.pal,209,54ebb476ba514d2277df2fe3f9dbe8090c2682093f7ed023ab692472e7868c78
output/modMeshData.f90,19331,028f016df46d7e6cb4b1c2cb61f8009c31080a7c26e1a44a7d9bba8d38c858df
output/multi_viz_driver.sh,384,cf50dd6d7a359509cababad7bf4631a87b0b0328bf31232c373a1becb72b7ef7
output/nc_inundation_v6b_msl-inundation-masks.nc,7089428,9ef5a499b97832cd2c531c6425f27eb97741d0841e15eae5d658cca4c90ea400
output/nco_ncrcat.pl,8444,d5d20d484b8942755a218eb686a6b35b0ce1b7da1c9a42d2d2399dda0a8b9d14
output/netcdf2adcirc.f90,6094,5e9f5c11bd5842d5b44b3221e3acc569391977241d83e8c0528d680f59c81967
output/notify.sh,3647,573bf6d580001f5be678bba4ad2f35a220753271f6c4f3ebf8f0e2675aa6a644
output/null_archive.sh,1247,944363e5868bc8a008a796af99c3498eae0d339dce064a6d947ba421dadf7891
output/null_init_post.sh,894,11a7baea474c545a041295ac66c7517b678548f8de97096c212b5176fd755ebf
output/null_notify.sh,1220,717ae6c5c2724c040984fc49c6836a8a17de105243feba8581b4081682215630
output/null_post.sh,1208,6801567cd3cf4a82c61e1c9937d6348f294b35adfaac5ab0c4a7fcfe1504683e
output/opendap_post.sh,29635,d55912aaae72fd0acf827a2e8bf40c9d7e82243ad27cb938d65607a4eccdb915
output/opendap_post2.sh,37916,c5102de03f546662b7cc810a29676a14271566e197ab370e1005a461d93a57cf
output/paraviewBathyWSE.py,7106,d27ee64a4b8e15af1e868900a1925d3504890b986b5a78f1d282650aecf6b6d4
output/parse61.pl,2027,2ae1a6a6b4fc81674519cff0a241d2220bb2f7fe9067176d1e15c7eee5a9a645
output/parse61cdl.pl,11443,c6a71b6dc2faad23c23d4d576aaf3d274290d101ad6a55196fd7b35c8af048e7
output/parse72.pl,2255,c92a9f2dbdd5a4a92f4cef50e530c6e30bb771eb77ea52b89c22dc9a36a16b41
output/part_track_post.sh,4484,8297e60592852ec023b62f55d4f3ce8743c3023010e9e9902f9fcd8243ae8fe5
output/part_track_post_new.sh,3919,de77aa8e1e07657899c1e4808a14f59d8002ff5e5478d91f92dff923de969bd9
output/particle2xdmf.pl,10072,1b0938f5ff3994986a6eca044307283b91e47f59384f848054bb422337c20dcc
output/placeholder.html,294,65cb376bdbd2d366f0d7f3e2f9b36a3986bc8590c180d666d00fb65a4f673e85
output/plots.pl,2195,282bae493802b32a40cd20f9acbb69ec37cebf254c408480d8f995624976a71d
output/post.sh,4405,c4296297178f9367b6a6a8b929978e0dc998e58f33e56339956037dba5d65c0b
output/postProcessFlux/dischargAcrossInflowBnds.pl,10597,1a62da5cab645e101f1426d176951adeb1922f9862e3a00c6e4122b7e395a612
output/postProcessFlux/dischargAcrossNodeString.pl,5406,edf9d2df385ae572a11d17f9ae5bf68344ec53298633ea171979ac7c74ac5ad2
output/postProcessFlux/dischargAcrossWeirBnds.pl,14024,0ae534b90c73defba3549ed593888f77b91e52d838595ca7cb8dd06a0a680ecb
output/postProcessFlux/example_nodestrings.txt,2799,5ab6b747ae098e9aa9f94603cbe58b164b9e6c0a73d6650e46115fe5c6362806
output/postProcessFlux/fluxAcrossNodestrings.pl,15322,395ad433036bb715f16ca45d64814417804dfb9c09379e0237fb36dc96c02423
output/postProcessFlux/postProcessFlux.pbs.template,560,3a70c6d0e47e6f294edaca00e040cb7b2bf77dc104e4ae5fa8b9c36af3ac3e8c
output/postProcessFlux/postProcessFlux.sh,11596,70da301b0f9d2d543d3e34a4a535e0669ca0c9f0a32a3706de87e91ca73f61f8
output/postProcessFlux/postProcessFlux_templateFiller.pl,1253,8b10324edea4be2512f16083cbdd056f2fb3023ea8627de7b65e67274a34976d
output/post_init.sh,1051,ddeb1ad1094599a0b3a02065201c282d9950423e326e2b16409bc60d9ef899b2
output/pp_test.log,0,e3b0c44298fc1c149afbf4c8996fb92427ae41e4649b934ca495991b7852b855
output/pp_test.sh,533,1e2209c141b82bea026da43261b4b94c462db9a4868a49ca78475c8f58df3cfd
output/produceInundationData.scr,4576,c87da0b1517f5e9e3a510e844a733dabdcfbcf16425c28674a78a6f2af730a23
output/pullStationTimeSeries.f90,39556,e160974060568a4b245880e4ffeafefacdb7ee5f56aadb409c1f49503037fb7e
output/pullTimeSeries.f90,6820,859bad57f593c7dff14d7e8b91485fbb650283ce98d36778b2439dde47901578
output/radii_driver.sh,2391,043254e0a55ff172a5956e3621da008e79f3212689a4b967703897d36a4c4df5
output/resultScope.f90,54101,8e717138f3d4332e822a96e0c89702cb41b37cf810ad45a7146502b94a040e3a
output/run.properties,90,5756e99e43461a7e21cb52ec63ba458a1c2db840232c0c5d23425de6b2bb7108
output/scp_files.exp,2976,7b2449b9ecdd17b11e92c60025172c2b2e41cd0a14d1a2208ad5d2fab8060851
output/scp_files_ranger.exp,2167,f37be30e73fd1db5944784d2cff8c1008acb74d70666d7433647a7b05b1fc88f
output/scp_only.sh,8584,e424f1fee8666eb58d6f43c7a0aa7756eab407d021ce69192b18d1f7c5fb5040
output/setupPostProcessGraphics.sh,739,b1d70ee5f23b8f588c33af6abf29bf30674f43dd4f62b1e1a75239887466bea1
output/spatial_5a_1r.ele,2125872,0780d9955617082d3c45cc98677646781f2955f534168d4be417a0a3afbcecf7
output/stationProcessor.f90,20789,cf4cd19066b05f83f84894676083a4719dff0c5e8660948582eee8c271abd7c7
output/stationRetrospective.sh,6956,f14d9aad8122824d4e035695b19fec836928244a252e005ccaac46b3ec977f91
output/station_transpose.pl,34795,78aa8cc82b3d95b0d46e3fa36a06e5a8c29feaa12b8840f2931b0c944a7fa1b6
output/storm_history.sh,4346,c803a4fad8facf2c24435b801ad510880b3c7a796baa2da9e359947559f66386
output/streamline.py,4765,5ff5c132ae5fd9fc71adc7e5e969c1ea2a12bfd6e10139ec8009b98f87965a15
output/swan_conv.gp,1472,2f04bd2a63fa36eac4bdc712e6d8f829642fa36d904d7486bdd933859bbb9568
output/swan_convergence_analysis.pl,6286,41759ce0a11605d63f26248199feed701e26ac13ddf17836f09874934fb0346d
output/template.gp,1019,1e4e771d4ad912e066f8a7afd26f8fec81d2f64c4c8f8283eb259321a21a2a3c
output/test/irene_post.sh,3966,1500262938ff50b00cca6e6cab63dd1531d98bb156fb6f2a68df7fb898cf20f0
output/test/kalpana_post.sh,4236,61cdf85ce0eca49d4f0a9ada8ca17d13450ebc8bdd48f10524d9af95fd27cf3d
output/test/qa_post.sh,3975,6d4f74723c52c8ed95f09d8cbaa21adf37a59b3cab1174568715fba620bff625
output/texas_maxele_maxwvel.pvsm,742822,eb1a198960f1ad8ad048f66d9c17f169c1e8222dd9ed67a2a342fa75e4722459
output/threddsConfig.xml,7097,33ed4d9007a4048974feee68edb0ed0526bc9e38aab0053e9fdde719069b4927
output/thredds_download.sh,3450,dd0dceff50ec61be95eda8bf8f725e69ea45b66d5e949133889dbbca3f4b7e95
output/totalWaterDepthGradient.f90,5767,4d92985e217fd7ba3431ead65d7ba3decb46f6f6a7638cb760f4e85d06c8a98b
output/tristreamline.py,6165,d9d7f93c31bbc579146667210afaf5f5abf174e4aa26b10c7462fe0e68818088
output/unstreamline.py,4812,241fbb269ce55488bf12bb5c3f891a2f5afe2d6f1cd9b7b36d8247d2eb060e0f
output/validation/README.txt,1189,f61cbbcb6dba926398db79f5eec767ca77f3a139b4cb091c12de4a53cc0a3e32
output/validation/fgwrapper.sh,4637,9771e0aefd27110fa7d2031956b14af80f0cc30adcb23c0841e040b942a40523
output/validation/nos-create.pl,6950,000cbb96f9c2228314e9018cfdc57ee4a208c873d1dc4c11111641f332ed24cb
output/validation/nos-predictions.pl,7024,7d9722b06fe23d098243b8794fefe2910b7431e2d95c4f762347ba803e09e81d
output/validation/nos_get.sh,8156,3a2cb9ae332043b99aa7b3f77405f791d10ed721b2c6e673b685ba56f59e760e
output/validation/nos_template_offset.gp,2068,4c1b451fc1064046be39fabc1477c52c2dbf52913ecc740cd3cacb1c7523a05b
output/validation/run_adv.sh,2149,f4d42e04db679dbc699fd8d458cbdb9418c7e02bea5605cb94253b2ac7710dd1
output/validation/station_transpose.pl,15483,517195747aa4ff3d1892aee74ea83db66ee865cb1af97ed75057f5abd3345dda
output/vel.gp,1500,8989078a802b2fba8cc62b4f1f78d3aa92be8c4be707cfcd1d59a43986273f7a
output/viz_driver.sh,2832,e06815dfbf358eb7e113d2d27a5aa06c2b7d39a92dc455cb5e7ae1e22aae41be
output/vortex.F,34879,bf0200f1078e88fa2f3fc400ad2c25db5fa1ae0561ef7a3b14b0e4f2abe9c68a
output/vortex_viz_gen.pl,27143,6eeb8f4d4a22d8dfd25f8148f41a9281ea18daa73f759678913ff1d7e9cd93af
output/water-level.pal,124,78cacddb4206877d4860c42d66d079a216f4f64e7782f2b7f83c424a71a00420
output/wave.gp,1201,8c4ec968998527c7c64598b0a11a3d53775fd91a65792e43855f4fd9c801c144
output/wavht.pal,154,090d043f2550dd56ba8285a47b647b9e2844ea385f757f90dfb01dd383a08ab4
output/wetDryCheck.f90,3174,f90d8ad23ad68842ae1f74c4470875320e7dd5b94c87eacf0257e2c181812603
output/wind.F,154609,b2f8a8eda753174ac71bd45c044d92c02b31f76d8bd6f58d522c2b2ec8beff8a
output/wind.gp,1500,8989078a802b2fba8cc62b4f1f78d3aa92be8c4be707cfcd1d59a43986273f7a
output/wind10m_post.sh,2957,b091f690ff8c45e68c2d2caf4cf48212bc9f7325ff454f6757b2e638af49f34d
output/workflow.sh,10535,33eef4b70bf9decf9d9aff3970c08341f5bb9835878bf0ce2303c0a7eba3c775
output/wse.gp,1201,8c4ec968998527c7c64598b0a11a3d53775fd91a65792e43855f4fd9c801c144
patches/ADCIRC/v53release/01-cmplrflags-mk.patch,31222,11f34d0cbcf8a7b0b59eb9d66c299fcd891e48d7f3a03178ed03aaff7749ae93
patches/ADCIRC/v53release/02-prep-F.patch,1334,42da532164f170e990a3775df1f68b6ef00b6717fdb61deffa84c244c3fa1d9c
patches/ADCIRC/v53release/03-swan-platform-pl.patch,33823,da7bb2552d6f42b10bd303a040854d1d169d1dba030f53c099362cd6681e65a8
patches/ADCIRC/v53release/about.txt,58,18a86c09a628ceba317af8c4571f57d6bcd7b2ff0f97ebf9ba1cf582af32a5f6
patches/ADCIRC/v53release/info.sh,169,252b96d3247692b5d5eb4c72e1b313256b80e98afa2018d7695a56a6e467448d
patches/ADCIRC/v55.01-5bc04d6/01-cmplrflags-mk.patch,30380,f78cb68f43721345256a12fc0243a053271b1d2522bfd0e0a231d4d07cc27340
patches/ADCIRC/v55.01-5bc04d6/02-thirdparty-swan-platform-pl.patch,25430,e24bf359d718c713d720f070f3610d3e3984a0d6877ca2c7c5365e5217af0c43
patches/ADCIRC/v55.01-5bc04d6/about.txt,36,51aff0b48c3e2ffebe739200218f7913424e983e95852b6438aa2c8eee65ee41
patches/ADCIRC/v55.01-5bc04d6/info.sh,177,764433a4bff651ebeabf6cebf7882ff89df44b1c025d9d4977b5320daca395ef
patches/ADCIRC/v55.02/01-cmplrflags-mk.patch,30380,076b1c1c4e80001d539761a7e24339e16941cb2bd1e1c11d1703b270ff7c3fc9
patches/ADCIRC/v55.02/02-thirdparty-swan-platform-pl.patch,25430,e24bf359d718c713d720f070f3610d3e3984a0d6877ca2c7c5365e5217af0c43
patches/ADCIRC/v55.02/about.txt,24,584a7954855928d7b76638c6b38a72d4c3ff2b5d3fdcf27122d67434dbe7abb7
patches/ADCIRC/v55.02/info.sh,176,bbbba8e218f8324676c37d0d90d5de6deea3f3edaea1c52e8a333737a92c0e20
patches/ADCIRC/v56.0.2/01-cmplrflags-mk.patch,37588,27cf4d21437c6652281b0545ee3372b1364f08fb7e961f2c0c5a67b2ccd933ef
patches/ADCIRC/v56.0.2/02-thirdparty-swan-platform-pl.patch,6515,33963be0879b10f116cb6c561cfb82deadd7e44b18f35a9af7500803eef71706
patches/ADCIRC/v56.0.2/03-work-makefile.patch,616,94c198e67dc9aeffa2a2c314135a57c35a964a6b5ba57ed3e93ff190736ea5c3
patches/ADCIRC/v56.0.2/about.txt,33,0db3ef705c950ec4e530a17170cc374ad94ccde58c045b9200febc7028af9324
patches/ADCIRC/v56.0.2/info.sh,217,03bd8cace1780bd4b7291483acf7a186d3d839d21fd91fcbbebab1d0728226c6
patches/ADCIRC/v56.0.4.live.0/01-cmplrflags-mk.patch,63913,fcb8e2caf830c7b61535ab8b0b33e85e0f804882a2b294cf8031d62f3daa5528
patches/ADCIRC/v56.0.4.live.0/02-thirdparty-swan-platform-pl.patch,6515,33963be0879b10f116cb6c561cfb82deadd7e44b18f35a9af7500803eef71706
patches/ADCIRC/v56.0.4.live.0/03-DEBUG_WARN_ELEV.patch,3749,16a1c8c73c0398a4d617b03402118f6860a3f5323c46dd190309108d9523d6f2
patches/ADCIRC/v56.0.4.live.0/04-macros-inc-gfortran.patch,544,2d54d266dfc684f70c728433b02f65614de1d503cb37dcf060370561c116a123
patches/ADCIRC/v56.0.4.live.0/about.txt,62,afff240448b03ead0f093b246b173704249614d40a035cf80e48968eebc915a2
patches/ADCIRC/v56.0.4.live.0/info.sh,184,807321b126a5f463171348329bd29fc08c2bd63f08c226f85b7717716e4b4fa1
patches/ADCIRC/v56.0.4/01-cmplrflags-mk.patch,37588,27cf4d21437c6652281b0545ee3372b1364f08fb7e961f2c0c5a67b2ccd933ef
patches/ADCIRC/v56.0.4/02-thirdparty-swan-platform-pl.patch,6515,33963be0879b10f116cb6c561cfb82deadd7e44b18f35a9af7500803eef71706
patches/ADCIRC/v56.0.4/03-DEBUG_WARN_ELEV.patch,3749,16a1c8c73c0398a4d617b03402118f6860a3f5323c46dd190309108d9523d6f2
patches/ADCIRC/v56.0.4/04-macros-inc-gfortran.patch,529,b4c07115762930b1d533a02cfaf4082e0d18cab6e89a9c428bc3af1621fda94d
patches/ADCIRC/v56.0.4/about.txt,40,07364b4fabd23809e46f80973616d0fef4439f4de4a923a9f699ca184b9ee90d
patches/ADCIRC/v56.0.4/info.sh,183,477023aba7154960f0d1d1455009c2958200ba336d3f3e69dbb39e61bf5578db
patches/README.md,2192,8b3a1bab2f500db91fadfa1247bd5e6fd232f41ccc2c36e3c0f8070b66ae15cd
platforms.sh,16329,6daeb07dde5e614e6bdda94e67ccb7eced8f670199e8f45cca185ab02052601c
platforms/README,3670,90d99a8e713fa6007c6a26cbead3987c6d5856b999dad4ca79f2de92f5bf2830
platforms/debian+slurm/about.txt,46,f7d2bb96118f58095cfe75537e8632eeb48dd0764e323c046b8a7a199d239b81
platforms/debian+slurm/init.sh,838,93a6fc33ac58d4b402cb22d0a0d31841cb30b0de615e0c7207903bb9f2dab794
platforms/debian/about.txt,47,cad6f419468d709d0bd2197fb41952abc37cfac0ef759312913796ebea3b7299
platforms/debian/hostfile.txt.oneapi-sample,26,db3d2941377af2295b6f0bff629c00e1c1b3093cae6a1cb93c0739bfb4377def
platforms/debian/init.sh,453,2f6ae1663535658331c8183e64841f57b6bc7102e237f152a6347377e705a6d7
platforms/ls6/about.txt,26,382cc3a36902f0586095275c3862994760964ebe3d6d83a78a968d703f7d96a6
platforms/ls6/init.sh,977,4df98e4d150e53c08ac967785927ae1e772a30d93237c6b2bed1befa738b6d05
platforms/mike-lsu/about.txt,22,c6ff4009c0f93d8f7e8bca2e370f16e0a434c01f649d00aee9d2e1539e73be21
platforms/mike-lsu/init.sh,1145,60c0184333ddb9759e48e6c0a02b2b33fee7ca79f0794971cc7abe7eb97db487
platforms/oracle/about.txt,57,5e4c5ea6ee12a61bf872acab638602e9ead597b790199c0bfc76594463fb1f30
platforms/oracle/init.sh,443,d8d8d3231be4ce458e8cee626e2e90cb1df28e0d68b95ebb6eb84442280c1f1c
platforms/penguin/about.txt,33,216f2cf87248f846b66b20526a1bc79c0f9a11e8d685f779af31a34ba0950684
platforms/penguin/init.sh,969,69483f5ec1eef6e8b4a4f3fac7ec545f58d014ce203abb4d3039888c20d5ccf2
platforms/platforms-lookup.txt,362,467daff8aa547eb9a5d0357141ed8b2cf28a021a8774b5a3027cbc17c32b5af1
platforms/queenbeeD/about.txt,17,a7cb087bf426e8621e734cf3990d44b3f64aca0e1c32c152652f1c4f2ceacd78
platforms/queenbeeD/init.sh,1024,3a1d8ae26940051d2360e65e246f22c3db93ed4e3a0ad80ead714a15ae504fa4
platforms/rhel+pbs/about.txt,37,6df6f1248f429f71d5e54fe23e2eb507358ffb0647072c7129c07fb37c5137d1
platforms/rhel+pbs/init.sh,666,e63a73a3f76703870739a0ba988d3891f3332e9b88b18f4fe92ffd1257cc3086
platforms/rhel/about.txt,90,a71767fc61904a776f661b1a83f67335afc0aa50ab3e68b7c6f42727088e706a
platforms/rhel/init.sh,570,b24361b008353e369ea21d6e533134172cc9e2fe72aafc0065b19bb230448aed
platforms/stampede3/about.txt,26,40d90e08941a8a323dfb77ac93c4f7a77ce946960b6c4367ad8b3c4758476536
platforms/stampede3/init.sh,1085,a16c4355e6271e8f2f239f1d8a098342e8e275a40e8d39249f9d665fe95b828d
platforms/wsl-ubuntu/about.txt,33,8acc4145bbfb63d3b6e6e48181c3769987a3ba13dc65dde8989d448795154a1d
platforms/wsl-ubuntu/init.sh,515,f82c8504c2f4978ce945d78503f8fa754ab5246a096bce3c4104a8a949b272b2
properties.sh,1677,0da74a8fcd23b147a4e2469b9a8e308d229ba98cd3c40b7a3c7370ded1cb792b
qscript.pl,12958,f863f3ad23e50893b12c814cdb9fa946fa981f4b1a4bc14fc00b96c15b2e66ea
qscript.template,11484,7e70409e7bb371b08a590abbbb8ead5f989a3982e47bee01593ad4471a1f1f3e
qscript.template-test,6147,3c339281622bb7aae25c8f9d9b6b4069bd4629ac647e87542a6559764d29b626
qscript_request_template.json,1124,d47e9d2504e1bbfaf61a067c3f7b3483e4db8334c30c9b2ef508089a56aecf5a
set_flux.pl,37659,af9993a52af2297a0a8988f4edbe53f6ebc425f6664406957d9fd7036c7089b5
ssh-servers/README,640,00e29beec66e3c0ed69af8eda614963abfe8c8d9377df93c95534d3b7af2095f
ssh-servers/seahorse1_tds.sh,714,76aa93f53de20d39da38e8da341c87cdb83f1aabd392232a104509c5106fa955
ssh-servers/tacc_tds3.sh,694,f7ccb86e59d9ba349ece71bf3dbfed9752debf3262d91892edfabf54e53765f6
ssh_config,1247,40e1db77c23811549fc1caf631700f94b9723a9606b881d52b508bba693958ec
stage_discharge.pl,6422,210e4f26b4334e58bf139f97c4fa8afc35eeb17d594e4fea38b8b3d91d490059
storm_track_gen.pl,46249,80bb840f5a0e89dbf5b6308796e15e3536012664f19084f33b24a930e75d4e27
t/all_test.sh,1113,aeeb6579d9500f2f910ada52b3bd2f9708541c7fe9ab27ea3c87e0460f125f34
t/config/input-issue-1666/12.182012.index-at.xml,4822,f0c8c8fd182bc4aff477f616696f652a7b1bc89c7afa1cd65806d85d32d767d6
t/config/input-issue-1666/12.sandy.00.bal182012.dat,4219,82e6268cdad0458072e021f834581fedaa2efd4746c8909f8176edca5c0cc184
t/config/input-issue-1666/bal182012.dat,4219,82e6268cdad0458072e021f834581fedaa2efd4746c8909f8176edca5c0cc184
t/config/input-issue-1666/index-at.xml,4822,f0c8c8fd182bc4aff477f616696f652a7b1bc89c7afa1cd65806d85d32d767d6
t/config/test001_config.sh,3561,62354687f8e0c509553862c51a15ecae23783b05052b577078b63b17f950d969
t/config/test002_config.sh,3557,4285c70763248a06e061e0eb640d066510bfa2baf7dba0723ddd340bcaa18c90
t/config/test003_config.sh,3554,d4ccb95fb70406ba5c1d9b5305fa9e2f4a0a9ee209a64b2b088a5a7545bf3538
t/control/control_file_gen.pl/.gitignore,117,6a333c533822e048f7f2318c1ab59d0b4626de18f122074bf03c99cac61be8f3
t/control/control_file_gen.pl/test.sh,3515,6a4e0a9a334a2e51a3b189bbe541e65889c6f84dc620df199d9b0043aa6883d8
t/control/control_file_gen.pl/test001.control_parameters.yaml,6540,bedba2849edfb5cea421f00fe51550f431ef8231ab48e5e16255441a5919b912
t/control/control_file_gen.pl/test001.expected.fort.15,14417,0d07d2fa39c7bbd3dfcc1b633fa2591e9ed083c588755b993c16fd9a941c0494
t/control/control_file_gen.pl/test001.expected.run-control.properties,3213,099fbc399b38f1b7e8d7b5ffb53197fcdc9b832f1e595c06e5ac90290fbcd82b
t/control/control_file_gen.pl/test001.expected.syslog.log,1227,1283331526f8658bcd015e5494abc29c7f34935d67d5e982f49f256440bad084
t/control/control_file_gen.pl/test002.control_parameters.yaml,6564,588b4c699cd1fe6d410003bffa372ce620a12dfdbc3c7b77de29515d04fbb7c8
t/control/control_file_gen.pl/test002.expected.fort.13,500,240bb5df5f2a673f144ba7b15d0998c617e5a7bbab142f6720933653e704d966
t/control/control_file_gen.pl/test002.expected.fort.15,51691,483f66c47873c38a9ab3d67c79b7da57aaab0adcdc6a4145b97aa2f723cf23f4
t/control/control_file_gen.pl/test002.expected.run-control.properties,3213,2a2d7654e1da8dae256f33809aeb75b01401bb0b2936411a5c72bb1bdc9030cd
t/control/control_file_gen.pl/test002.expected.syslog.log,1430,742124ba2b112e270986d69864acdac5c0c508b595e57d886f94ba25c1e7b1cb
t/control/control_file_gen.pl/test003.control_parameters.yaml,6855,e2193875eebabd92faedfcbe30c3d27fae774d1afe8700a0daaa23b1dcf0d01a
t/control/control_file_gen.pl/test003.expected.fort.13,505,2efc4ccd5757fdf7feba7b924ffaa384b829b715c39716e491492078cba43aa3
t/control/control_file_gen.pl/test003.expected.fort.15,49778,2aa7880314458c8d0275cbf73cabb4df79e4afc1c60afde79d34b075f8b014cb
t/control/control_file_gen.pl/test003.expected.run-control.properties,3214,08830affa3ac8779b2240f04527a2020bf5e971bbc2b805486eb7104dbbd6c33
t/control/control_file_gen.pl/test003.expected.syslog.log,1430,742124ba2b112e270986d69864acdac5c0c508b595e57d886f94ba25c1e7b1cb
t/control/control_file_gen.pl/test004.control_parameters.yaml,6835,8c39871ca1e16e403aa02b1f1768523e8c9563302ae763be0b762250db78434d
t/control/control_file_gen.pl/test004.expected.fort.13,505,2efc4ccd5757fdf7feba7b924ffaa384b829b715c39716e491492078cba43aa3
t/control/control_file_gen.pl/test004.expected.fort.15,49784,5fb10a1865ab2df7f9f1c0b2f745e3da761eee948191ec9a6f7be9d7cd92bc2d
t/control/control_file_gen.pl/test004.expected.run-control.properties,2006,5c242b1c3b728d5ff2b16d53da5b07b215c40ac1550941e705615ea54a1902fc
t/control/control_file_gen.pl/test004.expected.syslog.log,1430,742124ba2b112e270986d69864acdac5c0c508b595e57d886f94ba25c1e7b1cb
t/control/control_file_gen.pl/test005.control_parameters.yaml,6834,9eeb0653b44da4acb1b1d6b13d54c40189ffe1a38c2a71a8e444b42c979ecf9b
t/control/control_file_gen.pl/test005.expected.fort.13,505,2efc4ccd5757fdf7feba7b924ffaa384b829b715c39716e491492078cba43aa3
t/control/control_file_gen.pl/test005.expected.fort.15,49790,9af403380ef76427d3c22860b75ebb3ee984b0093fa5d077b7b821d9474c0209
t/control/control_file_gen.pl/test005.expected.fort.26,4395,39542d94797e53f27f5830314607bf32fec034e490bc8df5ff52a361326327b6
t/control/control_file_gen.pl/test005.expected.run-control.properties,2012,337cb182f2659c4df5604b3dd58e14c6a8576f5297a8b624cdf7201e989a4985
t/control/control_file_gen.pl/test005.expected.syslog.log,1584,542a884130393d85fd871b394702256b9b2c7e5209d6883764e0b6777d92b05b
t/control/control_file_gen.pl/test006.control_parameters.yaml,6853,a60c20d701b2090446f97a439e676ca84c015ef81cf044ed11e06c2f204b5d37
t/control/control_file_gen.pl/test006.expected.fort.13,505,2efc4ccd5757fdf7feba7b924ffaa384b829b715c39716e491492078cba43aa3
t/control/control_file_gen.pl/test006.expected.fort.15,49775,ffa609e3fcb66add64bb72f0a0f183c3e5961cb915191dc024bfab1778bf15ad
t/control/control_file_gen.pl/test006.expected.run-control.properties,3285,d2ee11d6a5b5fc7813d54a7b12a27622e29c9cc65542f83db523cc9658be0c0e
t/control/control_file_gen.pl/test006.expected.syslog.log,1430,742124ba2b112e270986d69864acdac5c0c508b595e57d886f94ba25c1e7b1cb
t/control/control_file_gen.pl/test007.control_parameters.yaml,6868,78df616c4edc0f12080064e8e14dbdfaa44a2bed6b80b044919bd90d018966e0
t/control/control_file_gen.pl/test007.expected.fort.13,505,2efc4ccd5757fdf7feba7b924ffaa384b829b715c39716e491492078cba43aa3
t/control/control_file_gen.pl/test007.expected.fort.15,49775,49c535b16ffe949b1498dde977e9494416bf71e6912f5ea74fe33a35b01cbbfa
t/control/control_file_gen.pl/test007.expected.run-control.properties,3285,9730524edf366dbe26e49ca379b891bf45377c1bc952976d8f8f7c755954cbee
t/control/control_file_gen.pl/test007.expected.syslog.log,1430,742124ba2b112e270986d69864acdac5c0c508b595e57d886f94ba25c1e7b1cb
t/control/control_file_gen.pl/test008.control_parameters.yaml,6523,0b9134ab3ab97f1d7a83e5ef14aa326cfad700f8fc939851cd6633a7a5786e11
t/control/control_file_gen.pl/test008.expected.fort.13,353,cf6df89e67b00d5145806f5aa44e3cf4fdea5b138d764a0ba57bcd29e7868478
t/control/control_file_gen.pl/test008.expected.fort.15,12742,deb08b15975a9a46815aea7e2d6673404cd825b126a34089b286d1e19035ca0b
t/control/control_file_gen.pl/test008.expected.run-control.properties,2531,836c73e44d2f21ead3d79a12eb7c494ce956cb24c517263107d5e4e1f11f80cd
t/control/control_file_gen.pl/test008.expected.syslog.log,1425,2c3ac7e1ac8a54b8a9db8f9db4975020590ab0542af3ae6a6f70b76eb0457c45
t/control/control_file_gen.pl/test_control_file_gen.sh,5517,23a444d3de588bd37a81f02b9f8b65e244aba198732534e69f51eb0b72742bca
t/control/generateDynamicInput.sh/.gitignore,94,84ceb64d621a449237ecaafe7b25f284cbb95e91a18dd769c144e84dfae1e0b2
t/control/generateDynamicInput.sh/011,55581,d4b2e80767f61aba1df69e4ebcf8fdd1fe10bb6d6a7888518cded19d04f24e37
t/control/generateDynamicInput.sh/test.sh,3789,cc08eab4ffbffe49f639c8f890c69418bfa42c936f896ddda8fd820c66da2367
t/control/generateDynamicInput.sh/test001.config.sh,1105,00557200ecafd282d0b6c07eb549b2bf07ce5f031dde02917741cb3efdf41284
t/control/generateDynamicInput.sh/test001.expected.nowcast.control_parameters.yaml,6544,29715ad79a37d33162cc66a4f21efd2df844573ce384376f3910daf3d306cfd3
t/control/generateDynamicInput.sh/test001.expected.nowcast.fort.15,14417,0d07d2fa39c7bbd3dfcc1b633fa2591e9ed083c588755b993c16fd9a941c0494
t/control/generateDynamicInput.sh/test001.expected.nowcast.run-control.properties,3213,099fbc399b38f1b7e8d7b5ffb53197fcdc9b832f1e595c06e5ac90290fbcd82b
t/control/generateDynamicInput.sh/test001.expected.scenario.log,364,da715ecbf583e2da9e4a7e23c3dd56187b07f008269ad4295e2809a1afdf1970
t/control/generateDynamicInput.sh/test001.expected.syslog.log,1710,3f66657ba1204d329fe25575425bdc995d21c8f29a833a3ffdbc6a10f76e8218
t/control/generateDynamicInput.sh/test001.expected.tide_fac.out,224,fc5c9edc5b4f4292d314aa5a2a28f20ba81bc8659eff7b04d19160c838f889fa
t/control/generateDynamicInput.sh/test002.config.sh,1259,36467033a18c527b85d8d728cd8f4744f77a12fa5ec71cddb0d936f35e3d0d0b
t/control/generateDynamicInput.sh/test002.expected.fort.13,500,240bb5df5f2a673f144ba7b15d0998c617e5a7bbab142f6720933653e704d966
t/control/generateDynamicInput.sh/test002.expected.nowcast.control_parameters.yaml,6568,6fbe8ef775a23e3ee26772c9be7e5748ac1ff18592d232d52992e7059fb345b5
t/control/generateDynamicInput.sh/test002.expected.nowcast.fort.15,51691,483f66c47873c38a9ab3d67c79b7da57aaab0adcdc6a4145b97aa2f723cf23f4
t/control/generateDynamicInput.sh/test002.expected.nowcast.run-control.properties,3213,2a2d7654e1da8dae256f33809aeb75b01401bb0b2936411a5c72bb1bdc9030cd
t/control/generateDynamicInput.sh/test002.expected.scenario.log,364,da715ecbf583e2da9e4a7e23c3dd56187b07f008269ad4295e2809a1afdf1970
t/control/generateDynamicInput.sh/test002.expected.syslog.log,1913,93a6fe2955c3db69f8ea9ad22fe17e98d3621d8fbb09c0fada72818b2b97c8da
t/control/generateDynamicInput.sh/test002.expected.tide_fac.out,224,fc5c9edc5b4f4292d314aa5a2a28f20ba81bc8659eff7b04d19160c838f889fa
t/control/generateDynamicInput.sh/test003.config.sh,1285,33507c5fc2400883939836d7f007dee9f602736552dafeffa6ccb4fb27a1f214
t/control/generateDynamicInput.sh/test003.expected.fort.13,505,2efc4ccd5757fdf7feba7b924ffaa384b829b715c39716e491492078cba43aa3
t/control/generateDynamicInput.sh/test003.expected.nowcast.control_parameters.yaml,6859,c161d8d51f5742ffbc4f45ac7a6fb746931e71e6515aafb11f5276c3c550b285
t/control/generateDynamicInput.sh/test003.expected.nowcast.fort.15,49786,e62b7bf73dc7b0c210896e234c6dc664861b3df9ba903463d63670c978e3cdf6
t/control/generateDynamicInput.sh/test003.expected.nowcast.run-control.properties,3214,08830affa3ac8779b2240f04527a2020bf5e971bbc2b805486eb7104dbbd6c33
t/control/generateDynamicInput.sh/test003.expected.scenario.log,364,cbf81f9f6f43be893c427214910025a3013459be5db2c08c90f813db1adfac18
t/control/generateDynamicInput.sh/test003.expected.syslog.log,1913,93a6fe2955c3db69f8ea9ad22fe17e98d3621d8fbb09c0fada72818b2b97c8da
t/control/generateDynamicInput.sh/test003.expected.tide_fac.out,224,fe8ea3570e8bb33afa6b3cd6b4817362d51b51afe7ca089f98281ca00c4ac1b6
t/control/generateDynamicInput.sh/test004.config.sh,1347,e1a9c1a43770fdcb96aecdaec88d28719be284e82404814f2dfcf2e1f28ac5d6
t/control/generateDynamicInput.sh/test004.expected.fort.13,505,2efc4ccd5757fdf7feba7b924ffaa384b829b715c39716e491492078cba43aa3
t/control/generateDynamicInput.sh/test004.expected.nowcast.control_parameters.yaml,6839,f32eb63fab34912a7467c654d97c0cb68c72e0b7b21af198f69944c3b8ca01fb
t/control/generateDynamicInput.sh/test004.expected.nowcast.fort.15,49792,1c116676e2fbeca73a9cfe0ab9db19f5f025de844889c017362fd9d41c55c376
t/control/generateDynamicInput.sh/test004.expected.nowcast.run-control.properties,2006,5c242b1c3b728d5ff2b16d53da5b07b215c40ac1550941e705615ea54a1902fc
t/control/generateDynamicInput.sh/test004.expected.scenario.log,364,cbf81f9f6f43be893c427214910025a3013459be5db2c08c90f813db1adfac18
t/control/generateDynamicInput.sh/test004.expected.syslog.log,1913,93a6fe2955c3db69f8ea9ad22fe17e98d3621d8fbb09c0fada72818b2b97c8da
t/control/generateDynamicInput.sh/test004.expected.tide_fac.out,224,fe8ea3570e8bb33afa6b3cd6b4817362d51b51afe7ca089f98281ca00c4ac1b6
t/control/generateDynamicInput.sh/test005.config.sh,1545,d193336b32f39a98ae704c2d6c78b093ba132a5d4c323efb2b4bee01db8934a5
t/control/generateDynamicInput.sh/test005.expected.fort.13,505,2efc4ccd5757fdf7feba7b924ffaa384b829b715c39716e491492078cba43aa3
t/control/generateDynamicInput.sh/test005.expected.fort.26,4395,39542d94797e53f27f5830314607bf32fec034e490bc8df5ff52a361326327b6
t/control/generateDynamicInput.sh/test005.expected.nowcast.control_parameters.yaml,6838,192e73a37c97da74afd443840b048ecdcf5d8cbc1b0b98298bb57be6ef0bbae3
t/control/generateDynamicInput.sh/test005.expected.nowcast.fort.15,49798,39769faaa31fd49c81b413f03228f9dc32d054d89b1000e11756418ae55201e8
t/control/generateDynamicInput.sh/test005.expected.nowcast.run-control.properties,2012,337cb182f2659c4df5604b3dd58e14c6a8576f5297a8b624cdf7201e989a4985
t/control/generateDynamicInput.sh/test005.expected.scenario.log,364,cbf81f9f6f43be893c427214910025a3013459be5db2c08c90f813db1adfac18
t/control/generateDynamicInput.sh/test005.expected.syslog.log,2067,c36f83455420fb8c0c007f141f2dc49274a633910f44a578fe33346fbd158a66
t/control/generateDynamicInput.sh/test005.expected.tide_fac.out,224,fe8ea3570e8bb33afa6b3cd6b4817362d51b51afe7ca089f98281ca00c4ac1b6
t/control/generateDynamicInput.sh/test006.config.sh,1294,3f7760fbb5781b4db8d0036f47f152c83e104f70f8a881e4f8b4ddb130317b52
t/control/generateDynamicInput.sh/test006.expected.fort.13,505,2efc4ccd5757fdf7feba7b924ffaa384b829b715c39716e491492078cba43aa3
t/control/generateDynamicInput.sh/test006.expected.nowcast.control_parameters.yaml,6857,9fb4ded86188fac8d4244c0c078dff3c874b21ba974587d16f23290cb3b39ddc
t/control/generateDynamicInput.sh/test006.expected.nowcast.fort.15,49783,cd1e1ca4c2bbbb414342b6dee1c93f442222e0a0ebf06580fa93b57cd03cf2c7
t/control/generateDynamicInput.sh/test006.expected.nowcast.run-control.properties,3285,d2ee11d6a5b5fc7813d54a7b12a27622e29c9cc65542f83db523cc9658be0c0e
t/control/generateDynamicInput.sh/test006.expected.scenario.log,364,cbf81f9f6f43be893c427214910025a3013459be5db2c08c90f813db1adfac18
t/control/generateDynamicInput.sh/test006.expected.syslog.log,1913,93a6fe2955c3db69f8ea9ad22fe17e98d3621d8fbb09c0fada72818b2b97c8da
t/control/generateDynamicInput.sh/test006.expected.tide_fac.out,224,fe8ea3570e8bb33afa6b3cd6b4817362d51b51afe7ca089f98281ca00c4ac1b6
t/control/generateDynamicInput.sh/test007.config.sh,1448,f6307cef16de081148b90354e8b1ef6aabbde18ac2388b7c03e8983dad4641d7
t/control/generateDynamicInput.sh/test007.expected.fort.13,505,2efc4ccd5757fdf7feba7b924ffaa384b829b715c39716e491492078cba43aa3
t/control/generateDynamicInput.sh/test007.expected.nowcast.control_parameters.yaml,6872,ccf77ac456ebd09e51805d54afeb50cd0646aa3d8646e8aba627b1bd10ed13a5
t/control/generateDynamicInput.sh/test007.expected.nowcast.fort.15,49783,2563becaed48c750971935ffe0efcca579ac234d9780fddafa179ae8a3565454
t/control/generateDynamicInput.sh/test007.expected.nowcast.run-control.properties,3285,9730524edf366dbe26e49ca379b891bf45377c1bc952976d8f8f7c755954cbee
t/control/generateDynamicInput.sh/test007.expected.scenario.log,364,cbf81f9f6f43be893c427214910025a3013459be5db2c08c90f813db1adfac18
t/control/generateDynamicInput.sh/test007.expected.syslog.log,1913,93a6fe2955c3db69f8ea9ad22fe17e98d3621d8fbb09c0fada72818b2b97c8da
t/control/generateDynamicInput.sh/test007.expected.tide_fac.out,224,fe8ea3570e8bb33afa6b3cd6b4817362d51b51afe7ca089f98281ca00c4ac1b6
t/control/generateDynamicInput.sh/test008.config.sh,2617,2110c98f0cc031b547e0b593bab4de79efef9e6e2dc4f35c0ffebf9d4169deb1
t/control/generateDynamicInput.sh/test008.expected.fort.13,353,cf6df89e67b00d5145806f5aa44e3cf4fdea5b138d764a0ba57bcd29e7868478
t/control/generateDynamicInput.sh/test008.expected.nowcast.control_parameters.yaml,6527,5bbb5718b6c063b66202028bfc012425ad7c96603da7e220756a57d518116474
t/control/generateDynamicInput.sh/test008.expected.nowcast.fort.15,12750,7414aa20a4418478a55243187c69f5466f89686697fad8f74dd75971ca8a51ca
t/control/generateDynamicInput.sh/test008.expected.nowcast.run-control.properties,2531,836c73e44d2f21ead3d79a12eb7c494ce956cb24c517263107d5e4e1f11f80cd
t/control/generateDynamicInput.sh/test008.expected.scenario.log,364,da715ecbf583e2da9e4a7e23c3dd56187b07f008269ad4295e2809a1afdf1970
t/control/generateDynamicInput.sh/test008.expected.syslog.log,1908,412539264fb79dfcd9d6e6fb84d5a11e61d937de0eacc49f9c95194578cd8b09
t/control/generateDynamicInput.sh/test008.expected.tide_fac.out,224,fc5c9edc5b4f4292d314aa5a2a28f20ba81bc8659eff7b04d19160c838f889fa
t/control/generateDynamicInput.sh/test009.config.sh,1254,4bc586d788495e514371340ba8a1c962fbede1e2a88ea834fadbdd56a02efc21
t/control/generateDynamicInput.sh/test009.expected.fort.13,353,cf6df89e67b00d5145806f5aa44e3cf4fdea5b138d764a0ba57bcd29e7868478
t/control/generateDynamicInput.sh/test009.expected.nowcast.control_parameters.yaml,6635,48dd62c601d73afefebc91897fbb82ee3ee94cad23ac23ec843ba64b172d54d9
t/control/generateDynamicInput.sh/test009.expected.nowcast.fort.15,12448,3864bc99da1342479c32e7cec970307de0d3a43780e00600a6a75c955db9b201
t/control/generateDynamicInput.sh/test009.expected.nowcast.run-control.properties,3212,4fe3d5cb0903968d9493c6a5a67e5a785d6a2bb9674c0e5aa40c34b1f70227ea
t/control/generateDynamicInput.sh/test009.expected.scenario.log,364,da715ecbf583e2da9e4a7e23c3dd56187b07f008269ad4295e2809a1afdf1970
t/control/generateDynamicInput.sh/test009.expected.syslog.log,3524,3509d898266f65eae8184a001aaa228adc57fe2e1331bb27089a10f021016cbb
t/control/generateDynamicInput.sh/test009.expected.tide_fac.out,224,fc5c9edc5b4f4292d314aa5a2a28f20ba81bc8659eff7b04d19160c838f889fa
t/control/generateDynamicInput.sh/test009.expected.wind10m.control_parameters.yaml,6634,e2ee518d84e1c86b180b8753e139f415512253129f8e9beeab3b1910e81ec3b7
t/control/generateDynamicInput.sh/test009.expected.wind10m.fort.15,12455,46239fe1f7864d5387190bea9be8b5ebf87094618553d6e8bb19de0092d6c0e3
t/control/generateDynamicInput.sh/test009.expected.wind10m.run-control.properties,1970,2c9ed79b29464dccbd1d1e385dcb942677a15f44b37fc4f2b44069f20e9cad49
t/control/generateDynamicInput.sh/test010.config.sh,1242,2b7254b150bc5b0202d5d2c5ff50fce1b46dbaf1a46aab21056e24ff4a3d6070
t/control/generateDynamicInput.sh/test010.expected.fort.13,505,2efc4ccd5757fdf7feba7b924ffaa384b829b715c39716e491492078cba43aa3
t/control/generateDynamicInput.sh/test010.expected.nowcast.control_parameters.yaml,6859,c04be988d6a3bd694c8066d3fa9f2948ababf74548ce42d879d7c4cd7fa58842
t/control/generateDynamicInput.sh/test010.expected.nowcast.fort.15,49786,e5d6b7b3ba07deeac190e5e3bd8c00054b12a953248e237699e52eb2341f9dda
t/control/generateDynamicInput.sh/test010.expected.nowcast.run-control.properties,3214,08830affa3ac8779b2240f04527a2020bf5e971bbc2b805486eb7104dbbd6c33
t/control/generateDynamicInput.sh/test010.expected.scenario.log,364,cbf81f9f6f43be893c427214910025a3013459be5db2c08c90f813db1adfac18
t/control/generateDynamicInput.sh/test010.expected.syslog.log,3534,f3eb275b34eac7d5f0a2ad037ff967fc5539c3cb9f1f83adafd905bb8cadd783
t/control/generateDynamicInput.sh/test010.expected.tide_fac.out,224,fe8ea3570e8bb33afa6b3cd6b4817362d51b51afe7ca089f98281ca00c4ac1b6
t/control/generateDynamicInput.sh/test010.expected.wind10m.control_parameters.yaml,6730,8d82250af1e9c3b8184113819c9d4b61a688ed9e6ae062bfaa728bad756d245f
t/control/generateDynamicInput.sh/test010.expected.wind10m.fort.15,49689,8b031ca45ab1c3873474e64165e53e0ad7cb44bf60f29d8aecac109e75466f25
t/control/generateDynamicInput.sh/test010.expected.wind10m.run-control.properties,1971,a380a1d812e5cb8d8b05362c800bf37b2ac9172a2b81670231bcc9240a9b06a1
t/control/generateDynamicInput.sh/test011.config.sh,1278,4e5e62e21f229f63097b98ef6e4446c65433e2be55904e66bc2a4b5a9293ee89
t/control/generateDynamicInput.sh/test011.expected.fort.13,353,cf6df89e67b00d5145806f5aa44e3cf4fdea5b138d764a0ba57bcd29e7868478
t/control/generateDynamicInput.sh/test011.expected.fort.26,4904,cbcaf70f2acc1d9ff7ba37d05f29c131d720baaf6fb2219f9cced64b072a3d78
t/control/generateDynamicInput.sh/test011.expected.nowcast.control_parameters.yaml,6634,709b17a13723194301fb92f8ffd743f8d0bf9ce7e23b16d6cc6a2e85963d2c60
t/control/generateDynamicInput.sh/test011.expected.nowcast.fort.15,12448,4918f0c4ab2bcf995fcf3c180734dfc3e5156019858abd85ab86b9e524c9df57
t/control/generateDynamicInput.sh/test011.expected.nowcast.run-control.properties,4640,19704082ce3c0f9cc923fa9e5915e71babd557f26e23013c54568c38eac090a6
t/control/generateDynamicInput.sh/test011.expected.scenario.log,364,da715ecbf583e2da9e4a7e23c3dd56187b07f008269ad4295e2809a1afdf1970
t/control/generateDynamicInput.sh/test011.expected.syslog.log,3678,e6622a0350efaf26db2cc0156f537caff3bf0ba3b2f8eba490e634df3fe86314
t/control/generateDynamicInput.sh/test011.expected.tide_fac.out,224,fc5c9edc5b4f4292d314aa5a2a28f20ba81bc8659eff7b04d19160c838f889fa
t/control/generateDynamicInput.sh/test011.expected.wind10m.control_parameters.yaml,6633,f10d09b301343ff87f1c4d6afc42aa11897de22c3d5e94cea2995a7222e9eb5f
t/control/generateDynamicInput.sh/test011.expected.wind10m.fort.15,12455,9600bca4a538d6fad424228e03c58fb097124d12f6b2f4714e7fbceb145a3f96
t/control/generateDynamicInput.sh/test011.expected.wind10m.run-control.properties,1970,2c9ed79b29464dccbd1d1e385dcb942677a15f44b37fc4f2b44069f20e9cad49
t/control/generateDynamicInput.sh/test012.config.sh,1268,5c5d39208e7fea9ffec03297617e24e11e12946edb01aed4e5a02ba3434883a1
t/control/generateDynamicInput.sh/test012.expected.fort.13,505,2efc4ccd5757fdf7feba7b924ffaa384b829b715c39716e491492078cba43aa3
t/control/generateDynamicInput.sh/test012.expected.fort.26,4379,2d452b90ff29ef976dad1325e7adc1ef876f1ed50352fac32d69bebab788287e
t/control/generateDynamicInput.sh/test012.expected.nowcast.control_parameters.yaml,6858,708079f694c14b02174d73ce8ad1585aa33563961db5dc4a5fd794476a3de16b
t/control/generateDynamicInput.sh/test012.expected.nowcast.fort.15,49786,8c41a366955f34f7f1a14d0e503ddcbe91c782be0b84ba8daa4708b0f58822cf
t/control/generateDynamicInput.sh/test012.expected.nowcast.run-control.properties,4642,16211d9abc26df063f6484ed4493afb9127151052154fdd327954a4e64959bc2
t/control/generateDynamicInput.sh/test012.expected.scenario.log,364,cbf81f9f6f43be893c427214910025a3013459be5db2c08c90f813db1adfac18
t/control/generateDynamicInput.sh/test012.expected.syslog.log,3688,d97e39ffd5c87482717b012db643f69354e3a3af14b5e63029e72f5a7390c5e0
t/control/generateDynamicInput.sh/test012.expected.tide_fac.out,224,fe8ea3570e8bb33afa6b3cd6b4817362d51b51afe7ca089f98281ca00c4ac1b6
t/control/generateDynamicInput.sh/test012.expected.wind10m.control_parameters.yaml,6729,5f5b6d77645ba95f25cb1d8a1170200d1fbf7452db47ea1e6acfa72ee55da716
t/control/generateDynamicInput.sh/test012.expected.wind10m.fort.15,49689,940c82473c84e1d0ba02f69023da3505a38da1963964d81bbd5007f3719cf24e
t/control/generateDynamicInput.sh/test012.expected.wind10m.run-control.properties,1971,a380a1d812e5cb8d8b05362c800bf37b2ac9172a2b81670231bcc9240a9b06a1
t/control/generateDynamicInput.sh/test013.config.sh,1066,ac846aed7c1e0c4016a0ae74842f7b58fd310936fd82c5a0a3491b90b1e70aed
t/control/generateDynamicInput.sh/test013.expected.fort.13,505,2efc4ccd5757fdf7feba7b924ffaa384b829b715c39716e491492078cba43aa3
t/control/generateDynamicInput.sh/test013.expected.hindcast.control_parameters.yaml,6852,afaeb0908174ae9e84035efda029cb3b8c001167b0428bb01915dac9aec0da69
t/control/generateDynamicInput.sh/test013.expected.hindcast.fort.15,47085,16eaed6e26405d9f081683149c435e3e17c73d5d8e2b45ab5e0921fe7052a1b1
t/control/generateDynamicInput.sh/test013.expected.hindcast.run-control.properties,2302,0d7969bb8c06e5459e9924864d558a7e825da6708ee5db21ce1806a1173f6d19
t/control/generateDynamicInput.sh/test013.expected.scenario.log,365,a634cf59927e855e28310bef2fb1fd1f409323af007d66470e5916e01384f46d
t/control/generateDynamicInput.sh/test013.expected.syslog.log,1892,d4a5d9e5e3276f905590154ffb19eda730e459611597d3e5ac4c9c94de904be0
t/control/generateDynamicInput.sh/test013.expected.tide_fac.out,224,92b16f8107dab3bcc4cb3f6fd285de1ad0dec7f366ef8fcdd95b4b5a35c97402
t/meteorology/test_get_rrfs.sh,1576,a707e68a6d3c3924e321107c59398c13fe0895dd4dba7b8d3723822cf7edde63
t/meteorology/vortex/get_atcf.pl/test.sh,3350,156cc8d97b70b6db4305b16c0bbe697da55fab8460f9545a98d016a4ad9e7b39
t/meteorology/vortex/get_atcf.pl/test001.expected.stderr,271,a46b62e8d361ed7a0247811786ce6ad40286ea74654a1b4c70018335fbd9c143
t/meteorology/vortex/get_atcf.pl/test001.expected.stdout,0,e3b0c44298fc1c149afbf4c8996fb92427ae41e4649b934ca495991b7852b855
t/meteorology/vortex/get_atcf.pl/test002.expected.stderr,271,a46b62e8d361ed7a0247811786ce6ad40286ea74654a1b4c70018335fbd9c143
t/meteorology/vortex/get_atcf.pl/test002.expected.stdout,0,e3b0c44298fc1c149afbf4c8996fb92427ae41e4649b934ca495991b7852b855
t/meteorology/vortex/get_atcf.pl/test003.expected.stderr,271,a46b62e8d361ed7a0247811786ce6ad40286ea74654a1b4c70018335fbd9c143
t/meteorology/vortex/get_atcf.pl/test003.expected.stdout,0,e3b0c44298fc1c149afbf4c8996fb92427ae41e4649b934ca495991b7852b855
t/meteorology/vortex/get_atcf.pl/test004.expected.stderr,271,a46b62e8d361ed7a0247811786ce6ad40286ea74654a1b4c70018335fbd9c143
t/meteorology/vortex/get_atcf.pl/test004.expected.stdout,0,e3b0c44298fc1c149afbf4c8996fb92427ae41e4649b934ca495991b7852b855
t/meteorology/vortex/get_atcf.pl/test005.expected.stderr,110,3659c3b082ea7adde7e4a9a76fa1cad68b17ca6951906e239dda38edbd5e5269
t/meteorology/vortex/get_atcf.pl/test005.expected.stdout,0,e3b0c44298fc1c149afbf4c8996fb92427ae41e4649b934ca495991b7852b855
t/meteorology/vortex/get_atcf.pl/test006.expected.stderr,110,3659c3b082ea7adde7e4a9a76fa1cad68b17ca6951906e239dda38edbd5e5269
t/meteorology/vortex/get_atcf.pl/test006.expected.stdout,0,e3b0c44298fc1c149afbf4c8996fb92427ae41e4649b934ca495991b7852b855
t/meteorology/vortex/get_atcf.pl/test007.expected.stderr,110,3659c3b082ea7adde7e4a9a76fa1cad68b17ca6951906e239dda38edbd5e5269
t/meteorology/vortex/get_atcf.pl/test007.expected.stdout,0,e3b0c44298fc1c149afbf4c8996fb92427ae41e4649b934ca495991b7852b855
t/meteorology/vortex/get_atcf.pl/test008.expected.stderr,110,3659c3b082ea7adde7e4a9a76fa1cad68b17ca6951906e239dda38edbd5e5269
t/meteorology/vortex/get_atcf.pl/test008.expected.stdout,0,e3b0c44298fc1c149afbf4c8996fb92427ae41e4649b934ca495991b7852b855
t/meteorology/vortex/get_atcf.pl/test009.expected.stderr,271,a46b62e8d361ed7a0247811786ce6ad40286ea74654a1b4c70018335fbd9c143
t/meteorology/vortex/get_atcf.pl/test009.expected.stdout,0,e3b0c44298fc1c149afbf4c8996fb92427ae41e4649b934ca495991b7852b855
t/meteorology/vortex/get_atcf.pl/test010.expected.stderr,271,a46b62e8d361ed7a0247811786ce6ad40286ea74654a1b4c70018335fbd9c143
t/meteorology/vortex/get_atcf.pl/test010.expected.stdout,0,e3b0c44298fc1c149afbf4c8996fb92427ae41e4649b934ca495991b7852b855
t/meteorology/vortex/get_atcf.pl/test011.expected.stderr,271,a46b62e8d361ed7a0247811786ce6ad40286ea74654a1b4c70018335fbd9c143
t/meteorology/vortex/get_atcf.pl/test011.expected.stdout,0,e3b0c44298fc1c149afbf4c8996fb92427ae41e4649b934ca495991b7852b855
t/meteorology/vortex/get_atcf.pl/test012.expected.stderr,271,a46b62e8d361ed7a0247811786ce6ad40286ea74654a1b4c70018335fbd9c143
t/meteorology/vortex/get_atcf.pl/test012.expected.stdout,0,e3b0c44298fc1c149afbf4c8996fb92427ae41e4649b934ca495991b7852b855
t/meteorology/vortex/get_atcf.pl/test013.expected.stderr,198,e1cbf7d34f643e5dcc349ed02d170667232b33348a53de48fc749116e0fea598
t/meteorology/vortex/get_atcf.pl/test013.expected.stdout,2,938db8c9f82c8cb58d3f3ef4fd250036a48d26a712753d2fde5abd03a85cabf4
t/meteorology/vortex/get_atcf.pl/test014.expected.stderr,198,e1cbf7d34f643e5dcc349ed02d170667232b33348a53de48fc749116e0fea598
t/meteorology/vortex/get_atcf.pl/test014.expected.stdout,2,938db8c9f82c8cb58d3f3ef4fd250036a48d26a712753d2fde5abd03a85cabf4
t/meteorology/vortex/get_atcf.pl/test015.expected.stderr,198,e1cbf7d34f643e5dcc349ed02d170667232b33348a53de48fc749116e0fea598
t/meteorology/vortex/get_atcf.pl/test015.expected.stdout,2,938db8c9f82c8cb58d3f3ef4fd250036a48d26a712753d2fde5abd03a85cabf4
t/meteorology/vortex/get_atcf.pl/test016.expected.stderr,198,e1cbf7d34f643e5dcc349ed02d170667232b33348a53de48fc749116e0fea598
t/meteorology/vortex/get_atcf.pl/test016.expected.stdout,2,938db8c9f82c8cb58d3f3ef4fd250036a48d26a712753d2fde5abd03a85cabf4
t/meteorology/vortex/get_atcf.pl/yesfdir/index-at.xml,3597,32e460fb20946acf6901f10866232d474a07826c27a876b1e6b50c79b81ef37a
t/meteorology/vortex/get_atcf.pl/yeshdir/bal182012.dat,165,7e83168ac012fc1ddb33a0114e28ba38ca9f151ad9b284228a8fce9ea8effcb2
t/meteorology/vortex/nhc_advisory_bot.pl/test.sh,1078,625b2ba17672ae9fd32b88328d95a6314df2d16c650c3f9990d3eceab59adfb1
t/meteorology/vortex/nhc_advisory_bot.pl/test001.expected.ofcl.fst,4416,21d63975fd40193e653434a18b1365e92caf7cd91e1ffcbc29cbd6c76c72ba81
t/meteorology/vortex/nhc_advisory_bot.pl/test001.expected.run.properties,514,663e33e35c010bfb705b0f3a59b09749fb8e84ef3ebb54f30b812f920835cba7
t/meteorology/vortex/nhc_advisory_bot.pl/test001.expected.stderr,631,ef4dd07eb597742dac359fde41020e7fa695eef353830ab870d5d5ac79dfc5ce
t/meteorology/vortex/nhc_advisory_bot.pl/test001.input.06.al022024.beryl.txt,2323,d5a1772ff43d3ffac4f9783d51193649039b00ad1ffe2b5b2e9d363d49c32205
t/meteorology/vortex/nhc_advisory_bot.pl/test002.expected.ofcl.fst,1728,a8d4387971b18a94c7763d8f04ac570d356b69f98de15a5a89d74921e083a3ed
t/meteorology/vortex/nhc_advisory_bot.pl/test002.expected.run.properties,514,7f361e2789f98827e1b2d2f56a83e0c52491f0b811e3c00f73970f8e8d0b78c3
t/meteorology/vortex/nhc_advisory_bot.pl/test002.expected.stderr,631,ef4dd07eb597742dac359fde41020e7fa695eef353830ab870d5d5ac79dfc5ce
t/meteorology/vortex/nhc_advisory_bot.pl/test002.input.06.al022024.beryl.txt,1306,e2b5bd8fded57069d8bd5899d6066a638c62370bcbebaeb9977c21a0ca49cf3d
t/meteorology/vortex/storm_track_gen.pl/.gitignore,23,b9f321a670e9c5e59cafaf4124145d92e3faf01fb7f566571cd37799fbd2e2fb
t/meteorology/vortex/storm_track_gen.pl/input001.arg001.expected.fort.22,28653,7fd3cd89b9ff2e9cbe5d5de1234c6f3fd0526c9d99c2cb8d7eec161882711d6d
t/meteorology/vortex/storm_track_gen.pl/input001.arg001.expected.run.properties,530,380dfe8d6ea1b9c9234d87cc36c2282fea4d98dc283f29cff70d083e635fc559
t/meteorology/vortex/storm_track_gen.pl/input001.arg001.expected.syslog.log,2485,081068237604bdcdf3f1f98d075e323c9cf334d15852664be39a0f739a838729
t/meteorology/vortex/storm_track_gen.pl/input001.arg002.expected.fort.22,28653,7fd3cd89b9ff2e9cbe5d5de1234c6f3fd0526c9d99c2cb8d7eec161882711d6d
t/meteorology/vortex/storm_track_gen.pl/input001.arg002.expected.run.properties,530,380dfe8d6ea1b9c9234d87cc36c2282fea4d98dc283f29cff70d083e635fc559
t/meteorology/vortex/storm_track_gen.pl/input001.arg002.expected.syslog.log,2485,081068237604bdcdf3f1f98d075e323c9cf334d15852664be39a0f739a838729
t/meteorology/vortex/storm_track_gen.pl/input001.arg003.expected.fort.22,4104,ca046c880417bb8d28372b2f0048d5ff5ff10ff3c0dab075343bb0882bc6dad8
t/meteorology/vortex/storm_track_gen.pl/input001.arg003.expected.run.properties,530,f146a933fb050cb6a33b0ce681ff116b5c24774c7d2a4b9cc8048dd913613306
t/meteorology/vortex/storm_track_gen.pl/input001.arg003.expected.syslog.log,1321,ddb160f2e9e09d043dbae7a6b698b4918d0a812cab59c764b38cad0916bed225
t/meteorology/vortex/storm_track_gen.pl/input001.arg004.expected.fort.22,5400,33985c94f974b837998254f55ed05c8b7e0a4f74c3e571861610110b1e65d1e6
t/meteorology/vortex/storm_track_gen.pl/input001.arg004.expected.run.properties,530,604fb508d4fd595d4a1facfe6211e66d4a418d20db9c8c6454948bbc1b1ef5cf
t/meteorology/vortex/storm_track_gen.pl/input001.arg004.expected.syslog.log,1321,e7bd91c746fd2f38eceb9e7d2b78dbf8dcf3011d7d156d6639e8a2288a96b1ee
t/meteorology/vortex/storm_track_gen.pl/input001/al112017.fst,3456,7cb91d3632577fe0cbf904588c61b1aee81daaa2cf13c58880bcd2d0b14210a8
t/meteorology/vortex/storm_track_gen.pl/input001/bal112017.dat,25629,a17f4742afe58ee9829c5855898ec29755269a185127fcef14665252c89d6364
t/meteorology/vortex/storm_track_gen.pl/input001/run.properties,183,e7481ff9d9263ac49b8ab73f48b681f230994dd5ebefddfcdb5e94d4f46b80b6
t/meteorology/vortex/storm_track_gen.pl/input002.arg001.expected.fort.22,25197,20eac49a5e441ac680a8764a027e29ddbacb7c3dfb6c3d11561defb6f3bf0267
t/meteorology/vortex/storm_track_gen.pl/input002.arg001.expected.run.properties,388,50013c0f801f2a2637b45dd92c0676c8b9bbf37fca0aa3d20d5f757f3706b5d6
t/meteorology/vortex/storm_track_gen.pl/input002.arg001.expected.syslog.log,1562,91bdd6bd73d65043fe420856cc9207416ac25c3661d1b47b985dff24496a5f09
t/meteorology/vortex/storm_track_gen.pl/input002.arg002.expected.fort.22,25197,20eac49a5e441ac680a8764a027e29ddbacb7c3dfb6c3d11561defb6f3bf0267
t/meteorology/vortex/storm_track_gen.pl/input002.arg002.expected.run.properties,388,50013c0f801f2a2637b45dd92c0676c8b9bbf37fca0aa3d20d5f757f3706b5d6
t/meteorology/vortex/storm_track_gen.pl/input002.arg002.expected.syslog.log,1562,91bdd6bd73d65043fe420856cc9207416ac25c3661d1b47b985dff24496a5f09
t/meteorology/vortex/storm_track_gen.pl/input002.arg003.expected.fort.22,648,11df09a8a1ad2366d4a0db999d608381cd75da69703fecc3602b03cc5e3d2c14
t/meteorology/vortex/storm_track_gen.pl/input002.arg003.expected.run.properties,388,5e8e278559ed4642aefef037b703e960749590d39b811d4fddbc00f8edda02f1
t/meteorology/vortex/storm_track_gen.pl/input002.arg003.expected.syslog.log,401,c8efca8625680c3d5026b46afaf38db3428e3779ff7611436c44a551f752ab0d
t/meteorology/vortex/storm_track_gen.pl/input002.arg004.expected.fort.22,1944,8c7dc9e48f9f10bff04223a2d47a0c6820180dd26361f3f6f96693fbb985f9e9
t/meteorology/vortex/storm_track_gen.pl/input002.arg004.expected.run.properties,388,2da46d2e80037d9d38be2fe6fb4bfa298c99ab2241cd6f0313e813cd10b5682e
t/meteorology/vortex/storm_track_gen.pl/input002.arg004.expected.syslog.log,401,be500719bb3b4c6e24d7b5b9fd311094c0aeb1a0e30876d897e47a114c9cb6cc
t/meteorology/vortex/storm_track_gen.pl/input002/bal112017.dat,25629,a17f4742afe58ee9829c5855898ec29755269a185127fcef14665252c89d6364
t/meteorology/vortex/storm_track_gen.pl/input002/run.properties,183,e7481ff9d9263ac49b8ab73f48b681f230994dd5ebefddfcdb5e94d4f46b80b6
t/meteorology/vortex/storm_track_gen.pl/input003.arg001.expected.fort.22,3456,2bba77fcb08b40221041da70016e580bede41ce14e75574fb87c69dbf6af427a
t/meteorology/vortex/storm_track_gen.pl/input003.arg001.expected.run.properties,379,2d89979dedbb8d5481b4e8376d9f2f7a29048d2b6bc64ac866401bcb0d84177f
t/meteorology/vortex/storm_track_gen.pl/input003.arg001.expected.syslog.log,1937,208feeffd230c66b600bf3df54ba955fc06ba5787081f7b04a4d577470c4f3af
t/meteorology/vortex/storm_track_gen.pl/input003.arg002.expected.fort.22,3456,2bba77fcb08b40221041da70016e580bede41ce14e75574fb87c69dbf6af427a
t/meteorology/vortex/storm_track_gen.pl/input003.arg002.expected.run.properties,379,2d89979dedbb8d5481b4e8376d9f2f7a29048d2b6bc64ac866401bcb0d84177f
t/meteorology/vortex/storm_track_gen.pl/input003.arg002.expected.syslog.log,1937,208feeffd230c66b600bf3df54ba955fc06ba5787081f7b04a4d577470c4f3af
t/meteorology/vortex/storm_track_gen.pl/input003.arg003.expected.fort.22,0,e3b0c44298fc1c149afbf4c8996fb92427ae41e4649b934ca495991b7852b855
t/meteorology/vortex/storm_track_gen.pl/input003.arg003.expected.run.properties,183,e7481ff9d9263ac49b8ab73f48b681f230994dd5ebefddfcdb5e94d4f46b80b6
t/meteorology/vortex/storm_track_gen.pl/input003.arg003.expected.syslog.log,844,3aace4ae0cd0860bc7b7d8a1a0b7237f1eb55472f23109a03f1825b940598a6f
t/meteorology/vortex/storm_track_gen.pl/input003.arg004.expected.fort.22,0,e3b0c44298fc1c149afbf4c8996fb92427ae41e4649b934ca495991b7852b855
t/meteorology/vortex/storm_track_gen.pl/input003.arg004.expected.run.properties,183,e7481ff9d9263ac49b8ab73f48b681f230994dd5ebefddfcdb5e94d4f46b80b6
t/meteorology/vortex/storm_track_gen.pl/input003.arg004.expected.syslog.log,844,66712b9ac005bf8685adb7063e85eaef8dce98166e89ac1f935d5bc9c250c351
t/meteorology/vortex/storm_track_gen.pl/input003/al112017.fst,3456,7cb91d3632577fe0cbf904588c61b1aee81daaa2cf13c58880bcd2d0b14210a8
t/meteorology/vortex/storm_track_gen.pl/input003/run.properties,183,e7481ff9d9263ac49b8ab73f48b681f230994dd5ebefddfcdb5e94d4f46b80b6
t/meteorology/vortex/storm_track_gen.pl/input004.arg001.expected.run.properties,183,e7481ff9d9263ac49b8ab73f48b681f230994dd5ebefddfcdb5e94d4f46b80b6
t/meteorology/vortex/storm_track_gen.pl/input004.arg001.expected.syslog.log,496,32791faf8b86c3a10de9c0269136903909ff2245b11e8204cdb13265fe9f1fdd
t/meteorology/vortex/storm_track_gen.pl/input004.arg002.expected.run.properties,183,e7481ff9d9263ac49b8ab73f48b681f230994dd5ebefddfcdb5e94d4f46b80b6
t/meteorology/vortex/storm_track_gen.pl/input004.arg002.expected.syslog.log,496,32791faf8b86c3a10de9c0269136903909ff2245b11e8204cdb13265fe9f1fdd
t/meteorology/vortex/storm_track_gen.pl/input004.arg003.expected.run.properties,183,e7481ff9d9263ac49b8ab73f48b681f230994dd5ebefddfcdb5e94d4f46b80b6
t/meteorology/vortex/storm_track_gen.pl/input004.arg003.expected.syslog.log,496,32791faf8b86c3a10de9c0269136903909ff2245b11e8204cdb13265fe9f1fdd
t/meteorology/vortex/storm_track_gen.pl/input004.arg004.expected.run.properties,183,e7481ff9d9263ac49b8ab73f48b681f230994dd5ebefddfcdb5e94d4f46b80b6
t/meteorology/vortex/storm_track_gen.pl/input004.arg004.expected.syslog.log,496,32791faf8b86c3a10de9c0269136903909ff2245b11e8204cdb13265fe9f1fdd
t/meteorology/vortex/storm_track_gen.pl/input004/run.properties,183,e7481ff9d9263ac49b8ab73f48b681f230994dd5ebefddfcdb5e94d4f46b80b6
t/meteorology/vortex/storm_track_gen.pl/input005.arg001.expected.fort.22,28653,7fd3cd89b9ff2e9cbe5d5de1234c6f3fd0526c9d99c2cb8d7eec161882711d6d
t/meteorology/vortex/storm_track_gen.pl/input005.arg001.expected.run.properties,351,c0c6873e74ad6d17a52e539ad42d3f5e7a25c7857cdfce2d88466bd554887c9f
t/meteorology/vortex/storm_track_gen.pl/input005.arg001.expected.syslog.log,2485,3e22978f6fe7f5c0815a3095865920f58d7426d6136f1e91cbfb1daf9f8710b2
t/meteorology/vortex/storm_track_gen.pl/input005.arg002.expected.fort.22,28653,7fd3cd89b9ff2e9cbe5d5de1234c6f3fd0526c9d99c2cb8d7eec161882711d6d
t/meteorology/vortex/storm_track_gen.pl/input005.arg002.expected.run.properties,351,c0c6873e74ad6d17a52e539ad42d3f5e7a25c7857cdfce2d88466bd554887c9f
t/meteorology/vortex/storm_track_gen.pl/input005.arg002.expected.syslog.log,2485,3e22978f6fe7f5c0815a3095865920f58d7426d6136f1e91cbfb1daf9f8710b2
t/meteorology/vortex/storm_track_gen.pl/input005.arg003.expected.fort.22,4104,ca046c880417bb8d28372b2f0048d5ff5ff10ff3c0dab075343bb0882bc6dad8
t/meteorology/vortex/storm_track_gen.pl/input005.arg003.expected.run.properties,351,f2de5077d53597118ee6fd48fe4110eb6a5f4ecedfe3ab4aa18c5646a8fcc45d
t/meteorology/vortex/storm_track_gen.pl/input005.arg003.expected.syslog.log,1321,ddb160f2e9e09d043dbae7a6b698b4918d0a812cab59c764b38cad0916bed225
t/meteorology/vortex/storm_track_gen.pl/input005.arg004.expected.fort.22,5400,33985c94f974b837998254f55ed05c8b7e0a4f74c3e571861610110b1e65d1e6
t/meteorology/vortex/storm_track_gen.pl/input005.arg004.expected.run.properties,351,9868e44e10dd2a085b1c982b1ad42a2ce9f3ccbbd8d421500af6984c92a6728b
t/meteorology/vortex/storm_track_gen.pl/input005.arg004.expected.syslog.log,1321,e7bd91c746fd2f38eceb9e7d2b78dbf8dcf3011d7d156d6639e8a2288a96b1ee
t/meteorology/vortex/storm_track_gen.pl/input005/al112017.fst,3456,7cb91d3632577fe0cbf904588c61b1aee81daaa2cf13c58880bcd2d0b14210a8
t/meteorology/vortex/storm_track_gen.pl/input005/bal112017.dat,25629,a17f4742afe58ee9829c5855898ec29755269a185127fcef14665252c89d6364
t/meteorology/vortex/storm_track_gen.pl/input006.arg001.expected.fort.22,28653,7fd3cd89b9ff2e9cbe5d5de1234c6f3fd0526c9d99c2cb8d7eec161882711d6d
t/meteorology/vortex/storm_track_gen.pl/input006.arg001.expected.run.properties,530,a9c89c252295ac70baa58567253f53099493c52a53556916a920e5933ccd8a87
t/meteorology/vortex/storm_track_gen.pl/input006.arg001.expected.syslog.log,2485,9ec37e3761aa779c74401ff1118a068f3b8b4daaccfb4cdc982e5fea096dba6e
t/meteorology/vortex/storm_track_gen.pl/input006.arg002.expected.fort.22,28653,7fd3cd89b9ff2e9cbe5d5de1234c6f3fd0526c9d99c2cb8d7eec161882711d6d
t/meteorology/vortex/storm_track_gen.pl/input006.arg002.expected.run.properties,530,a9c89c252295ac70baa58567253f53099493c52a53556916a920e5933ccd8a87
t/meteorology/vortex/storm_track_gen.pl/input006.arg002.expected.syslog.log,2485,9ec37e3761aa779c74401ff1118a068f3b8b4daaccfb4cdc982e5fea096dba6e
t/meteorology/vortex/storm_track_gen.pl/input006.arg003.expected.fort.22,4104,ca046c880417bb8d28372b2f0048d5ff5ff10ff3c0dab075343bb0882bc6dad8
t/meteorology/vortex/storm_track_gen.pl/input006.arg003.expected.run.properties,530,945c5fea258d666a1fa4aaa3d0bc32a5893d02a9d714f043cf91884107690dce
t/meteorology/vortex/storm_track_gen.pl/input006.arg003.expected.syslog.log,1321,ddb160f2e9e09d043dbae7a6b698b4918d0a812cab59c764b38cad0916bed225
t/meteorology/vortex/storm_track_gen.pl/input006.arg004.expected.fort.22,5400,33985c94f974b837998254f55ed05c8b7e0a4f74c3e571861610110b1e65d1e6
t/meteorology/vortex/storm_track_gen.pl/input006.arg004.expected.run.properties,530,6b1d1c47ba4dd891b32bb6de4a0103b22d586fe9c47439811d5a4ef428fa4ce3
t/meteorology/vortex/storm_track_gen.pl/input006.arg004.expected.syslog.log,1321,e7bd91c746fd2f38eceb9e7d2b78dbf8dcf3011d7d156d6639e8a2288a96b1ee
t/meteorology/vortex/storm_track_gen.pl/input006/al112017.fst,3456,7cb91d3632577fe0cbf904588c61b1aee81daaa2cf13c58880bcd2d0b14210a8
t/meteorology/vortex/storm_track_gen.pl/input006/bal112017.dat,26277,9079550a4019effb7ccd3ff1d3904909806cb70025cac09e3d367419e2bc2705
t/meteorology/vortex/storm_track_gen.pl/input006/run.properties,183,e7481ff9d9263ac49b8ab73f48b681f230994dd5ebefddfcdb5e94d4f46b80b6
t/meteorology/vortex/storm_track_gen.pl/input007.arg001.expected.fort.22,21525,403603528368b1933d3f1d8c363d70f62bf81210f126bae3c6cc45e572cc4823
t/meteorology/vortex/storm_track_gen.pl/input007.arg001.expected.run.properties,530,d0320cfc984f585377c8eb4ff8e4dc564f39facc82852caf87408251006aa7d8
t/meteorology/vortex/storm_track_gen.pl/input007.arg001.expected.syslog.log,2485,5f69fe76bc23a42fe3ff106d3c4fa1e7b47820584bd9e67a9142de816f3d296e
t/meteorology/vortex/storm_track_gen.pl/input007.arg002.expected.fort.22,21525,403603528368b1933d3f1d8c363d70f62bf81210f126bae3c6cc45e572cc4823
t/meteorology/vortex/storm_track_gen.pl/input007.arg002.expected.run.properties,530,d0320cfc984f585377c8eb4ff8e4dc564f39facc82852caf87408251006aa7d8
t/meteorology/vortex/storm_track_gen.pl/input007.arg002.expected.syslog.log,2485,5f69fe76bc23a42fe3ff106d3c4fa1e7b47820584bd9e67a9142de816f3d296e
t/meteorology/vortex/storm_track_gen.pl/input007.arg003.expected.fort.22,0,e3b0c44298fc1c149afbf4c8996fb92427ae41e4649b934ca495991b7852b855
t/meteorology/vortex/storm_track_gen.pl/input007.arg003.expected.run.properties,183,e7481ff9d9263ac49b8ab73f48b681f230994dd5ebefddfcdb5e94d4f46b80b6
t/meteorology/vortex/storm_track_gen.pl/input007.arg003.expected.syslog.log,629,775337cd44e605ea563d59366cb050a4500ebdcf0e193bba3dc8934b6e79202b
t/meteorology/vortex/storm_track_gen.pl/input007.arg004.expected.fort.22,0,e3b0c44298fc1c149afbf4c8996fb92427ae41e4649b934ca495991b7852b855
t/meteorology/vortex/storm_track_gen.pl/input007.arg004.expected.run.properties,183,e7481ff9d9263ac49b8ab73f48b681f230994dd5ebefddfcdb5e94d4f46b80b6
t/meteorology/vortex/storm_track_gen.pl/input007.arg004.expected.syslog.log,629,53255384642efef771fda7ac9c235bff98660df04031ec8960ed73860a0ad91a
t/meteorology/vortex/storm_track_gen.pl/input007/al112017.fst,3456,7cb91d3632577fe0cbf904588c61b1aee81daaa2cf13c58880bcd2d0b14210a8
t/meteorology/vortex/storm_track_gen.pl/input007/bal112017.dat,18501,bfbbfaa092760426e69aeb553d26d6fbd1e8daab5ff6e182221558e62e27900e
t/meteorology/vortex/storm_track_gen.pl/input007/run.properties,183,e7481ff9d9263ac49b8ab73f48b681f230994dd5ebefddfcdb5e94d4f46b80b6
t/meteorology/vortex/storm_track_gen.pl/input008.arg001.expected.fort.22,3456,2bba77fcb08b40221041da70016e580bede41ce14e75574fb87c69dbf6af427a
t/meteorology/vortex/storm_track_gen.pl/input008.arg001.expected.run.properties,409,4cc87bcfc9cff39f19594572ef36c0299c68d727a1b52b20ec3ffc77d26e4b24
t/meteorology/vortex/storm_track_gen.pl/input008.arg001.expected.syslog.log,1724,1965515389412cf6fc91acced7e14211cb93d725a7fb353eda5a089f98e622f8
t/meteorology/vortex/storm_track_gen.pl/input008.arg002.expected.fort.22,3456,2bba77fcb08b40221041da70016e580bede41ce14e75574fb87c69dbf6af427a
t/meteorology/vortex/storm_track_gen.pl/input008.arg002.expected.run.properties,409,4cc87bcfc9cff39f19594572ef36c0299c68d727a1b52b20ec3ffc77d26e4b24
t/meteorology/vortex/storm_track_gen.pl/input008.arg002.expected.syslog.log,1724,1965515389412cf6fc91acced7e14211cb93d725a7fb353eda5a089f98e622f8
t/meteorology/vortex/storm_track_gen.pl/input008.arg003.expected.fort.22,0,e3b0c44298fc1c149afbf4c8996fb92427ae41e4649b934ca495991b7852b855
t/meteorology/vortex/storm_track_gen.pl/input008.arg003.expected.run.properties,183,e7481ff9d9263ac49b8ab73f48b681f230994dd5ebefddfcdb5e94d4f46b80b6
t/meteorology/vortex/storm_track_gen.pl/input008.arg003.expected.syslog.log,629,d27cae7e87e79292a6d7611b54577205e056ecadea9cefb57f3a67b51db241c9
t/meteorology/vortex/storm_track_gen.pl/input008.arg004.expected.fort.22,0,e3b0c44298fc1c149afbf4c8996fb92427ae41e4649b934ca495991b7852b855
t/meteorology/vortex/storm_track_gen.pl/input008.arg004.expected.run.properties,183,e7481ff9d9263ac49b8ab73f48b681f230994dd5ebefddfcdb5e94d4f46b80b6
t/meteorology/vortex/storm_track_gen.pl/input008.arg004.expected.syslog.log,629,f46cd0dc319b7a01debbe75654ce871d69618fcc95a774178e03d5ff42d821fa
t/meteorology/vortex/storm_track_gen.pl/input008/al112017.fst,3456,7cb91d3632577fe0cbf904588c61b1aee81daaa2cf13c58880bcd2d0b14210a8
t/meteorology/vortex/storm_track_gen.pl/input008/bal112017.dat,648,66d495543b2b38c83cb42b24f94c1c63f9ed418c18fd0b238fd1e65f0568c5b0
t/meteorology/vortex/storm_track_gen.pl/input008/run.properties,183,e7481ff9d9263ac49b8ab73f48b681f230994dd5ebefddfcdb5e94d4f46b80b6
t/meteorology/vortex/storm_track_gen.pl/single001.expected.fort.22,15830,4ac1fb261b3576e5c203264867608e865120367e782e1fcf45e91d211263a3d3
t/meteorology/vortex/storm_track_gen.pl/single001.expected.run.properties,209,786f1939dfe0b7a4f804f92f63d5472d17f04c5d8d0765bd192aa8e52413c61c
t/meteorology/vortex/storm_track_gen.pl/single001.expected.syslog.log,397,916d766911a89ad015a1aafdf1df8d8062ba067c0b120c271b0ba3e1217b5f7e
t/meteorology/vortex/storm_track_gen.pl/single001/bal072010.dat,19963,6769e48563a90ba0fbfa525eb080e75dd57c16cc48b5ba5291aaa1b0be7a42fe
t/meteorology/vortex/storm_track_gen.pl/test.sh,6367,4f98f1dbe3aceffec99c63298385159b5cf6b089275e0c4028981e00764737bb
t/test_get_gfs.sh,15755,0d9ff2e34cc5add654f398b695d8ea7f33233ce9ef2b68e8355a4333de38d583
t/test_get_nam.sh,10537,fe92eb5e78b2eb2fc43e2d3d0a18dd9e00a9b1b6363104ffd5ebe6b3400619a2
t/test_qscript.sh,2910,f133d6ced52f277dcb83c7c54788b0e18434caf4752316a20f890eae42dc3d4c
tides/CMakeLists.txt,2704,9f97832a419f5f985e23187b1a77097451a929bfc66e1564bd0c994053b77dbf
tides/FES952_interp.f,21644,87f943251c174bde1c7f9c9b0c13a7c2d63f3ab968905e9fba5da15568bddca5
tides/ec2001.grd,27558615,6434455da26d3bf1531ceea917d8f471fb20ab7e2b0ed19b6310706d5f02a113
tides/ec2001v2d_tide_interp.f,31591,ff7ff6a820832b1ab789aa5958f2bf6741048a128351e5155ab7451b480de59a
tides/run_tpxoBoundaryInterp.sh,275,50f0256895b72fbce5dfa8ef3ce4b5f53901db77bd144891b21335051e20089f
tides/tide_fac.f,21572,a0d76994b7744af25acd37f59e836960c078b829496462c4d12e6e93a714da81
tides/tide_fac.out,390,4f11c6f64dc34c964d5332880732751534f603f5678e5b87caf07316cdd2872a
tides/tides_ec2001.f,17867,cadf7c2790ad4c2d649f5915c8069e2674718bed5f9bddb29780af8f2278d6c2
tides/tpxoBoundaryInterp.pl,12993,ddd04c473b99607d28c2adb7b3396de51791a5eb6b283e835465e21e709f66b2
util/admin/find_run_error_msgs.sh,2107,39030feee30ae45da1354c6b9f0bfb6367e7a89f649e06e194eabb3b64350248
util/admin/rotateRUNDIR.sh,1626,2936a055eb1bf15515ea9929f168a9f8766587da88a877d43282a4cf609fe7b0
util/input/best2fcst.pl,12869,cca53b409d6979f3a0842baa56ae1fac32c0fe241b9a74e6dfac043aade77d0b
util/input/control_file_gen_driver.sh,1050,6cac5115d7d5f333cddfb10e912f8a2d6496618cfa8091976a029bbd35d39701
util/input/dateCalculator.pl,2425,adc6fcdaccf412f2d7a0b89626298db58470e138432064110804adde84f7c68b
util/input/get_atcf_driver.sh,287,24fb1536e09cac653b5bf0fe4823d33b776171ed48fe3daf67d0b2a2342f8eb9
util/input/matching_hindcast.pl,4847,5e5eb4914999eb90c9130b01283fe3bd6aaf34b13293b3c9cba484773f2e5f56
util/input/mesh/CHKWEIRS.f,7975,c746850900a10aea9e247e2b0ea5ebfcd7a41ae7e1e0433a347d863776bc2585
util/input/mesh/EXTRACT_BARLANHT.f,3866,98915607ea491103758f04ef5f581ee4d947d59304519d106d12191667a4966c
util/input/mesh/GRIDSTUFF.f,15823,1a60317139a39d33286b9db98ad41145b5d188812fb75c81ca49f1ad37f124f2
util/input/mesh/INSERT_GRID.f,33856,3802286a7507e1dd56957b4db928a769c2042fdbd38d8086d7873697a5c6d3a9
util/input/mesh/INSERT_WEIRHEIGHTS.f,11199,59e1251983cf304a36d1a4b3bc284268f328e1ddfec6a2f82e5e2232043dbedd
util/input/mesh/INTERPOLATION_AUTO_v2.1.F90,22001,b4b390c5eacaa9ea96de1368a4d86c2447f8d8482781b0717084005722d8765f
util/input/mesh/MeshChecker05.F90,63889,ca274fbc5ab98f9c61cc734d7579e8485e2dca174fccf22c543e35e1b8aa1a7e
util/input/mesh/bnd_extr.f,22244,e37695dbb8fa4b7aa06b778aec92c545151f3fb76a0bd4b2c34b50da5cdc9218
util/input/mesh/boundaryFinder.f90,12100,e8dd52be37b30a5324521b8b998318f1e681de1943f3d2db5b4ad83381d4f1f7
util/input/mesh/gridscope.f90,270458,50ca72354f237467c9ff610eac64d4d040073b0ad2b5ceb9905938be3eb18593
util/input/mesh/input_AUTO_v2.1.inp,1051,5d45eaef955cd6998c0755dbc5c183fc05e8289d2b4cc2f49afadeeb4df9c2c9
util/input/mesh/makefile,4591,3ce97d3748e8aa041d11504b882c43b0fbff45aec2080049de031f1a6f5ff83a
util/input/mesh/mesh_components.pl,5248,6c0c4a6e0853de72f8265bdf39db09b0c60a111e5a54fdccb85e661d03bd553d
util/input/mesh/subdomainElements.pl,6540,b49d13430d324ac18b02faa1233a46f1b1caec5b6419b780cd108caad6604e2d
util/input/mesh/subdomainNodes.pl,9599,e3603f0baefa9fcca9623c02dbd1d7b016237e53141e46d7dbf825ca3970d9cb
util/input/meteorology/frame_driver.sh,6131,d279297923cb8b9a2fe63c8a2617277cb4e64cebe6d54079d5e60e74a9485277
util/input/meteorology/get_data.sh,1939,2905b5c709baa64d8434cbea1f8915f6735d3b9c532af9d15bb34673866fea42
util/input/meteorology/get_gfs.pl,10087,8ccbf0c15b8c7edd72f34cfaf585d70689f456e5e102b8d44d13f952a3139c24
util/input/meteorology/get_grib.pl,3493,6bdf2919f21733bd2808d9eb6f46a0f4e7be78e87f30e94aea0d0e5cff006411
util/input/meteorology/get_inv.pl,3475,38bea027b333aaea2f8b7ef6ab9948a9dc1fb50ce2b930949635ea836d8eda08
util/input/meteorology/get_inv_debug.pl,4707,54d56c1d1e9061d8b9180a1bdcedfe3bc22acc8a51941507bce8050de6fec647
util/input/meteorology/sb2nc,8693,cf598fb0512bba38f84afd7ead1ce001f6e90f5951b4d4c0e52bfc82edb26dab
util/input/nam_fort22_gen.pl,4591,272222070fcde20081b8a884583b297062e4ebfb54dc853b82141849a95c0d88
util/input/nodalattr/LUTs/ccap2mnasf,191,cb93338066d5f9ea972aca83c5717b0961e488bc53b8f47b2da324e93d86511e
util/input/nodalattr/LUTs/ccap2scc,121,cf999bc7f54ba6c74c653f5469619e28926a4ff54de78b2ad078545873f088a1
util/input/nodalattr/LUTs/ccap2sderl,181,0057ce86ead8122fd94bfabb25943c375a87a048d1204e12644dbb755748f931
util/input/nodalattr/LUTs/nlcd2mnasf,850,41233633c77b8eb073ca5148cf2967f4909a04b57ee8f9e671833cda3be590a9
util/input/nodalattr/LUTs/nlcd2scc,782,434ad40a917f849c636b0ac3044999bf6bed71b2cb67ab645d104b99a0808328
util/input/nodalattr/LUTs/nlcd2sderl,820,7c6adf43db3f6470fba72bc39ab96d934fcc2c5c69850bce03e150589c3005a6
util/input/nodalattr/LUTs/nlcd2stuff,2450,0974df9e2c54f531dd2683c075def2b3cf66e3d38716c0d13a46045da52239ec
util/input/nodalattr/convertna.f90,9184,805792286f2043aa249c59f66727b832557c740a352fcbd28d9cc4262c4c5f12
util/input/nodalattr/eddyvis.f90,5659,991c61564f46e37d92f6a26a311971c5128109c89e8d0026436196bb855f3804
util/input/nodalattr/extractNodalAttributesProperties.sh,2487,8134d04443e7f385c7e4c0daf4d0fc1820ea0c9104a0b5a26c95cdc06bdfbbfd
util/input/nodalattr/f13builder.bash,9993,796e9705b075983db9081cb233ccb595fcfdf59ba3d17a366c85368fad4d4b34
util/input/nodalattr/f13builder.in,464,1b0c5e56dae0bac85163774b8e49b0c5796a6a5dc6f0c8b4f1756beb2d11c622
util/input/nodalattr/f13toattr63.bash,4211,d67870651ebb19b41770257dbe156e8fcd57419d42ace36d012f78e484326966
util/input/nodalattr/inflate.F,6526,aabc8172add284ab33b030ec52aff3689280cc16133b38f2e6dd9d50916d1c94
util/input/nodalattr/interp_13.f,11325,da2a5d06bf22eaed08e785f822300ef7e0dea7845880bcee3c36f1c2500151d2
util/input/nodalattr/landuse.f90,8748,28843200c50f41656e024199b60a7a94f82e9a36a02265e29533e230d5ab6987
util/input/nodalattr/makefile,5810,5102860f5d7a155773646ff95a08f3382046752be211ee8bf39275539bb34552
util/input/nodalattr/mannings_n_finder.f90,8150,bd54f28cb97cd7c9ee43be93965eb6bff6452f752588ea3b5ef6222d71386c11
util/input/nodalattr/nodalattr.f90,22287,1633e56b141ca400fc0988977cd7914e47c2a9fa23e0ac97b56d1b8feaf81298
util/input/nodalattr/submergence.f90,8293,64b26d6e57a148f85fe6fc111bf0438c6d7d8e8f7516288d252b980aeaa5e6c5
util/input/nodalattr/submergence_eddyvis.f90,10718,2aa8a150532076d1500a592f0f5879fba11c631ac1e1b6186c3d4c9de8d48b64
util/input/nodalattr/surface_canopy.f,11390,0942e530fab8afe369f0579535de57b28b9f4352667a214d6f2ece1dd98997ce
util/input/nodalattr/surface_roughness.f90,16741,28ccc5749a928c02044d5b55adcd9493552a0b2bfac38f97a8a5a4ffa6c0dfcf
util/input/nodalattr/surface_roughness_calc.f,70345,7108fe14a26f2f02e3451a46725b1644b70cbc40c32dd7c1319dd5b1c64ab87c
util/input/nodalattr/tau0_gen.f90,4659,46b15a65eaa9d95ccd59fd191af875845b3030054e99d5c19ba0bf7bf17959f6
util/input/pressure_predict.pl,16003,cb812f8571ca09462b552e19574600ed25ffcc57390c2099199fb2d07c64c0a2
util/input/riverFlow.pl,6218,ecfd501e820473c4f81975cbe5629d85acb648a00d27a9fbc83f9e4d9c01e744
util/input/track_offset.pl,6339,0706dd0cf2d8cda77ef5e40b5b43cb232e728b8c6638d0d3a1a7e0c0fe53b87e
util/levee_tools_etc/README_Levee_Tools.txt,3863,6796f0522d547e1911adf5dc653ad5ad73e488ff03188b11886c9b2da8af7ec4
util/levee_tools_etc/STATIONS2KML.f,25278,38dae5b28bed2b3a54dbd86d2b254f6bbad902b34fb7d97c6896bab3508c298c
util/levee_tools_etc/UPDATE13.f,6112,4567ae780bd5b4f433275ea70724759e92508431a468d0f8e550ea902273eb74
util/levee_tools_etc/indx_interp.f,17529,e75c183af5acdfe818e173e1b74731f1aac5b9e6680c1a54635f56612443459e
util/makeMax.f90,8566,73ca9d3281603827d571ac9e3b0a09271c749cfd195e329c168ff97a20613f8c
util/makefile,4101,3f6686569d5b075fac02300449d75e8db1153e6b3eaefb5fa2742b00ef4df9f2
util/max_elev_grad_chk.f90,5827,5f3c1eaf2c758fcf9b00e6db2b270d9ce24bde185f2d2054e952641a47d91e99
util/output/computeMaxGradient.f90,5694,a5619be0ffff7aca22f2e9f724220ea61f2690863f7fdf4ff3b9ea53a8134c87
util/output/dischargAcrossNodeString.pl,5811,7910b9143c8731e4d2f82be47de3ce4857c5c549f9f14ac190ab18e7824a0e36
util/output/makefile,4040,37b0d07f4f7dd3e7eea1c5f4893242578384bf6d0d931914efe62620d6a35b0e
util/output/quality.sh,12840,c7b5e05a40ed048675bb5b824292e3b009fc91fb670731053c6dc930ddce0a1e
util/output/smokeTest.f90,6137,456cce78de1dac4c3244cb62b18a438efca4508f18899eb298665e7c41a5e25c
util/queenbee_xarchive.sh,2191,55dec8682c425a0654698da02a735672893c1cf5aae4f1f5c2b31567de3c9923
util/regionalMSLcalculator.sh,5431,f94ee81121e2a3c1404a71e447183c42b688bb1970af776fc1d1b4d3c2397ab2
util/run.me.ht4.ec95d,82,38f71e2b4024d0f8c433f5ede9e6a3f20fd1edc58cf37239bd8b3a30f501a11b
util/run.me.pod.ncv99awr,78,5d0ae229c23d32f37e704dd0df5f7bc706fe087badb3311fcea99ce4c74684fe
util/troubleshooting/test_scp_fortytwo.sh,422,01d44ceb709807766c73e07def7ffa71a7783c6d7dcd72dadec8741ab1ec297e
util/troubleshooting/test_scp_rostam.sh,400,21633d6b756c550c70c101275b1e2350d8d128c6c4be592f66c7f20bfe162ef9
variables_init.sh,6761,c0dac5ec96874dd5c02381366cf0ce7fa26fca35d6f13e01ef0870bca3ad5e7c
writeProperties.sh,27300,964ce31c9cfb9bd7261e62dc74cf91da21392267dfd2935e1dd7e9969ba2f7b9
