path,bytes,sha256
.circleci/config.yml,17938,515ac30dd2952cbf65a7cf0cd5c2d83a52be1b2ca47a5d7ae0bb15cb77a73082
.cmake-format.yaml,316,50b5e17fefd6b7b49d85044738b5eff14bccac762af7211e312d2238bf11415e
.commit-template,223,c2088193861541574f79d15c6cb9395661b2a9862afd29d368d20936611022c8
.gitattributes,85,4d2f334bad9a9b967ec9465e598c2def1218db3298567ad5cbe834eff620abb2
.github/CODEOWNERS,774,d2807b48fd7a35240c1b27f3c731978b52ec94cb0f9287e3916af2861e1ba1ce
.github/ISSUE_TEMPLATE/bug_report.md,1001,04cb0aa9772142ced91639b320a9f8a7502e897e1d1cfca686f9abc0df03d4c4
.github/ISSUE_TEMPLATE/feature_request.md,698,560a1643bd628a656b189397d448ea9d753b679a3ce19d593189a3fade892f84
.github/pull_request_template.md,2075,5be68b2b86f0cc352092da83a1c0ca79fecb4c88af53def5b981064a27601f41
.github/workflows/build_container.yaml,1146,87e32d5900e66ab1ed9b498736e5bcdf147adfe03eb231128b5d72927518953b
.github/workflows/container_latest.yaml,313,455dc6347738e22c2031279e068faf9b8f40153757631225b91ff99ace711bcf
.github/workflows/container_release.yaml,309,09857e9a067a60c96d2d715559377a18fa1d7a53b112e7603a3bd536eaaf11d8
.github/workflows/docs.yml,1684,6eb8633311d9ad5bb338ce13d8d51bf80ea62acff2d2c9be4f5fbc07b803d53a
.github/workflows/precommit.yaml,319,fa6dc6c4c1b05b7bef35da6fd6756a8abc069ce1f81ca97e0b9b2de7fc50f5d4
.gitignore,517,cfaf485761c929d578eac03d811c3233cc7ff5e95ca8493ddc586b1359e4a806
.pre-commit-config.yaml,1285,8860c498ebf1a5cc85a0a61483284e4b03b7978c7215f88b9dffcad3e8b25007
BUILD.md,15221,c2207423b072e802d28085909c9e45558f5537b47ab94a3ed02c586e83061321
CITATION.cff,2230,f18d15cfb74f0af78c669fc777fb8253288f45af37e8bb789faad4d00d2921ea
CMakeLists.txt,6941,8363ea1379ca0fea68570286c05e5145d09f6dee9169aae3a62f3cf68fce0574
CONTRIBUTING.md,10712,d6f869f49b4d2ebcb850976daf223fd7943ed9fbd894f3d14f442a2894beff44
COPYING,32473,1b3782ccad7b8614100cda30d3faf42fc39f2e97932908c543005053b654ca68
COPYING.LESSER,7652,e3a994d82e644b03a792a930f574002658412f62407f5fee083f2555c5f23118
LICENSE.md,780,d70eb9f5b23b107f9ef1844cb0291cb0feb301478a49c440061fc58a47324bad
README.md,6101,6228675efa65d6c03b337b1aecd237653d115e7fc54a4eaebc6f0649a72838d6
bumpver.toml,339,4c5bb8a74d24a6a452374b87e90a3e2005b4999631e69eadab40996d5124ab9f
cmake/FindNetCDF.cmake,4376,9ebfee44ed8eed44a1a60378633e7d04eeeb922e0772dee4e5a14ddea052547b
cmake/InterproceduralOptimization.cmake,313,e787992f7f9adbfff1a789dd06e5b764f65c98f18f51115a5bde2a2fbbc8b621
cmake/adcirc.cmake,4314,0ea7883c5f7fd6c06da95f65370f2e5cc8bfaf47e3b5a79dad10994cc98b0244
cmake/adcprep.cmake,3874,d610a5472c91e087b902413e685af56573284535ce25f8eb23f85fc8f6ee5271
cmake/adcswan.cmake,13146,3ff0daf6dcdbec807a797f8511d6fe4d9a8cd4143d13fe31ba94c4f17fa25336
cmake/architecture.cmake,3879,8c80c4bb54f1fbb42b8fb1abdac3b9191b699ab2008f9d9988759ff2ae62c5ad
cmake/aswip.cmake,2588,25f413ab8de313643817c12184dde59251f262aafb2aa49fd1159d5c6a827ee9
cmake/developer.cmake,1871,b1089b82173d3926d479f64c3f43203080bbb36d5b0caecfbaf64acdd5b43e9f
cmake/helper_functions.cmake,6646,db8da208ec53abaa94cbd834119a3176800178120ea9cf26d2e761ee9a65bf73
cmake/interface_libraries.cmake,6262,ee6851dab4aa228eb24b489e72dcb9cfba8aafc8deb00ce29e472098b6de663a
cmake/libadcirc.cmake,6811,4ab3061aca889cc07f9aab6fb99f40ff8e160371100c5b7d1b9a5dd014b35c0d
cmake/metis.cmake,5699,dc29ef4f73030b2c0d39f1dba0fc6980f237ceb167879f38f95b1808783a0825
cmake/mkdir.cmake,1261,9d5ef392fa19f0f40b1573a0be44cc7be1723e6a62af7589c610234918b4e579
cmake/mpi_check.cmake,2634,bd862b5f257ef60574d1ffb54295d04d30832396325d1843d81536875fa39ac8
cmake/netcdf_check.cmake,6211,43d5ace35ccceb7efe163c7c70f77a9dd68deef5e23ca9a7dafa56b3befe9163
cmake/options_flags.cmake,3692,ae1dec4e844131db594ee3b5e860fd2ca007fd42f4d68fee0017e918412047b6
cmake/options_select.cmake,10301,21a1ae1b3175fce181c8acb84f465708183b4572f9a87a62a4af783ba36f5a1b
cmake/padcirc.cmake,4541,2fcc890a18bd627d037798ea1a6be18a1cb7690a20fd7002b7f91b62f2de675c
cmake/padcswan.cmake,13447,aef942b3252a15b8978168e4edb8f6f40f59b48913e4ac754438455d074de471
cmake/punswan.cmake,9965,825839c4386ea412a52e5632c9a5940ae6a487cc5756b13077a7d2d3b5f0ad6a
cmake/swan.cmake,7944,3e4ee5889634305818e20129520e1857a63c24ff55904b2007665e2573de5162
cmake/utilities.cmake,2524,1ce1d6f2105ee0bacd686cda9141b6971e27c77e496affa656614d2fb01ca21d
cmake/version.cmake,3044,39f573cb8768b1ec89b549b2bae1fb98a54c8937d337b4eb704617cb47f62ab5
cmake/xdmf_check.cmake,5678,3776d21aa15958d68ac741ea64126d806ee9a50cc643356b263d4b042744600f
codecov.yml,384,3f5deaf0af38efa3ccd7c5d1298f9f0706ab26c3892be8edac8ef73955adc505
containers/Dockerfile,3100,48958d4aeb61a9d8f9abbb7e0ce9d1cf10c9c25cb81f31042a277fa9a6c5b192
docs/Makefile,634,8b6587b859607f200f116e2cb043fc358e1c3a26c326b563bf348453cfc68307
docs/_static/custom.css,3119,8e288cc3db93e1ee214745ecb2c2fd0014609b11e0d3a93dd279d5faf972c677
docs/_static/ievc_51_eqns.avif,24163,aaca800cc4dc89e79ac923dc67c427a8c79f9786228ac09a287da0dfcceb42eb
docs/_static/ievc_51_note.avif,8637,7ae333452c066b8f6301df36af2af2b31daf1913fc54b76cba928d22a8875a49
docs/_static/images/adcirc-logo.png,78323,2b849ed72c8ba1a44c8ac320eb2c6cf421eb8946f1d00151c959ac3cb983d94c
docs/_static/images/model_configuration/meteorological_forcing/generalized_asymmetric_holland_model/Fig_1._GAHM.png,71190,8c4ad73dd2ec1839c0652d869e8b3560e28b806eac42aedbf21d809099a789e9
docs/_static/images/model_configuration/meteorological_forcing/generalized_asymmetric_holland_model/Fig_10._GAHM.png,491231,bfe22a49f0964f5691b1db5619c894ee7b5980186faea4f7ba4cb5f09fc36b5f
docs/_static/images/model_configuration/meteorological_forcing/generalized_asymmetric_holland_model/Fig_2._GAHM.png,131454,72de8c20c47fab53477f7a2d7d43c6c587c8064c26a625c945bc866f231be028
docs/_static/images/model_configuration/meteorological_forcing/generalized_asymmetric_holland_model/Fig_3._GAHM.png,242479,cecc287443ca27dfd2ef857d4a36bed6897f013e63b53b2a2055bfff76d08b65
docs/_static/images/model_configuration/meteorological_forcing/generalized_asymmetric_holland_model/Fig_4._GAHM.png,336433,8ee0a9a5d8ea37485c1ab468f8edeed0f9c60946995ee7f152ac0899fee2042e
docs/_static/images/model_configuration/meteorological_forcing/generalized_asymmetric_holland_model/Fig_5._GAHM.png,331589,c7a513e5353a7283c23845ec86b1cbee715c7bc4620bcc8f21d3a0a88a5988b1
docs/_static/images/model_configuration/meteorological_forcing/generalized_asymmetric_holland_model/Fig_6._GAHM.png,331346,f741d1eb0955aa26783fd9aab2e9648dae75918697c4a819991317f6d9524df4
docs/_static/images/model_configuration/meteorological_forcing/generalized_asymmetric_holland_model/Fig_7._GAHM.png,170036,6130f0df9105e97d2ee5566a56258839aeb436eabe0acf32ace684399cd5ffae
docs/_static/images/model_configuration/meteorological_forcing/generalized_asymmetric_holland_model/Fig_8.1._GAHM.png,96088,0173f9cad4d1e31aaca060866faa512db0d052846a05849290b24002fe4d9d79
docs/_static/images/model_configuration/meteorological_forcing/generalized_asymmetric_holland_model/Fig_8.2._GAHM.png,108906,8dbb1b53ca1ad9a8bda658c3c9aea5fec2302b7688afeebfb967a37e7c66d765
docs/_static/images/model_configuration/meteorological_forcing/generalized_asymmetric_holland_model/Fig_9._GAHM.png,197110,dd6f5e8b2e78bc5c49deca25f88ae97283c32894b1cd9351aeef941df22057d8
docs/_static/images/model_configuration/meteorological_forcing/generalized_asymmetric_holland_model/Picture12_GAHM.png,267562,644da28e1708041eacbbc6dc5a11ae19129b2edb07d6512ddce518afece5d36b
docs/_static/images/model_configuration/meteorological_forcing/generalized_asymmetric_holland_model/Picture13_GAHM.png,56805,ebab6e19368cf9e40b10ba44c2a544dab06d7c17b4cab697e5a911b01f1bc9f4
docs/_static/images/placeholder.png,0,e3b0c44298fc1c149afbf4c8996fb92427ae41e4649b934ca495991b7852b855
docs/_static/images/user_guide/compiling/Adcirc_cmake.JPG.jpg,120188,8b36dd59a22f5ff13c85f614c2e2ca73caa986e1daf954a48042f9019231968a
docs/_static/images/user_guide/compiling/Adcirc_cmake_build.JPG.jpg,78874,1df132fc590db09bb4ac9df3f9295e881c2cc611ccd09aa6106f734a43361eb5
docs/_static/images/user_guide/examples/idealized_channel_problem/500px-Channel_Elev.gif,454801,b6fad5801923988e8453a9613239fca0257d270648449b295124f61201dd57f2
docs/_static/images/user_guide/examples/idealized_channel_problem/Channel_Elev.gif,949630,9e7bc3bb3cbbc552a31d8d6136525f8f6f92e8bb74f18473fccf462c39772d58
docs/_static/images/user_guide/examples/idealized_channel_problem/Channel_Vel.gif,825779,b3e55f266b297faa7b8ff634dd6e02282d34d7cd00d3fe3279b83172e1a8092f
docs/_static/images/user_guide/examples/idealized_channel_problem/IdealChannel.png,780286,e4447e9b28f4e6fbdb173273c28f351a9c37729b9d3fe5851d111c5f5413b88d
docs/_static/images/user_guide/model_configuration/meteorological_forcing/nws13/Ch_maxmin_interp_timeseries.png,198725,22f50a5257f8c7cc0845a233f704629e3892349fcd1e2bdbf615f1d7461a7910
docs/_static/images/user_guide/model_configuration/meteorological_forcing/nws13/Ch_movegrid_interp_spatial.png,90914,819d97cb7549fce37d9b10cf2b9cf1572e1543cf4035670df150e7bdd87a1f8b
docs/_static/images/user_guide/model_configuration/meteorological_forcing/nws13/nws13_interp1.png,34219,9665cdfb0eb49a46b5b127c0fb276c54a6a547e234ae811e518947828cf7ea8d
docs/_static/images/user_guide/model_configuration/meteorological_forcing/nws13/nws13_interp2.png,64880,37de5cad6088b4fc593a07ca43d2756b693b435e67eab85ecca2ba0b23abc24f
docs/_static/images/user_guide/model_configuration/meteorological_forcing/nws13/overlay_domains.png,51211,4f5aefc1a5474bc5897fa5614cb0f20ca97435d76485013d6d6114ef833f140e
docs/_static/images/user_guide/model_configuration/meteorological_forcing/wind_stress/Run03masterVsRun05interp_trimmedAndAnnotatedTry7-min.gif,23952493,5a916e843f7eed932515ddc11b1d2e1d124f8c09152c41c1295f89b7c2ce346b
docs/_static/images/user_guide/model_configuration/meteorological_forcing/wind_stress/WindTraceV2.png,96873,d8d778a097ffb6ffda39f878a9f764391d99d03f2259a595cde877b5ab51a76f
docs/_static/images/user_guide/model_configuration/physics_parameters/manning_s_n/mnasfContours3.png,81661,1eecac21248a4f4207fbb571da858a2e1b01cfa392ed232c922601fd3d2b1352
docs/_static/images/user_guide/special_features/vertical_element_walls/vertical_element_walls_schematic.png,53400,23a6e1ef95f138caa6feb7cbd4893e8437f746a045bb10aec4d89bbc5444c094
docs/_static/images/user_guide/special_features/vertical_element_walls/vertical_element_walls_schematic_13.png,346698,e8c732e589ce405799fdb3641f44216a622f48c60f95ee60c8a8cb3514128a8f
docs/_static/images/user_guide/special_features/vertical_element_walls/vertical_element_walls_schematic_2.png,85383,85541e417a8fa361058c120593fe2807a8a63de6f83fad71f5ed74d6ac9a523f
docs/_static/images/user_guide/special_features/vertical_element_walls/vertical_element_walls_schematic_3.png,73908,420281700f2d7d4b61c9e178d959570ed4c3c6f734c38127cbd9ca4fd1c60ab2
docs/_static/images/user_guide/special_features/vertical_element_walls/vertical_element_walls_schematic_4.png,127159,167ce7167e38b1c5aedfa2c6c982bc87897296d1bebe0414e262972775594cb9
docs/_static/log_layer_formula_islip_2.avif,1878,b192a22636a755c73caf375bde35b039d22db526c65775553fad06c43483f9a4
docs/_static/z0s_z0b_eqn.avif,2572,8e19c91bebfe418158b219a33b894d180f3cdfff07d7a5d9bbd8b3a4c3794dbb
docs/_tools/fix_underlines.py,1440,ebbb6e00f1fc6f6fa63eee94bfa87d72836c677cce9130d44d69940615379a2b
docs/_tools/wiki_import.py,107265,97d0b1f33eba9bc0b2ff0cfaf8dd1f3da1f6040139de208f204cdb73a8ae2b4c
docs/about/index.rst,2075,871d793d44490025577c4cfff9c356ed724b5c9be6d827a2772361806d45f529
docs/conf.py,1754,cc4c58eef2823e8a013efcdcaf4ccf62738d5d376287433b594a43b813ef3fb3
docs/contributing/index.rst,11091,c8bbaaf5c49a1f966dc1c34fe71c3b5a81c4a84dd157cf0806884859fc174931
docs/getting_started/index.rst,4536,23e6fdceef7c7b749247c94fc2e8f6574ecc839a3f0e5e1945af656a2e3c6378
docs/index.rst,2523,c24b8aa46646221eb8f13b7c4153efb2a33dc67e37f7b22eb19a57b3ac32fa8a
docs/introduction/what_is_adcirc.rst,3531,e770ea26b4b80c5885186b1b25470530a80ea22c7f470da3ed7933e9fa518fcc
docs/make.bat,800,bca6b3244f115b8f42cbc2bb866f1061b95eb6f01df1891e2ac68f03f7569d7b
docs/questions_and_support/index.rst,1674,e82edfcf3bee63da1465ea23280a0681687a0ff48befb428b0d3ef11cdfd72e0
docs/technical_reference/all_files.rst,2363,a755128f281893d94e5f43896307ddbfcd8310e1d39dc549bb767f12204279b4
docs/technical_reference/architecture/code_architecture.rst,1109,3fc33a818574966d301f5792fa716ca9bb601ef63dc6f8f639be25d4a4a2abbd
docs/technical_reference/executables.rst,727,a4e22dca13135ac72b7b20f8fe4efa3a93f0a9de4a712c6319d4521271917ce0
docs/technical_reference/input_files/conc_stat151.rst,943,27b413fde356d40899a154c7eb0b4adfecc9a470805ffa24e1535ad94aaa0f31
docs/technical_reference/input_files/elev_stat151.rst,826,de88c4ec89e5ce3a1c1d5d6ad3607c4d9d6f9282debf302c38c3cdeae07ffb64
docs/technical_reference/input_files/fort10.rst,606,7dc2749c9aadbece37993485c0cc4e9d8add33690ce47a36d481779dc0f54654
docs/technical_reference/input_files/fort11.rst,2760,c83129265a672cb62d996b58814eeab488401115893480a594dd1817334035fe
docs/technical_reference/input_files/fort13.rst,19596,8be14ac0ebd923cec33b23a544b4f07032d16c734545c0ca373891bd32982f67
docs/technical_reference/input_files/fort14.rst,3047,3f0ddc5afa20b250eb4740cc75c61545b1453d2fc73f31640967632e44338785
docs/technical_reference/input_files/fort15.rst,15467,0e9fc09ee6008b5a71ebf922a0bb84f78c3c9e432ab93b59a2f4da6023357f0d
docs/technical_reference/input_files/fort18.rst,733,3cc859521fa06aedacf7f3ec7c9c5c45fc4629f4311701347bfce63fa98ec7dd
docs/technical_reference/input_files/fort19.rst,1782,e94fc49dc958c47d1a303984b250d21718fc096cbda5c321da256cbab39354dc
docs/technical_reference/input_files/fort20.rst,1974,ef9460eff0a078d43b43f093b44214e483ef77793e8f294175d95cb0450c1fe9
docs/technical_reference/input_files/fort200.rst,3950,b1cae5f624495ea83d3c8a844b1734300d9739a11a602f921aa8b72ee852583a
docs/technical_reference/input_files/fort22.rst,37650,9e5b3f9a0eeb0470013cb2a63ef6b7c73a8c0db721d933a53312ee1f814fd9fa
docs/technical_reference/input_files/fort22x_grb2.rst,2651,aff2518abb2bd7f122866af95f83ef3b85f0e56b0038441d171a86ae69fdcae3
docs/technical_reference/input_files/fort23.rst,2670,a56b1b5ceb804c83e593c1aff2f71b5ec3c3cdd1e749caa7417cf940e05e60c4
docs/technical_reference/input_files/fort24.rst,2096,cbbed91ab8f435c6132f4989f7791b5e542acc823d29c8b50817f00f08536ec5
docs/technical_reference/input_files/fort25.rst,7996,366da18712a0edbd8bc19b8571ee6fca80ce7641e8f8f60bc5749c8576adb118
docs/technical_reference/input_files/fort26.rst,3353,2f36f03fb8400da0c0bb39e22337b3c0f6a7a2714304f8afad6b40a89819fa4f
docs/technical_reference/input_files/fort35.rst,877,595cb3f3eecd9eb30ec48413e10285af4555413c764a803b0aa4e2e3de9669f9
docs/technical_reference/input_files/fort36.rst,1032,0d5dce510eb2bba1e05a0fe5b54afff2a461adeeaa4c8ca572344a484dcb46dc
docs/technical_reference/input_files/fort37.rst,1052,341586455b7be82261b70fa214a938c1797e881d8f9d05a870a5523a47954f48
docs/technical_reference/input_files/fort38.rst,1683,b788188bbda476fdbf6bd4204f33363a4aa15f57155465b5519261411e368651
docs/technical_reference/input_files/fort39.rst,1300,bc3c513ebb4e2f64b8c28d5977c0b2c798f76763fef11e82581706490208dd20
docs/technical_reference/input_files/fort6768.rst,6973,e84d3133d31d137b9e76dc28d32ccb48845060f0e8894211c11fc9304f1a2a17
docs/technical_reference/input_files/fortrotm.rst,1580,46853cd0c0baaa04a78d662155bca3e06d8d2ec1ffbb6d17c372ad8d525cac03
docs/technical_reference/input_files/index.rst,1730,d145e4c936496193631593694b652ab41220b0d42294440f12c321f200bc2f84
docs/technical_reference/input_files/met_stat151.rst,853,272fc800e27df93ab443fac8a4259a52b4e675c877823e0f0d088b690121af4e
docs/technical_reference/input_files/meteorological_forcing_overview.rst,4099,2bb17bcf4ceab034ced8b8c8302c070c85ec37fd31fe4c45f308ee16d29dc6e7
docs/technical_reference/input_files/time_varying_bathymetry.rst,1769,c7eab6c6d584092362b6f9b50353627ae23c414f69072a0c5950cfaa41abb241
docs/technical_reference/input_files/time_varying_weirs.rst,4424,26619ac77d1e3b3346b00629ac1867fd5c558c1c56fc64b455dbeaead2b9f104
docs/technical_reference/input_files/vel_stat151.rst,815,3778cda584192cb5a67f4859fe13029f41755e6852405aeb4d6a43fa78e70ae8
docs/technical_reference/output_files/endrisinginun63.rst,1821,1c31edb2544762b498222683bdad614f7c0f5d698b5139bc493e7db26cb9a6a1
docs/technical_reference/output_files/everdried63.rst,1970,c7dee8d2169971fd1d5f07e9505bfc60720367a986b506fc797ceaa9e168888c
docs/technical_reference/output_files/fort16.rst,2290,3a646f9a81c18b788d19ba2eab2db7992d30ca8e859f81dd41f729033ee65020
docs/technical_reference/output_files/fort33.rst,241,13fb5e618bc07591b7242910479bf619440b41e95476fdc9d7a0125ac5477202
docs/technical_reference/output_files/fort41.rst,3967,75cbe460037fd3a52ef79d7709fb8600bb4cba7b3c3bb976da116133ebd3cbe2
docs/technical_reference/output_files/fort42.rst,1467,b567db077ff2c00e1412bb4dac885db6c5c32d3733bfa10d17672ba0c649dd48
docs/technical_reference/output_files/fort43.rst,1325,c2ce849d8879744c0185d3f95ccb4fa221b7121db69d86f94df6924c93fef7a8
docs/technical_reference/output_files/fort44.rst,3314,9fc5276c1936fa2414b6af26074fdc5a34fcc95c12106c44150441df99c9b0ac
docs/technical_reference/output_files/fort45.rst,1515,f176a0d803a95c5d5d161155f1b53ce7eda9a32f1d84863095a230ec28a29edc
docs/technical_reference/output_files/fort46.rst,1499,5841e3003f3c2b099ec3a108b302be95f45fb7e933d111902df24b49960e1139
docs/technical_reference/output_files/fort47.rst,1074,d3d844498cec296a52f0823e162bec4c1845d85e1b2eab0ee4abcabc571e2cc6
docs/technical_reference/output_files/fort51.rst,1048,e0bf184b6262f22b80d1f62e8bd07d69b6801ce4c2ab7197a4ae1ea15c46dd29
docs/technical_reference/output_files/fort52.rst,1128,23e28dd3dbca2ac1461c982f3be9d1c6fad985f3ef2460a4ff0d4b6e98b9d42c
docs/technical_reference/output_files/fort53.rst,1022,3e207af7075d56475192edc35c6e6b7056fd0807c0b93c6673882b2397084d78
docs/technical_reference/output_files/fort54.rst,1107,d9624a6ba785e1f439351504908df1e54253e7c6874a5c5d91e67b6232841178
docs/technical_reference/output_files/fort55.rst,1253,e421c2c0c500e869c0830e6a5a4aa3e5ebe79717b9aa3367af1bf5141b762903
docs/technical_reference/output_files/fort6.rst,216,94db531e82588572ac7fedabbf9b6667c8932f6ceca3b3e63f723444fb7fe350
docs/technical_reference/output_files/fort61.rst,1307,0c7ecb9085030646e92871fa0d18985e6c6256e404706ade414189cae16367ea
docs/technical_reference/output_files/fort62.rst,1579,9dc9fba4872d85774e99506f33329f55aaeeec90fef94179326e7229def7e201
docs/technical_reference/output_files/fort63.rst,1297,f3d973c9b5de2df4c8f4049380339d54bfa41ecf475b7a77fc15ed4577bce921
docs/technical_reference/output_files/fort64.rst,1350,7b8b2d221118644019c0946fcaaa339089663875c99145b6b7bbcee214e9af7f
docs/technical_reference/output_files/fort71.rst,1461,45b68bba1ce20cba3b4e6e4a9862c675b6585f9f75535fa4880b6824d489c043
docs/technical_reference/output_files/fort72.rst,1532,aaf218508859b368ac054559e03934c4f165d1106c7e3e15ea5c37ce4af8ed1a
docs/technical_reference/output_files/fort73.rst,1342,8dc83c61f4b59d3811b5e6a0db92e20bb01c5e686a8b3be5d2ffcf8148e8eaa4
docs/technical_reference/output_files/fort74.rst,1277,19ff35f93322bbb617ffa92c551ca4d41de6b89a0b331f4c94c59e7ef1586c2e
docs/technical_reference/output_files/fort75.rst,1396,eaca49529300f5b41c58b28257bd676b382c05d075d3feda8d395f51a4e36cad
docs/technical_reference/output_files/fort76.rst,1362,31c546e89969442f5b314a905b26ab23ebc3fb07627dd3d16bf24b48190d1cc7
docs/technical_reference/output_files/fort77.rst,1315,26c0b3c393f8741a61618669613b2d56c1c23ae80674f5099da32a518f6ce486
docs/technical_reference/output_files/fort81.rst,1393,249cda0ddf2fae78e3bce905af5001e74c0c66e07785c9a12378f1a73e943f66
docs/technical_reference/output_files/fort83.rst,1352,cf039e3237d18ec4e861e6c24456dceeec292e5a050ef71b6d9f954267abec01
docs/technical_reference/output_files/fort90.rst,1521,41c168b6182ba0cde44e8f552c8f246d3168c6ae8b2a24bfb99b32f35515589f
docs/technical_reference/output_files/fort91.rst,1459,f90b0551be101e59736becca4649a23515f607a654a37dad4455eb3f95e8a960
docs/technical_reference/output_files/fort93.rst,1787,716060dbf5567a3c260653c4ac88cdfc8545e987eaa9d7ffeaee8217a15103e4
docs/technical_reference/output_files/index.rst,1609,278507bb127b1e347ed3eca79a9f7d03506183fcc3eb0355bb1feb25218dbf45
docs/technical_reference/output_files/initiallydry63.rst,2475,5985397affc240091f045cfb4ddeb32ff4a13c8a9a5a400f266cabe1839c7d7f
docs/technical_reference/output_files/inundationtime63.rst,2184,b2ab9007c7a20bb312c0034c235a4754b71313d23b1e54abbf880b6522d90225
docs/technical_reference/output_files/maxele63.rst,469,c2169629c40c8e871b1fed496bae65e51cb0736838cf74a803f8dc1d2a4d037b
docs/technical_reference/output_files/maxinundepth63.rst,2020,18c5768651636c845fabcf5a5e220e4716996b78ec78b6619cf7c1759336f287
docs/technical_reference/output_files/maxmin63.rst,2514,d11610f3a8ed7545a6f538f8a9a81719ad4d5d848788b32c3502b84cc6bc569f
docs/technical_reference/output_files/maxrs63.rst,506,dd43911f4dffad54a01b37562b9fbe72654bce7c1f88e96e09204175c0956d2a
docs/technical_reference/output_files/maxvel63.rst,493,dd024bcb9339130d8e37b5ce015dc084c9b28f5910504b0df0cdf9d76728791e
docs/technical_reference/output_files/maxwvel63.rst,505,150d0595024c34ca0bdab8fd00ece61038cf936e22d4ef09334081b03f7db603
docs/technical_reference/output_files/minpr63.rst,526,ce6f67a7f8b5d7bf6b5d043d7fd0c08b0dddb4538d0771cf10f8619d3ff6b0e7
docs/technical_reference/output_files/nodecode63.rst,1523,6f1ff2c848328cbb31c8aa9bafaf2dedbbf985de62549163638e89c8f92873f3
docs/technical_reference/output_files/noff100.rst,1761,136b0c8ee67c754bf7b8da79d19e0c6a1fe428c17abe6bc528878818a505a2e7
docs/technical_reference/parameter_definitions/index.rst,147020,228987d3be80f921397cf8b09a08141850c31802e5b4389e0fa5a2123f916e17
docs/theory/index.rst,576,99307a03a34f0c20eb9303de0874754505c948d1b1b8bb1674d8101e668b8c44
docs/tools/adcircpy.rst,1272,819db7d94c3be883ad21cf2d8665bb442b4e66f66801401b9ce1be888cde13e9
docs/tools/asgs.rst,705,a5d490fdd5eea05a6fbe1708cf747533611b544243f119e561a501770defa4f5
docs/tools/figuregen.rst,1185,cd9726e4f952754a61606b2e4bc3235bcb61ec8b1e2128c40d5ef05a6dd3794a
docs/tools/floodwater.rst,929,3aa89ccc8e0a91d6abe90b5e18e4fec5d83e390a8da1faa8cd9f6b0dc1aed965
docs/tools/index.rst,2506,9f2dc7311adc977ab9ab871ef5046e757c57df59dbc97e00b8e17d513b988114
docs/tools/kalpana.rst,1326,dc69f6169f66b87068bb239c8a5c7e3ca1452c68b5fe4bc07adcd64a480392b0
docs/tools/metget.rst,880,488d3344d53838caabff58df32190df057a6ebbc045815f4c352a74e679d78a6
docs/tools/oceanmesh2d.rst,1566,5c35f8b174237ed25b717ac66da5c0d8a8f3a924af655b5eeb2b5b8a6635c717
docs/tools/sms.rst,1485,f2d962c4c609423c5cafd6c08633a91495993c886aa4aeb2da325efd0c6771e4
docs/tools/subgrid_adcirc_utility.rst,1235,de9aac41ba69ed61b0470c2188de42ac90380f13670ce245b1dd69c15b60cb4a
docs/tools/vewutils.rst,1517,3ec969d7020eaddbea48dd4bb7a12ff4859b0fa82fa8338461f65410ae9c620e
docs/user_guide/compiling.rst,12466,50df18bc554c7021e6ce1f17577a2db6f87075c9cdbf149ce56bb3c33ef16d20
docs/user_guide/examples/alaskan_winter_storm_with_ice.rst,3810,0165cd40d27018f8ea6232e788def8fa4475ac67f0fa8ae3f590dd790e2dfff1
docs/user_guide/examples/global_astronomical_m2_tide.rst,2324,db4cd18af57359ae4e58ba2f10a09cf8d7069d11c3726fcf4349ad48d30401bb
docs/user_guide/examples/global_storm_tide_katrina.rst,2989,9dae5ee1bf3a2de12f277e6d69bb7f2fb8192a29c49639f458ad4e15965367bc
docs/user_guide/examples/idealized_channel.rst,4509,89f4242d1487cca017af010d692069443e3278d52ad6501e4144611802cfc8c6
docs/user_guide/examples/index.rst,2104,13aec56d342be2ad6b8ef1e6f60c6c1235a757ebb9892b7b3c5e7fe5712c7e2b
docs/user_guide/model_configuration/boundary_conditions/boundary_conditions.rst,2998,8642bbe56c5f0350e3607e83cdaf1e89a39a65eff784678c2d3107682e67ce06
docs/user_guide/model_configuration/boundary_conditions/flux_specified_boundaries.rst,19507,cf2657801626af6f533b9be9fe8d9237fedd02503fdbc6ed199d2c2ea41ba327
docs/user_guide/model_configuration/boundary_conditions/index.rst,249,3826030613de35e43fefcd3857ffad760fead18037b44ab2660a5e1f0cea664e
docs/user_guide/model_configuration/boundary_conditions/open_boundaries.rst,450,480e95f487e71016d218e45a0ec6c4d33810bf76765ab81cd62165591bfaf8e7
docs/user_guide/model_configuration/index.rst,307,4a525fe2866667a40b7d2251c2c154d9e386dd8b7c1838f3533c5ee1d4af5267
docs/user_guide/model_configuration/initial_conditions/index.rst,227,28718cc8fe7fcda7c74702b68df761973712c44838c350741d12e754df4da969
docs/user_guide/model_configuration/initial_conditions/initial_conditions.rst,1238,4f05aff2c1c6970c1528519d0a2d7adf6405eb69112d1cd65055daa98a2f7eb8
docs/user_guide/model_configuration/initial_conditions/initial_river_elevation.rst,1358,b1b02bcebb1918712a9d8968e7e6f50eb9fd8f5bff38fbe3c24e97619a868834
docs/user_guide/model_configuration/meteorological_forcing/generalized_asymmetric_holland_model.rst,42679,ff33f0f311fa7a3302780fa5a1764162c644e355acf74cf36341af0cacd8701a
docs/user_guide/model_configuration/meteorological_forcing/index.rst,324,2eced1d9ebf7f370626d84c37fd442a880afd12506e799dfb273293339ce4ea7
docs/user_guide/model_configuration/meteorological_forcing/moteorological_parameter_line.rst,19841,76909cfd5f57b9793615e7b724d07798cc8365f90ec46a907c4186bdf719252b
docs/user_guide/model_configuration/meteorological_forcing/nws12.rst,7772,61d8f958e3ccf244ee6a63539b8b7a359a75f686ff66fc4fb720f4a78c23f38b
docs/user_guide/model_configuration/meteorological_forcing/nws13.rst,11082,288bcea0dbfc10902f502214c87d2d050b619160852a342023df8afa4b5733f6
docs/user_guide/model_configuration/meteorological_forcing/nws_parameters.rst,28209,42c2ce3d073533e17eaf90393233492066a664c60649a8a334bd48949754365f
docs/user_guide/model_configuration/meteorological_forcing/wind_stress.rst,8613,cbeb9eed446ae93cbafbf02db411e45cb8160a704ae4a0e52e5c1e4678eba2a4
docs/user_guide/model_configuration/meteorological_forcing/wtiminc.rst,937,a77580268d7289ce8b849e0a4cf989492682aa7f5d72961813df1fe84ebdd9cc
docs/user_guide/model_configuration/model_parameters/a00_b00_c00.rst,8806,d8bf707d33dfc603c888e885464f8fbd130c4e268e08308544a0381bc0b4f2f6
docs/user_guide/model_configuration/model_parameters/ics.rst,4115,67d9a3320585298ea88328bc2cecefcb3b399ce5b08dcff0ba4c32f22d63c3e8
docs/user_guide/model_configuration/model_parameters/im.rst,6925,c481cd08e0402ec4e2f1a98392108ab6cf42ce23ea746fdd73f438d9f074c02b
docs/user_guide/model_configuration/model_parameters/index.rst,267,167649a5f2e8d6167bae725bce89f2bb82af31f31db3dbfd52c5c8d2360577ad
docs/user_guide/model_configuration/model_parameters/nolibf.rst,2060,d5c9f7c28363454175f06e4b864b186987fffc2c96ab46bc791317a09ed53dc4
docs/user_guide/model_configuration/model_parameters/nolifa.rst,2129,a0b66bdf72bd81176e184675cedc1e872282ad539c8b8d1189134009e0b5fda6
docs/user_guide/model_configuration/model_parameters/ntif.rst,461,aaa66c980c5dc30fb08c18a85c950ce76c8587a7428c3b3a347c03b142da4422
docs/user_guide/model_configuration/model_parameters/ntip.rst,1724,f544d0c07ab610cc4bcfc9e2334ef1be416d0952c05f0a9f3d14edd9dbd20e91
docs/user_guide/model_configuration/model_parameters/ramping.rst,5231,63cc60dfb28cba4afc67b83a7650c631562289750443ba614e5ddffbe59c1ee8
docs/user_guide/model_configuration/model_parameters/tau0.rst,10846,fc0eccce81f09af222bc3b42cf62c6a5ba83310f13ac3b3e61ff86982e2d425a
docs/user_guide/model_configuration/physics_parameters/horizontal_eddy_viscosity.rst,5390,57caebe2d8121e68426083ab2374bed2f1f70666ad3642e72a4f5211d3c3c446
docs/user_guide/model_configuration/physics_parameters/index.rst,217,bb2667a433a068b2f94bdad03f8502ba00fe900b202cb3a28322f13e14d0a7ce
docs/user_guide/model_configuration/physics_parameters/mannings_n.rst,3297,c259d5e169f213c4904d42a52fc90c303caed123b9f3462f0904f84d41e48bbf
docs/user_guide/model_configuration/tides/ali_dispersion_conrtol.rst,1673,f470dac40736a05650ba8eaf3fbb29bb385254a1de62f0de53b5a83533dcc9d6
docs/user_guide/model_configuration/tides/index.rst,3070,0d7affc9b087bcb2dc42c761a99d0e981c87ec572060bd0de2db0723d583944c
docs/user_guide/model_configuration/tides/internal_tide_energy_conversion.rst,7330,e3ed3abbb579cccebba85768a3f57ab8eeeca43238693eb8500f22d73574b456
docs/user_guide/model_configuration/typical_configurations/typical_parameter_selections.rst,6128,e5dd245d789516934c4ccda661335f7e1c2b62cf11eb32fafcc352e93cab3fa7
docs/user_guide/running_adcirc/command_line_options.rst,6808,3b265d16468f844609cb6b6d1c0cc4346eecbc2a87b682a0b7f6adba790ed97d
docs/user_guide/running_adcirc/index.rst,275,953b217284624ff3c30e14f734d7e175c17ad48bf90dad8cfb0ab61bba05d308
docs/user_guide/special_features/adcirc2d_plus.rst,4663,fc51ba1e77626d4f2770ee936c1f8cfd871a7cfde6f30bdba42c2e076e8bbb50
docs/user_guide/special_features/bridge_piers.rst,5242,bb29b56bf92abce2e87b5a7c99d12c5301407f7605f4f511376677fb857bc8b4
docs/user_guide/special_features/dynamic_water_level_correction.rst,12547,5e8a76275d4986c939318392ce2036ae760db49a1215ca8436310875058975fc
docs/user_guide/special_features/ice_modifications.rst,1688,77be8de9ec50f451366a36eda0ff67d01a53bc764cc866fe30df4cb5d5b928db
docs/user_guide/special_features/index.rst,421,404d027946f3c81b5247d0d60e26215af6826d2f6b74de9ac01e95588a882944
docs/user_guide/special_features/vertical_element_walls.rst,14392,954a3664f74d296464ad4ec920cc7ab449fda0f8dc46958a8316dbe0d2e84562
docs/user_guide/tips_and_tricks/coupled_adcirc_swan.rst,10951,9660d80a3c58a97d4fea188a52e275b8b6db47f67696573d9572978a33e507f9
docs/user_guide/tips_and_tricks/grid_dev_edit.rst,2979,bd74b23b1eade9bcba9dc95ce5d5e3fc23bd3aaf9ac12a2e007e0cc7a5c733a1
docs/user_guide/tips_and_tricks/index.rst,876,18835b04a34ddcfbc8ccf28a742da6a59b9b14e4f9356e64a07c22cefdd25f08
docs/user_guide/tips_and_tricks/meteorologial_only_mode.rst,2364,51167d8b41452f27fcd107863a42c5981401bb6032751497d5d7a3e7bbe55d26
docs/user_guide/tips_and_tricks/ramping_met_forcing_at_hotstart.rst,2042,79f17bea012c0689ecbf305d8b781f99319c035363d7d7bc6f79d31d7cb9d74d
docs/user_guide/tips_and_tricks/visualization.rst,11107,d91abc8b350d74c2ac2334108f5ecbe5e97ef799416a46c83da3f9b726c53265
fortitude.toml,63,f25e638797ef483c4952ea3954072a9688342536a05c6c7a68e1ab98640b2954
prep/adcpost.F,18236,5401543becfb193a633fa4d1e620612bc26ca666918c2e6a4b7d76f2ffc6a5f6
prep/adcprep.F,41161,b06676920aa1b9e078f8ba9e2d3777e5fd7c6ef34fe38aa50bccceeb72c8b4b7
prep/cfi.h,1120,91ded5da7773d27c5c4061ea28ffa0c1bce3570bcbecb21f29797db042655a68
prep/compare.F,58967,e3b58f65806865423285add2a3d99ff0bf1098db1f4e4661158c7c9b3af67293
prep/decomp.F,39235,9f0d08a0f3f15e4f4a2e81a9826c6b2b39f43ebf79f4de79ed94ac8d8da2946f
prep/diffmerge.F,17242,3611f267d92f80d9073b1016b89e03c5f2abebba16fcd87418c12ba32d7839e1
prep/hs_2_ascii.F,4604,764fa0b7e76422d1e20303095518772684f652aa4cf43c17182a717d5d0fea2b
prep/interp.F,50865,ee9173187ddf546742e64b151f0c93ca858ee11f4151e58cb7fc52cf2d5f43f2
prep/metis.F,19747,15184593c0ddc43aed4c15ed993297605f7ea4bfd974f46e947ebd3ffed9d6c7
prep/mkdir.c,841,cfcd1d04f64cc473d2c8fad59418b8f1b3072e3bed85e4353af17ddbf797b96f
prep/post.F,190128,ba5b1991a650a3389c1066463ae8d2c4bf1ff66daa0f37e22e379eaeb6a66c4f
prep/post_global.F,5371,ed82b35e757185b41abddea972494316f697945ce2a26f20434a33b5cee47396
prep/pre_global.F,33529,78ce9e967fda3f98be8ba629eb68059f9543755b694c2607fabc9b18d1899af4
prep/prep.F,356133,19a84ad56137093ea49e41597b99146910e11fad55c81ab011c4f7f07d1eaa42
prep/prep_weir.F,7380,49215267e0dff2d53ccc6629e303adcb1297ae8445a3decdeb9da1d73f7119fb
prep/presizes.F,67610,735156a6eb8f50e0ffcb8808e4e7f416b95c35d4ddf8f2412ab9ed3d518fdff5
prep/read_global.F,96941,55f7f75b8946f127e4e533f5b7c6b5ffcb7f0ca70d4f924e06a1752cfe58b2de
prep/subprep.F,15537,e9521f12e2284ce3a185b9c83985bf341339020a9f10171155f989f528d5cf04
scripts/adcirc_version.py,5339,e79508ae93ead67eda9ad033f7b364e75c0f0af85e77d512f1386a3221a25bc8
scripts/export_adcirc.py,2295,9df5e25d39d10cc5fcb23a5347032e4e5067962b3433704ebd488f9762cc3666
src/adcirc.F,25593,6abc3b680ba6390b1a304895913e4196774657036ead063e37a745e68f2b89eb
src/astronomic.F90,14915,5644f711754e85489ce4e420513d17af7e323c3ef71f36fded43a97f9d21c632
src/boundaries.F,31475,ed67cb7f38c0f3cfae615da42f8e43b765233adaa7db5db4770b10fb7245a47e
src/constants.F90,5554,f8c6c7f4394b3d1a6d251bdf2cd0be82f841cd05c2f26a3f5908f239fbfb633d
src/control.F,47414,bae7a7758c25421aaa4890c04d5cf65e10d8e1f3ed775d6d8429c64b601397a7
src/couple2baroclinic3D.F,47941,dad90d4a02b668232f4fd1d4c97b755106465ace71d69e1eb1825f5242e44fed
src/couple2swan.F,53178,5dd79d7b429adb44588d5dbd4fbdb7429196e9bafc6a9d7929bc61c4bae5a1e1
src/cstart.F,55671,11f53f6258dc891249cd064864444d97a20decd3f2d31686b2b7fa3793bf97f2
src/driver.F,2284,3a2b23fb5fee08d5e157fd071cb70b13653271182f98d47c98b304a580762b93
src/ephemerides.F90,14539,5b935815e5d6bd8ac5f875418d2a675377dd4dc906fc6337f7d60b56a3af0d62
src/gl2loc_mapping.F90,6601,5ce27211189fa83d5d89b0b79d325d1fa85eeb412fefabbbbc4f56c07913bc87
src/global.F,68672,703d71aadc68b13ce67e9eb47749b54fc99db8401f7bbfd22aaa0bdbdbae1436
src/global_3dvs.F,40913,9944b52ee04b8467b226b390c8cdcaf33a930a671e8ee4bee07d1e13ffe1ae97
src/globalio.F,70400,d55e16eb4fd73b59587a50033a461e2ebd03e653d90789c28851f5759afb7087
src/gwce.F,131604,61fefd90069f16c0578789e0814f6b2e8293b60f69cabc4ec001be9e966abf2d
src/harm.F,80571,faa3d6aa12d5670df29fb69c6d5c4e170726d4ba928d5b1968f30a7b43ff1039
src/hashtable.F90,5747,a4979b2aefc434a90af4783c953b8d285a40fdd388e61efff4a1f87904a7c06d
src/hstart.F,130495,3fc6dd98c3694fdd84c339ba28169d8799390c7ed57dc629fb08c01c5b0e0632
src/internaltide.F90,10371,86a0d9c1cf45349bac282d810af5228142acea77d0ca0adcef6a25d6dc76719e
src/io.F90,5221,06a1f2938502f57ac99c44e20d42e42921e60cb0dd548b6110ea98ad805eeecf
src/itpackv.F,90498,bc84bf6821733eb6ca15534d5a94b032e68e9e7dffef5f9b4decf1bba252af1f
src/logging.F90,21632,bbc3a7bf7233951e6850a1f31e7fb6782513f2694a2bd4ff61da7242f7abf042
src/logging_macros.h,7302,0afe1d53572cc69d9affb582d23caa03d6d820984b6823366ae8a3f0cc5eb6e3
src/mesh.F,213204,8854493ade5d76863bccc94893bee000594baf6674d580fb583efcbb5c632bc8
src/messenger.F90,66337,1045417fcd514a999bfd774677508998b1f61ad9c84e96aaa24f6ac8a0d12ced
src/momentum.F,105372,00f83a44d88c0ae0b80320076350878077943a92e2d763347c3bfa9156aba2b2
src/moon.F90,29901,7d77c8caad75ba43bb1dc4a3a68d3e8cdde7aa726aa95ce6ad30e5d446508884
src/netcdf_error.F90,2166,df70397995d6e4c9c16b4a37ab26d266b5af3e572d5c67edab282845e2896efd
src/netcdfio.F90,490370,453c5561c22f0d4a89fe0f452d005dd294b5a94527c64a8accdf14bc2ddc53bc
src/nodalattr.F,135114,08f3b854894572a8531a3d8503280091ff83212b0b7af0ff11fa1d333f95323d
src/normal_flow_boundary.F90,4001,8b85a0a96b3731377ccc18470a3f51a47fbd1e472a0c5281e8d6739d7bbe8f2d
src/nws08.F90,62247,6f253de7b1049fdc8165e259d07a6a8f20b031c42ac9ff36620f6d974122fb8a
src/owi_ice.F,19724,4c67e0e0a9e1d189cccd84c36019904278e75639250337b41443c390707640d7
src/owiwind.F,49981,c7677f3a1b12b15634e7d9c85d7203f24d79dcb06af4524e31d21c6db5492b64
src/owiwind_netcdf.F,40758,09dbfcbd950bebf8c1ab1f6302d1c1def9e5a3bb3660e698a9099d7efadb1747
src/quadrature.F90,8755,ca6ab351031bccd79d305f55661e1c94e4c0945049d32e516543855377f7fa7b
src/read_input.F,269414,476f8b6a297471bd6ebff46db03c778cc48ee54bfc9f380ad5f584b521a1e669
src/rs2.F,36920,bcfa2403da8821feaada62e81f440c5b2b5118bbcd49e401a8bc24c50d803010
src/sizes.F,18527,73d835efcab93f29e0664c22108896882415ba557bf0b3e0cfd5fe7d3bd86285
src/sponge_layer.F90,26990,fbc696d47df645528af710fb5bcbe27003a96405e304570e164d91b0c9fbd276
src/subdomain.F,26358,7eea4dea6f36ec14163db542f46dd2d677e742dc9250a35a77cd30c5c43661c9
src/subgridLookup.F,20376,d57bcdebc8a93393478a9cc86031cd8bc8b6e2681863d2f497f7d481ec35e9a7
src/sun.F90,7710,62bf7a52c7e5d49e6e478f29b064128e8e0b6a55f13a9924ff2bb29744824491
src/sun_moon_system.F90,3303,3d3b890796da513b8e3e39f85fbf32891c2170eda98f00c141b8c7fbb5b64085
src/terminate.F90,3932,ab1c53e001ba8f1b25587b1c772ae44d1ce32fdd6d0c273b60259b65b916f204
src/tidalpotential.F90,21930,3d164630e9b3c2cccce14880a1739bd0c0b9414974e460b6a3a63b0d0d889f87
src/timestep.F,120901,1584ecb91262bbb186bff2a6da776b4fd096088c76ad4510de5d3cb19a4c6456
src/transport.F,65027,15f17f0f8085f908f085da60502bd47c43d9e51be571bf47d5dec2a0f20fb838
src/vew1d.F90,13250,8a0ec68da8dfe298f57ebc06220f615879d5d06e1d916d1b717473bb56df5fb9
src/vsmy.F,217916,780918bb91467ea337576d2a551783cf386ab07f9e0085612607155283b2a383
src/weir_boundary.F90,113794,909c986541958f85d78d19469c7d3cb80dda6af5e29d25c3f94e11439f05f449
src/wetdry.F,75189,6b0f113ba39f5af671fb7aa8eab2f7b471a458b22c6d07b56a8330b451ed3c22
src/wind.F,391002,31e2772749419093c80c074126c4b162edca47222b520144744c991550e53267
src/write_output.F,293185,744be43b63857ad9d2c9a7191a6c9090a62817b02433adc4293b8cc3f8b9dab2
src/writer.F,69168,ababfc1c94532a50624cb37c7d43f694e6203515e5b6d0b61e11b2a2dd9bc8d3
src/xdmfio.F,59019,9f4d76e65c1b5327963c3a7addd4b85e23d1e8744d0dd1aa76ab788c10daeae1
thirdparty/KDTREE2/LICENSE,5345,bed9a6b6028eeec1ae08dab6ac1d939183235d2da8d3a202dfad4b3f858d50ad
thirdparty/KDTREE2/kdtree2.F,60014,0fbacf724e81df49f5ee6e20bd8ca451e62adcc9e0406cab56101f8edbe7f0c4
thirdparty/KDTREE2/kdtree2_README,1843,dd64380de17610b5b7b9c6be7aff6d1504be6f46801c92ab312b26f1ed270013
thirdparty/datetime_fortran/CMakeLists.txt,1053,1259425e95e7de6192bc85fbeee0177f8bb3887175f50501175f52af4aedf9bb
thirdparty/datetime_fortran/CONTRIBUTORS,280,5bd5ca43c769e6af8402b5df9757a9b54d09849c0467f6aecf0449fd9f917174
thirdparty/datetime_fortran/INSTALL,15752,e07808836b9bd90b07bc32117cde46b06821ff718514f575719a0ec5c306a24a
thirdparty/datetime_fortran/LICENSE,1091,de41d5cf90d6f48315a0eb5493a77dd03a281ea4d0dbb91b346e235bc87ff5d5
thirdparty/datetime_fortran/Makefile.am,295,22677a48f1150c9b5f01b820f41f0b694416967f0a715371e8842601d645276e
thirdparty/datetime_fortran/README.md,39819,8ed7cb956b405ddf8dc6cfec19d179f87539a082199c7d70481c9e2a21040a7e
thirdparty/datetime_fortran/SOURCE,54,0da72e6807b165e15847591852bc45c4e679c7874e4dd6773b60947062874802
thirdparty/datetime_fortran/VERSION,6,a2d5e268fe70979caccd895156b3d33bd61a3cc7e660ab7a5b07066849b3e248
thirdparty/datetime_fortran/configure.ac,887,df8460461c9ef63264de03fe3dbb37b6a3c6336558f1dabc9d3dc8bd3ff71283
thirdparty/datetime_fortran/datetime-fortran.pc.in,210,fa583b6f33f6a841d8fb6f33cd70eabe7f79061bc7cd33b43fa319b126943450
thirdparty/datetime_fortran/scrub-clean.sh,485,a03fc20ad2cc414c5c1652a12be0bdb0a8a30a748c132d7c3a7ca238aa3018da
thirdparty/datetime_fortran/src/lib/Makefile.am,1025,010bb08836a95e650ba54f57e1716091b068515b2312a1221d1b339998429c3e
thirdparty/datetime_fortran/src/lib/datetime.f90,435,4cde259725791c88ca51fbb4ed9b6af6c94a935900fa85feca5dc427a57e56cb
thirdparty/datetime_fortran/src/lib/mod_clock.f90,2031,66a54fa961a841b5acc31f9a9b016668a0246fa8158b7a1133284ad2394fe9cd
thirdparty/datetime_fortran/src/lib/mod_constants.f90,1606,0796024b5a29711adbaa03dc9b437121b0f89c54a1652e4690d2f8ebbf99c4fa
thirdparty/datetime_fortran/src/lib/mod_datetime.f90,33632,b776843e1a7d51c594c2429850617fe1fb2c003909c134e4ddb19d5ee8ea1653
thirdparty/datetime_fortran/src/lib/mod_strftime.f90,2848,a42f5a8bddc1b27b05796b0a9ad42bf6094684914833e86bf7983f89b2467b1f
thirdparty/datetime_fortran/src/lib/mod_timedelta.f90,8899,41bc7fdc6ae20738c6d1a2ff81ed75fee2e3438d93908ae7b01e6a5716abe0b4
thirdparty/datetime_fortran/src/tests/Makefile.am,495,5e21eade9cabef521a70ce05ff5a7bfe960702694e2459486b2656eacf1ffb7e
thirdparty/datetime_fortran/src/tests/datetime_tests.f90,40041,71023905095d9bcca3cc4078b462a254f1e50ac4c61c0778d7d11eec2ad06db0
thirdparty/datetime_fortran/src/tests/tests-env.sh,697,62cac1de69ee48373409b98eeafa35d6a6fbb0a6071a63be9fd3b28e143d2e59
thirdparty/metis/INSTALL,2392,3bcac18618b8ebd4b39e0cfd99daf829e264379eaa0ba479c9cadc520bcb0b01
thirdparty/metis/Lib/Makefile,2459,473787bb90923c218bd27b9efaf92d556b68b7e3746e7ed9e007e691957c990f
thirdparty/metis/Lib/balance.c,9494,d836c9dc67ba8f01be250fad453d51bc3c3ca7761d154881d29d6b736da210d7
thirdparty/metis/Lib/bucketsort.c,1064,1a1d7f9dbbd3372908bc6fc085705c2a48df998af7e55d88ccfe873badb60e51
thirdparty/metis/Lib/ccgraph.c,17908,3deb0394c035edb074d16129368f553c5c4b8b8f8b3dd1dd955fbc701ad26db3
thirdparty/metis/Lib/coarsen.c,2284,a5fe3ed141e6b90861cb170b538d2a3caafac8312ca17be155bb054e0daca200
thirdparty/metis/Lib/compress.c,7521,d5674122cf5eec89403c1bf16fed58e0c19990e8edbff0c84b6f4f5b7eb174ee
thirdparty/metis/Lib/debug.c,6826,55eed580bf220539a422703d38a2bed33ba1e568b07a04115c9e21f91222be13
thirdparty/metis/Lib/defs.h,4711,a3103c5ed11fadfdfa8fb25b393a4f1812f6546037235e869f1a75b0754aeac5
thirdparty/metis/Lib/estmem.c,4375,42aa609313e6f32c1bd44e372ff27d0f87e6d4df0369540f0c692c33e76d3f46
thirdparty/metis/Lib/fm.c,6644,f9bf1159d256ecd2eb91bea8353f0d5fb69bc231dc56aaeef0c1509055b805f2
thirdparty/metis/Lib/fortran.c,3496,df43874c5c9a816d4dd098ef673214a24710482b8106c6c491c7ccf8cc45e80b
thirdparty/metis/Lib/frename.c,17408,8e4c8a38b11fb74e4b8b61dbb6963481d3f8289355ce4a54f9ebb46aa5ec68a3
thirdparty/metis/Lib/graph.c,15990,ef61fc628ba22944d27126f006b0de44fc6999dc4bf7bc8d08484d2052571ab9
thirdparty/metis/Lib/initpart.c,12912,1edff47cda639efdbd869069e3c9aa4a0d90f17303bb7cfaf8af6148b0ae5de4
thirdparty/metis/Lib/kmetis.c,4301,6d73c749121a2df6c73d98b26d2c0df7f2971d7be00857f4a37b7640a4d4e2eb
thirdparty/metis/Lib/kvmetis.c,4351,b6716d0c89e3f3b07fcf7afa25de82ad99de4f6a8f13e1099f03e43dd3538be6
thirdparty/metis/Lib/kwayfm.c,22165,2a1ce741e483344c46d260887612be22ab7da5a94195cfa22c9a693c55241e5a
thirdparty/metis/Lib/kwayrefine.c,12404,29ce8ec13ac0e054f9cca9de2aacf07bcba353107083394e103db07ef064c120
thirdparty/metis/Lib/kwayvolfm.c,57576,c145a952d2059618fb07044015911e81bf0e21d074b7afb7eb90b70a83e67a5f
thirdparty/metis/Lib/kwayvolrefine.c,14563,ccf5dc0d19e9c8395686b4dd5c1852788d9ec25f96d57632c03a42417d5541c1
thirdparty/metis/Lib/macros.h,4998,5cc69247e81852af3ef5c2793828dd2fe15922686ccb21b26169690d16d30319
thirdparty/metis/Lib/match.c,7176,fadc2cbc8aefa75ea31fe1e318beca21f0f91d07bbebae0d5865225547f14ab9
thirdparty/metis/Lib/mbalance.c,8193,5d7706b7b328688adc11cea99da2aa3127cf48f3075ad3138beff4127a6ec85e
thirdparty/metis/Lib/mbalance2.c,10204,8c045fea2bcf63359543196c83a998aeb9019b271bb8995794dfa276bebf3e63
thirdparty/metis/Lib/mcoarsen.c,2579,c374dc213b54bc010fd874f4bbb247a5b2512e17a5d26be22622e3a283f67040
thirdparty/metis/Lib/memory.c,7801,9f3001fc2fafbea1d493eb554476346c04bd43da150abe4016899c721a576e00
thirdparty/metis/Lib/mesh.c,11044,fdd96c525c423029571ba5b8dfb2ad133f1ef56a5ee34b6ca164efd1b97e6275
thirdparty/metis/Lib/meshpart.c,6105,fcbcc3e6534b8a110b3f923032ae52f8a9fc7fc16d5a882c5d2158900a2047a6
thirdparty/metis/Lib/metis.h,675,d50d116963802e832498c8fac821260bdc65e125c0eb20984e91bdd7e60781ba
thirdparty/metis/Lib/mfm.c,11445,db4c59a392fcf58b96ef7620fda276ca27ffbe43808080c32b88c8f764e0192b
thirdparty/metis/Lib/mfm2.c,11169,cf846ca10a7fe88826cac9b0a27da483aa085e971191f629301c71a86e5c20cc
thirdparty/metis/Lib/mincover.c,7476,d832c1e4aad9d690756b6b03c67f37b74e01c127763e5a3270507de0fef6dc40
thirdparty/metis/Lib/minitpart.c,11238,36c210b11f8cb5775774ea56040618a9baae2cbca9d7145ff69d960729e0716a
thirdparty/metis/Lib/minitpart2.c,11302,9c35485188cc5c9b6d2feceeb5163d58d16103e1b49addabb6b59e5309c107fb
thirdparty/metis/Lib/mkmetis.c,3923,9f76c5d42b7e35cdaa6f5e06b656bb0e82615cbe76fccdad8114f32a4264e29c
thirdparty/metis/Lib/mkwayfmh.c,20936,4c88c7568460c06350c1300be230d80ede6fbece767f931640247c9939385edc
thirdparty/metis/Lib/mkwayrefine.c,8864,3f47439b2b3d69ee2d464d45bd916ab5f7b00cf358ff7a827a0cd775509c96aa
thirdparty/metis/Lib/mmatch.c,13835,7533f2f96d3d02193d2a4835dbcae468286998a987b97a7a637d8cc432e13228
thirdparty/metis/Lib/mmd.c,21806,edb4b3ba4496c20e169ddb6e55db159f7694efb72638f6f9deb8d8e9a499917b
thirdparty/metis/Lib/mpmetis.c,12061,9423d93c233be6ebd94c8a9737c928b8b251e1ccfea34bd67424fd51e6966357
thirdparty/metis/Lib/mrefine.c,6076,a2a583885df480c585f637836842c4a858d084c1e753ef308c0521769dcff771
thirdparty/metis/Lib/mrefine2.c,1549,03e21d911188598062cf0d8094f417596b129c8ac3b3ea18949055eec7a4b77c
thirdparty/metis/Lib/mutil.c,2706,b9825be0adbdd930032f68551d9d0e38b9ac51d43d473ae57a8302714517e9cf
thirdparty/metis/Lib/myqsort.c,11969,122a07e6de31fb1afccc0916a250fa117721610bf43abcf2d3d92140c07a9e4c
thirdparty/metis/Lib/ometis.c,23304,6e15bbf61d30bbcebaee2feb08041d73f9efee723a26bde45e737dba82cf574e
thirdparty/metis/Lib/parmetis.c,11700,7d01c28f2bfd8a9af6cbb1f7b4836ad4efbbd42b635595c91bcf46a3b838228c
thirdparty/metis/Lib/pmetis.c,10762,dbdafa24b44cbc83b264b6e9f5560ccc9206e60c15d8725ccb9f9e71be69c0c3
thirdparty/metis/Lib/pqueue.c,15519,d01dece06a6be9c5eb31a578cc3527e865e150705094c49bc9b5b26c1b40bc6c
thirdparty/metis/Lib/proto.h,28015,d719d03f6373e9bdebe9bd84f73820e81950aac0eed28e34132764b5820c69a4
thirdparty/metis/Lib/refine.c,5642,1c2fa45d29596069a34832c3658dd805d10bf2e65ecc5c0ac6102505f9be4408
thirdparty/metis/Lib/rename.h,12833,3b0559279aae9e5724a21dc1bc09c64a8ab324def8a42cf3e2200074cd7d49b8
thirdparty/metis/Lib/separator.c,8509,fc0e30eb094001fcf8436d65cdbf5b20df2cdf585caecb54b68cd76d9e299918
thirdparty/metis/Lib/sfm.c,35469,6260d700d0b6b045a5d66077676a9afd40e2622ca68a3285fb21a2f01a102d53
thirdparty/metis/Lib/srefine.c,4944,7252b3940081e83aca1a531527a2cd6f973cafdd5903a7d319c674a1627c6b5e
thirdparty/metis/Lib/stat.c,9735,0bb8244cdca24766c887fcb4b3e241d3fd0faf4acd4663ccbcf6eaa833b1d98c
thirdparty/metis/Lib/struct.h,7967,735b050cf117d00c3a85166ee893c28adff5b0fe3ced15ea0d087aa40d1ad1fd
thirdparty/metis/Lib/struct.hcray,8078,755366f56db80ed2c0c60bd84fed7922150d78f78ad404aa02bde817f50eab2d
thirdparty/metis/Lib/struct.hgeneric,8054,52b62b4e8fa6ba01649d9329b45fba9843689bc41ae595a9a31795cf83b79613
thirdparty/metis/Lib/subdomains.c,40380,7832421aae9f95d84ece397ae00da598ccc4088cd4b7a388b1cdf4d4c1f27c12
thirdparty/metis/Lib/timing.c,2886,1e6b570a1405d0dfbf469bf0417c8a1f21d94862091059a42b3ecd5dbf1f9daa
thirdparty/metis/Lib/util.c,12624,e12edce732b646abaa84243d1cbb0070d9a9e9df6821e2ff453f16c6cfddfea1
thirdparty/metis/Makefile,112,00bc64d1c879012ef65c15ba5162359f15383336dafad7a033e25c8fc9048afb
thirdparty/metis/Makefile.in,386,6f159f1dff4e327ce0e756e66441ca54088af523881661a7e5a1cd0d78a4e36b
thirdparty/metis/Programs/Makefile,510,1ce434360d3a51cc58f092c132fb596ed4d1ccc87e0a843b4ca64d92f040bfb8
thirdparty/metis/Programs/graphchk.c,1501,dc99beba1df82ce635d84e98ecc18b8404df163dad6e110317bb804605c3a85d
thirdparty/metis/Programs/io.c,10264,c1a0f7ea6e61323aea5ceb357fd013ade5eca0386de4fd4de09102d3b0b17b72
thirdparty/metis/VERSION,42,aeddf32e27e5a75a461e7d872d3adcbbff507f2fc10a0865e6b4806c2d62f905
thirdparty/metis/Windows/README.txt,882,9d35e9083c31d416f67a8c7b67cc117aebf55cad99035c78fccbe9e47b27eee1
thirdparty/metis/Windows/gettimeofday.h,1207,c2e03a2b15f3dc4f648405e2dacb89ab569a840f7928c31b40fd1dbe5951bb3e
thirdparty/metis/graphchk,18052,c32f166207857ae2162b858839145aa96a4772af29e66475eae5b7c5d3954c54
thirdparty/nuopc/Makefile,4357,75dbfef7c182a87d6d2b64e88c69298497bc07696e84b09f4f375d763922b406
thirdparty/nuopc/README,424,3145acbc868104aaab32ef4303dbcdcf5fce581fb8a5625efd1939c4d033e40e
thirdparty/nuopc/adc_cap.F90,74014,84fc7c0de3617cf1525b29699f89917bf4fe4c2c53182a883fddb87548193c1b
thirdparty/nuopc/adc_mod.F90,44982,402455dc0482cd1ce63510b93fa3a8090b1deb1dde8055dff72ad537a6fc2590
thirdparty/nuopc/couple2swan_modif.F90,9597,22736896252bde3b1a65f8521b784ea877a363db9984d68a658fd3534d9f60d8
thirdparty/nuopc/make_nuopc.sh,4696,3bae052a7debe69ee4e6ae0ca25af0c16edf566828e1100282c4253b1a22a9ec
thirdparty/swan/HottifySWAN.ftn90,32133,05b80a879a33d01807ff0189977823711e373b017b6cf331c25c61c9b9b37966
thirdparty/swan/INSTALL.README,1242,b46e3601c3b8a1790886e5038b2761d54d11b54730b188256064e34cc2cd66d8
thirdparty/swan/Makefile,7288,4310f62db4f0fce4aeb56adbbb157dd3422ef84c4d6e7992231ee286b331a95b
thirdparty/swan/SWANRUN.README,2616,b9a8304014adf707ff31adfeefc21bb9213ebe8164bfffee96cb812234b44c77
thirdparty/swan/SdsBabanin.ftn90,102985,4e005ae3c1cccfb6513c29cf3b53f77bb7ff1fea7ebe356908e2a488a0b3c658
thirdparty/swan/SwanBndStruc.ftn90,7039,c7cfd51d31ee449bcee2daf7473a115492c81acc66d862ed6ee9940ca1341dd9
thirdparty/swan/SwanBpntlist.ftn90,19591,fbf23e189df76ccbb7f6e312c2cca2b28333c29785b2fdb2ae0c70f6f250ef1d
thirdparty/swan/SwanBraggScat.ftn90,56660,bece152e79d26c0b09627ed02e160c4735b5b6e7f906a038558b7c1aacdf1244
thirdparty/swan/SwanCheckGrid.ftn90,6373,d366a4476177de4f01ea9b520ded2dd0fce6f4eec7c9ada0d6fddf751a4fb726
thirdparty/swan/SwanCompUnstruc.ftn90,82732,6cbf81878647ba7299c6464770fd39674908f6eba0a4966b3c414411c4e929fe
thirdparty/swan/SwanCompdata.ftn90,2569,8b9cc55a2b04ab6bbf1fa8fa13a6e919ac4334db5c92c1bdcff4229e993018a5
thirdparty/swan/SwanComputeForce.ftn90,13921,8ab60b3c6019fd1a2963f47f9a67fb41fc72d02483a78e04804f50617abfcbb9
thirdparty/swan/SwanConvAccur.ftn90,10155,a6578e1c7c3a53d4ba573aba3970b01cf0c06dd9b4e0131b2e589786e2d8fa1f
thirdparty/swan/SwanConvStopc.ftn90,11928,450335e3c6a20b3932e0e8570ffc7c7b49c55be685d2a47e7aff4ba10082f397
thirdparty/swan/SwanCreateEdges.ftn90,6160,70b1e5602e682d1f0bc40a58b066dd1ba679d0ab02cae3bf077f34baaa19799f
thirdparty/swan/SwanCrossObstacle.ftn90,3589,f8a155abd964a308da981596752fe69b6505a28201fc56657f3fadd29b03fd59
thirdparty/swan/SwanDiffPar.ftn90,17549,e42e77226dc85a8fdb8ad49ce8f7360a07ad2ac63ea571c63f28dc9a78523fb9
thirdparty/swan/SwanDispParm.ftn90,3741,24561178bfa6284d344e14f7d6e55e51280b07c817ec3e10a5b6d07fe7f0d49a
thirdparty/swan/SwanFindObstacles.ftn90,4976,771a609444ae4584ba7d535afc3b4f23b3be16d1c1cf06ef9a2c97ab1a188eb0
thirdparty/swan/SwanFindPoint.ftn90,6143,a064476c8f53b4f548497df27983bf1785c96bf187ea5e946ae2d3787b1f61db
thirdparty/swan/SwanGSECorr.ftn90,12575,509cccee395627d696a79c5a088a36fa94d3ee8099a66beb66d046b119deb703
thirdparty/swan/SwanGradDepthorK.ftn90,14331,655f6bbc2a20c5b4a751adf6b735be6239c6a12b70cd2f0186f84e003752a219
thirdparty/swan/SwanGradVel.ftn90,9222,2027f7af1a17841bafc59075f1551723d71c5a2037e5f9f329040d4982f5b25a
thirdparty/swan/SwanGridCell.ftn90,12682,7453738c8469e2948de67c42fcf4401d21e1b5b368ebc345c40f5cf3999ff670
thirdparty/swan/SwanGridFace.ftn90,16713,050be61d3354ec2335e0686f46c26ac4fea2b6d2b78aeb0ea75e9b149fd026f8
thirdparty/swan/SwanGridTopology.ftn90,2877,f83902ca31e6ebc122fd4824f6b8d3309d9e805d5b9e00ba9f2c8fc1d9b7ab6f
thirdparty/swan/SwanGridVert.ftn90,3270,09fb4d753f81dcea895e565510592a6d48d3b18ab4520ba8432c581d77842525
thirdparty/swan/SwanGriddata.ftn90,4053,441bd5ebe4986b9abcb887ef188d03b6fed3079c66042fca0e242d59b08a5a91
thirdparty/swan/SwanGridobjects.ftn90,10371,60ea7a03d4454db915d3cbef6c61ca61f9203611b66ebad116d63b8066715293
thirdparty/swan/SwanIEM.ftn90,46989,78e27c68e9ad01dba73a57e4689710faec04b5a3132b15c85235ee9b01ee81ab
thirdparty/swan/SwanInitCompGrid.ftn90,4410,1bf793b27605706be01bf90987eb9614f2de5fc8d9b984b6cd275fd2dc2109d4
thirdparty/swan/SwanInterpolateAc.ftn90,10799,3e4e2a8d1c486010877b539c4102cb75fe1da1960a99449c1abc672e61ff41ce
thirdparty/swan/SwanInterpolateOutput.ftn90,12381,df63b17926b30483331c59894336420b4b44fd7fe4952324da5ab0439bdc5d59
thirdparty/swan/SwanInterpolatePoint.ftn90,9564,854b4fa29c77d7ee6ae6e018c347cab95dce7e32c5cf614b86230d7f430c895f
thirdparty/swan/SwanIntgratSpc.ftn90,12191,34a9459b4a1932fb1a6c52049600ea632a846cd2c206ec459cae136726b1550e
thirdparty/swan/SwanMaxOverNodes.ftn90,2568,8b5bde84fbbd8f1c952a58367b6052fd29b4b3b9158357fc84461c052675a3f2
thirdparty/swan/SwanMinOverNodes.ftn90,2569,50c1723d18ce84dafb51cbebfc2067b79a48af68f2a7d386d65ff363501f78a4
thirdparty/swan/SwanPointinMesh.ftn90,4256,14c1551c386747684adde77107867c86d62a74d604d8ee516f5965007a93ebdb
thirdparty/swan/SwanPrepComp.ftn90,2990,7104fb9bcd643f50613e32b31f518cbc29ff14677f4cdb2978b8cd0afb953064
thirdparty/swan/SwanPrintGridInfo.ftn90,6058,8331661fd9320d81299f948db914ea5c1bc7bd1cacc82b51ea9a52110c66a7b4
thirdparty/swan/SwanPropvelS.ftn90,13326,f0f1c9e2df1524ba9651bf9e122c724884a263a2f503e1a5fcc5dc842a0cd6bb
thirdparty/swan/SwanPropvelX.ftn90,4015,4676537a0ff7385d85acdf9f9d397128d299bb1293cb715e828d37c916887926
thirdparty/swan/SwanPunCollect.ftn90,7812,62e1696f0c4d7ccdf2cc67c8bdcc2934f62bbe10d78dc0b6f289594c03561882
thirdparty/swan/SwanQCM.ftn90,130881,fe8d0d0570e105fc709f1204b7d7b637effca8d4d0251636068da1db2af9bf6c
thirdparty/swan/SwanReadADCGrid.ftn90,9824,ab7b549ee22a0858018bddd8a55d897bfe9abab82a7c257fa32f84b4016d964a
thirdparty/swan/SwanReadEasymeshGrid.ftn90,4910,ef45863407eba01ff395b664b18a306b79835964186da3f784fd346639c6c2de
thirdparty/swan/SwanReadGrid.ftn90,2750,c0a136d73c12e5d31c7b95d02b6a79aae318e6f0ff2b8551dece169431b4d1d8
thirdparty/swan/SwanReadTriangleGrid.ftn90,6241,042e251bf7af0a7bcdbd5dde17869258446a2c84f26ed6a7aa5a80902a34ba2a
thirdparty/swan/SwanReadfort18.ftn90,5344,9654c34bebdf1d51be3f3ace8c2fb7c4022fbd24f8a4c6425a58c546cc0dd87c
thirdparty/swan/SwanSpectPart.ftn,43867,a3c57d06799efff3c537830e85fc09f83c4266e31eada6432e61d29ff7f74c62
thirdparty/swan/SwanSumOverNodes.ftn90,2567,1da5b28c59ed28a1e97da638013274d092376685d1c4df78e66bacf28f5e7bd3
thirdparty/swan/SwanSweepSel.ftn90,12445,c639a58d35f792d73811e906b2597632ffdbf59f80952aa9abc1e523b24b7740
thirdparty/swan/SwanThreadBounds.ftn90,5122,16f3857a4c85693276a1866018bf3fbc3878d36340c3d17d3b73bafe97ba1f2c
thirdparty/swan/SwanTranspAc.ftn90,8346,ca38ee966c2ed299db68394f4818a010dfc55da4ec0c942d6ecf1700964d1548
thirdparty/swan/SwanTranspX.ftn90,6711,8dd67f02bf4ab349f5d51002a39c2326bd0eec7ca29500c0f9bcb1e4098a13ef
thirdparty/swan/SwanVTKPDataSets.ftn90,11637,257ed48d61a6ca8f5720fd2b6d8ee23ab47be39bc0205ab7470f3716fe0c2fb2
thirdparty/swan/SwanVTKWriteData.ftn90,7695,98fe9a9f8bd2e8f7d3c16cc104095ef32d3f463299622a8b9ff61300f350d129
thirdparty/swan/SwanVTKWriteHeader.ftn90,11422,480d3715aba14c652d4240a5c5512735dbdd75e597710562a4f6a084b8953116
thirdparty/swan/SwanVertlist.ftn90,6758,e286762eb26bd85650bbe78d2b440750162406cb35075640f8555f040ffd2bc8
thirdparty/swan/agioncmd.ftn90,114850,4730e5f2b1182f5aa4573d98183904f609c2b5bfe139ffb6421fd367651e1c01
thirdparty/swan/couple2adcirc.ftn90,17814,daeaeace6efe490dd1703e30bccbcab54d8598cf360d248d7fd1a75b67ed6f3f
thirdparty/swan/fftpack51.ftn90,424860,03ca82e2f38338c1f5e67aca517e9335edbda9a0f3f48fa807433fa1e732310b
thirdparty/swan/hcat.nml,486,12565bf3b5740e593c32cf33cf330c8d776a1395c46ec6dc9f120b6b0976d7e8
thirdparty/swan/m_constants.ftn90,1208,19387730e5269a971c592cde3ee1cab2d89beb0445ce003d00d2645fecf1bebc
thirdparty/swan/m_fileio.ftn90,19180,a5a108edf20f899e7c294b52cc35e9e258971a4d2f44b71debe438c75fe29b8e
thirdparty/swan/machinefile,334,41fd4524af9f619dd83115287a29b3de94d9231589878e532720892a468047d5
thirdparty/swan/macros.inc,1486,d5766f2020b4dbfd31abf05756f8b6b72ca699093974fb01a620234feee9db6b
thirdparty/swan/macros.inc.circleci,607,61980b753cecb7bb156032986ae610933f52f68fc206348b4adf1bbbd610a785
thirdparty/swan/macros.inc.frontera,620,71d3bb84d1f937de37e7b915e7f36db3fef4565d2a5f12f1c6dd5cad28d804d5
thirdparty/swan/macros.inc.g95,575,48e3f97d96cc70c4c0c0691bcbe988eeb327c1eca32927507eea23d9c1b6769c
thirdparty/swan/macros.inc.garnet,591,832e2fb440f61b42ab77ebb387fdd107ed1708707e4d3b275d706a4cdd7e4513
thirdparty/swan/macros.inc.gfortran,641,10ad9fe861533ae86539e28f0b161b77ff34bda1edfd5fa6603edfa21b0901ed
thirdparty/swan/macros.inc.hatteras,603,590c6cf38b45eb269866aa58583596d2825c1689c40dc769179edfc2a2505a21
thirdparty/swan/macros.inc.hatteras.debug,647,2f01c931786aaa52f5208d7594b2c56c5b92f3b710c880303f2214d3f86c1158
thirdparty/swan/macros.inc.hatteras.debug2,615,5cd5a8922bfbf406181a17d3470b1be095267f8b6d8e710ebb9a9be0ac192e1f
thirdparty/swan/macros.inc.kraken,558,e127b693831ac5b6ee62055cf7af53db42858a0e452a1694e7622e2f92555867
thirdparty/swan/macros.inc.lonestar,553,387d970d473bef2b4f8ba4655a7080c0b7f7835d30030ead83fa3c987ca04b10
thirdparty/swan/macros.inc.queenbee,1103,4956007f22af729bc1eb9301d4e56e1e3ae7e20109af046913f3d342277ff84c
thirdparty/swan/macros.inc.stampede,1077,aff9ee9511d58fc8f7c56bd69994c9593c4e5465b33939db580c74897b1b29b6
thirdparty/swan/macros.inc.stampede2,1135,f11b4cf8f56ca63102227357ebe185e428b5057a0d9a56bc6e153490778c979e
thirdparty/swan/macros.inc.supermic,868,2c32951cb43f222e76fb75a09da85162b144f24ae79a3c54eff933d8c1060e28
thirdparty/swan/mod_xnl4v5.ftn90,300980,68d41feb1e87e7371191b4b602477399ac5764a5c3ac7dbefd095c2dc7cd6fb4
thirdparty/swan/nctablemd.ftn90,20678,29ecbf697c0a0c7a24c6b01d8b791c3fe124715626b599e998a80989b329d2c4
thirdparty/swan/ocpcre.ftn,87490,6cdde889a3792689f0f9e71e818e592f7548e11cd0c8938ef2161a9269fe6565
thirdparty/swan/ocpids.ftn,28928,f158bc5043124170fbcd506e0f95c491580c3d4608d485c22a6e4b9a37149177
thirdparty/swan/ocpmix.ftn,100300,642cf435fe3a788b5bae9cf637a8553625bd86fdaa0a25c370d6db509098ebe3
thirdparty/swan/platform.pl,42505,62893805cf2ed8d0b2f7cf2795ceac0c2ad5725e72d36a0d6053d6d58a75f96b
thirdparty/swan/plotgrid.m,1503,25f01b838f01bfbc38344b3fe59a93aa962bd25522bb78a9aea4310283263dab
thirdparty/swan/plotunswan.m,1397,e5b52098b413734aea92ff53c1e484deede757cc61cf336638c7e63d1dc43a37
thirdparty/swan/serv_xnl4v5.ftn90,25124,a08751036032a65dc4d7dc47bec08bba8b60bb5e13cfae891f850ab0530435c2
thirdparty/swan/swan.edt,14094,eac84893d4e382572c7eacab843dd9857c7728d4ace808f0206498e75f885343
thirdparty/swan/swan2coh.ftn90,13273,0766b42ecca6587c111226388783cea41341dac2770ae129151e98b187001a86
thirdparty/swan/swancom1.ftn,569743,55137b279ee223c0cd087a80f403e765fc60c85276b9d8a19b849ffde8ad4fdb
thirdparty/swan/swancom2.ftn,138795,f92be1604548c80de10ac55f677cff30a8b01b520ff050676586bb6077edb39f
thirdparty/swan/swancom3.ftn,117467,c7f6d68826900a17d3037db72b3ab951f6dc191312af8be2c75aeb94af0290ff
thirdparty/swan/swancom4.ftn,207674,ca279dc2163323fabb8085ec4321ecb4b40b186117657d1ccec0b9fa914b3e1a
thirdparty/swan/swancom5.ftn,255374,f68751e33603238e9339b5eec9460c897b0e162a7ecdc47cd951ed354636ed6d
thirdparty/swan/swanhcat.ftn,26800,7390f466ae0b08ee50eac80a493ee3a00003855e247b895ff68f5dc8b939f4ce
thirdparty/swan/swanmain.ftn,446542,75211bfb494c35ac42fa358f6a7349b801b27a89fb5462102f2f90a4dd7712af
thirdparty/swan/swanout1.ftn,266465,bb9d9285beb5de1af70396c36d41e096e3a54566146d00d5669ceb19e195ad9d
thirdparty/swan/swanout2.ftn,124305,0cd66d511f956673250acdb0916d0ff77aed7d23772d4567f2efaf6ffb3b33aa
thirdparty/swan/swanparll.ftn,203425,1271cc653f286380b84fcbf9662cf502c3199c24714fcae3633c6a96db9fb4b9
thirdparty/swan/swanpre1.ftn,338774,b373b1388d165f7d33f357319c96374df9af3360040d51ab76fbbfcf5e9a9435
thirdparty/swan/swanpre2.ftn,326508,6eeba0ce4cb83f60e3e77351ba9cd4e7998e20da5b89b77b3dfc768ff54d935d
thirdparty/swan/swanrun,3927,6a316a14a1f9219a2ce74a8b2109284cd036dc98cc7573400e5b386b393fb348
thirdparty/swan/swanrun.bat,2009,6b856cbd39d404f07fff899fd77e9a8a07067dd313ad86dcbf55bb16f28dbf19
thirdparty/swan/swanser.ftn,309602,6b6fe1591a086cb7b62e3e5bda8c6aedad27933b5bbc64c28447f9f47a76e358
thirdparty/swan/switch.pl,3792,8908bb1b8f1af4bf396bae06bc080ead5df1e8d35fb1ff5b83372dde3f22a84b
thirdparty/swan/swmod1.ftn,122999,a1092e56aec2e7bac275e63743d2bdc272208f2056d00db41ed97836a05b1bbf
thirdparty/swan/swmod2.ftn,41813,1f9df7d99f987093facff6fa4ff245a2cf46525fdfdb7c04fd55924eb023fa75
thirdparty/swan/swn_outnc.ftn90,68681,6f544612077f6588dc6d34f9f5526338a80be039fab282d669d09afc1a3cfe7b
thirdparty/swan/which.cmd,513,78fc3f66c927fb7ea7b2dcae6d167c5a73fb1127c7247159a7492c8a81c14f98
thirdparty/wgrib2/CMakeLists.txt,29518,3be62f7b68f18ac97df9f9d889169c9ac1f2062c6c05343be0fce2b20ebf6c0c
thirdparty/wgrib2/README.md,5815,b64d51ce321d881639f616fedee61f92935f8faa471813b0fecb1908ad0503fb
thirdparty/wgrib2/VERSION,6,84746b20a3a72f6ff85a629706e50507c1bd200907456b76dd808a2a5ca0efba
thirdparty/wgrib2/c_api/c_wgrib2api.h,1630,0f77257ae405ff5ffdc5de8727908d6d3bc7d980cb42af5f58f0d220d697f255
thirdparty/wgrib2/c_api/grb2_cmd.c,1019,d695951f2c8b8c40d4dbb93281e9bc3fb8972d479379cd61afa57d81c2bdc133
thirdparty/wgrib2/c_api/grb2_inq.c,6981,9035f3a55efffab62a490ddfc407d49e826f9c05d84cd9b909fd4b3ffe694eae
thirdparty/wgrib2/c_api/grb2_mk_inv.c,418,74971039962eb9a964beeef3700d0d06360a9f0fe2b2f231c476c45f8c4ca33d
thirdparty/wgrib2/c_api/grb2_wrt.c,4668,eefeaca6d770ac5c3a904ef343b4b4b732893fceccf40b0cd9dccbdbc8683a4f
thirdparty/wgrib2/c_api/read.c,1408,a0058a5641ecb1f076023b1c837f7a8533ecacbe68a13aa59eec75fb55bf848b
thirdparty/wgrib2/c_api/test.c,1417,6c7ffa9146e0d6e7965692ba20af0d4aa05e99294c1d11571b7def3cb217c7fd
thirdparty/wgrib2/c_api/text,718,6dddf35c36ecca9e91eaf245a84b2e87b478ddb448134ecee2a3411543a7d0e6
thirdparty/wgrib2/c_api/write.c,615,50e27e1ee3cc4c0b37403429d0ad220ffe9a05adc81d1dfa494508ddcbe37f2f
thirdparty/wgrib2/cmake/FindNetCDF.cmake,16219,10f82a1c29c0cb078b86e945c2c57615469d6e329ce6ec6602df40f179847831
thirdparty/wgrib2/cmake/Findlibaec.cmake,891,252c5f6fd248176183ff9e8bc96f54d02ce309839162bd1da8d14f48cbf9c50d
thirdparty/wgrib2/cmake/PackageConfig.cmake.in,556,ff6127ac22a7771d81dda6dcbd51155c81ab29dd3b31af977ce0d97496a4cdb4
thirdparty/wgrib2/config.h.in,1210,2c9c1bf059b0a08e6d11d391889d65c11c3a78e738f3dafd02efb9dc826ccc01
thirdparty/wgrib2/g2c/.clang-format,503,e61bb0404e27f53fea970d5f2dd783be85ced6653a37d7aeaf590696171281a2
thirdparty/wgrib2/g2c/.gitignore,56,1179c783578ff8f8ae206e26aa79b3dbf446c119fc2cdcfe55e3b652df14071c
thirdparty/wgrib2/g2c/CMakeLists.txt,4687,be7178325cb88a913e75606c33f5cd42b03a5ac6ec0aa9ab3f806c71dea25d2b
thirdparty/wgrib2/g2c/LICENSE.md,999,48643af4b3236d5035f86de3dfb1002ba6606c5c7afe393819098b98595c0e69
thirdparty/wgrib2/g2c/README.md,6719,76b53d1e504319ca5b514fe410d4743a64b243b953daac64039fb265277c003f
thirdparty/wgrib2/g2c/VERSION,6,c4a2383a03bdb6739d16a0e24058e4b9c7da4e63d203e0be2f448868cc03c530
thirdparty/wgrib2/g2c/cmake/FindOpenJPEG.cmake,937,93532db1b27eb5cb1de8795dbda77070d8c9a21e1f579542af05320c6e66496d
thirdparty/wgrib2/g2c/cmake/Findlibaec.cmake,891,252c5f6fd248176183ff9e8bc96f54d02ce309839162bd1da8d14f48cbf9c50d
thirdparty/wgrib2/g2c/cmake/PackageConfig.cmake.in,541,8aaf41d811edf8e4dad33e27d34fd6d886042b78f65050d45d2ea8953a64a5c4
thirdparty/wgrib2/g2c/src/CMakeLists.txt,9446,3eef6f8006d95665097787ebe3066c1fc910b418c6404dbf36cfd597bc3ea53f
thirdparty/wgrib2/g2c/src/CodeFlag.txt,481900,c8789aa7cb784a0207c6792a1577751f020d4db82a571cdabb83d247f99d93cf
thirdparty/wgrib2/g2c/src/Template.txt,991687,31f85f78ee99fea6242493a802cbd7fdea0aec9f86f52e3cf5f654b8a29af861
thirdparty/wgrib2/g2c/src/aecpack.c,14758,2c3e8b1fecb993fd435440babb40b61b5cce9cf52c9fd7c07713a7d6af8de4f5
thirdparty/wgrib2/g2c/src/aecunpack.c,7932,a164c3678c4ece93e337f0a0304d7a236230077dc2978fbeda08402b5cda864a
thirdparty/wgrib2/g2c/src/cmplxpack.c,1655,d7492802bc4b74ab604d668f54d0a45eb8f20d6631f973f9dcd86fca0ac58f1e
thirdparty/wgrib2/g2c/src/compack.c,14495,9253fe0f4f1bd0c1f74cf1a8df84b45654c4833e5ad32475ebcadea68688c8c1
thirdparty/wgrib2/g2c/src/comunpack.c,10198,8aced3c46c4953df3cdc395a740be71ba456b07c5518ec81127c49f6ec046ff4
thirdparty/wgrib2/g2c/src/decenc_aec.c,4219,4c882a8dba5af4338066d9ff7b3f88d0de8732d75d7f517282b7b67eff619419
thirdparty/wgrib2/g2c/src/decenc_jpeg2000.c,12552,36d75cf158105b47668ae531bf1cf9337dc83554aa71f94ffb3419f6fb2687e4
thirdparty/wgrib2/g2c/src/decenc_openjpeg.c,18174,6ee5b920bcbba3a72a6ced513f1e5911f566e1c0cf9ba3e27aa4705f5729331a
thirdparty/wgrib2/g2c/src/decenc_png.c,8452,9ca64aa5b1179d33510c9b91621d2d306695ec7a0c7e56f94962e5a545ba2b91
thirdparty/wgrib2/g2c/src/drstemplates.c,10308,0e33bdb6a6e79760220fecd342522b8e916033f2a8d45b9225d717d8474ea444
thirdparty/wgrib2/g2c/src/g2_addfield.c,18943,0f17af297d24d15a688fe0dd4ab89d0e959872734390d5989f68d304309f93b7
thirdparty/wgrib2/g2c/src/g2_addgrid.c,7992,cda257ec28c7bba08d2476a8c19b36e34c71821ce47bd5cdd27c4d5f59305f7d
thirdparty/wgrib2/g2c/src/g2_addlocal.c,3819,ee4ff98bf1e4501d33d1199fd91d2425d60916ebc47440d3906e090359fadda9
thirdparty/wgrib2/g2c/src/g2_create.c,5331,0f70264de18278bd208d48607a1eeaf4c29fccb8a5c0009c187491c246db897f
thirdparty/wgrib2/g2c/src/g2_free.c,1086,a4acc676cc40db23640f9f0589a08efc3d761b70bc5cf24af4623c5b9cca28cc
thirdparty/wgrib2/g2c/src/g2_getfld.c,14311,647f76e18a15ddfe72e4c1ce6601f9c194009c268d3bf626c798ac6eb75a495d
thirdparty/wgrib2/g2c/src/g2_gribend.c,3367,8b2e7c3675eba58c97931824e28ef9dc1daed605e09436b25123edcf18df6430
thirdparty/wgrib2/g2c/src/g2_info.c,7214,baf0596d57e6f08492e8ab817a5fa16eeaaffc5a1a7146f071df910c47eeefb0
thirdparty/wgrib2/g2c/src/g2_miss.c,1579,876a26e18e99a02f0313f9936321d899af12be828aaeac668caf6e8a4935bfef
thirdparty/wgrib2/g2c/src/g2_unpack1.c,3110,2198390931ee3387f6ca3410a85bd2b2e7a0ce31f6e9a722ffd0e6aa1669f9b5
thirdparty/wgrib2/g2c/src/g2_unpack2.c,2147,7880ff6d1491720e31e279ffab2c627d82e9a0c4cbb7df2f4cecf55e301a2bf9
thirdparty/wgrib2/g2c/src/g2_unpack3.c,7588,5008218e73f0780d67056f18088ca243ffb058877d9473de15bbe3348423fdee
thirdparty/wgrib2/g2c/src/g2_unpack4.c,5734,a316666c10a5ccbb565adafe4025d69fec90261b40ee361c373499e65e811dbd
thirdparty/wgrib2/g2c/src/g2_unpack5.c,4635,a31a23bffd9cfab64dddc143fe585b9f17a7bdd17284d939307f888441752d6e
thirdparty/wgrib2/g2c/src/g2_unpack6.c,2095,1261d46f71199f4cb5977ad9a834a119b2dbd886733ff0c05e5f5975c8ca62a2
thirdparty/wgrib2/g2c/src/g2_unpack7.c,11217,3d7cdcb00a6a6ba8f1f1f4343370035c21eaa0823781531a41b18d61af8bb50a
thirdparty/wgrib2/g2c/src/g2ccompare.c,6136,8b9747a7452e782becbd7f2e1d3f5bce4fe09058653bf0be59a0cf340e6bdf96
thirdparty/wgrib2/g2c/src/g2ccsv.c,8977,775809fb2425d2369ff0be01572bf29925d52c066a58ea27c324dc1d267bf93b
thirdparty/wgrib2/g2c/src/g2cdegrib2.c,32868,079153132371b39864dcd117d95c8fb271c20410d9a9805229653f9fa632f5af
thirdparty/wgrib2/g2c/src/g2cfile.c,40805,f5e1bcd704847cf40ede5f65cef7cb401e2b469fc28b290bc71a270ace451fd5
thirdparty/wgrib2/g2c/src/g2cindex.c,42895,0a8e004b5bb7182a276c7cde7ec7879d27bac1fd2874e1063460d3f40cda07fa
thirdparty/wgrib2/g2c/src/g2cinq.c,13708,2fb9cbac1996475bd590d6814ff332ce5cd3715fd0cc28efa6d734075c3d21f1
thirdparty/wgrib2/g2c/src/g2cio.c,14095,3b462182725a4eaaf70653371520875e829daf8f54dfeb4d2d84d8af50704217
thirdparty/wgrib2/g2c/src/g2cparams.c,40525,d2891cd45737329851758bd8dabd0583e56c4814cf160dfd1f4d8f096135a882
thirdparty/wgrib2/g2c/src/g2cprod.c,4424,75ac47cd882509f26b783381442e47853deb34ab3db91ae413d0dcb029c937ca
thirdparty/wgrib2/g2c/src/g2cutil.c,6667,2d539a80bd5cb0a4fe7f759436bace401c4e49e1cad1995e137a068e70f586c7
thirdparty/wgrib2/g2c/src/gbits.c,6443,7fec1adcee9c9a6eac0ba6a864c32a29657ab6fa209660be7a6e6eeed74e7aa3
thirdparty/wgrib2/g2c/src/getdim.c,2876,dbfb2838abf2c9a7d3c3750f1ddc34cc88ce108aae4c2f717f5850cefc05d9a7
thirdparty/wgrib2/g2c/src/getpoly.c,2412,15e7db37b5277730b09974c8e40221d8a5a5c0d51ba2369015129cc16d1ab264
thirdparty/wgrib2/g2c/src/grib2.h.in,26188,462b7697b1774a8137acd24f4b1f581e2df308cc380f36543943fc6c0c0e346e
thirdparty/wgrib2/g2c/src/grib2_int.h,17963,6156d15f45bfee7c916ba6dccf9bff848ab188a65194fe6aaee5e246e60bdac0
thirdparty/wgrib2/g2c/src/gridtemplates.c,16827,f01c14c618bf1753d0641acc97ffa7eac6f3daf01edddef9edfb8369176a6766
thirdparty/wgrib2/g2c/src/int_power.c,609,7414a7142abb8f74f7957213f109617614f48fafbd9a007dde313128dbe8a717
thirdparty/wgrib2/g2c/src/jpcpack.c,14941,fb89c6a5e0aeb2f5e53521c7dd26219fbe2efcf6d83fe7c76d1cf1b6858691df
thirdparty/wgrib2/g2c/src/jpcunpack.c,6621,f972d7770704508effdab033aa0b158c62b8f0c1f7e2fb6f93ebcef106d403e9
thirdparty/wgrib2/g2c/src/misspack.c,17113,c60bcc178667d37de902bf07cb7eb17bcf3249da62a0578b77c94c8b13a65610
thirdparty/wgrib2/g2c/src/mkieee.c,2367,10207072f6e27cacb00dfb21176cbeafb60bb6331d1144f2b076300b04c6077e
thirdparty/wgrib2/g2c/src/pack_gp.c,48056,7481f5a493c7d416a3678128d2684cae0a2c72dfee9b8ef315cfc9e14fdf3da3
thirdparty/wgrib2/g2c/src/pdstemplates.c,70263,8d18217204b75c41807bfff77f46dcace0bc59d4b527a617b796b4a767512a34
thirdparty/wgrib2/g2c/src/pngpack.c,12766,a1f840962d6fde77d1add7c1e6c5430e9dca29d83323cbc54fe3fbbdaa7860f9
thirdparty/wgrib2/g2c/src/pngunpack.c,6303,b1aac8473c6d6c859158928ea1b6aa51490a493f6ebcf57b7112e265523fd304
thirdparty/wgrib2/g2c/src/rdieee.c,1889,c265d31301876ff3f6b13f5cd1cbd1697113984a119ed40cef45a75b00b8d50a
thirdparty/wgrib2/g2c/src/reduce.c,17109,159cbd6787a809e5ab390773fde71179cf2c3282bf5d9d851d79c4b68e5b7f95
thirdparty/wgrib2/g2c/src/seekgb.c,3694,f2133cb686a134d96f5a385f46ce7a849c05363acbea86f82cc54ce094c185f0
thirdparty/wgrib2/g2c/src/simpack.c,5383,6c734965a0c510a43e908600247ed24d6f91244ab96fe95cf23ccaab85e385bc
thirdparty/wgrib2/g2c/src/simunpack.c,1935,c99c5d98ba7d6ea30950d391f45699d5a90cb100c89691aa47d7712b3d7f90ea
thirdparty/wgrib2/g2c/src/specpack.c,3905,9d620ce835788167f2cf6c382fde652ce81b557b8948ef10b49d615d8ea95bce
thirdparty/wgrib2/g2c/src/specunpack.c,3826,2660e789fd3ab6302b04b81d1f10c56f684f413d3116ffb250609d3083b5b7a6
thirdparty/wgrib2/g2c/src/util.c,3812,dbeb1d848615efeeaebae54242e63a743098ef3d3118a1d0bda5b4556cea9e17
thirdparty/wgrib2/jasper/.gitattributes,68,8e5c713a1a897277a523256f94e1d88baea08197a1102269f4bd46b4a19da300
thirdparty/wgrib2/jasper/.gitignore,371,e1ff3a0464dbb430d246c40324fc8e8fc0ed5d3551b7f23abf8ef68caa019206
thirdparty/wgrib2/jasper/.travis.yml,754,b7e2be874521df14804d53c6b366a93f7c644e0b5387487d54c0959f851cb0b5
thirdparty/wgrib2/jasper/CMakeLists.txt,16148,83c3a8ec80caed19eefe0e58a10ffeac047a476c53d6d4b515af93830659d955
thirdparty/wgrib2/jasper/COPYRIGHT,130,cc32790553f3c5ab1b7743cc75ec62bb2c36b10ff4850c80d4ad943b76b3bfe0
thirdparty/wgrib2/jasper/INSTALL,4319,a191ba55fad4db41e447a39e92e920884ba18ff32462477681f36662f10990c0
thirdparty/wgrib2/jasper/LICENSE,2744,4ad1bb42aff888c4403d792e6e2c5f1716d6c279fea70b296333c9d577d30b81
thirdparty/wgrib2/jasper/README,2184,9ddd64a4156eaf9447b1b6e4ffe11569fcc91091eb3c75d3180c477706aa0528
thirdparty/wgrib2/jasper/appveyor.yml,579,def8f7f6318aece713a213d913a710bd69d3ea54e4554ab645deed20b622a0c3
thirdparty/wgrib2/jasper/build/appveyor/build.bat,1790,f423b6a555b3a3a6ffea6b1f0d4f915037f108194925130540b497f96ae70ff3
thirdparty/wgrib2/jasper/build/cmake/modules/EnableAssertions.cmake,312,bdfc0ef219da71876304b3ec61cb08ca239632cd7982a5fc7c5cd0194ce93c14
thirdparty/wgrib2/jasper/build/cmake/modules/FindMakeDist.cmake,11225,80e025df5afc306e7a1bf3669c3bb3bb01371ea8902435502ed36c56befa2df3
thirdparty/wgrib2/jasper/build/cmake/modules/InSourceBuild.cmake,627,3e59f0e24ec361eac27cebc5ae72e81f319ab198b7b218bf280e39b456869568
thirdparty/wgrib2/jasper/build/cmake/modules/Sanitizers.cmake,1677,b1259c9cdeb09d9ff0e3053e7f6104504dcf8dd7d0255c2217e5dd0f2cba392f
thirdparty/wgrib2/jasper/build/jasper.pc.in,243,9d948aeb8e2a4b32b3b131da253a302062aa7358aab231562c77b69fb3fdb540
thirdparty/wgrib2/jasper/build/make_dist,2720,e46e9f38df71215cfd5ae2fa88ecb8e7100b18015f747f4394f0f91cab30f411
thirdparty/wgrib2/jasper/build/my_build,2203,d82ab89b0da9cf116a353ab9d910bc356fd7becfcc1ce74b184973a97285023a
thirdparty/wgrib2/jasper/build/travis/CMakeLists.txt,1633,3ab2ca620d7949fcbd34bc0aea49bd6321010e47d60d621e2366a71d73b951ef
thirdparty/wgrib2/jasper/build/travis/build,4559,4b8a6f43e1f8236d976c645d3bdfcf2b6261651ecf76143c8d4037771ca2790b
thirdparty/wgrib2/jasper/build/travis/prebuild,996,dc52ee86e23bdf31166859652ce33864f849b10c981ba99823a1990da1057d68
thirdparty/wgrib2/jasper/data/colorprofiles/README,555,924d8bbe7268fb7793412cecaa1205ca0cc349f5cf695a907ab2619dae95360a
thirdparty/wgrib2/jasper/data/colorprofiles/erimm.icm,2082,469a974c4be26880601f374f147ebb28c216c4ed386d7fe6cc8f01232ee76a8a
thirdparty/wgrib2/jasper/data/colorprofiles/esrgb.icm,13332,356ce369ce2d641b1de3b484d360a9e6da63fc8cf658283e863a87b3343f2cff
thirdparty/wgrib2/jasper/data/colorprofiles/esrgbgrey.icm,4472,f28d85017e1e0d8c8c54c41c7d98c608bbd4f23a256181c2e9cdbd3b9523cbdc
thirdparty/wgrib2/jasper/data/colorprofiles/grey.icm,454,58b77d1cf5a1c7afe77d115b18eb61785a0e2bf822042297fc7de42ca28e5d9e
thirdparty/wgrib2/jasper/data/colorprofiles/greyromm.icm,414,64ed586e213e2dd285927f0eb9cc994076b2777b9815589a532889d7703e05da
thirdparty/wgrib2/jasper/data/colorprofiles/romm.icm,546,d9f63489c08414e9a86acf88cac9b022144841ec1ea0e77d19c68f9d563d5581
thirdparty/wgrib2/jasper/data/colorprofiles/sgray.icm,394,409b72bc457a24c98d95eedd658a70d9f8d451f4a361bbe24aa6d7dc0ffd0f06
thirdparty/wgrib2/jasper/data/colorprofiles/srgb.icm,3144,2b3aa1645779a9e634744faf9b01e9102b0c9b88fd6deced7934df86b949af7e
thirdparty/wgrib2/jasper/data/colorprofiles/sycc.icm,30736,0802fd3ae391906023b15f5b48709ea249cd0f9ba8e9664e5869b2d554a593e2
thirdparty/wgrib2/jasper/data/images/README,315,59cd9d46da1ab6dc8f0b98722864a41ecc26210b4772149889e00771721526c5
thirdparty/wgrib2/jasper/data/images/example.mif,4284,e0ad7c24dd199cb2c459f01869047e1c229656b5846900ad7b90244e24932b8d
thirdparty/wgrib2/jasper/data/images/example.mif0,433,a2abd0300be0c10388c6d7c1b5a60f50a1150b1fdf92d067cf158c6ea14fe414
thirdparty/wgrib2/jasper/data/images/feep.pnm,356,cdd00efbab28601c54be6a32d7363243662c636350b5042ec7dd17dc8d598f17
thirdparty/wgrib2/jasper/data/images/feep2.pnm,222,7339c205652b7201bd178a1abed1dfa33b060f1c57717d327c1b931fa00b761f
thirdparty/wgrib2/jasper/data/images/goldenears.bmp,36918,4bc5c8e156a694fd3e4233659c7e196848fd775bd316c0914d7fa76e4691f8ae
thirdparty/wgrib2/jasper/data/images/goldenears.jpg,2582,69bb6e9e21b9bb2551eabe5d2fc3052f6de993d31721c32bec1b5050ad3905e4
thirdparty/wgrib2/jasper/data/images/goldenears.pnm,36878,6b9b81280132c36d841868d3128cb9f3f7b0f4690a04cd3a41ef4b4b28413644
thirdparty/wgrib2/jasper/data/images/goldenears.ras,36896,f4ae2d6335209eae6e339f92e674b0b4b83db2a328ef98122f7fc3c545397b9b
thirdparty/wgrib2/jasper/data/images/goldenears_gray.jpg,2259,2422bfd9604df96625df9cf52c73db936f14d7cadd7f3fb9ec8e3760c3ed8694
thirdparty/wgrib2/jasper/data/images/goldenears_gray.pnm,12302,25d358d8ba1718f12efaeb37745cb6dc51bba9037bd37f01e004d5c624d28c38
thirdparty/wgrib2/jasper/data/images/goldenears_gray.ras,13088,95ca284e817339b3027cbe91c555260d9c12f8e81cdcb9de9b639a7287a14866
thirdparty/wgrib2/jasper/data/images/signed_12.pgx,144,ea11ed69213a9b93af566d9c5331f91e5a106cc920d00a5c2e6ab73f141e956b
thirdparty/wgrib2/jasper/data/images/signed_16.pgx,144,1c05f5c14b0d00809d39f7d418d44525a3692b9367544de1d45b255fdf70c60d
thirdparty/wgrib2/jasper/data/images/signed_8.pgx,79,cde0b7334678aa4871c1335da3209ea9f7ea7f2b20e7d61afb9550ece756e9af
thirdparty/wgrib2/jasper/data/images/small_16x1.pnm,28,e4c685fdfeefa7cccc8c7e3ccd6eb731a10ffa9e930176d038ad4f351d76b772
thirdparty/wgrib2/jasper/data/images/small_1x1.pnm,12,b9e5168a747b66634d6fd4fe16bc9c306e0c35f6bbdafbe8ad04e33adf101609
thirdparty/wgrib2/jasper/data/images/stawamuschief.pnm,88968,849ab7f1381811e01465867b344b6616d3d5ee7480751f4bf070bcea29355002
thirdparty/wgrib2/jasper/data/images/stawamuschief_gray.pnm,29666,a609ff768afddbdd4f8b61804141fc67e726059e25d482f3a9b497600954d6d7
thirdparty/wgrib2/jasper/data/images/test.pnm,332,d6e8f79b7dfa88d0d51ee59f2a7e5f6298daa7285f5675c5cf51d070b5ac73a5
thirdparty/wgrib2/jasper/data/test/bad/00003-jasper-assert-jas_matrix_t.jp2,417,b0e065cff1ab44d6c7cbc51c07ca3d75c9c872e8a3b38058873be84430608a93
thirdparty/wgrib2/jasper/data/test/bad/00005-jasper-assert-ras_getcmap.ras,109,5b4e0f95026fa926cacb7a393f58698040721309c675e24550510f1f6ef1656e
thirdparty/wgrib2/jasper/data/test/bad/00006-jasper-assert-jpc_irct.jpc,267,aaad57ffb581ec9e5e537b5fbb72c592fd623d10dbb839591b5f031d4b42ea44
thirdparty/wgrib2/jasper/data/test/bad/00007-jasper-assert-jas_matrix_t.jpc,252,6232a62709cf8ba038dcb12080db7a09ba623f71f2e46f1aebc6e07851f731f2
thirdparty/wgrib2/jasper/data/test/bad/00008-jasper-assert-jpc_iict.jp2,352,2873e6bcce5fbab9fbbc102729a6a18b4259211d7280c604ef09937a79cd0e53
thirdparty/wgrib2/jasper/data/test/bad/00009-jasper-assert-jpc_iict.jp2,352,a592354e17b11ae585261b3e4f81641f9d102bbfaa1c5a7d9b0ff7f93170c2c4
thirdparty/wgrib2/jasper/data/test/bad/00012-jasper-assert-calcstepsizes.jp2,352,e6e7e94e96d88d285bdd9d163a216a8791e4ea9ca228aa128648612a9dfe42a0
thirdparty/wgrib2/jasper/data/test/bad/00013-jasper-assert-jpc_pi_nextrpcl.jpc,384,d3306a4b78bdda9d2e82fc5279f1fd03d8af2622b252211184743c291b128711
thirdparty/wgrib2/jasper/data/test/bad/00014-jasper-assert-jpc_bitstream_getbits.jpc,1007,91868ff65b7be5a6d48bf3427e779809fcf40dd67db595912cb4c6a3d24bd1ba
thirdparty/wgrib2/jasper/data/test/bad/00016-jasper-assert-jas_matrix_t.jp2,384,31eb68bb1615c244836e1fb9e168aa1b4397f8a09cfa0615a4db7efc80881532
thirdparty/wgrib2/jasper/data/test/bad/00020-jasper-signedintoverflow-jas_image_c.jpc,444,c927530fdf7feffff85713d3daaeda2fd139c9ab34be5484c5c005c3840f72d8
thirdparty/wgrib2/jasper/data/test/bad/00028-jasper-uaf-jas_realloc.jpg,260,a3b1cd25e547c34605df28f1ec0d37c2ace44694c9efbc3dc1c1366429aeca3d
thirdparty/wgrib2/jasper/data/test/bad/00029-jasper-uninitvalue-jpc_pi_nextcprl.jp2,1533,6283fd7d6a14fcffe7a2bc2622bc4eb7578c35dba361094215cd1e8c44ab3ad6
thirdparty/wgrib2/jasper/data/test/bad/00043-jasper-assert-jas_matrix_t.jpc,220,1d757685b9eeb7b29e102cf74cfcb2ad764432529795a2c820d5295b8fdf5b90
thirdparty/wgrib2/jasper/data/test/bad/00047-jasper-stackoverflow-jpc_tsfb_getbands2.jpc,220,80316efb234c171bbb832bcf608892e14c56b8f6e09827ebfe103b6c29ec8358
thirdparty/wgrib2/jasper/data/test/bad/00052-jasper-misalignedaddress.jp2,420,b76cbd732df5321e03e3e7240c18e9fc0da7a78a3303618d5c83715fae5cc824
thirdparty/wgrib2/jasper/data/test/bad/00124-jasper-nullptr-jp2_cdef_destroy.jp2,40,611cf7d8812bb6db022927c059ad2be8b61b9d74eb000936778b7b8d316cd89c
thirdparty/wgrib2/jasper/data/test/bad/10_crash.bmp,184,15905a1298714fbe823226dbd675c097939d856b7b9323922bb6c72516527861
thirdparty/wgrib2/jasper/data/test/bad/11_crash.jpc,55,be080d59579f09670901826d61671620ca74f693798b17a390fa44254f5e1140
thirdparty/wgrib2/jasper/data/test/bad/12_crash.jpc,72,3dde0043469c839326d99ae42e84817ff5e24e08fa3b6dadab408c67a1b22f42
thirdparty/wgrib2/jasper/data/test/bad/132_crashes.jp2,417,9d5fc6e5df74bfad23f8a37774caed3f13faafd8dadcdd8edc62d202c860365e
thirdparty/wgrib2/jasper/data/test/bad/1_crash.jpg,8336,09c29dc48c32d8d11e61285818101bf9fc65c5088761e3e06b3ce656516fdaea
thirdparty/wgrib2/jasper/data/test/bad/2_crashes.bmp,58,d80f0e04af210fac7955c94fccdb699831dc3c5f6fc02880f6479ff795882c82
thirdparty/wgrib2/jasper/data/test/bad/5_crashes.bmp,58,451b56113138cf3eafd7fe973f80dad535e8163da213e3096e3f11625ddfea85
thirdparty/wgrib2/jasper/data/test/bad/642_crashes.jpc,361,08bd5dcc33fa025784537c4100873c4ab0f8d11981f4232c0026547f8cd5bca9
thirdparty/wgrib2/jasper/data/test/bad/681_crashes.jp2,373,1bc61c5aced47220e4ad29160748b833cd361e4becb06cbee8deb031a8bb1948
thirdparty/wgrib2/jasper/data/test/bad/8_crashes.jp2,417,c6826fe4fe49dc086e89fe935c920e353fef6d50cf993d1b6d528dba905cba3d
thirdparty/wgrib2/jasper/data/test/bad/9_crash.bmp,204,91d3d5fe4bfc8210da0323e252346b68d07c68235bda6329a53ee28c187512ee
thirdparty/wgrib2/jasper/data/test/bad/README,156,e343ef2ed7e990f3a2cb4b2a6430d55105cb48e2b1bb7366636c046fca4f7895
thirdparty/wgrib2/jasper/data/test/bad/heap-out-of-bound-read-due-to-off-by-1-poc.jp2,292,ed91df31ceb6c579822bb2721fa0b042935c179a4800be2ce3598f5e8ad15247
thirdparty/wgrib2/jasper/data/test/bad/invalid_free.jp2,452069,a71f7ba9257d30114383ad5b42757c8aa50da84f06548808509ab5e5269d5b3d
thirdparty/wgrib2/jasper/data/test/bad/invalid_munmap.jp2,414,be39920ab07a8badd79f289ab4f321d6bd7dde66c9eddebe7c99e2994834a02a
thirdparty/wgrib2/jasper/data/test/bad/jasper-abort-new.mif,79,85ad61c0ed3117862aca01c9ab0643d2bf8b25f01a3e197e0dbb149ddf5fcb60
thirdparty/wgrib2/jasper/data/test/bad/jasper-abort.mif,6,b65be1fd4a0e2bfe399c7fb11a85d1b9076a3118e370114c3ad720f3946ad1c1
thirdparty/wgrib2/jasper/data/test/bad/jasper-assert-jpc_dec_tiledecode.jp2,277,28f2d1e352925ed02f62b70baf8f8101f8e83bff97a4b5bd56b6a2438f215dbe
thirdparty/wgrib2/jasper/data/test/bad/jasper-doublefree-mem_close.jpg,260,a3b1cd25e547c34605df28f1ec0d37c2ace44694c9efbc3dc1c1366429aeca3d
thirdparty/wgrib2/jasper/data/test/bad/jasper-heapoverflow-jpc_dec_cp_setfromcox.jp2,59,d2494d221ec3ce4a9a4d29256101ed1a0a88730e2c3b5bf68965c1bd07ad5096
thirdparty/wgrib2/jasper/data/test/bad/jasper-heapoverflow-jpc_getuint16.jp2,95,4c4aece2aafbbfbfedc60515bd609694bb385670014fd0e80bcc0ba5ac81b91b
thirdparty/wgrib2/jasper/data/test/bad/null-pointer-dereference-poc.jp2,292,ab63565727bfc1ae4aacbbfabdebd3c8631fa0e9be06c4a4cda42e4b7754f153
thirdparty/wgrib2/jasper/data/test/bad/nullptr.mif,162,df37ba056453b91b8bc2fe680e15a68f5db7d97813d6bae67cb2033af09cea37
thirdparty/wgrib2/jasper/data/test/bad/poc.jp2,551,7fb1782838057cf4317dab8cfb8be0427768c54e01fed63d0f638d9a14b7eb4a
thirdparty/wgrib2/jasper/data/test/bad/poc_2.jp2,212,27ae76ea72849b7f2d2a12442484289af87b95fda50fee1b612fe20079909335
thirdparty/wgrib2/jasper/data/test/bad/sigsegv.jp2,181,df89bb74d2e43d06aac1fa43beb7f3f744b2e408d74c13bdb6dccc3c129bb37a
thirdparty/wgrib2/jasper/data/test/bad/vertcraig-heap-buffer-overflow-in-jpc_pi_nextrpcl.jp2,293,b7f50ddc0f46e4bb5dd1879ba2fa164f56413313ba9ab7b705031700b9297395
thirdparty/wgrib2/jasper/data/test/good/00021-jasper-uninitvalue-jpg_mkimage.jpg,631,02f3266d22333786627b3f8a1e36da7d8451d1967f19bffefbb57f402440b2af
thirdparty/wgrib2/jasper/data/test/good/105-PoC1.jp2,335,ae878691a15a5c1fa9b00e06e00bd9ea1c0a4c8f0fc58330fa2656aa2091bbe2
thirdparty/wgrib2/jasper/data/test/good/109-PoC.jp2,357,2f9c6b57b62e6c97ec3b8eaf6db7f80b7f804c1ffa520e94f7417454605bc3c5
thirdparty/wgrib2/jasper/data/test/good/120-master1.mif,283,e2258bca9df22ac63569342ab8ada6e867b09ef5efde6d00e38e2fccfe78d514
thirdparty/wgrib2/jasper/data/test/good/120-master2.mif,325,358fb01335905eaee24e2742eabaa993f1a8200050a871c26684edbe67b5b77a
thirdparty/wgrib2/jasper/data/test/good/120-master3.mif,261,d141695da196428579103ddbd8ec366ceb04a948e62ce310d021fe28d476aaa5
thirdparty/wgrib2/jasper/data/test/good/120-other.mif,278,3e3ce497dc67ac152e83cffd95d644b37fa84ff19b7ba142f708de46eb5d93a8
thirdparty/wgrib2/jasper/data/test/good/PoC1.jpc,233,e45c65e16e1a26aa36273f9af067ab478939f543477ea04073900375f74356a8
thirdparty/wgrib2/jasper/data/test/good/PoC2.jpc,569,9a4a0b34886c88160704fef048ee18f2eecea1cf278b88aa2bef77e26f4cd4f7
thirdparty/wgrib2/jasper/data/test/good/README,184,dd4f7b7b65999865eeeedf2f4ae663624d8d5868d4051dd7760c83be0306f785
thirdparty/wgrib2/jasper/data/test/good/assert-pnm_getsint.mif,95,8e9211c7eb0007b0191ecc84971ef688e24307f56395d71efce3874bcfbb49c3
thirdparty/wgrib2/jasper/data/test/good/jasper-nullptr-jpc_pi_destroy.jp2,277,591fdb2975b2f8418077b0c1e3e0c877adccef63ba30fc6382ef75c57cbdcbc4
thirdparty/wgrib2/jasper/data/test/good/jasper-segfault-nullpointer.mif,8,957629b8a325e07dd24462995c352646d55b496346c4f6e6fd404ef0c5155946
thirdparty/wgrib2/jasper/data/test/good/small_1x1.jpg,288,b17630bc01010558c6be5ed5c4f40156ad3d10f84affeebf69393f9919ace262
thirdparty/wgrib2/jasper/doc/CMakeLists.txt,1394,0b38dd5528d3ad820bc68190e5baf951a12191df77b19803c3b8d6ddb50ad385
thirdparty/wgrib2/jasper/doc/Doxyfile.in,76987,1642c6cc89a25c9680edf125cb58a069621807b461c416645c2eee3424ad6ff8
thirdparty/wgrib2/jasper/doc/README,189,0063dd84c4f303c0e1b4c4d0447f3187e8bed7a90d918bec0075f01212d491e3
thirdparty/wgrib2/jasper/doc/jasper.pdf,209692,0c2efd7e3895ca22c469ffdc9d66f842e4e0077f212dd14effb0720f1167a99b
thirdparty/wgrib2/jasper/doc/jpeg2000.pdf,298678,3f7731f8a1198b8767e6fb53b822510013814abf7b370ef38fafa5a3b415f9b2
thirdparty/wgrib2/jasper/doc/src/bugs.dox,563,98f64ca905f29ccbe82328f49f443659cae83bc0db4c4c763c16d5dbdc205eb9
thirdparty/wgrib2/jasper/doc/src/faq.dox,154,73653b2232cf0b564b7ee6747e59fe6ee301e69cbecea94f94f70fe82431f67b
thirdparty/wgrib2/jasper/doc/src/getting_started.dox.in,684,6f90f49941eab75099000e595d6eb99bff956648ed4a8d2bb49de0322d613d49
thirdparty/wgrib2/jasper/doc/src/mainpage.dox.in,1105,2345f0900c49da528f2458e35a710514802b2b57e941a776b815ea6b9350903e
thirdparty/wgrib2/jasper/doc/src/modules.dox,10,d2bfca20eb7ee63ad5e19008bfbf87f554bfa262273f97d06e86f281a16ecaac
thirdparty/wgrib2/jasper/src/README,62,cd48156b874023f096cbeb607d9ee7c8ad685decfa93884cfd0ce7a13bdc6dcd
thirdparty/wgrib2/jasper/src/appl/CMakeLists.txt,1673,7c5d84c99e08c9eca43d201fcfcdc37df283a52fe2ef3023b645ab498ab25f29
thirdparty/wgrib2/jasper/src/appl/dummy.c,0,e3b0c44298fc1c149afbf4c8996fb92427ae41e4649b934ca495991b7852b855
thirdparty/wgrib2/jasper/src/appl/dummy2.c,1097,a71ad7b578b6978f980fb8ab7f4e396d931d6d1b93703af5531838ac89ee95bb
thirdparty/wgrib2/jasper/src/appl/imgcmp.1,538,ba833dee85d482fb1d92459f8364f97f1046804f683d15eaeb0b5c7e0f146663
thirdparty/wgrib2/jasper/src/appl/imgcmp.c,15627,09ae032a5c7f28daec015bf410e1b31fb3eea34e7ecf9459bcb92ca061e2a27a
thirdparty/wgrib2/jasper/src/appl/imginfo.1,507,e69457c5724cb1fa09f318aef2db1ca9431741213899b10dacfc9608650f10ec
thirdparty/wgrib2/jasper/src/appl/imginfo.c,8467,e914f8ec3b3f7e9b557a537b718797c545ff86b0febc6fc97c5dd5c1212d2970
thirdparty/wgrib2/jasper/src/appl/jasper.1,505,a22ccb17feedf2a59d851182529b3872ede7a7269b2e219cd07261cfcf351fa9
thirdparty/wgrib2/jasper/src/appl/jasper.c,16133,7bf77f722a4373533e44f4e15de6feb1d3ba8f69981cd0097bb5d71a40bc25f7
thirdparty/wgrib2/jasper/src/appl/jiv.1,570,bfe930bd9af42fba227f7e28aff55265f939d9e7e32fa87ef04d424e2cd7efe0
thirdparty/wgrib2/jasper/src/appl/jiv.c,27091,ee2bdd5ea0bbccbf5b781bf4b3fe535779cc8034ce66b5326c9b6ed1bb4e2e64
thirdparty/wgrib2/jasper/src/appl/tmrdemo.c,918,92b9f6bba8b1174a26af97d29d55fdbe7c9ba0a7f479934c50f7d917a79bd3da
thirdparty/wgrib2/jasper/src/libjasper/CMakeLists.txt,5565,25aa77094a1991453dabef02fc183877e229ccd9ab5dbf9d588d162bc0d89b37
thirdparty/wgrib2/jasper/src/libjasper/README,92,b4bb22a8bbe1dbb90bac3f520f87393f3c59d0d8443553dfbf06e9585c12f95a
thirdparty/wgrib2/jasper/src/libjasper/base/jas_cm.c,34954,e71d7caf17c35771de06c41b29dbb8460c383bc0d83a3390b82fd9f55a585a15
thirdparty/wgrib2/jasper/src/libjasper/base/jas_debug.c,5566,24a3f337fc1d87e6716aaa67b12d5cbdcd4e2c3da9d009ab82d3db042738975d
thirdparty/wgrib2/jasper/src/libjasper/base/jas_getopt.c,5610,fdbce765cf7bba260ac691b3f3e5c699b0f227a0fbe4f9df523bc803283d390b
thirdparty/wgrib2/jasper/src/libjasper/base/jas_icc.c,48548,a685dc3e6554d797aafde45f6c1e57881ebf16e74f56316cc04004c564367466
thirdparty/wgrib2/jasper/src/libjasper/base/jas_iccdata.c,24983,3f64f30135fc34deb41b16af49e21562d710d33b7dcf9dba58f6bdded6ecb3a8
thirdparty/wgrib2/jasper/src/libjasper/base/jas_image.c,41538,401b152ca0ae2b77d47682f76168048a8ec226e9594eddbd2189559bdbe82aa8
thirdparty/wgrib2/jasper/src/libjasper/base/jas_init.c,5858,04f15cde9e2e91eaccb58adb05039206cbce1fef182804ff6a2b096bfb47bc47
thirdparty/wgrib2/jasper/src/libjasper/base/jas_malloc.c,8991,24563cbdd6b6f72163ef9c8c7c92bc0fc5052b610442be11db38085e75f825c5
thirdparty/wgrib2/jasper/src/libjasper/base/jas_seq.c,13769,7dcc6dcce4e4ee78aead552dc44373ad17ab054fe11c87afedff0924398d8043
thirdparty/wgrib2/jasper/src/libjasper/base/jas_stream.c,36921,8d15db389825b14c64020e6aaa80e7e59cac47c2039b569cd34cb9db60b97ebf
thirdparty/wgrib2/jasper/src/libjasper/base/jas_string.c,3880,261b19e8426203e39ca09d367be99bf2edef558761cbdb0e3605d72475a749aa
thirdparty/wgrib2/jasper/src/libjasper/base/jas_tmr.c,4790,ac2f15da32b010554f5d1709598e09f8cd33a5b0b3ea99fb14eed3a0b4a88e95
thirdparty/wgrib2/jasper/src/libjasper/base/jas_tvp.c,6880,5ce0b5b0272a634640e4686582fda925dd3a668d462d0914b7a9e79e29c22f74
thirdparty/wgrib2/jasper/src/libjasper/base/jas_version.c,3133,5fd1441ab37bbe70b5c78f776d53a4c13af1680094a639dd28776feb375a919b
thirdparty/wgrib2/jasper/src/libjasper/bmp/bmp_cod.c,4671,0ebf7cb87c78886c9e73670ca77762ff670758e371894b4d0b2737923b05f883
thirdparty/wgrib2/jasper/src/libjasper/bmp/bmp_cod.h,6824,14b68c0f0a08414c7fcef1d1c22cc04a43294e6850ed6fb692e8613a8c8415de
thirdparty/wgrib2/jasper/src/libjasper/bmp/bmp_dec.c,15648,beb9ae3f7de170c73f7f42e72bd3a36c8760ae1bd80164587a8ce6b3f4e02217
thirdparty/wgrib2/jasper/src/libjasper/bmp/bmp_enc.c,11579,af04dd409cd6580388870bdcc749b852fad2f91e1f36f3447366d29b13e9eb4f
thirdparty/wgrib2/jasper/src/libjasper/bmp/bmp_enc.h,3148,d12fd677d44203dbfcd87f880c120231e41db48c1ff30c9cbd5f445ed0239632
thirdparty/wgrib2/jasper/src/libjasper/include/jasper/jas_cm.h,8191,138a67c7321aa6d8f76a1373f88bb4d569626940c1fe160e7d4e541f7913e063
thirdparty/wgrib2/jasper/src/libjasper/include/jasper/jas_config.h.in,1633,b2ba95dd2fa2e9d765fe7952ccc5445a0e7b5a1e755072e2d01719f087f36303
thirdparty/wgrib2/jasper/src/libjasper/include/jasper/jas_debug.h,4595,b4d4e9daefb5d69ff5058e0ea95700a8bdb962081eafd79808fa84aeaa54de75
thirdparty/wgrib2/jasper/src/libjasper/include/jasper/jas_dll.h,635,8f0f92d3e5727fb237d3080ec254d35bd856b402df34393b8a1acb043be3ceca
thirdparty/wgrib2/jasper/src/libjasper/include/jasper/jas_fix.h,13357,d30c7758dc066bdebc4f3863e4a4d2777c4ae044b3f5cd742566fd483ff61e3f
thirdparty/wgrib2/jasper/src/libjasper/include/jasper/jas_getopt.h,4744,af285d06ff972c5f81e189c819f4fe0873299f2f26aea94abe138acd658d0b37
thirdparty/wgrib2/jasper/src/libjasper/include/jasper/jas_icc.h,15626,4e25bde59e1a24ae59c9a85b57cd85108b3187374e65637e7b95b15aacae3937
thirdparty/wgrib2/jasper/src/libjasper/include/jasper/jas_image.h,19499,2f12ea574845c2bb57a98641bfcbd71f4051066d79d879bd492aecbb12231357
thirdparty/wgrib2/jasper/src/libjasper/include/jasper/jas_init.h,3505,4e4ba80352eddaf87cb96d3494188d22d84c862cdf89ec767d4508c366358952
thirdparty/wgrib2/jasper/src/libjasper/include/jasper/jas_malloc.h,4732,da3094b573e5a1d5c30d1a58b08f5d00fd64eb7893a76dd706ee4bf978593640
thirdparty/wgrib2/jasper/src/libjasper/include/jasper/jas_math.h,9125,4cbae3c67f4d1671a55397e65a0c16a775f4160e7b510088fe049bbac264bff7
thirdparty/wgrib2/jasper/src/libjasper/include/jasper/jas_seq.h,10928,b7ca9c68797ae29a4b89a0d288933242fd5fc8c24358f86c9e737980e44503fa
thirdparty/wgrib2/jasper/src/libjasper/include/jasper/jas_stream.h,15470,4dfd9423266c7631fa58f1b3a39c1c996c06376b3c95fbef94ea3e2dce94af00
thirdparty/wgrib2/jasper/src/libjasper/include/jasper/jas_string.h,3840,09e950f23bd9012b49add70c1774c41e4e80676ac09f9bfb609a50597c012833
thirdparty/wgrib2/jasper/src/libjasper/include/jasper/jas_tmr.h,3738,2bdc66f07aca38ded3629be6651de9b4196ae947af575214d640fecb2747934b
thirdparty/wgrib2/jasper/src/libjasper/include/jasper/jas_tvp.h,5431,65dd55b5a93d32fb5ceebf17c400abc6ec51a3b4537e70b10970a0b5a420ec76
thirdparty/wgrib2/jasper/src/libjasper/include/jasper/jas_types.h,5352,5f2d5e0641307dbf804d72e01e524e2bfe82e57b61410c46e02a5c82be06cc52
thirdparty/wgrib2/jasper/src/libjasper/include/jasper/jas_version.h,4943,b4e7edf87d1d99196a13f6f09ff4d1d95dde44249b1a055f2282b6f1dc41c9ac
thirdparty/wgrib2/jasper/src/libjasper/include/jasper/jasper.h,3760,901a91efc29c1208b82c0969847cdab2c3e7a33bccd176e81b214554afac911c
thirdparty/wgrib2/jasper/src/libjasper/jp2/jp2_cod.c,24287,5c9392c701f3dc1abe23ae5bc26ef2fe94530c75f72d5a15180426b37621eec9
thirdparty/wgrib2/jasper/src/libjasper/jp2/jp2_cod.h,8831,20c1b1d4b0c5a691094dff0ec8e92fc924f2c66f6b4061d7d810785099dd0bd3
thirdparty/wgrib2/jasper/src/libjasper/jp2/jp2_dec.c,16725,516aa3fcd52bb2fdcdd5a1282602c1bdf325efd1f6ba3485e366654c2e428969
thirdparty/wgrib2/jasper/src/libjasper/jp2/jp2_dec.h,3481,93f0a381bb2c13de942feaf6e9af0660fa9a4be2cff03381e777dae5844fa819
thirdparty/wgrib2/jasper/src/libjasper/jp2/jp2_enc.c,13193,e7dfe0bdb4ae2c0bf107057f9a910213a82817342c3b07f316a7f28be27ffc6a
thirdparty/wgrib2/jasper/src/libjasper/jpc/jpc_bs.c,13098,8c7937de68c73def3123c3fd6fc2f301d81c2ef1b38e31f38f57f6b69df4eb24
thirdparty/wgrib2/jasper/src/libjasper/jpc/jpc_bs.h,8635,548679b15ebec524744655bf0490052b4c8f00bd94fdde4c617e85da4ab6752a
thirdparty/wgrib2/jasper/src/libjasper/jpc/jpc_cod.h,3450,2d9f8cbedbb622e99be492d38d56c26c2bb0c855b63c1e131176b1216ff6253d
thirdparty/wgrib2/jasper/src/libjasper/jpc/jpc_cs.c,48404,3e6c1ca12b8ad95cdef1cdc3a68e5e77d5c57c45e05d563c726eea79bf784e8b
thirdparty/wgrib2/jasper/src/libjasper/jpc/jpc_cs.h,19657,083151cc0fce929de7308fd391da52674314474210bdeaa7c8564cf56e3d9088
thirdparty/wgrib2/jasper/src/libjasper/jpc/jpc_dec.c,63886,1c1ab88036822b0ce89bdbeed66fcf4bbeb30a6e41766289918e215a622c9ee7
thirdparty/wgrib2/jasper/src/libjasper/jpc/jpc_dec.h,17922,32ff730a5f86eed6a07722bd3c7452b193e319b11ca323c8afc7d4db3f1cecb7
thirdparty/wgrib2/jasper/src/libjasper/jpc/jpc_enc.c,73554,6f1cbaf6c50d8923ecd8689d3255535b04a64c010ab6eca0ce470caee100cdfc
thirdparty/wgrib2/jasper/src/libjasper/jpc/jpc_enc.h,16873,5b0e8e77b3f34724ffe35a29ac72218f5f8687e8af8bcacaa53bac3edbd586b3
thirdparty/wgrib2/jasper/src/libjasper/jpc/jpc_fix.h,6757,105f684f8a3c595dc9091df1de9e872835a9209a76a9cee866c80762b53cc34a
thirdparty/wgrib2/jasper/src/libjasper/jpc/jpc_flt.h,3446,a752d184ebcf744d2a879f65e0150ff0b5aa2e21887a3de33338ac4ae68b0824
thirdparty/wgrib2/jasper/src/libjasper/jpc/jpc_math.c,4277,4ca89337a550b1beaa07ed91237cb5888ad2acb94873d905b8127eb2d65ac167
thirdparty/wgrib2/jasper/src/libjasper/jpc/jpc_math.h,4253,9b8d8af56bacdba890ccc521b0a7b0aa2deb6984f9fc2c89af120c2a34263846
thirdparty/wgrib2/jasper/src/libjasper/jpc/jpc_mct.c,8304,3227324ed7493ff5d27916e6dc341f41a6babbaba87696ae095582c4523934e2
thirdparty/wgrib2/jasper/src/libjasper/jpc/jpc_mct.h,4464,505eab6669c8667e7a69378691abddd78e204badf097372af023e7340ce42132
thirdparty/wgrib2/jasper/src/libjasper/jpc/jpc_mqcod.c,8549,935d75e303264df2f724e8c359faab753320ffd64844c9400cf456d7fa5aaf14
thirdparty/wgrib2/jasper/src/libjasper/jpc/jpc_mqcod.h,4288,f076fca51f7380074d22f7f4a78bcfc54f3350db6fcf582eddbd23863bcf58e8
thirdparty/wgrib2/jasper/src/libjasper/jpc/jpc_mqdec.c,9511,ba8315f17061de3ff2360977312037077f7b093892032846f3dcbcefba7dd1a4
thirdparty/wgrib2/jasper/src/libjasper/jpc/jpc_mqdec.h,8757,4349f60d4e09af63b7558dab276b3c3e711fa544fc4da4349989b901db7e548d
thirdparty/wgrib2/jasper/src/libjasper/jpc/jpc_mqenc.c,11290,b5746074066831c47d55da7334257adf587030bf291e75b129f53314506f7539
thirdparty/wgrib2/jasper/src/libjasper/jpc/jpc_mqenc.h,8174,5e0a1f4f72d4c6732bd64aad0e4a2b744e80546a54c7aef3a7a1fe64e658700a
thirdparty/wgrib2/jasper/src/libjasper/jpc/jpc_qmfb.c,71222,ac7ea8e78f40b965872b8589d22345cb7a01cf35812f94220d6e1745c59fc1f0
thirdparty/wgrib2/jasper/src/libjasper/jpc/jpc_qmfb.h,4679,44d07d7fc0b41fd3ea64188e0c29a43a31f72ad69ff9d7616bd1975dbf10d2be
thirdparty/wgrib2/jasper/src/libjasper/jpc/jpc_t1cod.c,11922,bc83254a286530d5f28ad6dee13529efadebb495f5e627cc17098fdf9cb87532
thirdparty/wgrib2/jasper/src/libjasper/jpc/jpc_t1cod.h,10821,21bb3cd7da2e4d47e5c513964eec2b24dc49bdc6bea4e7f0ecfd691b0d17c6d6
thirdparty/wgrib2/jasper/src/libjasper/jpc/jpc_t1dec.c,25548,fbfa55c1b50ad76fe52bf5dad97c73c0fb92bf2ee43088762380db8becda1871
thirdparty/wgrib2/jasper/src/libjasper/jpc/jpc_t1dec.h,3763,2a66506f83c29126bba1b2f52f3b426e7c30ea5e6dd53577384bf5dc04a442c4
thirdparty/wgrib2/jasper/src/libjasper/jpc/jpc_t1enc.c,25826,44c11b09a5d6b06256d812ee936df2d2ef1a8d85b429b87c1e3e1794bcf858e9
thirdparty/wgrib2/jasper/src/libjasper/jpc/jpc_t1enc.h,3882,82a061c85069a506dbf4da5d0a71f8260aa9775fe3528f20b93c4b88c2e654fc
thirdparty/wgrib2/jasper/src/libjasper/jpc/jpc_t2cod.c,20342,3b3d56185d382b4a36ed83b1c600af3b6847ab251b7e62d1ac107cd811d08304
thirdparty/wgrib2/jasper/src/libjasper/jpc/jpc_t2cod.h,9177,5c2c1b6b012cec18649932c88e2b4a6a6b126593c9cdfe9f5a15fec38cce30cb
thirdparty/wgrib2/jasper/src/libjasper/jpc/jpc_t2dec.c,15846,14b9e56df4a41073dd10cca1081ce41eeb126b46c56e84791e06c6684dbadd90
thirdparty/wgrib2/jasper/src/libjasper/jpc/jpc_t2dec.h,3944,a67361d6403154053c22072bb509cbd2d4edff1f09de11bd2b44e87ea4cee2d0
thirdparty/wgrib2/jasper/src/libjasper/jpc/jpc_t2enc.c,17803,37d15a31dadf87b74c08b8c97d671690dca0eb44c8028ecdf80a83893d97b4a6
thirdparty/wgrib2/jasper/src/libjasper/jpc/jpc_t2enc.h,4256,7b3bc99de97c55e3b9dbc1567fb690254eff49de1b38764c269aec2f4e491aef
thirdparty/wgrib2/jasper/src/libjasper/jpc/jpc_tagtree.c,10079,6adba7e7e7da75e755ce12d2e69c23cd9ce878a3d5b46a415fa3f80c9908d332
thirdparty/wgrib2/jasper/src/libjasper/jpc/jpc_tagtree.h,5789,fac1a366fbe9b2983a4091e1bd7585267dd99ede34c2cdd734259062d1c1d00f
thirdparty/wgrib2/jasper/src/libjasper/jpc/jpc_tsfb.c,9663,16d0fe827a7654b2a3b29929d8590ed990e732c9252b205c4311a7bf44816f5a
thirdparty/wgrib2/jasper/src/libjasper/jpc/jpc_tsfb.h,5251,e3de876ab7103f73f8f256d8bb4cca199e31b92f23bd05993872a2a0dee4a8cf
thirdparty/wgrib2/jasper/src/libjasper/jpc/jpc_util.c,5709,76d067cee52fc0483f9a7fda915fae8a55f5bfb389fa9495c37be112863abcab
thirdparty/wgrib2/jasper/src/libjasper/jpc/jpc_util.h,3480,b59d253b35de0fed8ea5a7599421daf6b354924224dc867283c824efc92afe88
thirdparty/wgrib2/jasper/src/libjasper/jpg/README,361,7f33c75622a92ef99a4f16db51c3cef250b237ab04687713f35ba8811581ca49
thirdparty/wgrib2/jasper/src/libjasper/jpg/jpg_cod.h,3531,b68b1411ad5933739cfe92515b1e7382c2f443e8c83f50b82db44541ab822c74
thirdparty/wgrib2/jasper/src/libjasper/jpg/jpg_dec.c,14993,f70f0fcb991621c0f5918b888929cacfe477ef170d85693a9c82700a63372b9a
thirdparty/wgrib2/jasper/src/libjasper/jpg/jpg_dummy.c,4691,1fffbb42b69c9885e24212425256a84dc58de4f66410ece54503e8225f5c60ee
thirdparty/wgrib2/jasper/src/libjasper/jpg/jpg_enc.c,12281,e898e3809314e5e2cbb73d6301379f2e38ef0af0bbad4ac8c6f57c25a1080f8f
thirdparty/wgrib2/jasper/src/libjasper/jpg/jpg_enc.h,3146,e946a5ffbfbf726e99be8d8978a49f7fa18a6ef98b65bef422d8ee81b508c482
thirdparty/wgrib2/jasper/src/libjasper/jpg/jpg_jpeglib.h,3436,b08a9ecf535a0256e88860696d064f815c71ad80a39d48f25c714162e5ed24d6
thirdparty/wgrib2/jasper/src/libjasper/jpg/jpg_val.c,4238,8e44b265024be9285c19124646a643ad5fe78647515a7a71c2a6f8628b3aaa1a
thirdparty/wgrib2/jasper/src/libjasper/mif/README,64,47b4c7cfe1e8be613b7d1e146d1c6f43ef6acea42e34fc648e538cb171d04129
thirdparty/wgrib2/jasper/src/libjasper/mif/mif_cod.c,20074,afffd23f7b00c8d48b886b10c6c13651be1c97c363dab58f1c21da44bec07cfb
thirdparty/wgrib2/jasper/src/libjasper/mif/mif_cod.h,4136,517460ce0a0c1d46cf6e63988a7736ae0ddf0350a11c939a15d167a041f72770
thirdparty/wgrib2/jasper/src/libjasper/pgx/pgx_cod.c,3684,f2e1e3b91e82f614fa113edcaa4be7c7ec30cc2a68503e72309f10a8d8cf3c11
thirdparty/wgrib2/jasper/src/libjasper/pgx/pgx_cod.h,4330,28eebb7578bf6fc396a99008e8092eb1e51ed938f1b13d53174796166e825e91
thirdparty/wgrib2/jasper/src/libjasper/pgx/pgx_dec.c,12467,9f0f0123e2281bda4b7c4e46350c62e1841ccebc9a71b72ab92b81f23487a561
thirdparty/wgrib2/jasper/src/libjasper/pgx/pgx_enc.c,7509,5558c7acb40e14e97ce08891028c177829c8a4c012aa7767315e837e46583e29
thirdparty/wgrib2/jasper/src/libjasper/pgx/pgx_enc.h,3127,ebb252840b8c4b5f33e556c55379bb2b52c6ff61f37a8422ca2add2f90e6611d
thirdparty/wgrib2/jasper/src/libjasper/pnm/pnm_cod.c,4783,8c77e943befe1fa03cd67c06c527936a06148142162e847e55e05c3eebf58c9b
thirdparty/wgrib2/jasper/src/libjasper/pnm/pnm_cod.h,5584,4e13527dc21314b24ba6aa73578a6414f6d8271552046584d4c6da8c406ff816
thirdparty/wgrib2/jasper/src/libjasper/pnm/pnm_dec.c,15952,6316d0c0fa2b41a9aee84c27f9d1ca819393517710527436f3f3b0d8552e6a83
thirdparty/wgrib2/jasper/src/libjasper/pnm/pnm_enc.c,13661,c9f92383a76df22649ed9c743fc29cae034cf9a6cd0d8a37130665dbcb6ec344
thirdparty/wgrib2/jasper/src/libjasper/pnm/pnm_enc.h,3146,e5c4f200938f96191b8674cfb66ad4a843d7e33b3feaa605ad14513bd5ed52dd
thirdparty/wgrib2/jasper/src/libjasper/ras/ras_cod.c,3317,e50008fa5c6fdef4aca71ce0396f18394b284fa8958d6aaedb221ebda1579d6f
thirdparty/wgrib2/jasper/src/libjasper/ras/ras_cod.h,5469,555ff023499e29379188e04c1da4c01d2ca628d426e893cdff8f20a131b78a5b
thirdparty/wgrib2/jasper/src/libjasper/ras/ras_dec.c,12842,661f4054add2a4268b8b9bf80ed12fb7972bf9773b5ba242367d72fb32318610
thirdparty/wgrib2/jasper/src/libjasper/ras/ras_enc.c,9763,0c560ba7c79f0f111e877daea4059087c71b7143270fd48d27995b6835dffe57
thirdparty/wgrib2/jasper/src/libjasper/ras/ras_enc.h,3146,4c66534c2e9dfe8c13d3f6532a11267e9ead6954943ffe2ecd9f6e20f775baa5
thirdparty/wgrib2/jasper/test/bin/codec_tests,15957,9fdef20c31e0c859926cf2922477918b3934cb57c424d4d1e4aa4e00a21ca51e
thirdparty/wgrib2/jasper/test/bin/decoder_tests,3605,00fd9e8db19ecee3207663829a8f8f826b0f13dc28d4ac0245a8c3fcd7bfaf06
thirdparty/wgrib2/jasper/test/bin/jpcod,6508,5ec12f561b00e5490cf0db7e7135bbf59c70a1b96b71e7cdcb8adaaf557eeb0b
thirdparty/wgrib2/jasper/test/bin/jpdec,5816,fd4c3bb4ca93135b617b28f3098b71aabb65a29a20601101ecffe9cda4190b43
thirdparty/wgrib2/jasper/test/bin/jpenc,18026,36f6829a28af13944e73e30c69ad843a7819b8459c86126fcb60a47acb732d9c
thirdparty/wgrib2/jasper/test/bin/run_codec_test,10768,7bcc248cea9c63d875c55a16afb113dc35984a2dbd320672fdde2e6138d1013f
thirdparty/wgrib2/jasper/test/bin/run_test_1,5849,b2cbe2b217eb9ace7bb2dbed3c969995a269b9f385509cb3ffae2bf9d66ade26
thirdparty/wgrib2/jasper/test/bin/run_test_2,3328,422cf31fe0c8736ae567cd8c3f96d3c6fb0b27f6e296f68d85b36bebca2698ff
thirdparty/wgrib2/jasper/test/bin/run_test_3,2540,9bdde83da669b34b5f68866165302da5e1027b2b422ce10862be9db27b5a8469
thirdparty/wgrib2/jasper/test/bin/run_test_4,4182,77ca48bbe3b095653c00f222b9bf88569bb312795fb765d582980ef9c9c1b041
thirdparty/wgrib2/jasper/test/bin/utilities,4718,2de69aec2357c59fe4d209bf2e8d857d88f12a309c0d1d5c3fb6058938ba4021
thirdparty/wgrib2/jasper/test/bin/wrapper.in,623,42db219a0fc7a80b62bb70bee9c40daef585b3760f3ef9225af2b3e7ea87492a
thirdparty/wgrib2/wgrib2/AAIG.c,3707,ee4336e8cb5f1425d90f97e6561ea11f42f3c4f7c59cbc79bea9e07bcba0ec61
thirdparty/wgrib2/wgrib2/AAIGlong.c,3203,f9d12420e614ebed8a2b462bcdb408c875d6d86ab08043a67026ba2a8d0ed744
thirdparty/wgrib2/wgrib2/Aerosol.c,1284,93d414218f6c280bc365b99f01dcc0cd40e93939f8555e61a20aac0accc74a31
thirdparty/wgrib2/wgrib2/Alarm.c,625,08bc8f1e5d80ca77b6189b3314ec13901deef5c0abe90b46e45acc2c01806d78
thirdparty/wgrib2/wgrib2/Alias.c,1013,0efda21ad63dc692f05021ba0cfb9bae2faea063f7887b69c3955d4ed1d1efd4
thirdparty/wgrib2/wgrib2/Ave_test.c,15688,f800326478846e86fb0d3920c042374f03dd350b8732724f21c780079b40e64a
thirdparty/wgrib2/wgrib2/Ave_var.c,17124,d5261678e544dd8d99b7febcd81d3246ba2bcdc32999fa71203771211f7e9053
thirdparty/wgrib2/wgrib2/BUFRTable_0_01_007.dat,11568,2e65466b8eff0519e5f7583a8b7a3738f1b53c5a4273c1c02a856e6924bb363f
thirdparty/wgrib2/wgrib2/BUFRTable_0_02_019.dat,67481,cf6aa07988d670b243cfc02d3852cae71b4dd0a8e94682b3d46c0652caf484b1
thirdparty/wgrib2/wgrib2/BUFRTable_0_02_020.dat,1948,c933882b1006d5d2aa408625de65498f4037d7ae075396e8b4c33cfe170c0982
thirdparty/wgrib2/wgrib2/Bbox.c,5863,49d2a3c1a21982066ae5e4ae167554fb55bb049b7af3fa643cf1732b9a6768ad
thirdparty/wgrib2/wgrib2/Box_ave.c,4651,bb47b52d62af4f63025d66376abe5c4d4e8e4ca354f479b512993be3a5eb1729
thirdparty/wgrib2/wgrib2/CMakeLists.txt,7847,63de474c938cd5f8538ac4b8d194302ffcb04c0e314e0a36135a2b9a58c7b329
thirdparty/wgrib2/wgrib2/Changes,127631,e9c9b03d57fecfdffe960ee38153cf9f64d40d11a80ddfc5c7f1bd103a0c753d
thirdparty/wgrib2/wgrib2/Changes_netcdf,12351,dda82df29592f506dea2cdc15c1c2bd151c115edc59b4415f4588c9b8b477aae
thirdparty/wgrib2/wgrib2/Check_pdt_size.c,1400,15cf97f366708011f45a4619beab5ffebd4e3654f00d226e6538335f9878464d
thirdparty/wgrib2/wgrib2/Checksum.c,2471,2fda3ac5ac453f03283f7befb95e42af361c6bd99ed6a3e4615334aa51f60591
thirdparty/wgrib2/wgrib2/Cluster.c,2020,494e3bca3826d491c4e71d4bb3af4cf6c46ffede505f2acf0ec21af0a54e05db
thirdparty/wgrib2/wgrib2/CodeTable.c,46227,b7fcc20061df8887ee35774b6d16434031a53d1760270fe328c5770ea0884560
thirdparty/wgrib2/wgrib2/CodeTable4_4.h,313,82a41b1f24330077da85b4655cfb69c989f3ba7838c31cfbf84bf2bd2e2312d8
thirdparty/wgrib2/wgrib2/CodeTable_0.0.dat,447,7336e33f29f895aadddb24d31a8d616d3793c4dfed67838186eccf28c3b6bf34
thirdparty/wgrib2/wgrib2/CodeTable_1.2.dat,310,b9145c0b0b2ce77888f62d70ae194deb53c811b670e507b0b5da847db94924e8
thirdparty/wgrib2/wgrib2/CodeTable_1.3.dat,346,7d2e7e3694377286757f8590bbf92c462fe1b662b6278058d5d9ef1c472c1d87
thirdparty/wgrib2/wgrib2/CodeTable_1.4.dat,494,32663229914059d57c26c7af050abaef9ec390b4ee363ad0895b41a0dcfb3ba9
thirdparty/wgrib2/wgrib2/CodeTable_3.1.dat,2600,4aa17c42fa1e567328f0495a8e73956208abdca8f3ddc780783a640c8701ffd3
thirdparty/wgrib2/wgrib2/CodeTable_3.11.dat,951,39e591da6c0fc40e00afc6d06c22b1703dbf3caa8527047f7a2fc6bb113a5e4f
thirdparty/wgrib2/wgrib2/CodeTable_3.15.dat,929,2738c2617e8b350cd2f20796c862f3719117259aabbd9de9eb6d9824106d9072
thirdparty/wgrib2/wgrib2/CodeTable_3.2.dat,1900,e6a6f1274fad23c06ff85de11d9335c2fe60a6e9918d81ab9dc34e8d7afa5721
thirdparty/wgrib2/wgrib2/CodeTable_3.20.dat,114,6aff7278ce868178ae1ff5c534785a7edf550bc225405179ac9247c0f4ca5639
thirdparty/wgrib2/wgrib2/CodeTable_3.21.dat,256,5623311474fa563b2274125a957fbff48bbac0bf3a322f185aaa2a44b4889d25
thirdparty/wgrib2/wgrib2/CodeTable_3.8.dat,425,13b704b437c533bef85421216d4502e360641a14d5c1b3bb4526745d8f93b23e
thirdparty/wgrib2/wgrib2/CodeTable_4.0.dat,21528,5d15451c5f57c1151cbb4d0f6edcb0f324b778ff13c2a75e34fe9b7bd9f7ab4d
thirdparty/wgrib2/wgrib2/CodeTable_4.10.dat,1089,8f04e482b9d8f16b75ac7b89ce85402179c95d15ec72e04956371fe242827134
thirdparty/wgrib2/wgrib2/CodeTable_4.10_need_to_edit.dat,4034,17a2cc31394c7af1460c8d30ef337a497f25476ddb16e03f91114c7e3fecb27a
thirdparty/wgrib2/wgrib2/CodeTable_4.11.dat,750,7b576f086920138bcde7ab6abfe6e67b2ddb883d35a4dbc353bc30d44068b729
thirdparty/wgrib2/wgrib2/CodeTable_4.15.dat,906,7bb67122c0622d07dfdeb98bfb1924ae254daa1fb0d34dd7023878c0e3f00fea
thirdparty/wgrib2/wgrib2/CodeTable_4.15_short.dat,423,1c61622928307756892508fb3346aa6c70c3c1df02b13f77d7dc0d8cf2b83b9d
thirdparty/wgrib2/wgrib2/CodeTable_4.16.dat,343,fd48f612734fa59061c6217f290bea55c01ab677d2df82398e9c6ca99c3e2c46
thirdparty/wgrib2/wgrib2/CodeTable_4.208.dat,226,54928ab9c4ff70563763ea9cbf44bce5a8f9be60c4c371e1560ef4cad30a950f
thirdparty/wgrib2/wgrib2/CodeTable_4.212.dat,594,38e7e62e5c037f8b7564bf80da38aecd9b3348fb328441454bdb04f65ea479eb
thirdparty/wgrib2/wgrib2/CodeTable_4.222.dat,281,8278f7caf33592411ed20612b0b31288d4462545d87e9af51091075c1c5567f2
thirdparty/wgrib2/wgrib2/CodeTable_4.235.dat,169,6396e1d57e557f58915f8b735ddac04bfb5a3a3718793c93e7f0c23c4bd0493f
thirdparty/wgrib2/wgrib2/CodeTable_4.240.dat,1268,e80c803017300ac3764021ed8a4940b9604aad707ed5f5e8cabf59b90b645764
thirdparty/wgrib2/wgrib2/CodeTable_4.3.dat,2428,71756a47c9d7a8934aba7c2a64a5ffcc652d5eaa6919cc18788671787a8aef0f
thirdparty/wgrib2/wgrib2/CodeTable_4.4.dat,500,450a055a6adcb1ea185355b452f3375c4f1a80762af04b7231cb23ed38b4e4ee
thirdparty/wgrib2/wgrib2/CodeTable_4.7.dat,1339,53b3598df10ce4bc7675e46c40a5a25d5f9eac93c950ef2c22febbd3331aec61
thirdparty/wgrib2/wgrib2/CodeTable_4.7_need_to_edit.dat,1171,3bd4152f8272b6081757fdcf3746f92a49090f1d3c1fd83d8fc58c39dd5dcf6c
thirdparty/wgrib2/wgrib2/CodeTable_4.8.dat,132,e7bc66e12080142d684be0c0fd4c0c0cef0534bc402bdab9676798a5ccf8aab1
thirdparty/wgrib2/wgrib2/CodeTable_4.9.dat,937,82ae2e4379b44582d9d57b393c3fe786b3e3b3af9dc2cb10add7f781bba992eb
thirdparty/wgrib2/wgrib2/CodeTable_4.91.dat,892,e55a715e02c9dabb570af05b844d8fff21ffa5dcf41da72e28cee337da09aa1d
thirdparty/wgrib2/wgrib2/CodeTable_5.0.dat,1049,7e74784bba4e257acd00b0cf55437eff3f38a6ba428332c6801759b348e79fcb
thirdparty/wgrib2/wgrib2/CodeTable_5.1.dat,118,12ed306dfbd2caf3ed05b58243ae23c1b9a87de83fc7cfe30437e6ea5402337b
thirdparty/wgrib2/wgrib2/CodeTable_6.0.dat,273,b27d7c365fb7dd91303fb030173381e0cadc7e13a3990229b610172bd6f4abe8
thirdparty/wgrib2/wgrib2/Code_Values.c,19676,6e9f5dd74f14db961a4fb12e17790749b084b85ebe3294d66acfdd939ffd66de
thirdparty/wgrib2/wgrib2/Code_Values_JMA.c,1331,42f58bc5e87013ba9883ef6ecec0dbbcd924b7971e4afc61602aeeb070277988
thirdparty/wgrib2/wgrib2/Config.c,6412,38c03d5bee60a2774cc516621d308f99295fec1f201167215e9c87ac5ce3e51b
thirdparty/wgrib2/wgrib2/Cress_lola.c,10089,924f8cf7b8a483625094abbbb4bd1204e577a02a87dfa805b1a1650387c1f745
thirdparty/wgrib2/wgrib2/Csv.c,2834,38a1ad81554ad023336a324a11af9c216b426822ba49f7da808cb9353df2b18d
thirdparty/wgrib2/wgrib2/Csv_long.c,3304,ea4c14569da5e1eb05741defdbea5764bf5700c611e3335876dce0305ca3156b
thirdparty/wgrib2/wgrib2/CubeFace2global.c,5067,5268b3b02af2d2681a802d04c661f64e887cfb352ce2ac0adbe6d74c0d4c4a1d
thirdparty/wgrib2/wgrib2/Cyclic.c,3929,35c9b34c7f2548534bb6beadad7d986eaa63d6d86905ffa777f4d5604780ff4b
thirdparty/wgrib2/wgrib2/Data.c,2557,7d9856efa75cf1202bca72b7514b88505da0995c10fc3614c53d8251f26c6bd5
thirdparty/wgrib2/wgrib2/Dump.c,1574,aa2e616c4215168bcbcbb28b606e7546207c9d9d556d230e27783adf36778fef
thirdparty/wgrib2/wgrib2/EOF.c,3096,2b25f5e2a9130d94450c97a42104e881df08bac1471d243b026981cfac9b7ed4
thirdparty/wgrib2/wgrib2/Earth.c,5660,ae8a469ad3e29be70bbf9f5e7a2257509afa14bb261056148cf219416e41f5e5
thirdparty/wgrib2/wgrib2/Else.c,267,035418590500d1ea863150b0e580ecdefd85e7f160a42ca0a00a4777b62573df
thirdparty/wgrib2/wgrib2/End.c,476,43719f0ef23015ea6c1ac170c94f60a998df1bc1011d07943b89b7e7937aa345
thirdparty/wgrib2/wgrib2/Endif.c,259,4ab4351397c72358cc27e8fa68f55e76cfd9d3ac64ddfce0ba6a50a1dfad984f
thirdparty/wgrib2/wgrib2/Ens_processing.c,20238,600bcd58fa8f10501b390079d56bd279b0500963d6418fb463140a4be3b7c4d1
thirdparty/wgrib2/wgrib2/Ens_qc.c,13958,7f377e297fdeb5dfb68e355cb6655a47ca4f1ea973f4afe23eeeebb294eeca46
thirdparty/wgrib2/wgrib2/Ensemble.c,4382,ef6f79c7ca9cd90069967a0fa31aecab61c7477f6b7c92498eed77527405affd
thirdparty/wgrib2/wgrib2/Export_lonlat.c,1431,282edeb708ef5eed5f4d831d7566f9fadc57a53d541c501d55f4f0a28c549f2d
thirdparty/wgrib2/wgrib2/ExtName.c,8904,45bec2abc4597020cc8f207f7b5b0428da7931441f369a0ef84d061b7ea9bd75
thirdparty/wgrib2/wgrib2/Fcst_ave.c,15681,3434f5308d85790d93e92380407a2ef68bf627dc323932dbdd5fbc43e42374ea
thirdparty/wgrib2/wgrib2/Fi.c,272,295860326ebfc9db4c4c7063b34f4a13ac69b45e49588feadfea4556b463f0f0
thirdparty/wgrib2/wgrib2/File.c,8465,fb8baf063d1ab1262f427d85103bd16234e2274c770b2db7bf8bc0abd317fc3f
thirdparty/wgrib2/wgrib2/Fix_CFSv2_fcst.c,6353,56b98b63d01933474e0ffe25816ee2f47f0b42b7f24128af86d1de20f885955b
thirdparty/wgrib2/wgrib2/Fix_ncep.c,10633,68785da8d3df179d1d91cf334532f1fa0470e4f81877c677daaadc849d270cd5
thirdparty/wgrib2/wgrib2/Fix_ncep_2.c,994,4348f93f156ed2ca69c5ee50ea4d29411ceeff76d139cd0e051f715401ad1828
thirdparty/wgrib2/wgrib2/Fix_ncep_3.c,1390,846a641954d88afbeed4b9038bd33484ef65f42fc801532352beee6fa3ca245e
thirdparty/wgrib2/wgrib2/Fix_ncep_4.c,599,63de9e16c38a534d8539eec85bfb793670fd58b78664419f48b0c69af2fa5f87
thirdparty/wgrib2/wgrib2/Fix_undef.c,1168,acffe9c017e458187ee974f770b931cf28f96f9c9935b670817b6edf38e5eee0
thirdparty/wgrib2/wgrib2/FlagTable.c,6255,f990a84d56f5466567156c1fb9bb05414a15c2d20fcd7839db1760d3055d9790
thirdparty/wgrib2/wgrib2/Flush.c,1173,35462b213c6d34048118a62c1d2e9f147c2e06edbe273dbd410413f5367a4732
thirdparty/wgrib2/wgrib2/For.c,680,f7f65c31c4c0d0880960b958ddbeefcc5303c3cd8bfb580647da2ed6f61db9fd
thirdparty/wgrib2/wgrib2/Ftime.c,1500,7e346d95126538a1ce767a6fe7bba2bd081b7d7486d2d9433cd0cccb859a6867
thirdparty/wgrib2/wgrib2/Ftime1.c,13759,39946304374dd5c459a335ebb129a08a0ac925e2819fa256ddc317df96751880
thirdparty/wgrib2/wgrib2/Ftime2.c,12925,61266659d7308279fad5013f7e358841bf63b3be409fc307dbeba15e5e1846d9
thirdparty/wgrib2/wgrib2/Ftn_api.c,689,011e9c82368aa5fe7c9007d029cccea600ae0bb8bbdfda46263df2debcf95e19
thirdparty/wgrib2/wgrib2/GDT.c,1428,b950af7af8e3ac9588ca5a1fe7cbc050972d96e128c6bcbdd0dac3aeddaa0af7
thirdparty/wgrib2/wgrib2/Gctpc.c,10092,7badd753204293de5a4207fc710cd5bdf1432454bf6b62f5e22587de8b5bf7cb
thirdparty/wgrib2/wgrib2/Geolocation.c,865,9c291c68a9e410d6f8d27909d0abadb5ea6fbdb5df7efaaf70ffa9ad11181d4a
thirdparty/wgrib2/wgrib2/Grads.c,16800,071c3d28c61eb9cf69347bee1dec204f65e7b0ca30bb360f21ed5dae5ac29d38
thirdparty/wgrib2/wgrib2/Grib.c,12742,e3b183eba4f0de788f3df896edf5b09586c842cf57ff47e075c824689a6bec97
thirdparty/wgrib2/wgrib2/Grib_out_irr.c,3352,aff62f67ac93953cd6ba091dfe61908d6c715fe0cf041d1217a3f1f5ef521bb2
thirdparty/wgrib2/wgrib2/Grib_out_irr2.c,3534,2f838b1fdcda431f214e18249fddcf8cd9dda3012bc496f633563a09ac7a9245
thirdparty/wgrib2/wgrib2/Gribtable_used.c,2225,33c03455bff3fb0b22be685b4233c3f932a99fcf62c8d2c92d28578f99457502
thirdparty/wgrib2/wgrib2/Grid_def.c,1684,e6319a6cc3f038795f27c93a68d9ec96d474c1ac5350aa2adabfe3a0fd2205a5
thirdparty/wgrib2/wgrib2/Grid_id.c,976,b0dfeafe5ebe00df42773967696462c2e466eead62de239ae6e25b1365199817
thirdparty/wgrib2/wgrib2/Gridout.c,1100,71744783fba2e9905f720e6bdfe888d4ef3dd52f51fb403d99e8f2fd7d2af25f
thirdparty/wgrib2/wgrib2/Help.c,3486,78eeb1c2e86227e630f127da3eeabc7cf927eb2f43184209ac0ed1d5ab9d896c
thirdparty/wgrib2/wgrib2/Hybrid.c,1433,8d2e37d1f09d7c39a85a785e726e86b87b7cca2bff22299dd0541434c8c0bd47
thirdparty/wgrib2/wgrib2/If_delayed_error.c,488,301468d8e9d85a6f2d50fb03a2d75a27e5db868c1c58fe7f8cb6fcc8d45b3438
thirdparty/wgrib2/wgrib2/If_rec.c,1033,eef36c634af549f308ea1961559516bbd3b36395f51ad8c48de1fc8bd6d28eb8
thirdparty/wgrib2/wgrib2/Import.c,3817,f0777ad66bf1efe6222ec7f50b2732cba1a99ddf318e187c1a9291c21a889c05
thirdparty/wgrib2/wgrib2/Import_grib.c,3306,922446b4027a28ee7b860ab59b1bd338580c12296d33defa701f9519fdd4fedc
thirdparty/wgrib2/wgrib2/Import_grib_fs.c,4215,ed58fa1fb72392bcd1c17139afa75f58c308221336acd773ce0592cba911d8d2
thirdparty/wgrib2/wgrib2/Import_lonlat.c,2920,60918fc4b69811c1fe0a44eb32c0281533dcf21ca661e8d086a4618a567875b4
thirdparty/wgrib2/wgrib2/Import_netcdf.c,10019,0bcc6b2704cf7da204ee38a08101e4445b235f857853580f356112ef77f40cb6
thirdparty/wgrib2/wgrib2/Introduction.txt,1494,8f2794a983913af68b1246684c1198064945110b1e0c54b302db047b01ad5c35
thirdparty/wgrib2/wgrib2/Inv.c,335,3d47419299d2053023a4eceafdf6fb41774c0380a8aa07c630ebe6cff86bb44c
thirdparty/wgrib2/wgrib2/Inv_no.c,2083,9c7e1ae1c3a548b608b9e42c9a36188da51ded51bf2b9ae3ff096e906b9b7a31
thirdparty/wgrib2/wgrib2/Irr_grids.c,5883,aca46f062d25d75aff4c7621e3703510fdbae094ae07bb65caaff6d876012c2e
thirdparty/wgrib2/wgrib2/JMA.c,2642,778ba3cd4314adb2b53544d08c667734ef0d213db7106a297c256b8563921d10
thirdparty/wgrib2/wgrib2/LICENSE-wgrib2,1638,223d4f9373dc2a932bc684fa3bc3cb2e0802d3bb5846c8608e3ec024f42375af
thirdparty/wgrib2/wgrib2/Last.c,1730,823a56134620fa04449bf453a02f87327d0f81aab3035ee4c0a6d678298a06f6
thirdparty/wgrib2/wgrib2/Latlon.c,8681,a57b6fca11ef2d08493e2e99177d5792982d9b689b007b0eae3723510c27764e
thirdparty/wgrib2/wgrib2/Level.c,15447,6a404b3e97b7b61666702091e91be45d2b01c6b527dee0b9b6ef00d297418f35
thirdparty/wgrib2/wgrib2/Limit.c,712,15446bebc26609f3c8e23d631304c82bcea378903500c834173475695ec2b58a
thirdparty/wgrib2/wgrib2/Lola.c,6724,5cd6eb9e48893330d7bdabb3f0126b48086257831ce446eb8c1e4782483725a9
thirdparty/wgrib2/wgrib2/Lvl.c,3107,7f61cead4a9bfabe234eae4c17a11d4636c12311ca38f8f01a25c6990d5e04ae
thirdparty/wgrib2/wgrib2/Macro.c,8238,70918abf0a4d50bd07347b2abdf65d92a5c943dc6c00b1d362d19739dad11faa
thirdparty/wgrib2/wgrib2/Match.c,9707,016087c696146bc701a4767f8f68f1d5e9d55213364c98416e0a6e482cbf9d62
thirdparty/wgrib2/wgrib2/Match_fs.c,4491,251c7735a7fb63074b517fe6064b0436945e13d99dd8eb7b1a966029f76c2131
thirdparty/wgrib2/wgrib2/Match_inv.c,8006,3dd35e1d220506ff3f7b84fd9ec95e2ddef5e68dd9dd951516ee3593d0a4ec20
thirdparty/wgrib2/wgrib2/Mem_buffer.c,9814,4aa83fa658c338dfcb5fa10cc02112753732b02025ade36fb7d81d4f8320c6bc
thirdparty/wgrib2/wgrib2/Merge.c,8473,793ee775352ed5b52dfcfaaeb78ddcbfa351893edd5c9453016679f713c8f55e
thirdparty/wgrib2/wgrib2/Misc.c,5607,ef07c37424beb28f427f45bf37e897d3304b219231d45e6072dfb41e28b75def
thirdparty/wgrib2/wgrib2/Mod_grib.c,40883,441fd8efca84b0c488fa5f786acc1a500b33993f879bb716ab5e59bb99cdfe8f
thirdparty/wgrib2/wgrib2/Model_version_date.c,636,6ea0bc407a96174f41aaabd450cb8e8ea891ad52a8ce29ba9c5d51dd2df5b64c
thirdparty/wgrib2/wgrib2/NCEP_norm.c,7652,1da362add1faa547256777ff1805642ca18a4d9597ca12bb43db19c9dcac8040
thirdparty/wgrib2/wgrib2/NCEP_uv.c,4800,5340e282aa4c2051469c9fb97e89169721d0b1431683e5780e342d4ff2466686
thirdparty/wgrib2/wgrib2/NEW_types,212,cd16ad494dd93b21f52d9b570006759ae14c1ec53f6b88cf9852c321054f1a05
thirdparty/wgrib2/wgrib2/Names.c,907,5c995bb3661ea373559c4aa42fc8d23f4983210ebe1522f84f67313e4b28e175
thirdparty/wgrib2/wgrib2/Ncpu.c,673,aa145ace2491691ee1ed951934fec758c393ced06972d80bc5d0636d79eced98
thirdparty/wgrib2/wgrib2/Ndate.c,2714,fe218d6062766b4eadc1581d4b6e67c0c2a2fb9dae838b5da3ecf7670142a050
thirdparty/wgrib2/wgrib2/Ndates.c,5603,49baa48273dc4635f65b4c64fd193889d31fab528213debdba1a48ebc7e1fa8a
thirdparty/wgrib2/wgrib2/Netcdf.c,78969,129ab92f5e35460a32e7a3dcf21610a7dce31c6876fd4b6a28461b433f60b9bf
thirdparty/wgrib2/wgrib2/Netcdf_sup.c,32374,e9742afe335c5d69d9d66bec02f562b64fb54e1f83ecad9e1071c9dea6efd8ea
thirdparty/wgrib2/wgrib2/New_grid.c,36830,4fe134b42d71cf439280b6503e77bae69096111cae4c41a481923c254356eecb
thirdparty/wgrib2/wgrib2/New_grid_order.c,7191,2f5dc86f9d6b5f612e6114e1be199b272b60e0b5d7bf408d526ac6afb28bbfe8
thirdparty/wgrib2/wgrib2/Precision.c,834,623ab8233db9533da9125020f746c01e6bb3ba0aaa1d25950a39c576251c5de8
thirdparty/wgrib2/wgrib2/Prob.c,1755,38964954472c10e95e81835bcd0c490ca5a81976079a2696623c925fe409f3c8
thirdparty/wgrib2/wgrib2/Proj4.c,14977,2a2436fdd6724da7c707d2020a0a4c1ce3d2f8d5d99be8f2ddc3973c697100e5
thirdparty/wgrib2/wgrib2/PyInv.c,4227,ef2268226b06ac4498362f8aa1085189c6191bb6827fde77667b2206d9f73f88
thirdparty/wgrib2/wgrib2/README.md,3027,6ed9b1cb5ecedb1cc00573e986cb41ca3f354effa617426d7646de3b3d3d855c
thirdparty/wgrib2/wgrib2/RPN.c,40232,c2018c075834086fdcfd0a5fcfa3043aa9bdb564254245b85035299b584b0fe6
thirdparty/wgrib2/wgrib2/Range.c,594,7d5bb68d169f4584d7e5b2e63d7c12a7934afd58dd996064f9652a4d63f20073
thirdparty/wgrib2/wgrib2/Reduced_gaussian_grid.c,7003,b67fe988a090411298d8dc0776a8ba09028c6c14b9991501307454b00eed5565
thirdparty/wgrib2/wgrib2/Reset_delayed_error.c,974,c18a5241be80b7e23f258666d1e9d1aaad23001e997bd3a374f9eec504c36417
thirdparty/wgrib2/wgrib2/Scaling_0001.c,4877,be374dd8fdb9eacbe0adc18c1745cb7290cc0ef0de178341fd3eec40c4b2aa64
thirdparty/wgrib2/wgrib2/Scan.c,8549,b0bb266b33c23d02d5a816e95859327a360736326fd163d582aaf67f5a608c37
thirdparty/wgrib2/wgrib2/Sec0.c,934,fc86a959b49ec2fab48a21053291ccce6dfc92911fd7d79816020eac91705f8f
thirdparty/wgrib2/wgrib2/Sec1.c,3317,dcf911310659e04280acd4446e5f41753f673cf4b45174051858a67b636adbc7
thirdparty/wgrib2/wgrib2/Sec3.c,43311,1e2313cf6bbbb450e9cb7555bc5728ed5ff3500e8116ce489f9496bf03613668
thirdparty/wgrib2/wgrib2/Sec4.c,5109,f90b545a17df6af7b107ded8b0ee78dff121a7d6e24c3d84d8ec0b38ddfcb1ad
thirdparty/wgrib2/wgrib2/Sec5.c,4246,55596ff71649fe7434399472ac87cb7049451e3c87dd7dc25dad6b9e940a2dc8
thirdparty/wgrib2/wgrib2/Sec6.c,1071,87e16ece445c9dea0071162f5e4e37c9a7b5eda331521ec70b366a7c38917284
thirdparty/wgrib2/wgrib2/Sec_len.c,1568,1eb4f2be4f5ce01f810ade52c1e6f6b006ea3b3f24808234959f82b05953bdbc
thirdparty/wgrib2/wgrib2/Set_byte.c,9947,60038354dc9031ebfdc26886c2e9413bebfbdbf2fed0b796fa6e0b3fcad058aa
thirdparty/wgrib2/wgrib2/Set_date.c,3578,6df921c5f4437a33f176fc8a11f47ab5a8714c8cc21dd8e557a8599a4f476ecb
thirdparty/wgrib2/wgrib2/Set_ens_num.c,2041,3e3357cc84e5ed1141ec3bd86be28e1387887625dc9f123dbed9c07587b7862d
thirdparty/wgrib2/wgrib2/Set_ensm_derived_fcst.c,2431,550a1eb705c617e545a3fc71536a192452052db990e9615b8a53a8da3c18a826
thirdparty/wgrib2/wgrib2/Set_ftime1.c,3315,57b916141f8316ae1d20c8ee95abc9e1da51848cdbd132bb58fd3e027f94e22e
thirdparty/wgrib2/wgrib2/Set_ftime2.c,17081,7389a712847d8946e25ed771a660284bf4d0e3d408dcbc8089f310b90d5a4640
thirdparty/wgrib2/wgrib2/Set_ftime_mode.c,679,be82ca90bbf45412c2380b01c4dede639f2f3b4316a82d7907a40cc010c21c30
thirdparty/wgrib2/wgrib2/Set_gds.c,978,41eb43204117de40d62e77eafa31835df9f95d891d6bb0641771c280df72df4e
thirdparty/wgrib2/wgrib2/Set_metadata.c,10277,7e2802b584f0a992ba41422f91f04b322612d95cad50da5217e0d71fa8ee2fa2
thirdparty/wgrib2/wgrib2/Set_pdt.c,14936,c5b7757faed292933265330d7b7e9643937854b81755ec6e6935c26ea3603c73
thirdparty/wgrib2/wgrib2/Set_percentile.c,973,0c8fb544385ae984074a66aae6b6b9071e654fe13abf9d64737179bdebbe1bbb
thirdparty/wgrib2/wgrib2/Set_prob.c,1714,ceb72b1ab403e975cf890c66b708cbb4e5e151aed07e0f8794c4706e8ee6b0e7
thirdparty/wgrib2/wgrib2/Set_sec_size.c,1944,ccd40c496652779e1a6c55b1fdbd21a981d5175e787e8d86dcd4df3a4e02b10b
thirdparty/wgrib2/wgrib2/Set_ts_dates.c,3243,6bd708bd5005578eb2e99b88eb082e61f71a26d6cc3a127aedea9d0dda571b77
thirdparty/wgrib2/wgrib2/Set_val.c,2349,d1f768cbf0dd756af15cd0672d63078ed65a5ee9012db4b8ceea22a5fb029b41
thirdparty/wgrib2/wgrib2/Small_grib.c,16304,01a7c2077aabb16029a1b7613d7c748a5ff6ffb4d041c948447a7287e621bda7
thirdparty/wgrib2/wgrib2/SpatialProcessing.c,969,b4f1e7952d3286098233cde6a8678c536fabd38933d0100e28f9535142325a56
thirdparty/wgrib2/wgrib2/Spectral_bands.c,8352,3f9756ee115b331ee316ac05fab9125543346991cbeffc22a2375c9221ce687a
thirdparty/wgrib2/wgrib2/Status.c,684,c564274078c5c4780001f5d531b12f0ff4e4c3436d06ca4c92d55cc34f7fa5ee
thirdparty/wgrib2/wgrib2/Submsg_uv.c,5719,e4f9e7f907df5051e335a4161eab401cdafd57f996fa52638dc52cb7499afb0e
thirdparty/wgrib2/wgrib2/Summary.c,3187,1e730a4f187ec61114445e8000de3fdb666d0554482cc76dfb724a4249c69964
thirdparty/wgrib2/wgrib2/Tigge.c,475,63a16297461ca23eeee49beefff214291d3ecf711a7e538aec1129fd67f51ce2
thirdparty/wgrib2/wgrib2/Time_processing.c,20527,e90f84242bcf68624a6a1199425a53664c4d928539726e9c44f30859b8d5fd5d
thirdparty/wgrib2/wgrib2/Timer.c,1396,c15e95750435920b421f8463ef0db81ca46dc0c8f68fe6a79b6d0988d3144ac4
thirdparty/wgrib2/wgrib2/Tosubmsg.c,6040,8a90163f546c4ba398e5d67cceec2473ded587e02c7d8e8e0f9a49141dc89ba3
thirdparty/wgrib2/wgrib2/Type_reftime.c,789,82545b558cf8848e39b7bef58a66fabfd31a2625f1cec1460d141248815868b3
thirdparty/wgrib2/wgrib2/UDF.c,4241,2b3a05a3e81f14249994945c000140e128479508bc452aa7ff452562945e81c8
thirdparty/wgrib2/wgrib2/UDF.txt,1389,5501321c8972da81c257d3e738e4ed8df95950bac0577e6f07ea09d89440acb9
thirdparty/wgrib2/wgrib2/Undefine.c,6382,c37da2754055b7877f8a58c1a5c9f02bf92b88b20f7cbc10b8c9255215cbfcab
thirdparty/wgrib2/wgrib2/Unix_time.c,1995,441ab0340914e65c57faa2e8b7d7e77ceacc5baad82a34f11644db87cdd38301
thirdparty/wgrib2/wgrib2/Unmerge_fcst.c,9334,226e7a181183e39aa994219782a4d38b4bff0f9970d99b5fadf73e4832a71dae
thirdparty/wgrib2/wgrib2/VerfTime.c,8463,7561d44c8031b1e5b7aef3af7e3c989bfc6a78f9297d9e5e8cc99ef4c07d75c8
thirdparty/wgrib2/wgrib2/Warn_old_g2lib.c,1085,c8f55069511133d1a016e44b1442e811db901841272091b2619db7a6acb38472
thirdparty/wgrib2/wgrib2/Waves.c,658,0d8c4be7101b9994d149815646d99d1ab0454b998b63c808b1f118f94627b7b9
thirdparty/wgrib2/wgrib2/Wind_dir.c,5156,3031adadc3a4db3cbc03a38d535bb160d77d5776f87d86c366204c8582ca72ba
thirdparty/wgrib2/wgrib2/Wind_speed.c,4472,0e9be2e0932167cf7074f57c64ff42d50f20ce2bcf16c0cad68b3a0a6f6d08bc
thirdparty/wgrib2/wgrib2/Wind_uv.c,5918,a1d6156bf01792a831491af57bfaa12422d7f9f4778699ec1e97adb6c47c72b7
thirdparty/wgrib2/wgrib2/Write_sec.c,5600,c574b34bcad2774a395c498ef0084975f84832947167c3a50546f3a0d46a7bc4
thirdparty/wgrib2/wgrib2/Wrt_grib.c,9167,6ca8c87dc013aebc56139e63e0e3323f3fc3eb7440b53aafeb71532e6c451b4e
thirdparty/wgrib2/wgrib2/addtime.c,10056,c14520e8d013fb16535fab543ac8384493d0170497373fca1a99f7f15cbe35dd
thirdparty/wgrib2/wgrib2/aec_pk.c,6243,752c639ce1e69aacff3149d7d9774c591a82a3c082ed408083a0a60b677124d1
thirdparty/wgrib2/wgrib2/bitstream.c,5501,2a358d15346430c09e24cce2eb9e6a9c8bf9bdc012f6138fefe1b22e3afc4097
thirdparty/wgrib2/wgrib2/check_dup_gribtable.sh,604,1e83b0c6ad694591981ada2c9ec060f5dcee4d3a7fb6dc01619e7563e13f4509
thirdparty/wgrib2/wgrib2/check_gribdat.sh,399,c08f2a52970852127b0190d7ee3fbf57d54e970e9320e4e3a6a4db131f98aeb0
thirdparty/wgrib2/wgrib2/cname.c,6430,83f56fb7c44a3de1b07537055996701465f17cd7d95aa22dd96730e4caf91cbd
thirdparty/wgrib2/wgrib2/code_table0.dat,16601,c1d2b95a32952cf7eed90e9414c1c6c5994ce0052557ce56a0fd463d6a6ba73f
thirdparty/wgrib2/wgrib2/codetable_4_230.c,18324,28b9f914780aa4d80cde4c4295dfac2ece7363ab66f3822519a1bc53f6e42130
thirdparty/wgrib2/wgrib2/complex_pk.c,31692,4b2eaaf2d1644fcfd8d31ec0252992675b63c23d62c7066a2527344dd7785828
thirdparty/wgrib2/wgrib2/config.h.in,1210,2c9c1bf059b0a08e6d11d391889d65c11c3a78e738f3dafd02efb9dc826ccc01
thirdparty/wgrib2/wgrib2/copy.c,1711,c5fe64dd87ceed802c689991e37be7d348864e67786d57cae75e8dd565dd74ee
thirdparty/wgrib2/wgrib2/crc32.c,6977,9fff1086a1d9e09f9f483714fe9053fda809c466c15a6a89557e5655d4f08f62
thirdparty/wgrib2/wgrib2/cubed_sphere2ll.c,6634,779fa6fb9e7b828cd89746f2d46953b3e716b40854d03217c15275bb82b74904
thirdparty/wgrib2/wgrib2/development.txt,601,1ec5c802b64ea2603d8906f739bf8874cf22243da76fce28db0bc109a19da78f
thirdparty/wgrib2/wgrib2/differences.txt,265,970148241843a7de0ccc5c38c41c85f2e07a4c128a68f7486a7c12554ce02413
thirdparty/wgrib2/wgrib2/fatal_error.c,872,4ab3cb11d386925c3d61242408605da651c091fcfc36139a2d66fb380a896ee0
thirdparty/wgrib2/wgrib2/ffopen.c,9386,9b214706017cedd85e293603f7488bfc3c3e182e37d16f427345fa024a5fd9b6
thirdparty/wgrib2/wgrib2/flags.txt,642,54a3a44cad29d4d17bd201e4abf559db646cce4e1197a8bd7bd92af11cbacc8c
thirdparty/wgrib2/wgrib2/flt2ieee.c,1330,65a0c0141f2b8da67b3a70194d094b709426a92a4a7a08dee8bdf3c9a8e4a5a3
thirdparty/wgrib2/wgrib2/flt2ieee_nan.c,1463,c5bfbdcfc7fcd45395e449d89e8e35fb4412a0993b84867a2c013dc3550dfb44
thirdparty/wgrib2/wgrib2/fnlist.c,36571,452bac032997ca4480b85b16b86225d30e2f538d26257d4dfbf3bcad522642c5
thirdparty/wgrib2/wgrib2/fnlist.h,9147,85a83f2320ee0ba0dc1c96cb43c9966741cabd3cb281faf041a66991cbd1560f
thirdparty/wgrib2/wgrib2/ftn_api/CMakeLists.txt,1269,017ba905160ef1aa32fdacc7f7afbdc725d3bd773a8d4738526549aa7df96bea
thirdparty/wgrib2/wgrib2/ftn_api/Changes,542,6f52f180900c8e4628475283f3acc2ef7f4604cec232cb6e1b423593db2e483f
thirdparty/wgrib2/wgrib2/ftn_api/README.md,8306,bac2914fc50b7acc950feedc89c28f808b11d8035f83429823d33f843f4ae889
thirdparty/wgrib2/wgrib2/ftn_api/fort_wgrib2.c,1115,975e409f9d6a953859c833ab049bf37a6b7211e6b71677ca4b21e3008e1fb955
thirdparty/wgrib2/wgrib2/ftn_api/wgrib2api.f90,31348,395cb4d3fd6527ad91c5dd1a0619fa6516ba81e8659fa1bf0d123d3056213ce1
thirdparty/wgrib2/wgrib2/ftn_api/wgrib2lowapi.f90,3642,1c392812819ddd023f002fed36895bcd6e4bc13099f9b680190bb482060cc808
thirdparty/wgrib2/wgrib2/function.sh,3724,fe4d0c1d047f344071a7bcc4e183a5ee4e4e9a2c8123713c238971c1729f1314
thirdparty/wgrib2/wgrib2/gaussian2ij.c,2020,2d9614e4222a67705139ade374e4c574f8e65ec63ac570c77da6f13d7db29a40
thirdparty/wgrib2/wgrib2/gctpc.txt,169,3dab5deee827065b12b3053c7d97bc3fc58d0ecdd5a44cd69008a3b5bdb4c32c
thirdparty/wgrib2/wgrib2/gctpc/CMakeLists.txt,25,acfd0f96097a94c8e9ccb77864b481e494bee57611b994e7a4d2015d398ec851
thirdparty/wgrib2/wgrib2/gctpc/Copyrights and Credits _ U.S. Geological Survey.pdf,110866,0c1c2c7fd11694290a8444770d98f8f0abf8468887b8f16a2cc53a0da417f204
thirdparty/wgrib2/wgrib2/gctpc/README.changes,109,18db403415a77bc282a527174a1454f83e5a434a0903aa916f16e5e6a6ae67c9
thirdparty/wgrib2/wgrib2/gctpc/README.md,7418,9625255e9ab726fd61aef5d512f81b77140b6f9ab4854928f949b3cd5c45d82e
thirdparty/wgrib2/wgrib2/gctpc/announce.txt,3067,d81f807fbe102b5062147db11bd2d433da4b14337803058b3d40299c6bbd3779
thirdparty/wgrib2/wgrib2/gctpc/copyright.txt,364,3f814242090175761ec7571a36f5760ebf90f5b8c7c4277a446ffe43e0b9d500
thirdparty/wgrib2/wgrib2/gctpc/source/CMakeLists.txt,1700,f1d4b36094882b042681c64543fdc7b5973fa8e0e0f352b441b44abd9e9339d6
thirdparty/wgrib2/wgrib2/gctpc/source/README.md,1142,af713533ba15eeba3a8d5b49438cdfbedad174f019eee280bcead0e51ec9bd81
thirdparty/wgrib2/wgrib2/gctpc/source/alberfor.c,4296,e4b1f72a2f6b47d1304ab2a73a857dc8c039162e6ea7d50a2ffe500990f72f07
thirdparty/wgrib2/wgrib2/gctpc/source/alberinv.c,5747,ad68d48de5f53d58bde78fa813cad57e8d8ae5561c85392e6598e963b07826a1
thirdparty/wgrib2/wgrib2/gctpc/source/alconfor.c,5332,46001c12d209a869cb2c2291d162d16ef128c22edefe3175d69dfcc9aa76b479
thirdparty/wgrib2/wgrib2/gctpc/source/alconinv.c,6646,82fec3287e644b09dae51f83cc35ae82174edddce7032c9ca73d15d7e383fed9
thirdparty/wgrib2/wgrib2/gctpc/source/azimfor.c,3824,a03d44c63c4203906232e5bb9f71d292ff5e6e8a7bc6856253029e1b845978e1
thirdparty/wgrib2/wgrib2/gctpc/source/aziminv.c,3855,35c4bdd051d2f048d1b4d052749bfa0e4f8d533258ee05f6dfd2cd2329677008
thirdparty/wgrib2/wgrib2/gctpc/source/br_gctp.c,995,43715f3d9ccab7af0af6537512a5133f51515a7cab2f7ba0aecbed43489a9ee1
thirdparty/wgrib2/wgrib2/gctpc/source/cproj.c,12563,ece043763e94f237684cab9c36aa0be459226073d16f8c11e8d7894628b6573e
thirdparty/wgrib2/wgrib2/gctpc/source/eqconfor.c,4682,f1348cda14e25b90f24f4941198bddb4aa1ead233da03d8b307bcee40548e76a
thirdparty/wgrib2/wgrib2/gctpc/source/eqconinv.c,4920,366ef8b735a07e008e464de676978b3c96b6a9e34f9abfd249514b9c28ba5297
thirdparty/wgrib2/wgrib2/gctpc/source/equifor.c,2936,7420fb86327290ac00b5994c90ee7a3c46ee68ee9b60a2bb55e884a1f435391f
thirdparty/wgrib2/wgrib2/gctpc/source/equiinv.c,2972,496f5750028efedf6838bee736ab3ee7745f7dfd0b1222e5581bc108a7f7e576
thirdparty/wgrib2/wgrib2/gctpc/source/for_init.c,17701,d0081b3b369f16ec1ed65fe4c5d751b960ef7f20fe46d13a4f9b8766e53b99a4
thirdparty/wgrib2/wgrib2/gctpc/source/gctp.c,10409,b2b2be1538bb5ab47416ff6d71c5a101c1bc451bb16b2c8d55fc57d8e1b3c360
thirdparty/wgrib2/wgrib2/gctpc/source/gnomfor.c,3708,21a5ddd23cd2c0fa63998ff39ac85cadd26c5c36a281ae14461f4282d86d6c09
thirdparty/wgrib2/wgrib2/gctpc/source/gnominv.c,3987,7af4b66cdb55b0011ae902f7cd8374e7ef132b6c1479d4e61ea8ad5448713bf3
thirdparty/wgrib2/wgrib2/gctpc/source/goodfor.c,6124,4865d91f59d432b3f73ad682b7d49b7a627a97786c4b64c8808eda557685be67
thirdparty/wgrib2/wgrib2/gctpc/source/goodinv.c,7234,89bd9ff3bc3b8304025a967971965a2f2e424e925db136be2793931143a0f48f
thirdparty/wgrib2/wgrib2/gctpc/source/gvnspfor.c,4109,55dfe3b3c0e79e963662b117ee46c57e27c2f17ffc5b4adc1b0d139a671d6e9c
thirdparty/wgrib2/wgrib2/gctpc/source/gvnspinv.c,4595,938bc2586d1106956008499e4a2f1b12f22cf4864a4ed85f044dd3d928560661
thirdparty/wgrib2/wgrib2/gctpc/source/hamfor.c,3140,da7d28ae2de986903ede2f281ebcc125bf2daa8df1abcf70458d8661ef052266
thirdparty/wgrib2/wgrib2/gctpc/source/haminv.c,3122,6863b829b8d81db730d3dd7c6a5bfb37d1019a4a474f78a4f76e3aec6959433b
thirdparty/wgrib2/wgrib2/gctpc/source/imolwfor.c,4929,ea3adcc0a703cc640efd8a4560ea55ca1a5c96501f17b0644c745728d46813c4
thirdparty/wgrib2/wgrib2/gctpc/source/imolwinv.c,4312,31bdbbd22ea7a10766b2f143f64e84cf0933fc62b88f8e5e4b370fe66f87c79f
thirdparty/wgrib2/wgrib2/gctpc/source/include/cproj.h,16074,516f1c7102d177828dc35b300fd631b8d4d4af24504c963fbebbf354bd44e9ac
thirdparty/wgrib2/wgrib2/gctpc/source/inv_init.c,17891,f5e73b8daea50fb2a39b42de73fbe3f28ba3b78f8838cafda07065705363b2dd
thirdparty/wgrib2/wgrib2/gctpc/source/lamazfor.c,4350,addebedf368d326c73a32976fbe26175c9e09b83418c9b9de53012ddebf86d5c
thirdparty/wgrib2/wgrib2/gctpc/source/lamazinv.c,4410,43a3295138ce188fdaa0d8403136d876a1d0055dd23d75f2c67b2a6e3366e00b
thirdparty/wgrib2/wgrib2/gctpc/source/lamccfor.c,6020,9ad8cd27d31792decdfcd0650dfe42e1262b3ffdde480548a0be5b9d1dcbfbaf
thirdparty/wgrib2/wgrib2/gctpc/source/lamccinv.c,5196,1d41f053458c1b016dc2ffe735e02e0bfa16c115f1e864fbcc5ceb57d7649cdd
thirdparty/wgrib2/wgrib2/gctpc/source/make.com,4042,5284e0df1306734fb7cee382b96a60080e8ae0dc651a2566baff1ee24f1dfa22
thirdparty/wgrib2/wgrib2/gctpc/source/merfor.c,3570,5c80f3dbfef97c3f681323fa7cf3d041811482b28cd37051a128165a94f865f3
thirdparty/wgrib2/wgrib2/gctpc/source/merinv.c,3412,59592b30c70791b176ff42744988f5a0d10b6d8e96b48c15ffd64b07b249302e
thirdparty/wgrib2/wgrib2/gctpc/source/millfor.c,3128,445100988ea7c8b3d912e91aee54a1502f0f145466c455dda6e216129da6e99c
thirdparty/wgrib2/wgrib2/gctpc/source/millinv.c,3105,9db454454c0d7936233204035bcb6dea8b3968a21a65631e6c87e969be3e7eba
thirdparty/wgrib2/wgrib2/gctpc/source/molwfor.c,3694,3bbed7435aa408ab62469bc898e713a4311ed57a9c6ef3621674a1092e107e51
thirdparty/wgrib2/wgrib2/gctpc/source/molwinv.c,3247,78369619dff51e3230bcce785d554c43fe6dcf4116f229ca5f51df953559f23a
thirdparty/wgrib2/wgrib2/gctpc/source/nad1927.dat,41272,7d559b8a40d140e19f3787f1566a12e9dafa521c1c4c555b6024c40de0b09bd8
thirdparty/wgrib2/wgrib2/gctpc/source/nad1983.dat,41272,f8a19516b1d8092e9f68ea35b190fa3bd387982b692fa2ab98fd271ee39b2a7a
thirdparty/wgrib2/wgrib2/gctpc/source/nad27sp,57888,a82d3c614a2a4c716302980b2e8083b02ab633437d39e97f26bfc906d9c37a6a
thirdparty/wgrib2/wgrib2/gctpc/source/nad83sp,57888,e561d496f6748a39a8aa19cc16298df4a2cd447771467788c52ee810eb698515
thirdparty/wgrib2/wgrib2/gctpc/source/obleqfor.c,3790,b70abc25ac595e23477bd604c7bde177d42c2b4dad94a9629fb79a62b44d671d
thirdparty/wgrib2/wgrib2/gctpc/source/obleqinv.c,3887,272547da2c49ebfdf1ea9313ead7aa3bfe7af7ec2622e33e6af19068cac55e90
thirdparty/wgrib2/wgrib2/gctpc/source/omerfor.c,7951,7e578c6b2190ca0b8eea84a66029200e3cb8cbf48d458c110c02bb8ddc3326b4
thirdparty/wgrib2/wgrib2/gctpc/source/omerinv.c,7704,f33da18f435f3f74e0af66b7eb54739c95ca93a5473e32dc0328e96cfe91e893
thirdparty/wgrib2/wgrib2/gctpc/source/orthfor.c,3499,e24c64f7f788858ca59496435ea3e65a3555ed48a5a524461e44925f04877344
thirdparty/wgrib2/wgrib2/gctpc/source/orthinv.c,3813,f3dd81c39080d331417d528d2baa2c097ce632ece1aa604acb625a89c11e0b89
thirdparty/wgrib2/wgrib2/gctpc/source/paksz.c,2679,ba7aeae28790d3d2c962d19b4da0fdf1c9676b3a2ac2097dfb237eb90c40a504
thirdparty/wgrib2/wgrib2/gctpc/source/polyfor.c,3759,e836eb89a1bcce03dc3165afa2269f9813697b654083a2fb27819df0091121ec
thirdparty/wgrib2/wgrib2/gctpc/source/polyinv.c,3874,377cad951a3b0b7b7ae5c3fe7d85a6b3b7fb1095119a4e04742774bd75d67d1b
thirdparty/wgrib2/wgrib2/gctpc/source/psfor.c,3973,7e4b3eb2a41b16ebca73e0d5197559c4c12be6d343f68b55dacba712a5b53308
thirdparty/wgrib2/wgrib2/gctpc/source/psinv.c,4265,36e434b8456283995f007b3a61a6e113dd9de250b19e63bcfc44b39efa47e385
thirdparty/wgrib2/wgrib2/gctpc/source/report.c,7958,d66eee449a85e637af2cdced3acd17b0d1b51577d0b23c08b4fac4dfb50fe95f
thirdparty/wgrib2/wgrib2/gctpc/source/robfor.c,4858,4cf1d6f4aeaf31a3ce1cd655fcd46402f9e6608d5d140be406631a0761cbec95
thirdparty/wgrib2/wgrib2/gctpc/source/robinv.c,6552,1d3839c43d3e825209016b09dc9f9943baa16a7ef157dd0b1e7776650333f058
thirdparty/wgrib2/wgrib2/gctpc/source/sinfor.c,2945,447495a0584b579319f937ff7ca803e76746408403a842bf92d57af7845ed59b
thirdparty/wgrib2/wgrib2/gctpc/source/sininv.c,3123,b3c8b248cd0785c4f5b9537a7e435b9f1f25c992bbd602dde66dc10d6fccacb7
thirdparty/wgrib2/wgrib2/gctpc/source/somfor.c,7785,d2de21fc2af7100a9efd1d74ff08e81efeea1d40d2aab11104e0c1ef04a3713c
thirdparty/wgrib2/wgrib2/gctpc/source/sominv.c,7136,d6b8392b9f20335edab7a02651668f24e799aabcc1bc3ae8645b86df76d23b34
thirdparty/wgrib2/wgrib2/gctpc/source/sphdz.c,8549,84cc1f54e6eb08e4b1d98d8728553fa0edb72d5927f261bde3642138b7904220
thirdparty/wgrib2/wgrib2/gctpc/source/spload.f,5740,dfa04ef3b7c8e90732feb653c8c63b87197cb642c25ce578879ff98257d14a3d
thirdparty/wgrib2/wgrib2/gctpc/source/sterfor.c,3520,5ce43a7726572e59826ace2179a1da41e0d7bccc960f445cc2c3c6bbe21a76c1
thirdparty/wgrib2/wgrib2/gctpc/source/sterinv.c,3842,bd16dc6aeb24bc20264878237c712dabb108f1f1c79f9e81ce2e3ea7237195bc
thirdparty/wgrib2/wgrib2/gctpc/source/stplnfor.c,8295,bcfe2e443d63933ecb05526a12763b7bf2e09d128e6e083e893cb7cc9f7b84ea
thirdparty/wgrib2/wgrib2/gctpc/source/stplninv.c,8341,4e7b12d413b2d5dee3575a9ef88bfb9d1ba5e6438b3f17b637535826cf3930c1
thirdparty/wgrib2/wgrib2/gctpc/source/tmfor.c,5686,3a851c683519dd06907efc446df1212ca8f3c5f6fc592ae83587d47df79c9c29
thirdparty/wgrib2/wgrib2/gctpc/source/tminv.c,6490,94f8153e2c566e29e331d6c60b0e8a829ce2f8abeaa1bac9cae0df9e1d84d659
thirdparty/wgrib2/wgrib2/gctpc/source/untfz.c,2043,a4879c2f83a4cdb374dfba2c5e8d39b387f1a935fb9c109a8fc791614746dcd8
thirdparty/wgrib2/wgrib2/gctpc/source/utmfor.c,5401,838b7c5e709f28bd1730fceafafe1df897965aa160a59dd7bf19d4fd43d33cf0
thirdparty/wgrib2/wgrib2/gctpc/source/utminv.c,6288,e3d6e744f677faf50cae9dbb183d8ed6cb12ee2b9191599d43550abb0e8aebb5
thirdparty/wgrib2/wgrib2/gctpc/source/vandgfor.c,4042,8fd0ec5e416a5906c77d4294888b5342578fc60f845681ec8b5218c56368a053
thirdparty/wgrib2/wgrib2/gctpc/source/vandginv.c,3879,ea0fb7fbe559d3c5e92a296b850b57e14fbb6133a6ee80bc89e5257d0aee568e
thirdparty/wgrib2/wgrib2/gctpc/source/wivfor.c,3192,953a401aee917ff5ce2534d4d33583df20091aacc4fd95e61b14fc53d47f9af2
thirdparty/wgrib2/wgrib2/gctpc/source/wivinv.c,2659,c661d32a9116d11b9fbfa527755387e0e68bec2ae58f981db6d889b8719ab684
thirdparty/wgrib2/wgrib2/gctpc/source/wviifor.c,2859,36a84746896d582a65ee9f401ef79bd4bf4f0762e0ed9bd0df83db234f49cfab
thirdparty/wgrib2/wgrib2/gctpc/source/wviiinv.c,3035,44aa9186e4f877637d909a8d817a009e583b4bd005478a9062737c251dced2ab
thirdparty/wgrib2/wgrib2/gctpc_ll2xy.c,9603,9a2eefc50ba57f26489747ec76af1524e873dc3617186222098baf46a3417bfe
thirdparty/wgrib2/wgrib2/geo.c,29635,b69d8ba77c44d0a1248187b6af04f3a8616011f6d4825a1146afc4c78b23574e
thirdparty/wgrib2/wgrib2/get_code_Table_4.5_ncep.sh,2204,f2fcfb09872e0d02e2488f9813b7a4e79e79bcbcb9ecc2529960b1ed6edf763a
thirdparty/wgrib2/wgrib2/get_unixtime.c,1565,71c7c39b96acea696e2b6d76becce4fbd72c74fc2700aee4d3061df932854ae3
thirdparty/wgrib2/wgrib2/grb2.h,10618,880f04365a2baae4db40f177ddefaf94e5ddd275457a2600d4b8acba4df411b2
thirdparty/wgrib2/wgrib2/gribtab.c,3144,e008531ac25bd1a01b8a9c7c08b301725b4e27b6f9bb6a8afad4898e56bea638
thirdparty/wgrib2/wgrib2/gribtables/README.md,867,2a218bf8d4c6954aeb341ad37e1078ffa0cd8a29626cb15fb827f0f5b6163706
thirdparty/wgrib2/wgrib2/gribtables/bom/BOM_gribtable.dat,1956,65b3a3ef7905754fffb5e350388f60b5f118ca217a5cd31ea7c5a6af3bc39d81
thirdparty/wgrib2/wgrib2/gribtables/dwd/README.md,1359,62dc5911cceb46357ed20cb1c01e68a96115b5be421e737c8a34efb0cb55fd61
thirdparty/wgrib2/wgrib2/gribtables/dwd/dwd2tab.pl,1681,1f8271d233dfe26111c57c9d01eaf4d1a96ff42d330b8935297a483b11dd2946
thirdparty/wgrib2/wgrib2/gribtables/dwd/dwd_gribtable,23525,47719bcfdf724ebe046e31a71d62fcc778d61cebeff48ff0f3376b286de526c8
thirdparty/wgrib2/wgrib2/gribtables/dwd/dwd_gribtable.dat,29037,b3b55830763124bc30c75459955567b68c1599ce6e629fab3124556051f49f9c
thirdparty/wgrib2/wgrib2/gribtables/ecmwf/ECMWF_gribtable,258782,953581fef11bdc528fb5a222dab047b0ed03af7bc8f089d1b7c81555d49ac00e
thirdparty/wgrib2/wgrib2/gribtables/ecmwf/ECMWF_gribtable.dat,302150,af5a388ace18701f64a616ea3cad309b7a801d3d2f54174ce7b677f5a078ac46
thirdparty/wgrib2/wgrib2/gribtables/ecmwf/README.md,1577,9069e2fa9a83a41396f650953a8f8ed60b7add47ad1e165dc1f03338c2dd337e
thirdparty/wgrib2/wgrib2/gribtables/ecmwf/create_ecmwf_gribtable.sh,10830,9a8900b80b7f33fbcd24a42567e359c37e49489f55204916b7fa77ceeec62a6f
thirdparty/wgrib2/wgrib2/gribtables/ecmwf/extra_gribtable,60472,19c5c09ddb80278629db29c41acbd066585aefc1f0b0b87128b9c518359b840e
thirdparty/wgrib2/wgrib2/gribtables/ecmwf/extra_gribtable.dat,71356,d76ed400dabc8e6ea826f418f791c1279f6aba930515240167e66e1985495119
thirdparty/wgrib2/wgrib2/gribtables/ecmwf/filter_local_gribtable.sh,1351,cb0c86a877b615ce39e4e57e8274b03d3d5bfa1966b1fa346b60d28bdfdc0b7f
thirdparty/wgrib2/wgrib2/gribtables/kma/KMA_gribtable.dat,9504,f9b445e6c60210ff8c4cd5d249e0f30580ca8d0eceee1163d8b61e9b7a387784
thirdparty/wgrib2/wgrib2/gribtables/misc/misc_gribtable.dat,625,7171b0a381f499b3b2a3d37134e9b08340be87c7778f1bacd4886cd0b712f523
thirdparty/wgrib2/wgrib2/gribtables/mrms/MRMS_gribtable.dat,10673,08893142f520a429f5578b367adcaf329c3b30b2a0a4de34414a16631f0248af
thirdparty/wgrib2/wgrib2/gribtables/mrms/MRMS_usertable,9365,45410e774923c502fa32110b9aa6bd4d884961da42970a5fd53bd4b85dd201c0
thirdparty/wgrib2/wgrib2/gribtables/ncep/README.md,3141,5c282be2dc434b84eb064bed801721510c4d8d949d71952f0eb6b313eda02195
thirdparty/wgrib2/wgrib2/gribtables/ncep/get_gribtab.sh,10742,224bae7fb21d6e26bc1314219e95736458e0db38d9db11b1ac100c38d8c5bddb
thirdparty/wgrib2/wgrib2/gribtables/ncep/gribtable,112042,6862b3c81f377fa6194cf1b55b1fe3bd6f695746095d88274553cbb350290791
thirdparty/wgrib2/wgrib2/gribtables/ncep/gribtable.dat,132562,298e68e46332e10823bfcf5c5db9c782960b3d9fc411fae19585f66271c4ce64
thirdparty/wgrib2/wgrib2/gribtables/ndfd/NDFD_gribtable.dat,1649,a6613919b5f9d22ff030fc7d6a459c95b40eaf0cae324c6ce683dfe44a8cf899
thirdparty/wgrib2/wgrib2/gribtables/tigge/tigge_gribtable.dat,1746,46823d72f8c3fd3471eacc62a641332570f92fd99e47bd3edd1895c2f4a1273a
thirdparty/wgrib2/wgrib2/grid_id.h,942,30403175b7820fd5e3eabc32a3930b6293f18de6301ae4239e82c3f34ab9c83d
thirdparty/wgrib2/wgrib2/grid_ident.c,1153,c73fd2b5b282cc2075605940420743c126c853fd967cd8dd780c0c46ca0588e0
thirdparty/wgrib2/wgrib2/hacking.txt,432,4794519b935f725cc7e0f34ad290622d1d65d8394c80f9eb0d82e6e669955757
thirdparty/wgrib2/wgrib2/ieee2flt.c,717,8d57c109c97dacea657695c55f23012c465ed4a6f88452465e46f0cee8315558
thirdparty/wgrib2/wgrib2/ieee2flt_nan.c,730,71e5b04e045e22535bc3c821fa9cf9e5f831197ae815cb2683c0d3a7fb672a21
thirdparty/wgrib2/wgrib2/ieee_pk.c,2443,0e97c1c39cb888c23b818a2c4b0e8a9a769fee5af3ce822df5eedd27d0649591
thirdparty/wgrib2/wgrib2/init.c,7094,3390380c81f677abe209f782ba07c06700144f4df31336735111e2d4f0f6a2a5
thirdparty/wgrib2/wgrib2/int8.c,7296,c18f7bece5e4bed7334641c5bb4589617444840ef45e75f00a624cca49224d69
thirdparty/wgrib2/wgrib2/interactive.txt,1069,f3127bc20f2d1fd1ccca44063a5bd8795ee9d67168ec9d7d1e306eaf46066730
thirdparty/wgrib2/wgrib2/intpower.c,497,2e0e7b7d597d7ba844870c590165f669e4b0cc5fd334b4bda72aa57d2efa94a7
thirdparty/wgrib2/wgrib2/itoshort_a.c,534,6cafa2507ddb934c163122d5d95e4cdedb6beeb2a6f44c7bf4725b73f830c09a
thirdparty/wgrib2/wgrib2/jpeg_pk.c,5966,268c796e4b3b9a328fab001dd28c125782428494376228138294ca3420e9c46c
thirdparty/wgrib2/wgrib2/lat2ij.c,1671,f5751d38938fa655acf5c5b0839c51a823b5774fa3310de11498124e424f4079
thirdparty/wgrib2/wgrib2/make_gribtable.sh,977,8bde90f87b84e8e2033a7047c968e7335298a8a7e0b09b95bdb7e0b63e9e6186
thirdparty/wgrib2/wgrib2/manage_inv_out.c,1188,cf26f84c4d061652d49654d4c429f43201133b0e0cec3140ea65196a5ad772f7
thirdparty/wgrib2/wgrib2/missing.c,1757,613f36ea98e39957c1e88d98c77db51abcc18544271d925836884e0a67591839
thirdparty/wgrib2/wgrib2/mk_gdt.c,3908,ca3f04509a086359a025987bbffd6a793469b93d1b2ba2b9056a11ff82ac25d0
thirdparty/wgrib2/wgrib2/ncep_grids.c,5732,c69e41b6d9f591d0f9fcad68d15945fd249cd57f0affeb8c2f68e56863517edc
thirdparty/wgrib2/wgrib2/ncep_tableC.dat,1010,e1a33b275c38c74afd123e104a9bd8ea7b94da10dfaa2776341e4a5c1be2ed7e
thirdparty/wgrib2/wgrib2/new_grid.txt,1111,2354e6e82f26872cea33fa163316dfe8614b1e1333e66865eafdf5176c7c3ae4
thirdparty/wgrib2/wgrib2/new_grid_lambertc.c,2254,fa4a4ae454fe3a69d14caa76b3e346b8a4bdb4e2a441037cbf6d975377b82377
thirdparty/wgrib2/wgrib2/new_pdt.txt,3774,84584225f5bb0686014d9169870cfc8849ad5cad637c2ef2f0ac12a562e7f0a6
thirdparty/wgrib2/wgrib2/notes.txt,447,9cdf8f21653fd93e25ae75ccb744f08ccd3f97546d05666a09160b2edb6252e4
thirdparty/wgrib2/wgrib2/openmp_util.c,3732,382d4cfd0517db359aac4f489b872bb1ea19b7cd3e901ee72ac077b091daf782
thirdparty/wgrib2/wgrib2/parse_loop.c,986,dbca9bd0a9b4eb47c256d1df357552926fbdb6974915edc0cf3cd4b19b703ffd
thirdparty/wgrib2/wgrib2/parse_msg.c,2572,746024f817e1a722430e383c2a8bec429760aff72bc6b7b887102d3757dc63b2
thirdparty/wgrib2/wgrib2/pdt_len.c,5145,46ba61b790b768c59cebe430ee90829b964ccb3504097a40a53eaa2ced5679ea
thirdparty/wgrib2/wgrib2/proj4_initialize.c,6033,eea0039d446c870cde8ce6002b3d204bb6f5141116e68561dcd87e6dc535c39c
thirdparty/wgrib2/wgrib2/proj4_transform.c,2451,09223bd4072061fbba6b6db444fa6dcbe27774ef6bc1ce13ac8ca08b24a53bd1
thirdparty/wgrib2/wgrib2/proj4_wgrib2.h,991,41974644cf6b43727a5526261f2ab09dff3dc82fd4a5d51bd3ecdf71749d6018
thirdparty/wgrib2/wgrib2/rd_inventory.c,2165,b481ee21001d8c2a1188314dba05f0f9cf7e5477193c70903a581e2f56c5a190
thirdparty/wgrib2/wgrib2/rd_seq_grib.c,11416,0e7ebc4c05b01a8b598d8010465b6e37b565bf55214832fca29f6c9e9337feb4
thirdparty/wgrib2/wgrib2/rdieee_file.c,1484,6639af4a282e2e12066eac1f7344a4f5c47b356452d27a225885f524623268ef
thirdparty/wgrib2/wgrib2/read_latlon.c,1488,139c8063332a96c3e14cce85a4c844cefa94e02e0bf83c226da70fb2a86e5b0c
thirdparty/wgrib2/wgrib2/reading_grib.txt,465,3375b4de366ee35b6841099d2f5f5e9b5ca6a2599e6f733a5a4a89b7e9559d20
thirdparty/wgrib2/wgrib2/rotll.c,2597,a5de025e64f4732c578c34ecbb18ca3fb6148870eba0850ec93eca570e032355
thirdparty/wgrib2/wgrib2/save_string.c,1109,1c6e71f39120e90a0b40109b8e5226c3b05264d97c835211b09a1d92c41c60f4
thirdparty/wgrib2/wgrib2/sec3_grids.c,15006,ae7f16e6a3259a2d62c50faf476720f756ef9d3043352b07007201efd53d739a
thirdparty/wgrib2/wgrib2/setup_user_gribtable.c,3852,81babd602b650f1741dee52162e57fd2851466cb05a56f121ac5ad2d6bd6582a
thirdparty/wgrib2/wgrib2/simple_pk.c,5840,b2296177f763d1d4502356582cda00923ad9f8f898d1eb164f5a21ec15db37ed
thirdparty/wgrib2/wgrib2/space_view.c,6153,12b0d2b262a003ca5e8d721be1aa7eef7335dbf60be1a170097a885b2292a648
thirdparty/wgrib2/wgrib2/space_view2ij.c,6315,7bcb1a2af94100d300d1ee1ee35ac2f7369a924dd7046fdbc8f2543c36089ea9
thirdparty/wgrib2/wgrib2/stagger.c,4664,c4d957d00729c2f6f46a953792e4ff238baab7994f9c2dff0b971375c91c2d84
thirdparty/wgrib2/wgrib2/string2time_unit.c,522,a4c5cf682a80bcd1e9fa2663901884ec77c3030d4da36539b8bd03694366cf20
thirdparty/wgrib2/wgrib2/subtime.c,3394,0d6471a7c5505fc0b0e3a194dac0e4793d65f1ebd0c19c2e003d25943f839208
thirdparty/wgrib2/wgrib2/swap_buffer.c,603,3dfd10dd6990274d0079cdb0739ace3cc71fd070c2fea8d09bcf34d8af935869
thirdparty/wgrib2/wgrib2/test_sec.c,12426,d412e72052f52f3a5874300fc6bed3f9c6e69b4c6e2752f8f1d756c5d4a911de
thirdparty/wgrib2/wgrib2/units.c,3068,d40ccd11a0a2361c2048e484c1d9897ad84ab25b807bf5850a5dcfc580d4b1fd
thirdparty/wgrib2/wgrib2/unpk.c,9465,70f58ccff454429893ff41d57e59810c27f62ec8206562219b6b1a15e9becc37
thirdparty/wgrib2/wgrib2/unpk_0.c,4152,9fff65a98e5a5511a106231e13742a1e9ffe55ae0d3a1dd2ed8c04bf2198f5b5
thirdparty/wgrib2/wgrib2/unpk_complex.c,13245,96010caa7925fe964ddbb9165f030a0ba341a2e8710eb6b1d721e82f0fe1d302
thirdparty/wgrib2/wgrib2/unpk_run_length.c,3779,d545b6266469aa1faef0430398d90c4c65f20862d1b5cb02d0028da016999b5e
thirdparty/wgrib2/wgrib2/update_gribtable.txt,3683,0d20f58cf8381f3d7e7c49520dc63ef68fbc18cbb38ef1aff7b996f61fb7f66d
thirdparty/wgrib2/wgrib2/update_sec3.c,1014,129a2ba1fad7f86f73fd3b834c08a74b5d7235fc0e4344b85272b0b17335cfe8
thirdparty/wgrib2/wgrib2/update_sec4.c,760,688a5bf20733e3572bd08ced66b00472137f37e84d4b5b82fec7c990965f89d1
thirdparty/wgrib2/wgrib2/v1_v2_if.c,6321,727672e582a86c6bcb74ae851d7d58503b239acdcc139a90375a564f4b8098da
thirdparty/wgrib2/wgrib2/wgrib2.c,34128,d2d241491899f83d924305fe9908b7489291e28330b0c500cf0c122fa2925346
thirdparty/wgrib2/wgrib2/wgrib2.h,36378,e79de85f49908b1697e5301ec6ccaeff734d70e3785a20ad34a08f834491c623
thirdparty/wgrib2/wgrib2/wgrib2_api.c,856,2ecc1f7344d5a942cea3145ee5b5ce65d60b681ce5de40ddde1ee5cedb8e889b
thirdparty/wgrib2/wgrib2/wgrib2_api.h,599,b6054ee9e113b083ff476058bd69644a1fc8dc1ac5067f86a4bef1b9cd8b795a
thirdparty/wgrib2/wgrib2/wgrib2_main.c,1158,80ad262ffa081ca7e4a94e996ba594da2b7bc20163dbc15087b15ce855ac55b6
thirdparty/wgrib2/wgrib2/wgrib2_meta.h.in,1052,09d4d8d49869f58010d487a116afb41b5779b7387ffa5a1f681dba1b07f0a075
thirdparty/wgrib2/wgrib2/wgrib2nc.h,4842,0b7c4712e0b19ad0c46aed24d8b99386eda5d0caffd3b73b95d5549fa3d4446f
thirdparty/wgrib2/wgrib2/wrtieee.c,2008,1daea96827e0a22ccb9bce2f63e3b9de1b6fcd073a9b0fe53166340064cf5a19
thirdparty/wgrib2/wgrib2/wxtext.c,2501,24d44aec7472ded3b864aa0220b8913c2537b4340a15c5624f0305e3f1461a85
util/adccmp.F,20844,c1bf887e528f422a0aaa8ddfe0475ed18e57718e972600f5733527d119d2a75c
util/adcirc2xdmf.f90,49720,d5c58c076450e87143af5f02e6bd63f7a06a0ca6d735c1eb8cc125ab105970ff
util/adcircResultsComparison.F90,35910,ac0f392341a972b009d0639ae14d75654a829e9e4d2b698dcf98d1979b636ea9
util/add_cr.bat,167,5a96a36d03ec4d8cbf5677bec6aedccdb40502b5f4c442692aeb67029dcbf71e
util/build12.F,6663,7f3949c5ed0a6a230ba0cf5544fb2cd8970b2b34ae7d471a9d2cd8821535f7c1
util/build13.F,6002,7cdb29309126606cc3f856e15459232391f6cfc632c200194bc93c85f2850f56
util/buildstwave23.F,22907,938a50c4fa2d531ff28b24dac2bcc3365ca4a17eca44fe5ab98fa7b7b2cb1f2f
util/buildstwave23.sample.input.txt,876,3d3b58d89a60d70366f931740dbdcb8e24f6c4967537f3e117b8f6d1434d6365
util/control.f90,59001,7ade439414b24a402654bf1d7ac4539f25631364974b1e869f67d5b23d45596d
util/hot2asc.F,13303,84455a76e402362a2b2bf06add46b94158c822b370e7aba7ce4e936b909ba193
util/hstime.F,5415,1e87d420af5ab1f44add24c0c2ecc21b13f9842c578ca1f1313721b61bfe1f6a
util/inflate.F,7525,9d4786f14be60d49c8975254179c13439c0d98b6d27cb0c35271fc2bee2ee8a9
util/makefile,3347,8e8b789ae0dad05443a5a2db957911c63d46a033aa407c742c882b4b44228924
util/radedit.F,2034,0c7a53e0c2a4ce7c21d4936ef1f8c0b498b0adad700b6080fc37b5247bbdb3a2
util/strip_cr.bat,167,effbcf8b8dbbce9a41af910b7ab1e4ee2f241304a5768040d7c5f0cb0a89c9b0
util/xdmf2adcirc.f90,56745,658ac43f6316611db753c9f8343131277752828616a8bdcb1ed8c7beda9d5249
wind/aswip.F,129937,25341b09d0d5df213077a394f4f448db6ae11bead6302c0673009d87d8f4d19d
wind/fitpack.F,135834,f0d1104ec549bc2ac47c0aa0152d8f165f7ba8c08474f96f4806b9683c226f07
wind/lsq.F,29932,38900112660f05f8dd095dfb16c4a64450a2871861afeb3612b46549896d0cf0
wind/owi22.F,20250,7417dfa29fb9aea6965d9f926b6e330d7290a3e1b9d33deae0c549d9e2aba90d
wind/p15.F,101800,dd2aa9fac195e11dd4a523db8eb8da057be9d0fc3821f40b361f4ed4d047d549
wind/precision.F,4028,8aa4f18876998350bd2df5f3bdbbaa99b74e24798447ca1b296ba9388a3f290f
wind/vortex.F,51434,abd6e1b37bb50d5fe6bdc1c3473585eff97b00fb7c8a63afd1bb8834a26af485
work/cmplrflags.mk,51866,aa0ddf0af6900c309ad29b68ab5a7d355cd65d571fd7749def713ba5a42cbc89
work/config.guess,44593,6d651661ea118cc2fa93ff3d028550721c6ab37c03f4057ec8afd25624ce5e93
work/makefile,43871,8806f38762116cc5636d38ece2a228868b5cee6b1d65f0a0ef575edd21fd565d
work/makefile.non_pc,13025,d55f66386912d46833fff443db271233548a06c2bf4fe8b83a630e453e806591
work/makefile.pc,7458,09212555aa2636dd11586a249de83662a942670dc0827a9c83bf41a6bf53f652
work/makefile_adcirc_dp.pc,5266,7c715cdb2a0e54a32d8b55dd2d7577a66d086e9f061a5080e4ca33f6a190fecd
work/makefile_adcirc_sp.pc,5266,6d537085d343552061628b2f603f0effb1a3654d375a7e830291175bddfc52e3
work/makefile_adcprep.pc,3291,31de9fd095e7f62223f03adf50d6d924c52a57b98dcfd910486337976ca90879
