note_file,note_line,ref_kind,ref_file,ref_line_start,ref_line_end,ref_symbol,context
models/ADCIRC/README.md,15,file,//github.c,,,,"- **GitHub**: [adcirc/adcirc](https://github.com/adcirc/adcirc), [adcirc/adcircpy](https://github.com/adci"
models/ADCIRC/README.md,15,file,//github.c,,,,"(https://github.com/adcirc/adcirc), [adcirc/adcircpy](https://github.com/adcirc/adcircpy), [adcirc/adcirc-testsuite](https://githu"
models/ADCIRC/README.md,15,file,//github.c,,,,"ithub.com/adcirc/adcircpy), [adcirc/adcirc-testsuite](https://github.com/adcirc/adcirc-testsuite)"
models/ADCIRC/README.md,16,symbol,,,,adcircpy,/source_code/adcirc/` (Fortran core) + `adcirc-testsuite` + `adcircpy` (Python) + `gahm` (vortex parametrization) + `asgs` (foreca
models/ADCIRC/README.md,16,symbol,,,,gahm,(Fortran core) + `adcirc-testsuite` + `adcircpy` (Python) + `gahm` (vortex parametrization) + `asgs` (forecast system) + `Stor
models/ADCIRC/README.md,16,symbol,,,,asgs,` + `adcircpy` (Python) + `gahm` (vortex parametrization) + `asgs` (forecast system) + `StormEvents` + `FigureGen`
models/ADCIRC/README.md,16,symbol,,,,StormEvents,gahm` (vortex parametrization) + `asgs` (forecast system) + `StormEvents` + `FigureGen`
models/ADCIRC/README.md,16,symbol,,,,FigureGen,rametrization) + `asgs` (forecast system) + `StormEvents` + `FigureGen`
models/ADCIRC/README.md,31,file,adcirc.github.io/adcirc.org/github.c,,,,"ified | **M-B audit done 2026-05-24** | 21 외부 docs catalog (adcirc.github.io/adcirc.org/github.com URL 검증, WebFetch 03+06 sampling) verified |"
models/ADCIRC/manifest.md,10,file,//github.c,,,,| adcirc | adcirc | 89M | https://github.com/adcirc/adcirc |
models/ADCIRC/manifest.md,11,file,//github.c,,,,| adcirc-testsuite | adcirc | 166M | https://github.com/adcirc/adcirc-testsuite |
models/ADCIRC/manifest.md,12,file,//github.c,,,,| gahm | adcirc | 6.2M | https://github.com/adcirc/gahm |
models/ADCIRC/manifest.md,13,file,//github.c,,,,| adcircpy | oceanmodeling | 4.8M | https://github.com/oceanmodeling/adcircpy |
models/ADCIRC/manifest.md,14,file,//github.c,,,,| StormEvents | oceanmodeling | 9.2M | https://github.com/oceanmodeling/StormEvents |
models/ADCIRC/manifest.md,15,file,//github.c,,,,| FigureGen | ccht-ncsu | 2.1M | https://github.com/ccht-ncsu/FigureGen |
models/ADCIRC/manifest.md,16,file,//github.c,,,,| asgs | StormSurgeLive | 297M | https://github.com/StormSurgeLive/asgs |
models/ADCIRC/manual-notes/01-docs-hub.md,8,file,adcirc.github.io/adcirc.org/github.c,,,,"notes: ""P2 catalog audit 2026-05-24 — external URL catalog (adcirc.github.io/adcirc.org/github.com) verified via WebFetch sampling (03 theory + 06 parameter"
models/ADCIRC/manual-notes/02-getting-started.md,8,file,adcirc.github.io/adcirc.org/github.c,,,,"notes: ""P2 catalog audit 2026-05-24 — external URL catalog (adcirc.github.io/adcirc.org/github.com) verified via WebFetch sampling (03 theory + 06 parameter"
models/ADCIRC/manual-notes/02-getting-started.md,19,file,//adcirc.github.io/adcirc/getting_started/index.h,,,,- link: https://adcirc.github.io/adcirc/getting_started/index.html
models/ADCIRC/manual-notes/03-theory-and-formulation.md,8,file,adcirc.github.io/adcirc.org/github.c,,,,"notes: ""P2 catalog audit 2026-05-24 — external URL catalog (adcirc.github.io/adcirc.org/github.com) verified via WebFetch sampling (03 theory + 06 parameter"
models/ADCIRC/manual-notes/03-theory-and-formulation.md,19,file,//adcirc.github.io/adcirc/theory/index.h,,,,- link: https://adcirc.github.io/adcirc/theory/index.html
models/ADCIRC/manual-notes/04-theory-pdf-v44xx.md,8,file,adcirc.github.io/adcirc.org/github.c,,,,"notes: ""P2 catalog audit 2026-05-24 — external URL catalog (adcirc.github.io/adcirc.org/github.com) verified via WebFetch sampling (03 theory + 06 parameter"
models/ADCIRC/manual-notes/05-input-files-reference.md,8,file,adcirc.github.io/adcirc.org/github.c,,,,"notes: ""P2 catalog audit 2026-05-24 — external URL catalog (adcirc.github.io/adcirc.org/github.com) verified via WebFetch sampling (03 theory + 06 parameter"
models/ADCIRC/manual-notes/05-input-files-reference.md,19,file,//adcirc.github.io/adcirc/technical_reference/input_files/index.h,,,,- link: https://adcirc.github.io/adcirc/technical_reference/input_files/index.html
models/ADCIRC/manual-notes/06-parameter-definitions.md,8,file,adcirc.github.io/adcirc.org/github.c,,,,"notes: ""P2 catalog audit 2026-05-24 — external URL catalog (adcirc.github.io/adcirc.org/github.com) verified via WebFetch sampling (03 theory + 06 parameter"
models/ADCIRC/manual-notes/06-parameter-definitions.md,19,file,//adcirc.github.io/adcirc/technical_reference/parameter_definitions/index.h,,,,- link: https://adcirc.github.io/adcirc/technical_reference/parameter_definitions/index.html
models/ADCIRC/manual-notes/07-examples-index.md,8,file,adcirc.github.io/adcirc.org/github.c,,,,"notes: ""P2 catalog audit 2026-05-24 — external URL catalog (adcirc.github.io/adcirc.org/github.com) verified via WebFetch sampling (03 theory + 06 parameter"
models/ADCIRC/manual-notes/07-examples-index.md,19,file,//adcirc.github.io/adcirc/user_guide/examples/index.h,,,,- link: https://adcirc.github.io/adcirc/user_guide/examples/index.html
models/ADCIRC/manual-notes/08-official-example-problems.md,8,file,adcirc.github.io/adcirc.org/github.c,,,,"notes: ""P2 catalog audit 2026-05-24 — external URL catalog (adcirc.github.io/adcirc.org/github.com) verified via WebFetch sampling (03 theory + 06 parameter"
models/ADCIRC/manual-notes/09-support-and-faq.md,8,file,adcirc.github.io/adcirc.org/github.c,,,,"notes: ""P2 catalog audit 2026-05-24 — external URL catalog (adcirc.github.io/adcirc.org/github.com) verified via WebFetch sampling (03 theory + 06 parameter"
models/ADCIRC/manual-notes/09-support-and-faq.md,19,file,//adcirc.github.io/adcirc/questions_and_support/index.h,,,,- link: https://adcirc.github.io/adcirc/questions_and_support/index.html ; https://adcirc.org/home/adcirc-faq/
models/ADCIRC/manual-notes/09-support-and-faq.md,28,symbol,,,,adcprep,"- the FAQ gives concrete advice for instability, `adcprep` file-handle limits, SWAN coupling file placement, prefix-di"
models/ADCIRC/manual-notes/09-support-and-faq.md,48,symbol,,,,playbook,gh. This should directly inform local `failure-pattern` and `playbook` notes.
models/ADCIRC/manual-notes/10-github-repo-and-releases.md,8,file,adcirc.github.io/adcirc.org/github.c,,,,"notes: ""P2 catalog audit 2026-05-24 — external URL catalog (adcirc.github.io/adcirc.org/github.com) verified via WebFetch sampling (03 theory + 06 parameter"
models/ADCIRC/manual-notes/10-github-repo-and-releases.md,19,file,//github.c,,,,- link: https://github.com/adcirc/adcirc ; https://github.com/adcirc/adcirc/releases
models/ADCIRC/manual-notes/10-github-repo-and-releases.md,19,file,//github.c,,,,- link: https://github.com/adcirc/adcirc ; https://github.com/adcirc/adcirc/releases
models/ADCIRC/manual-notes/11-testsuite.md,8,file,adcirc.github.io/adcirc.org/github.c,,,,"notes: ""P2 catalog audit 2026-05-24 — external URL catalog (adcirc.github.io/adcirc.org/github.com) verified via WebFetch sampling (03 theory + 06 parameter"
models/ADCIRC/manual-notes/11-testsuite.md,19,file,//github.c,,,,- link: https://github.com/adcirc/adcirc-testsuite
models/ADCIRC/manual-notes/12-tooling-ecosystem.md,8,file,adcirc.github.io/adcirc.org/github.c,,,,"notes: ""P2 catalog audit 2026-05-24 — external URL catalog (adcirc.github.io/adcirc.org/github.com) verified via WebFetch sampling (03 theory + 06 parameter"
models/ADCIRC/manual-notes/12-tooling-ecosystem.md,19,file,//adcirc.github.io/adcirc/tools/index.h,,,,- link: https://adcirc.github.io/adcirc/tools/index.html ; https://github.com/oceanmodeling/adcircpy ; https://gi
models/ADCIRC/manual-notes/12-tooling-ecosystem.md,19,file,//github.c,,,,k: https://adcirc.github.io/adcirc/tools/index.html ; https://github.com/oceanmodeling/adcircpy ; https://github-wiki-see.page/m/S
models/ADCIRC/manual-notes/13-nws13-and-jma-msm-path.md,8,file,adcirc.github.io/adcirc.org/github.c,,,,"notes: ""P2 catalog audit 2026-05-24 — external URL catalog (adcirc.github.io/adcirc.org/github.com) verified via WebFetch sampling (03 theory + 06 parameter"
models/ADCIRC/manual-notes/13-nws13-and-jma-msm-path.md,19,file,nws13.rst,,,,"- link: synthesis of ADCIRC docs `nws13.rst`, `fort22.rst` and testsuite `adcirc_katrina-2d-nws13`"
models/ADCIRC/manual-notes/13-nws13-and-jma-msm-path.md,19,file,fort22.rst,,,,"- link: synthesis of ADCIRC docs `nws13.rst`, `fort22.rst` and testsuite `adcirc_katrina-2d-nws13`"
models/ADCIRC/manual-notes/14-fort14-grid-bathymetry-boundaries.md,8,file,adcirc.github.io/adcirc.org/github.c,,,,"notes: ""P2 catalog audit 2026-05-24 — external URL catalog (adcirc.github.io/adcirc.org/github.com) verified via WebFetch sampling (03 theory + 06 parameter"
models/ADCIRC/manual-notes/14-fort14-grid-bathymetry-boundaries.md,19,file,//adcirc.github.io/adcirc/technical_reference/input_files/fort14.h,,,,- link: https://adcirc.github.io/adcirc/technical_reference/input_files/fort14.html
models/ADCIRC/manual-notes/15-mesh-tools-and-grid-editing.md,8,file,adcirc.github.io/adcirc.org/github.c,,,,"notes: ""P2 catalog audit 2026-05-24 — external URL catalog (adcirc.github.io/adcirc.org/github.com) verified via WebFetch sampling (03 theory + 06 parameter"
models/ADCIRC/manual-notes/15-mesh-tools-and-grid-editing.md,19,file,//adcirc.github.io/adcirc/tools/index.h,,,,- link: https://adcirc.github.io/adcirc/tools/index.html ; https://adcirc.github.io/adcirc/tools/sms.html ; https
models/ADCIRC/manual-notes/15-mesh-tools-and-grid-editing.md,19,file,//adcirc.github.io/adcirc/tools/sms.h,,,,k: https://adcirc.github.io/adcirc/tools/index.html ; https://adcirc.github.io/adcirc/tools/sms.html ; https://adcirc.github.io/adcirc/tools/oceanmesh2d.html
models/ADCIRC/manual-notes/15-mesh-tools-and-grid-editing.md,19,file,//adcirc.github.io/adcirc/tools/oceanmesh2d.h,,,,ml ; https://adcirc.github.io/adcirc/tools/sms.html ; https://adcirc.github.io/adcirc/tools/oceanmesh2d.html ; https://adcirc.github.io/adcirc/user_guide/tips_a
models/ADCIRC/manual-notes/15-mesh-tools-and-grid-editing.md,19,file,//adcirc.github.io/adcirc/user_guide/tips_and_tricks/grid_dev_edit.h,,,,ps://adcirc.github.io/adcirc/tools/oceanmesh2d.html ; https://adcirc.github.io/adcirc/user_guide/tips_and_tricks/grid_dev_edit.html
models/ADCIRC/manual-notes/15-mesh-tools-and-grid-editing.md,27,symbol,,,,SMS,- the docs explicitly surface `SMS` and `OceanMesh2D` as front-line meshing tools
models/ADCIRC/manual-notes/15-mesh-tools-and-grid-editing.md,27,symbol,,,,OceanMesh2D,- the docs explicitly surface `SMS` and `OceanMesh2D` as front-line meshing tools
models/ADCIRC/manual-notes/15-mesh-tools-and-grid-editing.md,28,symbol,,,,SMS,- `SMS` is a commercial Windows GUI environment popular with ADCIRC
models/ADCIRC/manual-notes/15-mesh-tools-and-grid-editing.md,29,symbol,,,,OceanMesh2D,- `OceanMesh2D` is an open MATLAB-based automated mesh generator
models/ADCIRC/manual-notes/15-mesh-tools-and-grid-editing.md,30,symbol,,,,OceanMesh2D,"- `OceanMesh2D` can also help with boundary conditions, bathymetry/topograp"
models/ADCIRC/manual-notes/15-mesh-tools-and-grid-editing.md,35,symbol,,,,SMS,- method details: justifies focusing first on `SMS` versus `OceanMesh2D`
models/ADCIRC/manual-notes/15-mesh-tools-and-grid-editing.md,35,symbol,,,,OceanMesh2D,- method details: justifies focusing first on `SMS` versus `OceanMesh2D`
models/ADCIRC/manual-notes/16-bathymetry-and-subgrid-paths.md,8,file,adcirc.github.io/adcirc.org/github.c,,,,"notes: ""P2 catalog audit 2026-05-24 — external URL catalog (adcirc.github.io/adcirc.org/github.com) verified via WebFetch sampling (03 theory + 06 parameter"
models/ADCIRC/manual-notes/16-bathymetry-and-subgrid-paths.md,19,file,//adcirc.github.io/adcirc/technical_reference/input_files/fort14.h,,,,- link: https://adcirc.github.io/adcirc/technical_reference/input_files/fort14.html ; https://adcirc.github.io/adcirc/technical_reference/in
models/ADCIRC/manual-notes/16-bathymetry-and-subgrid-paths.md,19,file,//adcirc.github.io/adcirc/technical_reference/input_files/time_varying_bathymetry.h,,,,/adcirc/technical_reference/input_files/fort14.html ; https://adcirc.github.io/adcirc/technical_reference/input_files/time_varying_bathymetry.html ; https://adc
models/ADCIRC/manual-notes/16-bathymetry-and-subgrid-paths.md,19,file,//adcirc.github.io/adcirc/tools/subgrid_adcirc_utility.h,,,,_reference/input_files/time_varying_bathymetry.html ; https://adcirc.github.io/adcirc/tools/subgrid_adcirc_utility.html ; https://adcirc.github.io/adcirc/tools/
models/ADCIRC/manual-notes/16-bathymetry-and-subgrid-paths.md,19,file,//adcirc.github.io/adcirc/tools/oceanmesh2d.h,,,,.github.io/adcirc/tools/subgrid_adcirc_utility.html ; https://adcirc.github.io/adcirc/tools/oceanmesh2d.html
models/ADCIRC/manual-notes/16-bathymetry-and-subgrid-paths.md,28,symbol,,,,NDDT,RC supports time-varying bathymetry through `fort.141` when `NDDT` is nonzero
models/ADCIRC/manual-notes/16-bathymetry-and-subgrid-paths.md,29,symbol,,,,OceanMesh2D,- `OceanMesh2D` provides bathymetry/topography interpolation and DEM suppor
models/ADCIRC/manual-notes/16-bathymetry-and-subgrid-paths.md,30,symbol,,,,SubgridADCIRCUtility,- `SubgridADCIRCUtility` supports high-resolution terrain representation without req
models/ADCIRC/manual-notes/17-boundary-and-forcing-inputs.md,8,file,adcirc.github.io/adcirc.org/github.c,,,,"notes: ""P2 catalog audit 2026-05-24 — external URL catalog (adcirc.github.io/adcirc.org/github.com) verified via WebFetch sampling (03 theory + 06 parameter"
models/ADCIRC/manual-notes/17-boundary-and-forcing-inputs.md,19,file,//adcirc.github.io/adcirc/user_guide/model_configuration/boundary_conditions/boundary_conditions.h,,,,- link: https://adcirc.github.io/adcirc/user_guide/model_configuration/boundary_conditions/boundary_conditions.html ; https://adcirc.github.io/adcirc/technical_
models/ADCIRC/manual-notes/17-boundary-and-forcing-inputs.md,19,file,//adcirc.github.io/adcirc/technical_reference/input_files/meteorological_forcing_overview.h,,,,ration/boundary_conditions/boundary_conditions.html ; https://adcirc.github.io/adcirc/technical_reference/input_files/meteorological_forcing_overview.html ; htt
models/ADCIRC/manual-notes/17-boundary-and-forcing-inputs.md,19,file,//adcirc.github.io/adcirc/user_guide/model_configuration/meteorological_forcing/nws_parameters.h,,,,ce/input_files/meteorological_forcing_overview.html ; https://adcirc.github.io/adcirc/user_guide/model_configuration/meteorological_forcing/nws_parameters.html 
models/ADCIRC/manual-notes/17-boundary-and-forcing-inputs.md,19,file,//adcirc.github.io/adcirc/user_guide/model_configuration/meteorological_forcing/wtiminc.h,,,,guration/meteorological_forcing/nws_parameters.html ; https://adcirc.github.io/adcirc/user_guide/model_configuration/meteorological_forcing/wtiminc.html
models/ADCIRC/manual-notes/17-boundary-and-forcing-inputs.md,31,symbol,,,,NWS,"- meteorological forcing is selected through `NWS`, and the meaning of the meteorological parameter line chang"
models/ADCIRC/manual-notes/17-boundary-and-forcing-inputs.md,32,symbol,,,,WTIMINC,- `WTIMINC` is central for many gridded meteorological paths
models/ADCIRC/manual-notes/18-nws13-schema-and-local-jma-msm-branch.md,8,file,adcirc.github.io/adcirc.org/github.c,,,,"notes: ""P2 catalog audit 2026-05-24 — external URL catalog (adcirc.github.io/adcirc.org/github.com) verified via WebFetch sampling (03 theory + 06 parameter"
models/ADCIRC/manual-notes/18-nws13-schema-and-local-jma-msm-branch.md,19,file,//adcirc.github.io/adcirc/user_guide/model_configuration/meteorological_forcing/nws13.h,,,,- link: https://adcirc.github.io/adcirc/user_guide/model_configuration/meteorological_forcing/nws13.html ; https://adcirc.github.io/adcirc/technical_reference/i
models/ADCIRC/manual-notes/18-nws13-schema-and-local-jma-msm-branch.md,19,file,//adcirc.github.io/adcirc/technical_reference/input_files/fort22.h,,,,del_configuration/meteorological_forcing/nws13.html ; https://adcirc.github.io/adcirc/technical_reference/input_files/fort22.html
models/ADCIRC/manual-notes/18-nws13-schema-and-local-jma-msm-branch.md,28,symbol,,,,U10,"- the documented schema includes `U10`, `V10`, `PSFC`, `lat`, `lon`, and `time`"
models/ADCIRC/manual-notes/18-nws13-schema-and-local-jma-msm-branch.md,28,symbol,,,,V10,"- the documented schema includes `U10`, `V10`, `PSFC`, `lat`, `lon`, and `time`"
models/ADCIRC/manual-notes/18-nws13-schema-and-local-jma-msm-branch.md,28,symbol,,,,PSFC,"- the documented schema includes `U10`, `V10`, `PSFC`, `lat`, `lon`, and `time`"
models/ADCIRC/manual-notes/18-nws13-schema-and-local-jma-msm-branch.md,28,symbol,,,,lat,"- the documented schema includes `U10`, `V10`, `PSFC`, `lat`, `lon`, and `time`"
models/ADCIRC/manual-notes/18-nws13-schema-and-local-jma-msm-branch.md,28,symbol,,,,lon,"the documented schema includes `U10`, `V10`, `PSFC`, `lat`, `lon`, and `time`"
models/ADCIRC/manual-notes/18-nws13-schema-and-local-jma-msm-branch.md,28,symbol,,,,time,"ted schema includes `U10`, `V10`, `PSFC`, `lat`, `lon`, and `time`"
models/ADCIRC/manual-notes/27-github-oceanmesh2d-repo-review.md,8,file,adcirc.github.io/adcirc.org/github.c,,,,"notes: ""P2 catalog audit 2026-05-24 — external URL catalog (adcirc.github.io/adcirc.org/github.com) verified via WebFetch sampling (03 theory + 06 parameter"
models/ADCIRC/manual-notes/27-github-oceanmesh2d-repo-review.md,15,file,//github.c,,,,- https://github.com/CHLNDDEV/OceanMesh2D
models/ADCIRC/manual-notes/27-github-oceanmesh2d-repo-review.md,21,symbol,,,,Projection,- recommended branch is `Projection`
models/ADCIRC/manual-notes/27-github-oceanmesh2d-repo-review.md,24,symbol,,,,m_map,"- setup downloads `m_map`, `GSHHG`, and `SRTM15_PLUS`"
models/ADCIRC/manual-notes/27-github-oceanmesh2d-repo-review.md,24,symbol,,,,GSHHG,"- setup downloads `m_map`, `GSHHG`, and `SRTM15_PLUS`"
models/ADCIRC/manual-notes/27-github-oceanmesh2d-repo-review.md,24,symbol,,,,SRTM15_PLUS,"- setup downloads `m_map`, `GSHHG`, and `SRTM15_PLUS`"
models/ADCIRC/manual-notes/27-github-oceanmesh2d-repo-review.md,30,symbol,,,,geodata,- `geodata`
models/ADCIRC/manual-notes/27-github-oceanmesh2d-repo-review.md,31,symbol,,,,edgefx,- `edgefx`
models/ADCIRC/manual-notes/27-github-oceanmesh2d-repo-review.md,32,symbol,,,,meshgen,- `meshgen`
models/ADCIRC/manual-notes/27-github-oceanmesh2d-repo-review.md,33,symbol,,,,msh,- `msh`
models/ADCIRC/manual-notes/28-github-oceanmesh-python-repo-review.md,8,file,adcirc.github.io/adcirc.org/github.c,,,,"notes: ""P2 catalog audit 2026-05-24 — external URL catalog (adcirc.github.io/adcirc.org/github.com) verified via WebFetch sampling (03 theory + 06 parameter"
models/ADCIRC/manual-notes/28-github-oceanmesh-python-repo-review.md,15,file,//github.c,,,,- https://github.com/CHLNDDEV/oceanmesh
models/ADCIRC/manual-notes/28-github-oceanmesh-python-repo-review.md,22,symbol,,,,Region,"- key interface objects and functions include `Region`, `Shoreline`, `DEM`, `signed_distance_function`, sizing fun"
models/ADCIRC/manual-notes/28-github-oceanmesh-python-repo-review.md,22,symbol,,,,Shoreline,"- key interface objects and functions include `Region`, `Shoreline`, `DEM`, `signed_distance_function`, sizing functions, and `"
models/ADCIRC/manual-notes/28-github-oceanmesh-python-repo-review.md,22,symbol,,,,DEM,"erface objects and functions include `Region`, `Shoreline`, `DEM`, `signed_distance_function`, sizing functions, and `generat"
models/ADCIRC/manual-notes/28-github-oceanmesh-python-repo-review.md,22,symbol,,,,signed_distance_function,"objects and functions include `Region`, `Shoreline`, `DEM`, `signed_distance_function`, sizing functions, and `generate_mesh`"
models/ADCIRC/manual-notes/28-github-oceanmesh-python-repo-review.md,22,symbol,,,,generate_mesh,"`, `DEM`, `signed_distance_function`, sizing functions, and `generate_mesh`"
models/ADCIRC/manual-notes/28-github-oceanmesh-python-repo-review.md,24,symbol,,,,CGAL,- installation requires `CGAL`
models/ADCIRC/manual-notes/28-github-oceanmesh-python-repo-review.md,29,symbol,,,,OceanMesh2D,This is the closest visible Python-side relative of `OceanMesh2D`.
models/ADCIRC/manual-notes/28-github-oceanmesh-python-repo-review.md,32,symbol,,,,OceanMesh2D,- preserve the `OceanMesh2D` way of thinking
models/ADCIRC/manual-notes/28-github-oceanmesh-python-repo-review.md,38,symbol,,,,OceanMesh2D,- closest conceptual match to `OceanMesh2D`
models/ADCIRC/manual-notes/28-github-oceanmesh-python-repo-review.md,43,symbol,,,,CGAL,- Windows setup burden is non-trivial because of `CGAL`
models/ADCIRC/manual-notes/28-github-oceanmesh-python-repo-review.md,49,symbol,,,,OceanMesh2D,date for a Python translation track that stays close to the `OceanMesh2D` worldview
models/ADCIRC/manual-notes/29-github-ocsmesh-repo-review.md,8,file,adcirc.github.io/adcirc.org/github.c,,,,"notes: ""P2 catalog audit 2026-05-24 — external URL catalog (adcirc.github.io/adcirc.org/github.com) verified via WebFetch sampling (03 theory + 06 parameter"
models/ADCIRC/manual-notes/29-github-ocsmesh-repo-review.md,15,file,//github.c,,,,- https://github.com/noaa-ocs-modeling/OCSMesh
models/ADCIRC/manual-notes/29-github-ocsmesh-repo-review.md,20,symbol,,,,OCSMesh,- `OCSMesh` is a Python package for processing DEM data into georeferen
models/ADCIRC/manual-notes/29-github-ocsmesh-repo-review.md,21,symbol,,,,Triangle,- it uses different meshing engines such as `Triangle` or `Gmsh`
models/ADCIRC/manual-notes/29-github-ocsmesh-repo-review.md,21,symbol,,,,Gmsh,- it uses different meshing engines such as `Triangle` or `Gmsh`
models/ADCIRC/manual-notes/29-github-ocsmesh-repo-review.md,23,symbol,,,,CMake,"- installation requires Python `3.10+`, `CMake`, and C/C++ compilers"
models/ADCIRC/manual-notes/29-github-ocsmesh-repo-review.md,24,symbol,,,,ocsmesh,"- repo structure includes docs, tutorials, tests, and the `ocsmesh` package itself"
models/ADCIRC/manual-notes/29-github-ocsmesh-repo-review.md,28,symbol,,,,ocsmesh_test,The local `ocsmesh_test` scripts already use:
models/ADCIRC/manual-notes/29-github-ocsmesh-repo-review.md,29,symbol,,,,Raster,- `Raster`
models/ADCIRC/manual-notes/29-github-ocsmesh-repo-review.md,30,symbol,,,,Geom,- `Geom`
models/ADCIRC/manual-notes/29-github-ocsmesh-repo-review.md,31,symbol,,,,Hfun,- `Hfun`
models/ADCIRC/manual-notes/29-github-ocsmesh-repo-review.md,32,symbol,,,,MeshDriver,- `MeshDriver`
models/ADCIRC/manual-notes/29-github-ocsmesh-repo-review.md,34,symbol,,,,OCSMesh,That means `OCSMesh` is not hypothetical here.
models/ADCIRC/manual-notes/29-github-ocsmesh-repo-review.md,44,symbol,,,,OceanMesh2D,- not a direct `OceanMesh2D` port
models/ADCIRC/manual-notes/29-github-ocsmesh-repo-review.md,50,symbol,,,,oceanmesh,- weaker than `oceanmesh` for direct conceptual translation of `make_mesh_om2d.m`
models/ADCIRC/source-analysis/adcirc-3d-mode.md,16,file,couple2baroclinic3D.F,,,,ADCIRC's two distinct 3D paths: (1) `couple2baroclinic3D.F` which **imports external 3D fields** as a 2D-DDI baroclini
models/ADCIRC/source-analysis/adcirc-3d-mode.md,20,file-line,read_input.F,1176,1191,,"- `read_input.F:1176-1191, 3072, 5139-5482, 5682` — `IM, IDEN, IGC/NFEN, EQNSTATE`, 3"
models/ADCIRC/source-analysis/adcirc-3d-mode.md,21,file-line,adcirc.F,316,319,,"- `adcirc.F:316-319, 348` — top-level dispatch, baroclinic init."
models/ADCIRC/source-analysis/adcirc-3d-mode.md,22,file-line,couple2baroclinic3D.F,39,787,,- `couple2baroclinic3D.F:39-787` — external-coupling module.
models/ADCIRC/source-analysis/adcirc-3d-mode.md,23,file-line,cstart.F,348,,,- `cstart.F:348` — `Initial_BC3D_NetCDF` call.
models/ADCIRC/source-analysis/adcirc-3d-mode.md,23,symbol,,,,Initial_BC3D_NetCDF,- `cstart.F:348` — `Initial_BC3D_NetCDF` call.
models/ADCIRC/source-analysis/adcirc-3d-mode.md,24,file-line,timestep.F,1121,,,"- `timestep.F:1121, 1125, 1918, 2150-2355` — VSSOL call, BPG3D, dispersion."
models/ADCIRC/source-analysis/adcirc-3d-mode.md,25,file-line,gwce.F,780,1450,,- `gwce.F:780-1450` — GWCE 3D additions.
models/ADCIRC/source-analysis/adcirc-3d-mode.md,26,file-line,vsmy.F,1168,,,"- `vsmy.F:1168, 1543-3871, 4061-4315` — internal solve, EOS, MY2.5."
models/ADCIRC/source-analysis/adcirc-3d-mode.md,27,file-line,global_3dvs.F,94,,,"- `global_3dvs.F:94, 193, 568` — symbols, FEGRIDS."
models/ADCIRC/source-analysis/adcirc-3d-mode.md,28,file-line,write_output.F,2993,3331,,- `write_output.F:2993-3331` — 3D output dispatch.
models/ADCIRC/source-analysis/adcirc-3d-mode.md,36,file-line,couple2baroclinic3D.F,39,787,," terms into 2D ADCIRC. **Not a 3D solver inside ADCIRC.** (`couple2baroclinic3D.F:39-787`, `cstart.F:348`) |"
models/ADCIRC/source-analysis/adcirc-3d-mode.md,36,file-line,cstart.F,348,,,"D solver inside ADCIRC.** (`couple2baroclinic3D.F:39-787`, `cstart.F:348`) |"
models/ADCIRC/source-analysis/adcirc-3d-mode.md,37,file-line,read_input.F,1176,1191,," transport, baroclinic pressure (BPG3D), MY2.5 turbulence (`read_input.F:1176-1191`) |"
models/ADCIRC/source-analysis/adcirc-3d-mode.md,44,file-line,read_input.F,5139,,,- `NFEN` = number of vertical finite-element nodes (`read_input.F:5139`).
models/ADCIRC/source-analysis/adcirc-3d-mode.md,44,symbol,,,,NFEN,- `NFEN` = number of vertical finite-element nodes (`read_input.F:51
models/ADCIRC/source-analysis/adcirc-3d-mode.md,48,file-line,global_3dvs.F,568,,,`FEGRIDS` supports (`global_3dvs.F:568`):
models/ADCIRC/source-analysis/adcirc-3d-mode.md,48,symbol,,,,FEGRIDS,`FEGRIDS` supports (`global_3dvs.F:568`):
models/ADCIRC/source-analysis/adcirc-3d-mode.md,56,file-line,global_3dvs.F,193,,,"Coordinate constants: `A=1`, `B=-1`, `AMB=A-B` (`global_3dvs.F:193`)."
models/ADCIRC/source-analysis/adcirc-3d-mode.md,60,file-line,vsmy.F,1548,1553,,"Salinity/temperature transport when `C3D_BTrans=.TRUE.` (`vsmy.F:1548-1553` 은 **dispatch만** — 실제 solver 는 `transport.F`/`TRANS_3D`, [["
models/ADCIRC/source-analysis/adcirc-3d-mode.md,60,file,transport.F,,,,"=.TRUE.` (`vsmy.F:1548-1553` 은 **dispatch만** — 실제 solver 는 `transport.F`/`TRANS_3D`, [[adcirc-transport-solver]] 참조):"
models/ADCIRC/source-analysis/adcirc-3d-mode.md,60,symbol,,,,TRANS_3D,"my.F:1548-1553` 은 **dispatch만** — 실제 solver 는 `transport.F`/`TRANS_3D`, [[adcirc-transport-solver]] 참조):"
models/ADCIRC/source-analysis/adcirc-3d-mode.md,62,symbol,,,,IDEN,| `IDEN` | Transports |
models/ADCIRC/source-analysis/adcirc-3d-mode.md,68,file-line,vsmy.F,1630,,,"After transport, `CALC_SIGMAT_3D()` for `IDEN > 1` (`vsmy.F:1630`)."
models/ADCIRC/source-analysis/adcirc-3d-mode.md,70,file-line,read_input.F,5682,,,`Eqnstate` from input (`read_input.F:5682`):
models/ADCIRC/source-analysis/adcirc-3d-mode.md,70,symbol,,,,Eqnstate,`Eqnstate` from input (`read_input.F:5682`):
models/ADCIRC/source-analysis/adcirc-3d-mode.md,72,symbol,,,,Eqnstate,| `Eqnstate` | EOS | Code lines |
models/ADCIRC/source-analysis/adcirc-3d-mode.md,74,file-line,vsmy.F,4061,,,| `1` | Simple linear (Mellor / Cushman-Roisin) | `vsmy.F:4061` |
models/ADCIRC/source-analysis/adcirc-3d-mode.md,84,file-line,timestep.F,1121,,,"Internal (3D shear): `VSSOL()` (`timestep.F:1121`), called only when `C3DVS=.TRUE.`."
models/ADCIRC/source-analysis/adcirc-3d-mode.md,88,file-line,timestep.F,1125,,,"c pressure terms loaded into `MOM_LV_X`, aliased as `BTP` (`timestep.F:1125`, `global_3dvs.F:94`)."
models/ADCIRC/source-analysis/adcirc-3d-mode.md,88,file-line,global_3dvs.F,94,,,"aded into `MOM_LV_X`, aliased as `BTP` (`timestep.F:1125`, `global_3dvs.F:94`)."
models/ADCIRC/source-analysis/adcirc-3d-mode.md,88,symbol,,,,MOM_LV_X,"Before VSSOL, barotropic pressure terms loaded into `MOM_LV_X`, aliased as `BTP` (`timestep.F:1125`, `global_3dvs.F:94`)."
models/ADCIRC/source-analysis/adcirc-3d-mode.md,88,symbol,,,,BTP,"arotropic pressure terms loaded into `MOM_LV_X`, aliased as `BTP` (`timestep.F:1125`, `global_3dvs.F:94`)."
models/ADCIRC/source-analysis/adcirc-3d-mode.md,90,symbol,,,,Qkp1,"After internal solve, `Qkp1` vertically integrated for:"
models/ADCIRC/source-analysis/adcirc-3d-mode.md,94,file-line,vsmy.F,1168,,,- Velocity dispersion terms (passed back to external) (`vsmy.F:1168`).
models/ADCIRC/source-analysis/adcirc-3d-mode.md,102,file-line,gwce.F,780,,,"If `C3D=.FALSE.`, dispersion averages zeroed (`gwce.F:780`)."
models/ADCIRC/source-analysis/adcirc-3d-mode.md,105,file-line,gwce.F,1196,,,"For 3D mode (`gwce.F:1196, 1283, 1405, 1450`):"
models/ADCIRC/source-analysis/adcirc-3d-mode.md,112,file-line,timestep.F,2150,2355,," profiles `BPG`, depth-integrated `VIDBCPDXOH/VIDBCPDYOH` (`timestep.F:2150-2355`)."
models/ADCIRC/source-analysis/adcirc-3d-mode.md,112,symbol,,,,BCP,"- `BPG3D()` computes vertical baroclinic pressure `BCP`, profiles `BPG`, depth-integrated `VIDBCPDXOH/VIDBCPDYOH` ("
models/ADCIRC/source-analysis/adcirc-3d-mode.md,112,symbol,,,,BPG,"3D()` computes vertical baroclinic pressure `BCP`, profiles `BPG`, depth-integrated `VIDBCPDXOH/VIDBCPDYOH` (`timestep.F:2150"
models/ADCIRC/source-analysis/adcirc-3d-mode.md,116,file-line,read_input.F,5235,,,"ertical eddy viscosity controlled by `IEVC, EVMin, EVCon` (`read_input.F:5235`)."
models/ADCIRC/source-analysis/adcirc-3d-mode.md,118,symbol,,,,IEVC,| `IEVC` | Profile |
models/ADCIRC/source-analysis/adcirc-3d-mode.md,121,file-line,vsmy.F,1823,,," Empirical: constant, `ω H²`, `κ u* z`, `H Uavg`, `Uavg²` (`vsmy.F:1823, 1840, 1870, 1931, 1983`) |"
models/ADCIRC/source-analysis/adcirc-3d-mode.md,122,file-line,vsmy.F,2035,,,"| `50, 51` | **MY2.5 quasi-equilibrium** (`vsmy.F:2035, 2403`) |"
models/ADCIRC/source-analysis/adcirc-3d-mode.md,127,file-line,vsmy.F,2740,,,- Stratification through `SIGT` gradients; shear from `Q` (`vsmy.F:2740`).
models/ADCIRC/source-analysis/adcirc-3d-mode.md,127,symbol,,,,SIGT,- Stratification through `SIGT` gradients; shear from `Q` (`vsmy.F:2740`).
models/ADCIRC/source-analysis/adcirc-3d-mode.md,135,file-line,read_input.F,5296,,,"- `fort.41` — 3D density/salinity/temperature stations (`read_input.F:5296`, `write_output.F:2993`)."
models/ADCIRC/source-analysis/adcirc-3d-mode.md,135,file-line,write_output.F,2993,,,"ensity/salinity/temperature stations (`read_input.F:5296`, `write_output.F:2993`)."
models/ADCIRC/source-analysis/adcirc-3d-mode.md,144,file-line,global_3dvs.F,335,,,"Optional: `fort.48` — internal BPG output (`global_3dvs.F:335`, `write_output.F:3331`)."
models/ADCIRC/source-analysis/adcirc-3d-mode.md,144,file-line,write_output.F,3331,,,"nal: `fort.48` — internal BPG output (`global_3dvs.F:335`, `write_output.F:3331`)."
models/ADCIRC/source-analysis/adcirc-3d-mode.md,148,file-line,couple2baroclinic3D.F,39,787,,External coupling (`couple2baroclinic3D.F:39-787`):
models/ADCIRC/source-analysis/adcirc-3d-mode.md,158,file-line,couple2baroclinic3D.F,40,,,"solute-salinity interpolation before density calculation"" (`couple2baroclinic3D.F:40`)."
models/ADCIRC/source-analysis/adcirc-3d-mode.md,161,file,couple2baroclinic3D.F,,,,"ly baroclinic ocean studies, use ROMS/HYCOM and couple via `couple2baroclinic3D.F`."
models/ADCIRC/source-analysis/adcirc-3d-mode.md,167,symbol,,,,Initial_BC3D_NetCDF,"nic forcing | `IM=0`, `IDEN=5+` baroclinic coupling NetCDF (`Initial_BC3D_NetCDF`) |"
models/ADCIRC/source-analysis/adcirc-3d-mode.md,168,symbol,,,,IEVC,"| 3D barotropic (no S/T) | `IM=11`, `IDEN=0`, prescribed `IEVC` |"
models/ADCIRC/source-analysis/adcirc-3d-mode.md,182,file,couple2baroclinic3D.F,,,,"ith thermohaline forcing, use `IM=21` + external HYCOM via `couple2baroclinic3D.F` (`IDEN>=5`)."
models/ADCIRC/source-analysis/adcirc-3d-mode.md,192,file,couple2baroclinic3D.F,,,,- ▢ Confusing `couple2baroclinic3D.F` (external coupling) with true 3D — they look similar but o
models/ADCIRC/source-analysis/adcirc-3d-mode.md,194,file,hstart.F,,,, incompatible. <!-- source-needed: hot-start 3D 상태배열 재로드 경로 hstart.F file:line 인용 필요 -->
models/ADCIRC/source-analysis/adcirc-3d-mode.md,200,file,couple2baroclinic3D.F,,,,- HYCOM → couple2baroclinic3D.F NetCDF format example.
models/ADCIRC/source-analysis/adcirc-3d-vssol-vertical-scheme.md,2,file,vsmy.F,,,,"title: ""ADCIRC 3D internal mode — VSSOL 연직 시간적분 스킴 (vsmy.F: θ³-가중 복소 tridiagonal + w adjoint)"""
models/ADCIRC/source-analysis/adcirc-3d-vssol-vertical-scheme.md,7,file,vsmy.F,,,,"verification_method: ""vsmy.F(5281줄) VSSOL(:142-1703)·TRIDIAG(:2097-2130)·InmINT(:2299-23"
models/ADCIRC/source-analysis/adcirc-3d-vssol-vertical-scheme.md,7,file,read_input.F,,,,"RIDIAG(:2097-2130)·InmINT(:2299-2319)·EDDYVIS(:1785-2062) + read_input.F 3D 블록(:5073,5102,5127-5137) + global_3dvs.F(:98,193-195) + "
models/ADCIRC/source-analysis/adcirc-3d-vssol-vertical-scheme.md,7,file,global_3dvs.F,,,,"IS(:1785-2062) + read_input.F 3D 블록(:5073,5102,5127-5137) + global_3dvs.F(:98,193-195) + timestep.F(:1121-1125) + docs parameter_defi"
models/ADCIRC/source-analysis/adcirc-3d-vssol-vertical-scheme.md,7,file,timestep.F,,,," 3D 블록(:5073,5102,5127-5137) + global_3dvs.F(:98,193-195) + timestep.F(:1121-1125) + docs parameter_definitions/index.rst:1309-131"
models/ADCIRC/source-analysis/adcirc-3d-vssol-vertical-scheme.md,7,file-line,parameter_definitions/index.rst,1309,1316,," global_3dvs.F(:98,193-195) + timestep.F(:1121-1125) + docs parameter_definitions/index.rst:1309-1316(ALP1/2/3)·fort15.rst:129 직접 read (2026-07-10~11). 모든 식·계수 "
models/ADCIRC/source-analysis/adcirc-3d-vssol-vertical-scheme.md,7,file-line,fort15.rst,129,,," + docs parameter_definitions/index.rst:1309-1316(ALP1/2/3)·fort15.rst:129 직접 read (2026-07-10~11). 모든 식·계수 verbatim 인용."""
models/ADCIRC/source-analysis/adcirc-3d-vssol-vertical-scheme.md,23,file-line,vsmy.F,142,1703,,"- `VSSOL(IT,TimeLoc)` = 3D internal mode **수평속도의 연직구조** 솔버 (vsmy.F:142-1703). `C3DVS` 시 매 timestep 호출 (timestep.F:1121-1123; 직전에 barotr"
models/ADCIRC/source-analysis/adcirc-3d-vssol-vertical-scheme.md,23,file-line,timestep.F,1121,1123,,수평속도의 연직구조** 솔버 (vsmy.F:142-1703). `C3DVS` 시 매 timestep 호출 (timestep.F:1121-1123; 직전에 barotropic 압력 `MOM_LV_X`→`BTP` 를 **time level s·s+1 평균
models/ADCIRC/source-analysis/adcirc-3d-vssol-vertical-scheme.md,23,file,timestep.F,,,,"otropic 압력 `MOM_LV_X`→`BTP` 를 **time level s·s+1 평균**으로 적재, timestep.F 주석 ""averaged between time levels s and s+1"")."
models/ADCIRC/source-analysis/adcirc-3d-vssol-vertical-scheme.md,23,symbol,,,,C3DVS,c)` = 3D internal mode **수평속도의 연직구조** 솔버 (vsmy.F:142-1703). `C3DVS` 시 매 timestep 호출 (timestep.F:1121-1123; 직전에 barotropic 압력 `M
models/ADCIRC/source-analysis/adcirc-3d-vssol-vertical-scheme.md,23,symbol,,,,MOM_LV_X,"S` 시 매 timestep 호출 (timestep.F:1121-1123; 직전에 barotropic 압력 `MOM_LV_X`→`BTP` 를 **time level s·s+1 평균**으로 적재, timestep.F 주석 ""averag"
models/ADCIRC/source-analysis/adcirc-3d-vssol-vertical-scheme.md,23,symbol,,,,BTP,"step 호출 (timestep.F:1121-1123; 직전에 barotropic 압력 `MOM_LV_X`→`BTP` 를 **time level s·s+1 평균**으로 적재, timestep.F 주석 ""averaged bet"
models/ADCIRC/source-analysis/adcirc-3d-vssol-vertical-scheme.md,25,file-line,read_input.F,5073,,,"- 시간간격: `DelT => DTDP` (read_input.F:5073, POINTER alias — global_3dvs.F:98) — **2D 와 동일 dt, 별도 subcy"
models/ADCIRC/source-analysis/adcirc-3d-vssol-vertical-scheme.md,25,file-line,global_3dvs.F,98,,,"- 시간간격: `DelT => DTDP` (read_input.F:5073, POINTER alias — global_3dvs.F:98) — **2D 와 동일 dt, 별도 subcycling 없음**. 2-time-level(s → s+1) "
models/ADCIRC/source-analysis/adcirc-3d-vssol-vertical-scheme.md,26,file-line,global_3dvs.F,193,195,,"- 좌표: 무차원 sigma `[b,a] = [-1,+1]` 고정 (global_3dvs.F:193-195, `AMB=A-B=2`)."
models/ADCIRC/source-analysis/adcirc-3d-vssol-vertical-scheme.md,30,file-line,read_input.F,5127,,,"fort.15 3D 블록에서 `READ(15,*) Alp1,Alp2,Alp3` (read_input.F:5127), 계수 조립 :5132-5137:"
models/ADCIRC/source-analysis/adcirc-3d-vssol-vertical-scheme.md,41,file-line,parameter_definitions/index.rst,1309,1316,,"공식 의미 (docs `parameter_definitions/index.rst:1309-1316` verbatim): ""Time weighting coefficients for the 3D velocit"
models/ADCIRC/source-analysis/adcirc-3d-vssol-vertical-scheme.md,41,file-line,fort15.rst,129,,,".= fully explicit, 0.5=time centered, 1.= fully implicit"". (fort15.rst:129 에 입력 라인.)"
models/ADCIRC/source-analysis/adcirc-3d-vssol-vertical-scheme.md,43,file,vsmy.F,,,,| 항 | θ knob | LHS 반영 (vsmy.F) |
models/ADCIRC/source-analysis/adcirc-3d-vssol-vertical-scheme.md,45,symbol,,,,Alp1,| **Coriolis** | `Alp1` | `CCL = 1 + Corif·IDTAlp1` (:993) — 복소 대각 회전 |
models/ADCIRC/source-analysis/adcirc-3d-vssol-vertical-scheme.md,46,symbol,,,,Alp2,| **저면응력(slip)** | `Alp2` | `Mk(1) += DTAlp2·TK(NH)/Hsp1OAMB` (:1015) |
models/ADCIRC/source-analysis/adcirc-3d-vssol-vertical-scheme.md,47,symbol,,,,Alp3,| **연직확산** | `Alp3` | `RCL = DTAlp3/Hsp1Hsp1OAMBAMB` (:995) — sigma 사상에서 온 `1/(
models/ADCIRC/source-analysis/adcirc-3d-vssol-vertical-scheme.md,49,symbol,,,,LAdvec,"**explicit(RHS 전용) 항**: 수평이류 `LAdvec`(:870, `sponge·IFNLCT` 게이트)·수평응력 `LStress = 3·EVM·(...)`(:87"
models/ADCIRC/source-analysis/adcirc-3d-vssol-vertical-scheme.md,49,symbol,,,,VAdvec,·수평응력 `LStress = 3·EVM·(...)`(:871)·biharmonic(:923)·**연직이류 `VAdvec`**·경압 `BPG`·순압 `BTPG`(s+1/2 평균) — 전부 Fr 벡터로만 (:1019-1026).
models/ADCIRC/source-analysis/adcirc-3d-vssol-vertical-scheme.md,49,symbol,,,,BPG, = 3·EVM·(...)`(:871)·biharmonic(:923)·**연직이류 `VAdvec`**·경압 `BPG`·순압 `BTPG`(s+1/2 평균) — 전부 Fr 벡터로만 (:1019-1026).
models/ADCIRC/source-analysis/adcirc-3d-vssol-vertical-scheme.md,49,symbol,,,,BTPG,(...)`(:871)·biharmonic(:923)·**연직이류 `VAdvec`**·경압 `BPG`·순압 `BTPG`(s+1/2 평균) — 전부 Fr 벡터로만 (:1019-1026).
models/ADCIRC/source-analysis/adcirc-3d-vssol-vertical-scheme.md,53,file-line,vsmy.F,2299,2319,,"- **질량행렬 `Inm`** (InmINT, vsmy.F:2299-2319): 선형 요소 `∫ψₙψₘ dσ` — `Inm(k,3)=(σ(k+1)−σ(k))/6`, `Inm(k,2)="
models/ADCIRC/source-analysis/adcirc-3d-vssol-vertical-scheme.md,53,symbol,,,,Inm,"- **질량행렬 `Inm`** (InmINT, vsmy.F:2299-2319): 선형 요소 `∫ψₙψₘ dσ` — `Inm(k,3)="
models/ADCIRC/source-analysis/adcirc-3d-vssol-vertical-scheme.md,54,symbol,,,,KVnm,"- **확산행렬 `KVnm`** (:589-598): `KVnm(k,3) = −½(EVTot(k+1)+EVTot(k))/(σ(k+1)−"
models/ADCIRC/source-analysis/adcirc-3d-vssol-vertical-scheme.md,54,symbol,,,,EVTot,",1)+KVnm(k,3))` — 요소 평균 eddy viscosity 의 flux 형, 행합 0(보존형). `EVTot` 은 매 node·step `EDDYVIS` 호출로 갱신 (:584; IEVC 프로파일 카탈로그·MY2.5 "
models/ADCIRC/source-analysis/adcirc-3d-vssol-vertical-scheme.md,54,symbol,,,,EDDYVIS,"균 eddy viscosity 의 flux 형, 행합 0(보존형). `EVTot` 은 매 node·step `EDDYVIS` 호출로 갱신 (:584; IEVC 프로파일 카탈로그·MY2.5 `IEVC=50/51 → CALL TURB`"
models/ADCIRC/source-analysis/adcirc-3d-vssol-vertical-scheme.md,61,symbol,,,,qkp1,"- 시간레벨 shift: `q(NH,k)=qkp1(NH,k)` (:1678) — `qkp1` 을 별도 보존하는 이유는 transport 계산 공급 (:1127-1130 주석)."
models/ADCIRC/source-analysis/adcirc-3d-vssol-vertical-scheme.md,65,file-line,read_input.F,5102,,,"계수, `=2` 최소 2차, `=3` 2차 (헤더 :946-948; `READ(15,*) ISlip,KP` read_input.F:5102). ※2016 개정으로 `KSlip` 대신 2D 마찰 `TK` 재사용 ("":1009-1010 주석 aras"
models/ADCIRC/source-analysis/adcirc-3d-vssol-vertical-scheme.md,65,symbol,,,,KSlip,"6-948; `READ(15,*) ISlip,KP` read_input.F:5102). ※2016 개정으로 `KSlip` 대신 2D 마찰 `TK` 재사용 ("":1009-1010 주석 arash May 31 2016 based o"
models/ADCIRC/source-analysis/adcirc-3d-vssol-vertical-scheme.md,84,symbol,,,,ISlip," :1009, :1014)에서 2D 마찰계수 `TK(NH)` 재사용으로 변경 — fort.15 `KP` 는 `ISlip` 분기 선택에만 잔존 의미. 구문서와 코드가 다를 수 있는 지점."
models/ADCIRC/source-analysis/adcirc-baroclinic-coupling.md,2,file,couple2baroclinic3D.F,,,,"title: ""ADCIRC 2D-baroclinic 결합 (couple2baroclinic3D.F) — 외부 3D 모델 fort.11.nc 의 depth-avg 경압압력경사(BPGX/BPGY)·부력진동수·"
models/ADCIRC/source-analysis/adcirc-baroclinic-coupling.md,6,file,models/ADCIRC/raw/source_code/adcirc/src/couple2baroclinic3D.F,,,,"verification_method: ""models/ADCIRC/raw/source_code/adcirc/src/couple2baroclinic3D.F (1168) 직접 read — Module Couple2BC3D + Read_BC3D_NetCDF(113,"
models/ADCIRC/source-analysis/adcirc-baroclinic-coupling.md,6,file-line,momentum.F,473,477,,"Update_BC3D_Info(714 시간보간) + FBPG_Disp_from_BC3D(1012) + 적용(momentum.F:473-477 VIDBCPDXOH) file:line 인용. WJP(Westerink-Pringle?) 개발."""
models/ADCIRC/source-analysis/adcirc-baroclinic-coupling.md,18,file,couple2baroclinic3D.F,,,,# ADCIRC 2D-baroclinic 결합 (couple2baroclinic3D.F)
models/ADCIRC/source-analysis/adcirc-baroclinic-coupling.md,20,file,src/couple2baroclinic3D.F,,,,"> `src/couple2baroclinic3D.F`(1168, Module `Couple2BC3D`) 직접 read. **2D barotropic ADCIR"
models/ADCIRC/source-analysis/adcirc-baroclinic-coupling.md,20,file-line,momentum.F,473,,,adcirc-momentum-implementation]] §1 의 baroclinic pressure 항(momentum.F:473) 공급원.
models/ADCIRC/source-analysis/adcirc-baroclinic-coupling.md,20,symbol,,,,Couple2BC3D,"> `src/couple2baroclinic3D.F`(1168, Module `Couple2BC3D`) 직접 read. **2D barotropic ADCIRC** 가 외부 **3D baroclinic oce"
models/ADCIRC/source-analysis/adcirc-baroclinic-coupling.md,20,symbol,,,,CBaroclinic,de]]) 없이 baroclinic pressure gradient + internal tide 를 포함. `CBaroclinic` 활성 시 [[adcirc-momentum-implementation]] §1 의 baroclinic pre
models/ADCIRC/source-analysis/adcirc-baroclinic-coupling.md,29,symbol,,,,densityFileName,`densityFileName`(기본 `fort.11.nc`) 에서 읽는 변수:
models/ADCIRC/source-analysis/adcirc-baroclinic-coupling.md,33,symbol,,,,BPGX,| `BPGX`/`BPGY` | depth-averaged 동서/남북 **baroclinic pressure gradien
models/ADCIRC/source-analysis/adcirc-baroclinic-coupling.md,33,symbol,,,,BPGY,| `BPGX`/`BPGY` | depth-averaged 동서/남북 **baroclinic pressure gradient** |
models/ADCIRC/source-analysis/adcirc-baroclinic-coupling.md,34,symbol,,,,SigTS,| `SigTS` | 자유표면 sigmat 밀도 |
models/ADCIRC/source-analysis/adcirc-baroclinic-coupling.md,36,symbol,,,,MLD,| `MLD` | mixed layer depth |
models/ADCIRC/source-analysis/adcirc-baroclinic-coupling.md,37,symbol,,,,CDisp,| `CDisp`/`DispX`/`DispY` | **internal tide dispersion**(LoadIT_Fric 
models/ADCIRC/source-analysis/adcirc-baroclinic-coupling.md,37,symbol,,,,DispX,| `CDisp`/`DispX`/`DispY` | **internal tide dispersion**(LoadIT_Fric 시) |
models/ADCIRC/source-analysis/adcirc-baroclinic-coupling.md,37,symbol,,,,DispY,| `CDisp`/`DispX`/`DispY` | **internal tide dispersion**(LoadIT_Fric 시) |
models/ADCIRC/source-analysis/adcirc-baroclinic-coupling.md,40,symbol,,,,LoadIT_Fric,"- `LoadIT_Fric`(nodalattr, [[adcirc-nodal-attributes]]) + `HBREAK` 연계(:36, "
models/ADCIRC/source-analysis/adcirc-baroclinic-coupling.md,40,symbol,,,,HBREAK,"- `LoadIT_Fric`(nodalattr, [[adcirc-nodal-attributes]]) + `HBREAK` 연계(:36, :144)."
models/ADCIRC/source-analysis/adcirc-baroclinic-coupling.md,44,symbol,,,,Put_BC3D_on_ADCIRC_Grid,- **공간** `Put_BC3D_on_ADCIRC_Grid`(:855) / `Read_BC3D_NetCDF_on_ADCIRC_Grid`(:479): BC3D lon/l
models/ADCIRC/source-analysis/adcirc-baroclinic-coupling.md,44,symbol,,,,Read_BC3D_NetCDF_on_ADCIRC_Grid,- **공간** `Put_BC3D_on_ADCIRC_Grid`(:855) / `Read_BC3D_NetCDF_on_ADCIRC_Grid`(:479): BC3D lon/lat 정규격자 → ADCIRC unstructured node 보간(`Get
models/ADCIRC/source-analysis/adcirc-baroclinic-coupling.md,44,symbol,,,,Get_LonLatDepthTime,rid`(:479): BC3D lon/lat 정규격자 → ADCIRC unstructured node 보간(`Get_LonLatDepthTime` :174 좌표·보간계수).
models/ADCIRC/source-analysis/adcirc-baroclinic-coupling.md,45,symbol,,,,Update_BC3D_Info,"- **시간** `Update_BC3D_Info`(:714): **2 timestep 만 메모리 보관**, 그 사이 선형 보간(`densityTimeIter"
models/ADCIRC/source-analysis/adcirc-baroclinic-coupling.md,45,symbol,,,,densityTimeIterator,"pdate_BC3D_Info`(:714): **2 timestep 만 메모리 보관**, 그 사이 선형 보간(`densityTimeIterator` skip). `Initial_BC3D_NetCDF`(:627) cold-start 초기화."
models/ADCIRC/source-analysis/adcirc-baroclinic-coupling.md,45,symbol,,,,Initial_BC3D_NetCDF,"imestep 만 메모리 보관**, 그 사이 선형 보간(`densityTimeIterator` skip). `Initial_BC3D_NetCDF`(:627) cold-start 초기화."
models/ADCIRC/source-analysis/adcirc-baroclinic-coupling.md,47,file-line,momentum.F,473,,,## 4. 적용 — momentum (FBPG_Disp_from_BC3D :1012 → momentum.F:473)
models/ADCIRC/source-analysis/adcirc-baroclinic-coupling.md,50,file-line,momentum.F,474,477,,! momentum.F:474-477 (CBaroclinic)
models/ADCIRC/source-analysis/adcirc-baroclinic-coupling.md,53,symbol,,,,VIDBCPDXOH,- `VIDBCPDXOH` = **V**ertically **I**ntegrated **B**aroclinic **P**ressure
models/ADCIRC/source-analysis/adcirc-baroclinic-coupling.md,61,file,vsmy.F,,,,| **full 3D**([[adcirc-3d-mode]]) | ADCIRC 자체 연직 분해(vsmy.F) + 내부 밀도·baroclinic |
models/ADCIRC/source-analysis/adcirc-baroclinic-coupling.md,67,file-line,momentum.F,473,,,entum-implementation]] — VIDBCPDXOH → baroclinic pressure 항(momentum.F:473)
models/ADCIRC/source-analysis/adcirc-bathymetry-input-foundation.md,72,symbol,,,,SubgridADCIRCUtility,"The official tools page surfaces `SubgridADCIRCUtility`, which is for creating subgrid input files."
models/ADCIRC/source-analysis/adcirc-bathymetry-input-foundation.md,81,symbol,,,,OceanMesh2D,- `OceanMesh2D` can interpolate bathymetry and topography and work with DEM
models/ADCIRC/source-analysis/adcirc-bathymetry-input-foundation.md,82,symbol,,,,SubgridADCIRCUtility,- `SubgridADCIRCUtility` exists for high-resolution terrain and landcover representa
models/ADCIRC/source-analysis/adcirc-bathymetry-input-foundation.md,84,symbol,,,,OceanMesh2D,Common DEM/shoreline sources used with `OceanMesh2D` include the `GSHHS` shoreline and global bathymetry grids (
models/ADCIRC/source-analysis/adcirc-bathymetry-input-foundation.md,84,symbol,,,,GSHHS,"n DEM/shoreline sources used with `OceanMesh2D` include the `GSHHS` shoreline and global bathymetry grids (e.g. `SRTM15+`, opti"
models/ADCIRC/source-analysis/adcirc-bathymetry-input-foundation.md,84,symbol,,,,GEBCO,"eline and global bathymetry grids (e.g. `SRTM15+`, optional `GEBCO`). ADCIRC utility programs such as `bath_interp` / `interp` "
models/ADCIRC/source-analysis/adcirc-bathymetry-input-foundation.md,84,symbol,,,,bath_interp,"RTM15+`, optional `GEBCO`). ADCIRC utility programs such as `bath_interp` / `interp` / `Griddata` / `Gridscope` handle interpolation "
models/ADCIRC/source-analysis/adcirc-bathymetry-input-foundation.md,84,symbol,,,,interp,l `GEBCO`). ADCIRC utility programs such as `bath_interp` / `interp` / `Griddata` / `Gridscope` handle interpolation of those so
models/ADCIRC/source-analysis/adcirc-bathymetry-input-foundation.md,84,symbol,,,,Griddata, ADCIRC utility programs such as `bath_interp` / `interp` / `Griddata` / `Gridscope` handle interpolation of those sources onto me
models/ADCIRC/source-analysis/adcirc-bathymetry-input-foundation.md,84,symbol,,,,Gridscope,ty programs such as `bath_interp` / `interp` / `Griddata` / `Gridscope` handle interpolation of those sources onto mesh nodes.
models/ADCIRC/source-analysis/adcirc-boundary-conditions.md,7,file,models/ADCIRC/raw/source_code/adcirc/src/boundaries.F,,,,"verification_method: ""models/ADCIRC/raw/source_code/adcirc/src/boundaries.F (675) + normal_flow_boundary.F90 (106) + sponge_layer.F90 ("
models/ADCIRC/source-analysis/adcirc-boundary-conditions.md,7,file,normal_flow_boundary.F90,,,,dels/ADCIRC/raw/source_code/adcirc/src/boundaries.F (675) + normal_flow_boundary.F90 (106) + sponge_layer.F90 (880) 직접 read — IBTYPE 분류(specifie
models/ADCIRC/source-analysis/adcirc-boundary-conditions.md,7,file,sponge_layer.F90,,,,"c/src/boundaries.F (675) + normal_flow_boundary.F90 (106) + sponge_layer.F90 (880) 직접 read — IBTYPE 분류(specifiedFluxBoundaryTypes=(2,12,"
models/ADCIRC/source-analysis/adcirc-boundary-conditions.md,7,file,momentum.F,,,,"25, weir 64), sponge SSIGMA_ETA/MNX/MNY + momentum SPNGCOEF(momentum.F VCOEFXX) file:line 인용. Luettich-Westerink ADCIRC."""
models/ADCIRC/source-analysis/adcirc-boundary-conditions.md,20,file,boundaries.F,,,,> `boundaries.F`(675) + `normal_flow_boundary.F90`(106) + `sponge_layer.F90
models/ADCIRC/source-analysis/adcirc-boundary-conditions.md,20,file,normal_flow_boundary.F90,,,,> `boundaries.F`(675) + `normal_flow_boundary.F90`(106) + `sponge_layer.F90`(880) 직접 read. ADCIRC fort.14 의 *
models/ADCIRC/source-analysis/adcirc-boundary-conditions.md,20,file,sponge_layer.F90,,,,> `boundaries.F`(675) + `normal_flow_boundary.F90`(106) + `sponge_layer.F90`(880) 직접 read. ADCIRC fort.14 의 **경계 세그먼트 타입(IBTYPE)** 시스템 
models/ADCIRC/source-analysis/adcirc-boundary-conditions.md,20,file,gwce.F,,,, 의 body-force 와 별개의 경계 forcing. fort.15 측 NFFR 레코드 구조·QN 합성·gwce.F IBTYPE=32 radiation 이산식·부호 규약(내향 양)은 [[adcirc-nffr-periodic
models/ADCIRC/source-analysis/adcirc-boundary-conditions.md,22,file,boundaries.F,,,,## 1. 두 경계 부류 (boundaries.F)
models/ADCIRC/source-analysis/adcirc-boundary-conditions.md,24,symbol,,,,IBTYPEE,- **Elevation(open) boundaries** `IBTYPEE`: 조위 지정(fort.15 tidal constituent 또는 fort.19 시계열). `p_nope`/
models/ADCIRC/source-analysis/adcirc-boundary-conditions.md,24,symbol,,,,p_nope,`IBTYPEE`: 조위 지정(fort.15 tidal constituent 또는 fort.19 시계열). `p_nope`/`p_neta` 세그먼트·node 수.
models/ADCIRC/source-analysis/adcirc-boundary-conditions.md,24,symbol,,,,p_neta,: 조위 지정(fort.15 tidal constituent 또는 fort.19 시계열). `p_nope`/`p_neta` 세그먼트·node 수.
models/ADCIRC/source-analysis/adcirc-boundary-conditions.md,25,symbol,,,,IBTYPE,- **Flux/land boundaries** `IBTYPE`: 육지·섬·flux·barrier. `nvell(k)` = 세그먼트별 node 수.
models/ADCIRC/source-analysis/adcirc-boundary-conditions.md,27,file-line,boundaries.F,100,179,,## 2. IBTYPE 카탈로그 (boundaries.F:100-179) ★
models/ADCIRC/source-analysis/adcirc-boundary-conditions.md,36,symbol,,,,ibconnr,"rrier**(levee, 단방향 overflow) | weir overflow 식, paired node(`ibconnr` dual) |"
models/ADCIRC/source-analysis/adcirc-boundary-conditions.md,38,symbol,,,,ISSUBMERGED64,"| **64** | **vertical element wall**(submerged weir, SB) | `ISSUBMERGED64`, 양면 flux |"
models/ADCIRC/source-analysis/adcirc-boundary-conditions.md,39,symbol,,,,totalbcrivernodes,/ 112 / 122 / 152** | river / special | baroclinic river BC(`totalbcrivernodes`) |
models/ADCIRC/source-analysis/adcirc-boundary-conditions.md,41,symbol,,,,weir,"2/122) = baroclinic river 등 특수. weir(barrier) node 는 paired(`weir`/`weird` dual node, :611-614) — 양쪽 수위차로 overflow."
models/ADCIRC/source-analysis/adcirc-boundary-conditions.md,41,symbol,,,,weird,"= baroclinic river 등 특수. weir(barrier) node 는 paired(`weir`/`weird` dual node, :611-614) — 양쪽 수위차로 overflow."
models/ADCIRC/source-analysis/adcirc-boundary-conditions.md,44,file,normal_flow_boundary.F90,,,,"## 3. Normal flux BC (normal_flow_boundary.F90, 106)"
models/ADCIRC/source-analysis/adcirc-boundary-conditions.md,46,symbol,,,,QN2,specified-flux 경계(IBTYPE 2/12/22/32/52)에서 **법선 flux `QN2`** 를 essential 하게 부과. `VelNorm = -QN2/H`(법선 유속). fort.20(시계열
models/ADCIRC/source-analysis/adcirc-boundary-conditions.md,48,file,sponge_layer.F90,,,,"## 4. Sponge (absorbing) layer (sponge_layer.F90, 880) ★"
models/ADCIRC/source-analysis/adcirc-boundary-conditions.md,51,symbol,,,,SSIGMA_ETA,- `SSIGMA_ETA`(absorblayer_sigma_eta) = 수위 감쇠 σ / `SSIGMA_MNX`·`SSIGMA_MNY
models/ADCIRC/source-analysis/adcirc-boundary-conditions.md,51,symbol,,,,SSIGMA_MNX,- `SSIGMA_ETA`(absorblayer_sigma_eta) = 수위 감쇠 σ / `SSIGMA_MNX`·`SSIGMA_MNY` = 운동량 x/y 감쇠 σ.
models/ADCIRC/source-analysis/adcirc-boundary-conditions.md,51,symbol,,,,SSIGMA_MNY,SSIGMA_ETA`(absorblayer_sigma_eta) = 수위 감쇠 σ / `SSIGMA_MNX`·`SSIGMA_MNY` = 운동량 x/y 감쇠 σ.
models/ADCIRC/source-analysis/adcirc-boundary-conditions.md,53,file-line,momentum.F,740,,,riction 처럼 운동량 감쇠 항에 추가(`SPNGCOEF_X/Y`). wind 도 sponge 내 무효(momentum.F:740 `absorblayer_sigma_mnx>1e-9 → WSX=0`).
models/ADCIRC/source-analysis/adcirc-dg-continuity-solver.md,7,file,repos/adcirc/adcirc/contents/src/dg.F90,,,,s/adcirc/adcirc/pulls/502 (metadata + 25 files diff list) + repos/adcirc/adcirc/contents/src/dg.F90?ref=refs/pull/502/head (5733 lines module header line 1-120
models/ADCIRC/source-analysis/adcirc-dg-continuity-solver.md,7,file,contents/src/dg_integration.F90,,,,"=refs/pull/502/head (5733 lines module header line 1-120) + contents/src/dg_integration.F90 (1324 lines, header line 1-60) + contents/src/slopelimiter."
models/ADCIRC/source-analysis/adcirc-dg-continuity-solver.md,7,file,contents/src/slopelimiter.F90,,,,"nts/src/dg_integration.F90 (1324 lines, header line 1-60) + contents/src/slopelimiter.F90 (206 lines, line 1-50 + SL6 body) 직접 fetch (2026-06-01). PR"
models/ADCIRC/source-analysis/adcirc-dg-continuity-solver.md,18,file-line,dg.F90,51,52,,perty 검증은 PR merge 이후 별도. `dofh = 1` (P1 element) 만 현재 지원 (`dg.F90:51-52`).
models/ADCIRC/source-analysis/adcirc-dg-continuity-solver.md,24,file,//github.c,,,,| URL | https://github.com/adcirc/adcirc/pull/502 |
models/ADCIRC/source-analysis/adcirc-dg-continuity-solver.md,26,symbol,,,,namo626,| Author | `namo626` |
models/ADCIRC/source-analysis/adcirc-dg-continuity-solver.md,44,file,src/dg.F90,,,,"| `src/dg.F90` | **+5,733** | DG 메인 모듈 — modal coefficients, basis functi"
models/ADCIRC/source-analysis/adcirc-dg-continuity-solver.md,45,file,src/dg_integration.F90,,,,"| `src/dg_integration.F90` | **+1,324** | `DG_HYDRO_TIMESTEP` driver — modal time-ste"
models/ADCIRC/source-analysis/adcirc-dg-continuity-solver.md,45,symbol,,,,DG_HYDRO_TIMESTEP,"| `src/dg_integration.F90` | **+1,324** | `DG_HYDRO_TIMESTEP` driver — modal time-step (§4) |"
models/ADCIRC/source-analysis/adcirc-dg-continuity-solver.md,46,file,src/messenger_elem.F90,,,,"| `src/messenger_elem.F90` | **+1,189** | Element-level MPI messenger (face-based exc"
models/ADCIRC/source-analysis/adcirc-dg-continuity-solver.md,47,file,src/precipitation.F90,,,,| `src/precipitation.F90` | +159 | DG-compatible precipitation forcing |
models/ADCIRC/source-analysis/adcirc-dg-continuity-solver.md,48,file,src/slopelimiter.F90,,,,"| `src/slopelimiter.F90` | **+206** | Slope limiter (Barth-Jespersen 계열, slopeflag="
models/ADCIRC/source-analysis/adcirc-dg-continuity-solver.md,54,file,prep/decomp.F,,,,"| `prep/decomp.F` | **+1,303 / -29** | Element-based domain decomposition (D"
models/ADCIRC/source-analysis/adcirc-dg-continuity-solver.md,55,file,prep/prep.F,,,,| `prep/prep.F` | +193 | DG preprocessing 통합 |
models/ADCIRC/source-analysis/adcirc-dg-continuity-solver.md,56,file,prep/pre_global.F,,,,| `prep/pre_global.F` | +62 | DG global pre-processing |
models/ADCIRC/source-analysis/adcirc-dg-continuity-solver.md,57,file,prep/presizes.F,,,,| `prep/presizes.F` | +25 | Array sizing for DG |
models/ADCIRC/source-analysis/adcirc-dg-continuity-solver.md,58,file,prep/adcprep.F,,,,| `prep/adcprep.F` | +29 / -4 | adcprep driver DG flag |
models/ADCIRC/source-analysis/adcirc-dg-continuity-solver.md,59,file,src/momentum.F,,,,| `src/momentum.F` | +32 / -18 | Momentum equation modification for DG coupli
models/ADCIRC/source-analysis/adcirc-dg-continuity-solver.md,60,file,src/timestep.F,,,,| `src/timestep.F` | +9 / -3 | Timestep driver branch (CG vs DG) |
models/ADCIRC/source-analysis/adcirc-dg-continuity-solver.md,61,file,src/wetdry.F,,,,| `src/wetdry.F` | +6 / -2 | Wet-dry algorithm extension |
models/ADCIRC/source-analysis/adcirc-dg-continuity-solver.md,62,file,src/read_input.F,,,,| `src/read_input.F` | +39 / -2 | DG namelist read |
models/ADCIRC/source-analysis/adcirc-dg-continuity-solver.md,63,file,src/wind.F,,,,| `src/wind.F` | +11 | Wind forcing DG |
models/ADCIRC/source-analysis/adcirc-dg-continuity-solver.md,64,file,src/adcirc.F,,,,| `src/adcirc.F` | +5 / -2 | Top-level driver branch |
models/ADCIRC/source-analysis/adcirc-dg-continuity-solver.md,65,file,src/global.F,,,,| `src/global.F` | +4 / -1 | Global state |
models/ADCIRC/source-analysis/adcirc-dg-continuity-solver.md,66,file,src/write_output.F,,,,| `src/write_output.F` | +4 | Output writer DG |
models/ADCIRC/source-analysis/adcirc-dg-continuity-solver.md,70,file,dg.F90,,,,## 3. DG core module (`dg.F90`)
models/ADCIRC/source-analysis/adcirc-dg-continuity-solver.md,95,symbol,,,,prep_DG,"ssenger_elem) 가 read-only 접근. Public public sub-routine 3개: `prep_DG` (초기화), `nodal_to_modal` (변환), `nodal_to_quad_points` (보간)."
models/ADCIRC/source-analysis/adcirc-dg-continuity-solver.md,95,symbol,,,,nodal_to_modal,"ead-only 접근. Public public sub-routine 3개: `prep_DG` (초기화), `nodal_to_modal` (변환), `nodal_to_quad_points` (보간)."
models/ADCIRC/source-analysis/adcirc-dg-continuity-solver.md,95,symbol,,,,nodal_to_quad_points,"lic sub-routine 3개: `prep_DG` (초기화), `nodal_to_modal` (변환), `nodal_to_quad_points` (보간)."
models/ADCIRC/source-analysis/adcirc-dg-continuity-solver.md,128,symbol,,,,NOFF,"- `WDFLG, NCELE` = wet-dry flag — 기존 ADCIRC `NOFF`, `NODECODE` 곱한 element-level flag (CG 와 호환 유지)"
models/ADCIRC/source-analysis/adcirc-dg-continuity-solver.md,128,symbol,,,,NODECODE,"- `WDFLG, NCELE` = wet-dry flag — 기존 ADCIRC `NOFF`, `NODECODE` 곱한 element-level flag (CG 와 호환 유지)"
models/ADCIRC/source-analysis/adcirc-dg-continuity-solver.md,137,symbol,,,,DTVD,"utta — Shu-Osher 1988 표준. `ATVD, BTVD, CTVD` 가 RK stage 계수, `DTVD` 가 stage timestep, `MAX_BOA_DT` 가 max stable timestep. `NRK "
models/ADCIRC/source-analysis/adcirc-dg-continuity-solver.md,137,symbol,,,,MAX_BOA_DT," `ATVD, BTVD, CTVD` 가 RK stage 계수, `DTVD` 가 stage timestep, `MAX_BOA_DT` 가 max stable timestep. `NRK = RK order` (line 64)."
models/ADCIRC/source-analysis/adcirc-dg-continuity-solver.md,147,file,slopelimiter.F90,,,,`SLOPEFLAG = 6` 만 현재 활성 (slopelimiter.F90 line 17-22 — 다른 값은 limiter 호출 안 됨).
models/ADCIRC/source-analysis/adcirc-dg-continuity-solver.md,157,file,dg_integration.F90,,,,## 4. DG time-step driver (`dg_integration.F90`)
models/ADCIRC/source-analysis/adcirc-dg-continuity-solver.md,202,symbol,,,,messenger_elem, **element-level ZE modal coefficient exchange** (신규 module `messenger_elem`)
models/ADCIRC/source-analysis/adcirc-dg-continuity-solver.md,206,file,slopelimiter.F90,,,,## 5. Slope limiter (`slopelimiter.F90`)
models/ADCIRC/source-analysis/adcirc-dg-continuity-solver.md,264,file,momentum.F,,,,### 6.1 `momentum.F` 변경 (+32 -18)
models/ADCIRC/source-analysis/adcirc-dg-continuity-solver.md,266,file-line,dg_integration.F90,50,,,ation 에 DG-modal velocity transfer 추가. `projectMomentum()` (dg_integration.F90:50) 가 modal → nodal projection 수행.
models/ADCIRC/source-analysis/adcirc-dg-continuity-solver.md,268,file,timestep.F,,,,### 6.2 `timestep.F` 변경 (+9 -3)
models/ADCIRC/source-analysis/adcirc-dg-continuity-solver.md,270,file-line,dg.F90,59,,,CG vs DG branch — `DGFLAG` (dg.F90:59) 가 dispatch flag. 기존 CG path 변경 없이 새 DG path 병행.
models/ADCIRC/source-analysis/adcirc-dg-continuity-solver.md,270,symbol,,,,DGFLAG,CG vs DG branch — `DGFLAG` (dg.F90:59) 가 dispatch flag. 기존 CG path 변경 없이 새 DG path 병행.
models/ADCIRC/source-analysis/adcirc-dg-continuity-solver.md,272,file,wetdry.F,,,,### 6.3 `wetdry.F` 변경 (+6 -2)
models/ADCIRC/source-analysis/adcirc-dg-continuity-solver.md,274,file-line,dg.F90,48,49,,`NCELE = NOFF*NODECODE(n1)*NODECODE(n2)*NODECODE(n3)` (dg.F90:48-49) 의 element-level flag 통합. CG `NODECODE` (node-level) 를 elem
models/ADCIRC/source-analysis/adcirc-dg-continuity-solver.md,274,symbol,,,,NODECODE,2)*NODECODE(n3)` (dg.F90:48-49) 의 element-level flag 통합. CG `NODECODE` (node-level) 를 element 곱셈으로 element-level wet-dry 로 확장.
models/ADCIRC/source-analysis/adcirc-dg-continuity-solver.md,276,file,read_input.F,,,,### 6.4 `read_input.F` 변경 (+39 -2)
models/ADCIRC/source-analysis/adcirc-dg-continuity-solver.md,278,symbol,,,,DGFLAG,"DG namelist parameter read (`DGFLAG`, `SLOPEFLAG`, `FLUXTYPE`, `RK_ORDER`, `dofh` 등). Card 형식 미확"
models/ADCIRC/source-analysis/adcirc-dg-continuity-solver.md,278,symbol,,,,SLOPEFLAG,"DG namelist parameter read (`DGFLAG`, `SLOPEFLAG`, `FLUXTYPE`, `RK_ORDER`, `dofh` 등). Card 형식 미확정 (WIP)."
models/ADCIRC/source-analysis/adcirc-dg-continuity-solver.md,278,symbol,,,,FLUXTYPE,"DG namelist parameter read (`DGFLAG`, `SLOPEFLAG`, `FLUXTYPE`, `RK_ORDER`, `dofh` 등). Card 형식 미확정 (WIP)."
models/ADCIRC/source-analysis/adcirc-dg-continuity-solver.md,278,symbol,,,,RK_ORDER,"namelist parameter read (`DGFLAG`, `SLOPEFLAG`, `FLUXTYPE`, `RK_ORDER`, `dofh` 등). Card 형식 미확정 (WIP)."
models/ADCIRC/source-analysis/adcirc-dg-continuity-solver.md,278,symbol,,,,dofh,"ameter read (`DGFLAG`, `SLOPEFLAG`, `FLUXTYPE`, `RK_ORDER`, `dofh` 등). Card 형식 미확정 (WIP)."
models/ADCIRC/source-analysis/adcirc-dg-continuity-solver.md,280,file,messenger_elem.F90,,,,"## 7. Element MPI messenger (`messenger_elem.F90`, 1189 lines)"
models/ADCIRC/source-analysis/adcirc-dg-continuity-solver.md,282,symbol,,,,MESSENGER,신규 module — 기존 ADCIRC node-level `MESSENGER` 와 별개의 **element-level (face-based) ghost-cell exchange**. D
models/ADCIRC/source-analysis/adcirc-dg-continuity-solver.md,284,file-line,dg_integration.F90,60,,,"`dg_integration.F90:60` `UPDATER_elem_mod(ze, ze, ze, 1, 1)` 호출 형태 — 3개 ZE field ×"
models/ADCIRC/source-analysis/adcirc-dg-continuity-solver.md,286,file,prep/decomp.F,,,,## 8. Preprocessing 대규모 변경 (`prep/decomp.F` +1303 lines)
models/ADCIRC/source-analysis/adcirc-dg-continuity-solver.md,288,file,decomp.F,,,,`decomp.F` (domain decomposition) 가 **element-based partition** 추가 — 
models/ADCIRC/source-analysis/adcirc-dg-continuity-solver.md,294,file-line,dg.F90,51,52,,1. **P1 only** (dg.F90:51-52) — `dofh = 1` 만 지원. P2/P3 framework 존재하나 unused.
models/ADCIRC/source-analysis/adcirc-dg-continuity-solver.md,295,file-line,slopelimiter.F90,20,,,2. **slopeflag = 6 only** (slopelimiter.F90:20) — SL1~SL5 비활성.
models/ADCIRC/source-analysis/adcirc-dg-continuity-solver.md,302,file-line,dg.F90,16,,,- DG mass matrix `M_inv` (dg.F90:16) 구성 식 + element local computation
models/ADCIRC/source-analysis/adcirc-dg-continuity-solver.md,302,symbol,,,,M_inv,- DG mass matrix `M_inv` (dg.F90:16) 구성 식 + element local computation
models/ADCIRC/source-analysis/adcirc-dg-continuity-solver.md,306,symbol,,,,slopelimiter6,- `slopelimiter6` 의 reduction factor recipe (Barth-Jespersen vs other)
models/ADCIRC/source-analysis/adcirc-dg-continuity-solver.md,317,symbol,,,,MESSENGER,| MPI exchange | Node-level `MESSENGER` | Node + **Element `MESSENGER_ELEM`** |
models/ADCIRC/source-analysis/adcirc-dg-continuity-solver.md,317,symbol,,,,MESSENGER_ELEM,| MPI exchange | Node-level `MESSENGER` | Node + **Element `MESSENGER_ELEM`** |
models/ADCIRC/source-analysis/adcirc-dg-continuity-solver.md,333,file,//github.c,,,,- 본 PR 자체: https://github.com/adcirc/adcirc/pull/502
models/ADCIRC/source-analysis/adcirc-dg-continuity-solver.md,334,symbol,,,,namo626,- Author: `namo626` (GitHub)
models/ADCIRC/source-analysis/adcirc-domain-design-process.md,60,symbol,,,,NAO99jb,- `NAO99jb`
models/ADCIRC/source-analysis/adcirc-domain-design-process.md,61,symbol,,,,NAO99,- `NAO99`
models/ADCIRC/source-analysis/adcirc-domain-design-process.md,62,symbol,,,,FES2022,- `FES2022`
models/ADCIRC/source-analysis/adcirc-domain-design-process.md,64,symbol,,,,ERA5,- `ERA5`
models/ADCIRC/source-analysis/adcirc-domain-design-process.md,207,symbol,,,,ESLM,- adjust `ESLM`
models/ADCIRC/source-analysis/adcirc-fort-files-reference.md,30,symbol,,,,manuals,ual cross-reference** — retrieved via rag_proxy against the `manuals` collection filtered to `model=adcirc` (15 K chunks: officia
models/ADCIRC/source-analysis/adcirc-fort-files-reference.md,44,file,src/read_input.F,,,,", boundary conditions | `read_global` / `readMesh` | `[file=src/read_input.F line=380]`, `[file=prep/read_global.F line=96]` | `[file=wi"
models/ADCIRC/source-analysis/adcirc-fort-files-reference.md,44,file,prep/read_global.F,,,,"` / `readMesh` | `[file=src/read_input.F line=380]`, `[file=prep/read_global.F line=96]` | `[file=wiki:adcirc:Fort.14_file]` — ""contains t"
models/ADCIRC/source-analysis/adcirc-fort-files-reference.md,44,symbol,,,,read_global,"4** | Mesh geometry: nodes, elements, boundary conditions | `read_global` / `readMesh` | `[file=src/read_input.F line=380]`, `[file=p"
models/ADCIRC/source-analysis/adcirc-fort-files-reference.md,44,symbol,,,,readMesh,"try: nodes, elements, boundary conditions | `read_global` / `readMesh` | `[file=src/read_input.F line=380]`, `[file=prep/read_glob"
models/ADCIRC/source-analysis/adcirc-fort-files-reference.md,45,file,src/read_input.F,,,,"specifiers (NOUT*) | `READ_INPUT`, `READ_INPUT_3D` | `[file=src/read_input.F line=394]`, `[file=src/read_input.F line=5296]` | `[file=wi"
models/ADCIRC/source-analysis/adcirc-fort-files-reference.md,45,file,src/read_input.F,,,,"READ_INPUT_3D` | `[file=src/read_input.F line=394]`, `[file=src/read_input.F line=5296]` | `[file=wiki:adcirc:Fort.15_file]`; key parame"
models/ADCIRC/source-analysis/adcirc-fort-files-reference.md,45,symbol,,,,READ_INPUT," forcing selectors (NWS, NTIP), output specifiers (NOUT*) | `READ_INPUT`, `READ_INPUT_3D` | `[file=src/read_input.F line=394]`, `[fi"
models/ADCIRC/source-analysis/adcirc-fort-files-reference.md,45,symbol,,,,READ_INPUT_3D,"tors (NWS, NTIP), output specifiers (NOUT*) | `READ_INPUT`, `READ_INPUT_3D` | `[file=src/read_input.F line=394]`, `[file=src/read_input"
models/ADCIRC/source-analysis/adcirc-fort-files-reference.md,51,file,src/nodalattr.F,,,,"urface canopy, etc.) | `NWP > 0` | `ReadNodalAttr` | `[file=src/nodalattr.F line=1141]`, `[file=src/nodalattr.F line=1154]` | `[file=wi"
models/ADCIRC/source-analysis/adcirc-fort-files-reference.md,51,file,src/nodalattr.F,,,,"ReadNodalAttr` | `[file=src/nodalattr.F line=1141]`, `[file=src/nodalattr.F line=1154]` | `[file=wiki:adcirc:Fort.13_file]`; e.g. `mann"
models/ADCIRC/source-analysis/adcirc-fort-files-reference.md,51,symbol,,,,ReadNodalAttr,"eighting, bridge piers, surface canopy, etc.) | `NWP > 0` | `ReadNodalAttr` | `[file=src/nodalattr.F line=1141]`, `[file=src/nodalattr."
models/ADCIRC/source-analysis/adcirc-fort-files-reference.md,51,symbol,,,,mannings_n_at_sea_floor,ttr.F line=1154]` | `[file=wiki:adcirc:Fort.13_file]`; e.g. `mannings_n_at_sea_floor` `[file=wiki:adcirc:Manning_s_n_at_sea_floor]` requires `NOL
models/ADCIRC/source-analysis/adcirc-fort-files-reference.md,52,file,src/wind.F,,,," selected by NWS | `NWS != 0` | `WIND` / `OWIWIND` | `[file=src/wind.F line=1812]`, `[file=src/owiwind.F line=188]`, `[file=src/wi"
models/ADCIRC/source-analysis/adcirc-fort-files-reference.md,52,file,src/owiwind.F,,,," `WIND` / `OWIWIND` | `[file=src/wind.F line=1812]`, `[file=src/owiwind.F line=188]`, `[file=src/wind.F line=910]` | `[file=wiki:adci"
models/ADCIRC/source-analysis/adcirc-fort-files-reference.md,52,file,src/wind.F,,,,"wind.F line=1812]`, `[file=src/owiwind.F line=188]`, `[file=src/wind.F line=910]` | `[file=wiki:adcirc:NWS]` — selects format (NWS"
models/ADCIRC/source-analysis/adcirc-fort-files-reference.md,52,symbol,,,,WIND,"ing (wind/pressure) — format selected by NWS | `NWS != 0` | `WIND` / `OWIWIND` | `[file=src/wind.F line=1812]`, `[file=src/owi"
models/ADCIRC/source-analysis/adcirc-fort-files-reference.md,52,symbol,,,,OWIWIND,"/pressure) — format selected by NWS | `NWS != 0` | `WIND` / `OWIWIND` | `[file=src/wind.F line=1812]`, `[file=src/owiwind.F line="
models/ADCIRC/source-analysis/adcirc-fort-files-reference.md,53,file,src/rs2.F,,,,"0` | `RS2INIT` (cold start), reopened in hot start | `[file=src/rs2.F line=89]`, `[file=src/cstart.F line=313]` | `[file=wiki:adc"
models/ADCIRC/source-analysis/adcirc-fort-files-reference.md,53,file,src/cstart.F,,,," reopened in hot start | `[file=src/rs2.F line=89]`, `[file=src/cstart.F line=313]` | `[file=wiki:adcirc:Fort.23_file]` |"
models/ADCIRC/source-analysis/adcirc-fort-files-reference.md,53,symbol,,,,RS2INIT,"ation stress forcing (one-way wave coupling) | `NRS != 0` | `RS2INIT` (cold start), reopened in hot start | `[file=src/rs2.F line"
models/ADCIRC/source-analysis/adcirc-fort-files-reference.md,54,file,src/read_input.F,,,,"by-tide | `NTIP > 0` with SAL terms | `READ_INPUT` | `[file=src/read_input.F line=6425]`, `[file=src/read_input.F line=6453]` | `[file=w"
models/ADCIRC/source-analysis/adcirc-fort-files-reference.md,54,file,src/read_input.F,,,," `READ_INPUT` | `[file=src/read_input.F line=6425]`, `[file=src/read_input.F line=6453]` | `[file=wiki:adcirc:Fort.24_file]`; format not"
models/ADCIRC/source-analysis/adcirc-fort-files-reference.md,54,symbol,,,,READ_INPUT,"nd loading (SAL) tide-by-tide | `NTIP > 0` with SAL terms | `READ_INPUT` | `[file=src/read_input.F line=6425]`, `[file=src/read_inpu"
models/ADCIRC/source-analysis/adcirc-fort-files-reference.md,55,file,src/owi_ice.F,,,,"entration) | NWS variants with ice | `NCICE1_INIT` | `[file=src/owi_ice.F line=99]`, `[file=src/owi_ice.F line=107]` | (no dedicated "
models/ADCIRC/source-analysis/adcirc-fort-files-reference.md,55,file,src/owi_ice.F,,,,"ce | `NCICE1_INIT` | `[file=src/owi_ice.F line=99]`, `[file=src/owi_ice.F line=107]` | (no dedicated wiki page; format follows OWI me"
models/ADCIRC/source-analysis/adcirc-fort-files-reference.md,55,symbol,,,,NCICE1_INIT,"| OWI ice forcing (concentration) | NWS variants with ice | `NCICE1_INIT` | `[file=src/owi_ice.F line=99]`, `[file=src/owi_ice.F line"
models/ADCIRC/source-analysis/adcirc-fort-files-reference.md,59,symbol,,,,NOUTE,"vation: each is gated by a `NOUT*` flag in `fort.15` (e.g., `NOUTE`, `NOUTGE`, `NOUTV`)."
models/ADCIRC/source-analysis/adcirc-fort-files-reference.md,59,symbol,,,,NOUTGE,"ach is gated by a `NOUT*` flag in `fort.15` (e.g., `NOUTE`, `NOUTGE`, `NOUTV`)."
models/ADCIRC/source-analysis/adcirc-fort-files-reference.md,59,symbol,,,,NOUTV,"ed by a `NOUT*` flag in `fort.15` (e.g., `NOUTE`, `NOUTGE`, `NOUTV`)."
models/ADCIRC/source-analysis/adcirc-fort-files-reference.md,63,file,src/write_output.F,,,," `writeOutput2D` (also reopened in cold/hot start) | `[file=src/write_output.F line=510]`, `[file=src/cstart.F line=376]` | `[file=wiki:ad"
models/ADCIRC/source-analysis/adcirc-fort-files-reference.md,63,file,src/cstart.F,,,,"d/hot start) | `[file=src/write_output.F line=510]`, `[file=src/cstart.F line=376]` | `[file=wiki:adcirc:Fort.61_file]` |"
models/ADCIRC/source-analysis/adcirc-fort-files-reference.md,63,symbol,,,,NOUTE,"| **61** | Elevation time series at recording stations | `NOUTE`, `NSTAE` | `initOutput2D` / `writeOutput2D` (also reopened "
models/ADCIRC/source-analysis/adcirc-fort-files-reference.md,63,symbol,,,,NSTAE,"** | Elevation time series at recording stations | `NOUTE`, `NSTAE` | `initOutput2D` / `writeOutput2D` (also reopened in cold/h"
models/ADCIRC/source-analysis/adcirc-fort-files-reference.md,63,symbol,,,,initOutput2D,"tion time series at recording stations | `NOUTE`, `NSTAE` | `initOutput2D` / `writeOutput2D` (also reopened in cold/hot start) | `[fil"
models/ADCIRC/source-analysis/adcirc-fort-files-reference.md,63,symbol,,,,writeOutput2D,"at recording stations | `NOUTE`, `NSTAE` | `initOutput2D` / `writeOutput2D` (also reopened in cold/hot start) | `[file=src/write_output"
models/ADCIRC/source-analysis/adcirc-fort-files-reference.md,64,file,src/write_output.F,,,,"ecording stations | `NOUTV`, `NSTAV` | same family | `[file=src/write_output.F line=546]`, `[file=src/cstart.F line=394]` | (sibling of fo"
models/ADCIRC/source-analysis/adcirc-fort-files-reference.md,64,file,src/cstart.F,,,," same family | `[file=src/write_output.F line=546]`, `[file=src/cstart.F line=394]` | (sibling of fort.61) |"
models/ADCIRC/source-analysis/adcirc-fort-files-reference.md,64,symbol,,,,NOUTV,"| **62** | Velocity time series at recording stations | `NOUTV`, `NSTAV` | same family | `[file=src/write_output.F line=546"
models/ADCIRC/source-analysis/adcirc-fort-files-reference.md,64,symbol,,,,NSTAV,"2** | Velocity time series at recording stations | `NOUTV`, `NSTAV` | same family | `[file=src/write_output.F line=546]`, `[fil"
models/ADCIRC/source-analysis/adcirc-fort-files-reference.md,65,file,src/write_output.F,,,,"vation field at all nodes | `NOUTGE` | same family | `[file=src/write_output.F line=598]`, `[file=src/cstart.F line=487]` | (mesh from `fo"
models/ADCIRC/source-analysis/adcirc-fort-files-reference.md,65,file,src/cstart.F,,,," same family | `[file=src/write_output.F line=598]`, `[file=src/cstart.F line=487]` | (mesh from `fort.14`) |"
models/ADCIRC/source-analysis/adcirc-fort-files-reference.md,65,symbol,,,,NOUTGE,"| **63** | Elevation field at all nodes | `NOUTGE` | same family | `[file=src/write_output.F line=598]`, `[fil"
models/ADCIRC/source-analysis/adcirc-fort-files-reference.md,66,file,src/write_output.F,,,,"locity field at all nodes | `NOUTGV` | same family | `[file=src/write_output.F line=710]`, `[file=src/cstart.F line=584]` | — |"
models/ADCIRC/source-analysis/adcirc-fort-files-reference.md,66,file,src/cstart.F,,,," same family | `[file=src/write_output.F line=710]`, `[file=src/cstart.F line=584]` | — |"
models/ADCIRC/source-analysis/adcirc-fort-files-reference.md,66,symbol,,,,NOUTGV,"| **64** | 2D depth-averaged velocity field at all nodes | `NOUTGV` | same family | `[file=src/write_output.F line=710]`, `[fil"
models/ADCIRC/source-analysis/adcirc-fort-files-reference.md,67,file,src/write_output.F,,,,"output | `TimeBathyControl` namelist | same family | `[file=src/write_output.F line=946]`, `[file=src/cstart.F line=467]` | — |"
models/ADCIRC/source-analysis/adcirc-fort-files-reference.md,67,file,src/cstart.F,,,," same family | `[file=src/write_output.F line=946]`, `[file=src/cstart.F line=467]` | — |"
models/ADCIRC/source-analysis/adcirc-fort-files-reference.md,67,symbol,,,,TimeBathyControl,| **75** | Time-varying bathymetry field output | `TimeBathyControl` namelist | same family | `[file=src/write_output.F line=946
models/ADCIRC/source-analysis/adcirc-fort-files-reference.md,68,file,src/write_output.F,,,,"at stations | `NOUTC` (with `IM=10`) | same family | `[file=src/write_output.F line=1160]`, `[file=src/cstart.F line=412]` | — |"
models/ADCIRC/source-analysis/adcirc-fort-files-reference.md,68,file,src/cstart.F,,,,"same family | `[file=src/write_output.F line=1160]`, `[file=src/cstart.F line=412]` | — |"
models/ADCIRC/source-analysis/adcirc-fort-files-reference.md,68,symbol,,,,NOUTC,| **81** | Concentration time series at stations | `NOUTC` (with `IM=10`) | same family | `[file=src/write_output.F li
models/ADCIRC/source-analysis/adcirc-fort-files-reference.md,69,file,src/write_output.F,,,,"ration field at all nodes | `NOUTGC` | same family | `[file=src/write_output.F line=1191]`, `[file=src/cstart.F line=665]` | — |"
models/ADCIRC/source-analysis/adcirc-fort-files-reference.md,69,file,src/cstart.F,,,,"same family | `[file=src/write_output.F line=1191]`, `[file=src/cstart.F line=665]` | — |"
models/ADCIRC/source-analysis/adcirc-fort-files-reference.md,69,symbol,,,,NOUTGC,"| **83** | Concentration field at all nodes | `NOUTGC` | same family | `[file=src/write_output.F line=1191]`, `[fi"
models/ADCIRC/source-analysis/adcirc-fort-files-reference.md,70,file,src/write_output.F,,,,"utput | `OutputTau0` flag in fort.15 | same family | `[file=src/write_output.F line=619]`, `[file=src/cstart.F line=501]` | depends on `ta"
models/ADCIRC/source-analysis/adcirc-fort-files-reference.md,70,file,src/cstart.F,,,," same family | `[file=src/write_output.F line=619]`, `[file=src/cstart.F line=501]` | depends on `tau0` nodal attribute via fort.13 "
models/ADCIRC/source-analysis/adcirc-fort-files-reference.md,70,symbol,,,,OutputTau0,| **90** | Tau0 (primitive-weighting tau) field output | `OutputTau0` flag in fort.15 | same family | `[file=src/write_output.F l
models/ADCIRC/source-analysis/adcirc-fort-files-reference.md,70,symbol,,,,tau0,"t.F line=619]`, `[file=src/cstart.F line=501]` | depends on `tau0` nodal attribute via fort.13 |"
models/ADCIRC/source-analysis/adcirc-fort-files-reference.md,71,file,src/write_output.F,,,,"d output | sponge options in fort.15 | same family | `[file=src/write_output.F line=641]`, `[file=src/cstart.F line=492]` | — |"
models/ADCIRC/source-analysis/adcirc-fort-files-reference.md,71,file,src/cstart.F,,,," same family | `[file=src/write_output.F line=641]`, `[file=src/cstart.F line=492]` | — |"
models/ADCIRC/source-analysis/adcirc-fort-files-reference.md,79,file,src/write_output.F,,,,"met stations | `NOUTM` | `initOutput2D` / `POST71` | `[file=src/write_output.F line=735]`, `[file=prep/post.F line=1921]` | format flag `["
models/ADCIRC/source-analysis/adcirc-fort-files-reference.md,79,file,prep/post.F,,,,"` / `POST71` | `[file=src/write_output.F line=735]`, `[file=prep/post.F line=1921]` | format flag `[file=wiki:adcirc:Fort.91_file_f"
models/ADCIRC/source-analysis/adcirc-fort-files-reference.md,79,symbol,,,,NOUTM,| **71** | Atmospheric pressure at met stations | `NOUTM` | `initOutput2D` / `POST71` | `[file=src/write_output.F lin
models/ADCIRC/source-analysis/adcirc-fort-files-reference.md,79,symbol,,,,initOutput2D,"| **71** | Atmospheric pressure at met stations | `NOUTM` | `initOutput2D` / `POST71` | `[file=src/write_output.F line=735]`, `[file=p"
models/ADCIRC/source-analysis/adcirc-fort-files-reference.md,79,symbol,,,,POST71,"heric pressure at met stations | `NOUTM` | `initOutput2D` / `POST71` | `[file=src/write_output.F line=735]`, `[file=prep/post.F "
models/ADCIRC/source-analysis/adcirc-fort-files-reference.md,80,file,src/write_output.F,,,,"Wind velocity at met stations | `NOUTM` | `POST72` | `[file=src/write_output.F line=775]`, `[file=prep/post.F line=2190]` | — |"
models/ADCIRC/source-analysis/adcirc-fort-files-reference.md,80,file,prep/post.F,,,,"` | `POST72` | `[file=src/write_output.F line=775]`, `[file=prep/post.F line=2190]` | — |"
models/ADCIRC/source-analysis/adcirc-fort-files-reference.md,80,symbol,,,,NOUTM,"| **72** | Wind velocity at met stations | `NOUTM` | `POST72` | `[file=src/write_output.F line=775]`, `[file=p"
models/ADCIRC/source-analysis/adcirc-fort-files-reference.md,80,symbol,,,,POST72,"| **72** | Wind velocity at met stations | `NOUTM` | `POST72` | `[file=src/write_output.F line=775]`, `[file=prep/post.F "
models/ADCIRC/source-analysis/adcirc-fort-files-reference.md,81,file,src/write_output.F,,,," pressure field at all nodes | `NOUTGW` | `POST73` | `[file=src/write_output.F line=817]`, `[file=prep/post.F line=2476]` | `[file=wiki:ad"
models/ADCIRC/source-analysis/adcirc-fort-files-reference.md,81,file,prep/post.F,,,,"` | `POST73` | `[file=src/write_output.F line=817]`, `[file=prep/post.F line=2476]` | `[file=wiki:adcirc:Fort.93_file_format]` — ""a"
models/ADCIRC/source-analysis/adcirc-fort-files-reference.md,81,symbol,,,,NOUTGW,"| **73** | Atmospheric pressure field at all nodes | `NOUTGW` | `POST73` | `[file=src/write_output.F line=817]`, `[file=p"
models/ADCIRC/source-analysis/adcirc-fort-files-reference.md,81,symbol,,,,POST73,"73** | Atmospheric pressure field at all nodes | `NOUTGW` | `POST73` | `[file=src/write_output.F line=817]`, `[file=prep/post.F "
models/ADCIRC/source-analysis/adcirc-fort-files-reference.md,82,file,src/write_output.F,,,,"/velocity field at all nodes | `NOUTGW` | `POST74` | `[file=src/write_output.F line=904]`, `[file=prep/post.F line=2724]` | — |"
models/ADCIRC/source-analysis/adcirc-fort-files-reference.md,82,file,prep/post.F,,,,"` | `POST74` | `[file=src/write_output.F line=904]`, `[file=prep/post.F line=2724]` | — |"
models/ADCIRC/source-analysis/adcirc-fort-files-reference.md,82,symbol,,,,NOUTGW,"| **74** | Wind stress/velocity field at all nodes | `NOUTGW` | `POST74` | `[file=src/write_output.F line=904]`, `[file=p"
models/ADCIRC/source-analysis/adcirc-fort-files-reference.md,82,symbol,,,,POST74,"74** | Wind stress/velocity field at all nodes | `NOUTGW` | `POST74` | `[file=src/write_output.F line=904]`, `[file=prep/post.F "
models/ADCIRC/source-analysis/adcirc-fort-files-reference.md,83,file,src/write_output.F,,,,"tion at met stations | NWS ice variants | `POST91` | `[file=src/write_output.F line=1064]`, `[file=prep/post.F line=2990]` | — |"
models/ADCIRC/source-analysis/adcirc-fort-files-reference.md,83,file,prep/post.F,,,," | `POST91` | `[file=src/write_output.F line=1064]`, `[file=prep/post.F line=2990]` | — |"
models/ADCIRC/source-analysis/adcirc-fort-files-reference.md,83,symbol,,,,POST91,"** | Ice concentration at met stations | NWS ice variants | `POST91` | `[file=src/write_output.F line=1064]`, `[file=prep/post.F"
models/ADCIRC/source-analysis/adcirc-fort-files-reference.md,84,file,src/write_output.F,,,,"n field at all nodes | NWS ice variants | `POST93` | `[file=src/write_output.F line=1039]`, `[file=prep/post.F line=3262]` | — |"
models/ADCIRC/source-analysis/adcirc-fort-files-reference.md,84,file,prep/post.F,,,," | `POST93` | `[file=src/write_output.F line=1039]`, `[file=prep/post.F line=3262]` | — |"
models/ADCIRC/source-analysis/adcirc-fort-files-reference.md,84,symbol,,,,POST93,"| Ice concentration field at all nodes | NWS ice variants | `POST93` | `[file=src/write_output.F line=1039]`, `[file=prep/post.F"
models/ADCIRC/source-analysis/adcirc-fort-files-reference.md,90,file,src/write_output.F,,,,"| `initOutput3D` / `writeOutput3D`; `POST41` merge | `[file=src/write_output.F line=2993]`, `[file=prep/post.F line=4285]` |"
models/ADCIRC/source-analysis/adcirc-fort-files-reference.md,90,file,prep/post.F,,,,"ST41` merge | `[file=src/write_output.F line=2993]`, `[file=prep/post.F line=4285]` |"
models/ADCIRC/source-analysis/adcirc-fort-files-reference.md,90,symbol,,,,I3DSD," **41** | 3D density / salinity / temperature at stations | `I3DSD`, `NSTA3DD` | `initOutput3D` / `writeOutput3D`; `POST41` mer"
models/ADCIRC/source-analysis/adcirc-fort-files-reference.md,90,symbol,,,,NSTA3DD," 3D density / salinity / temperature at stations | `I3DSD`, `NSTA3DD` | `initOutput3D` / `writeOutput3D`; `POST41` merge | `[file"
models/ADCIRC/source-analysis/adcirc-fort-files-reference.md,90,symbol,,,,initOutput3D,"/ salinity / temperature at stations | `I3DSD`, `NSTA3DD` | `initOutput3D` / `writeOutput3D`; `POST41` merge | `[file=src/write_output"
models/ADCIRC/source-analysis/adcirc-fort-files-reference.md,90,symbol,,,,writeOutput3D,"erature at stations | `I3DSD`, `NSTA3DD` | `initOutput3D` / `writeOutput3D`; `POST41` merge | `[file=src/write_output.F line=2993]`, `["
models/ADCIRC/source-analysis/adcirc-fort-files-reference.md,90,symbol,,,,POST41,"ns | `I3DSD`, `NSTA3DD` | `initOutput3D` / `writeOutput3D`; `POST41` merge | `[file=src/write_output.F line=2993]`, `[file=prep/"
models/ADCIRC/source-analysis/adcirc-fort-files-reference.md,91,file,src/write_output.F,,,,"| `I3DSV`, `NSTA3DV` | same family; `POST42` merge | `[file=src/write_output.F line=3059]`, `[file=prep/post.F line=4452]` |"
models/ADCIRC/source-analysis/adcirc-fort-files-reference.md,91,file,prep/post.F,,,,"ST42` merge | `[file=src/write_output.F line=3059]`, `[file=prep/post.F line=4452]` |"
models/ADCIRC/source-analysis/adcirc-fort-files-reference.md,91,symbol,,,,I3DSV,"| **42** | 3D velocity at stations | `I3DSV`, `NSTA3DV` | same family; `POST42` merge | `[file=src/write"
models/ADCIRC/source-analysis/adcirc-fort-files-reference.md,91,symbol,,,,NSTA3DV,"| **42** | 3D velocity at stations | `I3DSV`, `NSTA3DV` | same family; `POST42` merge | `[file=src/write_output.F l"
models/ADCIRC/source-analysis/adcirc-fort-files-reference.md,91,symbol,,,,POST42,"3D velocity at stations | `I3DSV`, `NSTA3DV` | same family; `POST42` merge | `[file=src/write_output.F line=3059]`, `[file=prep/"
models/ADCIRC/source-analysis/adcirc-fort-files-reference.md,95,symbol,,,,NHASE,"ctivated when harmonic-analysis options in fort.15 are set (`NHASE`, `NHASV`, `NHAGE`, `NHAGV`, `NFREQ`)."
models/ADCIRC/source-analysis/adcirc-fort-files-reference.md,95,symbol,,,,NHASV,"when harmonic-analysis options in fort.15 are set (`NHASE`, `NHASV`, `NHAGE`, `NHAGV`, `NFREQ`)."
models/ADCIRC/source-analysis/adcirc-fort-files-reference.md,95,symbol,,,,NHAGE,"onic-analysis options in fort.15 are set (`NHASE`, `NHASV`, `NHAGE`, `NHAGV`, `NFREQ`)."
models/ADCIRC/source-analysis/adcirc-fort-files-reference.md,95,symbol,,,,NHAGV,"ysis options in fort.15 are set (`NHASE`, `NHASV`, `NHAGE`, `NHAGV`, `NFREQ`)."
models/ADCIRC/source-analysis/adcirc-fort-files-reference.md,95,symbol,,,,NFREQ,"ons in fort.15 are set (`NHASE`, `NHASV`, `NHAGE`, `NHAGV`, `NFREQ`)."
models/ADCIRC/source-analysis/adcirc-fort-files-reference.md,99,file,src/write_output.F,,,,"Q` | `writeHarmonicAnalysisOutput`; `POST51` merge | `[file=src/write_output.F line=2178]`, `[file=prep/post.F line=1306]` |"
models/ADCIRC/source-analysis/adcirc-fort-files-reference.md,99,file,prep/post.F,,,,"ST51` merge | `[file=src/write_output.F line=2178]`, `[file=prep/post.F line=1306]` |"
models/ADCIRC/source-analysis/adcirc-fort-files-reference.md,99,symbol,,,,NHASE,"| **51** | Harmonic elevation at stations | `NHASE`, `NFREQ` | `writeHarmonicAnalysisOutput`; `POST51` merge | "
models/ADCIRC/source-analysis/adcirc-fort-files-reference.md,99,symbol,,,,NFREQ,"| **51** | Harmonic elevation at stations | `NHASE`, `NFREQ` | `writeHarmonicAnalysisOutput`; `POST51` merge | `[file=sr"
models/ADCIRC/source-analysis/adcirc-fort-files-reference.md,99,symbol,,,,writeHarmonicAnalysisOutput,"*51** | Harmonic elevation at stations | `NHASE`, `NFREQ` | `writeHarmonicAnalysisOutput`; `POST51` merge | `[file=src/write_output.F line=2178]`, `["
models/ADCIRC/source-analysis/adcirc-fort-files-reference.md,99,symbol,,,,POST51,"tations | `NHASE`, `NFREQ` | `writeHarmonicAnalysisOutput`; `POST51` merge | `[file=src/write_output.F line=2178]`, `[file=prep/"
models/ADCIRC/source-analysis/adcirc-fort-files-reference.md,100,file,src/write_output.F,,,,"ic velocity at stations | `NHASV` | `POST52` merge | `[file=src/write_output.F line=2232]`, `[file=prep/post.F line=1420]` |"
models/ADCIRC/source-analysis/adcirc-fort-files-reference.md,100,file,prep/post.F,,,,"ST52` merge | `[file=src/write_output.F line=2232]`, `[file=prep/post.F line=1420]` |"
models/ADCIRC/source-analysis/adcirc-fort-files-reference.md,100,symbol,,,,NHASV,"| **52** | Harmonic velocity at stations | `NHASV` | `POST52` merge | `[file=src/write_output.F line=2232]`, `"
models/ADCIRC/source-analysis/adcirc-fort-files-reference.md,100,symbol,,,,POST52,"| **52** | Harmonic velocity at stations | `NHASV` | `POST52` merge | `[file=src/write_output.F line=2232]`, `[file=prep/"
models/ADCIRC/source-analysis/adcirc-fort-files-reference.md,101,file,src/write_output.F,,,," elevation at all nodes | `NHAGE` | `POST53` merge | `[file=src/write_output.F line=2339]`, `[file=prep/post.F line=1533]` |"
models/ADCIRC/source-analysis/adcirc-fort-files-reference.md,101,file,prep/post.F,,,,"ST53` merge | `[file=src/write_output.F line=2339]`, `[file=prep/post.F line=1533]` |"
models/ADCIRC/source-analysis/adcirc-fort-files-reference.md,101,symbol,,,,NHAGE,"| **53** | Harmonic elevation at all nodes | `NHAGE` | `POST53` merge | `[file=src/write_output.F line=2339]`, `"
models/ADCIRC/source-analysis/adcirc-fort-files-reference.md,101,symbol,,,,POST53,"| **53** | Harmonic elevation at all nodes | `NHAGE` | `POST53` merge | `[file=src/write_output.F line=2339]`, `[file=prep/"
models/ADCIRC/source-analysis/adcirc-fort-files-reference.md,107,file,src/gwce.F,,,,"LogFile` (`fort.16` and the modern logging module) | `[file=src/gwce.F line=148]`, `[file=src/logging.F90 line=343]` |"
models/ADCIRC/source-analysis/adcirc-fort-files-reference.md,107,file,src/logging.F90,,,,"dern logging module) | `[file=src/gwce.F line=148]`, `[file=src/logging.F90 line=343]` |"
models/ADCIRC/source-analysis/adcirc-fort-files-reference.md,107,symbol,,,,openLogFile, Deprecated legacy iterative-solver log unit; superseded by `openLogFile` (`fort.16` and the modern logging module) | `[file=src/gwce
models/ADCIRC/source-analysis/adcirc-fort-files-reference.md,108,file,prep/compare.F,,,,cessing compare utility (not part of a normal run) | `[file=prep/compare.F line=1696]` |
models/ADCIRC/source-analysis/adcirc-fort-files-reference.md,109,file,prep/prep.F,,,,"EP80`, read by `POST_INIT` to merge per-PE outputs | `[file=prep/prep.F line=7439]`, `[file=prep/post.F line=67]` |"
models/ADCIRC/source-analysis/adcirc-fort-files-reference.md,109,file,prep/post.F,,,,"rge per-PE outputs | `[file=prep/prep.F line=7439]`, `[file=prep/post.F line=67]` |"
models/ADCIRC/source-analysis/adcirc-fort-files-reference.md,109,symbol,,,,PREP80,"* | Domain-decomposition + I/O mapping metadata; written by `PREP80`, read by `POST_INIT` to merge per-PE outputs | `[file=prep/"
models/ADCIRC/source-analysis/adcirc-fort-files-reference.md,109,symbol,,,,POST_INIT,"sition + I/O mapping metadata; written by `PREP80`, read by `POST_INIT` to merge per-PE outputs | `[file=prep/prep.F line=7439]`, `"
models/ADCIRC/source-analysis/adcirc-fort-files-reference.md,145,file,cstart.F,,,,"rt vs hot-start affects which fort.* files are reopened**: `cstart.F` initializes `fort.61–65`, `fort.71–75`, `fort.81–93` from "
models/ADCIRC/source-analysis/adcirc-fort-files-reference.md,145,file,hstart.F,,,,"zes `fort.61–65`, `fort.71–75`, `fort.81–93` from scratch; `hstart.F` reopens them from the existing files at the hot-start time"
models/ADCIRC/source-analysis/adcirc-fort-files-reference.md,145,file,hstart.F,,,,ses silent file format drift. <!-- source-needed: drift 거동의 hstart.F file:line 또는 wiki 페이지 인용 필요 -->
models/ADCIRC/source-analysis/adcirc-fort-files-reference.md,145,symbol,,,,NHSTAR,existing files at the hot-start time. Mismatch in `fort.15` `NHSTAR`/`NHSINC` between the two runs causes silent file format dri
models/ADCIRC/source-analysis/adcirc-fort-files-reference.md,145,symbol,,,,NHSINC,files at the hot-start time. Mismatch in `fort.15` `NHSTAR`/`NHSINC` between the two runs causes silent file format drift. <!-- 
models/ADCIRC/source-analysis/adcirc-fort-files-reference.md,146,symbol,,,,NOUTE,"- **Output flag sign convention**: `NOUTE`, `NOUTV`, etc. negative values switch ASCII vs binary outpu"
models/ADCIRC/source-analysis/adcirc-fort-files-reference.md,146,symbol,,,,NOUTV,"- **Output flag sign convention**: `NOUTE`, `NOUTV`, etc. negative values switch ASCII vs binary output. Always"
models/ADCIRC/source-analysis/adcirc-fort-files-reference.md,152,symbol,,,,NSTAE,thout keeping the matching `fort.15` (or you get mismatched `NSTAE`/`NSTAV` arrays).
models/ADCIRC/source-analysis/adcirc-fort-files-reference.md,152,symbol,,,,NSTAV,eping the matching `fort.15` (or you get mismatched `NSTAE`/`NSTAV` arrays).
models/ADCIRC/source-analysis/adcirc-fort-files-reference.md,154,symbol,,,,RUNDES,"utput, branch on the file's HEADER (record 1 always carries `RUNDES`, `RUNID`, `AGRID`) — do not infer format from filename alon"
models/ADCIRC/source-analysis/adcirc-fort-files-reference.md,154,symbol,,,,RUNID,"nch on the file's HEADER (record 1 always carries `RUNDES`, `RUNID`, `AGRID`) — do not infer format from filename alone."
models/ADCIRC/source-analysis/adcirc-fort-files-reference.md,154,symbol,,,,AGRID,"e file's HEADER (record 1 always carries `RUNDES`, `RUNID`, `AGRID`) — do not infer format from filename alone."
models/ADCIRC/source-analysis/adcirc-fort-files-reference.md,155,file,prep/post.F,,,,ill silently drop frequencies. <!-- source-needed: drop 거동의 prep/post.F file:line 인용 필요 -->
models/ADCIRC/source-analysis/adcirc-fort-files-reference.md,155,symbol,,,,NFREQ,"4. For harmonic analysis output (`fort.51–53`), the `NFREQ` block in `fort.15` must match the post-processed file or `P"
models/ADCIRC/source-analysis/adcirc-fort-files-reference.md,160,file,src/nodalattr.F,,,,le is never read no matter what you put in it. Check `[file=src/nodalattr.F line=1051]` for `NWP` parsing.
models/ADCIRC/source-analysis/adcirc-fort-files-reference.md,160,symbol,,,,NWP,you put in it. Check `[file=src/nodalattr.F line=1051]` for `NWP` parsing.
models/ADCIRC/source-analysis/adcirc-fort-files-reference.md,161,file,src/owiwind.F,,,,14 vs NWS=13** — both NetCDF; different reader path. `[file=src/owiwind.F line=188]` shows the dispatch.
models/ADCIRC/source-analysis/adcirc-fort-files-reference.md,174,file,src/read_input.F,,,,"- `src/read_input.F` — main fort.15 reader (`READ_INPUT`, `READ_INPUT_3D`)."
models/ADCIRC/source-analysis/adcirc-fort-files-reference.md,174,symbol,,,,READ_INPUT,"- `src/read_input.F` — main fort.15 reader (`READ_INPUT`, `READ_INPUT_3D`)."
models/ADCIRC/source-analysis/adcirc-fort-files-reference.md,174,symbol,,,,READ_INPUT_3D,"- `src/read_input.F` — main fort.15 reader (`READ_INPUT`, `READ_INPUT_3D`)."
models/ADCIRC/source-analysis/adcirc-fort-files-reference.md,175,file,src/nodalattr.F,,,,- `src/nodalattr.F` — fort.13 reader (`ReadNodalAttr`).
models/ADCIRC/source-analysis/adcirc-fort-files-reference.md,175,symbol,,,,ReadNodalAttr,- `src/nodalattr.F` — fort.13 reader (`ReadNodalAttr`).
models/ADCIRC/source-analysis/adcirc-fort-files-reference.md,176,file,prep/read_global.F,,,,- `prep/read_global.F` — fort.14 mesh assembler.
models/ADCIRC/source-analysis/adcirc-fort-files-reference.md,177,file,src/wind.F,,,,"- `src/wind.F`, `src/owiwind.F` — fort.22 / NWS-dispatched met readers."
models/ADCIRC/source-analysis/adcirc-fort-files-reference.md,177,file,src/owiwind.F,,,,"- `src/wind.F`, `src/owiwind.F` — fort.22 / NWS-dispatched met readers."
models/ADCIRC/source-analysis/adcirc-fort-files-reference.md,178,file,src/rs2.F,,,,- `src/rs2.F` — fort.23 wave radiation stress reader.
models/ADCIRC/source-analysis/adcirc-fort-files-reference.md,179,file,src/owi_ice.F,,,,- `src/owi_ice.F` — fort.25 ice forcing reader.
models/ADCIRC/source-analysis/adcirc-fort-files-reference.md,180,file,src/cstart.F,,,,"- `src/cstart.F`, `src/hstart.F` — cold/hot start reopen logic for outputs."
models/ADCIRC/source-analysis/adcirc-fort-files-reference.md,180,file,src/hstart.F,,,,"- `src/cstart.F`, `src/hstart.F` — cold/hot start reopen logic for outputs."
models/ADCIRC/source-analysis/adcirc-fort-files-reference.md,181,file,src/write_output.F,,,,- `src/write_output.F` — `initOutput2D` / `writeOutput2D` / `initOutput3D` / `wri
models/ADCIRC/source-analysis/adcirc-fort-files-reference.md,181,symbol,,,,initOutput2D,- `src/write_output.F` — `initOutput2D` / `writeOutput2D` / `initOutput3D` / `writeOutput3D` writer
models/ADCIRC/source-analysis/adcirc-fort-files-reference.md,181,symbol,,,,writeOutput2D,- `src/write_output.F` — `initOutput2D` / `writeOutput2D` / `initOutput3D` / `writeOutput3D` writers.
models/ADCIRC/source-analysis/adcirc-fort-files-reference.md,181,symbol,,,,initOutput3D,- `src/write_output.F` — `initOutput2D` / `writeOutput2D` / `initOutput3D` / `writeOutput3D` writers.
models/ADCIRC/source-analysis/adcirc-fort-files-reference.md,181,symbol,,,,writeOutput3D,ut.F` — `initOutput2D` / `writeOutput2D` / `initOutput3D` / `writeOutput3D` writers.
models/ADCIRC/source-analysis/adcirc-fort-files-reference.md,182,file,prep/prep.F,,,,"- `prep/prep.F`, `prep/post.F` — `PREP80` writer / `POST*` mergers."
models/ADCIRC/source-analysis/adcirc-fort-files-reference.md,182,file,prep/post.F,,,,"- `prep/prep.F`, `prep/post.F` — `PREP80` writer / `POST*` mergers."
models/ADCIRC/source-analysis/adcirc-fort-files-reference.md,182,symbol,,,,PREP80,"- `prep/prep.F`, `prep/post.F` — `PREP80` writer / `POST*` mergers."
models/ADCIRC/source-analysis/adcirc-fort-files-reference.md,183,file,src/logging.F90,,,,- `src/logging.F90` — modern logging (replaces fort.33).
models/ADCIRC/source-analysis/adcirc-fort-files-reference.md,187,symbol,,,,manuals,"### Manuals (curated, retrieved 2026-05-05 against `manuals` collection, model=adcirc)"
models/ADCIRC/source-analysis/adcirc-fort-files-reference.md,191,symbol,,,,NOLIBF,"[file=wiki:adcirc:Fort.15_file]`, plus per-parameter pages: `NOLIBF`, `NOLIFA`, `NWS`, `NWP`, `NTIP`, `NOUTE`, `NOUTGE`, …"
models/ADCIRC/source-analysis/adcirc-fort-files-reference.md,191,symbol,,,,NOLIFA,":adcirc:Fort.15_file]`, plus per-parameter pages: `NOLIBF`, `NOLIFA`, `NWS`, `NWP`, `NTIP`, `NOUTE`, `NOUTGE`, …"
models/ADCIRC/source-analysis/adcirc-fort-files-reference.md,191,symbol,,,,NWS,"rt.15_file]`, plus per-parameter pages: `NOLIBF`, `NOLIFA`, `NWS`, `NWP`, `NTIP`, `NOUTE`, `NOUTGE`, …"
models/ADCIRC/source-analysis/adcirc-fort-files-reference.md,191,symbol,,,,NWP,"ile]`, plus per-parameter pages: `NOLIBF`, `NOLIFA`, `NWS`, `NWP`, `NTIP`, `NOUTE`, `NOUTGE`, …"
models/ADCIRC/source-analysis/adcirc-fort-files-reference.md,191,symbol,,,,NTIP,"plus per-parameter pages: `NOLIBF`, `NOLIFA`, `NWS`, `NWP`, `NTIP`, `NOUTE`, `NOUTGE`, …"
models/ADCIRC/source-analysis/adcirc-fort-files-reference.md,191,symbol,,,,NOUTE,"-parameter pages: `NOLIBF`, `NOLIFA`, `NWS`, `NWP`, `NTIP`, `NOUTE`, `NOUTGE`, …"
models/ADCIRC/source-analysis/adcirc-fort-files-reference.md,191,symbol,,,,NOUTGE,"r pages: `NOLIBF`, `NOLIFA`, `NWS`, `NWP`, `NTIP`, `NOUTE`, `NOUTGE`, …"
models/ADCIRC/source-analysis/adcirc-fort-files-reference.md,206,symbol,,,,manuals,"| RAG retrieval | rag_proxy on `manuals` collection, `model=adcirc` filter (15 K chunks) |"
models/ADCIRC/source-analysis/adcirc-fort15-checklist-v1.md,7,file-line,read_input.F,1133,1162,,"rce-code 라인 인용은 본문 내 file:line 명시. L4 2026-07-03 감사: IM 단언은 read_input.F:1133-1162 로 보강(verified), TAU0 0.005-0.1 범위·FAQ triage 2건은 익명 출처 disc"
models/ADCIRC/source-analysis/adcirc-fort15-checklist-v1.md,40,symbol,,,,NFOVER,- `NFOVER`
models/ADCIRC/source-analysis/adcirc-fort15-checklist-v1.md,41,symbol,,,,NABOUT,- `NABOUT`
models/ADCIRC/source-analysis/adcirc-fort15-checklist-v1.md,42,symbol,,,,NSCREEN,- `NSCREEN`
models/ADCIRC/source-analysis/adcirc-fort15-checklist-v1.md,43,symbol,,,,IHOT,- `IHOT`
models/ADCIRC/source-analysis/adcirc-fort15-checklist-v1.md,54,symbol,,,,NSCREEN,- yellow: `NSCREEN`
models/ADCIRC/source-analysis/adcirc-fort15-checklist-v1.md,55,symbol,,,,IHOT,"- red: `IHOT`, unless the experiment is explicitly about hotstart behavio"
models/ADCIRC/source-analysis/adcirc-fort15-checklist-v1.md,60,symbol,,,,ICS,- `ICS`
models/ADCIRC/source-analysis/adcirc-fort15-checklist-v1.md,62,symbol,,,,NOLIBF,- `NOLIBF`
models/ADCIRC/source-analysis/adcirc-fort15-checklist-v1.md,63,symbol,,,,NOLIFA,- `NOLIFA`
models/ADCIRC/source-analysis/adcirc-fort15-checklist-v1.md,64,symbol,,,,NOLICA,- `NOLICA`
models/ADCIRC/source-analysis/adcirc-fort15-checklist-v1.md,65,symbol,,,,NOLICAT,- `NOLICAT`
models/ADCIRC/source-analysis/adcirc-fort15-checklist-v1.md,66,symbol,,,,NWP,- `NWP`
models/ADCIRC/source-analysis/adcirc-fort15-checklist-v1.md,67,symbol,,,,NCOR,- `NCOR`
models/ADCIRC/source-analysis/adcirc-fort15-checklist-v1.md,83,symbol,,,,ICS,"- red: `ICS`, `IM`, `NOLIFA`, `NOLICA`, `NOLICAT`"
models/ADCIRC/source-analysis/adcirc-fort15-checklist-v1.md,83,symbol,,,,NOLIFA,"- red: `ICS`, `IM`, `NOLIFA`, `NOLICA`, `NOLICAT`"
models/ADCIRC/source-analysis/adcirc-fort15-checklist-v1.md,83,symbol,,,,NOLICA,"- red: `ICS`, `IM`, `NOLIFA`, `NOLICA`, `NOLICAT`"
models/ADCIRC/source-analysis/adcirc-fort15-checklist-v1.md,83,symbol,,,,NOLICAT,"- red: `ICS`, `IM`, `NOLIFA`, `NOLICA`, `NOLICAT`"
models/ADCIRC/source-analysis/adcirc-fort15-checklist-v1.md,84,symbol,,,,NOLIBF,- yellow: `NOLIBF`
models/ADCIRC/source-analysis/adcirc-fort15-checklist-v1.md,85,symbol,,,,NWP,"- red: `NWP`, `NCOR` unless the whole experiment is about those features"
models/ADCIRC/source-analysis/adcirc-fort15-checklist-v1.md,85,symbol,,,,NCOR,"- red: `NWP`, `NCOR` unless the whole experiment is about those features"
models/ADCIRC/source-analysis/adcirc-fort15-checklist-v1.md,88,file-line,models/ADCIRC/raw/source_code/adcirc/src/read_input.F,1133,1135,,"ic 2DDI run using: New GWCE and Momentum Eq formulations"" (`models/ADCIRC/raw/source_code/adcirc/src/read_input.F:1133-1135` READ/PROCESS IM, `:1158-1162` `IF ("
models/ADCIRC/source-analysis/adcirc-fort15-checklist-v1.md,89,symbol,,,,NOLIFA,- `NOLIFA` affects finite-amplitude treatment and interacts with `H0`
models/ADCIRC/source-analysis/adcirc-fort15-checklist-v1.md,95,symbol,,,,TAU0,- `TAU0`
models/ADCIRC/source-analysis/adcirc-fort15-checklist-v1.md,97,symbol,,,,STATIM,- `STATIM`
models/ADCIRC/source-analysis/adcirc-fort15-checklist-v1.md,98,symbol,,,,REFTIM,- `REFTIM`
models/ADCIRC/source-analysis/adcirc-fort15-checklist-v1.md,99,symbol,,,,RNDAY,- `RNDAY`
models/ADCIRC/source-analysis/adcirc-fort15-checklist-v1.md,100,symbol,,,,DRAMP,- `DRAMP`
models/ADCIRC/source-analysis/adcirc-fort15-checklist-v1.md,115,symbol,,,,RNDAY,"- green: `RNDAY`, if only shortening a test run for faster turnaround"
models/ADCIRC/source-analysis/adcirc-fort15-checklist-v1.md,116,symbol,,,,DRAMP,- yellow: `DRAMP`
models/ADCIRC/source-analysis/adcirc-fort15-checklist-v1.md,119,symbol,,,,TAU0,"- red for baseline preservation, later stability candidate: `TAU0`"
models/ADCIRC/source-analysis/adcirc-fort15-checklist-v1.md,123,symbol,,,,TAU0,- does `TAU0` stay within a sensible range for this case?
models/ADCIRC/source-analysis/adcirc-fort15-checklist-v1.md,124,symbol,,,,NOLIFA,- does `H0` make sense given `NOLIFA` and drying behavior?
models/ADCIRC/source-analysis/adcirc-fort15-checklist-v1.md,127,symbol,,,,TAU0,- docs state typical positive `TAU0` values are often in the `0.005` to `0.1` range <!-- source-
models/ADCIRC/source-analysis/adcirc-fort15-checklist-v1.md,128,symbol,,,,tau0,"ould consider CFL, element quality, nonlinear features, and `tau0` <!-- source-needed: 'FAQ' 익명 출처 — adcirc.org FAQ/wiki 페이지 링"
models/ADCIRC/source-analysis/adcirc-fort15-checklist-v1.md,133,symbol,,,,NTIP,- `NTIP`
models/ADCIRC/source-analysis/adcirc-fort15-checklist-v1.md,134,symbol,,,,NWS,- `NWS`
models/ADCIRC/source-analysis/adcirc-fort15-checklist-v1.md,135,symbol,,,,NRAMP,- `NRAMP`
models/ADCIRC/source-analysis/adcirc-fort15-checklist-v1.md,136,symbol,,,,NTIF,- `NTIF`
models/ADCIRC/source-analysis/adcirc-fort15-checklist-v1.md,137,symbol,,,,NBFR,- `NBFR`
models/ADCIRC/source-analysis/adcirc-fort15-checklist-v1.md,152,symbol,,,,NRAMP,- yellow later: `NRAMP`
models/ADCIRC/source-analysis/adcirc-fort15-checklist-v1.md,153,symbol,,,,NWS,"- red early: `NWS`, `NBFR`, tidal constituent setup"
models/ADCIRC/source-analysis/adcirc-fort15-checklist-v1.md,153,symbol,,,,NBFR,"- red early: `NWS`, `NBFR`, tidal constituent setup"
models/ADCIRC/source-analysis/adcirc-fort15-checklist-v1.md,184,symbol,,,,ITITER,"- algebraic solution parameters such as `ITITER`, `ISLDIA`, `CONVCR`, `ITMAX`"
models/ADCIRC/source-analysis/adcirc-fort15-checklist-v1.md,184,symbol,,,,ISLDIA,"- algebraic solution parameters such as `ITITER`, `ISLDIA`, `CONVCR`, `ITMAX`"
models/ADCIRC/source-analysis/adcirc-fort15-checklist-v1.md,184,symbol,,,,CONVCR,"- algebraic solution parameters such as `ITITER`, `ISLDIA`, `CONVCR`, `ITMAX`"
models/ADCIRC/source-analysis/adcirc-fort15-checklist-v1.md,184,symbol,,,,ITMAX,"c solution parameters such as `ITITER`, `ISLDIA`, `CONVCR`, `ITMAX`"
models/ADCIRC/source-analysis/adcirc-fort15-checklist-v1.md,195,symbol,,,,ICS,- `ICS`
models/ADCIRC/source-analysis/adcirc-fort15-checklist-v1.md,197,symbol,,,,NOLIFA,- `NOLIFA`
models/ADCIRC/source-analysis/adcirc-fort15-checklist-v1.md,198,symbol,,,,NOLICA,- `NOLICA`
models/ADCIRC/source-analysis/adcirc-fort15-checklist-v1.md,199,symbol,,,,NOLICAT,- `NOLICAT`
models/ADCIRC/source-analysis/adcirc-fort15-checklist-v1.md,200,symbol,,,,NWS,- `NWS`
models/ADCIRC/source-analysis/adcirc-fort15-checklist-v1.md,201,symbol,,,,NBFR,- `NBFR`
models/ADCIRC/source-analysis/adcirc-fort15-checklist-v1.md,210,symbol,,,,RNDAY,- `RNDAY` for shorter debug runs
models/ADCIRC/source-analysis/adcirc-fort15-checklist-v1.md,211,symbol,,,,TAU0,- `TAU0` after `DT` sensitivity is understood
models/ADCIRC/source-analysis/adcirc-gwce-implementation.md,21,file,src/gwce.F,,,,- Primary routine: `GWCE_New` at `[file=src/gwce.F line=237]`. Rebuild gated by `NCIFBLCK` at `[file=src/gwce.
models/ADCIRC/source-analysis/adcirc-gwce-implementation.md,21,file,src/gwce.F,,,,rc/gwce.F line=237]`. Rebuild gated by `NCIFBLCK` at `[file=src/gwce.F line=427]` (`IF(NCChange.GT.0 .or. CGWCE_HDP)`).
models/ADCIRC/source-analysis/adcirc-gwce-implementation.md,21,symbol,,,,GWCE_New,- Primary routine: `GWCE_New` at `[file=src/gwce.F line=237]`. Rebuild gated by `NCIFBLCK
models/ADCIRC/source-analysis/adcirc-gwce-implementation.md,21,symbol,,,,NCIFBLCK,GWCE_New` at `[file=src/gwce.F line=237]`. Rebuild gated by `NCIFBLCK` at `[file=src/gwce.F line=427]` (`IF(NCChange.GT.0 .or. CGW
models/ADCIRC/source-analysis/adcirc-gwce-implementation.md,22,file,src/gwce.F,,,,- Lumping weights at `[file=src/gwce.F line=418-420]`:
models/ADCIRC/source-analysis/adcirc-gwce-implementation.md,25,file,src/gwce.F,,,,"- Mass + tau0 factors at `[file=src/gwce.F line=538-540]`: `MsFacLOnDiag`, `MsFacLOffDiag`"
models/ADCIRC/source-analysis/adcirc-gwce-implementation.md,25,symbol,,,,MsFacLOnDiag,"- Mass + tau0 factors at `[file=src/gwce.F line=538-540]`: `MsFacLOnDiag`, `MsFacLOffDiag`"
models/ADCIRC/source-analysis/adcirc-gwce-implementation.md,25,symbol,,,,MsFacLOffDiag,"actors at `[file=src/gwce.F line=538-540]`: `MsFacLOnDiag`, `MsFacLOffDiag`"
models/ADCIRC/source-analysis/adcirc-gwce-implementation.md,26,file,src/gwce.F,,,, `GA00DPAvgOAreaIE4*FDX/FDY` products into `Coef` at `[file=src/gwce.F line=564-592]`
models/ADCIRC/source-analysis/adcirc-gwce-implementation.md,26,symbol,,,,Coef,adient stiffness: `GA00DPAvgOAreaIE4*FDX/FDY` products into `Coef` at `[file=src/gwce.F line=564-592]`
models/ADCIRC/source-analysis/adcirc-gwce-implementation.md,27,file,src/gwce.F,,,,"ar` enters via `Tau0Avg[_S]` in mass-like factors at `[file=src/gwce.F line=517, 538-539, 607, 623]` — affects both consistent and"
models/ADCIRC/source-analysis/adcirc-gwce-implementation.md,27,symbol,,,,Tau0Var,- Friction/`Tau0Var` enters via `Tau0Avg[_S]` in mass-like factors at `[file=src
models/ADCIRC/source-analysis/adcirc-gwce-implementation.md,28,file,src/gwce.F,,,,- LHS assembly at `[file=src/gwce.F line=429-636]` (`Coef`/`Coefd`)
models/ADCIRC/source-analysis/adcirc-gwce-implementation.md,28,symbol,,,,Coef,- LHS assembly at `[file=src/gwce.F line=429-636]` (`Coef`/`Coefd`)
models/ADCIRC/source-analysis/adcirc-gwce-implementation.md,28,symbol,,,,Coefd,- LHS assembly at `[file=src/gwce.F line=429-636]` (`Coef`/`Coefd`)
models/ADCIRC/source-analysis/adcirc-gwce-implementation.md,29,file,src/gwce.F,,,,- RHS forcing assembly at `[file=src/gwce.F line=998-1617]`
models/ADCIRC/source-analysis/adcirc-gwce-implementation.md,30,file,src/gwce.F,,,,- Boundary elimination modifies LHS at `[file=src/gwce.F line=638-673]`; RHS compensation via `OBCCoef` at `[file=sr
models/ADCIRC/source-analysis/adcirc-gwce-implementation.md,30,file,src/gwce.F,,,,.F line=638-673]`; RHS compensation via `OBCCoef` at `[file=src/gwce.F line=1846-1854]`
models/ADCIRC/source-analysis/adcirc-gwce-implementation.md,30,symbol,,,,OBCCoef,S at `[file=src/gwce.F line=638-673]`; RHS compensation via `OBCCoef` at `[file=src/gwce.F line=1846-1854]`
models/ADCIRC/source-analysis/adcirc-gwce-implementation.md,31,file,src/gwce.F,,,,"- `ILump` switch points: `[file=src/gwce.F line=141, 430, 455, 595, 709, 1846, 1856]`"
models/ADCIRC/source-analysis/adcirc-gwce-implementation.md,31,symbol,,,,ILump,"- `ILump` switch points: `[file=src/gwce.F line=141, 430, 455, 595, 7"
models/ADCIRC/source-analysis/adcirc-gwce-implementation.md,32,file,src/gwce.F,,,,loc_main11` (consistent) vs `alloc_main11_lumped` at `[file=src/gwce.F line=141-154]`
models/ADCIRC/source-analysis/adcirc-gwce-implementation.md,32,symbol,,,,alloc_main11,- Memory allocation: `alloc_main11` (consistent) vs `alloc_main11_lumped` at `[file=src/gwce.F 
models/ADCIRC/source-analysis/adcirc-gwce-implementation.md,32,symbol,,,,alloc_main11_lumped,- Memory allocation: `alloc_main11` (consistent) vs `alloc_main11_lumped` at `[file=src/gwce.F line=141-154]`
models/ADCIRC/source-analysis/adcirc-gwce-implementation.md,36,file,src/gwce.F,,,,"- `DT` enters matrix terms directly at `[file=src/gwce.F line=538-539, 623, 1429, 1741, 1758]`"
models/ADCIRC/source-analysis/adcirc-gwce-implementation.md,37,file,src/adcirc.F,,,,- `DTDP` is for model clocking only at `[file=src/adcirc.F line=348]` and hotstart timing at `[file=src/hstart.F line=
models/ADCIRC/source-analysis/adcirc-gwce-implementation.md,37,file,src/hstart.F,,,,[file=src/adcirc.F line=348]` and hotstart timing at `[file=src/hstart.F line=719-720]` — **not** in GWCE matrix
models/ADCIRC/source-analysis/adcirc-gwce-implementation.md,37,symbol,,,,DTDP,- `DTDP` is for model clocking only at `[file=src/adcirc.F line=348]
models/ADCIRC/source-analysis/adcirc-gwce-implementation.md,38,file,src/gwce.F,,,,"-level state in `GWCE_New_pc`: `ETA0, ETA1, ETA2` at `[file=src/gwce.F line=2514-2522]`"
models/ADCIRC/source-analysis/adcirc-gwce-implementation.md,38,symbol,,,,GWCE_New_pc,"- Three-time-level state in `GWCE_New_pc`: `ETA0, ETA1, ETA2` at `[file=src/gwce.F line=2514-2522]`"
models/ADCIRC/source-analysis/adcirc-gwce-implementation.md,39,file,src/gwce.F,,,,C00` (n-1) + `(A00+B00)` (n) for free-surface RHS at `[file=src/gwce.F line=1540-1543]`; corrector at `[file=src/gwce.F line=2851-
models/ADCIRC/source-analysis/adcirc-gwce-implementation.md,39,file,src/gwce.F,,,, at `[file=src/gwce.F line=1540-1543]`; corrector at `[file=src/gwce.F line=2851-2852]`
models/ADCIRC/source-analysis/adcirc-gwce-implementation.md,39,symbol,,,,C00,- Time weighting: `C00` (n-1) + `(A00+B00)` (n) for free-surface RHS at `[file=src/
models/ADCIRC/source-analysis/adcirc-gwce-implementation.md,40,file,src/gwce.F,,,,"ft each step: `Eta1=Eta2`, optionally `Eta0=Eta1` at `[file=src/gwce.F line=1622-1631]`"
models/ADCIRC/source-analysis/adcirc-gwce-implementation.md,41,file,src/gwce.F,,,,- ETA2 update at `[file=src/gwce.F line=2007]` or `[file=src/gwce.F line=2020]`
models/ADCIRC/source-analysis/adcirc-gwce-implementation.md,41,file,src/gwce.F,,,,- ETA2 update at `[file=src/gwce.F line=2007]` or `[file=src/gwce.F line=2020]`
models/ADCIRC/source-analysis/adcirc-gwce-implementation.md,43,file,src/gwce.F,,,,"y `FTHETA` is a friction-law exponent (corrector) at `[file=src/gwce.F line=2477-2482]`, not time-weighting."
models/ADCIRC/source-analysis/adcirc-gwce-implementation.md,43,symbol,,,,Theta,**No semi-implicit `Theta` parameter.** The only `FTHETA` is a friction-law exponent (
models/ADCIRC/source-analysis/adcirc-gwce-implementation.md,43,symbol,,,,FTHETA,**No semi-implicit `Theta` parameter.** The only `FTHETA` is a friction-law exponent (corrector) at `[file=src/gwce.F
models/ADCIRC/source-analysis/adcirc-gwce-implementation.md,47,file,src/gwce.F,,,,- Consistent mass (`ILump=0`): `JCG` at `[file=src/gwce.F line=2001-2004]`
models/ADCIRC/source-analysis/adcirc-gwce-implementation.md,47,symbol,,,,JCG,- Consistent mass (`ILump=0`): `JCG` at `[file=src/gwce.F line=2001-2004]`
models/ADCIRC/source-analysis/adcirc-gwce-implementation.md,48,file,src/gwce.F,,,," mass: bypass Krylov, explicit diagonal inversion at `[file=src/gwce.F line=2010-2017]`"
models/ADCIRC/source-analysis/adcirc-gwce-implementation.md,49,file,src/gwce.F,,,,"- `ITMAX` cap: `IPARM(1)=ITMAX` at `[file=src/gwce.F line=146]`, `[file=src/gwce.F line=2002]`"
models/ADCIRC/source-analysis/adcirc-gwce-implementation.md,49,file,src/gwce.F,,,,"p: `IPARM(1)=ITMAX` at `[file=src/gwce.F line=146]`, `[file=src/gwce.F line=2002]`"
models/ADCIRC/source-analysis/adcirc-gwce-implementation.md,49,symbol,,,,ITMAX,"- `ITMAX` cap: `IPARM(1)=ITMAX` at `[file=src/gwce.F line=146]`, `[fi"
models/ADCIRC/source-analysis/adcirc-gwce-implementation.md,50,file,src/gwce.F,,,,- Convergence tolerance: `RPARM(1)=CONVCR` at `[file=src/gwce.F line=150]`
models/ADCIRC/source-analysis/adcirc-gwce-implementation.md,51,file,src/gwce.F,,,,unt returned in `IPARM(1)` → captured as `NUMITR` at `[file=src/gwce.F line=2005]`
models/ADCIRC/source-analysis/adcirc-gwce-implementation.md,51,symbol,,,,NUMITR,- Iteration count returned in `IPARM(1)` → captured as `NUMITR` at `[file=src/gwce.F line=2005]`
models/ADCIRC/source-analysis/adcirc-gwce-implementation.md,55,file,src/gwce.F,,,," += EMO*FF*RampElev*cos(AMIG*timeh + FACE - EFA)` at `[file=src/gwce.F line=1638-1650]`, driven by `NBFR`"
models/ADCIRC/source-analysis/adcirc-gwce-implementation.md,55,symbol,,,,NBFR,"CE - EFA)` at `[file=src/gwce.F line=1638-1650]`, driven by `NBFR`"
models/ADCIRC/source-analysis/adcirc-gwce-implementation.md,56,file,src/gwce.F,,,,- Aperiodic `fort.19` interpolation at `[file=src/gwce.F line=1659-1673]` using `ESBIN1/ESBIN2`
models/ADCIRC/source-analysis/adcirc-gwce-implementation.md,57,file,src/gwce.F,,,,"NBD, NBV, LBCODEI`) consumed via `USE BOUNDARIES` at `[file=src/gwce.F line=270-271]`, `[file=src/cstart.F line=64]`, `[file=src/h"
models/ADCIRC/source-analysis/adcirc-gwce-implementation.md,57,file,src/cstart.F,,,,"USE BOUNDARIES` at `[file=src/gwce.F line=270-271]`, `[file=src/cstart.F line=64]`, `[file=src/hstart.F line=58]`"
models/ADCIRC/source-analysis/adcirc-gwce-implementation.md,57,file,src/hstart.F,,,,"wce.F line=270-271]`, `[file=src/cstart.F line=64]`, `[file=src/hstart.F line=58]`"
models/ADCIRC/source-analysis/adcirc-gwce-implementation.md,58,file,src/gwce.F,,,,"tion / gradient boundary fluxes contribute to RHS at `[file=src/gwce.F line=1725-1834]`, per-`LBCODEI` formulas, `Tau0Var` couplin"
models/ADCIRC/source-analysis/adcirc-gwce-implementation.md,58,file,src/gwce.F,,,,"834]`, per-`LBCODEI` formulas, `Tau0Var` coupling at `[file=src/gwce.F line=1740-1764, 1782-1805]`"
models/ADCIRC/source-analysis/adcirc-gwce-implementation.md,58,symbol,,,,LBCODEI,"ontribute to RHS at `[file=src/gwce.F line=1725-1834]`, per-`LBCODEI` formulas, `Tau0Var` coupling at `[file=src/gwce.F line=1740"
models/ADCIRC/source-analysis/adcirc-gwce-implementation.md,58,symbol,,,,Tau0Var,"`[file=src/gwce.F line=1725-1834]`, per-`LBCODEI` formulas, `Tau0Var` coupling at `[file=src/gwce.F line=1740-1764, 1782-1805]`"
models/ADCIRC/source-analysis/adcirc-gwce-implementation.md,59,file,src/gwce.F,,,,cified boundaries: row/column modification on LHS at `[file=src/gwce.F line=652-673]`; scaled RHS enforcement at `[file=src/gwce.F
models/ADCIRC/source-analysis/adcirc-gwce-implementation.md,59,file,src/gwce.F,,,,src/gwce.F line=652-673]`; scaled RHS enforcement at `[file=src/gwce.F line=1840-1861]`
models/ADCIRC/source-analysis/adcirc-gwce-implementation.md,60,file,src/gwce.F,,,,"- No-flux land suppression via `NODECODE` masking at `[file=src/gwce.F line=474-477, 1010-1015]`; dry/landlocked nodes init in col"
models/ADCIRC/source-analysis/adcirc-gwce-implementation.md,60,file,src/cstart.F,,,,"0-1015]`; dry/landlocked nodes init in cold start at `[file=src/cstart.F line=1221-1223, 1258-1260]`"
models/ADCIRC/source-analysis/adcirc-gwce-implementation.md,60,symbol,,,,NODECODE,"- No-flux land suppression via `NODECODE` masking at `[file=src/gwce.F line=474-477, 1010-1015]`; dry"
models/ADCIRC/source-analysis/adcirc-gwce-implementation.md,64,file,src/adcirc.F,,,,- Reader: `readSelfAttractionAndLoadingFile` at `[file=src/adcirc.F line=292-293]` — comment notes `fort.24`
models/ADCIRC/source-analysis/adcirc-gwce-implementation.md,64,symbol,,,,readSelfAttractionAndLoadingFile,- Reader: `readSelfAttractionAndLoadingFile` at `[file=src/adcirc.F line=292-293]` — comment notes `fort
models/ADCIRC/source-analysis/adcirc-gwce-implementation.md,65,file,src/hstart.F,,,," start: `+ SALTMUL * SALTAMP(J,I) * COS(ARGSALT)` at `[file=src/hstart.F line=1522, 1530-1532]`"
models/ADCIRC/source-analysis/adcirc-gwce-implementation.md,66,file,src/gwce.F,,,,"- GWCE consumes via `TiP1`/`TiPN*` at `[file=src/gwce.F line=1181-1184]`, used in forcing gradients at `[file=src/g"
models/ADCIRC/source-analysis/adcirc-gwce-implementation.md,66,file,src/gwce.F,,,,"wce.F line=1181-1184]`, used in forcing gradients at `[file=src/gwce.F line=1450-1452, 1462-1464]`"
models/ADCIRC/source-analysis/adcirc-gwce-implementation.md,66,symbol,,,,TiP1,"- GWCE consumes via `TiP1`/`TiPN*` at `[file=src/gwce.F line=1181-1184]`, used in forc"
models/ADCIRC/source-analysis/adcirc-gwce-implementation.md,71,file,src/gwce.F,,,,"ment wet/dry mask: `NCELE = NC1*NC2*NC3*NOFF(IE)` at `[file=src/gwce.F line=477, 605, 1015, 1074]`"
models/ADCIRC/source-analysis/adcirc-gwce-implementation.md,73,file,src/gwce.F,,,," wetting/drying: `wetFracVertETA1/2` modifies LHS at `[file=src/gwce.F line=465-473, 541-547]` and RHS at `[file=src/gwce.F line=1"
models/ADCIRC/source-analysis/adcirc-gwce-implementation.md,73,file,src/gwce.F,,,,"`[file=src/gwce.F line=465-473, 541-547]` and RHS at `[file=src/gwce.F line=1055-1063, 1436-1439]`"
models/ADCIRC/source-analysis/adcirc-gwce-implementation.md,74,file,src/cstart.F,,,,"- Initial dry-node logic in cold start: `[file=src/cstart.F line=1221-1231, 1258-1268]`"
models/ADCIRC/source-analysis/adcirc-gwce-implementation.md,75,symbol,,,,NODECODE,-node check inside GWCE — purely multiplicative masking via `NODECODE`
models/ADCIRC/source-analysis/adcirc-gwce-implementation.md,81,file-line,gwce.F,538,592,,n interaction | Check `Tau0Var` + `FRIC` flow into `Coef` (`gwce.F:538-592`) |
models/ADCIRC/source-analysis/adcirc-gwce-implementation.md,81,symbol,,,,Tau0Var,-gradient term + tau0 + bottom-friction interaction | Check `Tau0Var` + `FRIC` flow into `Coef` (`gwce.F:538-592`) |
models/ADCIRC/source-analysis/adcirc-gwce-implementation.md,81,symbol,,,,FRIC,rm + tau0 + bottom-friction interaction | Check `Tau0Var` + `FRIC` flow into `Coef` (`gwce.F:538-592`) |
models/ADCIRC/source-analysis/adcirc-gwce-implementation.md,81,symbol,,,,Coef,m-friction interaction | Check `Tau0Var` + `FRIC` flow into `Coef` (`gwce.F:538-592`) |
models/ADCIRC/source-analysis/adcirc-gwce-implementation.md,82,symbol,,,,NUMITR,tion count high | poor preconditioning or stiff diagonals | `NUMITR` in stdout; tighten `CONVCR` |
models/ADCIRC/source-analysis/adcirc-gwce-implementation.md,82,symbol,,,,CONVCR,nditioning or stiff diagonals | `NUMITR` in stdout; tighten `CONVCR` |
models/ADCIRC/source-analysis/adcirc-gwce-implementation.md,83,file-line,gwce.F,1638,1650,,ide block format wrong in fort.15 | `NBFR` block mismatch (`gwce.F:1638-1650`) |
models/ADCIRC/source-analysis/adcirc-gwce-implementation.md,83,symbol,,,,NBFR,| Boundary spike | tide block format wrong in fort.15 | `NBFR` block mismatch (`gwce.F:1638-1650`) |
models/ADCIRC/source-analysis/adcirc-gwce-implementation.md,84,file-line,gwce.F,477,,,| Mass loss at wet/dry front | `NCELE` masking issue | `gwce.F:477` dry-element zeroing |
models/ADCIRC/source-analysis/adcirc-gwce-implementation.md,84,symbol,,,,NCELE,| Mass loss at wet/dry front | `NCELE` masking issue | `gwce.F:477` dry-element zeroing |
models/ADCIRC/source-analysis/adcirc-gwce-implementation.md,88,file,read_input.F,,,,ide the matrix.** They're equal in standard runs but check `read_input.F` if customizing.
models/ADCIRC/source-analysis/adcirc-gwce-implementation.md,88,symbol,,,,DTDP,1. **`DT` not `DTDP` is the GWCE time step inside the matrix.** They're equal in
models/ADCIRC/source-analysis/adcirc-gwce-implementation.md,90,symbol,,,,Tau0Var,"3. **`Tau0Var` enters mass factors, not friction directly.** It weights th"
models/ADCIRC/source-analysis/adcirc-gwce-implementation.md,90,symbol,,,,FRIC,tly.** It weights the GWCE matrix; friction is separate via `FRIC` from Manning conversion.
models/ADCIRC/source-analysis/adcirc-gwce-implementation.md,92,symbol,,,,ITMAX," **NUMITR > 50 iteration suggests stiff matrix** — increase `ITMAX`, tighten mesh, or check very-shallow elements."
models/ADCIRC/source-analysis/adcirc-gwce-implementation.md,97,file-line,read_input.F,3431,3456,,LEVALPHA wrong** — phases shifted across NBFR block; check `read_input.F:3431-3456` parse order.
models/ADCIRC/source-analysis/adcirc-gwce-implementation.md,98,symbol,,,,ILump,- **Hot-restart with different `ILump`** — matrix shape differs; restart fails or silently runs lu
models/ADCIRC/source-analysis/adcirc-gwce-implementation.md,103,file,src/gwce.F,,,,- `src/gwce.F` — main solver.
models/ADCIRC/source-analysis/adcirc-gwce-implementation.md,104,file,src/momentum.F,,,,- `src/momentum.F` — companion momentum equations.
models/ADCIRC/source-analysis/adcirc-gwce-implementation.md,105,file,src/cstart.F,,,,- `src/cstart.F` / `src/hstart.F` — cold/hot start paths.
models/ADCIRC/source-analysis/adcirc-gwce-implementation.md,105,file,src/hstart.F,,,,- `src/cstart.F` / `src/hstart.F` — cold/hot start paths.
models/ADCIRC/source-analysis/adcirc-gwce-implementation.md,106,file,src/adcirc.F,,,,"- `src/adcirc.F` — high-level driver, NTIP/SAL init."
models/ADCIRC/source-analysis/adcirc-hotstart.md,15,symbol,,,,IHOT,"How ADCIRC reads and writes hot-start state via `IHOT` (cold/binary/NetCDF dispatch), the exact byte-level structu"
models/ADCIRC/source-analysis/adcirc-hotstart.md,15,symbol,,,,TimeLoc,"domain mapping, and how meteorological forcing re-aligns to `TimeLoc` after restart. Use this when chaining storm hindcasts, debu"
models/ADCIRC/source-analysis/adcirc-hotstart.md,19,file-line,read_input.F,1050,1075,,"- `read_input.F:1050-1075, 4504-4544` — `IHOT`, `NHSTAR`, `NHSINC` reads."
models/ADCIRC/source-analysis/adcirc-hotstart.md,19,symbol,,,,IHOT,"- `read_input.F:1050-1075, 4504-4544` — `IHOT`, `NHSTAR`, `NHSINC` reads."
models/ADCIRC/source-analysis/adcirc-hotstart.md,19,symbol,,,,NHSTAR,"- `read_input.F:1050-1075, 4504-4544` — `IHOT`, `NHSTAR`, `NHSINC` reads."
models/ADCIRC/source-analysis/adcirc-hotstart.md,19,symbol,,,,NHSINC,"- `read_input.F:1050-1075, 4504-4544` — `IHOT`, `NHSTAR`, `NHSINC` reads."
models/ADCIRC/source-analysis/adcirc-hotstart.md,20,file-line,adcirc.F,316,322,,- `adcirc.F:316-322` — top-level dispatch.
models/ADCIRC/source-analysis/adcirc-hotstart.md,21,file-line,hstart.F,47,3048,,"- `hstart.F:47-3048` — main reader, mappers, 3D reader."
models/ADCIRC/source-analysis/adcirc-hotstart.md,22,file-line,write_output.F,4429,,,"- `write_output.F:4429, 4920-5374` — binary writer, full vs local."
models/ADCIRC/source-analysis/adcirc-hotstart.md,23,file-line,writer.F,1069,,,"- `writer.F:1069`, `vsmy.F:3254, 3531-3778` — dedicated writers, 3D."
models/ADCIRC/source-analysis/adcirc-hotstart.md,23,file-line,vsmy.F,3254,,,"- `writer.F:1069`, `vsmy.F:3254, 3531-3778` — dedicated writers, 3D."
models/ADCIRC/source-analysis/adcirc-hotstart.md,24,file-line,netcdfio.F90,3866,9188,,"- `netcdfio.F90:3866-9188` — NetCDF naming, definitions, read/write."
models/ADCIRC/source-analysis/adcirc-hotstart.md,25,file-line,timestep.F,1192,1211,,- `timestep.F:1192-1211` — runtime hot-start trigger.
models/ADCIRC/source-analysis/adcirc-hotstart.md,26,file-line,wind.F,2170,2970,,- `wind.F:2170-2970` — meteorological re-alignment per NWS.
models/ADCIRC/source-analysis/adcirc-hotstart.md,30,file-line,read_input.F,1050,1053,,`IHOT` is read from `fort.15` (`read_input.F:1050-1053`).
models/ADCIRC/source-analysis/adcirc-hotstart.md,30,symbol,,,,IHOT,`IHOT` is read from `fort.15` (`read_input.F:1050-1053`).
models/ADCIRC/source-analysis/adcirc-hotstart.md,32,symbol,,,,IHOT,| `IHOT` | Mode | File | Reader |
models/ADCIRC/source-analysis/adcirc-hotstart.md,34,file-line,adcirc.F,316,319,,| `0` | Cold start | (none) | `COLDSTART()` (`adcirc.F:316-319`) |
models/ADCIRC/source-analysis/adcirc-hotstart.md,35,file-line,hstart.F,242,253,,| `17` | ASCII initial | `fort.17` | `HOTSTART()` (`hstart.F:242-253`) |
models/ADCIRC/source-analysis/adcirc-hotstart.md,36,file-line,hstart.F,452,465,,| `67` | Binary | `fort.67` | `HOTSTART()` (`hstart.F:452-465`) |
models/ADCIRC/source-analysis/adcirc-hotstart.md,38,file-line,hstart.F,673,690,,sic | `fort.67.nc` / `fort.68.nc` | `readNetCDFHotstart*` (`hstart.F:673-690`) |
models/ADCIRC/source-analysis/adcirc-hotstart.md,41,file-line,read_input.F,1063,1075,,"to unit/file `68`, and vice versa (alternating ping-pong) (`read_input.F:1063-1075`)."
models/ADCIRC/source-analysis/adcirc-hotstart.md,45,file-line,hstart.F,485,492,,"Direct-access, `RECL=8` (`hstart.F:485-492`, `write_output.F:4920-4923`)."
models/ADCIRC/source-analysis/adcirc-hotstart.md,45,file-line,write_output.F,4920,4923,,"Direct-access, `RECL=8` (`hstart.F:485-492`, `write_output.F:4920-4923`)."
models/ADCIRC/source-analysis/adcirc-hotstart.md,47,file-line,write_output.F,4922,4931,,**Header order** (`write_output.F:4922-4931`):
models/ADCIRC/source-analysis/adcirc-hotstart.md,70,file-line,hstart.F,506,668,,Reader mirror at `hstart.F:506-668` (header → 2D → counters → 3D → harmonic).
models/ADCIRC/source-analysis/adcirc-hotstart.md,72,file,hstart.F,,,,## C. hstart.F entry points
models/ADCIRC/source-analysis/adcirc-hotstart.md,76,file-line,hstart.F,47,,,| `HOTSTART()` (main 2D reader) | `hstart.F:47` |
models/ADCIRC/source-analysis/adcirc-hotstart.md,78,symbol,,,,readAndMapToSubdomain2D,| `readAndMapToSubdomain2D` (real 2D mapper) | `:2827` |
models/ADCIRC/source-analysis/adcirc-hotstart.md,83,file,hstart.F,,,,Write-side **not in `hstart.F`**:
models/ADCIRC/source-analysis/adcirc-hotstart.md,84,file-line,write_output.F,4429,,,"- 2D: `writeHotstart(TimeLoc, IT)` in `write_output.F:4429`."
models/ADCIRC/source-analysis/adcirc-hotstart.md,85,file-line,writer.F,1069,,,- Dedicated writer: `writeHotstart_through_HSwriter` in `writer.F:1069`.
models/ADCIRC/source-analysis/adcirc-hotstart.md,85,symbol,,,,writeHotstart_through_HSwriter,- Dedicated writer: `writeHotstart_through_HSwriter` in `writer.F:1069`.
models/ADCIRC/source-analysis/adcirc-hotstart.md,86,file-line,vsmy.F,3254,,,- 3D: `HSTART3D_OUT(IT)` in `vsmy.F:3254`.
models/ADCIRC/source-analysis/adcirc-hotstart.md,90,file-line,netcdfio.F90,3866,3871,,aming: `fort.67.nc` or `fort.68.nc` based on unit `67/68` (`netcdfio.F90:3866-3871`).
models/ADCIRC/source-analysis/adcirc-hotstart.md,92,symbol,,,,initNetCDFHotstart,Setup `initNetCDFHotstart` (`:5241`); defines variables (`:5290-5519`):
models/ADCIRC/source-analysis/adcirc-hotstart.md,99,symbol,,,,time,"Read opens `fort.<lun>.nc`, reads `time`, then maps state (`:7904-8216`)."
models/ADCIRC/source-analysis/adcirc-hotstart.md,100,symbol,,,,readNetCDFHotstart3D,3D NetCDF: `readNetCDFHotstart3D` (`:9188`).
models/ADCIRC/source-analysis/adcirc-hotstart.md,104,file-line,read_input.F,4504,4508,,Read together (`read_input.F:4504-4508`):
models/ADCIRC/source-analysis/adcirc-hotstart.md,106,symbol,,,,NHSTAR,| `NHSTAR` | Behavior |
models/ADCIRC/source-analysis/adcirc-hotstart.md,116,file-line,timestep.F,1192,1197,,"Trigger (`timestep.F:1192-1197`): hot-start fires when `IT` is exact multiple of `NHSINC`,"
models/ADCIRC/source-analysis/adcirc-hotstart.md,116,symbol,,,,NHSINC,"1192-1197`): hot-start fires when `IT` is exact multiple of `NHSINC`, or when `-IHOT==IT` (special end-of-run case)."
models/ADCIRC/source-analysis/adcirc-hotstart.md,122,file-line,hstart.F,526,536,,"| `ETA1, ETA2, EtaDisc` | `hstart.F:526-536` | `write_output.F:4935-4945` |"
models/ADCIRC/source-analysis/adcirc-hotstart.md,122,file-line,write_output.F,4935,4945,,"| `ETA1, ETA2, EtaDisc` | `hstart.F:526-536` | `write_output.F:4935-4945` |"
models/ADCIRC/source-analysis/adcirc-hotstart.md,123,file-line,hstart.F,529,533,,` | NetCDF only; binary recomputes from `DP + IFNLFA*ETA` (`hstart.F:529-533`) | `netcdfio.F90:5357-5380` |
models/ADCIRC/source-analysis/adcirc-hotstart.md,123,file-line,netcdfio.F90,5357,5380,,y recomputes from `DP + IFNLFA*ETA` (`hstart.F:529-533`) | `netcdfio.F90:5357-5380` |
models/ADCIRC/source-analysis/adcirc-hotstart.md,127,file-line,vsmy.F,3531,3778,,"/VV, BSX/BSY, Q, WZ, q20, l, SigT/Sal/Temp` | `:568-645` | `vsmy.F:3531-3778` |"
models/ADCIRC/source-analysis/adcirc-hotstart.md,127,symbol,,,,C3D,"| 3D state (if `C3D`): `DUU/DUV/DVV, UU/VV, BSX/BSY, Q, WZ, q20, l, SigT/Sal/Tem"
models/ADCIRC/source-analysis/adcirc-hotstart.md,128,symbol,,,,hotstartMeteorologicalForcing,| **Meteorology** | **NOT stored** — reconstructed via `hotstartMeteorologicalForcing` | — |
models/ADCIRC/source-analysis/adcirc-hotstart.md,130,file-line,hstart.F,1440,1444,,eserved** — reconstructed at `TimeLoc` from forcing files (`hstart.F:1440-1444`).
models/ADCIRC/source-analysis/adcirc-hotstart.md,130,symbol,,,,TimeLoc,Meteorology is **not preserved** — reconstructed at `TimeLoc` from forcing files (`hstart.F:1440-1444`).
models/ADCIRC/source-analysis/adcirc-hotstart.md,138,file-line,netcdfio.F90,8109,8158,,tCDF maps file variables to current subdomain index lists (`netcdfio.F90:8109-8158`).
models/ADCIRC/source-analysis/adcirc-hotstart.md,144,file-line,hstart.F,1442,1444,,sitions time-dependent forcing using `TimeLoc` and `ITHS` (`hstart.F:1442-1444`).
models/ADCIRC/source-analysis/adcirc-hotstart.md,144,symbol,,,,HOTSTART,"After dynamic state read, `HOTSTART` repositions time-dependent forcing using `TimeLoc` and `ITH"
models/ADCIRC/source-analysis/adcirc-hotstart.md,144,symbol,,,,TimeLoc,"e read, `HOTSTART` repositions time-dependent forcing using `TimeLoc` and `ITHS` (`hstart.F:1442-1444`)."
models/ADCIRC/source-analysis/adcirc-hotstart.md,144,symbol,,,,ITHS,ART` repositions time-dependent forcing using `TimeLoc` and `ITHS` (`hstart.F:1442-1444`).
models/ADCIRC/source-analysis/adcirc-hotstart.md,146,symbol,,,,hotstartMeteorologicalForcing,"Inside `hotstartMeteorologicalForcing`, time interpolation explicitly reconstructed from `STATIM, "
models/ADCIRC/source-analysis/adcirc-hotstart.md,152,file-line,wind.F,2170,2192,,TIM*86400`; computes `WTRATIO = (TimeLoc-WTIME1)/WTIMINC` (`wind.F:2170-2192`) |
models/ADCIRC/source-analysis/adcirc-hotstart.md,154,symbol,,,,TimeLoc,| `-12` (negative) | Hot-start-relative `TimeLoc` |
models/ADCIRC/source-analysis/adcirc-hotstart.md,155,file-line,wind.F,2850,2862,,| `13` (NetCDF OWI) | Initialize at `TIMELOC` (`wind.F:2850-2862`) |
models/ADCIRC/source-analysis/adcirc-hotstart.md,155,symbol,,,,TIMELOC,| `13` (NetCDF OWI) | Initialize at `TIMELOC` (`wind.F:2850-2862`) |
models/ADCIRC/source-analysis/adcirc-hotstart.md,156,symbol,,,,TimeLoc,| `14` (GRIB2) | `TimeLoc` rounded down to nearest `WTIMINC`; `NWS14INIT` + 2 forcing 
models/ADCIRC/source-analysis/adcirc-hotstart.md,156,symbol,,,,WTIMINC,| `14` (GRIB2) | `TimeLoc` rounded down to nearest `WTIMINC`; `NWS14INIT` + 2 forcing snaps (`:2936-2970`) |
models/ADCIRC/source-analysis/adcirc-hotstart.md,156,symbol,,,,NWS14INIT,`14` (GRIB2) | `TimeLoc` rounded down to nearest `WTIMINC`; `NWS14INIT` + 2 forcing snaps (`:2936-2970`) |
models/ADCIRC/source-analysis/adcirc-hotstart.md,163,symbol,,,,NHSINC,"| Long hindcast with NetCDF | `IHOT=567`, `NHSTAR=5`, `NHSINC` proportional |"
models/ADCIRC/source-analysis/adcirc-hotstart.md,164,symbol,,,,NHSINC,"peak hot-start (specific time) | `NHSTAR=-1` (timestamped), `NHSINC` short around peak |"
models/ADCIRC/source-analysis/adcirc-hotstart.md,168,symbol,,,,TimeLoc,| Coupled ADCIRC+SWAN restart | Both must be at same `TimeLoc`; SWAN hot-file via `SwanHotStartUnit` |
models/ADCIRC/source-analysis/adcirc-hotstart.md,168,symbol,,,,SwanHotStartUnit,restart | Both must be at same `TimeLoc`; SWAN hot-file via `SwanHotStartUnit` |
models/ADCIRC/source-analysis/adcirc-hotstart.md,183,symbol,,,,NTIP,- ▢ Switching `NTIP` (tidal potential) between cold and hot — harmonic accumulat
models/ADCIRC/source-analysis/adcirc-hotstart.md,184,symbol,,,,NRS,- ▢ Switching `NRS` between cold and hot — RS arrays uninitialized.
models/ADCIRC/source-analysis/adcirc-hotstart.md,185,symbol,,,,IHOT,- ▢ Wrong `IHOT` value (`67` vs `367` confusion) — file format mismatch.
models/ADCIRC/source-analysis/adcirc-hotstart.md,188,file-line,netcdfio.F90,8017,8085,,- ▢ Coupled `NRS=3` NetCDF read — possible bug at `netcdfio.F90:8017-8085` (cited in source); test before relying.
models/ADCIRC/source-analysis/adcirc-itpack-solver.md,6,file,models/ADCIRC/raw/source_code/adcirc/src/itpackv.F,,,,"verification_method: ""models/ADCIRC/raw/source_code/adcirc/src/itpackv.F (2942) 직접 read — jcg(63 driver) + itjcg(459 1-iteration) + "
models/ADCIRC/source-analysis/adcirc-itpack-solver.md,6,file-line,gwce.F,2003,,,stop(721 수렴) + zbrent/eqrt1s(2521/1402 고유값) + dfault(1071). gwce.F:2003 CALL JCG + IPARM/RPARM(145-151) 인터페이스 file:line 인용. 원본 ITPA
models/ADCIRC/source-analysis/adcirc-itpack-solver.md,19,file,src/itpackv.F,,,,> `src/itpackv.F`(2942) 직접 read. [[adcirc-gwce-implementation]] §C 가 인터페이스(I
models/ADCIRC/source-analysis/adcirc-itpack-solver.md,19,file,itpackv.F,,,,행렬을 **ITPACKV 2D 의 JCG(Jacobi Conjugate Gradient)** 로 해. **`itpackv.F` 출처**(헤더 정확): 원본 ITPACKV 2D 코드(1990-01)는 **David Kincaid·Ro
models/ADCIRC/source-analysis/adcirc-itpack-solver.md,21,file-line,gwce.F,2003,,,## 1. 호출 인터페이스 (gwce.F:2003)
models/ADCIRC/source-analysis/adcirc-itpack-solver.md,28,symbol,,,,NEITAB,"- **희소 저장**: `COEF(MNP, MNEI)` + `NEITAB`(neighbor table) = ITPACKV 2D jagged-diagonal(ELLPACK 류) — 각"
models/ADCIRC/source-analysis/adcirc-itpack-solver.md,30,file-line,gwce.F,2010,,,"- **lumped mass**(`ILump=1`)는 JCG 우회 → 대각 explicit 역산(gwce.F:2010, [[adcirc-gwce-implementation]] §C)."
models/ADCIRC/source-analysis/adcirc-itpack-solver.md,36,symbol,,,,itjcg,`itjcg`(한 iteration) 핵심 루틴:
models/ADCIRC/source-analysis/adcirc-itpack-solver.md,37,symbol,,,,pjac,"- **`pjac`** (:1932) — Jacobi 전처리: 대각 D⁻¹ splitting (`M = D`, 정규화)."
models/ADCIRC/source-analysis/adcirc-itpack-solver.md,38,symbol,,,,pmult,- **`pmult`** (:1970) — 희소 matrix-vector 곱 `COEF·v`(NEITAB 기반).
models/ADCIRC/source-analysis/adcirc-itpack-solver.md,39,symbol,,,,gamma,"- **acceleration parameters** `gamma`·`rho` (CG 계수) — `parcon`(:1774) 계산, `chgcon`(:893) adaptive"
models/ADCIRC/source-analysis/adcirc-itpack-solver.md,39,symbol,,,,rho,"- **acceleration parameters** `gamma`·`rho` (CG 계수) — `parcon`(:1774) 계산, `chgcon`(:893) adaptive 갱신."
models/ADCIRC/source-analysis/adcirc-itpack-solver.md,39,symbol,,,,parcon,"- **acceleration parameters** `gamma`·`rho` (CG 계수) — `parcon`(:1774) 계산, `chgcon`(:893) adaptive 갱신."
models/ADCIRC/source-analysis/adcirc-itpack-solver.md,39,symbol,,,,chgcon,"on parameters** `gamma`·`rho` (CG 계수) — `parcon`(:1774) 계산, `chgcon`(:893) adaptive 갱신."
models/ADCIRC/source-analysis/adcirc-itpack-solver.md,45,symbol,,,,cme,- **`cme`/`sme`** = 최대/최소 고유값 추정 (largest/smallest eigenvalue of Jaco
models/ADCIRC/source-analysis/adcirc-itpack-solver.md,45,symbol,,,,sme,- **`cme`/`sme`** = 최대/최소 고유값 추정 (largest/smallest eigenvalue of Jacobi ite
models/ADCIRC/source-analysis/adcirc-itpack-solver.md,46,symbol,,,,zbrent,- `zbrent`(:2521 Brent 근찾기) + `eqrt1s`(:1402 대칭 삼중대각 고유값) → tri-diagon
models/ADCIRC/source-analysis/adcirc-itpack-solver.md,46,symbol,,,,eqrt1s,- `zbrent`(:2521 Brent 근찾기) + `eqrt1s`(:1402 대칭 삼중대각 고유값) → tri-diagonal(CG 가 생성하는 Lanczos T) 의 고유
models/ADCIRC/source-analysis/adcirc-itpack-solver.md,46,symbol,,,,cme,02 대칭 삼중대각 고유값) → tri-diagonal(CG 가 생성하는 Lanczos T) 의 고유값 → `cme` 갱신.
models/ADCIRC/source-analysis/adcirc-itpack-solver.md,47,symbol,,,,adapt,- switch: `adapt`(완전 adaptive)/`betadt`/`caseii`/`partad`(부분 adaptive). `ff` 
models/ADCIRC/source-analysis/adcirc-itpack-solver.md,47,symbol,,,,betadt,"- switch: `adapt`(완전 adaptive)/`betadt`/`caseii`/`partad`(부분 adaptive). `ff` = damping factor, `sig"
models/ADCIRC/source-analysis/adcirc-itpack-solver.md,47,symbol,,,,caseii,"- switch: `adapt`(완전 adaptive)/`betadt`/`caseii`/`partad`(부분 adaptive). `ff` = damping factor, `sige`/`specr"
models/ADCIRC/source-analysis/adcirc-itpack-solver.md,47,symbol,,,,partad,"- switch: `adapt`(완전 adaptive)/`betadt`/`caseii`/`partad`(부분 adaptive). `ff` = damping factor, `sige`/`specr` = spect"
models/ADCIRC/source-analysis/adcirc-itpack-solver.md,47,symbol,,,,sige,"adt`/`caseii`/`partad`(부분 adaptive). `ff` = damping factor, `sige`/`specr` = spectral radius."
models/ADCIRC/source-analysis/adcirc-itpack-solver.md,47,symbol,,,,specr,"aseii`/`partad`(부분 adaptive). `ff` = damping factor, `sige`/`specr` = spectral radius."
models/ADCIRC/source-analysis/adcirc-itpack-solver.md,52,symbol,,,,pstop,- `pstop`/`pstop_nrms`(:809) — stopping test: 상대 잔차/해 norm `‖δu‖/‖u‖ 
models/ADCIRC/source-analysis/adcirc-itpack-solver.md,52,symbol,,,,pstop_nrms,- `pstop`/`pstop_nrms`(:809) — stopping test: 상대 잔차/해 norm `‖δu‖/‖u‖ < zeta`(=RPAR
models/ADCIRC/source-analysis/adcirc-itpack-solver.md,52,symbol,,,,halt,ing test: 상대 잔차/해 norm `‖δu‖/‖u‖ < zeta`(=RPARM(1)=CONVCR). `halt`/`stptst` switch.
models/ADCIRC/source-analysis/adcirc-itpack-solver.md,52,symbol,,,,stptst,t: 상대 잔차/해 norm `‖δu‖/‖u‖ < zeta`(=RPARM(1)=CONVCR). `halt`/`stptst` switch.
models/ADCIRC/source-analysis/adcirc-itpack-solver.md,53,symbol,,,,IER,- 미수렴 시 `IER` 에러코드(ITMAX 초과 등). NUMITR 가 PRINT 로 모니터 → 발산 진단.
models/ADCIRC/source-analysis/adcirc-itpack-solver.md,57,symbol,,,,scal,- **`scal`/`unscal`** (:2281/:2424) — 대칭 scaling(diagonal normalizatio
models/ADCIRC/source-analysis/adcirc-itpack-solver.md,57,symbol,,,,unscal,- **`scal`/`unscal`** (:2281/:2424) — 대칭 scaling(diagonal normalization)으로 cond
models/ADCIRC/source-analysis/adcirc-itpack-solver.md,58,symbol,,,,prbndx,- **`prbndx`** (:2007) — red-black(b/w) reordering (SSOR/RS 계열용; JCG 엔 미
models/ADCIRC/source-analysis/adcirc-itpack-solver.md,59,symbol,,,,sbelm,- **`sbelm`** (:2225) — tol 이하 작은 원소 제거.
models/ADCIRC/source-analysis/adcirc-itpack-solver.md,60,symbol,,,,permat,- `permat`/`pervec`/`peror`(:1855/:1907/:607) — 행렬/벡터 permutation.
models/ADCIRC/source-analysis/adcirc-itpack-solver.md,60,symbol,,,,pervec,- `permat`/`pervec`/`peror`(:1855/:1907/:607) — 행렬/벡터 permutation.
models/ADCIRC/source-analysis/adcirc-itpack-solver.md,60,symbol,,,,peror,- `permat`/`pervec`/`peror`(:1855/:1907/:607) — 행렬/벡터 permutation.
models/ADCIRC/source-analysis/adcirc-itpack-solver.md,65,symbol,,,,pmult,"- **MPI**: 각 subdomain 이 자기 JCG 를 풀고, `pmult` 의 matvec 에 halo 교환 필요([[adcirc-parallel-implementation]] UP"
models/ADCIRC/source-analysis/adcirc-met-forcing-implementation.md,17,symbol,,,,NWS,"Where ADCIRC reads wind/pressure forcing, how `NWS` selects format, exact reader paths for NWS=2/12/13/14/15, w"
models/ADCIRC/source-analysis/adcirc-met-forcing-implementation.md,21,file,src/read_input.F,,,,- Top-level normalization at `[file=src/read_input.F line=1755-1774]`:
models/ADCIRC/source-analysis/adcirc-met-forcing-implementation.md,22,symbol,,,,NCICE,- Strips `1000`s ice flag → `NCICE`
models/ADCIRC/source-analysis/adcirc-met-forcing-implementation.md,23,symbol,,,,NRS,- Strips `100`s radiation-stress flag → `NRS`
models/ADCIRC/source-analysis/adcirc-met-forcing-implementation.md,24,symbol,,,,allowable_nws,"- Validates against `allowable_nws` (allows ±, +100i variants)"
models/ADCIRC/source-analysis/adcirc-met-forcing-implementation.md,25,file,src/wind.F,,,,"Cold-start init: `coldStartMeteorologicalForcing` at `[file=src/wind.F line=1811-2057]` (`IF(NWS...)` blocks for 1, ±2, 3, ±4, ±5,"
models/ADCIRC/source-analysis/adcirc-met-forcing-implementation.md,25,symbol,,,,coldStartMeteorologicalForcing,- Cold-start init: `coldStartMeteorologicalForcing` at `[file=src/wind.F line=1811-2057]` (`IF(NWS...)` blocks 
models/ADCIRC/source-analysis/adcirc-met-forcing-implementation.md,26,file,src/wind.F,,,,"ot-start runtime: `hotStartMeteorologicalForcing` at `[file=src/wind.F line=2135-3228]` (`SELECT CASE` for 0, 17 + IF blocks for t"
models/ADCIRC/source-analysis/adcirc-met-forcing-implementation.md,26,symbol,,,,hotStartMeteorologicalForcing,"- Hot-start runtime: `hotStartMeteorologicalForcing` at `[file=src/wind.F line=2135-3228]` (`SELECT CASE` for 0,"
models/ADCIRC/source-analysis/adcirc-met-forcing-implementation.md,27,file,src/read_input.F,,,,- Per-NWS print banner at `[file=src/read_input.F line=1825-2070]`
models/ADCIRC/source-analysis/adcirc-met-forcing-implementation.md,33,file-line,wind.F,2135,2146,,| 0 | (skip) | `wind.F:2135-2146` | `read_input.F:1819-1824` |
models/ADCIRC/source-analysis/adcirc-met-forcing-implementation.md,33,file-line,read_input.F,1819,1824,,| 0 | (skip) | `wind.F:2135-2146` | `read_input.F:1819-1824` |
models/ADCIRC/source-analysis/adcirc-met-forcing-implementation.md,34,file-line,wind.F,2149,2164,,| +1 | -- | `wind.F:2149-2164` | `read_input.F:1825-1832` |
models/ADCIRC/source-analysis/adcirc-met-forcing-implementation.md,34,file-line,read_input.F,1825,1832,,| +1 | -- | `wind.F:2149-2164` | `read_input.F:1825-1832` |
models/ADCIRC/source-analysis/adcirc-met-forcing-implementation.md,35,file-line,wind.F,2170,2201,,"| ±2 | -- | `wind.F:2170-2201` (NWS=2), `wind.F:2203-2217` (NWS=-2) | `read_input.F:1833-"
models/ADCIRC/source-analysis/adcirc-met-forcing-implementation.md,35,file-line,wind.F,2203,2217,,"| ±2 | -- | `wind.F:2170-2201` (NWS=2), `wind.F:2203-2217` (NWS=-2) | `read_input.F:1833-1852` |"
models/ADCIRC/source-analysis/adcirc-met-forcing-implementation.md,35,file-line,read_input.F,1833,1852,," `wind.F:2170-2201` (NWS=2), `wind.F:2203-2217` (NWS=-2) | `read_input.F:1833-1852` |"
models/ADCIRC/source-analysis/adcirc-met-forcing-implementation.md,36,file-line,wind.F,2223,2291,,| +3 | -- | `wind.F:2223-2291` | `read_input.F:1853-1864` |
models/ADCIRC/source-analysis/adcirc-met-forcing-implementation.md,36,file-line,read_input.F,1853,1864,,| +3 | -- | `wind.F:2223-2291` | `read_input.F:1853-1864` |
models/ADCIRC/source-analysis/adcirc-met-forcing-implementation.md,37,file-line,wind.F,2298,2346,,"| ±4 | -- | `wind.F:2298-2346, 2348-2381` | `read_input.F:1865-1890` |"
models/ADCIRC/source-analysis/adcirc-met-forcing-implementation.md,37,file-line,read_input.F,1865,1890,,"| ±4 | -- | `wind.F:2298-2346, 2348-2381` | `read_input.F:1865-1890` |"
models/ADCIRC/source-analysis/adcirc-met-forcing-implementation.md,38,file-line,wind.F,2387,2436,,"| ±5 | -- | `wind.F:2387-2436, 2438-2472` | `read_input.F:1891-1916` |"
models/ADCIRC/source-analysis/adcirc-met-forcing-implementation.md,38,file-line,read_input.F,1891,1916,,"| ±5 | -- | `wind.F:2387-2436, 2438-2472` | `read_input.F:1891-1916` |"
models/ADCIRC/source-analysis/adcirc-met-forcing-implementation.md,39,file-line,wind.F,2481,2526,,| +6 | -- | `wind.F:2481-2526` | `read_input.F:1917-1929` |
models/ADCIRC/source-analysis/adcirc-met-forcing-implementation.md,39,file-line,read_input.F,1917,1929,,| +6 | -- | `wind.F:2481-2526` | `read_input.F:1917-1929` |
models/ADCIRC/source-analysis/adcirc-met-forcing-implementation.md,40,file-line,wind.F,2535,2558,,"| ±7 | -- | `wind.F:2535-2558, 2560-2585` | `read_input.F:1933-1952` |"
models/ADCIRC/source-analysis/adcirc-met-forcing-implementation.md,40,file-line,read_input.F,1933,1952,,"| ±7 | -- | `wind.F:2535-2558, 2560-2585` | `read_input.F:1933-1952` |"
models/ADCIRC/source-analysis/adcirc-met-forcing-implementation.md,41,file-line,wind.F,2693,2741,,| +10 | -- | `wind.F:2693-2741` | `read_input.F:1976-1989` |
models/ADCIRC/source-analysis/adcirc-met-forcing-implementation.md,41,file-line,read_input.F,1976,1989,,| +10 | -- | `wind.F:2693-2741` | `read_input.F:1976-1989` |
models/ADCIRC/source-analysis/adcirc-met-forcing-implementation.md,42,file-line,wind.F,2751,2796,,| +11 | -- | `wind.F:2751-2796` | `read_input.F:1990-2002` |
models/ADCIRC/source-analysis/adcirc-met-forcing-implementation.md,42,file-line,read_input.F,1990,2002,,| +11 | -- | `wind.F:2751-2796` | `read_input.F:1990-2002` |
models/ADCIRC/source-analysis/adcirc-met-forcing-implementation.md,43,file-line,wind.F,2800,2848,,| ±12 | -- | `wind.F:2800-2848` | `read_input.F:2004-2031` |
models/ADCIRC/source-analysis/adcirc-met-forcing-implementation.md,43,file-line,read_input.F,2004,2031,,| ±12 | -- | `wind.F:2800-2848` | `read_input.F:2004-2031` |
models/ADCIRC/source-analysis/adcirc-met-forcing-implementation.md,44,file-line,wind.F,2852,2885,,"| ±13 | -- | `wind.F:2852-2885, 3032-3067` | `read_input.F:2658, 4671` |"
models/ADCIRC/source-analysis/adcirc-met-forcing-implementation.md,44,file-line,read_input.F,2658,,,"| ±13 | -- | `wind.F:2852-2885, 3032-3067` | `read_input.F:2658, 4671` |"
models/ADCIRC/source-analysis/adcirc-met-forcing-implementation.md,45,file-line,wind.F,2937,3027,,| ±14 | -- | `wind.F:2937-3027` | `read_input.F:2033-2058` |
models/ADCIRC/source-analysis/adcirc-met-forcing-implementation.md,45,file-line,read_input.F,2033,2058,,| ±14 | -- | `wind.F:2937-3027` | `read_input.F:2033-2058` |
models/ADCIRC/source-analysis/adcirc-met-forcing-implementation.md,46,file-line,wind.F,3071,3096,,"| ±15 | -- | `wind.F:3071-3096` | `read_input.F:2059-2069, 2767-2774` |"
models/ADCIRC/source-analysis/adcirc-met-forcing-implementation.md,46,file-line,read_input.F,2059,2069,,"| ±15 | -- | `wind.F:3071-3096` | `read_input.F:2059-2069, 2767-2774` |"
models/ADCIRC/source-analysis/adcirc-met-forcing-implementation.md,50,file,nws08.F90,,,,"- `nws08.F90`(1600, module `mod_nws08`): **parametric 태풍 vortex** wind —"
models/ADCIRC/source-analysis/adcirc-met-forcing-implementation.md,50,symbol,,,,mod_nws08,"- `nws08.F90`(1600, module `mod_nws08`): **parametric 태풍 vortex** wind — best-track(중심위치·중심기압·Rmax"
models/ADCIRC/source-analysis/adcirc-met-forcing-implementation.md,51,symbol,,,,backgroundWindModel,"**(Chavas-Lin-Emanuel 2015, outer-region radial structure). `backgroundWindModel`: `radialVelocityWeighted` 또는 `LC12`(Lin-Chavas 2012 이동 비대칭)"
models/ADCIRC/source-analysis/adcirc-met-forcing-implementation.md,51,symbol,,,,radialVelocityWeighted,"015, outer-region radial structure). `backgroundWindModel`: `radialVelocityWeighted` 또는 `LC12`(Lin-Chavas 2012 이동 비대칭). `windspeed_averaging_min"
models/ADCIRC/source-analysis/adcirc-met-forcing-implementation.md,51,symbol,,,,LC12,ucture). `backgroundWindModel`: `radialVelocityWeighted` 또는 `LC12`(Lin-Chavas 2012 이동 비대칭). `windspeed_averaging_minute`(1/10)
models/ADCIRC/source-analysis/adcirc-met-forcing-implementation.md,51,symbol,,,,windspeed_averaging_minute,"`radialVelocityWeighted` 또는 `LC12`(Lin-Chavas 2012 이동 비대칭). `windspeed_averaging_minute`(1/10), `WindMultiplier`."
models/ADCIRC/source-analysis/adcirc-met-forcing-implementation.md,51,symbol,,,,WindMultiplier,"in-Chavas 2012 이동 비대칭). `windspeed_averaging_minute`(1/10), `WindMultiplier`."
models/ADCIRC/source-analysis/adcirc-met-forcing-implementation.md,56,file-line,wind.F,2170,2201,,"- Reader inline in `hotStartMeteorologicalForcing`: `wind.F:2170-2201` (NWS=2), `wind.F:2203-2217` (NWS=-2)"
models/ADCIRC/source-analysis/adcirc-met-forcing-implementation.md,56,file-line,wind.F,2203,2217,,"otStartMeteorologicalForcing`: `wind.F:2170-2201` (NWS=2), `wind.F:2203-2217` (NWS=-2)"
models/ADCIRC/source-analysis/adcirc-met-forcing-implementation.md,56,symbol,,,,hotStartMeteorologicalForcing,"- Reader inline in `hotStartMeteorologicalForcing`: `wind.F:2170-2201` (NWS=2), `wind.F:2203-2217` (NWS=-2)"
models/ADCIRC/source-analysis/adcirc-met-forcing-implementation.md,58,file,src/wind.F,,,,"ng times `WTIME1/WTIME2`, advances file snapshots at `[file=src/wind.F line=2172-2181, 2189]`"
models/ADCIRC/source-analysis/adcirc-met-forcing-implementation.md,59,file,src/wind.F,,,,"E1) / WTIMINC`, then `WVNX/WVNY/PRN` interpolated at `[file=src/wind.F line=2189-2199]`"
models/ADCIRC/source-analysis/adcirc-met-forcing-implementation.md,63,symbol,,,,OWIWIND,- Module: `OWIWIND`
models/ADCIRC/source-analysis/adcirc-met-forcing-implementation.md,64,file,src/wind.F,,,,"- Dispatch: cold-start init at `[file=src/wind.F line=1928-1934]`, runtime at `[file=src/wind.F line=2800-28"
models/ADCIRC/source-analysis/adcirc-met-forcing-implementation.md,64,file,src/wind.F,,,,"it at `[file=src/wind.F line=1928-1934]`, runtime at `[file=src/wind.F line=2800-2808]`"
models/ADCIRC/source-analysis/adcirc-met-forcing-implementation.md,65,file,src/owiwind.F,,,,"- Implementation: `NWS12INIT` at `[file=src/owiwind.F line=168-255]`, `NWS12GET` at `[file=src/owiwind.F line=269"
models/ADCIRC/source-analysis/adcirc-met-forcing-implementation.md,65,file,src/owiwind.F,,,,"t `[file=src/owiwind.F line=168-255]`, `NWS12GET` at `[file=src/owiwind.F line=269-369]`"
models/ADCIRC/source-analysis/adcirc-met-forcing-implementation.md,65,symbol,,,,NWS12INIT,"- Implementation: `NWS12INIT` at `[file=src/owiwind.F line=168-255]`, `NWS12GET` at `[fil"
models/ADCIRC/source-analysis/adcirc-met-forcing-implementation.md,65,symbol,,,,NWS12GET,"tation: `NWS12INIT` at `[file=src/owiwind.F line=168-255]`, `NWS12GET` at `[file=src/owiwind.F line=269-369]`"
models/ADCIRC/source-analysis/adcirc-met-forcing-implementation.md,66,file,src/owiwind.F,,,,"dynamic file list from `fort.22` when `numSets<0` at `[file=src/owiwind.F line=798-807, 830-836, 888-903]`"
models/ADCIRC/source-analysis/adcirc-met-forcing-implementation.md,70,file,src/owiwind.F,,,,"- Per-snap grid/date header read with format `11` at `[file=src/owiwind.F line=489-490, 508-509, 579-580]`"
models/ADCIRC/source-analysis/adcirc-met-forcing-implementation.md,71,file,src/owiwind.F,,,,Pressure field + u/v wind arrays with format `22` at `[file=src/owiwind.F line=554-569]`
models/ADCIRC/source-analysis/adcirc-met-forcing-implementation.md,72,file,src/owiwind.F,,,,end dates parsed from columns `56:65` and `71:80` at `[file=src/owiwind.F line=1085-1099]`
models/ADCIRC/source-analysis/adcirc-met-forcing-implementation.md,76,symbol,,,,OWIWIND_NETCDF,- Module: `OWIWIND_NETCDF` (separate from NWS=12)
models/ADCIRC/source-analysis/adcirc-met-forcing-implementation.md,77,file,src/wind.F,,,,"USE OWIWIND_NETCDF`, calls `NWS13INIT`/`NWS13GET` at `[file=src/wind.F line=1780, 2045-2049, 2857-2860, 3035-3037]`"
models/ADCIRC/source-analysis/adcirc-met-forcing-implementation.md,77,symbol,,,,NWS13INIT,"- `USE OWIWIND_NETCDF`, calls `NWS13INIT`/`NWS13GET` at `[file=src/wind.F line=1780, 2045-2049, 2857-"
models/ADCIRC/source-analysis/adcirc-met-forcing-implementation.md,77,symbol,,,,NWS13GET,"- `USE OWIWIND_NETCDF`, calls `NWS13INIT`/`NWS13GET` at `[file=src/wind.F line=1780, 2045-2049, 2857-2860, 3035-"
models/ADCIRC/source-analysis/adcirc-met-forcing-implementation.md,79,symbol,,,,NWS13File,- `NWS13File`
models/ADCIRC/source-analysis/adcirc-met-forcing-implementation.md,80,symbol,,,,NWS13ColdStartString,- `NWS13ColdStartString`
models/ADCIRC/source-analysis/adcirc-met-forcing-implementation.md,81,symbol,,,,NWS13WindMultiplier,- `NWS13WindMultiplier`
models/ADCIRC/source-analysis/adcirc-met-forcing-implementation.md,82,symbol,,,,NWS13GroupForPowell,- `NWS13GroupForPowell`
models/ADCIRC/source-analysis/adcirc-met-forcing-implementation.md,83,file,src/read_input.F,,,,"- all at `[file=src/read_input.F line=269-270, 516-519]`"
models/ADCIRC/source-analysis/adcirc-met-forcing-implementation.md,84,file,src/wind.F,,,,"(`TIMELOC`, `WTIME1/WTIME2`) passed to `NWS13GET` at `[file=src/wind.F line=2046-2049, 2858-2861]`"
models/ADCIRC/source-analysis/adcirc-met-forcing-implementation.md,84,symbol,,,,TIMELOC,"- Time matching: model seconds (`TIMELOC`, `WTIME1/WTIME2`) passed to `NWS13GET` at `[file=src/wind.F"
models/ADCIRC/source-analysis/adcirc-met-forcing-implementation.md,84,symbol,,,,NWS13GET,"ching: model seconds (`TIMELOC`, `WTIME1/WTIME2`) passed to `NWS13GET` at `[file=src/wind.F line=2046-2049, 2858-2861]`"
models/ADCIRC/source-analysis/adcirc-met-forcing-implementation.md,85,symbol,,,,TIMCO,- No `TIMCO` symbol in these files
models/ADCIRC/source-analysis/adcirc-met-forcing-implementation.md,89,file,src/read_input.F,,,,S=14**: GRIB2/NetCDF meteorological reader family at `[file=src/read_input.F line=2032-2058]`
models/ADCIRC/source-analysis/adcirc-met-forcing-implementation.md,90,file,src/wind.F,,,,"- `NWS14INIT`, `NWS14GET` at `[file=src/wind.F line=2947, 2953-2955, 2968-2970]`"
models/ADCIRC/source-analysis/adcirc-met-forcing-implementation.md,90,symbol,,,,NWS14INIT,"- `NWS14INIT`, `NWS14GET` at `[file=src/wind.F line=2947, 2953-2955, 2968"
models/ADCIRC/source-analysis/adcirc-met-forcing-implementation.md,90,symbol,,,,NWS14GET,"- `NWS14INIT`, `NWS14GET` at `[file=src/wind.F line=2947, 2953-2955, 2968-2970]`"
models/ADCIRC/source-analysis/adcirc-met-forcing-implementation.md,91,file,src/wind.F,,,,"- Cold start: `[file=src/wind.F line=2002-2010, 2022-2024]`"
models/ADCIRC/source-analysis/adcirc-met-forcing-implementation.md,92,file,src/wind.F,,,,"rid path combining NWS14 background + OWI overlay at `[file=src/wind.F line=2958-2964, 2973-2980]`"
models/ADCIRC/source-analysis/adcirc-met-forcing-implementation.md,93,file,src/wind.F,,,,"- Hot start: `[file=src/wind.F line=2014-2019, 2028-2030]`"
models/ADCIRC/source-analysis/adcirc-met-forcing-implementation.md,94,file,src/read_input.F,,,,- **NWS=15**: HWind forcing at `[file=src/read_input.F line=2059-2069]`
models/ADCIRC/source-analysis/adcirc-met-forcing-implementation.md,95,file,src/wind.F,,,,"- `NWS15INIT`, `NWS15GET` at `[file=src/wind.F line=2055-2057, 3071-3074]`"
models/ADCIRC/source-analysis/adcirc-met-forcing-implementation.md,95,symbol,,,,NWS15INIT,"- `NWS15INIT`, `NWS15GET` at `[file=src/wind.F line=2055-2057, 3071-3074]"
models/ADCIRC/source-analysis/adcirc-met-forcing-implementation.md,95,symbol,,,,NWS15GET,"- `NWS15INIT`, `NWS15GET` at `[file=src/wind.F line=2055-2057, 3071-3074]`"
models/ADCIRC/source-analysis/adcirc-met-forcing-implementation.md,101,file,src/wind.F,,,,"- Examples: `[file=src/wind.F line=2288-2289, 3014-3015]`"
models/ADCIRC/source-analysis/adcirc-met-forcing-implementation.md,102,file,src/wind.F,,,,ormula: `Cd = 0.001 * (0.75 + 0.067 * WindSpeed)` at `[file=src/wind.F line=514-521]`
models/ADCIRC/source-analysis/adcirc-met-forcing-implementation.md,103,file,src/wind.F,,,,"dDrag = MIN(GarrattWindDrag(...), WindDragLimit)` at `[file=src/wind.F line=531-539]`"
models/ADCIRC/source-analysis/adcirc-met-forcing-implementation.md,104,file,src/wind.F,,,,- Default cap: `WindDragLimit = 0.0035` at `[file=src/wind.F line=122]`
models/ADCIRC/source-analysis/adcirc-met-forcing-implementation.md,105,file,src/read_input.F,,,,"gurable via `/metControl/ WindDragLimit` namelist at `[file=src/read_input.F line=238, 484-487]`"
models/ADCIRC/source-analysis/adcirc-met-forcing-implementation.md,106,symbol,,,,CDCAP,- **Legacy `CDCAP` token NOT present in these files** — modern code uses `Wind
models/ADCIRC/source-analysis/adcirc-met-forcing-implementation.md,106,symbol,,,,WindDragLimit,DCAP` token NOT present in these files** — modern code uses `WindDragLimit`
models/ADCIRC/source-analysis/adcirc-met-forcing-implementation.md,110,symbol,,,,PR2,- Atmospheric pressure stored as water-surface equivalent (`PR2`) relative to `PRBCKGRND_MH2O`:
models/ADCIRC/source-analysis/adcirc-met-forcing-implementation.md,110,symbol,,,,PRBCKGRND_MH2O,sure stored as water-surface equivalent (`PR2`) relative to `PRBCKGRND_MH2O`:
models/ADCIRC/source-analysis/adcirc-met-forcing-implementation.md,115,file,src/wind.F,,,,"at `[file=src/wind.F line=2197-2200, 3016-3022]`"
models/ADCIRC/source-analysis/adcirc-met-forcing-implementation.md,116,file,src/wind.F,,,,CKGRND_MH2O` converted from mb to meters of water at `[file=src/wind.F line=352-355]`
models/ADCIRC/source-analysis/adcirc-met-forcing-implementation.md,116,symbol,,,,PRBCKGRND_MH2O,- `PRBCKGRND_MH2O` converted from mb to meters of water at `[file=src/wind.F l
models/ADCIRC/source-analysis/adcirc-met-forcing-implementation.md,117,file,src/wind.F,,,,"`PR2 = PRBCKGRND_MH2O` (disables IB contribution) at `[file=src/wind.F line=3018-3021, 1415-1418]`"
models/ADCIRC/source-analysis/adcirc-met-forcing-implementation.md,117,symbol,,,,NOIVB,- `NOIVB`: forces `PR2 = PRBCKGRND_MH2O` (disables IB contribution) a
models/ADCIRC/source-analysis/adcirc-met-forcing-implementation.md,121,file,read_input.F,,,,- Output **control** is in `read_input.F` (not the actual write):
models/ADCIRC/source-analysis/adcirc-met-forcing-implementation.md,122,file,src/read_input.F,,,,"- Station met (NOUTM, units 71/72): `[file=src/read_input.F line=3988-3993, 4003-4014, 4051]`"
models/ADCIRC/source-analysis/adcirc-met-forcing-implementation.md,123,file,src/read_input.F,,,,"- Global met (NOUTGW, units 73/74): `[file=src/read_input.F line=4345-4353, 4360-4371]`"
models/ADCIRC/source-analysis/adcirc-met-forcing-implementation.md,124,file,wind.F,,,,"- **No `WRITE(71/72/73/74,...)`** in `wind.F`/`owiwind.F`/`owi_ice.F`/`read_input.F` — actual write loop"
models/ADCIRC/source-analysis/adcirc-met-forcing-implementation.md,124,file,owiwind.F,,,,"- **No `WRITE(71/72/73/74,...)`** in `wind.F`/`owiwind.F`/`owi_ice.F`/`read_input.F` — actual write loop is elsewher"
models/ADCIRC/source-analysis/adcirc-met-forcing-implementation.md,124,file,owi_ice.F,,,,"- **No `WRITE(71/72/73/74,...)`** in `wind.F`/`owiwind.F`/`owi_ice.F`/`read_input.F` — actual write loop is elsewhere (in `write"
models/ADCIRC/source-analysis/adcirc-met-forcing-implementation.md,124,file,read_input.F,,,,"TE(71/72/73/74,...)`** in `wind.F`/`owiwind.F`/`owi_ice.F`/`read_input.F` — actual write loop is elsewhere (in `write_output.F`, see"
models/ADCIRC/source-analysis/adcirc-met-forcing-implementation.md,124,file,write_output.F,,,,"ice.F`/`read_input.F` — actual write loop is elsewhere (in `write_output.F`, see ADCIRC outputs note)"
models/ADCIRC/source-analysis/adcirc-met-forcing-implementation.md,131,file,tools/scripts/jma_to_fort22.py,,,,| Convert to OWI NetCDF | `tools/scripts/jma_to_fort22.py` | NWS=13 compatible NetCDF |
models/ADCIRC/source-analysis/adcirc-met-forcing-implementation.md,133,symbol,,,,NWS13File,"| Set NWS13 namelist | `NWS13File`, `NWS13ColdStartString` | reader configuration |"
models/ADCIRC/source-analysis/adcirc-met-forcing-implementation.md,133,symbol,,,,NWS13ColdStartString,"| Set NWS13 namelist | `NWS13File`, `NWS13ColdStartString` | reader configuration |"
models/ADCIRC/source-analysis/adcirc-met-forcing-implementation.md,140,symbol,,,,WindDragLimit,3. **CDCAP** is renamed to `WindDragLimit` in v55+; legacy fort.15 `CDCAP` lines may be ignored.
models/ADCIRC/source-analysis/adcirc-met-forcing-implementation.md,140,symbol,,,,CDCAP,CAP** is renamed to `WindDragLimit` in v55+; legacy fort.15 `CDCAP` lines may be ignored.
models/ADCIRC/source-analysis/adcirc-met-forcing-implementation.md,142,symbol,,,,WTIMINC,equires equal-time-step header** — uneven time stamps break `WTIMINC` interpolation.
models/ADCIRC/source-analysis/adcirc-met-forcing-implementation.md,148,symbol,,,,NWS13WindMultiplier,- **Wind multiplier scaling** — `NWS13WindMultiplier` for unit conversion. Default 1.0; check if your NetCDF is i
models/ADCIRC/source-analysis/adcirc-met-forcing-implementation.md,153,file,src/wind.F,,,,- `src/wind.F` — main NWS dispatch + per-NWS readers.
models/ADCIRC/source-analysis/adcirc-met-forcing-implementation.md,154,file,src/owiwind.F,,,,- `src/owiwind.F` — OWI legacy reader (NWS=12).
models/ADCIRC/source-analysis/adcirc-met-forcing-implementation.md,155,file,src/owi_ice.F,,,,- `src/owi_ice.F` — ice forcing.
models/ADCIRC/source-analysis/adcirc-met-forcing-implementation.md,156,file,src/read_input.F,,,,"- `src/read_input.F` — namelist parsing, NWS validation."
models/ADCIRC/source-analysis/adcirc-momentum-implementation.md,2,file,momentum.F,,,,"title: ""ADCIRC momentum.F — 2D 운동량 방정식 solver: barotropic+tidal+baroclinic pressure /"
models/ADCIRC/source-analysis/adcirc-momentum-implementation.md,6,file,models/ADCIRC/raw/source_code/adcirc/src/momentum.F,,,,"verification_method: ""models/ADCIRC/raw/source_code/adcirc/src/momentum.F (2686) 직접 read — Mom_Eqs_New_NC/New_Conserv/Non_Conserv_pc "
models/ADCIRC/source-analysis/adcirc-momentum-implementation.md,6,file-line,gwce.F,2479,,,"2 implicit :751-772 Coriolis CorifA) + bottom friction TK 식(gwce.F:2479 hybrid) + NOLIBF(timestep.F:129) file:line 인용."""
models/ADCIRC/source-analysis/adcirc-momentum-implementation.md,6,file-line,timestep.F,129,,,"CorifA) + bottom friction TK 식(gwce.F:2479 hybrid) + NOLIBF(timestep.F:129) file:line 인용."""
models/ADCIRC/source-analysis/adcirc-momentum-implementation.md,17,file,momentum.F,,,,# ADCIRC momentum.F — 2D 운동량 방정식 solver
models/ADCIRC/source-analysis/adcirc-momentum-implementation.md,19,file,src/momentum.F,,,,> `src/momentum.F`(2686) 직접 read. GWCE([[adcirc-gwce-implementation]])가 **연속방
models/ADCIRC/source-analysis/adcirc-momentum-implementation.md,19,file,momentum.F,,,,"GWCE([[adcirc-gwce-implementation]])가 **연속방정식→수위(ζ)** 를 풀고, momentum.F 가 **운동량→유속(U,V)** 을 푸는 companion. 매 time step: GWCE 로 ζ 풀고 "
models/ADCIRC/source-analysis/adcirc-momentum-implementation.md,19,file,vsmy.F,,,,th-integrated shallow-water 핵심 절반. (3D 는 [[adcirc-3d-mode]] vsmy.F)
models/ADCIRC/source-analysis/adcirc-momentum-implementation.md,31,symbol,,,,CBaroclinic,"linic pressure gradient** | `:473` | 3D ocean model 결합(WJP, `CBaroclinic`) |"
models/ADCIRC/source-analysis/adcirc-momentum-implementation.md,33,symbol,,,,fwind,"ess** | `:705-733` | `WSX = DTO2·IFWIND·(WSX1/H1+WSX2/H2)`, `fwind` ramp |"
models/ADCIRC/source-analysis/adcirc-momentum-implementation.md,41,symbol,,,,Mom_Eqs_New_NC,"| `Mom_Eqs_New_NC` | 166 | **non-conservative**(기본, = Original) |"
models/ADCIRC/source-analysis/adcirc-momentum-implementation.md,42,symbol,,,,Mom_Eqs_New_Conserv,| `Mom_Eqs_New_Conserv` | 1230 | conservative C1/C2 |
models/ADCIRC/source-analysis/adcirc-momentum-implementation.md,43,symbol,,,,Mom_Eqs_Non_Conserv_pc,| `Mom_Eqs_Non_Conserv_pc` | 2005 | non-conservative predictor-corrector |
models/ADCIRC/source-analysis/adcirc-momentum-implementation.md,45,symbol,,,,CME_Orig,- 플래그: `CME_Orig`/`CME_New_NC`/`CME_New_C1`/`CME_New_C2`(advection) + `CME_LS
models/ADCIRC/source-analysis/adcirc-momentum-implementation.md,45,symbol,,,,CME_New_NC,- 플래그: `CME_Orig`/`CME_New_NC`/`CME_New_C1`/`CME_New_C2`(advection) + `CME_LS_IBPQ/IBPV/IB
models/ADCIRC/source-analysis/adcirc-momentum-implementation.md,45,symbol,,,,CME_New_C1,- 플래그: `CME_Orig`/`CME_New_NC`/`CME_New_C1`/`CME_New_C2`(advection) + `CME_LS_IBPQ/IBPV/IBPSQ/IBPSV`(la
models/ADCIRC/source-analysis/adcirc-momentum-implementation.md,45,symbol,,,,CME_New_C2,- 플래그: `CME_Orig`/`CME_New_NC`/`CME_New_C1`/`CME_New_C2`(advection) + `CME_LS_IBPQ/IBPV/IBPSQ/IBPSV`(lateral stress 
models/ADCIRC/source-analysis/adcirc-momentum-implementation.md,45,symbol,,,,IFNLCT,eral stress integration-by-parts: flux/velocity/symmetric). `IFNLCT`=비선형 finite-amplitude·advection 토글.
models/ADCIRC/source-analysis/adcirc-momentum-implementation.md,58,symbol,,,,CORIF,"- `TKM(1/2/3)` = friction+lateral tensor 성분, `CORIF` = f = 2Ωsinφ, `TANPHI` = 구면좌표 metric(고위도 보정)."
models/ADCIRC/source-analysis/adcirc-momentum-implementation.md,58,symbol,,,,TANPHI,"1/2/3)` = friction+lateral tensor 성분, `CORIF` = f = 2Ωsinφ, `TANPHI` = 구면좌표 metric(고위도 보정)."
models/ADCIRC/source-analysis/adcirc-momentum-implementation.md,61,file-line,gwce.F,2479,,,"## 4. Bottom friction TK — hybrid (gwce.F:2479, NOLIBF)"
models/ADCIRC/source-analysis/adcirc-momentum-implementation.md,66,file-line,timestep.F,129,,,- `NOLIBF`(timestep.F:129) → `IFLINBF`(0 선형)/`IFNLBF`(1 quadratic)/`IFHYBF`(2 hybrid)
models/ADCIRC/source-analysis/adcirc-momentum-implementation.md,66,symbol,,,,NOLIBF,- `NOLIBF`(timestep.F:129) → `IFLINBF`(0 선형)/`IFNLBF`(1 quadratic)/`IF
models/ADCIRC/source-analysis/adcirc-momentum-implementation.md,66,symbol,,,,IFLINBF,- `NOLIBF`(timestep.F:129) → `IFLINBF`(0 선형)/`IFNLBF`(1 quadratic)/`IFHYBF`(2 hybrid) 토글.
models/ADCIRC/source-analysis/adcirc-momentum-implementation.md,66,symbol,,,,IFNLBF,- `NOLIBF`(timestep.F:129) → `IFLINBF`(0 선형)/`IFNLBF`(1 quadratic)/`IFHYBF`(2 hybrid) 토글.
models/ADCIRC/source-analysis/adcirc-momentum-implementation.md,66,symbol,,,,IFHYBF,BF`(timestep.F:129) → `IFLINBF`(0 선형)/`IFNLBF`(1 quadratic)/`IFHYBF`(2 hybrid) 토글.
models/ADCIRC/source-analysis/adcirc-momentum-implementation.md,67,symbol,,,,FTHETA,"atic, 얕은 물 H<HBREAK → `(HBREAK/H)^FGAMMA` 증가(Manning-like). `FTHETA`/`FGAMMA` 형상, `HBREAK` break depth."
models/ADCIRC/source-analysis/adcirc-momentum-implementation.md,67,symbol,,,,FGAMMA,"물 H<HBREAK → `(HBREAK/H)^FGAMMA` 증가(Manning-like). `FTHETA`/`FGAMMA` 형상, `HBREAK` break depth."
models/ADCIRC/source-analysis/adcirc-momentum-implementation.md,67,symbol,,,,HBREAK,"`(HBREAK/H)^FGAMMA` 증가(Manning-like). `FTHETA`/`FGAMMA` 형상, `HBREAK` break depth."
models/ADCIRC/source-analysis/adcirc-momentum-implementation.md,68,file,nodalattr.F,,,,- `FRIC` = bottom friction 계수 (`nodalattr.F` Manning's n 또는 fort.13 공간변화). 3 time level: TK0/TK/TK2 (gw
models/ADCIRC/source-analysis/adcirc-momentum-implementation.md,68,file-line,gwce.F,2477,2482,,.F` Manning's n 또는 fort.13 공간변화). 3 time level: TK0/TK/TK2 (gwce.F:2477-2482).
models/ADCIRC/source-analysis/adcirc-momentum-implementation.md,68,symbol,,,,FRIC,- `FRIC` = bottom friction 계수 (`nodalattr.F` Manning's n 또는 fort.13 
models/ADCIRC/source-analysis/adcirc-momentum-implementation.md,69,file-line,timestep.F,1634,,,"- BEDSTR = `H·|U|·TK·ρ` (bed shear N/m², timestep.F:1634)."
models/ADCIRC/source-analysis/adcirc-momentum-implementation.md,73,file-line,gwce.F,442,,,"ce-implementation]]) 가 ζ^{n+1} (TK friction 도 GWCE 행렬에 들어감, gwce.F:442) → momentum 이 ζ gradient 로 U,V^{n+1}."
models/ADCIRC/source-analysis/adcirc-momentum-implementation.md,75,file,vsmy.F,,,,- 3D([[adcirc-3d-mode]]): C3D 시 vsmy.F velocity/stress form 으로 연직 분해(여기는 2D depth-integrated).
models/ADCIRC/source-analysis/adcirc-momentum-implementation.md,80,file,vsmy.F,,,,"- [[adcirc-3d-mode]] — 3D velocity/stress form (vsmy.F), baroclinic"
models/ADCIRC/source-analysis/adcirc-nffr-periodic-flux-boundary.md,7,file,read_input.F,,,,"verification_method: ""read_input.F NFFR 블록(:3504-3589)·timestep.F QN/EN 합성(:860-880)·gwce.F fl"
models/ADCIRC/source-analysis/adcirc-nffr-periodic-flux-boundary.md,7,file,timestep.F,,,,"verification_method: ""read_input.F NFFR 블록(:3504-3589)·timestep.F QN/EN 합성(:860-880)·gwce.F flux BC 블록(:1725-1810, Note 2 주석 "
models/ADCIRC/source-analysis/adcirc-nffr-periodic-flux-boundary.md,7,file,gwce.F,,,,"d_input.F NFFR 블록(:3504-3589)·timestep.F QN/EN 합성(:860-880)·gwce.F flux BC 블록(:1725-1810, Note 2 주석 :1727-1733, JCG :2003)·nor"
models/ADCIRC/source-analysis/adcirc-nffr-periodic-flux-boundary.md,7,file,normal_flow_boundary.F90,,,,"e.F flux BC 블록(:1725-1810, Note 2 주석 :1727-1733, JCG :2003)·normal_flow_boundary.F90 rotate_normal_flux(:59-104) + 공식 docs fort15.rst:79-90·para"
models/ADCIRC/source-analysis/adcirc-nffr-periodic-flux-boundary.md,7,file-line,fort15.rst,79,90,,mal_flow_boundary.F90 rotate_normal_flux(:59-104) + 공식 docs fort15.rst:79-90·parameter_definitions/index.rst:806-840 직접 read (2026-07-12
models/ADCIRC/source-analysis/adcirc-nffr-periodic-flux-boundary.md,7,file-line,parameter_definitions/index.rst,806,840,,".F90 rotate_normal_flux(:59-104) + 공식 docs fort15.rst:79-90·parameter_definitions/index.rst:806-840 직접 read (2026-07-12). 모든 식·주석 verbatim 인용."""
models/ADCIRC/source-analysis/adcirc-nffr-periodic-flux-boundary.md,18,file,gwce.F,,,,"onditions]] 가 IBTYPE 분류·mesh 측을 커버하나 fort.15 쪽 NFFR 레코드 구조와 gwce.F 의 flux 경계 이산식은 미커버였던 갭의 해소 노트 (2026-07-12, 사용자 지목 3건)."
models/ADCIRC/source-analysis/adcirc-nffr-periodic-flux-boundary.md,20,file-line,read_input.F,3504,3589,,## 1. fort.15 NFFR 레코드 구조 (read_input.F:3504-3589 + docs fort15.rst:79-90)
models/ADCIRC/source-analysis/adcirc-nffr-periodic-flux-boundary.md,20,file-line,fort15.rst,79,90,,## 1. fort.15 NFFR 레코드 구조 (read_input.F:3504-3589 + docs fort15.rst:79-90)
models/ADCIRC/source-analysis/adcirc-nffr-periodic-flux-boundary.md,22,file-line,read_input.F,3505,,,"t.14)에 flux 경계(IBTYPE 2/12/22/32/52)가 있어 `NFLUXF=1`일 때만 포함 (read_input.F:3505, docs fort15.rst:79 ""include this line only if IBTYPE = 2, "
models/ADCIRC/source-analysis/adcirc-nffr-periodic-flux-boundary.md,22,file-line,fort15.rst,79,,,"12/22/32/52)가 있어 `NFLUXF=1`일 때만 포함 (read_input.F:3505, docs fort15.rst:79 ""include this line only if IBTYPE = 2, 12, 22, 32 or 52"")."
models/ADCIRC/source-analysis/adcirc-nffr-periodic-flux-boundary.md,38,file-line,fort15.rst,87,,,"- ★**code≠docs 1건**: fort15.rst:87 은 2-필드 줄을 ""IBTYPE = 2, 12, 22""로만 표기하나 코드는 **52 도 같은 분기**(:3"
models/ADCIRC/source-analysis/adcirc-nffr-periodic-flux-boundary.md,40,file-line,timestep.F,860,880,,## 2. 런타임 QN·EN 합성 (timestep.F:860-880)
models/ADCIRC/source-analysis/adcirc-nffr-periodic-flux-boundary.md,51,file-line,normal_flow_boundary.F90,59,104,,- `rotate_normal_flux`(normal_flow_boundary.F90:59-104): 회전 구면좌표계(ICS 20-24)에서만 경계 법선(CSII/SIII)·구면 스케일팩터(SFCX/SFC
models/ADCIRC/source-analysis/adcirc-nffr-periodic-flux-boundary.md,51,symbol,,,,rotate_normal_flux,- `rotate_normal_flux`(normal_flow_boundary.F90:59-104): 회전 구면좌표계(ICS 20-24)에서만 경계
models/ADCIRC/source-analysis/adcirc-nffr-periodic-flux-boundary.md,52,symbol,,,,RFF,- EN 도 QN 과 동일한 `RFF`(nodal factor·램프) 를 곱음(:877) — 램프 중 radiation 기준수위도 함께 램프됨.
models/ADCIRC/source-analysis/adcirc-nffr-periodic-flux-boundary.md,54,file,gwce.F,,,,## 3. gwce.F flux 경계 이산식 — IBTYPE=32 (gwce.F:1725-1810)
models/ADCIRC/source-analysis/adcirc-nffr-periodic-flux-boundary.md,54,file-line,gwce.F,1725,1810,,## 3. gwce.F flux 경계 이산식 — IBTYPE=32 (gwce.F:1725-1810)
models/ADCIRC/source-analysis/adcirc-nffr-periodic-flux-boundary.md,56,symbol,,,,QFORCEJ,"GWCE 로드벡터 조립 직전, 노드별 `QFORCEJ` (= GWCE 가 요구하는 `∂q/∂t + τ₀·q` 조합):"
models/ADCIRC/source-analysis/adcirc-nffr-periodic-flux-boundary.md,69,symbol,,,,ETAS,"{n−1} is used and second order in time derivative is used"". `ETAS` = 직전 GWCE solve 의 미지수(수위 증분; JCG 가 ETAS 를 풀고 η 갱신, :2003) 이"
models/ADCIRC/source-analysis/adcirc-nffr-periodic-flux-boundary.md,78,file-line,gwce.F,1727,1733,,"2. **코드 주석** (gwce.F:1727-1733 Note 2 verbatim): *""Boundary conditions using specified flu"
models/ADCIRC/source-analysis/adcirc-nffr-periodic-flux-boundary.md,87,file,docs/technical_reference/input_files/fort15.rst,,,,- docs: `docs/technical_reference/input_files/fort15.rst` · `docs/technical_reference/parameter_definitions/index.rs
models/ADCIRC/source-analysis/adcirc-nffr-periodic-flux-boundary.md,87,file-line,docs/technical_reference/parameter_definitions/index.rst,806,840,, docs: `docs/technical_reference/input_files/fort15.rst` · `docs/technical_reference/parameter_definitions/index.rst:806-840`
models/ADCIRC/source-analysis/adcirc-nodal-attributes.md,6,file,models/ADCIRC/raw/source_code/adcirc/src/nodalattr.F,,,,"verification_method: ""models/ADCIRC/raw/source_code/adcirc/src/nodalattr.F (3193) 직접 read — attribute CASE 카탈로그(636-686) + Apply2DBott"
models/ADCIRC/source-analysis/adcirc-nodal-attributes.md,19,file,src/nodalattr.F,,,,> `src/nodalattr.F`(3193) 직접 read. ADCIRC 의 **공간변화 파라미터**(fort.13) 시스템 — botto
models/ADCIRC/source-analysis/adcirc-nodal-attributes.md,19,symbol,,,,FRIC,nal tide 등을 node별로 지정. [[adcirc-momentum-implementation]] 의 `FRIC`(bottom friction 계수)·[[adcirc-gwce-implementation]] 의 tau0·[
models/ADCIRC/source-analysis/adcirc-nodal-attributes.md,19,symbol,,,,NWP,tidal-forcing]] 의 internal tide drag 의 **입력 소스**. fort.15 의 `NWP` + fort.13 파일.
models/ADCIRC/source-analysis/adcirc-nodal-attributes.md,21,file-line,nodalattr.F,636,686,,## 1. Attribute 카탈로그 (nodalattr.F:636-686)
models/ADCIRC/source-analysis/adcirc-nodal-attributes.md,29,symbol,,,,mannings_n_at_sea_floor,| `mannings_n_at_sea_floor` | **Manning n → Cd** | 〃 (§3) |
models/ADCIRC/source-analysis/adcirc-nodal-attributes.md,30,symbol,,,,chezy_friction_coefficient_at_sea_floor,| `chezy_friction_coefficient_at_sea_floor` | Chezy C → Cd | 〃 |
models/ADCIRC/source-analysis/adcirc-nodal-attributes.md,31,symbol,,,,bottom_roughness_length,| `bottom_roughness_length` | z₀ (log-law) | 〃 |
models/ADCIRC/source-analysis/adcirc-nodal-attributes.md,32,symbol,,,,bridge_pilings_friction_parameters,| `bridge_pilings_friction_parameters` | 교각 항력(BK/BALPHA/BDELX) | 〃 (FricBP) |
models/ADCIRC/source-analysis/adcirc-nodal-attributes.md,34,symbol,,,,surface_canopy_coefficient,| `surface_canopy_coefficient` | 식생 canopy(wind 0/1) | ApplyCanopyCoefficient |
models/ADCIRC/source-analysis/adcirc-nodal-attributes.md,35,symbol,,,,surface_submergence_state,| `surface_submergence_state` | **startdry**(초기 건조) | wetting-drying |
models/ADCIRC/source-analysis/adcirc-nodal-attributes.md,36,symbol,,,,sea_surface_height_above_geoid,| `sea_surface_height_above_geoid` | datum offset(평균해면-geoid) | barotropic |
models/ADCIRC/source-analysis/adcirc-nodal-attributes.md,37,symbol,,,,wave_refraction_in_swan,| `wave_refraction_in_swan` | SWAN 굴절 토글 | SWAN 결합 |
models/ADCIRC/source-analysis/adcirc-nodal-attributes.md,38,symbol,,,,advection_state,| `advection_state` | advection 국소 on/off | momentum |
models/ADCIRC/source-analysis/adcirc-nodal-attributes.md,39,symbol,,,,elemental_slope_limiter,| `elemental_slope_limiter` | DG slope limiter | [[adcirc-dg-continuity-solver]] |
models/ADCIRC/source-analysis/adcirc-nodal-attributes.md,40,symbol,,,,initial_river_elevation,| `initial_river_elevation` | 하천 초기수위 | cold start |
models/ADCIRC/source-analysis/adcirc-nodal-attributes.md,41,symbol,,,,overland_reduction_factor,| `overland_reduction_factor` | 육상 흐름 감소 | overland |
models/ADCIRC/source-analysis/adcirc-nodal-attributes.md,42,symbol,,,,condensed_nodes,| `condensed_nodes` | 노드 병합 | mesh |
models/ADCIRC/source-analysis/adcirc-nodal-attributes.md,45,symbol,,,,readNodalAttrXDMF,"- 읽기: XDMF(`readNodalAttrXDMF` :552) 또는 legacy fort.13. 각 attr = {units, number_of_values,"
models/ADCIRC/source-analysis/adcirc-nodal-attributes.md,49,symbol,,,,FRIC,여러 friction attribute 를 단일 `FRIC` 계수로 통합 → [[adcirc-momentum-implementation]] §4 의 `TK = FRIC
models/ADCIRC/source-analysis/adcirc-nodal-attributes.md,58,symbol,,,,BFCdLLimit,- `BFCdLLimit` = quadratic friction 하한(깊은 물 과소 friction 방지). Chezy: `C_d =
models/ADCIRC/source-analysis/adcirc-nodal-attributes.md,69,symbol,,,,surface_canopy_coefficient,- **ApplyCanopyCoefficient** (:2922): `surface_canopy_coefficient` = 0 이면 canopy 아래 wind stress 차단(밀림·습지 식생).
models/ADCIRC/source-analysis/adcirc-nodal-attributes.md,73,file,nodalattr.F,,,,"dcirc-tidal-forcing]] §4 의 internal tide wave drag 적용 루틴(여기 nodalattr.F 에 실제 코드, internaltide.F90 은 보조). 시간평균 유속 × drag tensor `TKM"
models/ADCIRC/source-analysis/adcirc-nodal-attributes.md,73,file,internaltide.F90,,,," §4 의 internal tide wave drag 적용 루틴(여기 nodalattr.F 에 실제 코드, internaltide.F90 은 보조). 시간평균 유속 × drag tensor `TKM` → 운동량 sink (deep-ocean 성"
models/ADCIRC/source-analysis/adcirc-nodal-attributes.md,73,symbol,,,,TKM,"tr.F 에 실제 코드, internaltide.F90 은 보조). 시간평균 유속 × drag tensor `TKM` → 운동량 sink (deep-ocean 성층 조석 소산)."
models/ADCIRC/source-analysis/adcirc-output-writers-implementation.md,21,file,src/write_output.F,,,,- Time-spooling logic: `writeOutput2D` at `[file=src/write_output.F line=1773]` increments per-descriptor spool counter inside 
models/ADCIRC/source-analysis/adcirc-output-writers-implementation.md,21,symbol,,,,writeOutput2D,- Time-spooling logic: `writeOutput2D` at `[file=src/write_output.F line=1773]` increments per-des
models/ADCIRC/source-analysis/adcirc-output-writers-implementation.md,22,file,src/write_output.F,,,,"- fort.61 stride: `NSPOOLE` at `[file=src/write_output.F line=523, 1811-1823]`"
models/ADCIRC/source-analysis/adcirc-output-writers-implementation.md,22,symbol,,,,NSPOOLE,"- fort.61 stride: `NSPOOLE` at `[file=src/write_output.F line=523, 1811-1823]`"
models/ADCIRC/source-analysis/adcirc-output-writers-implementation.md,23,file,src/write_output.F,,,,"D` binds fort.61 → `NOUTE` and fort.63 → `NOUTGE` at `[file=src/write_output.F line=504-523, 593-603]`"
models/ADCIRC/source-analysis/adcirc-output-writers-implementation.md,23,symbol,,,,initOutput2D,- `initOutput2D` binds fort.61 → `NOUTE` and fort.63 → `NOUTGE` at `[file=sr
models/ADCIRC/source-analysis/adcirc-output-writers-implementation.md,23,symbol,,,,NOUTE,- `initOutput2D` binds fort.61 → `NOUTE` and fort.63 → `NOUTGE` at `[file=src/write_output.F line=50
models/ADCIRC/source-analysis/adcirc-output-writers-implementation.md,23,symbol,,,,NOUTGE,"- `initOutput2D` binds fort.61 → `NOUTE` and fort.63 → `NOUTGE` at `[file=src/write_output.F line=504-523, 593-603]`"
models/ADCIRC/source-analysis/adcirc-output-writers-implementation.md,31,file,read_input.F,,,,"- Set in `read_input.F` at `[file=src/read_input.F line=3613-3633, 4124-4152]`"
models/ADCIRC/source-analysis/adcirc-output-writers-implementation.md,31,file,src/read_input.F,,,,"- Set in `read_input.F` at `[file=src/read_input.F line=3613-3633, 4124-4152]`"
models/ADCIRC/source-analysis/adcirc-output-writers-implementation.md,32,file,src/write_output.F,,,,- Writer dispatch by specifier at `[file=src/write_output.F line=4226-4250]` (`ASCII/SPARSE_ASCII/NETCDF3/NETCDF4/XDMF`
models/ADCIRC/source-analysis/adcirc-output-writers-implementation.md,36,file,src/globalio.F,,,,- `header61` at `[file=src/globalio.F line=963-977]`
models/ADCIRC/source-analysis/adcirc-output-writers-implementation.md,36,symbol,,,,header61,- `header61` at `[file=src/globalio.F line=963-977]`
models/ADCIRC/source-analysis/adcirc-output-writers-implementation.md,37,file,src/globalio.F,,,,- `header63` at `[file=src/globalio.F line=1011-1024]`
models/ADCIRC/source-analysis/adcirc-output-writers-implementation.md,37,symbol,,,,header63,- `header63` at `[file=src/globalio.F line=1011-1024]`
models/ADCIRC/source-analysis/adcirc-output-writers-implementation.md,42,file,src/write_output.F,,,,"- Base file: `.../fort.61` or `.../fort.63` at `[file=src/write_output.F line=1568-1575, 1691-1693]`"
models/ADCIRC/source-analysis/adcirc-output-writers-implementation.md,47,file,src/write_output.F,,,,"- Mirror of elevation structure at `[file=src/write_output.F line=537-563, 710-714]`"
models/ADCIRC/source-analysis/adcirc-output-writers-implementation.md,49,file,src/write_output.F,,,,"- `num_items_per_record = 2` (U,V components) at `[file=src/write_output.F line=548-557, 716-720]`"
models/ADCIRC/source-analysis/adcirc-output-writers-implementation.md,50,file,src/globalio.F,,,,"- Headers `header62` at `[file=src/globalio.F line=987-1001]`, `header64` at `[file=src/globalio.F line=1"
models/ADCIRC/source-analysis/adcirc-output-writers-implementation.md,50,file,src/globalio.F,,,,"`[file=src/globalio.F line=987-1001]`, `header64` at `[file=src/globalio.F line=1059-1073]` — encode type=2 for 2-component output"
models/ADCIRC/source-analysis/adcirc-output-writers-implementation.md,50,symbol,,,,header62,"- Headers `header62` at `[file=src/globalio.F line=987-1001]`, `header64` at `[f"
models/ADCIRC/source-analysis/adcirc-output-writers-implementation.md,50,symbol,,,,header64,"eaders `header62` at `[file=src/globalio.F line=987-1001]`, `header64` at `[file=src/globalio.F line=1059-1073]` — encode type=2 f"
models/ADCIRC/source-analysis/adcirc-output-writers-implementation.md,54,file,src/write_output.F,,,,"ation pressure/wind (71/72) controlled by `NOUTM` at `[file=src/write_output.F line=735-748, 775-792]`"
models/ADCIRC/source-analysis/adcirc-output-writers-implementation.md,54,symbol,,,,NOUTM,"- Station pressure/wind (71/72) controlled by `NOUTM` at `[file=src/write_output.F line=735-748, 775-792]`"
models/ADCIRC/source-analysis/adcirc-output-writers-implementation.md,55,file,src/write_output.F,,,,"obal pressure/wind (73/74) controlled by `NOUTGW` at `[file=src/write_output.F line=817-823, 906-913]`"
models/ADCIRC/source-analysis/adcirc-output-writers-implementation.md,55,symbol,,,,NOUTGW,"- Global pressure/wind (73/74) controlled by `NOUTGW` at `[file=src/write_output.F line=817-823, 906-913]`"
models/ADCIRC/source-analysis/adcirc-output-writers-implementation.md,56,file,read_input.F,,,,"- Format gating in read_input.F at `[file=src/read_input.F line=3998-4021, 4356-4384]`: ASC"
models/ADCIRC/source-analysis/adcirc-output-writers-implementation.md,56,file,src/read_input.F,,,,"- Format gating in read_input.F at `[file=src/read_input.F line=3998-4021, 4356-4384]`: ASCII/NetCDF/XDMF by absolute "
models/ADCIRC/source-analysis/adcirc-output-writers-implementation.md,57,file,src/write_output.F,,,,"- **Disabled when NWS=0** at `[file=src/write_output.F line=760-762, 804-806, 828-830, 920-922]`"
models/ADCIRC/source-analysis/adcirc-output-writers-implementation.md,62,file,src/adcirc.F,,,,- Init: `initHarmonicParameters` called from `[file=src/adcirc.F line=268]`
models/ADCIRC/source-analysis/adcirc-output-writers-implementation.md,62,symbol,,,,initHarmonicParameters,- Init: `initHarmonicParameters` called from `[file=src/adcirc.F line=268]`
models/ADCIRC/source-analysis/adcirc-output-writers-implementation.md,63,file,src/timestep.F,,,,"-step update: `updateHarmonicAnalysis(IT, TIMEH)` at `[file=src/timestep.F line=1184]`"
models/ADCIRC/source-analysis/adcirc-output-writers-implementation.md,64,file-line,harm.F,632,689,,- Accumulator: `harm.F:632-689` accumulates per-frequency least-squares terms over request
models/ADCIRC/source-analysis/adcirc-output-writers-implementation.md,66,file,src/adcirc.F,,,,monicAnalysis` then `writeHarmonicAnalysisOutput` at `[file=src/adcirc.F line=540-541]`
models/ADCIRC/source-analysis/adcirc-output-writers-implementation.md,66,symbol,,,,solveHarmonicAnalysis,- **End-of-run solve + write**: `solveHarmonicAnalysis` then `writeHarmonicAnalysisOutput` at `[file=src/adcirc.F l
models/ADCIRC/source-analysis/adcirc-output-writers-implementation.md,66,symbol,,,,writeHarmonicAnalysisOutput, **End-of-run solve + write**: `solveHarmonicAnalysis` then `writeHarmonicAnalysisOutput` at `[file=src/adcirc.F line=540-541]`
models/ADCIRC/source-analysis/adcirc-output-writers-implementation.md,67,file,src/write_output.F,,,,- Writer: `writeOutHarmonicArrays` at `[file=src/write_output.F line=2673]`
models/ADCIRC/source-analysis/adcirc-output-writers-implementation.md,67,symbol,,,,writeOutHarmonicArrays,- Writer: `writeOutHarmonicArrays` at `[file=src/write_output.F line=2673]`
models/ADCIRC/source-analysis/adcirc-output-writers-implementation.md,68,file,src/write_output.F,,,,- ASCII output at `[file=src/write_output.F line=2701-2750]`
models/ADCIRC/source-analysis/adcirc-output-writers-implementation.md,69,file,src/write_output.F,,,,- NetCDF output at `[file=src/write_output.F line=2752-2760]`
models/ADCIRC/source-analysis/adcirc-output-writers-implementation.md,70,file,src/read_input.F,,,,"- `NFREQ` usage: `[file=src/read_input.F line=4421-4452, 4500]`, `[file=src/harm.F line=128, 547-549"
models/ADCIRC/source-analysis/adcirc-output-writers-implementation.md,70,file,src/harm.F,,,,"age: `[file=src/read_input.F line=4421-4452, 4500]`, `[file=src/harm.F line=128, 547-549]`"
models/ADCIRC/source-analysis/adcirc-output-writers-implementation.md,70,symbol,,,,NFREQ,"- `NFREQ` usage: `[file=src/read_input.F line=4421-4452, 4500]`, `[fi"
models/ADCIRC/source-analysis/adcirc-output-writers-implementation.md,71,symbol,,,,MUFREQ,- **`MUFREQ` not present** — use `NFREQ` only
models/ADCIRC/source-analysis/adcirc-output-writers-implementation.md,71,symbol,,,,NFREQ,- **`MUFREQ` not present** — use `NFREQ` only
models/ADCIRC/source-analysis/adcirc-output-writers-implementation.md,75,file,src/global_3dvs.F,,,,"ty/salinity/temp), `I3DSV` for fort.42 (velocity) at `[file=src/global_3dvs.F line=229-264]`"
models/ADCIRC/source-analysis/adcirc-output-writers-implementation.md,75,symbol,,,,I3DSD,"- Controls: `I3DSD` for fort.41 (density/salinity/temp), `I3DSV` for fort.42 (v"
models/ADCIRC/source-analysis/adcirc-output-writers-implementation.md,75,symbol,,,,I3DSV,"- Controls: `I3DSD` for fort.41 (density/salinity/temp), `I3DSV` for fort.42 (velocity) at `[file=src/global_3dvs.F line=229"
models/ADCIRC/source-analysis/adcirc-output-writers-implementation.md,76,file,src/write_output.F,,,,- Init: `initOutput3D` writes 3D headers at `[file=src/write_output.F line=2787-2843]`
models/ADCIRC/source-analysis/adcirc-output-writers-implementation.md,76,symbol,,,,initOutput3D,- Init: `initOutput3D` writes 3D headers at `[file=src/write_output.F line=2787-28
models/ADCIRC/source-analysis/adcirc-output-writers-implementation.md,77,file,src/write_output.F,,,,- Descriptor setup: `[file=src/write_output.F line=2980-3103]`
models/ADCIRC/source-analysis/adcirc-output-writers-implementation.md,78,symbol,,,,NFEN,"- Vertical layer storage: per station with `NFEN` columns, `num_items_per_record = NFEN`"
models/ADCIRC/source-analysis/adcirc-output-writers-implementation.md,79,file,src/write_output.F,,,,"- Layerwise loop `k=1,NFEN` at `[file=src/write_output.F line=3403-3416, 3584-3591, 3623-3630]`"
models/ADCIRC/source-analysis/adcirc-output-writers-implementation.md,83,file,src/timestep.F,,,,- Per-step running max: `collectMinMaxData` at `[file=src/timestep.F line=1162]`
models/ADCIRC/source-analysis/adcirc-output-writers-implementation.md,83,symbol,,,,collectMinMaxData,- Per-step running max: `collectMinMaxData` at `[file=src/timestep.F line=1162]`
models/ADCIRC/source-analysis/adcirc-output-writers-implementation.md,84,file,src/write_output.F,,,,"- Implementation: `[file=src/write_output.F line=6343-6374]` — updates `ETAMAX`, `UMAX` plus timestamp "
models/ADCIRC/source-analysis/adcirc-output-writers-implementation.md,84,symbol,,,,ETAMAX,"ation: `[file=src/write_output.F line=6343-6374]` — updates `ETAMAX`, `UMAX` plus timestamp arrays"
models/ADCIRC/source-analysis/adcirc-output-writers-implementation.md,84,symbol,,,,UMAX,"ile=src/write_output.F line=6343-6374]` — updates `ETAMAX`, `UMAX` plus timestamp arrays"
models/ADCIRC/source-analysis/adcirc-output-writers-implementation.md,85,file,src/write_output.F,,,,"- Descriptor init at `[file=src/write_output.F line=1205-1237, 1239-1268]` (both start with `writeFlag=.fa"
models/ADCIRC/source-analysis/adcirc-output-writers-implementation.md,86,file,src/write_output.F,,,, **End-of-run write only**: `writeOutArrayMinMax` at `[file=src/write_output.F line=1890-1898]` when `it == nt`
models/ADCIRC/source-analysis/adcirc-output-writers-implementation.md,86,symbol,,,,writeOutArrayMinMax,- **End-of-run write only**: `writeOutArrayMinMax` at `[file=src/write_output.F line=1890-1898]` when `it == n
models/ADCIRC/source-analysis/adcirc-output-writers-implementation.md,92,file,src/write_output.F,,,,- Specifier-driven at `[file=src/write_output.F line=4226-4271]`:
models/ADCIRC/source-analysis/adcirc-output-writers-implementation.md,95,file,src/write_output.F,,,,- NetCDF init only for NETCDF3/NETCDF4 at `[file=src/write_output.F line=1611-1615]`
models/ADCIRC/source-analysis/adcirc-output-writers-implementation.md,96,symbol,,,,ADCNETCDF,- Compile-time `ADCNETCDF` guard required
models/ADCIRC/source-analysis/adcirc-output-writers-implementation.md,97,file,src/write_output.F,,,,- File naming: base `file_name` no extension at `[file=src/write_output.F line=1572-1580]`; NetCDF treated as `file_name + '.nc'` at 
models/ADCIRC/source-analysis/adcirc-output-writers-implementation.md,97,file,src/write_output.F,,,,572-1580]`; NetCDF treated as `file_name + '.nc'` at `[file=src/write_output.F line=1691-1693]`
models/ADCIRC/source-analysis/adcirc-output-writers-implementation.md,97,symbol,,,,file_name,- File naming: base `file_name` no extension at `[file=src/write_output.F line=1572-1580]`;
models/ADCIRC/source-analysis/adcirc-output-writers-implementation.md,101,file,xdmfio.F90,,,,"- **`xdmfio.F90`**(1186): **XDMF**(eXtensible Data Model and Format, HDF5 기"
models/ADCIRC/source-analysis/adcirc-output-writers-implementation.md,102,file,netcdf_error.F90,,,,- **`netcdf_error.F90`**: NetCDF 호출 에러 핸들링(nf90 상태 체크). `xdmfio`/NetCDF writer 보조
models/ADCIRC/source-analysis/adcirc-output-writers-implementation.md,102,symbol,,,,xdmfio,- **`netcdf_error.F90`**: NetCDF 호출 에러 핸들링(nf90 상태 체크). `xdmfio`/NetCDF writer 보조.
models/ADCIRC/source-analysis/adcirc-output-writers-implementation.md,103,file,hashtable.F90,,,,- **`hashtable.F90`**: 해시테이블 자료구조(노드/요소 lookup 가속). `subgridLookup.F90`: subgr
models/ADCIRC/source-analysis/adcirc-output-writers-implementation.md,103,file,subgridLookup.F90,,,,- **`hashtable.F90`**: 해시테이블 자료구조(노드/요소 lookup 가속). `subgridLookup.F90`: subgrid correction lookup(부분침수 보정). `gl2loc_mapping.F90`:
models/ADCIRC/source-analysis/adcirc-output-writers-implementation.md,103,file,gl2loc_mapping.F90,,,,. `subgridLookup.F90`: subgrid correction lookup(부분침수 보정). `gl2loc_mapping.F90`: global↔local 노드 매핑([[adcirc-parallel-implementation]] MPI
models/ADCIRC/source-analysis/adcirc-output-writers-implementation.md,103,file,terminate.F90,,,,lobal↔local 노드 매핑([[adcirc-parallel-implementation]] MPI). `terminate.F90`: 정상/이상 종료. `vew1d.F90`: vertical element wall 1D channel([
models/ADCIRC/source-analysis/adcirc-output-writers-implementation.md,103,file,vew1d.F90,,,,parallel-implementation]] MPI). `terminate.F90`: 정상/이상 종료. `vew1d.F90`: vertical element wall 1D channel([[adcirc-weir-boundary]]
models/ADCIRC/source-analysis/adcirc-output-writers-implementation.md,108,file,prep/post.F,,,,- Master mapping from `fort.80` at `[file=prep/post.F line=67-164]` includes:
models/ADCIRC/source-analysis/adcirc-output-writers-implementation.md,113,file,prep/post.F,,,,- `POST61` at `[file=prep/post.F line=238]`
models/ADCIRC/source-analysis/adcirc-output-writers-implementation.md,113,symbol,,,,POST61,- `POST61` at `[file=prep/post.F line=238]`
models/ADCIRC/source-analysis/adcirc-output-writers-implementation.md,114,file,prep/post.F,,,,- `POST62` at `[file=prep/post.F line=492]`
models/ADCIRC/source-analysis/adcirc-output-writers-implementation.md,114,symbol,,,,POST62,- `POST62` at `[file=prep/post.F line=492]`
models/ADCIRC/source-analysis/adcirc-output-writers-implementation.md,115,file,prep/post.F,,,,- `POST63` at `[file=prep/post.F line=750]`
models/ADCIRC/source-analysis/adcirc-output-writers-implementation.md,115,symbol,,,,POST63,- `POST63` at `[file=prep/post.F line=750]`
models/ADCIRC/source-analysis/adcirc-output-writers-implementation.md,116,file,prep/post.F,,,,- `POST64` at `[file=prep/post.F line=1003]`
models/ADCIRC/source-analysis/adcirc-output-writers-implementation.md,116,symbol,,,,POST64,- `POST64` at `[file=prep/post.F line=1003]`
models/ADCIRC/source-analysis/adcirc-output-writers-implementation.md,117,file,prep/post.F,,,,- `POST71` at `[file=prep/post.F line=1858]`
models/ADCIRC/source-analysis/adcirc-output-writers-implementation.md,117,symbol,,,,POST71,- `POST71` at `[file=prep/post.F line=1858]`
models/ADCIRC/source-analysis/adcirc-output-writers-implementation.md,118,file,prep/post.F,,,,- `POST72` at `[file=prep/post.F line=2125]`
models/ADCIRC/source-analysis/adcirc-output-writers-implementation.md,118,symbol,,,,POST72,- `POST72` at `[file=prep/post.F line=2125]`
models/ADCIRC/source-analysis/adcirc-output-writers-implementation.md,119,file,prep/post.F,,,,- `POST73` at `[file=prep/post.F line=2404]`
models/ADCIRC/source-analysis/adcirc-output-writers-implementation.md,119,symbol,,,,POST73,- `POST73` at `[file=prep/post.F line=2404]`
models/ADCIRC/source-analysis/adcirc-output-writers-implementation.md,120,file,prep/post.F,,,,- `POST74` at `[file=prep/post.F line=2660]`
models/ADCIRC/source-analysis/adcirc-output-writers-implementation.md,120,symbol,,,,POST74,- `POST74` at `[file=prep/post.F line=2660]`
models/ADCIRC/source-analysis/adcirc-output-writers-implementation.md,139,symbol,,,,ADCNETCDF,1. **NetCDF output requires `ADCNETCDF` compile flag** — check build with `ldd padcirc.exe | grep n
models/ADCIRC/source-analysis/adcirc-output-writers-implementation.md,143,symbol,,,,adcpost,5. **Per-PE outputs need post-merge** via `adcpost` (separate executable) or `POST61` etc. routines invoked man
models/ADCIRC/source-analysis/adcirc-output-writers-implementation.md,143,symbol,,,,POST61,ts need post-merge** via `adcpost` (separate executable) or `POST61` etc. routines invoked manually.
models/ADCIRC/source-analysis/adcirc-output-writers-implementation.md,147,symbol,,,,read_global,rt.63 + fort.63.nc both exist** — old format vs new NetCDF; `read_global` may pick the older. Delete one or set NOUT specifier consis
models/ADCIRC/source-analysis/adcirc-output-writers-implementation.md,148,symbol,,,,NSPOOLE,- **Hot restart with different `NSPOOLE`** — old file format matched first stride; new stride create
models/ADCIRC/source-analysis/adcirc-output-writers-implementation.md,149,symbol,,,,NFREQ,- **`NFREQ` mismatch between fort.15 NBFR and fort.15 harmonic block** 
models/ADCIRC/source-analysis/adcirc-output-writers-implementation.md,151,symbol,,,,_FillValue,- **NetCDF `_FillValue` for dry nodes** — varies by version; downstream tools must 
models/ADCIRC/source-analysis/adcirc-output-writers-implementation.md,155,file,src/write_output.F,,,,- `src/write_output.F` — main writers (init + writeOutput2D/3D + harmonic + minma
models/ADCIRC/source-analysis/adcirc-output-writers-implementation.md,156,file,src/globalio.F,,,,- `src/globalio.F` — header functions per output type.
models/ADCIRC/source-analysis/adcirc-output-writers-implementation.md,157,file,src/timestep.F,,,,"- `src/timestep.F` — `collectMinMaxData`, `updateHarmonicAnalysis` per-step c"
models/ADCIRC/source-analysis/adcirc-output-writers-implementation.md,157,symbol,,,,collectMinMaxData,"- `src/timestep.F` — `collectMinMaxData`, `updateHarmonicAnalysis` per-step calls."
models/ADCIRC/source-analysis/adcirc-output-writers-implementation.md,157,symbol,,,,updateHarmonicAnalysis,"- `src/timestep.F` — `collectMinMaxData`, `updateHarmonicAnalysis` per-step calls."
models/ADCIRC/source-analysis/adcirc-output-writers-implementation.md,158,file,src/harm.F,,,,- `src/harm.F` — accumulator + solve.
models/ADCIRC/source-analysis/adcirc-output-writers-implementation.md,159,file,src/adcirc.F,,,,- `src/adcirc.F` — end-of-run writeOutHarmonic dispatch.
models/ADCIRC/source-analysis/adcirc-output-writers-implementation.md,160,file,prep/post.F,,,,- `prep/post.F` — POST61-74 merge routines.
models/ADCIRC/source-analysis/adcirc-parallel-implementation.md,18,symbol,,,,padcirc,"s with fort.13/14/15 fragments, what `fort.80` records, how `padcirc` constructs halos from `fort.18`, and how the per-PE outputs"
models/ADCIRC/source-analysis/adcirc-parallel-implementation.md,22,file,prep/adcprep.F,,,,- METIS dispatch in `PREPINPUT` at `[file=prep/adcprep.F line=397]`
models/ADCIRC/source-analysis/adcirc-parallel-implementation.md,22,symbol,,,,PREPINPUT,- METIS dispatch in `PREPINPUT` at `[file=prep/adcprep.F line=397]`
models/ADCIRC/source-analysis/adcirc-parallel-implementation.md,23,file,prep/adcprep.F,,,,- Partition selection by `PARTITION_APPROACH` at `[file=prep/adcprep.F line=549-553]`:
models/ADCIRC/source-analysis/adcirc-parallel-implementation.md,23,symbol,,,,PARTITION_APPROACH,- Partition selection by `PARTITION_APPROACH` at `[file=prep/adcprep.F line=549-553]`:
models/ADCIRC/source-analysis/adcirc-parallel-implementation.md,26,file,prep/metis.F,,,,"- METIS wrappers at `[file=prep/metis.F line=355]`, `[file=prep/metis.F line=598]`"
models/ADCIRC/source-analysis/adcirc-parallel-implementation.md,26,file,prep/metis.F,,,,"- METIS wrappers at `[file=prep/metis.F line=355]`, `[file=prep/metis.F line=598]`"
models/ADCIRC/source-analysis/adcirc-parallel-implementation.md,27,file,prep/metis.F,,,,") via `WRITE(990,*) PROC(I)` in `DO I=1,MNP` loop at `[file=prep/metis.F line=396-405]` and `[file=prep/metis.F line=581-586]`"
models/ADCIRC/source-analysis/adcirc-parallel-implementation.md,27,file,prep/metis.F,,,,",MNP` loop at `[file=prep/metis.F line=396-405]` and `[file=prep/metis.F line=581-586]`"
models/ADCIRC/source-analysis/adcirc-parallel-implementation.md,28,file,prep/adcprep.F,,,,- Read-back path at `[file=prep/adcprep.F line=608-621]`
models/ADCIRC/source-analysis/adcirc-parallel-implementation.md,29,file,prep/adcprep.F,,,,"- `--np` parsed into `MNPROC` at `[file=prep/adcprep.F line=213-217]`, validated nonzero at `[file=prep/adcprep.F "
models/ADCIRC/source-analysis/adcirc-parallel-implementation.md,29,file,prep/adcprep.F,,,,"=prep/adcprep.F line=213-217]`, validated nonzero at `[file=prep/adcprep.F line=264-270]`, copied to `NPROC`"
models/ADCIRC/source-analysis/adcirc-parallel-implementation.md,29,symbol,,,,MNPROC,"- `--np` parsed into `MNPROC` at `[file=prep/adcprep.F line=213-217]`, validated nonzero "
models/ADCIRC/source-analysis/adcirc-parallel-implementation.md,29,symbol,,,,NPROC," nonzero at `[file=prep/adcprep.F line=264-270]`, copied to `NPROC`"
models/ADCIRC/source-analysis/adcirc-parallel-implementation.md,30,file,prep/metis.F,,,,"- Partition count: `NPARTS = MNPROC` at `[file=prep/metis.F line=337]`, `[file=prep/metis.F line=514]`"
models/ADCIRC/source-analysis/adcirc-parallel-implementation.md,30,file,prep/metis.F,,,,"`NPARTS = MNPROC` at `[file=prep/metis.F line=337]`, `[file=prep/metis.F line=514]`"
models/ADCIRC/source-analysis/adcirc-parallel-implementation.md,35,file,prep/adcprep.F,,,,- `PREP14()` at `[file=prep/adcprep.F line=713]`
models/ADCIRC/source-analysis/adcirc-parallel-implementation.md,36,file,prep/adcprep.F,,,,- `PREP15()` at `[file=prep/adcprep.F line=718]`
models/ADCIRC/source-analysis/adcirc-parallel-implementation.md,37,file,prep/adcprep.F,,,,- `PREP13()` at `[file=prep/adcprep.F line=769]`
models/ADCIRC/source-analysis/adcirc-parallel-implementation.md,39,file,prep/prep.F,,,,- `PE0000/fort.14` at `[file=prep/prep.F line=1276]`
models/ADCIRC/source-analysis/adcirc-parallel-implementation.md,40,file,prep/prep.F,,,,- `PE0000/fort.15` at `[file=prep/prep.F line=1818]`
models/ADCIRC/source-analysis/adcirc-parallel-implementation.md,41,file,prep/prep.F,,,,- `PE0000/fort.13` at `[file=prep/prep.F line=1162]`
models/ADCIRC/source-analysis/adcirc-parallel-implementation.md,43,file,prep/adcprep.F,,,,"- Loop `DO PE=0,MNPROC-1` at `[file=prep/adcprep.F line=682-708]`"
models/ADCIRC/source-analysis/adcirc-parallel-implementation.md,45,file,prep/adcprep.F,,,,.80` generated only for `PREP_ALL` via `PREP80()` at `[file=prep/adcprep.F line=943-946]`
models/ADCIRC/source-analysis/adcirc-parallel-implementation.md,45,symbol,,,,PREP_ALL,- `fort.80` generated only for `PREP_ALL` via `PREP80()` at `[file=prep/adcprep.F line=943-946]`
models/ADCIRC/source-analysis/adcirc-parallel-implementation.md,49,file,prep/prep.F,,,,"`PREP80` writer at `[file=prep/prep.F line=7432]`, header at `[file=prep/prep.F line=7444-7463]`:"
models/ADCIRC/source-analysis/adcirc-parallel-implementation.md,49,file,prep/prep.F,,,," writer at `[file=prep/prep.F line=7432]`, header at `[file=prep/prep.F line=7444-7463]`:"
models/ADCIRC/source-analysis/adcirc-parallel-implementation.md,49,symbol,,,,PREP80,"`PREP80` writer at `[file=prep/prep.F line=7432]`, header at `[file="
models/ADCIRC/source-analysis/adcirc-parallel-implementation.md,51,symbol,,,,RUNDES,"- Run strings: `RUNDES`, `RUNID`, `AGRID`"
models/ADCIRC/source-analysis/adcirc-parallel-implementation.md,51,symbol,,,,RUNID,"- Run strings: `RUNDES`, `RUNID`, `AGRID`"
models/ADCIRC/source-analysis/adcirc-parallel-implementation.md,51,symbol,,,,AGRID,"- Run strings: `RUNDES`, `RUNID`, `AGRID`"
models/ADCIRC/source-analysis/adcirc-parallel-implementation.md,52,symbol,,,,NELG,"- Global counts: `NELG` (elements), `NNODG` (nodes), `NPROC`"
models/ADCIRC/source-analysis/adcirc-parallel-implementation.md,52,symbol,,,,NNODG,"- Global counts: `NELG` (elements), `NNODG` (nodes), `NPROC`"
models/ADCIRC/source-analysis/adcirc-parallel-implementation.md,52,symbol,,,,NPROC,"- Global counts: `NELG` (elements), `NNODG` (nodes), `NPROC`"
models/ADCIRC/source-analysis/adcirc-parallel-implementation.md,53,symbol,,,,MNPP,"- Per-PE counts: `MNPP` (nodes), `MNEP` (elements)"
models/ADCIRC/source-analysis/adcirc-parallel-implementation.md,53,symbol,,,,MNEP,"- Per-PE counts: `MNPP` (nodes), `MNEP` (elements)"
models/ADCIRC/source-analysis/adcirc-parallel-implementation.md,54,symbol,,,,NWS,"- Run config: `IM`, `NWS`, station counts, etc."
models/ADCIRC/source-analysis/adcirc-parallel-implementation.md,55,symbol,,,,NPROC,- Indices: uses `NPROC` and PE index (`I-1`)
models/ADCIRC/source-analysis/adcirc-parallel-implementation.md,56,symbol,,,,NOPROCS,- **`NOPROCS`/`MYPROC` symbols NOT in fort.80** — uses `NPROC` and PE ite
models/ADCIRC/source-analysis/adcirc-parallel-implementation.md,56,symbol,,,,MYPROC,- **`NOPROCS`/`MYPROC` symbols NOT in fort.80** — uses `NPROC` and PE iteration
models/ADCIRC/source-analysis/adcirc-parallel-implementation.md,56,symbol,,,,NPROC,- **`NOPROCS`/`MYPROC` symbols NOT in fort.80** — uses `NPROC` and PE iteration
models/ADCIRC/source-analysis/adcirc-parallel-implementation.md,60,file,prep/prep.F,,,,Local→global: `IMAP_NOD_LG` written per processor at `[file=prep/prep.F line=7465-7469]`
models/ADCIRC/source-analysis/adcirc-parallel-implementation.md,60,symbol,,,,IMAP_NOD_LG,- Local→global: `IMAP_NOD_LG` written per processor at `[file=prep/prep.F line=7465-7469]
models/ADCIRC/source-analysis/adcirc-parallel-implementation.md,61,file,prep/prep.F,,,,"- Global→(owner PE, local): at `[file=prep/prep.F line=7471-7474]`"
models/ADCIRC/source-analysis/adcirc-parallel-implementation.md,65,file,prep/prep.F,,,,- `IMAP_EL_LG` written per PE at `[file=prep/prep.F line=7479-7482]`
models/ADCIRC/source-analysis/adcirc-parallel-implementation.md,65,symbol,,,,IMAP_EL_LG,- `IMAP_EL_LG` written per PE at `[file=prep/prep.F line=7479-7482]`
models/ADCIRC/source-analysis/adcirc-parallel-implementation.md,70,file,prep/prep.F,,,,"- `IRECV_TOT/ISEND_TOT`, neighbor PE IDs at `[file=prep/prep.F line=2850-2905]`"
models/ADCIRC/source-analysis/adcirc-parallel-implementation.md,74,symbol,,,,MSG_INIT,- MPI startup in `MSG_INIT`:
models/ADCIRC/source-analysis/adcirc-parallel-implementation.md,75,file,src/messenger.F90,,,,"- `MPI_Init`, `MPI_COMM_SIZE`, `MPI_COMM_RANK` at `[file=src/messenger.F90 line=123-129]`"
models/ADCIRC/source-analysis/adcirc-parallel-implementation.md,75,symbol,,,,MPI_Init,"- `MPI_Init`, `MPI_COMM_SIZE`, `MPI_COMM_RANK` at `[file=src/messenger.F"
models/ADCIRC/source-analysis/adcirc-parallel-implementation.md,75,symbol,,,,MPI_COMM_SIZE,"- `MPI_Init`, `MPI_COMM_SIZE`, `MPI_COMM_RANK` at `[file=src/messenger.F90 line=123-129]`"
models/ADCIRC/source-analysis/adcirc-parallel-implementation.md,75,symbol,,,,MPI_COMM_RANK,"- `MPI_Init`, `MPI_COMM_SIZE`, `MPI_COMM_RANK` at `[file=src/messenger.F90 line=123-129]`"
models/ADCIRC/source-analysis/adcirc-parallel-implementation.md,76,file,src/adcirc.F,,,,- Called from main driver at `[file=src/adcirc.F line=216-219]`
models/ADCIRC/source-analysis/adcirc-parallel-implementation.md,77,file,src/sizes.F,,,,h via `MAKE_DIRNAME` to `.../PE####` (`INPUTDIR`) at `[file=src/sizes.F line=344-347]`
models/ADCIRC/source-analysis/adcirc-parallel-implementation.md,77,symbol,,,,MAKE_DIRNAME,- Per-PE input path via `MAKE_DIRNAME` to `.../PE####` (`INPUTDIR`) at `[file=src/sizes.F line=344
models/ADCIRC/source-analysis/adcirc-parallel-implementation.md,77,symbol,,,,INPUTDIR,- Per-PE input path via `MAKE_DIRNAME` to `.../PE####` (`INPUTDIR`) at `[file=src/sizes.F line=344-347]`
models/ADCIRC/source-analysis/adcirc-parallel-implementation.md,78,file,src/read_input.F,,,,- `READ_INPUT` opens `INPUTDIR/fort.15` at `[file=src/read_input.F line=394]`
models/ADCIRC/source-analysis/adcirc-parallel-implementation.md,78,symbol,,,,READ_INPUT,- `READ_INPUT` opens `INPUTDIR/fort.15` at `[file=src/read_input.F line=39
models/ADCIRC/source-analysis/adcirc-parallel-implementation.md,79,file,src/sizes.F,,,,ault to `LOCALDIR/fort.14` and `LOCALDIR/fort.13` at `[file=src/sizes.F line=377-380]`
models/ADCIRC/source-analysis/adcirc-parallel-implementation.md,81,file,src/messenger.F90,,,,ads neighbor PE IDs + send/recv local index lists at `[file=src/messenger.F90 line=448-466]`
models/ADCIRC/source-analysis/adcirc-parallel-implementation.md,81,symbol,,,,MSG_TABLE,- `MSG_TABLE` reads neighbor PE IDs + send/recv local index lists at `[fi
models/ADCIRC/source-analysis/adcirc-parallel-implementation.md,82,file,src/messenger.F90,,,,- Comm buffers allocated in `MSG_START` at `[file=src/messenger.F90 line=511-539]`
models/ADCIRC/source-analysis/adcirc-parallel-implementation.md,82,symbol,,,,MSG_START,- Comm buffers allocated in `MSG_START` at `[file=src/messenger.F90 line=511-539]`
models/ADCIRC/source-analysis/adcirc-parallel-implementation.md,87,file,src/messenger.F90,,,,- `UPDATER` (1/2/3 real arrays) at `[file=src/messenger.F90 line=652]`
models/ADCIRC/source-analysis/adcirc-parallel-implementation.md,87,symbol,,,,UPDATER,- `UPDATER` (1/2/3 real arrays) at `[file=src/messenger.F90 line=652]`
models/ADCIRC/source-analysis/adcirc-parallel-implementation.md,88,file,src/messenger.F90,,,,- `UPDATEI` (integer) at `[file=src/messenger.F90 line=552]`
models/ADCIRC/source-analysis/adcirc-parallel-implementation.md,88,symbol,,,,UPDATEI,- `UPDATEI` (integer) at `[file=src/messenger.F90 line=552]`
models/ADCIRC/source-analysis/adcirc-parallel-implementation.md,89,file,src/messenger.F90,,,,- `UPDATER3D` at `[file=src/messenger.F90 line=954]`
models/ADCIRC/source-analysis/adcirc-parallel-implementation.md,89,symbol,,,,UPDATER3D,- `UPDATER3D` at `[file=src/messenger.F90 line=954]`
models/ADCIRC/source-analysis/adcirc-parallel-implementation.md,90,file,src/messenger.F90,,,,- `UPDATER_W_PERBC` at `[file=src/messenger.F90 line=910]`
models/ADCIRC/source-analysis/adcirc-parallel-implementation.md,90,symbol,,,,UPDATER_W_PERBC,- `UPDATER_W_PERBC` at `[file=src/messenger.F90 line=910]`
models/ADCIRC/source-analysis/adcirc-parallel-implementation.md,92,symbol,,,,UPDATE2DSP,**Names like `UPDATE2DSP`/`UPDATE2DDP` are NOT in this tree** — different tradition.
models/ADCIRC/source-analysis/adcirc-parallel-implementation.md,92,symbol,,,,UPDATE2DDP,**Names like `UPDATE2DSP`/`UPDATE2DDP` are NOT in this tree** — different tradition.
models/ADCIRC/source-analysis/adcirc-parallel-implementation.md,96,file,src/gwce.F,,,,- GWCE solve update at `[file=src/gwce.F line=1874-1879]`
models/ADCIRC/source-analysis/adcirc-parallel-implementation.md,97,file,src/momentum.F,,,,- Momentum update at `[file=src/momentum.F line=137-138]`
models/ADCIRC/source-analysis/adcirc-parallel-implementation.md,98,file,src/itpackv.F,,,,- ITPACK iterations at `[file=src/itpackv.F line=537-540]`
models/ADCIRC/source-analysis/adcirc-parallel-implementation.md,102,file,src/messenger.F90,,,,point: `MPI_IRECV` + `MPI_ISEND` + `MPI_WAITSOME` at `[file=src/messenger.F90 line=697-806]`. **No `MPI_SENDRECV` used in halo paths.**
models/ADCIRC/source-analysis/adcirc-parallel-implementation.md,102,symbol,,,,MPI_IRECV,Nonblocking point-to-point: `MPI_IRECV` + `MPI_ISEND` + `MPI_WAITSOME` at `[file=src/messenger.F90 
models/ADCIRC/source-analysis/adcirc-parallel-implementation.md,102,symbol,,,,MPI_ISEND,Nonblocking point-to-point: `MPI_IRECV` + `MPI_ISEND` + `MPI_WAITSOME` at `[file=src/messenger.F90 line=697-806]`
models/ADCIRC/source-analysis/adcirc-parallel-implementation.md,102,symbol,,,,MPI_WAITSOME,Nonblocking point-to-point: `MPI_IRECV` + `MPI_ISEND` + `MPI_WAITSOME` at `[file=src/messenger.F90 line=697-806]`. **No `MPI_SENDR
models/ADCIRC/source-analysis/adcirc-parallel-implementation.md,102,symbol,,,,MPI_SENDRECV,_WAITSOME` at `[file=src/messenger.F90 line=697-806]`. **No `MPI_SENDRECV` used in halo paths.**
models/ADCIRC/source-analysis/adcirc-parallel-implementation.md,108,file,src/messenger.F90,,,,- `[file=src/messenger.F90 line=1135]` (1-array)
models/ADCIRC/source-analysis/adcirc-parallel-implementation.md,109,file,src/messenger.F90,,,,- `[file=src/messenger.F90 line=1178]` (2-array)
models/ADCIRC/source-analysis/adcirc-parallel-implementation.md,110,file,src/messenger.F90,,,,- `[file=src/messenger.F90 line=1224]` (3-array)
models/ADCIRC/source-analysis/adcirc-parallel-implementation.md,111,file,src/itpackv.F,,,,"- Called from ITPACK/JCG flow at `[file=src/itpackv.F line=555, 568, 678]`"
models/ADCIRC/source-analysis/adcirc-parallel-implementation.md,114,symbol,,,,ETAMAX,"- Maintained as `ETAMAX`, `UMAX` per node"
models/ADCIRC/source-analysis/adcirc-parallel-implementation.md,114,symbol,,,,UMAX,"- Maintained as `ETAMAX`, `UMAX` per node"
models/ADCIRC/source-analysis/adcirc-parallel-implementation.md,115,symbol,,,,collectFullDomainArray,"- Globalized via `collectFullDomainArray` at output time, not per step"
models/ADCIRC/source-analysis/adcirc-parallel-implementation.md,116,file,src/write_output.F,,,,- Setup at `[file=src/write_output.F line=1205-1260]`
models/ADCIRC/source-analysis/adcirc-parallel-implementation.md,117,file,src/write_output.F,,,,- Gather path at `[file=src/write_output.F line=4322-4324]`
models/ADCIRC/source-analysis/adcirc-parallel-implementation.md,122,file,prep/adcprep.F,,,,- adcprep also notes per-PE I/O layout at `[file=prep/adcprep.F line=109-110]`
models/ADCIRC/source-analysis/adcirc-parallel-implementation.md,126,symbol,,,,collectFullDomainArray,**Runtime**: `collectFullDomainArray` to rank 0:
models/ADCIRC/source-analysis/adcirc-parallel-implementation.md,127,file,src/globalio.F,,,,- `[file=src/globalio.F line=91-160]`
models/ADCIRC/source-analysis/adcirc-parallel-implementation.md,129,symbol,,,,adcpost,**Offline**: `adcpost` (separate executable):
models/ADCIRC/source-analysis/adcirc-parallel-implementation.md,131,file,prep/post.F,,,,- `POST_INIT` at `[file=prep/post.F line=67-116]`
models/ADCIRC/source-analysis/adcirc-parallel-implementation.md,131,symbol,,,,POST_INIT,- `POST_INIT` at `[file=prep/post.F line=67-116]`
models/ADCIRC/source-analysis/adcirc-parallel-implementation.md,132,file,prep/post.F,,,,"- Per-file merges at `[file=prep/post.F line=284, 796, 1051]` (and POST71-74 etc.)"
models/ADCIRC/source-analysis/adcirc-parallel-implementation.md,136,file,src/write_output.F,,,,MYPROC == 0` (`writeOutArrayNetCDF`) after gather at `[file=src/write_output.F line=4246-4250]`
models/ADCIRC/source-analysis/adcirc-parallel-implementation.md,136,symbol,,,,writeOutArrayNetCDF,- Writes only on `MYPROC == 0` (`writeOutArrayNetCDF`) after gather at `[file=src/write_output.F line=4246-4250]`
models/ADCIRC/source-analysis/adcirc-parallel-implementation.md,141,symbol,,,,nabout,- Debug level controlled by `nabout`:
models/ADCIRC/source-analysis/adcirc-parallel-implementation.md,142,symbol,,,,ECHO,- Default: `ECHO`
models/ADCIRC/source-analysis/adcirc-parallel-implementation.md,143,file,src/adcirc.F,,,,- Compile-time `#ifdef EBUG` promotes to `DEBUG` at `[file=src/adcirc.F line=203-206]`
models/ADCIRC/source-analysis/adcirc-parallel-implementation.md,143,symbol,,,,DEBUG,- Compile-time `#ifdef EBUG` promotes to `DEBUG` at `[file=src/adcirc.F line=203-206]`
models/ADCIRC/source-analysis/adcirc-parallel-implementation.md,145,file,src/adcirc.F,,,,d via `openLogFile(localdir)` in parallel startup at `[file=src/adcirc.F line=221]`
models/ADCIRC/source-analysis/adcirc-parallel-implementation.md,146,file,src/logging.F90,,,,"ementation: `open(.../fort.16, STATUS='REPLACE')` at `[file=src/logging.F90 line=332-344]`"
models/ADCIRC/source-analysis/adcirc-parallel-implementation.md,153,symbol,,,,PE0000,"| 2 | `adcprep --np 18 --prepall` | Creates `PE0000`–`PE0017`, writes per-PE files + `fort.80` |"
models/ADCIRC/source-analysis/adcirc-parallel-implementation.md,153,symbol,,,,PE0017,"| 2 | `adcprep --np 18 --prepall` | Creates `PE0000`–`PE0017`, writes per-PE files + `fort.80` |"
models/ADCIRC/source-analysis/adcirc-parallel-implementation.md,155,symbol,,,,adcpost,| Post | `adcpost` or built-in `POST61` etc. | Merges per-PE `PE####/fort.6X` 
models/ADCIRC/source-analysis/adcirc-parallel-implementation.md,155,symbol,,,,POST61,| Post | `adcpost` or built-in `POST61` etc. | Merges per-PE `PE####/fort.6X` into global `fort.6X`
models/ADCIRC/source-analysis/adcirc-parallel-implementation.md,175,file,prep/adcprep.F,,,,- `prep/adcprep.F` — main adcprep driver (partmesh + prepall).
models/ADCIRC/source-analysis/adcirc-parallel-implementation.md,176,file,prep/metis.F,,,,- `prep/metis.F` — METIS partition wrappers.
models/ADCIRC/source-analysis/adcirc-parallel-implementation.md,177,file,prep/prep.F,,,,- `prep/prep.F` — PREP14/15/13/80 per-PE file generators.
models/ADCIRC/source-analysis/adcirc-parallel-implementation.md,178,file,prep/post.F,,,,- `prep/post.F` — POST61-74 merge routines + POST_INIT.
models/ADCIRC/source-analysis/adcirc-parallel-implementation.md,179,file,src/messenger.F90,,,,"- `src/messenger.F90` — MPI init, halo exchange (UPDATER family), reductions."
models/ADCIRC/source-analysis/adcirc-parallel-implementation.md,180,file,src/sizes.F,,,,- `src/sizes.F` — INPUTDIR/LOCALDIR setup.
models/ADCIRC/source-analysis/adcirc-parallel-implementation.md,181,file,src/adcirc.F,,,,"- `src/adcirc.F` — driver-level MSG_INIT call, openLogFile."
models/ADCIRC/source-analysis/adcirc-parallel-implementation.md,182,file,src/globalio.F,,,,- `src/globalio.F` — collectFullDomainArray for runtime gather.
models/ADCIRC/source-analysis/adcirc-parameter-glossary-v1.md,7,file,parameter_definitions/index.rst,,,,"verification_method: ""2026-07-10 재승격: 공식 docs·소스 직접 대조 — parameter_definitions/index.rst(AGRID :10-12·DP(JN) :55-58·IBTYPE(k) :65-113)·tau0.rst(:12-"
models/ADCIRC/source-analysis/adcirc-parameter-glossary-v1.md,7,file,tau0.rst,,,,"ons/index.rst(AGRID :10-12·DP(JN) :55-58·IBTYPE(k) :65-113)·tau0.rst(:12-19 GWCE 가중, :204-214 수심의존 값표)·global.F:86-91(WarnElev/E"
models/ADCIRC/source-analysis/adcirc-parameter-glossary-v1.md,7,file-line,global.F,86,91,,"TYPE(k) :65-113)·tau0.rst(:12-19 GWCE 가중, :204-214 수심의존 값표)·global.F:86-91(WarnElev/ErrorElev 선언·주석 verbatim). 파일·실행파일·출력 항목은 위키 verif"
models/ADCIRC/source-analysis/adcirc-parameter-glossary-v1.md,25,file,docs/technical_reference/parameter_definitions/index.rst,,,,"인용 기준 문서: `docs/technical_reference/parameter_definitions/index.rst` (이하 `paramdef`), `docs/user_guide/model_configuration/mode"
models/ADCIRC/source-analysis/adcirc-parameter-glossary-v1.md,25,file,docs/user_guide/model_configuration/model_parameters/tau0.rst,,,,"eference/parameter_definitions/index.rst` (이하 `paramdef`), `docs/user_guide/model_configuration/model_parameters/tau0.rst` (이하 `tau0.rst`), 소스 `src/global.F`. 경"
models/ADCIRC/source-analysis/adcirc-parameter-glossary-v1.md,25,file,tau0.rst,,,,"r_guide/model_configuration/model_parameters/tau0.rst` (이하 `tau0.rst`), 소스 `src/global.F`. 경로는 `models/ADCIRC/raw/source_code/ad"
models/ADCIRC/source-analysis/adcirc-parameter-glossary-v1.md,25,file,src/global.F,,,,"nfiguration/model_parameters/tau0.rst` (이하 `tau0.rst`), 소스 `src/global.F`. 경로는 `models/ADCIRC/raw/source_code/adcirc/` 하위."
models/ADCIRC/source-analysis/adcirc-parameter-glossary-v1.md,25,symbol,,,,paramdef,"cs/technical_reference/parameter_definitions/index.rst` (이하 `paramdef`), `docs/user_guide/model_configuration/model_parameters/tau"
models/ADCIRC/source-analysis/adcirc-parameter-glossary-v1.md,39,file,src/nodalattr.F,,,,mon (`NWP=0` 이면 무시 — [[adcirc-fort-files-reference]] `[file=src/nodalattr.F line=1051]`)
models/ADCIRC/source-analysis/adcirc-parameter-glossary-v1.md,43,symbol,,,,AGRID,- `AGRID`
models/ADCIRC/source-analysis/adcirc-parameter-glossary-v1.md,51,file-line,docs/technical_reference/input_files/fort14.rst,34,36,, or barrier classes (`paramdef:67-` 클래스별 정의; fort.14 내 배치는 `docs/technical_reference/input_files/fort14.rst:34-36`)
models/ADCIRC/source-analysis/adcirc-parameter-glossary-v1.md,56,symbol,,,,tau0,- `tau0`
models/ADCIRC/source-analysis/adcirc-parameter-glossary-v1.md,57,file-line,tau0.rst,12,19,,"uation within the generalized wave continuity formulation (`tau0.rst:12-19` — ""the weighting factor that determines the relative contr"
models/ADCIRC/source-analysis/adcirc-parameter-glossary-v1.md,58,file-line,tau0.rst,204,214,,"- 수심이 얕을수록 높은 값 사용이 공식 값표에 내장 (`tau0.rst:204-214`: `TAU0=-1` → depth≥10 에서 0.005, depth<10 에서 0.020; `TAU0=-"
models/ADCIRC/source-analysis/adcirc-parameter-glossary-v1.md,60,symbol,,,,WarnElev,- `WarnElev`
models/ADCIRC/source-analysis/adcirc-parameter-glossary-v1.md,61,file-line,global.F,86,,,"- warning threshold for large free-surface elevation (`global.F:86` verbatim: ""elevation at which a warning is issued""; fort.6"
models/ADCIRC/source-analysis/adcirc-parameter-glossary-v1.md,63,symbol,,,,ErrorElev,- `ErrorElev`
models/ADCIRC/source-analysis/adcirc-parameter-glossary-v1.md,64,file-line,global.F,91,,," threshold for clearly erroneous water-surface elevations (`global.F:91` verbatim: ""ADCIRC terminates if this elev is exceeded"")"
models/ADCIRC/source-analysis/adcirc-parameter-glossary-v1.md,70,symbol,,,,adcprep,- `adcprep`
models/ADCIRC/source-analysis/adcirc-parameter-glossary-v1.md,72,symbol,,,,adcirc,- `adcirc`
models/ADCIRC/source-analysis/adcirc-parameter-glossary-v1.md,74,symbol,,,,padcirc,- `padcirc`
models/ADCIRC/source-analysis/adcirc-preprocessing-foundation.md,23,symbol,,,,TAU0,ailure modes in ADCIRC work usually do not start in `DT` or `TAU0`.
models/ADCIRC/source-analysis/adcirc-preprocessing-foundation.md,38,symbol,,,,NWS,- meteorological forcing is selected through `NWS` and usually depends on a `fort.22` family input
models/ADCIRC/source-analysis/adcirc-preprocessing-foundation.md,90,symbol,,,,SMS,- `SMS` as a broad GUI-based commercial environment
models/ADCIRC/source-analysis/adcirc-preprocessing-foundation.md,91,symbol,,,,OceanMesh2D,- `OceanMesh2D` as an open MATLAB-based end-to-end mesh-generation path
models/ADCIRC/source-analysis/adcirc-preprocessing-foundation.md,92,symbol,,,,SubgridADCIRCUtility,- `SubgridADCIRCUtility` as a specialized terrain/subgrid enhancement path
models/ADCIRC/source-analysis/adcirc-preprocessing-foundation.md,93,symbol,,,,MetGet,- `MetGet` as a meteorological forcing acquisition and development sys
models/ADCIRC/source-analysis/adcirc-preprocessing-foundation.md,94,symbol,,,,f13builder,- `f13builder` and related utility programs for nodal attributes
models/ADCIRC/source-analysis/adcirc-swan-coupling.md,6,file,presizes.F,,,,Control namelist + RunStartDateTime + fort.26 COMPUTE 카드) + presizes.F / prep.F / couple2swan.F diff hunk 직접 인용 (SwanTimeStep offs
models/ADCIRC/source-analysis/adcirc-swan-coupling.md,6,file,prep.F,,,,ist + RunStartDateTime + fort.26 COMPUTE 카드) + presizes.F / prep.F / couple2swan.F diff hunk 직접 인용 (SwanTimeStep offset 계산 + [
models/ADCIRC/source-analysis/adcirc-swan-coupling.md,6,file,couple2swan.F,,,,"StartDateTime + fort.26 COMPUTE 카드) + presizes.F / prep.F / couple2swan.F diff hunk 직접 인용 (SwanTimeStep offset 계산 + [1, SWAN_MTC] ran"
models/ADCIRC/source-analysis/adcirc-swan-coupling.md,15,symbol,,,,padcswan,How the `padcswan` binary couples ADCIRC and SWAN over a shared unstructured m
models/ADCIRC/source-analysis/adcirc-swan-coupling.md,19,file-line,couple2swan.F,67,1236,,"- `couple2swan.F:67-1236` — main coupling module: init, run, finalize, RS computatio"
models/ADCIRC/source-analysis/adcirc-swan-coupling.md,20,file-line,driver.F,30,57,,- `driver.F:30-57` — `CSWAN` driver entry/finalize.
models/ADCIRC/source-analysis/adcirc-swan-coupling.md,20,symbol,,,,CSWAN,- `driver.F:30-57` — `CSWAN` driver entry/finalize.
models/ADCIRC/source-analysis/adcirc-swan-coupling.md,21,file-line,adcirc.F,428,483,,- `adcirc.F:428-483` — main loop coupling call.
models/ADCIRC/source-analysis/adcirc-swan-coupling.md,22,file-line,read_input.F,1080,1083,,"- `read_input.F:1080-1083, 1790-1817, 2255-2261` — `NRS` parsing and encoding."
models/ADCIRC/source-analysis/adcirc-swan-coupling.md,22,symbol,,,,NRS,"- `read_input.F:1080-1083, 1790-1817, 2255-2261` — `NRS` parsing and encoding."
models/ADCIRC/source-analysis/adcirc-swan-coupling.md,23,file-line,wind.F,52,60,,- `wind.F:52-60` — allowable NWS table.
models/ADCIRC/source-analysis/adcirc-swan-coupling.md,24,file-line,timestep.F,664,682,,"- `timestep.F:664-682, 695-725, 1214-1218` — wind passing, RS interpolation, hotf"
models/ADCIRC/source-analysis/adcirc-swan-coupling.md,25,file-line,hstart.F,325,337,,"- `hstart.F:325-337`, `write_output.F:4969-5112`, `netcdfio.F90:5555-7045, 8017"
models/ADCIRC/source-analysis/adcirc-swan-coupling.md,25,file-line,write_output.F,4969,5112,,"- `hstart.F:325-337`, `write_output.F:4969-5112`, `netcdfio.F90:5555-7045, 8017-8085` — hot-start."
models/ADCIRC/source-analysis/adcirc-swan-coupling.md,25,file-line,netcdfio.F90,5555,7045,,"- `hstart.F:325-337`, `write_output.F:4969-5112`, `netcdfio.F90:5555-7045, 8017-8085` — hot-start."
models/ADCIRC/source-analysis/adcirc-swan-coupling.md,26,file,../thirdparty/swan/SwanReadADCGrid.f,,,,- `../thirdparty/swan/SwanReadADCGrid.ftn90:44-153` — SWAN reads `fort.14`.
models/ADCIRC/source-analysis/adcirc-swan-coupling.md,27,file,../thirdparty/swan/swanmain.f,,,,"- `../thirdparty/swan/swanmain.ftn:895-902, 8696-8983` — SWAN-side coupling hooks."
models/ADCIRC/source-analysis/adcirc-swan-coupling.md,34,file-line,couple2swan.F,947,,,"AN_INIT` | Initialize SWAN, exchange grids/initial state | `couple2swan.F:947` |"
models/ADCIRC/source-analysis/adcirc-swan-coupling.md,34,symbol,,,,PADCSWAN_INIT,"| `PADCSWAN_INIT` | Initialize SWAN, exchange grids/initial state | `couple2s"
models/ADCIRC/source-analysis/adcirc-swan-coupling.md,36,symbol,,,,PADCSWAN_FINAL,| `PADCSWAN_FINAL` | Cleanup | `:1236` |
models/ADCIRC/source-analysis/adcirc-swan-coupling.md,37,symbol,,,,ComputeRadiationStresses,| `ComputeRadiationStresses` | Integrate SWAN spectra to RS components | `:112` |
models/ADCIRC/source-analysis/adcirc-swan-coupling.md,38,symbol,,,,ComputeWaveDrivenForces,| `ComputeWaveDrivenForces` | Convert RS gradients to nodal forces | `:210` |
models/ADCIRC/source-analysis/adcirc-swan-coupling.md,40,file-line,driver.F,30,57,,"Driver glue (`driver.F:30-57`): imports `CSWAN` driver, calls `PADCSWAN_INIT` then `PADC"
models/ADCIRC/source-analysis/adcirc-swan-coupling.md,40,symbol,,,,CSWAN,"Driver glue (`driver.F:30-57`): imports `CSWAN` driver, calls `PADCSWAN_INIT` then `PADCSWAN_FINAL`."
models/ADCIRC/source-analysis/adcirc-swan-coupling.md,40,symbol,,,,PADCSWAN_INIT,"iver glue (`driver.F:30-57`): imports `CSWAN` driver, calls `PADCSWAN_INIT` then `PADCSWAN_FINAL`."
models/ADCIRC/source-analysis/adcirc-swan-coupling.md,40,symbol,,,,PADCSWAN_FINAL,"30-57`): imports `CSWAN` driver, calls `PADCSWAN_INIT` then `PADCSWAN_FINAL`."
models/ADCIRC/source-analysis/adcirc-swan-coupling.md,42,file-line,adcirc.F,428,483,,Time-loop call (`adcirc.F:428-483`):
models/ADCIRC/source-analysis/adcirc-swan-coupling.md,51,file-line,couple2swan.F,950,,,"- ADCIRC runs every `DT`; SWAN `DT` imported as `SWAN_DT` (`couple2swan.F:950, 965`)."
models/ADCIRC/source-analysis/adcirc-swan-coupling.md,51,symbol,,,,SWAN_DT,"- ADCIRC runs every `DT`; SWAN `DT` imported as `SWAN_DT` (`couple2swan.F:950, 965`)."
models/ADCIRC/source-analysis/adcirc-swan-coupling.md,53,file-line,adcirc.F,475,483,,- ADCIRC calls SWAN only on that interval (`adcirc.F:475-483`).
models/ADCIRC/source-analysis/adcirc-swan-coupling.md,54,file-line,couple2swan.F,1212,1215,," SWAN run, interpolation midpoint used for time-centering (`couple2swan.F:1212-1215`)."
models/ADCIRC/source-analysis/adcirc-swan-coupling.md,56,symbol,,,,CWTIM_INC,**Note**: there is **no `CWTIM_INC` symbol** in this tree; coupling interval comes from SWAN `T
models/ADCIRC/source-analysis/adcirc-swan-coupling.md,60,file-line,couple2swan.F,112,119,,"1. SWAN spectra integrated into `ADCIRC_SXX/SXY/SYY` (`couple2swan.F:112-119, 177-196`)."
models/ADCIRC/source-analysis/adcirc-swan-coupling.md,62,file-line,timestep.F,695,703,, extrapolates/interpolates into `RSNX2/RSNY2` for `NRS=3` (`timestep.F:695-703`).
models/ADCIRC/source-analysis/adcirc-swan-coupling.md,63,file-line,timestep.F,721,725,,4. Added to wind stress in momentum (`timestep.F:721-725`).
models/ADCIRC/source-analysis/adcirc-swan-coupling.md,67,file-line,couple2swan.F,67,75,,"Allocated arrays (`couple2swan.F:67-75, 974-982`):"
models/ADCIRC/source-analysis/adcirc-swan-coupling.md,68,symbol,,,,SWAN_ETA2,- `SWAN_ETA2` — water level.
models/ADCIRC/source-analysis/adcirc-swan-coupling.md,69,symbol,,,,SWAN_UU2,"- `SWAN_UU2`, `SWAN_VV2` — currents."
models/ADCIRC/source-analysis/adcirc-swan-coupling.md,69,symbol,,,,SWAN_VV2,"- `SWAN_UU2`, `SWAN_VV2` — currents."
models/ADCIRC/source-analysis/adcirc-swan-coupling.md,70,symbol,,,,SWAN_WX2,"- `SWAN_WX2`, `SWAN_WY2` — winds (if `COUPWIND`)."
models/ADCIRC/source-analysis/adcirc-swan-coupling.md,70,symbol,,,,SWAN_WY2,"- `SWAN_WX2`, `SWAN_WY2` — winds (if `COUPWIND`)."
models/ADCIRC/source-analysis/adcirc-swan-coupling.md,70,symbol,,,,COUPWIND,"- `SWAN_WX2`, `SWAN_WY2` — winds (if `COUPWIND`)."
models/ADCIRC/source-analysis/adcirc-swan-coupling.md,77,file-line,timestep.F,664,682,,- Wind passed from ADCIRC met → SWAN if `COUPWIND` (`timestep.F:664-682`).
models/ADCIRC/source-analysis/adcirc-swan-coupling.md,77,symbol,,,,COUPWIND,- Wind passed from ADCIRC met → SWAN if `COUPWIND` (`timestep.F:664-682`).
models/ADCIRC/source-analysis/adcirc-swan-coupling.md,79,file,../thirdparty/swan/swanmain.f,,,,SWAN-side memory grab post-preprocess (`../thirdparty/swan/swanmain.ftn:8696-8983`).
models/ADCIRC/source-analysis/adcirc-swan-coupling.md,83,file,SwanReadADCGrid.f,,,,WAN unstructured ADCIRC reader explicitly opens `fort.14` (`SwanReadADCGrid.ftn90:44-103`):
models/ADCIRC/source-analysis/adcirc-swan-coupling.md,86,file-line,couple2swan.F,596,598,,"pler uses SWAN `nverts/xcugrd/ycugrd` for output/exchange (`couple2swan.F:596-598, 800-835`)."
models/ADCIRC/source-analysis/adcirc-swan-coupling.md,92,file-line,wind.F,52,60,,**Important**: `wind.F:52-60` allowable base `NWS` list **excludes 83/84**.
models/ADCIRC/source-analysis/adcirc-swan-coupling.md,92,symbol,,,,NWS,**Important**: `wind.F:52-60` allowable base `NWS` list **excludes 83/84**.
models/ADCIRC/source-analysis/adcirc-swan-coupling.md,94,file-line,read_input.F,1790,1817,,"Instead, `read_input.F:1790-1817` parses radiation-stress coupling from **hundreds digit**:"
models/ADCIRC/source-analysis/adcirc-swan-coupling.md,116,symbol,,,,makefile,`makefile` distinguishes:
models/ADCIRC/source-analysis/adcirc-swan-coupling.md,120,symbol,,,,padcirc,"| `padcirc` (parallel ADCIRC) | `FFLAGS3 $(DP)`, no SWAN VPATH | Not bu"
models/ADCIRC/source-analysis/adcirc-swan-coupling.md,121,symbol,,,,padcswan,"| `padcswan` (coupled) | parallel + `-DCSWAN`, SWAN VPATH, SWAN switch `"
models/ADCIRC/source-analysis/adcirc-swan-coupling.md,125,symbol,,,,padcswan,So **always use `padcswan` for coupled runs**; `padcirc` even with `NRS=3` won't have 
models/ADCIRC/source-analysis/adcirc-swan-coupling.md,125,symbol,,,,padcirc,So **always use `padcswan` for coupled runs**; `padcirc` even with `NRS=3` won't have SWAN linked.
models/ADCIRC/source-analysis/adcirc-swan-coupling.md,129,file-line,hstart.F,325,337,,NX/RSNY`; for `NRS=3` also reads `SWAN_RSNX/RSNY` history (`hstart.F:325-337`).
models/ADCIRC/source-analysis/adcirc-swan-coupling.md,133,file-line,write_output.F,4969,5112,,- If `NRS=3`: SWAN RS arrays (`write_output.F:4969-5112`).
models/ADCIRC/source-analysis/adcirc-swan-coupling.md,135,file-line,netcdfio.F90,5555,5568,,NetCDF hot-start defines `swan_rsx1/rsy1/rsx2/rsy2` (`netcdfio.F90:5555-5568`); writes for `nrs==3` (`:6966-7045`).
models/ADCIRC/source-analysis/adcirc-swan-coupling.md,138,file-line,read_input.F,1080,1083,,- ADCIRC sets `SwanHotStartUnit` (`read_input.F:1080-1083`).
models/ADCIRC/source-analysis/adcirc-swan-coupling.md,138,symbol,,,,SwanHotStartUnit,- ADCIRC sets `SwanHotStartUnit` (`read_input.F:1080-1083`).
models/ADCIRC/source-analysis/adcirc-swan-coupling.md,139,file-line,timestep.F,1214,1218,,- `timestep.F:1214-1218` defers SWAN hotfile write until after next SWAN step.
models/ADCIRC/source-analysis/adcirc-swan-coupling.md,140,file,swanmain.f,,,,- SWAN calls `BACKUP` then clears flag (`swanmain.ftn:895-902`).
models/ADCIRC/source-analysis/adcirc-swan-coupling.md,140,symbol,,,,BACKUP,- SWAN calls `BACKUP` then clears flag (`swanmain.ftn:895-902`).
models/ADCIRC/source-analysis/adcirc-swan-coupling.md,142,file-line,netcdfio.F90,8017,8085,,`hs%rs1/rs2` IDs into `swan_*` arrays — not `hs%swan_rs*` (`netcdfio.F90:8017-8085`). This may indicate a latent bug in NetCDF restart of SWAN
models/ADCIRC/source-analysis/adcirc-swan-coupling.md,148,symbol,,,,padcswan,"| Tide + wave coupling, OWI met | Compile `padcswan`; set `NWS=312` (or `308` for OWI ASCII met) |"
models/ADCIRC/source-analysis/adcirc-swan-coupling.md,153,symbol,,,,SwanHotStartUnit,-start coupled run | `IHOT=67/68` for ADCIRC; SWAN auto via `SwanHotStartUnit` |
models/ADCIRC/source-analysis/adcirc-swan-coupling.md,158,symbol,,,,padcswan,- Use `padcswan` binary; verify with `padcswan --help` or check link map for
models/ADCIRC/source-analysis/adcirc-swan-coupling.md,158,symbol,,,,swan,binary; verify with `padcswan --help` or check link map for `swan` symbols.
models/ADCIRC/source-analysis/adcirc-swan-coupling.md,159,symbol,,,,SWAN_DT,- `SWAN_DT` typically 60-1800 s; ADCIRC `DT` 0.5-5 s. Ratio 100-300 is 
models/ADCIRC/source-analysis/adcirc-swan-coupling.md,160,symbol,,,,OutputControl,- Set ADCIRC `OutputControl` and SWAN `BLOCK` outputs at compatible intervals for diagno
models/ADCIRC/source-analysis/adcirc-swan-coupling.md,160,symbol,,,,BLOCK,- Set ADCIRC `OutputControl` and SWAN `BLOCK` outputs at compatible intervals for diagnostic plots.
models/ADCIRC/source-analysis/adcirc-swan-coupling.md,162,file,couple2swan.F,,,,"- `COUPWIND` flag in `couple2swan.F`: if true, ADCIRC met goes to SWAN; if false, SWAN reads it"
models/ADCIRC/source-analysis/adcirc-swan-coupling.md,162,symbol,,,,COUPWIND,"- `COUPWIND` flag in `couple2swan.F`: if true, ADCIRC met goes to SWAN; "
models/ADCIRC/source-analysis/adcirc-swan-coupling.md,164,symbol,,,,HOTSTART,- SWAN spectral hot-start (`HOTSTART` in SWAN input) is separate from ADCIRC hot-start; both must
models/ADCIRC/source-analysis/adcirc-swan-coupling.md,169,symbol,,,,padcirc,- ▢ Using `padcirc` with `NWS=308` — base met works but no SWAN linked; runs wi
models/ADCIRC/source-analysis/adcirc-swan-coupling.md,170,symbol,,,,SWAN_DT,- ▢ `SWAN_DT` not divisible by `DT` — coupling interval rounds; output fr
models/ADCIRC/source-analysis/adcirc-swan-coupling.md,172,symbol,,,,TIMELOC, ADCIRC catches up — cyclic dependency; ensure both at same `TIMELOC`.
models/ADCIRC/source-analysis/adcirc-swan-coupling.md,173,symbol,,,,INPGRID,ime alignment — `STATIM/REFTIM` apply to ADCIRC; SWAN reads `INPGRID` time block independently. Match epochs.
models/ADCIRC/source-analysis/adcirc-swan-coupling.md,174,file-line,netcdfio.F90,8017,8085,,- ▢ NetCDF restart with `NRS=3` — possible bug at `netcdfio.F90:8017-8085` (`hs%rs1/rs2` vs `hs%swan_rs*`); test on small case before
models/ADCIRC/source-analysis/adcirc-swan-coupling.md,178,file,//github.c,,,,"PR [#498](https://github.com/adcirc/adcirc/pull/498) (OPEN, branch `Spatial-and-Tempor"
models/ADCIRC/source-analysis/adcirc-swan-coupling.md,178,file,//github.c,,,, 2 예정. 외부 docs: [CCHT-NCSU/Spatial-Temporal-Controls](https://github.com/ccht-ncsu/Spatial-Temporal-Controls).
models/ADCIRC/source-analysis/adcirc-swan-coupling.md,186,symbol,,,,RunStartDateTime,`RunStartDateTime` 은 현 ADCIRC 시뮬레이션의 시작 시각
models/ADCIRC/source-analysis/adcirc-swan-coupling.md,188,symbol,,,,COMPUTE,- **fort.26 (SWAN)** 의 `COMPUTE` 카드를 desired range 로 변경:
models/ADCIRC/source-analysis/adcirc-swan-coupling.md,193,symbol,,,,RunStartDateTime,"→ namelist 없거나 `RunStartDateTime` 에 `-` 포함 (default sentinel `""-99999""`) 시 **기존 동작 그대로 (전체 시간"
models/ADCIRC/source-analysis/adcirc-swan-coupling.md,199,file,prep/presizes.F,,,,| `prep/presizes.F` | +RunStartDateTime 변수 + SWANTimeControl namelist + SIZEUP
models/ADCIRC/source-analysis/adcirc-swan-coupling.md,200,file,prep/prep.F,,,,| `prep/prep.F` | `PREP15` 에서 `SWANTimeControl` namelist write | 파티션 prep 
models/ADCIRC/source-analysis/adcirc-swan-coupling.md,200,symbol,,,,PREP15,| `prep/prep.F` | `PREP15` 에서 `SWANTimeControl` namelist write | 파티션 prep 단계 출력 보존 |
models/ADCIRC/source-analysis/adcirc-swan-coupling.md,200,symbol,,,,SWANTimeControl,| `prep/prep.F` | `PREP15` 에서 `SWANTimeControl` namelist write | 파티션 prep 단계 출력 보존 |
models/ADCIRC/source-analysis/adcirc-swan-coupling.md,201,file,src/couple2swan.F,,,,| `src/couple2swan.F` | `SwanTimeStep` 초기값 = 0 명시; `PADCSWAN_INIT` 에서 `RunStartD
models/ADCIRC/source-analysis/adcirc-swan-coupling.md,201,symbol,,,,SwanTimeStep,| `src/couple2swan.F` | `SwanTimeStep` 초기값 = 0 명시; `PADCSWAN_INIT` 에서 `RunStartDateTime` 파싱 → `Swa
models/ADCIRC/source-analysis/adcirc-swan-coupling.md,201,symbol,,,,PADCSWAN_INIT,| `src/couple2swan.F` | `SwanTimeStep` 초기값 = 0 명시; `PADCSWAN_INIT` 에서 `RunStartDateTime` 파싱 → `SwanTimeStep = NINT((AdcircStar
models/ADCIRC/source-analysis/adcirc-swan-coupling.md,201,symbol,,,,RunStartDateTime,ple2swan.F` | `SwanTimeStep` 초기값 = 0 명시; `PADCSWAN_INIT` 에서 `RunStartDateTime` 파싱 → `SwanTimeStep = NINT((AdcircStartTime - SWAN_TINIC) / 
models/ADCIRC/source-analysis/adcirc-swan-coupling.md,201,symbol,,,,PADCSWAN_RUN,"TimeStep = NINT((AdcircStartTime - SWAN_TINIC) / SWAN_DT)`; `PADCSWAN_RUN` 에서 `[1, SWAN_MTC]` 범위 밖이면 `SWMAIN` skip + wave output senti"
models/ADCIRC/source-analysis/adcirc-swan-coupling.md,201,symbol,,,,SWMAIN,"INIC) / SWAN_DT)`; `PADCSWAN_RUN` 에서 `[1, SWAN_MTC]` 범위 밖이면 `SWMAIN` skip + wave output sentinel + radiation stress 0 | 핵심 coupl"
models/ADCIRC/source-analysis/adcirc-swan-coupling.md,204,file,couple2swan.F,,,,### Algorithm 요점 (couple2swan.F PADCSWAN_INIT/RUN)
models/ADCIRC/source-analysis/adcirc-swan-coupling.md,227,symbol,,,,SWAN_MTC,→ 핵심 `SWAN_MTC` 는 SWAN 측 (fort.26) `COMPUTE` 카드로부터 도출되는 MTC (Maximum Time-s
models/ADCIRC/source-analysis/adcirc-swan-coupling.md,227,symbol,,,,COMPUTE,→ 핵심 `SWAN_MTC` 는 SWAN 측 (fort.26) `COMPUTE` 카드로부터 도출되는 MTC (Maximum Time-step Counter). 사용자 fort.26 의 C
models/ADCIRC/source-analysis/adcirc-swan-coupling.md,227,symbol,,,,SWAN_MTC,imum Time-step Counter). 사용자 fort.26 의 COMPUTE range 가 짧을수록 `SWAN_MTC` 작음 → SWAN 호출 시간 윈도우 짧음.
models/ADCIRC/source-analysis/adcirc-swan-coupling.md,238,symbol,,,,COMPUTE,t track / fort.22 GAHM record) 으로부터 적절한 buffer (예: ±24h) 잡고 `COMPUTE` 카드 범위 설정
models/ADCIRC/source-analysis/adcirc-swan-coupling.md,244,symbol,,,,padcswan,- Build recipe for `padcswan` on Linux/Intel.
models/ADCIRC/source-analysis/adcirc-swan-coupling.md,254,file,//github.c,,,,- PR #498 <https://github.com/adcirc/adcirc/pull/498> (OPEN 2026-05-18 update).
models/ADCIRC/source-analysis/adcirc-swan-coupling.md,255,file,//github.c,,,,- CCHT-NCSU temporal/spatial controls docs <https://github.com/ccht-ncsu/Spatial-Temporal-Controls>.
models/ADCIRC/source-analysis/adcirc-tidal-forcing.md,2,file,harm.F,,,,"lar ephemeris + internal tide wave drag + harmonic analysis(harm.F)"""
models/ADCIRC/source-analysis/adcirc-tidal-forcing.md,7,file,models/ADCIRC/raw/source_code/adcirc/src/timestep.F,,,,"verification_method: ""models/ADCIRC/raw/source_code/adcirc/src/timestep.F (조석 potential 1509-1556) + internaltide.F90(249) + harm.F(2"
models/ADCIRC/source-analysis/adcirc-tidal-forcing.md,7,file,internaltide.F90,,,,ource_code/adcirc/src/timestep.F (조석 potential 1509-1556) + internaltide.F90(249) + harm.F(2071) + astronomic.F90/ephemerides.F90/moon.F
models/ADCIRC/source-analysis/adcirc-tidal-forcing.md,7,file,harm.F,,,,mestep.F (조석 potential 1509-1556) + internaltide.F90(249) + harm.F(2071) + astronomic.F90/ephemerides.F90/moon.F90 헤더 + 적용부(mo
models/ADCIRC/source-analysis/adcirc-tidal-forcing.md,7,file,astronomic.F90/ephemerides.F90/moon.F90,,,,"tential 1509-1556) + internaltide.F90(249) + harm.F(2071) + astronomic.F90/ephemerides.F90/moon.F90 헤더 + 적용부(momentum.F:441 barotropic, gwce.F:1181/2592, CTIP)"
models/ADCIRC/source-analysis/adcirc-tidal-forcing.md,7,file-line,momentum.F,441,,,".F(2071) + astronomic.F90/ephemerides.F90/moon.F90 헤더 + 적용부(momentum.F:441 barotropic, gwce.F:1181/2592, CTIP) 직접 read. TIP2 식·ETRF·sp"
models/ADCIRC/source-analysis/adcirc-tidal-forcing.md,7,file-line,gwce.F,1181,,,"phemerides.F90/moon.F90 헤더 + 적용부(momentum.F:441 barotropic, gwce.F:1181/2592, CTIP) 직접 read. TIP2 식·ETRF·species L_N·SAL·NTIP=2 pat"
models/ADCIRC/source-analysis/adcirc-tidal-forcing.md,20,file,timestep.F,,,,> `timestep.F`(tidal potential) + `internaltide.F90`(249) + `harm.F`(2071
models/ADCIRC/source-analysis/adcirc-tidal-forcing.md,20,file,internaltide.F90,,,,> `timestep.F`(tidal potential) + `internaltide.F90`(249) + `harm.F`(2071) + `astronomic/ephemerides/moon.F90` 
models/ADCIRC/source-analysis/adcirc-tidal-forcing.md,20,file,harm.F,,,, `timestep.F`(tidal potential) + `internaltide.F90`(249) + `harm.F`(2071) + `astronomic/ephemerides/moon.F90` 직접 read. ADCIRC 
models/ADCIRC/source-analysis/adcirc-tidal-forcing.md,20,file,astronomic/ephemerides/moon.F90,,,,al potential) + `internaltide.F90`(249) + `harm.F`(2071) + `astronomic/ephemerides/moon.F90` 직접 read. ADCIRC 조석 구동의 **body-force**(open-BC tidal elevat
models/ADCIRC/source-analysis/adcirc-tidal-forcing.md,22,file-line,timestep.F,1527,1556,,## 1. Tidal potential — constituent 방식 (timestep.F:1527-1556) ★
models/ADCIRC/source-analysis/adcirc-tidal-forcing.md,32,symbol,,,,NTIF,"- `NTIF` = tidal potential 상수 개수, `AMIGT`=각진동수, `PERT`=nodal 주기, `FA"
models/ADCIRC/source-analysis/adcirc-tidal-forcing.md,32,symbol,,,,AMIGT,"- `NTIF` = tidal potential 상수 개수, `AMIGT`=각진동수, `PERT`=nodal 주기, `FACET`=평형 phase, `NCYC`=주기 cycle 정수"
models/ADCIRC/source-analysis/adcirc-tidal-forcing.md,32,symbol,,,,PERT,"- `NTIF` = tidal potential 상수 개수, `AMIGT`=각진동수, `PERT`=nodal 주기, `FACET`=평형 phase, `NCYC`=주기 cycle 정수(위상 reset)."
models/ADCIRC/source-analysis/adcirc-tidal-forcing.md,32,symbol,,,,FACET,"IF` = tidal potential 상수 개수, `AMIGT`=각진동수, `PERT`=nodal 주기, `FACET`=평형 phase, `NCYC`=주기 cycle 정수(위상 reset)."
models/ADCIRC/source-analysis/adcirc-tidal-forcing.md,32,symbol,,,,NCYC,"ial 상수 개수, `AMIGT`=각진동수, `PERT`=nodal 주기, `FACET`=평형 phase, `NCYC`=주기 cycle 정수(위상 reset)."
models/ADCIRC/source-analysis/adcirc-tidal-forcing.md,34,symbol,,,,RampTip,"al 진폭 × species 계수, **FFT** = nodal factor(18.6년 교점 보정 진폭), `RampTip`=ramp."
models/ADCIRC/source-analysis/adcirc-tidal-forcing.md,35,symbol,,,,SLAM,"idiurnal. `L_N(NA,I)` = 위도 의존 geometric 함수(NA=2 → cos²φ 등), `SLAM`=경도(diurnal/semidiurnal 의 경도 의존 NA·λ)."
models/ADCIRC/source-analysis/adcirc-tidal-forcing.md,36,file-line,momentum.F,441,,,- 적용(`CTIP`): [[adcirc-momentum-implementation]] momentum.F:441 (barotropic pressure 에 합산) + [[adcirc-gwce-implementation]]
models/ADCIRC/source-analysis/adcirc-tidal-forcing.md,36,file-line,gwce.F,1181,,,(barotropic pressure 에 합산) + [[adcirc-gwce-implementation]] gwce.F:1181/2592. timestep.F:1133 `MOM_LV_X −= TIP1+TIP2`.
models/ADCIRC/source-analysis/adcirc-tidal-forcing.md,36,file-line,timestep.F,1133,,,re 에 합산) + [[adcirc-gwce-implementation]] gwce.F:1181/2592. timestep.F:1133 `MOM_LV_X −= TIP1+TIP2`.
models/ADCIRC/source-analysis/adcirc-tidal-forcing.md,36,symbol,,,,CTIP,- 적용(`CTIP`): [[adcirc-momentum-implementation]] momentum.F:441 (barotr
models/ADCIRC/source-analysis/adcirc-tidal-forcing.md,45,file-line,timestep.F,1527,,,- `NTIP==2` 또는 `tidePotential` 비활성 시 적용(timestep.F:1527). 대양 규모 조석 정확도(~5-10%)에 중요`[source-needed]`.
models/ADCIRC/source-analysis/adcirc-tidal-forcing.md,45,symbol,,,,tidePotential,- `NTIP==2` 또는 `tidePotential` 비활성 시 적용(timestep.F:1527). 대양 규모 조석 정확도(~5-10%)에 중요`[source
models/ADCIRC/source-analysis/adcirc-tidal-forcing.md,47,file,astronomic/ephemerides/moon.F90,,,,## 3. 직접 luni-solar ephemeris (astronomic/ephemerides/moon.F90)
models/ADCIRC/source-analysis/adcirc-tidal-forcing.md,49,file-line,timestep.F,162,,,"`tidePotential%active()` 시 constituent 합 대신 **천체력 직접 계산**(timestep.F:162 ""full luni-solar tidal potential""):"
models/ADCIRC/source-analysis/adcirc-tidal-forcing.md,50,file,moon.F90,,,,- `moon.F90`(602)/`ephemerides.F90`(438)/`astronomic.F90`(460) + **`sun
models/ADCIRC/source-analysis/adcirc-tidal-forcing.md,50,file,ephemerides.F90,,,,- `moon.F90`(602)/`ephemerides.F90`(438)/`astronomic.F90`(460) + **`sun.F90`·`sun_moon_system.
models/ADCIRC/source-analysis/adcirc-tidal-forcing.md,50,file,astronomic.F90,,,,- `moon.F90`(602)/`ephemerides.F90`(438)/`astronomic.F90`(460) + **`sun.F90`·`sun_moon_system.F90`**(태양 위치·해-달 천체계) 
models/ADCIRC/source-analysis/adcirc-tidal-forcing.md,50,file,sun.F90,,,,F90`(602)/`ephemerides.F90`(438)/`astronomic.F90`(460) + **`sun.F90`·`sun_moon_system.F90`**(태양 위치·해-달 천체계) = 달·태양 위치(적위·거리) 시계
models/ADCIRC/source-analysis/adcirc-tidal-forcing.md,50,file,sun_moon_system.F90,,,,`ephemerides.F90`(438)/`astronomic.F90`(460) + **`sun.F90`·`sun_moon_system.F90`**(태양 위치·해-달 천체계) = 달·태양 위치(적위·거리) 시계열 → 시변 tidal potential
models/ADCIRC/source-analysis/adcirc-tidal-forcing.md,51,file-line,timestep.F,1543,1547,,- 이 경우 SAL 만 constituent 방식(`SALTAMP`)으로 더해짐(timestep.F:1543-1547).
models/ADCIRC/source-analysis/adcirc-tidal-forcing.md,51,symbol,,,,SALTAMP,- 이 경우 SAL 만 constituent 방식(`SALTAMP`)으로 더해짐(timestep.F:1543-1547).
models/ADCIRC/source-analysis/adcirc-tidal-forcing.md,53,file,internaltide.F90,,,,"## 4. Internal tide wave drag (internaltide.F90, 249)"
models/ADCIRC/source-analysis/adcirc-tidal-forcing.md,56,file,nodalattr.F,,,,"- `apply2dinternalwavedrag`(nodalattr.F) 가 실제 적용; internaltide.F90 은 보조(가독성 분리, line 27/58)."
models/ADCIRC/source-analysis/adcirc-tidal-forcing.md,56,file,internaltide.F90,,,,"- `apply2dinternalwavedrag`(nodalattr.F) 가 실제 적용; internaltide.F90 은 보조(가독성 분리, line 27/58)."
models/ADCIRC/source-analysis/adcirc-tidal-forcing.md,56,symbol,,,,apply2dinternalwavedrag,"- `apply2dinternalwavedrag`(nodalattr.F) 가 실제 적용; internaltide.F90 은 보조(가독성 분리, line 27"
models/ADCIRC/source-analysis/adcirc-tidal-forcing.md,59,file,harm.F,,,,"## 5. Harmonic analysis (harm.F, 2071)"
models/ADCIRC/source-analysis/adcirc-tidal-forcing.md,62,file-line,harm.F,62,,,"- `LSQUPDLHS`(LHS 행렬)/`LSQUPDRHS`(RHS) 누적(harm.F:62, [[adcirc-output-writers-implementation]]:64) — 요청 window 동"
models/ADCIRC/source-analysis/adcirc-tidal-forcing.md,62,symbol,,,,LSQUPDLHS,"- `LSQUPDLHS`(LHS 행렬)/`LSQUPDRHS`(RHS) 누적(harm.F:62, [[adcirc-output-writ"
models/ADCIRC/source-analysis/adcirc-tidal-forcing.md,62,symbol,,,,LSQUPDRHS,"- `LSQUPDLHS`(LHS 행렬)/`LSQUPDRHS`(RHS) 누적(harm.F:62, [[adcirc-output-writers-implementation]]"
models/ADCIRC/source-analysis/adcirc-tidal-forcing.md,78,file-line,gwce.F,1181,,,- [[adcirc-gwce-implementation]] — gwce.F:1181/2592 tidal potential
models/ADCIRC/source-analysis/adcirc-tidal-forcing.md,79,file,harm.F,,,,- [[adcirc-output-writers-implementation]] — harm.F harmonic accumulator → fort.53/54
models/ADCIRC/source-analysis/adcirc-timestep-orchestration.md,2,file,timestep.F,,,,"title: ""ADCIRC time-step orchestration (timestep.F TIMESTEP + solveGWCE) — per-step 실행 순서: ramp→friction→radia"
models/ADCIRC/source-analysis/adcirc-timestep-orchestration.md,7,file,models/ADCIRC/raw/source_code/adcirc/src/timestep.F,,,,"verification_method: ""models/ADCIRC/raw/source_code/adcirc/src/timestep.F (TIMESTEP 55-1493, solveGWCE 호출 1069) + gwce.F (solveGWCE 1"
models/ADCIRC/source-analysis/adcirc-timestep-orchestration.md,7,file,gwce.F,,,,"circ/src/timestep.F (TIMESTEP 55-1493, solveGWCE 호출 1069) + gwce.F (solveGWCE 166-226: GWCE_New→UPDATER→Mom_Eqs_New_NC→UPDATER"
models/ADCIRC/source-analysis/adcirc-timestep-orchestration.md,7,file-line,adcirc.F,476,,,"ATER→Mom_Eqs_New_NC→UPDATER, CPRECOR predictor-corrector) + adcirc.F:476(CALL TIMESTEP) 직접 read. ramp/friction/radiation stress/BPG2"
models/ADCIRC/source-analysis/adcirc-timestep-orchestration.md,19,file,timestep.F,,,,# ADCIRC time-step orchestration (timestep.F / solveGWCE)
models/ADCIRC/source-analysis/adcirc-timestep-orchestration.md,21,file,timestep.F,,,,> `timestep.F`(TIMESTEP 55-1493) + `gwce.F`(solveGWCE 166-226) 직접 read. A
models/ADCIRC/source-analysis/adcirc-timestep-orchestration.md,21,file,gwce.F,,,,> `timestep.F`(TIMESTEP 55-1493) + `gwce.F`(solveGWCE 166-226) 직접 read. ADCIRC 한 time step 의 **실행 순서**
models/ADCIRC/source-analysis/adcirc-timestep-orchestration.md,21,file-line,adcirc.F,476,,,inic-coupling]])이 **언제 호출되는지** 묶는 orchestration. main loop `adcirc.F:476 DO ITIME → CALL TIMESTEP(ITIME)`.
models/ADCIRC/source-analysis/adcirc-timestep-orchestration.md,23,file,timestep.F,,,,## 1. TIMESTEP per-step 순서 (timestep.F)
models/ADCIRC/source-analysis/adcirc-timestep-orchestration.md,30,symbol,,,,Apply2DBottomFriction,| 4 | **bottom friction** `Apply2DBottomFriction`(→TK) + `Apply2DInternalWaveDrag` + `Apply2DMomentumDisp` / 
models/ADCIRC/source-analysis/adcirc-timestep-orchestration.md,30,symbol,,,,Apply2DInternalWaveDrag,| 4 | **bottom friction** `Apply2DBottomFriction`(→TK) + `Apply2DInternalWaveDrag` + `Apply2DMomentumDisp` / 3D `Apply3DBottomFriction` | 210-
models/ADCIRC/source-analysis/adcirc-timestep-orchestration.md,30,symbol,,,,Apply2DMomentumDisp, `Apply2DBottomFriction`(→TK) + `Apply2DInternalWaveDrag` + `Apply2DMomentumDisp` / 3D `Apply3DBottomFriction` | 210-226 |
models/ADCIRC/source-analysis/adcirc-timestep-orchestration.md,30,symbol,,,,Apply3DBottomFriction,K) + `Apply2DInternalWaveDrag` + `Apply2DMomentumDisp` / 3D `Apply3DBottomFriction` | 210-226 |
models/ADCIRC/source-analysis/adcirc-timestep-orchestration.md,32,symbol,,,,RSGET,| 6 | **wave radiation stress** update `RSGET`/`RS2GET`/`ComputeWaveDrivenForces` | 288-330 |
models/ADCIRC/source-analysis/adcirc-timestep-orchestration.md,32,symbol,,,,RS2GET,| 6 | **wave radiation stress** update `RSGET`/`RS2GET`/`ComputeWaveDrivenForces` | 288-330 |
models/ADCIRC/source-analysis/adcirc-timestep-orchestration.md,32,symbol,,,,ComputeWaveDrivenForces,| 6 | **wave radiation stress** update `RSGET`/`RS2GET`/`ComputeWaveDrivenForces` | 288-330 |
models/ADCIRC/source-analysis/adcirc-timestep-orchestration.md,33,symbol,,,,BPG2D,| 7 | **baroclinic 압력경사** `BPG2D`(C2DDI) / `BPG3D`(C3DVS) | 482-486 |
models/ADCIRC/source-analysis/adcirc-timestep-orchestration.md,33,symbol,,,,BPG3D,| 7 | **baroclinic 압력경사** `BPG2D`(C2DDI) / `BPG3D`(C3DVS) | 482-486 |
models/ADCIRC/source-analysis/adcirc-timestep-orchestration.md,34,symbol,,,,COMPUTE_EXTERNAL_BOUNDARY_FLUX,| 8 | **external boundary flux** `COMPUTE_EXTERNAL_BOUNDARY_FLUX`(→QN2) | 593 |
models/ADCIRC/source-analysis/adcirc-timestep-orchestration.md,38,symbol,,,,METONLY,"- met-only(`METONLY`) 또는 ramp 구간엔 GWCE/momentum skip 분기(jgf48.4627, :438)."
models/ADCIRC/source-analysis/adcirc-timestep-orchestration.md,40,file-line,gwce.F,166,226,,## 2. solveGWCE — GWCE↔momentum 결합 순서 (gwce.F:166-226) ★
models/ADCIRC/source-analysis/adcirc-timestep-orchestration.md,56,symbol,,,,CPRECOR,"- **predictor-corrector**(`CPRECOR`): ζ predictor → U,V → ζ corrector(갱신 유속 기반) — 비선형 안정·정확도. `"
models/ADCIRC/source-analysis/adcirc-timestep-orchestration.md,56,symbol,,,,LoadEleSlopeLim,"`): ζ predictor → U,V → ζ corrector(갱신 유속 기반) — 비선형 안정·정확도. `LoadEleSlopeLim`(DG slope limiter) 시 추가 UPDATER."
models/ADCIRC/source-analysis/adcirc-timestep-orchestration.md,57,symbol,,,,UPDATER,- 각 solve 후 **`UPDATER`** = MPI subdomain halo 교환([[adcirc-parallel-implementation]
models/ADCIRC/source-analysis/adcirc-timestep-orchestration.md,63,symbol,,,,SCALAR_TRANS_2D,| `SCALAR_TRANS_2D` | 1571 | 2D scalar(염분·온도·passive) transport |
models/ADCIRC/source-analysis/adcirc-timestep-orchestration.md,64,symbol,,,,CALC_SIGMAT_2D,| `CALC_SIGMAT_2D` | 1846 | sigmat 밀도(EOS) — baroclinic |
models/ADCIRC/source-analysis/adcirc-timestep-orchestration.md,65,symbol,,,,BPG2D,| `BPG2D` | 1880 | 2D baroclinic pressure gradient(BPGX/BPGY → VIDBCP
models/ADCIRC/source-analysis/adcirc-timestep-orchestration.md,66,symbol,,,,BPG3D,| `BPG3D` | 2040 | 3D baroclinic pressure gradient([[adcirc-3d-mode]]
models/ADCIRC/source-analysis/adcirc-timestep-orchestration.md,79,file-line,aaefdc.f90,3187,3188,,음 — `rg IS2TIM|ISTL|DTDYN adcirc/src/` 전역 0건(해당 파라미터는 EFDC `aaefdc.f90:3187-3188` dispatch 의 것). 아래가 ADCIRC 실제 구조.
models/ADCIRC/source-analysis/adcirc-timestep-orchestration.md,81,file-line,gwce.F,2514,2522,,"A1/ETA2`(n−1, n, n+1) — [[adcirc-gwce-implementation]] §B (`gwce.F:2514-2522`)."
models/ADCIRC/source-analysis/adcirc-timestep-orchestration.md,82,file-line,read_input.F,2996,,,"- **시간 가중**: fort.15 입력 `A00,B00,C00`(read_input.F:2996) — RHS 에 `C00`(n−1)·`(A00+B00)`(n) 가중(`gwce.F:1540-1543`, `"
models/ADCIRC/source-analysis/adcirc-timestep-orchestration.md,82,file-line,gwce.F,1540,1543,,"0`(read_input.F:2996) — RHS 에 `C00`(n−1)·`(A00+B00)`(n) 가중(`gwce.F:1540-1543`, `A00pB00` 조립 `:1444`). 별도 θ 파라미터 없음(§B ""No semi-implicit "
models/ADCIRC/source-analysis/adcirc-timestep-orchestration.md,82,symbol,,,,C00,"간 가중**: fort.15 입력 `A00,B00,C00`(read_input.F:2996) — RHS 에 `C00`(n−1)·`(A00+B00)`(n) 가중(`gwce.F:1540-1543`, `A00pB00` 조립 `:1"
models/ADCIRC/source-analysis/adcirc-timestep-orchestration.md,82,symbol,,,,A00pB00,"6) — RHS 에 `C00`(n−1)·`(A00+B00)`(n) 가중(`gwce.F:1540-1543`, `A00pB00` 조립 `:1444`). 별도 θ 파라미터 없음(§B ""No semi-implicit Theta"")."
models/ADCIRC/source-analysis/adcirc-timestep-orchestration.md,83,file-line,gwce.F,71,,,"- **predictor-corrector**: `CPRECOR` 플래그(`gwce.F:71,182`) — ζ predictor → U,V → ζ corrector."
models/ADCIRC/source-analysis/adcirc-timestep-orchestration.md,83,symbol,,,,CPRECOR,"- **predictor-corrector**: `CPRECOR` 플래그(`gwce.F:71,182`) — ζ predictor → U,V → ζ corrector."
models/ADCIRC/source-analysis/adcirc-timestep-orchestration.md,84,file-line,gwce.F,418,420,,"ss 옵션**: `ILump=0` consistent(JCG solve) / `1` lumped 대각역산(`gwce.F:418-420, 2001-2017`)."
models/ADCIRC/source-analysis/adcirc-timestep-orchestration.md,95,file-line,adcirc.F,476,,,- adcirc.F:476 main loop → TIMESTEP → SWAN coupling(PADCSWAN_RUN) → output
models/ADCIRC/source-analysis/adcirc-topic-map.md,25,symbol,,,,verified," 검증 완료는 별개다.** 이 지도는 새 구성의 `source-needed` 노트이며, 링크된 기존 노트의 `verified`·갭·과거 승인도 각 노트의 원래 범위에 한정된다."
models/ADCIRC/source-analysis/adcirc-topic-map.md,30,file,//adcirc.github.io/adcirc/theory/index.h,,,,circ/) 2026-09-14 조회판. S와 전역적으로 같다고 가정하지 않는다. [이론 안내](https://adcirc.github.io/adcirc/theory/index.html)는 v44.XX 보고서와 이후 기능 보강을 구분한다. 오래된 이론식과 S의 모든 옵션이 일치한다는 뜻
models/ADCIRC/source-analysis/adcirc-topic-map.md,77,symbol,,,,NTIP,"tion). NBFR/노드순서/위상·시간, NTIP와 NTIF 구분을 읽는다. [조석 개요][dtide]의 `NTIP`·`AMIG` 설명 불일치는 상세 정의·코드에 대조한 주의사항이 이 노트에 있다."
models/ADCIRC/source-analysis/adcirc-topic-map.md,77,symbol,,,,AMIG,"NBFR/노드순서/위상·시간, NTIP와 NTIF 구분을 읽는다. [조석 개요][dtide]의 `NTIP`·`AMIG` 설명 불일치는 상세 정의·코드에 대조한 주의사항이 이 노트에 있다."
models/ADCIRC/source-analysis/adcirc-topic-map.md,86,file,//adcirc.github.io/adcirc/introduction/what_is_adcirc.h,,,,[dfeatures]: https://adcirc.github.io/adcirc/introduction/what_is_adcirc.html
models/ADCIRC/source-analysis/adcirc-topic-map.md,87,file,//adcirc.github.io/adcirc/user_guide/model_configuration/index.h,,,,[dcfg]: https://adcirc.github.io/adcirc/user_guide/model_configuration/index.html
models/ADCIRC/source-analysis/adcirc-topic-map.md,88,file,//adcirc.github.io/adcirc/user_guide/special_features/index.h,,,,[dspecial]: https://adcirc.github.io/adcirc/user_guide/special_features/index.html
models/ADCIRC/source-analysis/adcirc-topic-map.md,89,file,//adcirc.github.io/adcirc/user_guide/model_configuration/tides/index.h,,,,[dtide]: https://adcirc.github.io/adcirc/user_guide/model_configuration/tides/index.html
models/ADCIRC/source-analysis/adcirc-topic-map.md,90,file,//adcirc.github.io/adcirc/technical_reference/parameter_definitions/index.h,,,,[dparam]: https://adcirc.github.io/adcirc/technical_reference/parameter_definitions/index.html
models/ADCIRC/source-analysis/adcirc-topic-map.md,91,file,//adcirc.github.io/adcirc/technical_reference/input_files/fort14.h,,,,[d14]: https://adcirc.github.io/adcirc/technical_reference/input_files/fort14.html
models/ADCIRC/source-analysis/adcirc-topic-map.md,92,file,//adcirc.github.io/adcirc/technical_reference/output_files/fort51.h,,,,[d51]: https://adcirc.github.io/adcirc/technical_reference/output_files/fort51.html
models/ADCIRC/source-analysis/adcirc-topic-map.md,93,file,//adcirc.github.io/adcirc/user_guide/model_configuration/model_parameters/im.h,,,,[dim]: https://adcirc.github.io/adcirc/user_guide/model_configuration/model_parameters/im.html
models/ADCIRC/source-analysis/adcirc-topic-map.md,94,file,//adcirc.github.io/adcirc/user_guide/model_configuration/model_parameters/ics.h,,,,[dics]: https://adcirc.github.io/adcirc/user_guide/model_configuration/model_parameters/ics.html
models/ADCIRC/source-analysis/adcirc-topic-map.md,95,file,//adcirc.github.io/adcirc/user_guide/model_configuration/boundary_conditions/index.h,,,,[dbc]: https://adcirc.github.io/adcirc/user_guide/model_configuration/boundary_conditions/index.html
models/ADCIRC/source-analysis/adcirc-topic-map.md,96,file,//adcirc.github.io/adcirc/user_guide/special_features/adcirc2d_plus.h,,,,[d2plus]: https://adcirc.github.io/adcirc/user_guide/special_features/adcirc2d_plus.html
models/ADCIRC/source-analysis/adcirc-topic-map.md,97,file,//adcirc.github.io/adcirc/user_guide/special_features/vertical_element_walls.h,,,,[dvew]: https://adcirc.github.io/adcirc/user_guide/special_features/vertical_element_walls.html
models/ADCIRC/source-analysis/adcirc-topic-map.md,98,file,//adcirc.github.io/adcirc/user_guide/running_adcirc/index.h,,,,[drun]: https://adcirc.github.io/adcirc/user_guide/running_adcirc/index.html
models/ADCIRC/source-analysis/adcirc-topic-map.md,99,file,//adcirc.github.io/adcirc/user_guide/examples/index.h,,,,[dexamples]: https://adcirc.github.io/adcirc/user_guide/examples/index.html
models/ADCIRC/source-analysis/adcirc-topic-map.md,100,file,//adcirc.github.io/adcirc/user_guide/examples/global_astronomical_m2_tide.h,,,,[dglobal]: https://adcirc.github.io/adcirc/user_guide/examples/global_astronomical_m2_tide.html
models/ADCIRC/source-analysis/adcirc-topic-map.md,104,file-line,docs/introduction/what_is_adcirc.rst,4,33,,- 공식 분류: `docs/introduction/what_is_adcirc.rst:4–33`; `docs/theory/index.rst:1–8`; `docs/user_guide/model_confi
models/ADCIRC/source-analysis/adcirc-topic-map.md,104,file-line,docs/theory/index.rst,1,8,,"- 공식 분류: `docs/introduction/what_is_adcirc.rst:4–33`; `docs/theory/index.rst:1–8`; `docs/user_guide/model_configuration/index.rst:1–14`, `mo"
models/ADCIRC/source-analysis/adcirc-topic-map.md,104,file-line,docs/user_guide/model_configuration/index.rst,1,14,,"ion/what_is_adcirc.rst:4–33`; `docs/theory/index.rst:1–8`; `docs/user_guide/model_configuration/index.rst:1–14`, `model_parameters/index.rst:1–18`, `physics_par"
models/ADCIRC/source-analysis/adcirc-topic-map.md,104,file-line,model_parameters/index.rst,1,18,,"–8`; `docs/user_guide/model_configuration/index.rst:1–14`, `model_parameters/index.rst:1–18`, `physics_parameters/index.rst:1–11`, `initial_conditions/"
models/ADCIRC/source-analysis/adcirc-topic-map.md,104,file-line,physics_parameters/index.rst,1,11,,"ration/index.rst:1–14`, `model_parameters/index.rst:1–18`, `physics_parameters/index.rst:1–11`, `initial_conditions/index.rst:1–11`, `boundary_conditions"
models/ADCIRC/source-analysis/adcirc-topic-map.md,104,file-line,initial_conditions/index.rst,1,11,,"ters/index.rst:1–18`, `physics_parameters/index.rst:1–11`, `initial_conditions/index.rst:1–11`, `boundary_conditions/index.rst:1–12`; `docs/user_guide/sp"
models/ADCIRC/source-analysis/adcirc-topic-map.md,104,file-line,boundary_conditions/index.rst,1,12,,"ters/index.rst:1–11`, `initial_conditions/index.rst:1–11`, `boundary_conditions/index.rst:1–12`; `docs/user_guide/special_features/index.rst:1–15`; `docs/"
models/ADCIRC/source-analysis/adcirc-topic-map.md,104,file-line,docs/user_guide/special_features/index.rst,1,15,,"ons/index.rst:1–11`, `boundary_conditions/index.rst:1–12`; `docs/user_guide/special_features/index.rst:1–15`; `docs/user_guide/running_adcirc/index.rst:1–11`."
models/ADCIRC/source-analysis/adcirc-topic-map.md,104,file-line,docs/user_guide/running_adcirc/index.rst,1,11,,:1–12`; `docs/user_guide/special_features/index.rst:1–15`; `docs/user_guide/running_adcirc/index.rst:1–11`.
models/ADCIRC/source-analysis/adcirc-topic-map.md,105,file-line,docs/user_guide/model_configuration/model_parameters/im.rst,10,130,,"- 모드·격자·특수기능 조건: `docs/user_guide/model_configuration/model_parameters/im.rst:10–130`, `ics.rst:10–62`; `docs/technical_reference/input_files/fo"
models/ADCIRC/source-analysis/adcirc-topic-map.md,105,file-line,ics.rst,10,62,,"guide/model_configuration/model_parameters/im.rst:10–130`, `ics.rst:10–62`; `docs/technical_reference/input_files/fort14.rst:6–41`; `"
models/ADCIRC/source-analysis/adcirc-topic-map.md,105,file-line,docs/technical_reference/input_files/fort14.rst,6,41,,"guration/model_parameters/im.rst:10–130`, `ics.rst:10–62`; `docs/technical_reference/input_files/fort14.rst:6–41`; `docs/user_guide/special_features/adcirc2d_pl"
models/ADCIRC/source-analysis/adcirc-topic-map.md,105,file-line,docs/user_guide/special_features/adcirc2d_plus.rst,8,23,,"`; `docs/technical_reference/input_files/fort14.rst:6–41`; `docs/user_guide/special_features/adcirc2d_plus.rst:8–23`, `vertical_element_walls.rst:6–18`, `bridge"
models/ADCIRC/source-analysis/adcirc-topic-map.md,105,file-line,vertical_element_walls.rst,6,18,,"`docs/user_guide/special_features/adcirc2d_plus.rst:8–23`, `vertical_element_walls.rst:6–18`, `bridge_piers.rst:1–21`, `dynamic_water_level_correction."
models/ADCIRC/source-analysis/adcirc-topic-map.md,105,file-line,bridge_piers.rst,1,21,,"dcirc2d_plus.rst:8–23`, `vertical_element_walls.rst:6–18`, `bridge_piers.rst:1–21`, `dynamic_water_level_correction.rst:7–32`, `ice_modificat"
models/ADCIRC/source-analysis/adcirc-topic-map.md,105,file-line,dynamic_water_level_correction.rst,7,32,,"vertical_element_walls.rst:6–18`, `bridge_piers.rst:1–21`, `dynamic_water_level_correction.rst:7–32`, `ice_modifications.rst:1–36`."
models/ADCIRC/source-analysis/adcirc-topic-map.md,105,file-line,ice_modifications.rst,1,36,,"iers.rst:1–21`, `dynamic_water_level_correction.rst:7–32`, `ice_modifications.rst:1–36`."
models/ADCIRC/source-analysis/adcirc-topic-map.md,106,file-line,docs/user_guide/model_configuration/tides/index.rst,1,72,,- 조석·출력: `docs/user_guide/model_configuration/tides/index.rst:1–72`; `docs/technical_reference/parameter_definitions/index.rst
models/ADCIRC/source-analysis/adcirc-topic-map.md,106,file-line,docs/technical_reference/parameter_definitions/index.rst,452,459,,"docs/user_guide/model_configuration/tides/index.rst:1–72`; `docs/technical_reference/parameter_definitions/index.rst:452–459,544–550,758–801,1140–1187,1191–1213"
models/ADCIRC/source-analysis/adcirc-topic-map.md,106,file-line,docs/technical_reference/output_files/fort51.rst,1,28,,"ns/index.rst:452–459,544–550,758–801,1140–1187,1191–1213`; `docs/technical_reference/output_files/fort51.rst:1–28`."
models/ADCIRC/source-analysis/adcirc-topic-map.md,107,file-line,docs/user_guide/examples/index.rst,1,45,,"- 공개 예제: `docs/user_guide/examples/index.rst:1–45`, `global_astronomical_m2_tide.rst:8–48`. T의 회귀 비교 위치는 위 조석"
models/ADCIRC/source-analysis/adcirc-topic-map.md,107,file-line,global_astronomical_m2_tide.rst,8,48,,"- 공개 예제: `docs/user_guide/examples/index.rst:1–45`, `global_astronomical_m2_tide.rst:8–48`. T의 회귀 비교 위치는 위 조석 진입점에 별도로 인용했다."
models/ADCIRC/source-analysis/adcirc-transport-solver.md,2,file,transport.F,,,,"title: ""ADCIRC 3D 스칼라 transport solver source-analysis — transport.F/TRANS_3D (sigma advection-diffusion, Alp4 semi-implicit, tr"
models/ADCIRC/source-analysis/adcirc-transport-solver.md,6,file,src/transport.F,,,,"verification_method: ""ADCIRC raw source 직접 read: src/transport.F(1497, v45.12) — Alp4 semi-implicit DTAlp4/DT1MAlp4(:31-32)·"
models/ADCIRC/source-analysis/adcirc-transport-solver.md,6,file-line,vsmy.F,1548,1553,,32)·ADC_TRIDAG2 tridiag 호출(:1182) file:line 직접 검증. dispatch vsmy.F:1548-1553. 소스 banner Luettich-Westerink. ★adcirc-3d-mode:59 가 transpo
models/ADCIRC/source-analysis/adcirc-transport-solver.md,6,file-line,vsmy.F,1543,,,"banner Luettich-Westerink. ★adcirc-3d-mode:59 가 transport 를 vsmy.F:1543 로 오귀속(정정)."""
models/ADCIRC/source-analysis/adcirc-transport-solver.md,9,file-line,transport.F,28,35,,"verification_by: ""Claude Opus 4.8 (1M context) — transport.F:28-35·1178-1185 직접 read 검증"""
models/ADCIRC/source-analysis/adcirc-transport-solver.md,17,file,transport.F,,,,# ADCIRC 3D 스칼라 transport solver — `transport.F` / `TRANS_3D`
models/ADCIRC/source-analysis/adcirc-transport-solver.md,17,symbol,,,,TRANS_3D,# ADCIRC 3D 스칼라 transport solver — `transport.F` / `TRANS_3D`
models/ADCIRC/source-analysis/adcirc-transport-solver.md,19,file,src/transport.F,,,,"> 소스: [`src/transport.F`](../raw/source_code/adcirc/src/transport.F) (1497, ""PADCIR"
models/ADCIRC/source-analysis/adcirc-transport-solver.md,19,file,../raw/source_code/adcirc/src/transport.F,,,,"> 소스: [`src/transport.F`](../raw/source_code/adcirc/src/transport.F) (1497, ""PADCIRC RELEASE VERSION 45.12"", Luettich·Westerink"
models/ADCIRC/source-analysis/adcirc-transport-solver.md,20,file-line,vsmy.F,1548,1553,,"CIRC prognostic 성층 엔진(하구 성층·thermohaline surge). dispatch: `vsmy.F:1548-1553` `CALL TRANS_3D(SAL,NLSD,NVSD,...)` + `(TEMP,NLTD,NVTD,...)"
models/ADCIRC/source-analysis/adcirc-transport-solver.md,21,file-line,vsmy.F,1543,,,"> ★**오귀속 정정**: [[adcirc-3d-mode]]:59 는 ""S/T transport (`vsmy.F:1543`)"" 라 적었으나 vsmy.F 는 **dispatch만**(:1548-1553), 알고리즘 전체는 `tra"
models/ADCIRC/source-analysis/adcirc-transport-solver.md,21,file,vsmy.F,,,,"dcirc-3d-mode]]:59 는 ""S/T transport (`vsmy.F:1543`)"" 라 적었으나 vsmy.F 는 **dispatch만**(:1548-1553), 알고리즘 전체는 `transport.F:44-1229`"
models/ADCIRC/source-analysis/adcirc-transport-solver.md,21,file-line,transport.F,44,1229,,"543`)"" 라 적었으나 vsmy.F 는 **dispatch만**(:1548-1553), 알고리즘 전체는 `transport.F:44-1229`. cross-model: ROMS [[roms_tracer_timestep_step3d_t]]·Delft"
models/ADCIRC/source-analysis/adcirc-transport-solver.md,29,symbol,,,,CROSSPRODUCT,| `CROSSPRODUCT` | 1274-1316 | 벡터 외적(geometry/normal) |
models/ADCIRC/source-analysis/adcirc-transport-solver.md,30,symbol,,,,cubic_vertical_interpolation,| `cubic_vertical_interpolation` | 1318-1497 | 이웃노드 sigma 준위로 cubic 보간(수심다른 노드간 수평구배용) |
models/ADCIRC/source-analysis/adcirc-transport-solver.md,40,symbol,,,,Mkm1trans,"3-대각 `Mkm1trans`(k-1)·`Mktrans`(k)·`Mkp1trans`(k+1) + RHS `Frtrans`, 수평노드별."
models/ADCIRC/source-analysis/adcirc-transport-solver.md,40,symbol,,,,Mktrans,"3-대각 `Mkm1trans`(k-1)·`Mktrans`(k)·`Mkp1trans`(k+1) + RHS `Frtrans`, 수평노드별."
models/ADCIRC/source-analysis/adcirc-transport-solver.md,40,symbol,,,,Mkp1trans,"3-대각 `Mkm1trans`(k-1)·`Mktrans`(k)·`Mkp1trans`(k+1) + RHS `Frtrans`, 수평노드별."
models/ADCIRC/source-analysis/adcirc-transport-solver.md,40,symbol,,,,Frtrans,"3-대각 `Mkm1trans`(k-1)·`Mktrans`(k)·`Mkp1trans`(k+1) + RHS `Frtrans`, 수평노드별."
models/ADCIRC/source-analysis/adcirc-transport-solver.md,41,symbol,,,,NTVTot,"- **연직 diffusion** `KNVnm(k,1:3)`(:725-736): `NTVTot`(총 연직확산, MY2.5 [[adcirc-3d-mode]] §F) / sigma 간격 `(Sigma(k+1"
models/ADCIRC/source-analysis/adcirc-transport-solver.md,42,symbol,,,,WSigma,"trans(k)`(:841-864): surface/interior/bottom 분기, sigma 연직속도 `WSigma`·∂trans/∂sigma."
models/ADCIRC/source-analysis/adcirc-transport-solver.md,44,symbol,,,,Biharmonic_LDiffusion,- **수평 diffusion** + optional **biharmonic** `Biharmonic_LDiffusion`(:182-191).
models/ADCIRC/source-analysis/adcirc-transport-solver.md,58,symbol,,,,cubic_vertical_interpolation,mapping**(:249-272): 이웃값을 local sigma 로 cubic 보간 후 수평도함수 조립(`cubic_vertical_interpolation` :1318).
models/ADCIRC/source-analysis/adcirc-transport-solver.md,59,file-line,vsmy.F,1548,1553,, diffusion 계수 입력: `NLSD/NVSD`(염분)·`NLTD/NVTD`(수온) per-field(vsmy.F:1548-1553).
models/ADCIRC/source-analysis/adcirc-transport-solver.md,62,file,vsmy.F,,,,"- **★오귀속**: 3d-mode:59/67 이 transport 를 vsmy.F(:1543/1630) 로 귀속 → 실제 vsmy 는 dispatch만, 엔진은 transport.F. 염분"
models/ADCIRC/source-analysis/adcirc-transport-solver.md,62,file,transport.F,,,,"nsport 를 vsmy.F(:1543/1630) 로 귀속 → 실제 vsmy 는 dispatch만, 엔진은 transport.F. 염분엔진 추적 시 엉뚱한 파일 도달."
models/ADCIRC/source-analysis/adcirc-transport-solver.md,65,symbol,,,,ADC_TRIDAG2,- **독립 tridiagonal solver `ADC_TRIDAG2`** — ITPACK/JCG 밖 2번째 solve.
models/ADCIRC/source-analysis/adcirc-transport-solver.md,68,file,vsmy.F,,,,"- [[adcirc-3d-mode]] — 3D 모드 개요(★:59 vsmy.F 오귀속 정정 대상, MY2.5 NTVTot 공급)"
models/ADCIRC/source-analysis/adcirc-weir-boundary.md,2,file,weir_boundary.F90,,,,"title: ""ADCIRC weir/levee 경계(weir_boundary.F90) — internal/external barrier 월류(overtopping) free/submerged"
models/ADCIRC/source-analysis/adcirc-weir-boundary.md,6,file,models/ADCIRC/raw/source_code/adcirc/src/weir_boundary.F90,,,,"verification_method: ""models/ADCIRC/raw/source_code/adcirc/src/weir_boundary.F90 (2715, module WEIR) 직접 read — BARINHT/BARLANHT(internal/ext"
models/ADCIRC/source-analysis/adcirc-weir-boundary.md,17,file,weir_boundary.F90,,,,# ADCIRC weir/levee 경계 (weir_boundary.F90)
models/ADCIRC/source-analysis/adcirc-weir-boundary.md,19,file,weir_boundary.F90,,,,"> `weir_boundary.F90`(2715, module `WEIR`) 직접 read. [[adcirc-boundary-conditions"
models/ADCIRC/source-analysis/adcirc-weir-boundary.md,19,symbol,,,,WEIR,"> `weir_boundary.F90`(2715, module `WEIR`) 직접 read. [[adcirc-boundary-conditions]] 의 **internal barri"
models/ADCIRC/source-analysis/adcirc-weir-boundary.md,27,symbol,,,,BARMIN,"| `BARMIN` | weir 식 적용 최소 수심(둑 위, **0.04 m**) |"
models/ADCIRC/source-analysis/adcirc-weir-boundary.md,32,symbol,,,,BARHT,oundary-conditions]] §2 weir/weird dual)의 수위 `ζ1/ζ2` 와 둑 고도 `BARHT` 로:
models/ADCIRC/source-analysis/adcirc-weir-boundary.md,44,symbol,,,,INT_TVW,- `INT_TVW`/`EXT_TVW`(namelist `found_tvw_nml`): **시변 둑 고도** — 둑 붕괴(bre
models/ADCIRC/source-analysis/adcirc-weir-boundary.md,44,symbol,,,,EXT_TVW,- `INT_TVW`/`EXT_TVW`(namelist `found_tvw_nml`): **시변 둑 고도** — 둑 붕괴(breach)·가동보·해
models/ADCIRC/source-analysis/adcirc-weir-boundary.md,44,symbol,,,,found_tvw_nml,- `INT_TVW`/`EXT_TVW`(namelist `found_tvw_nml`): **시변 둑 고도** — 둑 붕괴(breach)·가동보·해체를 시간에 따라(`BARINHT1→2` 보간
models/ADCIRC/source-analysis/adcirc-wetting-drying-implementation.md,18,symbol,,,,HABSMIN,"en nodes flip wet→dry, when dry→wet, what thresholds (`H0`, `HABSMIN`, `HOFF`) control them, and how it interacts with bottom fri"
models/ADCIRC/source-analysis/adcirc-wetting-drying-implementation.md,18,symbol,,,,HOFF,"ip wet→dry, when dry→wet, what thresholds (`H0`, `HABSMIN`, `HOFF`) control them, and how it interacts with bottom friction an"
models/ADCIRC/source-analysis/adcirc-wetting-drying-implementation.md,24,file,src/adcirc.F,,,,IFA=0`; for `NOLIFA=1` and `NOLIFA=2`: `IFNLFA=1` at `[file=src/adcirc.F line=286-290]`
models/ADCIRC/source-analysis/adcirc-wetting-drying-implementation.md,26,file,src/wetdry.F,,,,uteWettingAndDrying` returns immediately if not 2 at `[file=src/wetdry.F line=204-206]`
models/ADCIRC/source-analysis/adcirc-wetting-drying-implementation.md,26,symbol,,,,computeWettingAndDrying,- **Wet/dry hard-gated to `NOLIFA=2`**: `computeWettingAndDrying` returns immediately if not 2 at `[file=src/wetdry.F line=20
models/ADCIRC/source-analysis/adcirc-wetting-drying-implementation.md,27,file,src/gwce.F,,,,"NLFA` used in matrix terms (`DPAvg`, `H00`, `H0N*`): `[file=src/gwce.F line=506-507, 1318-1321, 2474, 2571-2573]`"
models/ADCIRC/source-analysis/adcirc-wetting-drying-implementation.md,27,symbol,,,,IFNLFA,"- `IFNLFA` used in matrix terms (`DPAvg`, `H00`, `H0N*`): `[file=src/g"
models/ADCIRC/source-analysis/adcirc-wetting-drying-implementation.md,27,symbol,,,,DPAvg,"- `IFNLFA` used in matrix terms (`DPAvg`, `H00`, `H0N*`): `[file=src/gwce.F line=506-507, 1318-1321,"
models/ADCIRC/source-analysis/adcirc-wetting-drying-implementation.md,27,symbol,,,,H00,"- `IFNLFA` used in matrix terms (`DPAvg`, `H00`, `H0N*`): `[file=src/gwce.F line=506-507, 1318-1321, 2474, "
models/ADCIRC/source-analysis/adcirc-wetting-drying-implementation.md,28,file,src/momentum.F,,,,"ODECODE`/`NOFF` masking active only with `NOLIFA=2`: `[file=src/momentum.F line=312, 783-803]`"
models/ADCIRC/source-analysis/adcirc-wetting-drying-implementation.md,28,symbol,,,,NODECODE,- `NODECODE`/`NOFF` masking active only with `NOLIFA=2`: `[file=src/mome
models/ADCIRC/source-analysis/adcirc-wetting-drying-implementation.md,28,symbol,,,,NOFF,- `NODECODE`/`NOFF` masking active only with `NOLIFA=2`: `[file=src/momentum.F 
models/ADCIRC/source-analysis/adcirc-wetting-drying-implementation.md,39,file,src/adcirc.F,,,,"parsed by `READ_INPUT()` from fort.15 (referenced at `[file=src/adcirc.F line=227, 239]`)"
models/ADCIRC/source-analysis/adcirc-wetting-drying-implementation.md,40,file,src/wetdry.F,,,,- Computed during `initializeWettingAndDrying` at `[file=src/wetdry.F line=126-127]`:
models/ADCIRC/source-analysis/adcirc-wetting-drying-implementation.md,40,symbol,,,,initializeWettingAndDrying,- Computed during `initializeWettingAndDrying` at `[file=src/wetdry.F line=126-127]`:
models/ADCIRC/source-analysis/adcirc-wetting-drying-implementation.md,43,file,src/wetdry.F,,,,"- D1 (drying) fires when `HTOT <= H0` at `[file=src/wetdry.F line=241-246, 271, 278]`; if `HTOT < HABSMIN`, ETA is clipp"
models/ADCIRC/source-analysis/adcirc-wetting-drying-implementation.md,44,file,src/wetdry.F,,,,"s element activity (`NOFF`) and re-wetting checks at `[file=src/wetdry.F line=306, 370, 517, 664, 863-864, 1144-1202]`"
models/ADCIRC/source-analysis/adcirc-wetting-drying-implementation.md,44,symbol,,,,HOFF,- `HOFF` controls element activity (`NOFF`) and re-wetting checks at
models/ADCIRC/source-analysis/adcirc-wetting-drying-implementation.md,44,symbol,,,,NOFF,"- `HOFF` controls element activity (`NOFF`) and re-wetting checks at `[file=src/wetdry.F line=306, 370"
models/ADCIRC/source-analysis/adcirc-wetting-drying-implementation.md,48,file,src/wetdry.F,,,,- D1 update per timestep at `[file=src/wetdry.F line=234-285]` — currently wet (`NODECODE=1`) flips to dry 
models/ADCIRC/source-analysis/adcirc-wetting-drying-implementation.md,49,file,src/wetdry.F,,,,"h `NNODECODE` and `NODECODE` set to 0 immediately at `[file=src/wetdry.F line=274-275, 279-280]`"
models/ADCIRC/source-analysis/adcirc-wetting-drying-implementation.md,49,symbol,,,,NNODECODE,- Wet→dry: both `NNODECODE` and `NODECODE` set to 0 immediately at `[file=src/wetdry.F 
models/ADCIRC/source-analysis/adcirc-wetting-drying-implementation.md,49,symbol,,,,NODECODE,"- Wet→dry: both `NNODECODE` and `NODECODE` set to 0 immediately at `[file=src/wetdry.F line=274-275, 2"
models/ADCIRC/source-analysis/adcirc-wetting-drying-implementation.md,51,file,src/wetdry.F,,,,- Element has exactly two wet nodes (`NCTOT=2`) at `[file=src/wetdry.F line=354-355]`
models/ADCIRC/source-analysis/adcirc-wetting-drying-implementation.md,52,file,src/wetdry.F,,,,"- Both wet nodes at/above `HOFF` at `[file=src/wetdry.F line=370, 517, 664]`"
models/ADCIRC/source-analysis/adcirc-wetting-drying-implementation.md,52,symbol,,,,HOFF,"- Both wet nodes at/above `HOFF` at `[file=src/wetdry.F line=370, 517, 664]`"
models/ADCIRC/source-analysis/adcirc-wetting-drying-implementation.md,53,file,src/wetdry.F,,,,"- Computed velocity exceeds `VELMIN` at `[file=src/wetdry.F line=440-444]` (and symmetric branches at 515+, 662+)"
models/ADCIRC/source-analysis/adcirc-wetting-drying-implementation.md,53,symbol,,,,VELMIN,- Computed velocity exceeds `VELMIN` at `[file=src/wetdry.F line=440-444]` (and symmetric branch
models/ADCIRC/source-analysis/adcirc-wetting-drying-implementation.md,54,file,src/wetdry.F,,,,- Final reconciliation: `NODECODE := NNODECODE` at `[file=src/wetdry.F line=1413-1417]` — committed flip point
models/ADCIRC/source-analysis/adcirc-wetting-drying-implementation.md,58,file,src/wetdry.F,,,," enforced as activation criterion: `VEL > VELMIN` at `[file=src/wetdry.F line=440, 588, 734]`"
models/ADCIRC/source-analysis/adcirc-wetting-drying-implementation.md,58,symbol,,,,VELMIN,- `VELMIN` enforced as activation criterion: `VEL > VELMIN` at `[file=
models/ADCIRC/source-analysis/adcirc-wetting-drying-implementation.md,59,file,src/wetdry.F,,,,"t branches: `VEL := VELMIN` before `TK` formation at `[file=src/wetdry.F line=881, 946, 1011]` — prevents singularity"
models/ADCIRC/source-analysis/adcirc-wetting-drying-implementation.md,60,file,src/momentum.F,,,,"ing in momentum: `NCI=NODECODE(I)` multiplication at `[file=src/momentum.F line=714, 783-786, 799-803]`. With `NCI=0`, momentum collap"
models/ADCIRC/source-analysis/adcirc-wetting-drying-implementation.md,61,file,src/momentum.F,,,,"ace zeroing exists only as **commented-out code** at `[file=src/momentum.F line=1134-1137, 1897-1900]`"
models/ADCIRC/source-analysis/adcirc-wetting-drying-implementation.md,65,file,src/wetdry.F,,,,- Primary path: 2-wet-node triangle (`NCTOT=2`) at `[file=src/wetdry.F line=354-355]`
models/ADCIRC/source-analysis/adcirc-wetting-drying-implementation.md,66,file,src/wetdry.F,,,,"- Activation gate: `HTOT >= HOFF (= 1.2*H0)` at `[file=src/wetdry.F line=370, 517, 664]`"
models/ADCIRC/source-analysis/adcirc-wetting-drying-implementation.md,67,file,src/wetdry.F,,,," check: hydraulic-gradient-derived `VEL > VELMIN` at `[file=src/wetdry.F line=440-444, 588-591, 734-737]`"
models/ADCIRC/source-analysis/adcirc-wetting-drying-implementation.md,68,file,src/wetdry.F,,,,"tion: when all three element depths exceed `HOFF` at `[file=src/wetdry.F line=863-868, 932-933, 997-998]` (used to avoid stalled rea"
models/ADCIRC/source-analysis/adcirc-wetting-drying-implementation.md,68,symbol,,,,HOFF,"-three-wet activation: when all three element depths exceed `HOFF` at `[file=src/wetdry.F line=863-868, 932-933, 997-998]` (us"
models/ADCIRC/source-analysis/adcirc-wetting-drying-implementation.md,72,file,wetdry.F,,,,- `NODEDRYMIN` and `NODEWETMIN` are NOT in `wetdry.F`/`adcirc.F`/`gwce.F`/`momentum.F`. Search elsewhere for tho
models/ADCIRC/source-analysis/adcirc-wetting-drying-implementation.md,72,file,adcirc.F,,,,- `NODEDRYMIN` and `NODEWETMIN` are NOT in `wetdry.F`/`adcirc.F`/`gwce.F`/`momentum.F`. Search elsewhere for those.
models/ADCIRC/source-analysis/adcirc-wetting-drying-implementation.md,72,file,gwce.F,,,,EDRYMIN` and `NODEWETMIN` are NOT in `wetdry.F`/`adcirc.F`/`gwce.F`/`momentum.F`. Search elsewhere for those.
models/ADCIRC/source-analysis/adcirc-wetting-drying-implementation.md,72,file,momentum.F,,,,and `NODEWETMIN` are NOT in `wetdry.F`/`adcirc.F`/`gwce.F`/`momentum.F`. Search elsewhere for those.
models/ADCIRC/source-analysis/adcirc-wetting-drying-implementation.md,72,symbol,,,,NODEDRYMIN,- `NODEDRYMIN` and `NODEWETMIN` are NOT in `wetdry.F`/`adcirc.F`/`gwce.F`/
models/ADCIRC/source-analysis/adcirc-wetting-drying-implementation.md,72,symbol,,,,NODEWETMIN,- `NODEDRYMIN` and `NODEWETMIN` are NOT in `wetdry.F`/`adcirc.F`/`gwce.F`/`momentum.F`. Sea
models/ADCIRC/source-analysis/adcirc-wetting-drying-implementation.md,73,file,src/wetdry.F,,,,"et/dry front via `MJU` (active attached elements) at `[file=src/wetdry.F line=1361-1377, 1387-1390]`:"
models/ADCIRC/source-analysis/adcirc-wetting-drying-implementation.md,73,symbol,,,,MJU,- Wet/dry front via `MJU` (active attached elements) at `[file=src/wetdry.F line=1361
models/ADCIRC/source-analysis/adcirc-wetting-drying-implementation.md,75,symbol,,,,MJU,- `MJU` forced to ≥ 1 to keep momentum solve numerically safe
models/ADCIRC/source-analysis/adcirc-wetting-drying-implementation.md,76,file,src/wetdry.F,,,,"oupling at fronts: `NCELE = NC1*NC2*NC3*NOFF(IE)` at `[file=src/wetdry.F line=1373]`, `[file=src/gwce.F line=477]`, `[file=src/momen"
models/ADCIRC/source-analysis/adcirc-wetting-drying-implementation.md,76,file,src/gwce.F,,,,"C2*NC3*NOFF(IE)` at `[file=src/wetdry.F line=1373]`, `[file=src/gwce.F line=477]`, `[file=src/momentum.F line=312]`"
models/ADCIRC/source-analysis/adcirc-wetting-drying-implementation.md,76,file,src/momentum.F,,,,"/wetdry.F line=1373]`, `[file=src/gwce.F line=477]`, `[file=src/momentum.F line=312]`"
models/ADCIRC/source-analysis/adcirc-wetting-drying-implementation.md,78,file,src/wetdry.F,,,,- Anti-flooding `NOFF` logic at `[file=src/wetdry.F line=1103-1162]`
models/ADCIRC/source-analysis/adcirc-wetting-drying-implementation.md,78,symbol,,,,NOFF,- Anti-flooding `NOFF` logic at `[file=src/wetdry.F line=1103-1162]`
models/ADCIRC/source-analysis/adcirc-wetting-drying-implementation.md,79,file,src/wetdry.F,,,,- Single-node connectivity suppression at `[file=src/wetdry.F line=1209-1230]`
models/ADCIRC/source-analysis/adcirc-wetting-drying-implementation.md,80,file,src/wetdry.F,,,,- Nonnegative `DELETA` clamp at `[file=src/wetdry.F line=1242-1289]`
models/ADCIRC/source-analysis/adcirc-wetting-drying-implementation.md,80,symbol,,,,DELETA,- Nonnegative `DELETA` clamp at `[file=src/wetdry.F line=1242-1289]`
models/ADCIRC/source-analysis/adcirc-wetting-drying-implementation.md,81,file,src/gwce.F,,,,- Slope-limited gravity (`ALPHAL`) in GWCE at `[file=src/gwce.F line=515-516]`
models/ADCIRC/source-analysis/adcirc-wetting-drying-implementation.md,81,symbol,,,,ALPHAL,- Slope-limited gravity (`ALPHAL`) in GWCE at `[file=src/gwce.F line=515-516]`
models/ADCIRC/source-analysis/adcirc-wetting-drying-implementation.md,85,file,src/gwce.F,,,,at all nodes without explicit `NODECODE` IF guard at `[file=src/gwce.F line=2477-2482]`
models/ADCIRC/source-analysis/adcirc-wetting-drying-implementation.md,85,symbol,,,,NODECODE,terms (`TK0/TK/TK2`) computed at all nodes without explicit `NODECODE` IF guard at `[file=src/gwce.F line=2477-2482]`
models/ADCIRC/source-analysis/adcirc-wetting-drying-implementation.md,86,file,src/momentum.F,,,,"odes via momentum's `NCI=NODECODE` multiplication at `[file=src/momentum.F line=714, 751-753, 783-786]`"
models/ADCIRC/source-analysis/adcirc-wetting-drying-implementation.md,87,file,src/wetdry.F,,,," recomputed (Manning→Cd conversion + lower bound) at `[file=src/wetdry.F line=397-408, 543-553, 690-700]`"
models/ADCIRC/source-analysis/adcirc-wetting-drying-implementation.md,87,symbol,,,,FRIC,"- During wetting checks, `FRIC` is recomputed (Manning→Cd conversion + lower bound) at `[fi"
models/ADCIRC/source-analysis/adcirc-wetting-drying-implementation.md,95,symbol,,,,NODEDRYMIN,"| 음수 가능 (조간대) | H0=0.1, with `NODEDRYMIN`/`NODEWETMIN` tuning | Allows true intertidal dynamics |"
models/ADCIRC/source-analysis/adcirc-wetting-drying-implementation.md,95,symbol,,,,NODEWETMIN,"| 음수 가능 (조간대) | H0=0.1, with `NODEDRYMIN`/`NODEWETMIN` tuning | Allows true intertidal dynamics |"
models/ADCIRC/source-analysis/adcirc-wetting-drying-implementation.md,106,symbol,,,,NCELE,"2. **`NCELE` masking is multiplicative** — once `NODECODE=0`, that node'"
models/ADCIRC/source-analysis/adcirc-wetting-drying-implementation.md,107,symbol,,,,HOFF,ater can't self-activate; needs at least 2 wet neighbors at `HOFF`.
models/ADCIRC/source-analysis/adcirc-wetting-drying-implementation.md,108,symbol,,,,VELMIN,4. **`VELMIN` is the velocity trigger** for re-wetting — defaults to smal
models/ADCIRC/source-analysis/adcirc-wetting-drying-implementation.md,113,symbol,,,,computeWettingAndDrying,"` thinking it has wet/dry** → no, only `NOLIFA=2` activates `computeWettingAndDrying`."
models/ADCIRC/source-analysis/adcirc-wetting-drying-implementation.md,120,file,src/wetdry.F,,,,- `src/wetdry.F` — full wet/dry algorithm.
models/ADCIRC/source-analysis/adcirc-wetting-drying-implementation.md,121,file,src/adcirc.F,,,,- `src/adcirc.F` — `IFNLFA` setup.
models/ADCIRC/source-analysis/adcirc-wetting-drying-implementation.md,121,symbol,,,,IFNLFA,- `src/adcirc.F` — `IFNLFA` setup.
models/ADCIRC/source-analysis/adcirc-wetting-drying-implementation.md,122,file,src/gwce.F,,,,- `src/gwce.F` — `NCELE` masking in matrix assembly.
models/ADCIRC/source-analysis/adcirc-wetting-drying-implementation.md,122,symbol,,,,NCELE,- `src/gwce.F` — `NCELE` masking in matrix assembly.
models/ADCIRC/source-analysis/adcirc-wetting-drying-implementation.md,123,file,src/momentum.F,,,,- `src/momentum.F` — `NCI` zeroing of dry-node momentum.
models/ADCIRC/source-analysis/adcirc-wetting-drying-implementation.md,123,symbol,,,,NCI,- `src/momentum.F` — `NCI` zeroing of dry-node momentum.
models/ADCIRC/source-analysis/adcirc_asgs_operational_system.md,8,file,asgs/tides/tide_fac.f,,,,"README.md, asgs/asgs_main.sh, asgs/generateDynamicInput.sh, asgs/tides/tide_fac.f, asgs/doc/util/aswip.1.txt, asgs/output/FigureGen/FigureGen"
models/ADCIRC/source-analysis/adcirc_asgs_operational_system.md,8,file,asgs/output/FigureGen/FigureGen.F90,,,,"Input.sh, asgs/tides/tide_fac.f, asgs/doc/util/aswip.1.txt, asgs/output/FigureGen/FigureGen.F90, asgs/output/part_track_post.sh, asgs/get_atcf.pl·storm_tra"
models/ADCIRC/source-analysis/adcirc_asgs_operational_system.md,17,symbol,,,,tide_fac,는 **S-tier 규모로 전수 전사 불가** — 본 노트는 디렉토리 구조 · 핵심 Fortran 유틸리티(`tide_fac`·`aswip`·`FigureGen`) · 입출력 전처리 카탈로그 · orchestration 골격(존재만 
models/ADCIRC/source-analysis/adcirc_asgs_operational_system.md,17,symbol,,,,aswip,규모로 전수 전사 불가** — 본 노트는 디렉토리 구조 · 핵심 Fortran 유틸리티(`tide_fac`·`aswip`·`FigureGen`) · 입출력 전처리 카탈로그 · orchestration 골격(존재만 언급) 수준의 
models/ADCIRC/source-analysis/adcirc_asgs_operational_system.md,17,symbol,,,,FigureGen,사 불가** — 본 노트는 디렉토리 구조 · 핵심 Fortran 유틸리티(`tide_fac`·`aswip`·`FigureGen`) · 입출력 전처리 카탈로그 · orchestration 골격(존재만 언급) 수준의 요약이다.
models/ADCIRC/source-analysis/adcirc_asgs_operational_system.md,23,symbol,,,,asgsh,ing용 standalone CLI 도구 모음을 제공한다 (`README.md:1-3`). 대화형 운영 셸 `asgsh`를 포함해 다중 ADCIRC 설치 관리·예보 운영을 담당한다 (`README.md:5-7`). 업스트림은 S
models/ADCIRC/source-analysis/adcirc_asgs_operational_system.md,45,file,awip_lambert_interp.F,,,,"| `input/` | advisory 다운로드·모니터, 메쉬·측정·노달속성, NAM 보간(`awip_lambert_interp.F`) |"
models/ADCIRC/source-analysis/adcirc_asgs_operational_system.md,55,symbol,,,,downloadBackgroundMet,"1. **forcing 다운로드** — `downloadBackgroundMet` (NAM 등, `asgs_main.sh:2418`) 또는 ATCF 트랙(`get_atcf.pl`)."
models/ADCIRC/source-analysis/adcirc_asgs_operational_system.md,56,symbol,,,,aswip,2. **vortex 전처리** — GAHM/ASYMMETRIC이면 `aswip` 실행하여 Rmax 사전계산 (`asgs_main.sh:2367-2382`).
models/ADCIRC/source-analysis/adcirc_asgs_operational_system.md,58,symbol,,,,adcprep,all/prep15/prep20/prep13` (`asgs_main.sh:565-581`) — ADCIRC `adcprep`를 래핑.
models/ADCIRC/source-analysis/adcirc_asgs_operational_system.md,59,symbol,,,,aswip,5. **실행 가능성 체크** — `tide_fac.x`·`aswip` 존재 검증 (`asgs_main.sh:1853-1858`).
models/ADCIRC/source-analysis/adcirc_asgs_operational_system.md,65,file,tides/tide_fac.f,,,,# 4.1 `tide_fac` — 조석 nodal factor & equilibrium argument (`tides/tide_fac.f`)
models/ADCIRC/source-analysis/adcirc_asgs_operational_system.md,65,symbol,,,,tide_fac,### 4.1 `tide_fac` — 조석 nodal factor & equilibrium argument (`tides/tide_fac.f
models/ADCIRC/source-analysis/adcirc_asgs_operational_system.md,67,file-line,tides/tide_fac.f,1,,," 보정)와 Greenwich equilibrium argument(위상 기준)** 를 계산하는 프로그램 (`tides/tide_fac.f:1`, `PROGRAM TIDE_FAC` `:10`). 37개 조석 분조 지원 (`PARAMETER(NCNST"
models/ADCIRC/source-analysis/adcirc_asgs_operational_system.md,69,symbol,,,,jgf20110526,"CLI 옵션(메뉴 우회, ASGS 자동화용 — `jgf20110526` 추가 `:2-8`): `--length`(일)·`--year`·`--month`·`--day`·`--hou"
models/ADCIRC/source-analysis/adcirc_asgs_operational_system.md,69,symbol,,,,WITHHEADER,ormat {simple|adcirc}`·`--outputdir` (`:46-91`). 출력 포맷 3종 — `WITHHEADER`(legacy)·`SIMPLEOUTPUT`(nf+eq arg만)·`ADCIRCOUTPUT`(fort.15 삽
models/ADCIRC/source-analysis/adcirc_asgs_operational_system.md,69,symbol,,,,SIMPLEOUTPUT,`·`--outputdir` (`:46-91`). 출력 포맷 3종 — `WITHHEADER`(legacy)·`SIMPLEOUTPUT`(nf+eq arg만)·`ADCIRCOUTPUT`(fort.15 삽입형) (`:32-34`).
models/ADCIRC/source-analysis/adcirc_asgs_operational_system.md,69,symbol,,,,ADCIRCOUTPUT, 출력 포맷 3종 — `WITHHEADER`(legacy)·`SIMPLEOUTPUT`(nf+eq arg만)·`ADCIRCOUTPUT`(fort.15 삽입형) (`:32-34`).
models/ADCIRC/source-analysis/adcirc_asgs_operational_system.md,81,file-line,tides/tide_fac.f,246,249,,", Special Publication #98, US Coast and Geodetic Survey** (`tides/tide_fac.f:246-249`). 보조 루틴: `ORBIT`(궤도 함수 `:456`)·`ANGLE`(`:501`)·`ARCTAN`(`:"
models/ADCIRC/source-analysis/adcirc_asgs_operational_system.md,81,symbol,,,,NFACS,"`NFACS`/`GTERMS`/`ORBIT` 식 출처 — **Schureman (1958), ""Manual of Harm"
models/ADCIRC/source-analysis/adcirc_asgs_operational_system.md,81,symbol,,,,GTERMS,"`NFACS`/`GTERMS`/`ORBIT` 식 출처 — **Schureman (1958), ""Manual of Harmonic Anal"
models/ADCIRC/source-analysis/adcirc_asgs_operational_system.md,81,symbol,,,,ORBIT,"`NFACS`/`GTERMS`/`ORBIT` 식 출처 — **Schureman (1958), ""Manual of Harmonic Analysis and"
models/ADCIRC/source-analysis/adcirc_asgs_operational_system.md,81,symbol,,,,ORBIT, and Geodetic Survey** (`tides/tide_fac.f:246-249`). 보조 루틴: `ORBIT`(궤도 함수 `:456`)·`ANGLE`(`:501`)·`ARCTAN`(`:519`).
models/ADCIRC/source-analysis/adcirc_asgs_operational_system.md,81,symbol,,,,ANGLE, (`tides/tide_fac.f:246-249`). 보조 루틴: `ORBIT`(궤도 함수 `:456`)·`ANGLE`(`:501`)·`ARCTAN`(`:519`).
models/ADCIRC/source-analysis/adcirc_asgs_operational_system.md,81,symbol,,,,ARCTAN,c.f:246-249`). 보조 루틴: `ORBIT`(궤도 함수 `:456`)·`ANGLE`(`:501`)·`ARCTAN`(`:519`).
models/ADCIRC/source-analysis/adcirc_asgs_operational_system.md,83,symbol,,,,ADCIRCOUTPUT,`ADCIRCOUTPUT` 모드는 분조별 tidal potential amplitude·frequency·earth tide redu
models/ADCIRC/source-analysis/adcirc_asgs_operational_system.md,93,symbol,,,,aswip,### 4.2 `aswip` — asymmetric vortex 전처리 (`doc/util/aswip.1.txt`)
models/ADCIRC/source-analysis/adcirc_asgs_operational_system.md,95,file,adcirc/wind/aswip.F,,,,> ⚠ aswip 소스 본체는 ASGS 트리가 아니라 ADCIRC 코드(`adcirc/wind/aswip.F`)에 있고 ADCIRC와 함께 컴파일된다 (`doc/util/aswip.1.txt:133-134`). AS
models/ADCIRC/source-analysis/adcirc_asgs_operational_system.md,118,file,tides/tides_ec2001.f,,,,| `tides/tides_ec2001.f` | ADCIRC 2DDI tidal data base에서 다른 모델 경계조건용 조석정보 추출 (Luett
models/ADCIRC/source-analysis/adcirc_asgs_operational_system.md,118,file-line,tides/tides_ec2001.f,3,22,," 다른 모델 경계조건용 조석정보 추출 (Luettich·Westerink, UNC/Notre Dame) (`tides/tides_ec2001.f:3-22`) |"
models/ADCIRC/source-analysis/adcirc_asgs_operational_system.md,119,file,tides/ec2001v2d_tide_interp.f,,,,"| `tides/ec2001v2d_tide_interp.f`, `tides/FES952_interp.f` | EC2001 / FES95.2 조석 데이터베이스 경계 보"
models/ADCIRC/source-analysis/adcirc_asgs_operational_system.md,119,file,tides/FES952_interp.f,,,,"| `tides/ec2001v2d_tide_interp.f`, `tides/FES952_interp.f` | EC2001 / FES95.2 조석 데이터베이스 경계 보간 |"
models/ADCIRC/source-analysis/adcirc_asgs_operational_system.md,131,file,input/awip_lambert_interp.F,,,,| `input/awip_lambert_interp.F`·`lambertInterpRamp.f` | NAM Lambert 격자 → ADCIRC 보간 (Fortra
models/ADCIRC/source-analysis/adcirc_asgs_operational_system.md,131,file,lambertInterpRamp.f,,,,| `input/awip_lambert_interp.F`·`lambertInterpRamp.f` | NAM Lambert 격자 → ADCIRC 보간 (Fortran) | `ls input/` |
models/ADCIRC/source-analysis/adcirc_asgs_operational_system.md,144,file,output/FigureGen/FigureGen.F90,,,,"| 그래픽 | `output/FigureGen/FigureGen.F90` | fort.14/13/63/64·maxele.63를 읽어 contour/벡터 발표용 이미지 생성 — """
models/ADCIRC/source-analysis/adcirc_asgs_operational_system.md,144,file-line,output/FigureGen/FigureGen.F90,2,18,,"— ""core에서 스크립트처럼 동작, 외부 SW에 system call"" (Casey Dietrich) (`output/FigureGen/FigureGen.F90:2-18`) |"
models/ADCIRC/source-analysis/adcirc_asgs_operational_system.md,146,file,output/adcirc2netcdf.f90,,,,| netCDF 변환 | `output/adcirc2netcdf.f90`·`netcdf2adcirc.f90`·`convert_adc_native_2_netCDF.f90`·`asg
models/ADCIRC/source-analysis/adcirc_asgs_operational_system.md,146,file,netcdf2adcirc.f90,,,,| netCDF 변환 | `output/adcirc2netcdf.f90`·`netcdf2adcirc.f90`·`convert_adc_native_2_netCDF.f90`·`asgsConvertToNETCDF.pl`
models/ADCIRC/source-analysis/adcirc_asgs_operational_system.md,146,file,convert_adc_native_2_netCDF.f90,,,,netCDF 변환 | `output/adcirc2netcdf.f90`·`netcdf2adcirc.f90`·`convert_adc_native_2_netCDF.f90`·`asgsConvertToNETCDF.pl` | 네이티브 ↔ netCDF (`ls output/`) |
models/ADCIRC/source-analysis/adcirc_asgs_operational_system.md,147,file,kalpana.py,,,,| KMZ/GIS | `output/POSTPROC_KMZGIS`·`asgsCreateKMZs.sh`·`kalpana.py` | Google Earth·GIS 산출 |
models/ADCIRC/source-analysis/adcirc_asgs_operational_system.md,148,file,output/pullStationTimeSeries.f90,,,,| 통계/시계열 | `output/pullStationTimeSeries.f90`·`pullTimeSeries.f90`·`stationProcessor.f90`·`collectMinMax
models/ADCIRC/source-analysis/adcirc_asgs_operational_system.md,148,file,pullTimeSeries.f90,,,,| 통계/시계열 | `output/pullStationTimeSeries.f90`·`pullTimeSeries.f90`·`stationProcessor.f90`·`collectMinMax.f90` | 관측소 시계열·min/m
models/ADCIRC/source-analysis/adcirc_asgs_operational_system.md,148,file,stationProcessor.f90,,,, | `output/pullStationTimeSeries.f90`·`pullTimeSeries.f90`·`stationProcessor.f90`·`collectMinMax.f90` | 관측소 시계열·min/max 추출 |
models/ADCIRC/source-analysis/adcirc_asgs_operational_system.md,148,file,collectMinMax.f90,,,,imeSeries.f90`·`pullTimeSeries.f90`·`stationProcessor.f90`·`collectMinMax.f90` | 관측소 시계열·min/max 추출 |
models/ADCIRC/source-analysis/adcirc_asgs_operational_system.md,150,file,emailattach.py,,,,| 알림 | `output/cera_notify.sh`·`cera_post.sh`·`notify.sh`·`emailattach.py` | CERA·이메일 알림 |
models/ADCIRC/source-analysis/adcirc_asgs_operational_system.md,151,file,output/checkAdcircMesh.f90,,,,| 검증/품질 | `output/checkAdcircMesh.f90`·`wetDryCheck.f90`·`inundationMask.f90`·`totalWaterDepthGra
models/ADCIRC/source-analysis/adcirc_asgs_operational_system.md,151,file,wetDryCheck.f90,,,,| 검증/품질 | `output/checkAdcircMesh.f90`·`wetDryCheck.f90`·`inundationMask.f90`·`totalWaterDepthGradient.f90` | 메쉬·we
models/ADCIRC/source-analysis/adcirc_asgs_operational_system.md,151,file,inundationMask.f90,,,,| 검증/품질 | `output/checkAdcircMesh.f90`·`wetDryCheck.f90`·`inundationMask.f90`·`totalWaterDepthGradient.f90` | 메쉬·wet/dry·침수 마스크 검사 |
models/ADCIRC/source-analysis/adcirc_asgs_operational_system.md,151,file,totalWaterDepthGradient.f90,,,,heckAdcircMesh.f90`·`wetDryCheck.f90`·`inundationMask.f90`·`totalWaterDepthGradient.f90` | 메쉬·wet/dry·침수 마스크 검사 |
models/ADCIRC/source-analysis/adcirc_asgs_operational_system.md,157,symbol,,,,aswip,메커닉 → `[[adcirc-met-forcing-implementation]]` (본 노트는 ASGS 측 `aswip` 호출만).
models/ADCIRC/source-analysis/adcirc_asgs_operational_system.md,163,file,FigureGen.F90,,,,- `FigureGen.F90`·PartTrack Fortran·netCDF 변환기 등 후처리 본체는 카탈로그 수준(헤더·역할)만 검증.
models/ADCIRC/source-analysis/adcirc_gahm_vortex_model.md,8,file,GahmSolver.c,,,,"method: ""소스 직접 read (gahm/src/). gahm/GahmEquations.{h,cpp}·GahmSolver.cpp·GahmRadiusSolver.cpp·GahmRadiusSolverPrivate.cpp / vortex"
models/ADCIRC/source-analysis/adcirc_gahm_vortex_model.md,8,file,GahmRadiusSolver.c,,,,"read (gahm/src/). gahm/GahmEquations.{h,cpp}·GahmSolver.cpp·GahmRadiusSolver.cpp·GahmRadiusSolverPrivate.cpp / vortex/Vortex.cpp / atcf/At"
models/ADCIRC/source-analysis/adcirc_gahm_vortex_model.md,8,file,GahmRadiusSolverPrivate.c,,,,"m/GahmEquations.{h,cpp}·GahmSolver.cpp·GahmRadiusSolver.cpp·GahmRadiusSolverPrivate.cpp / vortex/Vortex.cpp / atcf/AtcfSnap.cpp·AtcfFile.cpp·Atcf"
models/ADCIRC/source-analysis/adcirc_gahm_vortex_model.md,8,file,vortex/Vortex.c,,,,lver.cpp·GahmRadiusSolver.cpp·GahmRadiusSolverPrivate.cpp / vortex/Vortex.cpp / atcf/AtcfSnap.cpp·AtcfFile.cpp·AtcfIsotach.h·AtcfQuadra
models/ADCIRC/source-analysis/adcirc_gahm_vortex_model.md,8,file,atcf/AtcfSnap.c,,,,olver.cpp·GahmRadiusSolverPrivate.cpp / vortex/Vortex.cpp / atcf/AtcfSnap.cpp·AtcfFile.cpp·AtcfIsotach.h·AtcfQuadrant.h·StormTranslatio
models/ADCIRC/source-analysis/adcirc_gahm_vortex_model.md,8,file,AtcfFile.c,,,,usSolverPrivate.cpp / vortex/Vortex.cpp / atcf/AtcfSnap.cpp·AtcfFile.cpp·AtcfIsotach.h·AtcfQuadrant.h·StormTranslation.h / preproc
models/ADCIRC/source-analysis/adcirc_gahm_vortex_model.md,8,file,AtcfIsotach.h,,,,te.cpp / vortex/Vortex.cpp / atcf/AtcfSnap.cpp·AtcfFile.cpp·AtcfIsotach.h·AtcfQuadrant.h·StormTranslation.h / preprocessor/Preprocess
models/ADCIRC/source-analysis/adcirc_gahm_vortex_model.md,8,file,AtcfQuadrant.h,,,,x/Vortex.cpp / atcf/AtcfSnap.cpp·AtcfFile.cpp·AtcfIsotach.h·AtcfQuadrant.h·StormTranslation.h / preprocessor/Preprocessor.cpp / physic
models/ADCIRC/source-analysis/adcirc_gahm_vortex_model.md,8,file,StormTranslation.h,,,,atcf/AtcfSnap.cpp·AtcfFile.cpp·AtcfIsotach.h·AtcfQuadrant.h·StormTranslation.h / preprocessor/Preprocessor.cpp / physical/Atmospheric.h·Co
models/ADCIRC/source-analysis/adcirc_gahm_vortex_model.md,8,file,preprocessor/Preprocessor.c,,,,fFile.cpp·AtcfIsotach.h·AtcfQuadrant.h·StormTranslation.h / preprocessor/Preprocessor.cpp / physical/Atmospheric.h·Constants.h·Earth.h / fortran/ga
models/ADCIRC/source-analysis/adcirc_gahm_vortex_model.md,8,file,physical/Atmospheric.h,,,,rant.h·StormTranslation.h / preprocessor/Preprocessor.cpp / physical/Atmospheric.h·Constants.h·Earth.h / fortran/gahm.F90·gahm_fortran.cpp / o
models/ADCIRC/source-analysis/adcirc_gahm_vortex_model.md,8,file,Constants.h,,,,.h / preprocessor/Preprocessor.cpp / physical/Atmospheric.h·Constants.h·Earth.h / fortran/gahm.F90·gahm_fortran.cpp / output/OwiOut
models/ADCIRC/source-analysis/adcirc_gahm_vortex_model.md,8,file,Earth.h,,,,"essor/Preprocessor.cpp / physical/Atmospheric.h·Constants.h·Earth.h / fortran/gahm.F90·gahm_fortran.cpp / output/OwiOutput.h"""
models/ADCIRC/source-analysis/adcirc_gahm_vortex_model.md,8,file,fortran/gahm.F90,,,,"rocessor.cpp / physical/Atmospheric.h·Constants.h·Earth.h / fortran/gahm.F90·gahm_fortran.cpp / output/OwiOutput.h"""
models/ADCIRC/source-analysis/adcirc_gahm_vortex_model.md,8,file,gahm_fortran.c,,,,"ysical/Atmospheric.h·Constants.h·Earth.h / fortran/gahm.F90·gahm_fortran.cpp / output/OwiOutput.h"""
models/ADCIRC/source-analysis/adcirc_gahm_vortex_model.md,8,file,output/OwiOutput.h,,,,"h·Constants.h·Earth.h / fortran/gahm.F90·gahm_fortran.cpp / output/OwiOutput.h"""
models/ADCIRC/source-analysis/adcirc_gahm_vortex_model.md,19,file,fortran/gahm.F90,,,, 임의 점군에서 경도풍 합성·기압장을 만드는(`vortex/`) C++ 라이브러리. Fortran 바인딩(`fortran/gahm.F90`)으로 ADCIRC와 결합되며 OWI 격자바람(NWS12/13)도 출력 가능(`output/OwiOutpu
models/ADCIRC/source-analysis/adcirc_gahm_vortex_model.md,19,file,gahm/GahmSolver.c,,,,"(The Water Institute), GPLv3, ADCIRC Development Group (예: `gahm/GahmSolver.cpp:1-19`)."
models/ADCIRC/source-analysis/adcirc_gahm_vortex_model.md,29,file,GahmSolver.c,,,," GAHM 경도풍 함수·도함수·기압식, B·Rmax 솔버 | `GahmEquations.{h,cpp}`, `GahmSolver.cpp`, `GahmRadiusSolver*.cpp` |"
models/ADCIRC/source-analysis/adcirc_gahm_vortex_model.md,30,file,AtcfFile.c,,,,"| `atcf/` | ATCF best-track 파싱, 4분면 isotach 자료구조, 위치·이동 | `AtcfFile.cpp`, `AtcfSnap.cpp`, `AtcfIsotach.h`, `AtcfQuadrant.h`, `Sto"
models/ADCIRC/source-analysis/adcirc_gahm_vortex_model.md,30,file,AtcfSnap.c,,,,"F best-track 파싱, 4분면 isotach 자료구조, 위치·이동 | `AtcfFile.cpp`, `AtcfSnap.cpp`, `AtcfIsotach.h`, `AtcfQuadrant.h`, `StormTranslation.h`"
models/ADCIRC/source-analysis/adcirc_gahm_vortex_model.md,30,file,AtcfIsotach.h,,,," 4분면 isotach 자료구조, 위치·이동 | `AtcfFile.cpp`, `AtcfSnap.cpp`, `AtcfIsotach.h`, `AtcfQuadrant.h`, `StormTranslation.h` |"
models/ADCIRC/source-analysis/adcirc_gahm_vortex_model.md,30,file,AtcfQuadrant.h,,,,", 위치·이동 | `AtcfFile.cpp`, `AtcfSnap.cpp`, `AtcfIsotach.h`, `AtcfQuadrant.h`, `StormTranslation.h` |"
models/ADCIRC/source-analysis/adcirc_gahm_vortex_model.md,30,file,StormTranslation.h,,,,"e.cpp`, `AtcfSnap.cpp`, `AtcfIsotach.h`, `AtcfQuadrant.h`, `StormTranslation.h` |"
models/ADCIRC/source-analysis/adcirc_gahm_vortex_model.md,31,file,Preprocessor.c,,,,| `preprocessor/` | isotach 정렬·결측 보간·이동속도·경계층풍·분면별 솔버 구동 | `Preprocessor.cpp` |
models/ADCIRC/source-analysis/adcirc_gahm_vortex_model.md,32,file,Vortex.c,,,,| `vortex/` | 점군에서 풍속벡터·기압 합성 (시간/공간/분면 보간) | `Vortex.cpp` |
models/ADCIRC/source-analysis/adcirc_gahm_vortex_model.md,33,file,Atmospheric.h,,,," 대기·지구 물리 상수와 식 (Holland B, Rossby, coriolis, haversine) | `Atmospheric.h`, `Constants.h`, `Earth.h` |"
models/ADCIRC/source-analysis/adcirc_gahm_vortex_model.md,33,file,Constants.h,,,,"Holland B, Rossby, coriolis, haversine) | `Atmospheric.h`, `Constants.h`, `Earth.h` |"
models/ADCIRC/source-analysis/adcirc_gahm_vortex_model.md,33,file,Earth.h,,,,"by, coriolis, haversine) | `Atmospheric.h`, `Constants.h`, `Earth.h` |"
models/ADCIRC/source-analysis/adcirc_gahm_vortex_model.md,34,file,CircularArray.h,,,,"ate, Point, CircularArray, Uvp, VortexSolution, WindGrid | `CircularArray.h`, `Date.cpp` |"
models/ADCIRC/source-analysis/adcirc_gahm_vortex_model.md,34,file,Date.c,,,,"rArray, Uvp, VortexSolution, WindGrid | `CircularArray.h`, `Date.cpp` |"
models/ADCIRC/source-analysis/adcirc_gahm_vortex_model.md,36,file,gahm.F90,,,,"| `fortran/` | Fortran ↔ C++ 바인딩 (ADCIRC 결합) | `gahm.F90`, `gahm_fortran.cpp` |"
models/ADCIRC/source-analysis/adcirc_gahm_vortex_model.md,36,file,gahm_fortran.c,,,,"| `fortran/` | Fortran ↔ C++ 바인딩 (ADCIRC 결합) | `gahm.F90`, `gahm_fortran.cpp` |"
models/ADCIRC/source-analysis/adcirc_gahm_vortex_model.md,38,file,fortran/gahm_fortran.c,,,,:prepareAtcfData()` + `::solve()` → `Vortex::solve(date)` (`fortran/gahm_fortran.cpp:45-52`).
models/ADCIRC/source-analysis/adcirc_gahm_vortex_model.md,46,file,gahm/GahmEquations.c,,,,"소스 doc 주석(verbatim, `gahm/GahmEquations.cpp:28-37`):"
models/ADCIRC/source-analysis/adcirc_gahm_vortex_model.md,52,file,gahm/GahmEquations.c,,,,구현(`gahm/GahmEquations.cpp:46-61`)은 $(\gamma+1)$을 `(1.0 + 1.0/rossby)`로 표현한다 — Rossb
models/ADCIRC/source-analysis/adcirc_gahm_vortex_model.md,52,file-line,physical/Atmospheric.h,52,58,, `(1.0 + 1.0/rossby)`로 표현한다 — Rossby 수 $Ro = v_m/(f r_m)$ (`physical/Atmospheric.h:52-58`)이므로 $1/Ro = f r_m / v_m = \gamma$. $e^\beta$는 `std::exp(ph
models/ADCIRC/source-analysis/adcirc_gahm_vortex_model.md,52,file,GahmEquations.c,,,,"g))`, $\alpha^{b_g}$는 `rmbg = pow(rmax/distance, gahm_b)` (`GahmEquations.cpp:50-57`). 함수는 **isotach 풍속을 뺀 잔차**를 반환한다(`...) - isotach_w"
models/ADCIRC/source-analysis/adcirc_gahm_vortex_model.md,52,file,GahmEquations.c,,,,"뺀 잔차**를 반환한다(`...) - isotach_windspeed_at_boundary_layer`, `GahmEquations.cpp:60`) — 즉 솔버의 근(root)이 되도록 구성. coriolis 부호로 남반구 처리(`sign_o"
models/ADCIRC/source-analysis/adcirc_gahm_vortex_model.md,52,file,GahmEquations.c,,,,"의 근(root)이 되도록 구성. coriolis 부호로 남반구 처리(`sign_of_coriolis`, `GahmEquations.cpp:53`)."
models/ADCIRC/source-analysis/adcirc_gahm_vortex_model.md,52,symbol,,,,sign_of_coriolis,"tions.cpp:60`) — 즉 솔버의 근(root)이 되도록 구성. coriolis 부호로 남반구 처리(`sign_of_coriolis`, `GahmEquations.cpp:53`)."
models/ADCIRC/source-analysis/adcirc_gahm_vortex_model.md,54,file,GahmEquations.c,,,,phi를 인자로 안 주는 오버로드는 내부에서 `phi(...)`를 계산해 위임(`GahmEquations.cpp:79-89`).
models/ADCIRC/source-analysis/adcirc_gahm_vortex_model.md,56,file-line,gahm/GahmEquations.h,68,76,,### 2.2 $\phi$ 파라미터 (`gahm/GahmEquations.h:68-76`)
models/ADCIRC/source-analysis/adcirc_gahm_vortex_model.md,60,file-line,GahmEquations.h,70,72,,"rossbyNumber(vmax,rmax,f)`. assert로 $f>0, v_m>0, r_m>0$ 강제(`GahmEquations.h:70-72`)."
models/ADCIRC/source-analysis/adcirc_gahm_vortex_model.md,60,symbol,,,,constexpr,"`constexpr`, $Ro$는 `Atmospheric::rossbyNumber(vmax,rmax,f)`. assert로 $f"
models/ADCIRC/source-analysis/adcirc_gahm_vortex_model.md,62,file-line,gahm/GahmEquations.h,88,98,,### 2.3 GAHM 수정 Holland B (`gahm/GahmEquations.h:88-98`)
models/ADCIRC/source-analysis/adcirc_gahm_vortex_model.md,66,file-line,physical/Atmospheric.h,38,43,,여기서 전통적 Holland B는 (`physical/Atmospheric.h:38-43`):
models/ADCIRC/source-analysis/adcirc_gahm_vortex_model.md,70,file-line,physical/Constants.h,88,,,"$\rho_{air} = 1.293$ kg/m³ (`physical/Constants.h:88`), $e = M\_E$. assert로 $p_c \ne p_{bk}$ 강제(`Atmospheric.h:4"
models/ADCIRC/source-analysis/adcirc_gahm_vortex_model.md,70,file-line,Atmospheric.h,40,,,"/Constants.h:88`), $e = M\_E$. assert로 $p_c \ne p_{bk}$ 강제(`Atmospheric.h:40`)."
models/ADCIRC/source-analysis/adcirc_gahm_vortex_model.md,72,file,gahm/GahmEquations.c,,,,### 2.4 1차 도함수 $V_g'(r)$ (`gahm/GahmEquations.cpp:91-133`)
models/ADCIRC/source-analysis/adcirc_gahm_vortex_model.md,74,file,GahmEquations.c,,,,"Newton-Raphson용. doc 주석에 폐형식(verbatim, `GahmEquations.cpp:92-96`). 구현은 항별 분해 `a + b - c` over `d` (`GahmEquations.c"
models/ADCIRC/source-analysis/adcirc_gahm_vortex_model.md,74,file,GahmEquations.c,,,,GahmEquations.cpp:92-96`). 구현은 항별 분해 `a + b - c` over `d` (`GahmEquations.cpp:113-132`).
models/ADCIRC/source-analysis/adcirc_gahm_vortex_model.md,76,file,gahm/GahmEquations.c,,,,### 2.5 기압장 (`gahm/GahmEquations.cpp:147-154`)
models/ADCIRC/source-analysis/adcirc_gahm_vortex_model.md,82,file,gahm/GahmEquations.c,,,,### 2.6 풍속 평가 (`gahm/GahmEquations.cpp:156-162`)
models/ADCIRC/source-analysis/adcirc_gahm_vortex_model.md,84,symbol,,,,GahmWindSpeed,"`GahmWindSpeed` = `GahmFunction(rmax, vmax, **0.0**, distance, coriolis, ga"
models/ADCIRC/source-analysis/adcirc_gahm_vortex_model.md,92,file,gahm/GahmSolver.c,,,,", isotach_speed, vmax, p_center, p_background, latitude)` (`gahm/GahmSolver.cpp:46-47`)."
models/ADCIRC/source-analysis/adcirc_gahm_vortex_model.md,94,file,gahm/GahmSolver.c,,,,초기화(`gahm/GahmSolver.cpp:46-63`):
models/ADCIRC/source-analysis/adcirc_gahm_vortex_model.md,95,file,GahmSolver.c,,,,- coriolis: `Earth::coriolis(latitude)` (`GahmSolver.cpp:54`).
models/ADCIRC/source-analysis/adcirc_gahm_vortex_model.md,96,symbol,,,,estimateRmax,- Rmax 초기추정 `estimateRmax` (아래 3.3).
models/ADCIRC/source-analysis/adcirc_gahm_vortex_model.md,97,file,GahmSolver.c,,,,"- B 초기값 = 전통 Holland B (`calcHollandB`, `GahmSolver.cpp:58`)."
models/ADCIRC/source-analysis/adcirc_gahm_vortex_model.md,97,symbol,,,,calcHollandB,"- B 초기값 = 전통 Holland B (`calcHollandB`, `GahmSolver.cpp:58`)."
models/ADCIRC/source-analysis/adcirc_gahm_vortex_model.md,98,file,GahmSolver.c,,,,"- $\phi$ 초기 1.0, B 수렴 tol `1e-9`, 최대 반복 200 (`GahmSolver.cpp:59-61`)."
models/ADCIRC/source-analysis/adcirc_gahm_vortex_model.md,100,file,gahm/GahmSolver.c,,,,`solve()` 루프(`gahm/GahmSolver.cpp:68-92`):
models/ADCIRC/source-analysis/adcirc_gahm_vortex_model.md,102,file,GahmSolver.c,,,,"2. `phi = GahmEquations::phi(vmax, rmax, B, f)` 갱신 (`GahmSolver.cpp:77`)."
models/ADCIRC/source-analysis/adcirc_gahm_vortex_model.md,103,file,GahmSolver.c,,,," GahmEquations::gahm_b(vmax, rmax, p_c, p_bk, f, phi)` 갱신 (`GahmSolver.cpp:78`)."
models/ADCIRC/source-analysis/adcirc_gahm_vortex_model.md,104,file,GahmSolver.c,,,,4. `|B - solver.gahm_b()| < 1e-9` 이면 수렴·종료(`GahmSolver.cpp:79-82`).
models/ADCIRC/source-analysis/adcirc_gahm_vortex_model.md,105,file,GahmSolver.c,,,,"st::math::evaluation_error(""Solution did not converge."")` (`GahmSolver.cpp:83-87`)."
models/ADCIRC/source-analysis/adcirc_gahm_vortex_model.md,106,file,GahmSolver.c,,,,6. 미수렴 시 `solver.setGahmB(B)` 후 반복(`GahmSolver.cpp:88`).
models/ADCIRC/source-analysis/adcirc_gahm_vortex_model.md,108,file,GahmSolver.c,,,,교대 수렴(fixed-point)**. 미실행 상태에서 `rmax()`/`gahm_b()` 호출 시 예외(`GahmSolver.cpp:141-160`).
models/ADCIRC/source-analysis/adcirc_gahm_vortex_model.md,112,file,gahm/GahmRadiusSolver.c,,,,"(m_solver, guess, lower, upper, digits, iter)` 사용, 최대 200회(`gahm/GahmRadiusSolver.cpp:31,56-62`). functor `GahmRadiusSolverPrivate::operator()`"
models/ADCIRC/source-analysis/adcirc_gahm_vortex_model.md,112,file,gahm/GahmRadiusSolverPrivate.c,,,,"r `GahmRadiusSolverPrivate::operator()`가 `{Vg, Vg'}` 쌍을 반환(`gahm/GahmRadiusSolverPrivate.cpp:45-52`), 각각 `GahmFunction`/`GahmFunctionDerivative` 위임(`G"
models/ADCIRC/source-analysis/adcirc_gahm_vortex_model.md,112,file,GahmRadiusSolverPrivate.c,,,,"cpp:45-52`), 각각 `GahmFunction`/`GahmFunctionDerivative` 위임(`GahmRadiusSolverPrivate.cpp:76-97`)."
models/ADCIRC/source-analysis/adcirc_gahm_vortex_model.md,112,symbol,,,,GahmFunction,", Vg'}` 쌍을 반환(`gahm/GahmRadiusSolverPrivate.cpp:45-52`), 각각 `GahmFunction`/`GahmFunctionDerivative` 위임(`GahmRadiusSolverPrivate.cpp:76"
models/ADCIRC/source-analysis/adcirc_gahm_vortex_model.md,112,symbol,,,,GahmFunctionDerivative,"gahm/GahmRadiusSolverPrivate.cpp:45-52`), 각각 `GahmFunction`/`GahmFunctionDerivative` 위임(`GahmRadiusSolverPrivate.cpp:76-97`)."
models/ADCIRC/source-analysis/adcirc_gahm_vortex_model.md,114,file,gahm/GahmSolver.c,,,,### 3.3 Rmax 초기추정 (`gahm/GahmSolver.cpp:181-189`)
models/ADCIRC/source-analysis/adcirc_gahm_vortex_model.md,120,file,GahmSolver.c,,,,"`min(r1, 0.99 × isotach_radius)` 채택(`GahmSolver.cpp:185-188`). isotach 반경의 99%를 상한으로 둔다."
models/ADCIRC/source-analysis/adcirc_gahm_vortex_model.md,126,file,atcf/AtcfFile.c,,,,### 4.1 파일 읽기 (`atcf/AtcfFile.cpp:46-85`)
models/ADCIRC/source-analysis/adcirc_gahm_vortex_model.md,128,file,AtcfFile.c,,,,"날짜 snap이 이미 있으면 **isotach만 추가**(중복 날짜 병합), 없으면 새 snap push(`AtcfFile.cpp:74-85`). `isValid()` 통과분만 수용(`AtcfFile.cpp:56-59`)."
models/ADCIRC/source-analysis/adcirc_gahm_vortex_model.md,128,file,AtcfFile.c,,,,없으면 새 snap push(`AtcfFile.cpp:74-85`). `isValid()` 통과분만 수용(`AtcfFile.cpp:56-59`).
models/ADCIRC/source-analysis/adcirc_gahm_vortex_model.md,130,file,atcf/AtcfSnap.c,,,,### 4.2 snap 파싱 (`atcf/AtcfSnap.cpp:309-354`)
models/ADCIRC/source-analysis/adcirc_gahm_vortex_model.md,132,file,AtcfSnap.c,,,,ATCF 토큰 ≥27개 요구(`AtcfSnap.cpp:319-321`). 주요 컬럼:
models/ADCIRC/source-analysis/adcirc_gahm_vortex_model.md,133,file,AtcfSnap.c,,,,"- `tokens[0]` basin (WP/IO/SH/CP/EP/AL/SL → enum, `AtcfSnap.cpp:83-101`)."
models/ADCIRC/source-analysis/adcirc_gahm_vortex_model.md,134,file,AtcfSnap.c,,,,"- `tokens[2]`+`tokens[5]` 날짜+tau (`%Y%m%d%H` + 시간 가산, `AtcfSnap.cpp:393-400`)."
models/ADCIRC/source-analysis/adcirc_gahm_vortex_model.md,135,file,AtcfSnap.c,,,,"- `tokens[6]`/`[7]` 위/경도 (1/10 deg, S/W 부호, `AtcfSnap.cpp:328-338`)."
models/ADCIRC/source-analysis/adcirc_gahm_vortex_model.md,136,file,AtcfSnap.c,,,,"`tokens[9]` p_min (mb→Pa ×100), `tokens[19]` rmax (nmi→m) (`AtcfSnap.cpp:340-342`)."
models/ADCIRC/source-analysis/adcirc_gahm_vortex_model.md,137,file,AtcfSnap.c,,,,"- 배경기압은 상수 `backgroundPressure()=1013.0` mb ×100 (`AtcfSnap.cpp:346`, `Constants.h:68`)."
models/ADCIRC/source-analysis/adcirc_gahm_vortex_model.md,137,file-line,Constants.h,68,,,"`backgroundPressure()=1013.0` mb ×100 (`AtcfSnap.cpp:346`, `Constants.h:68`)."
models/ADCIRC/source-analysis/adcirc_gahm_vortex_model.md,138,file,AtcfSnap.c,,,,- `tokens[27]` 폭풍명(`AtcfSnap.cpp:343`).
models/ADCIRC/source-analysis/adcirc_gahm_vortex_model.md,140,file,AtcfSnap.c,,,,isotach 파싱(`AtcfSnap.cpp:361-385`): `tokens[11]` isotach 풍속(kt→m/s). **0이면** isota
models/ADCIRC/source-analysis/adcirc_gahm_vortex_model.md,140,file,AtcfSnap.c,,,,"otach 풍속(kt→m/s). **0이면** isotach 풍속=vmax, 4분면 반경=rmax로 대체(`AtcfSnap.cpp:371-376`). 아니면 `tokens[13..16]`이 4분면 반경(nmi→m)(`AtcfSnap."
models/ADCIRC/source-analysis/adcirc_gahm_vortex_model.md,140,file,AtcfSnap.c,,,,tcfSnap.cpp:371-376`). 아니면 `tokens[13..16]`이 4분면 반경(nmi→m)(`AtcfSnap.cpp:378-383`). 단위 변환은 `compile-time constexpr` (`Units::conve
models/ADCIRC/source-analysis/adcirc_gahm_vortex_model.md,140,file,AtcfSnap.c,,,,"-383`). 단위 변환은 `compile-time constexpr` (`Units::convert`, `AtcfSnap.cpp:311-314`)."
models/ADCIRC/source-analysis/adcirc_gahm_vortex_model.md,142,file,AtcfSnap.c,,,,"`isValid()`(`AtcfSnap.cpp:428-444`): isotach 비어있거나, 위치가 (0,0)이거나, 날짜가 기본값이거나, 풍속 0인"
models/ADCIRC/source-analysis/adcirc_gahm_vortex_model.md,146,file-line,atcf/AtcfQuadrant.h,36,103,,"- `AtcfQuadrant`(`atcf/AtcfQuadrant.h:36-103`): 분면별 `isotach_radius`, `radius_to_max_wind_speed`, `gahm_"
models/ADCIRC/source-analysis/adcirc_gahm_vortex_model.md,146,file-line,AtcfQuadrant.h,97,101,,"er` 보유. 분면 각도 `s_quadrant_angles = {45, -45, -135, -225}°`(`AtcfQuadrant.h:97-101`)."
models/ADCIRC/source-analysis/adcirc_gahm_vortex_model.md,146,symbol,,,,AtcfQuadrant,"- `AtcfQuadrant`(`atcf/AtcfQuadrant.h:36-103`): 분면별 `isotach_radius`, `radiu"
models/ADCIRC/source-analysis/adcirc_gahm_vortex_model.md,146,symbol,,,,isotach_radius,"- `AtcfQuadrant`(`atcf/AtcfQuadrant.h:36-103`): 분면별 `isotach_radius`, `radius_to_max_wind_speed`, `gahm_holland_b`, `isotach_spe"
models/ADCIRC/source-analysis/adcirc_gahm_vortex_model.md,146,symbol,,,,radius_to_max_wind_speed,"drant`(`atcf/AtcfQuadrant.h:36-103`): 분면별 `isotach_radius`, `radius_to_max_wind_speed`, `gahm_holland_b`, `isotach_speed_at_boundary_layer`, `vmax"
models/ADCIRC/source-analysis/adcirc_gahm_vortex_model.md,146,symbol,,,,gahm_holland_b,"36-103`): 분면별 `isotach_radius`, `radius_to_max_wind_speed`, `gahm_holland_b`, `isotach_speed_at_boundary_layer`, `vmax_at_boundary_layer"
models/ADCIRC/source-analysis/adcirc_gahm_vortex_model.md,146,symbol,,,,isotach_speed_at_boundary_layer,"tach_radius`, `radius_to_max_wind_speed`, `gahm_holland_b`, `isotach_speed_at_boundary_layer`, `vmax_at_boundary_layer` 보유. 분면 각도 `s_quadrant_angles = {4"
models/ADCIRC/source-analysis/adcirc_gahm_vortex_model.md,146,symbol,,,,vmax_at_boundary_layer,"peed`, `gahm_holland_b`, `isotach_speed_at_boundary_layer`, `vmax_at_boundary_layer` 보유. 분면 각도 `s_quadrant_angles = {45, -45, -135, -225}°`(`Atc"
models/ADCIRC/source-analysis/adcirc_gahm_vortex_model.md,147,file-line,atcf/AtcfIsotach.h,39,76,,- `AtcfIsotach`(`atcf/AtcfIsotach.h:39-76`): 한 풍속(`m_wind_speed`)에 대한 4분면 `CircularArray<AtcfQuadrant
models/ADCIRC/source-analysis/adcirc_gahm_vortex_model.md,147,symbol,,,,AtcfIsotach,- `AtcfIsotach`(`atcf/AtcfIsotach.h:39-76`): 한 풍속(`m_wind_speed`)에 대한 4분면 `
models/ADCIRC/source-analysis/adcirc_gahm_vortex_model.md,147,symbol,,,,m_wind_speed,"- `AtcfIsotach`(`atcf/AtcfIsotach.h:39-76`): 한 풍속(`m_wind_speed`)에 대한 4분면 `CircularArray<AtcfQuadrant,4>`."
models/ADCIRC/source-analysis/adcirc_gahm_vortex_model.md,148,file-line,datatypes/CircularArray.h,45,48,,"- `CircularArray`(`datatypes/CircularArray.h:45-48`): 모듈로 인덱싱으로 음수·초과 인덱스 wrap. → `quadrant - 1`, `quadrant + "
models/ADCIRC/source-analysis/adcirc_gahm_vortex_model.md,148,symbol,,,,CircularArray,- `CircularArray`(`datatypes/CircularArray.h:45-48`): 모듈로 인덱싱으로 음수·초과 인덱스 wra
models/ADCIRC/source-analysis/adcirc_gahm_vortex_model.md,149,file,atcf/AtcfSnap.h,,,,- `AtcfSnap`(`atcf/AtcfSnap.h`): 한 시각에 여러 isotach `std::vector<AtcfIsotach>` + 분면별 반경 사전계
models/ADCIRC/source-analysis/adcirc_gahm_vortex_model.md,149,file,AtcfSnap.c,,,," 분면별 반경 사전계산 `m_radii` (`CircularArray<vector<double>,4>`, `AtcfSnap.cpp:284-287,559-565`)."
models/ADCIRC/source-analysis/adcirc_gahm_vortex_model.md,149,symbol,,,,AtcfSnap,- `AtcfSnap`(`atcf/AtcfSnap.h`): 한 시각에 여러 isotach `std::vector<AtcfIsota
models/ADCIRC/source-analysis/adcirc_gahm_vortex_model.md,149,symbol,,,,m_radii,": 한 시각에 여러 isotach `std::vector<AtcfIsotach>` + 분면별 반경 사전계산 `m_radii` (`CircularArray<vector<double>,4>`, `AtcfSnap.cpp:284-287,5"
models/ADCIRC/source-analysis/adcirc_gahm_vortex_model.md,155,file,preprocessor/Preprocessor.c,,,,### 5.1 파이프라인 (`preprocessor/Preprocessor.cpp:54-63`)
models/ADCIRC/source-analysis/adcirc_gahm_vortex_model.md,158,file,Preprocessor.c,,,,"1. `orderIsotachs()` — snap 내 isotach 풍속 **내림차순** 정렬(`Preprocessor.cpp:345-349`, `AtcfSnap.cpp:571-576`)."
models/ADCIRC/source-analysis/adcirc_gahm_vortex_model.md,158,file,AtcfSnap.c,,,," snap 내 isotach 풍속 **내림차순** 정렬(`Preprocessor.cpp:345-349`, `AtcfSnap.cpp:571-576`)."
models/ADCIRC/source-analysis/adcirc_gahm_vortex_model.md,164,file,Preprocessor.c,,,,### 5.2 결측 isotach 반경 보간 (`Preprocessor.cpp:107-201`)
models/ADCIRC/source-analysis/adcirc_gahm_vortex_model.md,167,file,Preprocessor.c,,,,"- 1개: 좌(`idx+3`)·우(`idx+1`) **이웃 평균** (CircularArray wrap, `Preprocessor.cpp:188-201`)."
models/ADCIRC/source-analysis/adcirc_gahm_vortex_model.md,168,file,Preprocessor.c,,,,"- 2개: 남은 둘의 평균(`/2.0`, `Preprocessor.cpp:167-182`)."
models/ADCIRC/source-analysis/adcirc_gahm_vortex_model.md,169,file,Preprocessor.c,,,,- 3개: 유일하게 존재하는 값 복사(`Preprocessor.cpp:152-161`).
models/ADCIRC/source-analysis/adcirc_gahm_vortex_model.md,170,file,Preprocessor.c,,,,- 4개: 전부 snap의 rmax로 설정(`Preprocessor.cpp:141-146`).
models/ADCIRC/source-analysis/adcirc_gahm_vortex_model.md,172,file,Preprocessor.c,,,,### 5.3 이동속도 (`Preprocessor.cpp:206-257`)
models/ADCIRC/source-analysis/adcirc_gahm_vortex_model.md,174,file-line,Earth.h,174,182,,"snap 쌍 위치차를 `Earth::sphericalDx`(haversine 분해, `Earth.h:174-182`)로 u·v 거리 산출, $dt$로 나눠 속도. 방향 `atan2(u, v)` (북기준, `Preproce"
models/ADCIRC/source-analysis/adcirc_gahm_vortex_model.md,174,file,Preprocessor.c,,,,":174-182`)로 u·v 거리 산출, $dt$로 나눠 속도. 방향 `atan2(u, v)` (북기준, `Preprocessor.cpp:249`). 합성 이동속도에 **경험식 변환** 적용(`Preprocessor.cpp:254`):"
models/ADCIRC/source-analysis/adcirc_gahm_vortex_model.md,174,file,Preprocessor.c,,,," v)` (북기준, `Preprocessor.cpp:249`). 합성 이동속도에 **경험식 변환** 적용(`Preprocessor.cpp:254`):"
models/ADCIRC/source-analysis/adcirc_gahm_vortex_model.md,178,file,Preprocessor.c,,,,"첫 snap은 다음 snap으로, 그 외는 이전 snap과의 차로 forward/backward 차분(`Preprocessor.cpp:206-222`)."
models/ADCIRC/source-analysis/adcirc_gahm_vortex_model.md,180,file,Preprocessor.c,,,,### 5.4 경계층 풍속 (`Preprocessor.cpp:317-339`)
models/ADCIRC/source-analysis/adcirc_gahm_vortex_model.md,182,file,Preprocessor.c,,,,"계층 = `× tenMeterToTopOfBoundaryLayer()` = `1/0.9 ≈ 1.111` (`Preprocessor.cpp:319-320`, `Constants.h:74-82`), 이후 이동속도 제거."
models/ADCIRC/source-analysis/adcirc_gahm_vortex_model.md,182,file-line,Constants.h,74,82,,"aryLayer()` = `1/0.9 ≈ 1.111` (`Preprocessor.cpp:319-320`, `Constants.h:74-82`), 이후 이동속도 제거."
models/ADCIRC/source-analysis/adcirc_gahm_vortex_model.md,183,file,Preprocessor.c,,,,"TranslationVelocity`로 이동성분 차감(scaling = `min(1, ws/vmax)`, `Preprocessor.cpp:307-312`) 후 경계층 변환(`Preprocessor.cpp:325-335`)."
models/ADCIRC/source-analysis/adcirc_gahm_vortex_model.md,183,file,Preprocessor.c,,,," = `min(1, ws/vmax)`, `Preprocessor.cpp:307-312`) 후 경계층 변환(`Preprocessor.cpp:325-335`)."
models/ADCIRC/source-analysis/adcirc_gahm_vortex_model.md,183,symbol,,,,removeTranslationVelocity,"- isotach 분면 풍속: `removeTranslationVelocity`로 이동성분 차감(scaling = `min(1, ws/vmax)`, `Preprocessor.cpp:307"
models/ADCIRC/source-analysis/adcirc_gahm_vortex_model.md,184,file,Preprocessor.c,,,,.)`)는 현재 본문이 주석처리되고 `wind_speed`를 그대로 반환 — `// TODO`/실험 상태(`Preprocessor.cpp:271-297`).
models/ADCIRC/source-analysis/adcirc_gahm_vortex_model.md,184,symbol,,,,wind_speed,"emoveTranslationVelocity(.., quadrant, ..)`)는 현재 본문이 주석처리되고 `wind_speed`를 그대로 반환 — `// TODO`/실험 상태(`Preprocessor.cpp:271-297`)."
models/ADCIRC/source-analysis/adcirc_gahm_vortex_model.md,186,file,Preprocessor.c,,,,### 5.5 분면별 솔버 구동 (`Preprocessor.cpp:68-102`)
models/ADCIRC/source-analysis/adcirc_gahm_vortex_model.md,188,file,Preprocessor.c,,,,"`prepareAtcfData()` 선행 필수(미처리 시 runtime_error, `Preprocessor.cpp:69-74`). 모든 snap × isotach × **4분면** 각각:"
models/ADCIRC/source-analysis/adcirc_gahm_vortex_model.md,189,file,Preprocessor.c,,,,"- `vmax ≤ isotach_speed`면 `vmax = isotach_speed + 1.0`로 넛지(`Preprocessor.cpp:90-91`, ""// TODO: Confirm with Rick"")."
models/ADCIRC/source-analysis/adcirc_gahm_vortex_model.md,190,file,Preprocessor.c,,,,"_min, p_back, latitude).solve()` → 분면에 `rmax`, `gahm_b` 저장(`Preprocessor.cpp:94-98`)."
models/ADCIRC/source-analysis/adcirc_gahm_vortex_model.md,190,symbol,,,,rmax,"sotach_speed, vmax, p_min, p_back, latitude).solve()` → 분면에 `rmax`, `gahm_b` 저장(`Preprocessor.cpp:94-98`)."
models/ADCIRC/source-analysis/adcirc_gahm_vortex_model.md,190,symbol,,,,gahm_b,"peed, vmax, p_min, p_back, latitude).solve()` → 분면에 `rmax`, `gahm_b` 저장(`Preprocessor.cpp:94-98`)."
models/ADCIRC/source-analysis/adcirc_gahm_vortex_model.md,198,file,vortex/Vortex.c,,,,### 6.1 시각 솔브 (`vortex/Vortex.cpp:64-114`)
models/ADCIRC/source-analysis/adcirc_gahm_vortex_model.md,201,file,Vortex.c,,,,electTime` — 날짜 구간의 snap iterator + 선형 시간가중 `time_weight` (`Vortex.cpp:266-288`). 범위 밖이면 양끝으로 clamp(`Vortex.cpp:268-272`).
models/ADCIRC/source-analysis/adcirc_gahm_vortex_model.md,201,file,Vortex.c,,,,가중 `time_weight` (`Vortex.cpp:266-288`). 범위 밖이면 양끝으로 clamp(`Vortex.cpp:268-272`).
models/ADCIRC/source-analysis/adcirc_gahm_vortex_model.md,201,symbol,,,,selectTime,1. `selectTime` — 날짜 구간의 snap iterator + 선형 시간가중 `time_weight` (`Vortex.cpp
models/ADCIRC/source-analysis/adcirc_gahm_vortex_model.md,201,symbol,,,,time_weight,1. `selectTime` — 날짜 구간의 snap iterator + 선형 시간가중 `time_weight` (`Vortex.cpp:266-288`). 범위 밖이면 양끝으로 clamp(`Vortex.cpp:268-2
models/ADCIRC/source-analysis/adcirc_gahm_vortex_model.md,202,file,Vortex.c,,,," `StormTranslation::interpolate`, `Interpolation::linear`, `Vortex.cpp:81-92`)."
models/ADCIRC/source-analysis/adcirc_gahm_vortex_model.md,203,file,Vortex.c,,,,3. coriolis = `Earth::coriolis(보간된 위도)` (`Vortex.cpp:106`).
models/ADCIRC/source-analysis/adcirc_gahm_vortex_model.md,204,file,Vortex.c,,,,"4. 점군 각 점에 `solveVortexPoint` → `VortexSolution`(u,v,p) (`Vortex.cpp:109-113`)."
models/ADCIRC/source-analysis/adcirc_gahm_vortex_model.md,204,symbol,,,,solveVortexPoint,"4. 점군 각 점에 `solveVortexPoint` → `VortexSolution`(u,v,p) (`Vortex.cpp:109-113`)."
models/ADCIRC/source-analysis/adcirc_gahm_vortex_model.md,204,symbol,,,,VortexSolution,"4. 점군 각 점에 `solveVortexPoint` → `VortexSolution`(u,v,p) (`Vortex.cpp:109-113`)."
models/ADCIRC/source-analysis/adcirc_gahm_vortex_model.md,206,file,vortex/Vortex.c,,,,### 6.2 점별 해 (`vortex/Vortex.cpp:116-156`)
models/ADCIRC/source-analysis/adcirc_gahm_vortex_model.md,208,file-line,Earth.h,105,118,,"- 거리 `Earth::distance`(haversine, `Earth.h:105-118`), 1km 이내면 (u,v)=0, p=중심기압/100(`Vortex.cpp:122-128`)."
models/ADCIRC/source-analysis/adcirc_gahm_vortex_model.md,208,file,Vortex.c,,,,"haversine, `Earth.h:105-118`), 1km 이내면 (u,v)=0, p=중심기압/100(`Vortex.cpp:122-128`)."
models/ADCIRC/source-analysis/adcirc_gahm_vortex_model.md,209,file-line,Earth.h,139,152,,- 방위각 `Earth::azimuth` (`Earth.h:139-152`).
models/ADCIRC/source-analysis/adcirc_gahm_vortex_model.md,210,symbol,,,,getInterpolatedPack,"- `getInterpolatedPack` → 파라미터팩(rmax, vmax_bl, isotach_speed, holland_b 등)."
models/ADCIRC/source-analysis/adcirc_gahm_vortex_model.md,211,file,Vortex.c,,,," `phi`, `GahmWindSpeed`로 풍속, `GahmPressure`로 기압(/100 → mb)(`Vortex.cpp:140-153`)."
models/ADCIRC/source-analysis/adcirc_gahm_vortex_model.md,211,symbol,,,,phi,"- `phi`, `GahmWindSpeed`로 풍속, `GahmPressure`로 기압(/100 → mb)(`Vortex"
models/ADCIRC/source-analysis/adcirc_gahm_vortex_model.md,211,symbol,,,,GahmWindSpeed,"- `phi`, `GahmWindSpeed`로 풍속, `GahmPressure`로 기압(/100 → mb)(`Vortex.cpp:140-153`)."
models/ADCIRC/source-analysis/adcirc_gahm_vortex_model.md,211,symbol,,,,GahmPressure,"- `phi`, `GahmWindSpeed`로 풍속, `GahmPressure`로 기압(/100 → mb)(`Vortex.cpp:140-153`)."
models/ADCIRC/source-analysis/adcirc_gahm_vortex_model.md,215,file,Vortex.c,,,,`getInterpolatedPack`(`Vortex.cpp:158-177`): 두 시각 각각에서 점위치 파라미터팩을 만들고 시간 선형보간.
models/ADCIRC/source-analysis/adcirc_gahm_vortex_model.md,215,symbol,,,,getInterpolatedPack,`getInterpolatedPack`(`Vortex.cpp:158-177`): 두 시각 각각에서 점위치 파라미터팩을 만들고 시간 선형보간.
models/ADCIRC/source-analysis/adcirc_gahm_vortex_model.md,217,file,Vortex.c,,,,`getBaseQuadrant`(`Vortex.cpp:315-340`): 방위각을 45°/135°/225°/315° 경계로 분면 0~3 + delta_ang
models/ADCIRC/source-analysis/adcirc_gahm_vortex_model.md,217,file,Vortex.c,,,,5°/225°/315° 경계로 분면 0~3 + delta_angle 산출. `getBaseIsotach`(`Vortex.cpp:349-370`): 거리에 대해 해당 분면 isotach 반경 배열에서 lower_bound로 isot
models/ADCIRC/source-analysis/adcirc_gahm_vortex_model.md,217,symbol,,,,getBaseQuadrant,`getBaseQuadrant`(`Vortex.cpp:315-340`): 방위각을 45°/135°/225°/315° 경계로 분면 0~3 +
models/ADCIRC/source-analysis/adcirc_gahm_vortex_model.md,217,symbol,,,,getBaseIsotach,340`): 방위각을 45°/135°/225°/315° 경계로 분면 0~3 + delta_angle 산출. `getBaseIsotach`(`Vortex.cpp:349-370`): 거리에 대해 해당 분면 isotach 반경 배열에서 lower_b
models/ADCIRC/source-analysis/adcirc_gahm_vortex_model.md,219,file,Vortex.c,,,,분면 방향 보간 `interpolateParameterPackRadial`(`Vortex.cpp:490-513`) — **역제곱 거리 가중**:
models/ADCIRC/source-analysis/adcirc_gahm_vortex_model.md,219,symbol,,,,interpolateParameterPackRadial,분면 방향 보간 `interpolateParameterPackRadial`(`Vortex.cpp:490-513`) — **역제곱 거리 가중**:
models/ADCIRC/source-analysis/adcirc_gahm_vortex_model.md,223,file,Vortex.c,,,,"isotach 방향 보간은 선형(`interpolateParameterPack`, `Vortex.cpp:464-480`)."
models/ADCIRC/source-analysis/adcirc_gahm_vortex_model.md,223,symbol,,,,interpolateParameterPack,"isotach 방향 보간은 선형(`interpolateParameterPack`, `Vortex.cpp:464-480`)."
models/ADCIRC/source-analysis/adcirc_gahm_vortex_model.md,225,file,vortex/Vortex.c,,,,### 6.4 풍속 벡터화·회전·이동 (`vortex/Vortex.cpp:179-214`)
models/ADCIRC/source-analysis/adcirc_gahm_vortex_model.md,228,symbol,,,,GahmWindSpeed,1. `GahmWindSpeed`로 경도풍 산출.
models/ADCIRC/source-analysis/adcirc_gahm_vortex_model.md,229,file,Vortex.c,,,,"elocityComponents` — 이동성분 (scaling = `min(1, ws/vmax_bl)`, `Vortex.cpp:245-259`). **단 현재 합산은 주석처리**(`uf += tsx; vf += tsy;`, `Vo"
models/ADCIRC/source-analysis/adcirc_gahm_vortex_model.md,229,file,Vortex.c,,,,".cpp:245-259`). **단 현재 합산은 주석처리**(`uf += tsx; vf += tsy;`, `Vortex.cpp:206-208`)."
models/ADCIRC/source-analysis/adcirc_gahm_vortex_model.md,229,symbol,,,,computeTranslationVelocityComponents,"2. `computeTranslationVelocityComponents` — 이동성분 (scaling = `min(1, ws/vmax_bl)`, `Vortex.cpp:245-259"
models/ADCIRC/source-analysis/adcirc_gahm_vortex_model.md,230,file,Vortex.c,,,,3. 경계층 → 10m: `× topOfBoundaryLayerToTenMeter() = 0.9` (`Vortex.cpp:195`).
models/ADCIRC/source-analysis/adcirc_gahm_vortex_model.md,231,file,Vortex.c,,,,"4. `decomposeWindVector` — 반접선(tangential) 분해, 남/북반구 부호 분기(`Vortex.cpp:223-235`)."
models/ADCIRC/source-analysis/adcirc_gahm_vortex_model.md,231,symbol,,,,decomposeWindVector,"4. `decomposeWindVector` — 반접선(tangential) 분해, 남/북반구 부호 분기(`Vortex.cpp:223-235`)."
models/ADCIRC/source-analysis/adcirc_gahm_vortex_model.md,232,file,Vortex.c,,,,"rotate_winds` — **friction(inflow) angle** 만큼 회전, 위도 부호 적용(`Vortex.cpp:202-204,548-557`)."
models/ADCIRC/source-analysis/adcirc_gahm_vortex_model.md,232,symbol,,,,rotate_winds,"5. `rotate_winds` — **friction(inflow) angle** 만큼 회전, 위도 부호 적용(`Vortex.cpp:20"
models/ADCIRC/source-analysis/adcirc_gahm_vortex_model.md,233,file,Vortex.c,,,,"6. 1분 → 10분 풍속: `× oneMinuteToTenMinuteWind() = 0.8928` (`Vortex.cpp:210-211`, `Constants.h:106`)."
models/ADCIRC/source-analysis/adcirc_gahm_vortex_model.md,233,file-line,Constants.h,106,,,"neMinuteToTenMinuteWind() = 0.8928` (`Vortex.cpp:210-211`, `Constants.h:106`)."
models/ADCIRC/source-analysis/adcirc_gahm_vortex_model.md,235,file,Vortex.c,,,,"friction angle(`Vortex.cpp:521-538`): $r<r_m$이면 10°, $r_m \le r < 1.2 r_m$이면 $10° + "
models/ADCIRC/source-analysis/adcirc_gahm_vortex_model.md,235,file-line,Atmospheric.h,66,80,," 1.2 r_m$이면 $10° + 75°(r/r_m - 1)$, $r \ge 1.2 r_m$이면 25°. (Atmospheric.h:66-80의 Queensland inflow angle과 유사하나 별도 정의.)"
models/ADCIRC/source-analysis/adcirc_gahm_vortex_model.md,241,file,gahm_fortran.c,,,,`gahm_fortran.cpp`: `gahm_instance`가 AtcfFile·Preprocessor·Vortex를 `unique_
models/ADCIRC/source-analysis/adcirc_gahm_vortex_model.md,241,file,fortran/gahm_fortran.c,,,,"essor·Vortex를 `unique_ptr`로 소유, 생성자에서 read→solve→vortex 구성(`fortran/gahm_fortran.cpp:43-62`). 인스턴스는 `std::vector`(또는 map)로 관리, 정수 핸들을 Fortran에"
models/ADCIRC/source-analysis/adcirc_gahm_vortex_model.md,241,file,gahm_fortran.c,,,,"-62`). 인스턴스는 `std::vector`(또는 map)로 관리, 정수 핸들을 Fortran에 반환(`gahm_fortran.cpp:64-101`)."
models/ADCIRC/source-analysis/adcirc_gahm_vortex_model.md,241,symbol,,,,gahm_instance,"`gahm_fortran.cpp`: `gahm_instance`가 AtcfFile·Preprocessor·Vortex를 `unique_ptr`로 소유, 생성자에서 read"
models/ADCIRC/source-analysis/adcirc_gahm_vortex_model.md,241,symbol,,,,unique_ptr,"ortran.cpp`: `gahm_instance`가 AtcfFile·Preprocessor·Vortex를 `unique_ptr`로 소유, 생성자에서 read→solve→vortex 구성(`fortran/gahm_fortran.cpp:4"
models/ADCIRC/source-analysis/adcirc_gahm_vortex_model.md,243,file,gahm_fortran.c,,,,"C API(`extern ""C""`, `gahm_fortran.cpp:71-83`):"
models/ADCIRC/source-analysis/adcirc_gahm_vortex_model.md,245,file,gahm_fortran.c,,,,"m,d,h,mi,s, size, u, v, p)` → 해당 날짜 vortex 해를 u/v/p 배열에 채움(`gahm_fortran.cpp:111-130`)."
models/ADCIRC/source-analysis/adcirc_gahm_vortex_model.md,246,symbol,,,,gahm_get_serial_date_ftn,"- `gahm_get_serial_date_ftn`, `gahm_date_add_ftn` — 날짜 유틸."
models/ADCIRC/source-analysis/adcirc_gahm_vortex_model.md,246,symbol,,,,gahm_date_add_ftn,"- `gahm_get_serial_date_ftn`, `gahm_date_add_ftn` — 날짜 유틸."
models/ADCIRC/source-analysis/adcirc_gahm_vortex_model.md,248,file,fortran/gahm.F90,,,,"Fortran 측(`fortran/gahm.F90`): `gahm_t`(핸들 래퍼)·`date_t` 파생형, `iso_c_binding` interface로"
models/ADCIRC/source-analysis/adcirc_gahm_vortex_model.md,248,file-line,gahm.F90,21,89,,"핸들 래퍼)·`date_t` 파생형, `iso_c_binding` interface로 위 C 함수 바인딩(`gahm.F90:21-89`). `gahm_initialize`가 파일·점군으로 인스턴스 생성, `gahm_get`이 (u,v,p) "
models/ADCIRC/source-analysis/adcirc_gahm_vortex_model.md,248,file-line,gahm.F90,141,165,,"`gahm_initialize`가 파일·점군으로 인스턴스 생성, `gahm_get`이 (u,v,p) 조회(`gahm.F90:141-165`). 출력 단위: u,v는 m/s(10분 풍), p는 mb(§6.2의 /100)."
models/ADCIRC/source-analysis/adcirc_gahm_vortex_model.md,248,symbol,,,,gahm_t,"Fortran 측(`fortran/gahm.F90`): `gahm_t`(핸들 래퍼)·`date_t` 파생형, `iso_c_binding` interface로 위 C 함수 바인딩("
models/ADCIRC/source-analysis/adcirc_gahm_vortex_model.md,248,symbol,,,,date_t,"Fortran 측(`fortran/gahm.F90`): `gahm_t`(핸들 래퍼)·`date_t` 파생형, `iso_c_binding` interface로 위 C 함수 바인딩(`gahm.F90:21-89`"
models/ADCIRC/source-analysis/adcirc_gahm_vortex_model.md,248,symbol,,,,iso_c_binding,"ortran 측(`fortran/gahm.F90`): `gahm_t`(핸들 래퍼)·`date_t` 파생형, `iso_c_binding` interface로 위 C 함수 바인딩(`gahm.F90:21-89`). `gahm_initialize`가"
models/ADCIRC/source-analysis/adcirc_gahm_vortex_model.md,248,symbol,,,,gahm_initialize,"형, `iso_c_binding` interface로 위 C 함수 바인딩(`gahm.F90:21-89`). `gahm_initialize`가 파일·점군으로 인스턴스 생성, `gahm_get`이 (u,v,p) 조회(`gahm.F90:141-165`"
models/ADCIRC/source-analysis/adcirc_gahm_vortex_model.md,248,symbol,,,,gahm_get," 바인딩(`gahm.F90:21-89`). `gahm_initialize`가 파일·점군으로 인스턴스 생성, `gahm_get`이 (u,v,p) 조회(`gahm.F90:141-165`). 출력 단위: u,v는 m/s(10분 풍), p는"
models/ADCIRC/source-analysis/adcirc_gahm_vortex_model.md,256,file-line,output/OwiOutput.h,44,74,,"`OwiOutput`(`output/OwiOutput.h:44-74`): `OutputFile` 상속, 시작/종료 날짜·파일명·`WindGrid`로 구성. 별도 압력파일(`m"
models/ADCIRC/source-analysis/adcirc_gahm_vortex_model.md,256,file-line,OwiOutput.h,56,73,,ateRecordHeader`로 OWI 포맷 헤더 작성 후 `VortexSolution`을 레코드로 기록(`OwiOutput.h:56-73`). → ADCIRC NWS12(OWI ASCII) 입력 생성 경로. (구현 본문 `OwiOutput.cp
models/ADCIRC/source-analysis/adcirc_gahm_vortex_model.md,256,file,OwiOutput.c,,,,tput.h:56-73`). → ADCIRC NWS12(OWI ASCII) 입력 생성 경로. (구현 본문 `OwiOutput.cpp`은 헤더 시그니처 기준; 상세 포맷은 ⚠ 미확인 — 필요시 cpp 추가 검토.)
models/ADCIRC/source-analysis/adcirc_gahm_vortex_model.md,256,symbol,,,,OwiOutput,"`OwiOutput`(`output/OwiOutput.h:44-74`): `OutputFile` 상속, 시작/종료 날짜·파일명·"
models/ADCIRC/source-analysis/adcirc_gahm_vortex_model.md,256,symbol,,,,OutputFile,"`OwiOutput`(`output/OwiOutput.h:44-74`): `OutputFile` 상속, 시작/종료 날짜·파일명·`WindGrid`로 구성. 별도 압력파일(`m_pressure_file`)"
models/ADCIRC/source-analysis/adcirc_gahm_vortex_model.md,256,symbol,,,,WindGrid,"(`output/OwiOutput.h:44-74`): `OutputFile` 상속, 시작/종료 날짜·파일명·`WindGrid`로 구성. 별도 압력파일(`m_pressure_file`)·바람파일(`m_wind_file`) 생성, `wr"
models/ADCIRC/source-analysis/adcirc_gahm_vortex_model.md,256,symbol,,,,m_pressure_file,"74`): `OutputFile` 상속, 시작/종료 날짜·파일명·`WindGrid`로 구성. 별도 압력파일(`m_pressure_file`)·바람파일(`m_wind_file`) 생성, `writeHeader`/`generateRecordHeade"
models/ADCIRC/source-analysis/adcirc_gahm_vortex_model.md,256,symbol,,,,m_wind_file,"작/종료 날짜·파일명·`WindGrid`로 구성. 별도 압력파일(`m_pressure_file`)·바람파일(`m_wind_file`) 생성, `writeHeader`/`generateRecordHeader`로 OWI 포맷 헤더 작성 후 `"
models/ADCIRC/source-analysis/adcirc_gahm_vortex_model.md,256,symbol,,,,writeHeader,"id`로 구성. 별도 압력파일(`m_pressure_file`)·바람파일(`m_wind_file`) 생성, `writeHeader`/`generateRecordHeader`로 OWI 포맷 헤더 작성 후 `VortexSolution`을 레코"
models/ADCIRC/source-analysis/adcirc_gahm_vortex_model.md,256,symbol,,,,generateRecordHeader,"파일(`m_pressure_file`)·바람파일(`m_wind_file`) 생성, `writeHeader`/`generateRecordHeader`로 OWI 포맷 헤더 작성 후 `VortexSolution`을 레코드로 기록(`OwiOutput.h:56-7"
models/ADCIRC/source-analysis/adcirc_gahm_vortex_model.md,256,symbol,,,,VortexSolution,"`) 생성, `writeHeader`/`generateRecordHeader`로 OWI 포맷 헤더 작성 후 `VortexSolution`을 레코드로 기록(`OwiOutput.h:56-73`). → ADCIRC NWS12(OWI ASCII) 입력"
models/ADCIRC/source-analysis/adcirc_gahm_vortex_model.md,260,file,physical/Constants.h,,,,## 9. 핵심 물리 상수 (`physical/Constants.h`)
models/ADCIRC/source-analysis/adcirc_gahm_vortex_model.md,264,file-line,Constants.h,68,,,| 배경기압 | 1013.0 mb | `Constants.h:68` |
models/ADCIRC/source-analysis/adcirc_gahm_vortex_model.md,265,file-line,Constants.h,74,,,| 경계층→10m | 0.9 | `Constants.h:74` |
models/ADCIRC/source-analysis/adcirc_gahm_vortex_model.md,266,file-line,Constants.h,80,82,,| 10m→경계층 | 1/0.9 | `Constants.h:80-82` |
models/ADCIRC/source-analysis/adcirc_gahm_vortex_model.md,267,file-line,Constants.h,88,,,| $\rho_{air}$ | 1.293 kg/m³ | `Constants.h:88` |
models/ADCIRC/source-analysis/adcirc_gahm_vortex_model.md,268,file-line,Constants.h,94,,,| $g$ | 9.80665 | `Constants.h:94` |
models/ADCIRC/source-analysis/adcirc_gahm_vortex_model.md,269,file-line,Constants.h,106,,,| 1분→10분 풍 | 0.8928 | `Constants.h:106` |
models/ADCIRC/source-analysis/adcirc_gahm_vortex_model.md,270,file-line,Earth.h,38,,,| 지구 자전 $\omega$ | 7.292115e-5 rad/s | `Earth.h:38` |
models/ADCIRC/source-analysis/adcirc_gahm_vortex_model.md,271,file-line,Earth.h,44,46,,| coriolis | $2\omega\sin(\mathrm{lat})$ | `Earth.h:44-46` |
models/ADCIRC/source-analysis/storm-surge/README.md,9,file,read_input.F,,,," | NWS=19/20/29/30 GAHM·AHM·OWI hybrid — source-code level (read_input.F, wind.F, vortex.F 인용) |"
models/ADCIRC/source-analysis/storm-surge/README.md,9,file,wind.F,,,,"9/30 GAHM·AHM·OWI hybrid — source-code level (read_input.F, wind.F, vortex.F 인용) |"
models/ADCIRC/source-analysis/storm-surge/README.md,9,file,vortex.F,,,,"M·AHM·OWI hybrid — source-code level (read_input.F, wind.F, vortex.F 인용) |"
models/ADCIRC/source-analysis/storm-surge/README.md,16,file-line,read_input.F,2157,,,"각 노트의 본문에 ADCIRC source code 의 file:line 인용 (`read_input.F:2157`, `wind.F:1501` 등). source 위치: [`models/ADCIRC/raw/source_c"
models/ADCIRC/source-analysis/storm-surge/README.md,16,file-line,wind.F,1501,,,"문에 ADCIRC source code 의 file:line 인용 (`read_input.F:2157`, `wind.F:1501` 등). source 위치: [`models/ADCIRC/raw/source_code/adcirc/src/"
models/ADCIRC/source-analysis/storm-surge/adcirc-storm-surge-foundation.md,7,file,nws_parameters.rst,,,,"verification_method: ""2026-07-10 재승격: 공식 docs 직접 대조 — nws_parameters.rst(NWS=3 :248 / =4 :251 / =8 :272-273 / =12 :298 / =13 :308-31"
models/ADCIRC/source-analysis/storm-surge/adcirc-storm-surge-foundation.md,7,file-line,examples/index.rst,26,36,,2 :298 / =13 :308-310 / =14 :311-312 / =19 discouraged :32)·examples/index.rst:26-36(APES/Isabel/Katrina/Global Storm Tide)·ramping_met_forcing_
models/ADCIRC/source-analysis/storm-surge/adcirc-storm-surge-foundation.md,7,file-line,ramping_met_forcing_at_hotstart.rst,4,,,ples/index.rst:26-36(APES/Isabel/Katrina/Global Storm Tide)·ramping_met_forcing_at_hotstart.rst:4·typical_parameter_selections.rst(존재 확인). ★NWS=13 code≠docs 
models/ADCIRC/source-analysis/storm-surge/adcirc-storm-surge-foundation.md,7,file,typical_parameter_selections.rst,,,,na/Global Storm Tide)·ramping_met_forcing_at_hotstart.rst:4·typical_parameter_selections.rst(존재 확인). ★NWS=13 code≠docs divergence 판정: read_input.F:1782(
models/ADCIRC/source-analysis/storm-surge/adcirc-storm-surge-foundation.md,7,file-line,read_input.F,1782,,,ter_selections.rst(존재 확인). ★NWS=13 code≠docs divergence 판정: read_input.F:1782(owiWindNetcdf namelist 강제)·:4721('OWI Netcdf (NWS13) format
models/ADCIRC/source-analysis/storm-surge/adcirc-storm-surge-foundation.md,51,symbol,,,,NWS,- `NWS` parameter documentation
models/ADCIRC/source-analysis/storm-surge/adcirc-storm-surge-foundation.md,52,symbol,,,,WTIMINC,- meteorological parameter line / `WTIMINC` documentation
models/ADCIRC/source-analysis/storm-surge/adcirc-storm-surge-foundation.md,60,file-line,docs/user_guide/examples/index.rst,26,36,,(`docs/user_guide/examples/index.rst:26-36`)
models/ADCIRC/source-analysis/storm-surge/adcirc-storm-surge-foundation.md,74,symbol,,,,ADCIRCpy,- operational tooling such as `ADCIRCpy` or `ASGS`
models/ADCIRC/source-analysis/storm-surge/adcirc-storm-surge-foundation.md,74,symbol,,,,ASGS,- operational tooling such as `ADCIRCpy` or `ASGS`
models/ADCIRC/source-analysis/storm-surge/adcirc-storm-surge-foundation.md,83,symbol,,,,NWS,- `NWS`
models/ADCIRC/source-analysis/storm-surge/adcirc-storm-surge-foundation.md,86,symbol,,,,NWS,- `NWS` selects the meteorological forcing input type
models/ADCIRC/source-analysis/storm-surge/adcirc-storm-surge-foundation.md,89,file,docs/user_guide/model_configuration/meteorological_forcing/nws_parameters.rst,,,,Relevant official options for surge-related work include (`docs/user_guide/model_configuration/meteorological_forcing/nws_parameters.rst`):
models/ADCIRC/source-analysis/storm-surge/adcirc-storm-surge-foundation.md,95,file-line,read_input.F,1782,,,"- OWI NetCDF gridded wind/pressure — **코드 정본**: `read_input.F:1782`(owiWindNetcdf namelist 필수)·`:4721`(""OWI Netcdf (NWS13) for"
models/ADCIRC/source-analysis/storm-surge/adcirc-storm-surge-foundation.md,96,file-line,nws_parameters.rst,308,310,,"-07-10 판정)**: 원문 ""ramped meteorological forcing"" 은 오기가 아니라 `nws_parameters.rst:308-310`(""Similar to NWS=5... ramping... WRAMP"") 의 충실한 전사였음 — 그러나 *"
models/ADCIRC/source-analysis/storm-surge/adcirc-storm-surge-foundation.md,103,file-line,nws_parameters.rst,32,,,"docs explicitly discourage `NWS=19` in favor of `NWS=20` — `nws_parameters.rst:32` verbatim: ""Use of the Dynamic Asymmetric Holland Model (NW"
models/ADCIRC/source-analysis/storm-surge/adcirc-storm-surge-foundation.md,108,symbol,,,,WTIMINC,- `WTIMINC`
models/ADCIRC/source-analysis/storm-surge/adcirc-storm-surge-foundation.md,109,symbol,,,,NWS,- related meteorological line fields depending on `NWS`
models/ADCIRC/source-analysis/storm-surge/adcirc-storm-surge-foundation.md,118,symbol,,,,NRAMP,- `NRAMP`
models/ADCIRC/source-analysis/storm-surge/adcirc-storm-surge-foundation.md,119,symbol,,,,DRAMP,- `DRAMP`
models/ADCIRC/source-analysis/storm-surge/adcirc-storm-surge-foundation.md,120,symbol,,,,DRAMPMete,- meteorological ramp additions such as `DRAMPMete`
models/ADCIRC/source-analysis/storm-surge/adcirc-storm-surge-foundation.md,123,file-line,docs/user_guide/tips_and_tricks/ramping_met_forcing_at_hotstart.rst,4,,,"ld often be ramped in rather than shocked into the system (`docs/user_guide/tips_and_tricks/ramping_met_forcing_at_hotstart.rst:4` — ""it's generally best to ram"
models/ADCIRC/source-analysis/storm-surge/adcirc-storm-surge-foundation.md,124,symbol,,,,DRAMPMete,pecially important for hotstart workflows (동 문서 `NRAMP=8` + `DRAMPMete` 절차)
models/ADCIRC/source-analysis/storm-surge/adcirc-storm-surge-foundation.md,131,symbol,,,,TAU0,- `TAU0`
models/ADCIRC/source-analysis/storm-surge/adcirc-storm-surge-foundation.md,137,symbol,,,,tau0," docs and FAQ both point to formulation, timestep, CFL, and `tau0` as stability-relevant"
models/ADCIRC/source-analysis/storm-surge/adcirc-storm-surge-foundation.md,141,file,docs/user_guide/model_configuration/typical_configurations/typical_parameter_selections.rst,,,,Examples from official storm-surge parameter selections (`docs/user_guide/model_configuration/typical_configurations/typical_parameter_selections.rst`):
models/ADCIRC/source-analysis/storm-surge/adcirc-storm-surge-foundation.md,169,symbol,,,,NWS,- meteorological forcing source appropriate to the chosen `NWS`
models/ADCIRC/source-analysis/storm-surge/adcirc-storm-surge-foundation.md,206,file,nws_parameters.rst,,,,- `nws_parameters.rst`
models/ADCIRC/source-analysis/storm-surge/adcirc-storm-surge-foundation.md,207,file,fort22.rst,,,,- `fort22.rst`
models/ADCIRC/source-analysis/storm-surge/adcirc-storm-surge-foundation.md,208,file,typical_parameter_selections.rst,,,,- `typical_parameter_selections.rst`
models/ADCIRC/source-analysis/storm-surge/adcirc-storm-surge-foundation.md,209,file,ramping.rst,,,,- `ramping.rst`
models/ADCIRC/source-analysis/storm-surge/adcirc-storm-surge-foundation.md,210,file,ramping_met_forcing_at_hotstart.rst,,,,- `ramping_met_forcing_at_hotstart.rst`
models/ADCIRC/source-analysis/storm-surge/adcirc-storm-surge-foundation.md,216,file,nws_parameters.rst,,,,cing type and changes the shape of the met-parameter line (`nws_parameters.rst`)
models/ADCIRC/source-analysis/storm-surge/adcirc-storm-surge-foundation.md,216,symbol,,,,NWS,- `NWS` controls meteorological forcing type and changes the shape 
models/ADCIRC/source-analysis/storm-surge/adcirc-storm-surge-foundation.md,217,file-line,nws_parameters.rst,32,,,- `NWS=20` is preferred over the deprecated `NWS=19` (`nws_parameters.rst:32`)
models/ADCIRC/source-analysis/storm-surge/adcirc-storm-surge-foundation.md,218,file-line,examples/index.rst,26,36,,cial examples include Katrina and global storm-tide cases (`examples/index.rst:26-36`)
models/ADCIRC/source-analysis/storm-surge/adcirc-storm-surge-foundation.md,219,file,typical_parameter_selections.rst,,,,"dvection, and tidal constituents are all central concerns (`typical_parameter_selections.rst`; 세부 수치 항목별 인용은 미수록 — source-needed)"
models/ADCIRC/source-analysis/storm-surge/adcirc-storm-surge-foundation.md,224,symbol,,,,NWS,- which `NWS` option is best for your real project
models/ADCIRC/source-analysis/storm-surge/adcirc-storm-surge-foundation.md,225,symbol,,,,TAU0,"- what `DT`, `TAU0`, or drag values should be used"
models/ADCIRC/source-analysis/storm-surge/adcirc-storm-surge-nws-families.md,7,file,nws_parameters.rst,,,,"verification_method: ""2026-07-10 재승격: 공식 docs 직접 대조 — nws_parameters.rst(NWS=3 :248 / =4 :251 / =13 :308-310 / =14 :311-312 / =19 di"
models/ADCIRC/source-analysis/storm-surge/adcirc-storm-surge-nws-families.md,7,file-line,read_input.F,1782,,,:311-312 / =19 discouraged :32 verbatim). NWS=13 실기능은 코드 정본(read_input.F:1782 owiWindNetcdf namelist·:4721 'OWI Netcdf (NWS13) format') —
models/ADCIRC/source-analysis/storm-surge/adcirc-storm-surge-nws-families.md,39,file,docs/user_guide/model_configuration/meteorological_forcing/nws_parameters.rst,,,,(포맷 서술 출처: `docs/user_guide/model_configuration/meteorological_forcing/nws_parameters.rst`)
models/ADCIRC/source-analysis/storm-surge/adcirc-storm-surge-nws-families.md,45,file-line,examples/index.rst,26,,,- official example: APES Wind Run (`examples/index.rst:26`)
models/ADCIRC/source-analysis/storm-surge/adcirc-storm-surge-nws-families.md,50,file-line,examples/index.rst,28,,, for: older storm event examples such as Hurricane Isabel (`examples/index.rst:28`)
models/ADCIRC/source-analysis/storm-surge/adcirc-storm-surge-nws-families.md,55,file-line,read_input.F,1782,,,"pe: OWI-style NetCDF gridded wind and pressure — **코드 정본** `read_input.F:1782`(owiWindNetcdf namelist 필수)·`:4721`(""OWI Netcdf (NWS13) for"
models/ADCIRC/source-analysis/storm-surge/adcirc-storm-surge-nws-families.md,57,file,owiwind_netcdf.F,,,,r 경로·namelist 요건: [[adcirc-met-forcing-implementation]] §D (owiwind_netcdf.F file:line 인용)
models/ADCIRC/source-analysis/storm-surge/adcirc-storm-surge-nws-families.md,58,file-line,nws_parameters.rst,308,310,,"- ★code≠docs: `nws_parameters.rst:308-310` 은 NWS=13 을 ""NWS=5 유사 + ramping(WRAMP)"" 으로 서술 — 코드와 diverge"
models/ADCIRC/source-analysis/storm-surge/adcirc-storm-surge-nws-families.md,63,file-line,nws_parameters.rst,32,,,"tric tropical cyclone forcing — 공식 문서가 NWS=19 를 명시적으로 비권장: `nws_parameters.rst:32` verbatim ""Use of the Dynamic Asymmetric Holland Model (NWS"
models/ADCIRC/source-analysis/storm-surge/adcirc-storm-surge-nws-families.md,85,symbol,,,,NWS,- ADCIRC forcing interface layer — `NWS` 포맷 계약 (예: `NWS=13`)
models/ADCIRC/source-analysis/storm-surge/adcirc-storm-surge-nws-families.md,97,symbol,,,,U10,"- wind fields `U10`, `V10`"
models/ADCIRC/source-analysis/storm-surge/adcirc-storm-surge-nws-families.md,97,symbol,,,,V10,"- wind fields `U10`, `V10`"
models/ADCIRC/source-analysis/storm-surge/adcirc-storm-surge-nws-families.md,98,symbol,,,,PSFC,- pressure field `PSFC`
models/ADCIRC/source-analysis/storm-surge/adcirc-storm-surge-nws-families.md,100,symbol,,,,lat,- `lat` and `lon` variables
models/ADCIRC/source-analysis/storm-surge/adcirc-storm-surge-nws-families.md,100,symbol,,,,lon,- `lat` and `lon` variables
models/ADCIRC/source-analysis/storm-surge/adcirc-storm-surge-nws-families.md,106,file,nws_parameters.rst,,,,n 문서 identity) 보강 후 verified 재승격 검토~~ — **완료(2026-07-10)**: nws_parameters.rst 인용 보강 + verified 재승격
models/ADCIRC/source-analysis/storm-surge/adcirc-storm-surge-requirements-checklist.md,48,symbol,,,,U10,"- [ ] variable mapping documented for `U10`, `V10`, `PSFC`"
models/ADCIRC/source-analysis/storm-surge/adcirc-storm-surge-requirements-checklist.md,48,symbol,,,,V10,"- [ ] variable mapping documented for `U10`, `V10`, `PSFC`"
models/ADCIRC/source-analysis/storm-surge/adcirc-storm-surge-requirements-checklist.md,48,symbol,,,,PSFC,"- [ ] variable mapping documented for `U10`, `V10`, `PSFC`"
models/ADCIRC/source-analysis/storm-surge/adcirc-storm-surge-requirements-checklist.md,49,symbol,,,,lat,"- [ ] `lat`, `lon`, `time` handling documented"
models/ADCIRC/source-analysis/storm-surge/adcirc-storm-surge-requirements-checklist.md,49,symbol,,,,lon,"- [ ] `lat`, `lon`, `time` handling documented"
models/ADCIRC/source-analysis/storm-surge/adcirc-storm-surge-requirements-checklist.md,49,symbol,,,,time,"- [ ] `lat`, `lon`, `time` handling documented"
models/ADCIRC/source-analysis/storm-surge/adcirc-storm-surge-requirements-checklist.md,57,symbol,,,,WTIMINC,- [ ] `WTIMINC` policy documented
models/ADCIRC/source-analysis/storm-surge/adcirc-storm-surge-requirements-checklist.md,59,symbol,,,,NWS13ColdStartString,- [ ] `NWS13ColdStartString` policy documented
models/ADCIRC/source-analysis/storm-surge/adcirc-storm-surge-requirements-checklist.md,60,symbol,,,,NWS13File,- [ ] `NWS13File` override policy documented if applicable
models/ADCIRC/source-analysis/storm-surge/adcirc-storm-surge-requirements-checklist.md,61,symbol,,,,NWS13WindMultiplier,- [ ] `NWS13WindMultiplier` use documented if applicable
models/ADCIRC/source-analysis/storm-surge/adcirc-storm-surge-requirements-checklist.md,62,symbol,,,,NWS13GroupForPowell,- [ ] `NWS13GroupForPowell` use documented if applicable
models/ADCIRC/source-analysis/storm-surge/adcirc-storm-surge-requirements-checklist.md,75,symbol,,,,NOUTGW,- [ ] meteorological outputs such as `NOUTGW` policy documented
models/ADCIRC/source-analysis/storm-surge/adcirc-storm-surge.md,20,file,vortex.F,,,,"GRIB2), the asymmetric Holland model formula via `uvpr` in `vortex.F`, ATCF Best Track input format, inverse-barometer suppressi"
models/ADCIRC/source-analysis/storm-surge/adcirc-storm-surge.md,20,symbol,,,,VmaxBL,"rd-motion correction `stormMotion = 1.5 * h_speed^0.63` and `VmaxBL` adjustments work, the OWI hybrid options (NWS=29 = AHM+OWI,"
models/ADCIRC/source-analysis/storm-surge/adcirc-storm-surge.md,20,symbol,,,,uvpr,"DF, NWS=14 GRIB2), the asymmetric Holland model formula via `uvpr` in `vortex.F`, ATCF Best Track input format, inverse-barome"
models/ADCIRC/source-analysis/storm-surge/adcirc-storm-surge.md,20,symbol,,,,NOIVB,"TCF Best Track input format, inverse-barometer suppression (`NOIVB`), and the ramp `RampMete` for vortex spin-up. Use this when"
models/ADCIRC/source-analysis/storm-surge/adcirc-storm-surge.md,20,symbol,,,,RampMete,"rmat, inverse-barometer suppression (`NOIVB`), and the ramp `RampMete` for vortex spin-up. Use this when wiring a hurricane hindca"
models/ADCIRC/source-analysis/storm-surge/adcirc-storm-surge.md,24,file-line,read_input.F,2157,,,"- `read_input.F:2157, 2190, 2255-2261, 2430, 2884, 2706, 2975` — NWS modes, `BLA"
models/ADCIRC/source-analysis/storm-surge/adcirc-storm-surge.md,24,symbol,,,,RampMete,"61, 2430, 2884, 2706, 2975` — NWS modes, `BLAdj/GEOFACTOR`, `RampMete`."
models/ADCIRC/source-analysis/storm-surge/adcirc-storm-surge.md,25,file-line,wind.F,151,,,"- `wind.F:151, 351, 1415, 1471-1594, 1501-1531, 2798-2970, 3018, 5214-546"
models/ADCIRC/source-analysis/storm-surge/adcirc-storm-surge.md,26,file-line,wind/aswip.F,413,1034,,"- `wind/aswip.F:413-1034`, `wind/vortex.F:186, 748-932` — ASWIP, GAHM `uvpr`."
models/ADCIRC/source-analysis/storm-surge/adcirc-storm-surge.md,26,file-line,wind/vortex.F,186,,,"- `wind/aswip.F:413-1034`, `wind/vortex.F:186, 748-932` — ASWIP, GAHM `uvpr`."
models/ADCIRC/source-analysis/storm-surge/adcirc-storm-surge.md,26,symbol,,,,uvpr,"wip.F:413-1034`, `wind/vortex.F:186, 748-932` — ASWIP, GAHM `uvpr`."
models/ADCIRC/source-analysis/storm-surge/adcirc-storm-surge.md,27,file-line,owiwind.F,184,,,"- `owiwind.F:184, 269` — OWI ASCII reader."
models/ADCIRC/source-analysis/storm-surge/adcirc-storm-surge.md,28,file-line,owiwind_netcdf.F,215,,,"- `owiwind_netcdf.F:215, 681, 747` — OWI NetCDF reader."
models/ADCIRC/source-analysis/storm-surge/adcirc-storm-surge.md,29,file-line,constants.F90,54,,,- `constants.F90:54` — `PRBCKGRND = 1013.0 mb`.
models/ADCIRC/source-analysis/storm-surge/adcirc-storm-surge.md,34,file-line,wind.F,1501,1517,,"Entry: `NWS20GET` in `wind.F:1501-1517`. Fills nodal wind + pressure, converts wind → stress, ramp"
models/ADCIRC/source-analysis/storm-surge/adcirc-storm-surge.md,34,symbol,,,,NWS20GET,"Entry: `NWS20GET` in `wind.F:1501-1517`. Fills nodal wind + pressure, convert"
models/ADCIRC/source-analysis/storm-surge/adcirc-storm-surge.md,36,file-line,read_input.F,2706,,,`fort.15` line for NWS=20 (`read_input.F:2706`):
models/ADCIRC/source-analysis/storm-surge/adcirc-storm-surge.md,42,symbol,,,,BLAdj,- `BLAdj` — boundary-layer adjustment factor.
models/ADCIRC/source-analysis/storm-surge/adcirc-storm-surge.md,43,file-line,wind.F,151,,,`GEOFACTOR` — geostrophic vs cyclostrophic balance switch (`wind.F:151`).
models/ADCIRC/source-analysis/storm-surge/adcirc-storm-surge.md,43,symbol,,,,GEOFACTOR,- `GEOFACTOR` — geostrophic vs cyclostrophic balance switch (`wind.F:151`
models/ADCIRC/source-analysis/storm-surge/adcirc-storm-surge.md,45,file-line,wind.F,5798,5811,," `Rmax`, Holland `B`, quadrant `B`, boundary-layer `Vmax` (`wind.F:5798-5811`)."
models/ADCIRC/source-analysis/storm-surge/adcirc-storm-surge.md,45,symbol,,,,Rmax,"fort.22` parser reads ATCF-like records + appended quadrant `Rmax`, Holland `B`, quadrant `B`, boundary-layer `Vmax` (`wind.F:"
models/ADCIRC/source-analysis/storm-surge/adcirc-storm-surge.md,45,symbol,,,,Vmax," quadrant `Rmax`, Holland `B`, quadrant `B`, boundary-layer `Vmax` (`wind.F:5798-5811`)."
models/ADCIRC/source-analysis/storm-surge/adcirc-storm-surge.md,47,file-line,wind.F,6097,,,"Runtime interpolates `Pc, Pn, Rmax, B, BL Vmax` per node (`wind.F:6097`)."
models/ADCIRC/source-analysis/storm-surge/adcirc-storm-surge.md,51,file-line,wind.F,1471,,,"Older variant, calls `NWS19GET` (`wind.F:1471`). Reads modified ATCF + appended quadrant `Rmax`, Holland "
models/ADCIRC/source-analysis/storm-surge/adcirc-storm-surge.md,51,file-line,wind.F,5214,5424,,"ads modified ATCF + appended quadrant `Rmax`, Holland `B` (`wind.F:5214-5424`)."
models/ADCIRC/source-analysis/storm-surge/adcirc-storm-surge.md,51,symbol,,,,NWS19GET,"Older variant, calls `NWS19GET` (`wind.F:1471`). Reads modified ATCF + appended quadrant `R"
models/ADCIRC/source-analysis/storm-surge/adcirc-storm-surge.md,51,symbol,,,,Rmax,"T` (`wind.F:1471`). Reads modified ATCF + appended quadrant `Rmax`, Holland `B` (`wind.F:5214-5424`)."
models/ADCIRC/source-analysis/storm-surge/adcirc-storm-surge.md,61,file-line,read_input.F,2157,,,WS=29 = NWS=19 (AHM) embedded in **OWI/NWS12 background** (`read_input.F:2157`).
models/ADCIRC/source-analysis/storm-surge/adcirc-storm-surge.md,64,file-line,wind.F,1531,,,"Runtime dispatch (`wind.F:1531, 1550`):"
models/ADCIRC/source-analysis/storm-surge/adcirc-storm-surge.md,74,file-line,wind.F,1533,,,S12 OWI **only** (not NWS13 NetCDF) in main blending path (`wind.F:1533`).
models/ADCIRC/source-analysis/storm-surge/adcirc-storm-surge.md,82,file-line,wind.F,8288,,,| `14` | GRIB2/NetCDF | originally CFSv2/GFS products (`wind.F:8288`) |
models/ADCIRC/source-analysis/storm-surge/adcirc-storm-surge.md,85,file-line,owiwind.F,184,,,"Code: `owiwind.F:184` (OWI ASCII control), `:269` (interpolate to nodes), `owiwi"
models/ADCIRC/source-analysis/storm-surge/adcirc-storm-surge.md,85,file-line,owiwind_netcdf.F,215,,,"F:184` (OWI ASCII control), `:269` (interpolate to nodes), `owiwind_netcdf.F:215, 681, 747` (NetCDF)."
models/ADCIRC/source-analysis/storm-surge/adcirc-storm-surge.md,89,file-line,wind/aswip.F,413,,,"ward-motion contribution before fitting vortex parameters (`wind/aswip.F:413, 417`):"
models/ADCIRC/source-analysis/storm-surge/adcirc-storm-surge.md,95,file-line,wind.F,5466,,,NWS=19 repeats same correction at runtime (`wind.F:5466`).
models/ADCIRC/source-analysis/storm-surge/adcirc-storm-surge.md,97,file-line,wind.F,6051,,,"olates quadrant/isotach `Rmax, B, BL Vmax` via `spInterp` (`wind.F:6051`, `vortex.F:932`)."
models/ADCIRC/source-analysis/storm-surge/adcirc-storm-surge.md,97,file-line,vortex.F,932,,,"/isotach `Rmax, B, BL Vmax` via `spInterp` (`wind.F:6051`, `vortex.F:932`)."
models/ADCIRC/source-analysis/storm-surge/adcirc-storm-surge.md,97,symbol,,,,spInterp,"tially interpolates quadrant/isotach `Rmax, B, BL Vmax` via `spInterp` (`wind.F:6051`, `vortex.F:932`)."
models/ADCIRC/source-analysis/storm-surge/adcirc-storm-surge.md,99,file,vortex.F,,,,The actual GAHM velocity + pressure formula is `uvpr` in `vortex.F`:
models/ADCIRC/source-analysis/storm-surge/adcirc-storm-surge.md,99,symbol,,,,uvpr,The actual GAHM velocity + pressure formula is `uvpr` in `vortex.F`:
models/ADCIRC/source-analysis/storm-surge/adcirc-storm-surge.md,107,file-line,vortex.F,792,,,"References: `vortex.F:792, 846, 865, 896`."
models/ADCIRC/source-analysis/storm-surge/adcirc-storm-surge.md,113,file-line,docs/.../nws_parameters.rst,335,,,Required fields (`docs/.../nws_parameters.rst:335`):
models/ADCIRC/source-analysis/storm-surge/adcirc-storm-surge.md,127,file-line,aswip.F,1024,,,"ites basin-prefixed `AL,` ATCF-style records for NWS19/20 (`aswip.F:1024, 1034`)."
models/ADCIRC/source-analysis/storm-surge/adcirc-storm-surge.md,129,file-line,vortex.F,186,,," ATCF column**; effectively `Pn − Pc` in Holland formulas (`vortex.F:186, 748`)."
models/ADCIRC/source-analysis/storm-surge/adcirc-storm-surge.md,133,file-line,constants.F90,54,,,Background pressure: `PRBCKGRND = 1013.0 mb` (`constants.F90:54`).
models/ADCIRC/source-analysis/storm-surge/adcirc-storm-surge.md,135,file-line,wind.F,351,,,water: `PRBCKGRND_MH2O = 100 * PRBCKGRND / (rhoWat0 * g)` (`wind.F:351`).
models/ADCIRC/source-analysis/storm-surge/adcirc-storm-surge.md,142,file-line,wind.F,1524,,,"(`wind.F:1524, 1594`)."
models/ADCIRC/source-analysis/storm-surge/adcirc-storm-surge.md,144,symbol,,,,NOIVB,Compile-time `NOIVB` suppresses inverse barometer:
models/ADCIRC/source-analysis/storm-surge/adcirc-storm-surge.md,148,file-line,wind.F,1415,,,"(`wind.F:1415, 3018`)."
models/ADCIRC/source-analysis/storm-surge/adcirc-storm-surge.md,150,symbol,,,,NOIVB,Use `NOIVB` when comparing against tide-gauge data already corrected fo
models/ADCIRC/source-analysis/storm-surge/adcirc-storm-surge.md,154,symbol,,,,RampMete,"e NWS19/20-only spin-up ramp** — common meteorological ramp `RampMete` applies to wind stress, pressure anomaly, and output winds."
models/ADCIRC/source-analysis/storm-surge/adcirc-storm-surge.md,157,file-line,read_input.F,2430,,,"- `NRAMP, DRAMP` (`read_input.F:2430`)."
models/ADCIRC/source-analysis/storm-surge/adcirc-storm-surge.md,158,symbol,,,,DRampMete,- Fine-grained `DRampMete` (`:2884`).
models/ADCIRC/source-analysis/storm-surge/adcirc-storm-surge.md,161,file-line,wind.F,1487,,,"Applied at `wind.F:1487, 1517` for NWS=19/20."
models/ADCIRC/source-analysis/storm-surge/adcirc-storm-surge.md,178,file-line,docs/.../generalized_asymmetric_holland_model.rst,670,,,"GAHM docs (`docs/.../generalized_asymmetric_holland_model.rst:670`): evaluated against Best Track, AHM, SLOSH, H*Wind, OWI hi"
models/ADCIRC/source-analysis/storm-surge/adcirc-storm-surge.md,191,symbol,,,,padcswan,e-coupled storm surge | `NWS=320` (NRS=3 + NWS=20); compile `padcswan` |
models/ADCIRC/source-analysis/storm-surge/adcirc-storm-surge.md,192,symbol,,,,NOIVB,| Wind-only IB-corrected hindcast | `NOIVB` compile flag + `NWS=20` |
models/ADCIRC/source-analysis/storm-surge/adcirc-storm-surge.md,201,symbol,,,,RampMete,"- `RampMete` ramp ~1-2 days for met spin-up; without it, initial winds s"
models/ADCIRC/source-analysis/storm-surge/adcirc-storm-surge.md,206,symbol,,,,Rmax,ng raw ATCF with NWS=20 (no ASWIP preprocessing) — quadrant `Rmax`/`B` missing; vortex degenerate.
models/ADCIRC/source-analysis/storm-surge/adcirc-storm-surge.md,212,symbol,,,,NOIVB,er with gauge data already IB-corrected — double-count; use `NOIVB`.
models/ADCIRC/source-analysis/tide/adcirc-tide-forcing-implementation.md,34,symbol,,,,NTIP,"How tidal forcing enters ADCIRC: `NTIP` for tidal potential (`fort.15`), open-boundary harmonic con"
models/ADCIRC/source-analysis/tide/adcirc-tide-forcing-implementation.md,38,file,src/read_input.F,,,,- `NTIP` parsed at `[file=src/read_input.F line=1705-1731]`:
models/ADCIRC/source-analysis/tide/adcirc-tide-forcing-implementation.md,38,symbol,,,,NTIP,- `NTIP` parsed at `[file=src/read_input.F line=1705-1731]`:
models/ADCIRC/source-analysis/tide/adcirc-tide-forcing-implementation.md,42,file,src/read_input.F,,,, data (`SALTAMP/SALTPHA`) only read when `NTIP=2` at `[file=src/read_input.F line=6282-6463]`; otherwise zeroed
models/ADCIRC/source-analysis/tide/adcirc-tide-forcing-implementation.md,43,file,src/timestep.F,,,,en `CTIP=true`; SAL added to `TIP2` when `NTIP=2` at `[file=src/timestep.F line=1517-1560]`
models/ADCIRC/source-analysis/tide/adcirc-tide-forcing-implementation.md,43,symbol,,,,applyTidePotentialForcing,- Runtime: `applyTidePotentialForcing` applies tidal potential when `CTIP=true`; SAL added to `TIP
models/ADCIRC/source-analysis/tide/adcirc-tide-forcing-implementation.md,43,symbol,,,,TIP2,ing` applies tidal potential when `CTIP=true`; SAL added to `TIP2` when `NTIP=2` at `[file=src/timestep.F line=1517-1560]`
models/ADCIRC/source-analysis/tide/adcirc-tide-forcing-implementation.md,47,file,src/read_input.F,,,,of forcing frequencies on open boundaries) parsed at `[file=src/read_input.F line=3410-3436]`
models/ADCIRC/source-analysis/tide/adcirc-tide-forcing-implementation.md,47,symbol,,,,NBFR,- `NBFR` (number of forcing frequencies on open boundaries) parsed a
models/ADCIRC/source-analysis/tide/adcirc-tide-forcing-implementation.md,48,symbol,,,,AMIG,"- Per-constituent: frequency `AMIG`, nodal factor `FF`, equilibrium argument `FACE`, plus tag"
models/ADCIRC/source-analysis/tide/adcirc-tide-forcing-implementation.md,48,symbol,,,,FACE,": frequency `AMIG`, nodal factor `FF`, equilibrium argument `FACE`, plus tag"
models/ADCIRC/source-analysis/tide/adcirc-tide-forcing-implementation.md,50,file,src/read_input.F,,,,"- Amplitude `EMO(I,J)` and phase `EFA(I,J)` at `[file=src/read_input.F line=3450-3456]`, `[file=src/global.F line=387, 1045]`"
models/ADCIRC/source-analysis/tide/adcirc-tide-forcing-implementation.md,50,file,src/global.F,,,,"A(I,J)` at `[file=src/read_input.F line=3450-3456]`, `[file=src/global.F line=387, 1045]`"
models/ADCIRC/source-analysis/tide/adcirc-tide-forcing-implementation.md,64,file,src/read_input.F,,,,"At `[file=src/read_input.F line=3431-3456, 3485-3497]`."
models/ADCIRC/source-analysis/tide/adcirc-tide-forcing-implementation.md,66,file,//adcirc.github.io/adcirc/technical_reference/input_files/fort15.h,,,,"며, 분조 헤더 묶음 뒤에 별도의 선택 입력 줄을 추가하지 않는다. 공식 [fort.15 형식](https://adcirc.github.io/adcirc/technical_reference/input_files/fort15.html)의 `ALPHAE`가 이 로컬 구현에서는 `ELEVAL"
models/ADCIRC/source-analysis/tide/adcirc-tide-forcing-implementation.md,66,file-line,mesh.F,1822,1834,,/fort15.html)의 `ALPHAE`가 이 로컬 구현에서는 `ELEVALPHA`다. 각 분조의 값은 `mesh.F:1822–1834`가 `NBDV`에서 구성하는 `NBD` 순서로 대응하며 `read_input.F:3493–3496`에 노드
models/ADCIRC/source-analysis/tide/adcirc-tide-forcing-implementation.md,66,file-line,read_input.F,3493,3496,," 각 분조의 값은 `mesh.F:1822–1834`가 `NBDV`에서 구성하는 `NBD` 순서로 대응하며 `read_input.F:3493–3496`에 노드 번호와 함께 기록된다. 실제 수위 적용은 `gwce.F:1644–1649`에서 `EMO(J,I)*"
models/ADCIRC/source-analysis/tide/adcirc-tide-forcing-implementation.md,66,file-line,gwce.F,1644,1649,,"로 대응하며 `read_input.F:3493–3496`에 노드 번호와 함께 기록된다. 실제 수위 적용은 `gwce.F:1644–1649`에서 `EMO(J,I)*FF(J)*RampElev*cos(ARG)`를 `Eta2(NBD(I))`에 더한다."
models/ADCIRC/source-analysis/tide/adcirc-tide-forcing-implementation.md,66,symbol,,,,ALPHAE,hub.io/adcirc/technical_reference/input_files/fort15.html)의 `ALPHAE`가 이 로컬 구현에서는 `ELEVALPHA`다. 각 분조의 값은 `mesh.F:1822–1834`가 `NBD
models/ADCIRC/source-analysis/tide/adcirc-tide-forcing-implementation.md,66,symbol,,,,ELEVALPHA,al_reference/input_files/fort15.html)의 `ALPHAE`가 이 로컬 구현에서는 `ELEVALPHA`다. 각 분조의 값은 `mesh.F:1822–1834`가 `NBDV`에서 구성하는 `NBD` 순서로 대응하며
models/ADCIRC/source-analysis/tide/adcirc-tide-forcing-implementation.md,66,symbol,,,,NBDV,HAE`가 이 로컬 구현에서는 `ELEVALPHA`다. 각 분조의 값은 `mesh.F:1822–1834`가 `NBDV`에서 구성하는 `NBD` 순서로 대응하며 `read_input.F:3493–3496`에 노드 번호와 함께 기
models/ADCIRC/source-analysis/tide/adcirc-tide-forcing-implementation.md,66,symbol,,,,NBD,서는 `ELEVALPHA`다. 각 분조의 값은 `mesh.F:1822–1834`가 `NBDV`에서 구성하는 `NBD` 순서로 대응하며 `read_input.F:3493–3496`에 노드 번호와 함께 기록된다. 실제 수위 적용
models/ADCIRC/source-analysis/tide/adcirc-tide-forcing-implementation.md,73,file,src/gwce.F,,,,at `[file=src/gwce.F line=1638-1650]`.
models/ADCIRC/source-analysis/tide/adcirc-tide-forcing-implementation.md,77,file,src/read_input.F,,,,"- `[file=src/read_input.F line=3450-3456, 3410-3436]` — ADCIRC reads pre-computed amp"
models/ADCIRC/source-analysis/tide/adcirc-tide-forcing-implementation.md,88,file,src/read_input.F,,,,- Reader: `readSelfAttractionAndLoadingFile` at `[file=src/read_input.F line=6282-6463]`
models/ADCIRC/source-analysis/tide/adcirc-tide-forcing-implementation.md,88,symbol,,,,readSelfAttractionAndLoadingFile,- Reader: `readSelfAttractionAndLoadingFile` at `[file=src/read_input.F line=6282-6463]`
models/ADCIRC/source-analysis/tide/adcirc-tide-forcing-implementation.md,95,symbol,,,,TIPOTAG,- Constituent name (matched to `TIPOTAG`)
models/ADCIRC/source-analysis/tide/adcirc-tide-forcing-implementation.md,98,file,src/read_input.F,,,,At `[file=src/read_input.F line=6429-6455]`.
models/ADCIRC/source-analysis/tide/adcirc-tide-forcing-implementation.md,106,file,src/hstart.F,,,,"at `[file=src/hstart.F line=1529-1532]`, `[file=src/timestep.F line=1547-1555]`."
models/ADCIRC/source-analysis/tide/adcirc-tide-forcing-implementation.md,106,file,src/timestep.F,,,,"at `[file=src/hstart.F line=1529-1532]`, `[file=src/timestep.F line=1547-1555]`."
models/ADCIRC/source-analysis/tide/adcirc-tide-forcing-implementation.md,110,file,src/timestep.F,,,,orcing` (or `tidePotential%compute` for full TIP) at `[file=src/timestep.F line=1507-1562]`
models/ADCIRC/source-analysis/tide/adcirc-tide-forcing-implementation.md,110,symbol,,,,applyTidePotentialForcing,- Computed in `applyTidePotentialForcing` (or `tidePotential%compute` for full TIP) at `[file=src/tim
models/ADCIRC/source-analysis/tide/adcirc-tide-forcing-implementation.md,110,symbol,,,,tidePotential%compute,- Computed in `applyTidePotentialForcing` (or `tidePotential%compute` for full TIP) at `[file=src/timestep.F line=1507-1562]`
models/ADCIRC/source-analysis/tide/adcirc-tide-forcing-implementation.md,111,symbol,,,,TIP2,- Stored in `TIP2`
models/ADCIRC/source-analysis/tide/adcirc-tide-forcing-implementation.md,112,file,src/read_input.F,,,,/K1/O1/etc.) are user-defined via `TIPOTAG` block at `[file=src/read_input.F line=3347-3354]`:
models/ADCIRC/source-analysis/tide/adcirc-tide-forcing-implementation.md,112,symbol,,,,TIPOTAG,- Constituents (M2/S2/K1/O1/etc.) are user-defined via `TIPOTAG` block at `[file=src/read_input.F line=3347-3354]`:
models/ADCIRC/source-analysis/tide/adcirc-tide-forcing-implementation.md,113,symbol,,,,TPK,- `TPK` — tidal potential coefficient
models/ADCIRC/source-analysis/tide/adcirc-tide-forcing-implementation.md,114,symbol,,,,AMIGT,- `AMIGT` — frequency
models/ADCIRC/source-analysis/tide/adcirc-tide-forcing-implementation.md,115,symbol,,,,ETRF,- `ETRF` — Earth-tide reduction factor
models/ADCIRC/source-analysis/tide/adcirc-tide-forcing-implementation.md,116,symbol,,,,FFT,- `FFT` — nodal factor
models/ADCIRC/source-analysis/tide/adcirc-tide-forcing-implementation.md,117,symbol,,,,FACET,- `FACET` — equilibrium argument
models/ADCIRC/source-analysis/tide/adcirc-tide-forcing-implementation.md,123,file,src/timestep.F,,,,"Multiplies `TPK` term at `[file=src/timestep.F line=1501-1503, 1536]`. Standard values 0.69 (M2/S2/N2), 0."
models/ADCIRC/source-analysis/tide/adcirc-tide-forcing-implementation.md,123,symbol,,,,TPK,"Multiplies `TPK` term at `[file=src/timestep.F line=1501-1503, 1536]`. Stand"
models/ADCIRC/source-analysis/tide/adcirc-tide-forcing-implementation.md,127,symbol,,,,TIP2,- Earth tide → `ETRF * TPK` term in `TIP2`
models/ADCIRC/source-analysis/tide/adcirc-tide-forcing-implementation.md,129,symbol,,,,TIP2,- Both summed into `TIP2` for the GWCE forcing
models/ADCIRC/source-analysis/tide/adcirc-tide-forcing-implementation.md,133,file,src/adcirc.F,,,,- Latitude dependence in `L_N` at `[file=src/adcirc.F line=301-307]`:
models/ADCIRC/source-analysis/tide/adcirc-tide-forcing-implementation.md,133,symbol,,,,L_N,- Latitude dependence in `L_N` at `[file=src/adcirc.F line=301-307]`:
models/ADCIRC/source-analysis/tide/adcirc-tide-forcing-implementation.md,137,file,src/timestep.F,,,,"`, selects `L_N(NA, node)` in potential summation at `[file=src/timestep.F line=1541-1555]`, `[file=src/hstart.F line=1525-1532]`"
models/ADCIRC/source-analysis/tide/adcirc-tide-forcing-implementation.md,137,file,src/hstart.F,,,,"summation at `[file=src/timestep.F line=1541-1555]`, `[file=src/hstart.F line=1525-1532]`"
models/ADCIRC/source-analysis/tide/adcirc-tide-forcing-implementation.md,137,symbol,,,,AMIGT,"- Species class `NA = 0,1,2` chosen from frequency `AMIGT`, selects `L_N(NA, node)` in potential summation at `[file=s"
models/ADCIRC/source-analysis/tide/adcirc-tide-forcing-implementation.md,138,file,src/tidalpotential.F90,,,," uses explicit lunar-solar geometry (P2/P3 terms) at `[file=src/tidalpotential.F90 line=262-279, 289-296]` with precomputed trig fields `m_CSF"
models/ADCIRC/source-analysis/tide/adcirc-tide-forcing-implementation.md,138,symbol,,,,m_CSFEA,"al.F90 line=262-279, 289-296]` with precomputed trig fields `m_CSFEA`, `m_S2SFEA`"
models/ADCIRC/source-analysis/tide/adcirc-tide-forcing-implementation.md,138,symbol,,,,m_S2SFEA,"=262-279, 289-296]` with precomputed trig fields `m_CSFEA`, `m_S2SFEA`"
models/ADCIRC/source-analysis/tide/adcirc-tide-forcing-implementation.md,142,file,src/read_input.F,,,,"nt `(V0+u)` = `FACET` (degrees → radians on read) at `[file=src/read_input.F line=3349, 3371-3383]`"
models/ADCIRC/source-analysis/tide/adcirc-tide-forcing-implementation.md,142,symbol,,,,FFT,"- For tidal potential: nodal factor = `FFT`, argument `(V0+u)` = `FACET` (degrees → radians on read) at"
models/ADCIRC/source-analysis/tide/adcirc-tide-forcing-implementation.md,142,symbol,,,,FACET," tidal potential: nodal factor = `FFT`, argument `(V0+u)` = `FACET` (degrees → radians on read) at `[file=src/read_input.F line"
models/ADCIRC/source-analysis/tide/adcirc-tide-forcing-implementation.md,143,file,src/read_input.F,,,,"lag `EFA`; applied in timestep boundary synthesis at `[file=src/read_input.F line=3433, 3429-3436]`, `[file=src/gwce.F line=1644-1649]`"
models/ADCIRC/source-analysis/tide/adcirc-tide-forcing-implementation.md,143,file,src/gwce.F,,,,"s at `[file=src/read_input.F line=3433, 3429-3436]`, `[file=src/gwce.F line=1644-1649]`"
models/ADCIRC/source-analysis/tide/adcirc-tide-forcing-implementation.md,143,symbol,,,,FACE,"- For open boundary: nodal factor `FF`, equilibrium arg `FACE`, phase lag `EFA`; applied in timestep boundary synthesis at"
models/ADCIRC/source-analysis/tide/adcirc-tide-forcing-implementation.md,143,symbol,,,,EFA,"ndary: nodal factor `FF`, equilibrium arg `FACE`, phase lag `EFA`; applied in timestep boundary synthesis at `[file=src/read_"
models/ADCIRC/source-analysis/tide/adcirc-tide-forcing-implementation.md,144,file,src/timestep.F,,,,"base: `TimeH = IT*DTDP + (STATIM - REFTIM)*86400` at `[file=src/timestep.F line=251-259]`, `[file=src/read_input.F line=2541]`"
models/ADCIRC/source-analysis/tide/adcirc-tide-forcing-implementation.md,144,file,src/read_input.F,,,,"TIM)*86400` at `[file=src/timestep.F line=251-259]`, `[file=src/read_input.F line=2541]`"
models/ADCIRC/source-analysis/tide/adcirc-tide-forcing-implementation.md,144,symbol,,,,REFTIM,- `REFTIM` shifts harmonic time base: `TimeH = IT*DTDP + (STATIM - REF
models/ADCIRC/source-analysis/tide/adcirc-tide-forcing-implementation.md,154,symbol,,,,TIPOTAG,| SAL not having effect | NTIP=2 + valid fort.24 + matching `TIPOTAG` constituent names |
models/ADCIRC/source-analysis/tide/adcirc-tide-forcing-implementation.md,155,symbol,,,,TIPOTAG,"| Long-period (Mf, Mm) wrong | NTIP=1 with `TIPOTAG` block missing those constituents |"
models/ADCIRC/source-analysis/tide/adcirc-tide-forcing-implementation.md,161,symbol,,,,TIPOTAG,**NTIP=2 requires fort.24** with constituent names matching `TIPOTAG`.
models/ADCIRC/source-analysis/tide/adcirc-tide-forcing-implementation.md,162,symbol,,,,REFTIM,4. **`REFTIM` should match boundary forcing reference epoch** — typical i
models/ADCIRC/source-analysis/tide/adcirc-tide-forcing-implementation.md,163,file-line,src/timestep.F,1517,1556,,(J)*FFT(J)` multiplies the potential term added to `TIP2` (`src/timestep.F:1517–1556`). This does not mean applying an unreduced full potential.
models/ADCIRC/source-analysis/tide/adcirc-tide-forcing-implementation.md,163,file-line,src/gwce.F,1638,1650,,arate; open-boundary `EMO/EFA` synthesis is also separate (`src/gwce.F:1638–1650`). The full-formula `tidePotential%compute` path is a diffe
models/ADCIRC/source-analysis/tide/adcirc-tide-forcing-implementation.md,163,file-line,src/timestep.F,1520,1521,,ormula `tidePotential%compute` path is a different branch (`src/timestep.F:1520–1521`); its internals are outside this correction.
models/ADCIRC/source-analysis/tide/adcirc-tide-forcing-implementation.md,163,symbol,,,,CTIP,"ficient zero in the traditional constituent branch.** Under `CTIP` and `.not.tidePotential%active()`, `TPMUL=RampTip*ETRF(J)*T"
models/ADCIRC/source-analysis/tide/adcirc-tide-forcing-implementation.md,163,symbol,,,,TIP2,RF(J)*TPK(J)*FFT(J)` multiplies the potential term added to `TIP2` (`src/timestep.F:1517–1556`). This does not mean applying a
models/ADCIRC/source-analysis/tide/adcirc-tide-forcing-implementation.md,163,symbol,,,,SALTMUL,). This does not mean applying an unreduced full potential. `SALTMUL` is separate; open-boundary `EMO/EFA` synthesis is also sepa
models/ADCIRC/source-analysis/tide/adcirc-tide-forcing-implementation.md,163,symbol,,,,tidePotential%compute,is also separate (`src/gwce.F:1638–1650`). The full-formula `tidePotential%compute` path is a different branch (`src/timestep.F:1520–1521`); it
models/ADCIRC/source-analysis/tide/adcirc-tide-forcing-implementation.md,169,symbol,,,,ELEVALPHA,"- **Missing `ELEVALPHA` line** between constituents — parser desync, all subsequent"
models/ADCIRC/source-analysis/tide/adcirc-tide-forcing-implementation.md,170,symbol,,,,TIPOTAG,"- **NTIP=2 fort.24 with extra constituent** not in `TIPOTAG` — silently dropped, no error."
models/ADCIRC/source-analysis/tide/adcirc-tide-forcing-implementation.md,174,file,src/read_input.F,,,,"- `src/read_input.F` — `NTIP` parser, NBFR block reader, `fort.24` SAL reader."
models/ADCIRC/source-analysis/tide/adcirc-tide-forcing-implementation.md,174,symbol,,,,NTIP,"- `src/read_input.F` — `NTIP` parser, NBFR block reader, `fort.24` SAL reader."
models/ADCIRC/source-analysis/tide/adcirc-tide-forcing-implementation.md,175,file,src/gwce.F,,,,- `src/gwce.F` — boundary synthesis applies harmonic forcing each timeste
models/ADCIRC/source-analysis/tide/adcirc-tide-forcing-implementation.md,176,file,src/timestep.F,,,,"- `src/timestep.F` — `applyTidePotentialForcing`, SAL summation."
models/ADCIRC/source-analysis/tide/adcirc-tide-forcing-implementation.md,176,symbol,,,,applyTidePotentialForcing,"- `src/timestep.F` — `applyTidePotentialForcing`, SAL summation."
models/ADCIRC/source-analysis/tide/adcirc-tide-forcing-implementation.md,177,file,src/tidalpotential.F90,,,,- `src/tidalpotential.F90` — full TIP lunar-solar geometry.
models/ADCIRC/source-analysis/tide/adcirc-tide-forcing-implementation.md,178,file,src/hstart.F,,,,- `src/hstart.F` / `src/cstart.F` — SAL initialization for hot/cold restart
models/ADCIRC/source-analysis/tide/adcirc-tide-forcing-implementation.md,178,file,src/cstart.F,,,,- `src/hstart.F` / `src/cstart.F` — SAL initialization for hot/cold restart.
models/ADCIRC/source-analysis/tide/adcirc-tide-harmonic-prep.md,46,file,//adcirc.github.io/adcirc/user_guide/model_configuration/tides/index.h,,,,[공식 조석 개요](https://adcirc.github.io/adcirc/user_guide/model_configuration/tides/index.html)의 두 설명은 [상세 파라미터 정의](https://adcirc.github.io/adcirc/tec
models/ADCIRC/source-analysis/tide/adcirc-tide-harmonic-prep.md,46,file,//adcirc.github.io/adcirc/technical_reference/parameter_definitions/index.h,,,,l_configuration/tides/index.html)의 두 설명은 [상세 파라미터 정의](https://adcirc.github.io/adcirc/technical_reference/parameter_definitions/index.html) 및 이 노트의 S 판본 코드와 구별해
models/ADCIRC/source-analysis/tide/adcirc-tide-harmonic-prep.md,48,file-line,docs/user_guide/model_configuration/tides/index.rst,15,19,,F는 퍼텐셜 분조 수**다. 코드도 `NTIP`를 0–2로 검사하고 `NTIF`로 분조 입력을 반복한다. `docs/user_guide/model_configuration/tides/index.rst:15–19`; `docs/technical_reference/parameter_defi
models/ADCIRC/source-analysis/tide/adcirc-tide-harmonic-prep.md,48,file-line,docs/technical_reference/parameter_definitions/index.rst,452,459,,"ocs/user_guide/model_configuration/tides/index.rst:15–19`; `docs/technical_reference/parameter_definitions/index.rst:452–459,758–759`; `src/read_input.F:1703–17"
models/ADCIRC/source-analysis/tide/adcirc-tide-harmonic-prep.md,48,file-line,src/read_input.F,1703,1731,,"eference/parameter_definitions/index.rst:452–459,758–759`; `src/read_input.F:1703–1731,3335–3349`."
models/ADCIRC/source-analysis/tide/adcirc-tide-harmonic-prep.md,48,symbol,,,,NTIP,"- 개요의 분조 수 설명은 `NTIP`에 붙어 있지만, 상세 정의에서 **NTIP는 퍼텐셜/SAL 사용 방식**, **NTIF는 퍼텐셜 분조 수*"
models/ADCIRC/source-analysis/tide/adcirc-tide-harmonic-prep.md,48,symbol,,,,NTIP,", 상세 정의에서 **NTIP는 퍼텐셜/SAL 사용 방식**, **NTIF는 퍼텐셜 분조 수**다. 코드도 `NTIP`를 0–2로 검사하고 `NTIF`로 분조 입력을 반복한다. `docs/user_guide/model_conf"
models/ADCIRC/source-analysis/tide/adcirc-tide-harmonic-prep.md,48,symbol,,,,NTIF,"퍼텐셜/SAL 사용 방식**, **NTIF는 퍼텐셜 분조 수**다. 코드도 `NTIP`를 0–2로 검사하고 `NTIF`로 분조 입력을 반복한다. `docs/user_guide/model_configuration/tides/in"
models/ADCIRC/source-analysis/tide/adcirc-tide-harmonic-prep.md,49,file-line,docs/user_guide/model_configuration/tides/index.rst,29,32,,"*, 경계 진폭은 **EMO**다. `PER=2π/AMIG`와 시간 인수에 곱하는 위치를 함께 확인한다. `docs/user_guide/model_configuration/tides/index.rst:29–32`; `docs/technical_reference/parameter_defi"
models/ADCIRC/source-analysis/tide/adcirc-tide-harmonic-prep.md,49,file-line,docs/technical_reference/parameter_definitions/index.rst,789,801,,ocs/user_guide/model_configuration/tides/index.rst:29–32`; `docs/technical_reference/parameter_definitions/index.rst:789–801`; `src/read_input.F:3431–3441`; `sr
models/ADCIRC/source-analysis/tide/adcirc-tide-harmonic-prep.md,49,file-line,src/read_input.F,3431,3441,,hnical_reference/parameter_definitions/index.rst:789–801`; `src/read_input.F:3431–3441`; `src/gwce.F:1638–1649`.
models/ADCIRC/source-analysis/tide/adcirc-tide-harmonic-prep.md,49,file-line,src/gwce.F,1638,1649,,initions/index.rst:789–801`; `src/read_input.F:3431–3441`; `src/gwce.F:1638–1649`.
models/ADCIRC/source-analysis/tide/adcirc-tide-harmonic-prep.md,49,symbol,,,,AMIG,"- 개요의 `AMIG` 설명에는 amplitude가 나오지만, 상세 정의와 코드에서 **AMIG는 주파수**, 경계 진폭은 **E"
models/ADCIRC/source-analysis/tide/adcirc-tide-harmonic-prep.md,60,file,//adcirc.github.io/adcirc/technical_reference/input_files/fort14.h,,,,좌표/기준면·수심 부호·변환 이력; fort.14 노드와 원자료 대응 | [fort.14 구조](https://adcirc.github.io/adcirc/technical_reference/input_files/fort14.html) 및 [수심 노트](../adcirc-bathymetr
models/ADCIRC/source-analysis/tide/adcirc-tide-harmonic-prep.md,63,file-line,src/mesh.F,1822,1834,,"각 분조 블록, 분조당 NETA개 행을 fort.14의 경계 구간/구간 내 순서와 대조 | 아래 §A 및 `src/mesh.F:1822–1834`, `src/read_input.F:3431–3456,3485–3497`. 실제 입력 대조 미수행 |"
models/ADCIRC/source-analysis/tide/adcirc-tide-harmonic-prep.md,63,file-line,src/read_input.F,3431,3456,,"rt.14의 경계 구간/구간 내 순서와 대조 | 아래 §A 및 `src/mesh.F:1822–1834`, `src/read_input.F:3431–3456,3485–3497`. 실제 입력 대조 미수행 |"
models/ADCIRC/source-analysis/tide/adcirc-tide-harmonic-prep.md,71,file-line,src/read_input.F,1717,1731,,"2. `fort.16`의 NTIP 선택 및 NBFR 분조·노드·진폭·위상 echo를 입력과 대조한다. `src/read_input.F:1717–1731,3431–3435,3485–3497`은 로그 생성 위치다. echo만으로 내부 계산 경로의 실행이나 물리 "
models/ADCIRC/source-analysis/tide/adcirc-tide-harmonic-prep.md,72,file-line,src/gwce.F,1638,1649,,대조한다. ramp와 함께 작동하는 다른 경계 항이 있으면 그 항까지 확인해야 한다. 합성 코드의 위치는 `src/gwce.F:1638–1649`이며 **이번에 이 대조 실행은 하지 않았다**.
models/ADCIRC/source-analysis/tide/adcirc-tide-harmonic-prep.md,73,file-line,docs/technical_reference/parameter_definitions/index.rst,1140,1177,,"INC 및 출력 위치 선택을 확인한다. `fort.51`은 지정 수위 정점의 진폭/위상 출력이다. 근거: `docs/technical_reference/parameter_definitions/index.rst:1140–1177,1191–1213`; `docs/technical_refer"
models/ADCIRC/source-analysis/tide/adcirc-tide-harmonic-prep.md,73,file-line,docs/technical_reference/output_files/fort51.rst,1,23,,"ence/parameter_definitions/index.rst:1140–1177,1191–1213`; `docs/technical_reference/output_files/fort51.rst:1–23`. 여기서는 세부 출력 형식 코드의 전체 유효값을 확정하지 않는다."
models/ADCIRC/source-analysis/tide/adcirc-tide-harmonic-prep.md,79,file-line,docs/user_guide/model_configuration/tides/index.rst,57,65,,"../concepts/tides/03-analysis-methods.md), ADCIRC 관측검증 권고는 `docs/user_guide/model_configuration/tides/index.rst:57–65`다. [독립 관측·오차 지표](#independent-observation-"
models/ADCIRC/source-analysis/tide/adcirc-tide-harmonic-prep.md,93,file-line,test_runner/adcirc_test/adcirctest.py,429,445,,"케이스의 자동 비교 기준은 Q의 `control/`에 저장된 출력이며, 비교기는 해석해를 계산하지 않는다(`test_runner/adcirc_test/adcirctest.py:429–445`). 저장된 control을 독립 관측이나 해석해로 표시하지 않는다. 해석해의 원문·조건은 다음 "
models/ADCIRC/source-analysis/tide/adcirc-tide-harmonic-prep.md,115,file-line,docs/technical_reference/parameter_definitions/index.rst,383,428,,"기 비교창을 별도로 고정해야 한다(원문 식 (1)–(2), Q `fort.15:9–12,28–30`; S `docs/technical_reference/parameter_definitions/index.rst:383–428`)."
models/ADCIRC/source-analysis/tide/adcirc-tide-harmonic-prep.md,123,file-line,src/gwce.F,1638,1649,,FA=0°`. 입력의 분조 수위와 조석 퍼텐셜 사용 여부는 별개 | Q `fort.15:31–44`; S `src/gwce.F:1638–1649` |
models/ADCIRC/source-analysis/tide/adcirc-tide-harmonic-prep.md,128,file-line,src/read_input.F,2894,2902,,"합성에는 이 계수가 곱해지고, `TimeH=IT*DTDP+(STATIM−REFTIM)*86400`이다(S `src/read_input.F:2894–2902`; `src/timestep.F:257–258,301–308`; `src/gwce.F:1638–1651`)"
models/ADCIRC/source-analysis/tide/adcirc-tide-harmonic-prep.md,128,file-line,src/timestep.F,257,258,,"P+(STATIM−REFTIM)*86400`이다(S `src/read_input.F:2894–2902`; `src/timestep.F:257–258,301–308`; `src/gwce.F:1638–1651`). 선형 주기해와 비교할 때에는 ramp와 초기"
models/ADCIRC/source-analysis/tide/adcirc-tide-harmonic-prep.md,128,file-line,src/gwce.F,1638,1651,,"read_input.F:2894–2902`; `src/timestep.F:257–258,301–308`; `src/gwce.F:1638–1651`). 선형 주기해와 비교할 때에는 ramp와 초기 과도응답의 영향을 별도로 확인한다."
models/ADCIRC/source-analysis/tide/adcirc-tide-harmonic-prep.md,130,file-line,src/read_input.F,3628,3632,," 미지원이라고 판단하지 않는다. 여기서 확인한 것은 입력 분기이며 실제 출력 라이브러리 실행이 아니다(S `src/read_input.F:3628–3632,3757–3761,4143–4148,4217–4222,4534–4537`)."
models/ADCIRC/source-analysis/tide/adcirc-tide-harmonic-prep.md,132,symbol,,,,version,"07`은 실행 식별 문자열이다. 아래 여섯 NetCDF control 파일의 global attribute `version`은 모두 `v56.0.1-21-gbcb79a8`, `source`는 `CircleCI`다. 이 파일 내 판본"
models/ADCIRC/source-analysis/tide/adcirc-tide-harmonic-prep.md,132,symbol,,,,source,"l 파일의 global attribute `version`은 모두 `v56.0.1-21-gbcb79a8`, `source`는 `CircleCI`다. 이 파일 내 판본 표기는 현재 S의 코드 SHA와 구분하며, 정확한 컴파일러·빌드"
models/ADCIRC/source-analysis/tide/adcirc-tide-harmonic-prep.md,132,symbol,,,,CircleCI,"al attribute `version`은 모두 `v56.0.1-21-gbcb79a8`, `source`는 `CircleCI`다. 이 파일 내 판본 표기는 현재 S의 코드 SHA와 구분하며, 정확한 컴파일러·빌드 옵션까지 입증하지는 "
models/ADCIRC/source-analysis/tide/adcirc-tide-harmonic-prep.md,138,file-line,test_runner/adcirc_test/adcirctest.py,429,445,,"지 않는다. 런타임 NumPy의 상대오차 기본값과 변수 단위·제외 항목을 함께 고정해야 한다. 근거: T `test_runner/adcirc_test/adcirctest.py:429–445,491–505,527–545`; `README.md:29–35`. 읽을 때 제외하는 경계 관련 변"
models/ADCIRC/source-analysis/tide/adcirc-tide-harmonic-prep.md,138,symbol,,,,time_of,"기준에 없는 추가 변수의 존재를 검사하는 구조는 아니다. 수치 dtype인 `f`·`i`만 비교하고 이름에 `time_of`가 들어간 변수는 건너뛴다. `numpy.testing.assert_allclose(control[var],"
models/ADCIRC/source-analysis/tide/adcirc-tide-harmonic-prep.md,138,symbol,,,,rtol,"ol[var], test[var], atol=tolerance, equal_nan=True)` 호출에서 **`rtol`은 명시하지 않는다**. 따라서 CLI의 `--tolerance`를 모든 출력의 순수 절대오차나 해역의 물리"
models/ADCIRC/source-analysis/tide/adcirc-tide-harmonic-prep.md,143,file-line,src/gwce.F,1638,1649,,조·단위·위상 규약을 대조하고 자동 회귀 비교와 별도 결과로 기록한다. 근거: Q 입력의 위 항목들과 S `src/gwce.F:1638–1649`.
models/ADCIRC/source-analysis/tide/adcirc-tide-harmonic-prep.md,149,file,//ccht.c,,,,[lynch1978-polar]: https://ccht.ccee.ncsu.edu/wp-content/uploads/sites/10/2019/05/Lynch-1978-
models/ADCIRC/source-analysis/tide/adcirc-tide-harmonic-prep.md,159,symbol,,,,amplitude,"3, 인쇄 pp. 1, 6–7, 15, 17, 24–25 | Cartesian 배포는 1/30°·34분조. `amplitude`는 cm, `phase`는 지각(deg). 해수면 조석과 radial loading을 구분. mask 0=원"
models/ADCIRC/source-analysis/tide/adcirc-tide-harmonic-prep.md,159,symbol,,,,phase," 15, 17, 24–25 | Cartesian 배포는 1/30°·34분조. `amplitude`는 cm, `phase`는 지각(deg). 해수면 조석과 radial loading을 구분. mask 0=원 해양값, 1=외삽, 2"
models/ADCIRC/source-analysis/tide/adcirc-tide-harmonic-prep.md,160,file,nao2xyap.f,,,,"oading은 전지구 0.5° 제품만 있고 지역 모델은 없다. 예측 시각은 UTC, 출력은 cm. §7은 `nao2xyap.f`로 Greenwich phase 형식 변환을 안내 | [공식 패키지][nao-code]의 `nao2xyap"
models/ADCIRC/source-analysis/tide/adcirc-tide-harmonic-prep.md,160,file-line,nao2xyap.f,90,93,,"o2xyap.f`로 Greenwich phase 형식 변환을 안내 | [공식 패키지][nao-code]의 `nao2xyap.f:90–93,116–122,167`은 헤더의 진폭/위상 scale과 결측을 해석한다. 출력 진폭은 cm, 위상은 deg"
models/ADCIRC/source-analysis/tide/adcirc-tide-harmonic-prep.md,160,file-line,naotidej.f,1112,1117,,"력 진폭은 cm, 위상은 deg. 정수 격자를 그대로 EMO로 쓰지 않는다. 단주기 합성의 lag 부호는 `naotidej.f:1112–1117,757–771,807–817`에서 확인했다. |"
models/ADCIRC/source-analysis/tide/adcirc-tide-harmonic-prep.md,160,symbol,,,,_gc,"09-09, §2/4/5/7 | 일본 주변 110–165°E, 20–65°N, 5분 격자·16단주기 분조. `_gc`는 지심 조석, 일반 제품은 해저에 대한 ocean tide; radial loading은 전지구 0.5° "
models/ADCIRC/source-analysis/tide/adcirc-tide-harmonic-prep.md,167,file-line,docs/technical_reference/input_files/fort24.rst,1,8,,traction/earth-load 강제 항이며 `SALTAMP/SALTPHA`를 `TIP2`에 합성한다(`docs/technical_reference/input_files/fort24.rst:1–8`; `src/timestep.F:1543–1555`). **radial 변위 파일을 단
models/ADCIRC/source-analysis/tide/adcirc-tide-harmonic-prep.md,167,file-line,src/timestep.F,1543,1555,,성한다(`docs/technical_reference/input_files/fort24.rst:1–8`; `src/timestep.F:1543–1555`). **radial 변위 파일을 단위만 바꿔 fort.24로 쓰는 변환은 이 근거로 성립하지 않는다.**
models/ADCIRC/source-analysis/tide/adcirc-tide-harmonic-prep.md,167,symbol,,,,tide,"ing atlas는 **radial component**이고, [PyFES 설정][pyfes-guide]도 `tide`와 `radial`을 분리한다. ADCIRC `fort.24`는 self-attraction/earth-lo"
models/ADCIRC/source-analysis/tide/adcirc-tide-harmonic-prep.md,167,symbol,,,,radial,"s는 **radial component**이고, [PyFES 설정][pyfes-guide]도 `tide`와 `radial`을 분리한다. ADCIRC `fort.24`는 self-attraction/earth-load 강제 항이며 "
models/ADCIRC/source-analysis/tide/adcirc-tide-harmonic-prep.md,167,symbol,,,,TIP2,t.24`는 self-attraction/earth-load 강제 항이며 `SALTAMP/SALTPHA`를 `TIP2`에 합성한다(`docs/technical_reference/input_files/fort24.rst:1–8`
models/ADCIRC/source-analysis/tide/adcirc-tide-harmonic-prep.md,172,symbol,,,,FESSettings,"Schureman order 3 기본값 설명과 [PyFES 2026.5.3 안내][pyfes-guide]의 `FESSettings` order 1 기본값 설명은 다르므로, 버전·천문식·minor inference·장주기 포함 여부를 명시하"
models/ADCIRC/source-analysis/tide/adcirc-tide-harmonic-prep.md,173,file-line,naotidej.f,1112,1117,,. **위상은 원형량으로 처리한다.** [PyFES 조화상수 표현][pyfes-analysis]과 NAO `naotidej.f:1112–1117`은 진폭/위상을 cos·sin 성분으로 표현한다. 이 식에서 도출하면 $z=Ae^{ig}$를 보간한 후 $
models/ADCIRC/source-analysis/tide/adcirc-tide-harmonic-prep.md,175,symbol,,,,flags,"5. **품질 표시를 보존한다.** FES 제품 mask와 PyFES 반환 `flags`는 다른 정보다. 후자는 양수=사용한 내삽점 수, 음수=외삽, 0=정의되지 않음이다([PyFES Predic"
models/ADCIRC/source-analysis/tide/adcirc-tide-harmonic-prep.md,200,file,//www.aviso.altimetry.f,,,,[fes-hdbk]: https://www.aviso.altimetry.fr/fileadmin/documents/data/tools/hdbk_FES2022.pdf
models/ADCIRC/source-analysis/tide/adcirc-tide-harmonic-prep.md,201,file,//www.miz.nao.ac.jp/rise/s/nao99/README_NAOTIDE_En.h,,,,[nao-readme]: https://www.miz.nao.ac.jp/rise/s/nao99/README_NAOTIDE_En.html
models/ADCIRC/source-analysis/tide/adcirc-tide-harmonic-prep.md,205,file,//cnes.github.io/aviso-fes/user_guide.h,,,,[pyfes-guide]: https://cnes.github.io/aviso-fes/user_guide.html
models/ADCIRC/source-analysis/tide/adcirc-tide-harmonic-prep.md,206,file,//cnes.github.io/aviso-fes/theory/harmonic_analysis.h,,,,[pyfes-analysis]: https://cnes.github.io/aviso-fes/theory/harmonic_analysis.html
models/ADCIRC/source-analysis/tide/adcirc-tide-harmonic-prep.md,207,file,//cnes.github.io/aviso-fes/theory/nodal_corrections.h,,,,[pyfes-nodal]: https://cnes.github.io/aviso-fes/theory/nodal_corrections.html
models/ADCIRC/source-analysis/tide/adcirc-tide-harmonic-prep.md,208,file,//uhslc.soest.h,,,,[uhslc-data]: https://uhslc.soest.hawaii.edu/datainfo/
models/ADCIRC/source-analysis/tide/adcirc-tide-harmonic-prep.md,214,symbol,,,,REFTIM,", the units/sign/phase conventions ADCIRC applies, and what `REFTIM` does to the harmonic time base. Use this when converting ex"
models/ADCIRC/source-analysis/tide/adcirc-tide-harmonic-prep.md,220,file-line,read_input.F,1705,1731,,"- `read_input.F:1705-1731, 3344-3497, 6282-6463` — `NTIP`, NBFR boundary block, SAL r"
models/ADCIRC/source-analysis/tide/adcirc-tide-harmonic-prep.md,220,symbol,,,,NTIP,"- `read_input.F:1705-1731, 3344-3497, 6282-6463` — `NTIP`, NBFR boundary block, SAL reader."
models/ADCIRC/source-analysis/tide/adcirc-tide-harmonic-prep.md,221,file-line,gwce.F,1638,1650,,- `gwce.F:1638-1650` — boundary elevation synthesis.
models/ADCIRC/source-analysis/tide/adcirc-tide-harmonic-prep.md,222,file-line,timestep.F,251,258,,"- `timestep.F:251-258, 1517-1562` — `TimeH` and tidal-potential application."
models/ADCIRC/source-analysis/tide/adcirc-tide-harmonic-prep.md,222,symbol,,,,TimeH,"- `timestep.F:251-258, 1517-1562` — `TimeH` and tidal-potential application."
models/ADCIRC/source-analysis/tide/adcirc-tide-harmonic-prep.md,223,file-line,hstart.F,1525,1532,,- `hstart.F:1525-1532` — SAL into TIP2.
models/ADCIRC/source-analysis/tide/adcirc-tide-harmonic-prep.md,241,file,read_input.F,,,,References (`read_input.F`):
models/ADCIRC/source-analysis/tide/adcirc-tide-harmonic-prep.md,242,symbol,,,,NBFR,- `NBFR` read + arrays allocated: `:3410-3418`.
models/ADCIRC/source-analysis/tide/adcirc-tide-harmonic-prep.md,244,symbol,,,,FACE,- `FACE` deg → rad after read: `:3436`.
models/ADCIRC/source-analysis/tide/adcirc-tide-harmonic-prep.md,246,symbol,,,,EFA,- `EFA` deg → rad after logging: `:3493-3497`.
models/ADCIRC/source-analysis/tide/adcirc-tide-harmonic-prep.md,248,symbol,,,,ELEVALPHA,"Important: `ELEVALPHA` is **only printed** as ""verification""; **no match/validatio"
models/ADCIRC/source-analysis/tide/adcirc-tide-harmonic-prep.md,248,symbol,,,,BOUNTAG," printed** as ""verification""; **no match/validation against `BOUNTAG`** (`:3485-3490`). You must keep the per-constituent orderin"
models/ADCIRC/source-analysis/tide/adcirc-tide-harmonic-prep.md,250,file-line,src/mesh.F,1822,1834,,"경계 노드 순서는 전체 격자 번호의 정렬 순서가 아니다. `src/mesh.F:1822–1834`는 `K=1..NOPE`, 각 구간의 `I=1..NVDLL(K)` 순서로 `NBDV(K,I)`를 `NBD`"
models/ADCIRC/source-analysis/tide/adcirc-tide-harmonic-prep.md,250,file-line,src/read_input.F,3493,3496,," `NBDV(K,I)`를 `NBD`에 이어 붙인다. 분조별 `EMO/EFA` 행은 이 순서에 맞아야 하며 `src/read_input.F:3493–3496`의 노드·진폭·위상 출력과 대조할 수 있다. 공식 [fort.15 구조](https://adcirc.git"
models/ADCIRC/source-analysis/tide/adcirc-tide-harmonic-prep.md,250,file,//adcirc.github.io/adcirc/technical_reference/input_files/fort15.h,,,,.F:3493–3496`의 노드·진폭·위상 출력과 대조할 수 있다. 공식 [fort.15 구조](https://adcirc.github.io/adcirc/technical_reference/input_files/fort15.html)도 분조를 첫 첨자로 표기한다. 이 절의 도식은 전체 
models/ADCIRC/source-analysis/tide/adcirc-tide-harmonic-prep.md,250,symbol,,,,NBD,"–1834`는 `K=1..NOPE`, 각 구간의 `I=1..NVDLL(K)` 순서로 `NBDV(K,I)`를 `NBD`에 이어 붙인다. 분조별 `EMO/EFA` 행은 이 순서에 맞아야 하며 `src/read_input.F:34"
models/ADCIRC/source-analysis/tide/adcirc-tide-harmonic-prep.md,254,file-line,adcirc.F,292,293,,Called from main startup (`adcirc.F:292-293`); reader at `read_input.F:6282-6463`.
models/ADCIRC/source-analysis/tide/adcirc-tide-harmonic-prep.md,254,file-line,read_input.F,6282,6463,,Called from main startup (`adcirc.F:292-293`); reader at `read_input.F:6282-6463`.
models/ADCIRC/source-analysis/tide/adcirc-tide-harmonic-prep.md,267,symbol,,,,node,"- Dimensions: `node`, `num_constituents`, `char_len`."
models/ADCIRC/source-analysis/tide/adcirc-tide-harmonic-prep.md,267,symbol,,,,num_constituents,"- Dimensions: `node`, `num_constituents`, `char_len`."
models/ADCIRC/source-analysis/tide/adcirc-tide-harmonic-prep.md,267,symbol,,,,char_len,"- Dimensions: `node`, `num_constituents`, `char_len`."
models/ADCIRC/source-analysis/tide/adcirc-tide-harmonic-prep.md,268,symbol,,,,constituents,"- Variables: `constituents`, `frequency`, `sal_amplitude`, `sal_phase`."
models/ADCIRC/source-analysis/tide/adcirc-tide-harmonic-prep.md,268,symbol,,,,frequency,"- Variables: `constituents`, `frequency`, `sal_amplitude`, `sal_phase`."
models/ADCIRC/source-analysis/tide/adcirc-tide-harmonic-prep.md,268,symbol,,,,sal_amplitude,"- Variables: `constituents`, `frequency`, `sal_amplitude`, `sal_phase`."
models/ADCIRC/source-analysis/tide/adcirc-tide-harmonic-prep.md,268,symbol,,,,sal_phase,"- Variables: `constituents`, `frequency`, `sal_amplitude`, `sal_phase`."
models/ADCIRC/source-analysis/tide/adcirc-tide-harmonic-prep.md,270,symbol,,,,NTIF,Constituent count must equal `NTIF` (`:6367-6371`).
models/ADCIRC/source-analysis/tide/adcirc-tide-harmonic-prep.md,285,symbol,,,,SALTPHA,`SALTPHA` deg → rad after read.
models/ADCIRC/source-analysis/tide/adcirc-tide-harmonic-prep.md,289,symbol,,,,TIPOTAG,`fort.15` tidal-potential tags are **`TIPOTAG`** (different from `BOUNTAG`!) (`:3347-3349`).
models/ADCIRC/source-analysis/tide/adcirc-tide-harmonic-prep.md,289,symbol,,,,BOUNTAG,.15` tidal-potential tags are **`TIPOTAG`** (different from `BOUNTAG`!) (`:3347-3349`).
models/ADCIRC/source-analysis/tide/adcirc-tide-harmonic-prep.md,292,symbol,,,,const_name,- ASCII SAL: each SAL `const_name` matched to some `TIPOTAG(J)` (`:6436-6443`).
models/ADCIRC/source-analysis/tide/adcirc-tide-harmonic-prep.md,300,symbol,,,,FACE,"| `FACE`, `FACET` (eq. arg.) | degrees | radians | added to argument"
models/ADCIRC/source-analysis/tide/adcirc-tide-harmonic-prep.md,300,symbol,,,,FACET,"| `FACE`, `FACET` (eq. arg.) | degrees | radians | added to argument |"
models/ADCIRC/source-analysis/tide/adcirc-tide-harmonic-prep.md,301,symbol,,,,EFA,| `EFA` (boundary phase lag) | degrees | radians | **subtracted** i
models/ADCIRC/source-analysis/tide/adcirc-tide-harmonic-prep.md,302,symbol,,,,SALTPHA,| `SALTPHA` (SAL phase) | degrees | radians | **subtracted** in `cos(ar
models/ADCIRC/source-analysis/tide/adcirc-tide-harmonic-prep.md,303,symbol,,,,EMO,"| `EMO`, `SALTAMP` | meters | (no conversion) | direct multiplier |"
models/ADCIRC/source-analysis/tide/adcirc-tide-harmonic-prep.md,303,symbol,,,,SALTAMP,"| `EMO`, `SALTAMP` | meters | (no conversion) | direct multiplier |"
models/ADCIRC/source-analysis/tide/adcirc-tide-harmonic-prep.md,305,file-line,gwce.F,1644,1649,,Boundary synthesis (`gwce.F:1644-1649`):
models/ADCIRC/source-analysis/tide/adcirc-tide-harmonic-prep.md,310,file-line,timestep.F,1547,1548,,"SAL synthesis into `TIP2` (`timestep.F:1547-1548`, `hstart.F:1525-1532`):"
models/ADCIRC/source-analysis/tide/adcirc-tide-harmonic-prep.md,310,file-line,hstart.F,1525,1532,,"SAL synthesis into `TIP2` (`timestep.F:1547-1548`, `hstart.F:1525-1532`):"
models/ADCIRC/source-analysis/tide/adcirc-tide-harmonic-prep.md,310,symbol,,,,TIP2,"SAL synthesis into `TIP2` (`timestep.F:1547-1548`, `hstart.F:1525-1532`):"
models/ADCIRC/source-analysis/tide/adcirc-tide-harmonic-prep.md,315,file-line,src/gwce.F,1642,1649,,ADCIRC uses **lag-subtracted** phase (`cos(arg − phase)`; `src/gwce.F:1642–1649`). FES/PyFES와 이번 NAO 패키지에서 확인한 lag 합성은 [제품별 근거](#external-d
models/ADCIRC/source-analysis/tide/adcirc-tide-harmonic-prep.md,320,symbol,,,,FFT,- `FFT` (tidal potential): same role for potential and SAL.
models/ADCIRC/source-analysis/tide/adcirc-tide-harmonic-prep.md,321,symbol,,,,FACE,- `FACE` (boundary): equilibrium argument `(V₀ + u)` (added to argum
models/ADCIRC/source-analysis/tide/adcirc-tide-harmonic-prep.md,322,symbol,,,,FACET,- `FACET` (tidal potential): same role for potential.
models/ADCIRC/source-analysis/tide/adcirc-tide-harmonic-prep.md,328,symbol,,,,REFTIM,`REFTIM` is the harmonic reference time in **days** (`:2541`).
models/ADCIRC/source-analysis/tide/adcirc-tide-harmonic-prep.md,333,file-line,timestep.F,251,258,,(`timestep.F:251-258`).
models/ADCIRC/source-analysis/tide/adcirc-tide-harmonic-prep.md,335,file-line,src/read_input.F,2534,2543,,"`STATIM`과 `REFTIM`은 일(day) 단위로 읽히며(`src/read_input.F:2534–2543`), 내부 `TimeH`는 초다(`src/timestep.F:257–258`). 합성은 `AMIG(J)*("
models/ADCIRC/source-analysis/tide/adcirc-tide-harmonic-prep.md,335,file-line,src/timestep.F,257,258,,"day) 단위로 읽히며(`src/read_input.F:2534–2543`), 내부 `TimeH`는 초다(`src/timestep.F:257–258`). 합성은 `AMIG(J)*(TimeH−NCYC*PER(J))+FACE(J)−EFA(J,I)`이며 `EF"
models/ADCIRC/source-analysis/tide/adcirc-tide-harmonic-prep.md,335,file-line,src/read_input.F,3436,,,")+FACE(J)−EFA(J,I)`이며 `EFA`는 입력의 도(degree)에서 radian으로 변환한다(`src/read_input.F:3436,3493–3496`; `src/gwce.F:1642–1649`). 실제 입력을 준비할 때 원자료의 기준시각"
models/ADCIRC/source-analysis/tide/adcirc-tide-harmonic-prep.md,335,file-line,src/gwce.F,1642,1649,,"degree)에서 radian으로 변환한다(`src/read_input.F:3436,3493–3496`; `src/gwce.F:1642–1649`). 실제 입력을 준비할 때 원자료의 기준시각·위상 규약·단위와 이 정의를 대조해야 한다. 이 코드 확인은"
models/ADCIRC/source-analysis/tide/adcirc-tide-harmonic-prep.md,335,symbol,,,,STATIM,"`STATIM`과 `REFTIM`은 일(day) 단위로 읽히며(`src/read_input.F:2534–2543`), 내부"
models/ADCIRC/source-analysis/tide/adcirc-tide-harmonic-prep.md,335,symbol,,,,REFTIM,"`STATIM`과 `REFTIM`은 일(day) 단위로 읽히며(`src/read_input.F:2534–2543`), 내부 `TimeH`는 "
models/ADCIRC/source-analysis/tide/adcirc-tide-harmonic-prep.md,335,symbol,,,,TimeH," `REFTIM`은 일(day) 단위로 읽히며(`src/read_input.F:2534–2543`), 내부 `TimeH`는 초다(`src/timestep.F:257–258`). 합성은 `AMIG(J)*(TimeH−NCYC*PER"
models/ADCIRC/source-analysis/tide/adcirc-tide-harmonic-prep.md,335,symbol,,,,EFA,"258`). 합성은 `AMIG(J)*(TimeH−NCYC*PER(J))+FACE(J)−EFA(J,I)`이며 `EFA`는 입력의 도(degree)에서 radian으로 변환한다(`src/read_input.F:3436,3493–"
models/ADCIRC/source-analysis/tide/adcirc-tide-harmonic-prep.md,337,file-line,gwce.F,1642,1644,,"Harmonic synthesis uses `timeh`, **not** raw model time (`gwce.F:1642-1644`, `timestep.F:1532-1535`)."
models/ADCIRC/source-analysis/tide/adcirc-tide-harmonic-prep.md,337,file-line,timestep.F,1532,1535,," uses `timeh`, **not** raw model time (`gwce.F:1642-1644`, `timestep.F:1532-1535`)."
models/ADCIRC/source-analysis/tide/adcirc-tide-harmonic-prep.md,337,symbol,,,,timeh,"Harmonic synthesis uses `timeh`, **not** raw model time (`gwce.F:1642-1644`, `timestep.F:15"
models/ADCIRC/source-analysis/tide/adcirc-tide-harmonic-prep.md,339,file-line,src/timestep.F,257,258,,고 가정하지 않는다. 외부에서 구한 FACE/FACET의 기준시각과 같은 실제 시각을 나타내도록 연결한다(`src/timestep.F:257–258`; `src/gwce.F:1642–1649`).
models/ADCIRC/source-analysis/tide/adcirc-tide-harmonic-prep.md,339,file-line,src/gwce.F,1642,1649,,ACET의 기준시각과 같은 실제 시각을 나타내도록 연결한다(`src/timestep.F:257–258`; `src/gwce.F:1642–1649`).
models/ADCIRC/source-analysis/tide/adcirc-tide-harmonic-prep.md,346,file-line,src/read_input.F,3431,3456,," NBFR 레코드와 분조/노드 순서대로 작성하고 fort.16 echo 및 같은 성분의 재합성에 대조한다(`src/read_input.F:3431–3456,3485–3497`; `src/gwce.F:1638–1649`)."
models/ADCIRC/source-analysis/tide/adcirc-tide-harmonic-prep.md,346,file-line,src/gwce.F,1638,1649,,"및 같은 성분의 재합성에 대조한다(`src/read_input.F:3431–3456,3485–3497`; `src/gwce.F:1638–1649`)."
models/ADCIRC/source-analysis/tide/adcirc-tide-harmonic-prep.md,355,file-line,src/read_input.F,3485,3497,,echo되지만 BOUNTAG와 대조되지 않는다. SAL의 TIPOTAG 매칭과 혼동하지 않는다(§A/C; `src/read_input.F:3485–3497`).
models/ADCIRC/source-analysis/tide/adcirc-tide-harmonic-prep.md,356,file-line,src/gwce.F,1642,1649,,예측과의 차이를 대상 기간에서 평가한다. 고정 1개월/분기별 갱신을 공통 정확도 기준으로 사용하지 않는다(`src/gwce.F:1642–1649`; [PyFES nodal 정의][pyfes-nodal]).
models/ADCIRC/source-analysis/tide/adcirc-tide-harmonic-prep.md,368,file-line,src/read_input.F,1705,1731,,"non-periodic elevation boundary data are a separate input (`src/read_input.F:1705–1731,3410–3444`; [official NBFR definition](https://adcirc.githu"
models/ADCIRC/source-analysis/tide/adcirc-tide-harmonic-prep.md,368,file,//adcirc.github.io/adcirc/technical_reference/parameter_definitions/index.h,,,,"ut.F:1705–1731,3410–3444`; [official NBFR definition](https://adcirc.github.io/adcirc/technical_reference/parameter_definitions/index.html)). |"
models/ADCIRC/source-analysis/tide/adcirc-tide-harmonic-prep.md,372,symbol,,,,STATIM,"- Always write `STATIM`, `REFTIM`, and the FF/FACE epoch in the run README. These t"
models/ADCIRC/source-analysis/tide/adcirc-tide-harmonic-prep.md,372,symbol,,,,REFTIM,"- Always write `STATIM`, `REFTIM`, and the FF/FACE epoch in the run README. These three must "
models/ADCIRC/source-analysis/tide/adcirc-tide-harmonic-prep.md,383,symbol,,,,NTIP,- ▢ Hot-start across `NTIP` change — harmonic accumulators / SAL arrays inconsistent.
models/ADCIRC/web-refs/adcirc-foundational-papers.md,17,symbol,,,,pdftotext,"2001_Becker는 스캔 이미지여서 OCR(tesseract)로 표제 확인**, 나머지는 임베드 텍스트(`pdftotext`)에서 직접 추출."
models/ADCIRC/web-refs/adcirc-official-resources.md,7,file,theory/index.h,,,,"dcirc.org, adcirc.github.io) WebFetch sampling 2026-05-24 — theory/index.html + parameter_definitions/index.html 본 위키 [[../manual-note"
models/ADCIRC/web-refs/adcirc-official-resources.md,7,file,parameter_definitions/index.h,,,,thub.io) WebFetch sampling 2026-05-24 — theory/index.html + parameter_definitions/index.html 본 위키 [[../manual-notes/03-theory-and-formulation]] + [[.
models/ADCIRC/web-refs/adcirc-official-resources.md,7,file,github.c,,,,"6-parameter-definitions]] 작성 시 검증 완료. GitHub URL 은 공개 repo (github.com/adcirc/adcirc, adcirc-testsuite, adcircpy 등). 논문 인용은 publ"
models/ADCIRC/web-refs/adcirc-official-resources.md,33,file,//github.c,,,,| [adcirc/adcirc](https://github.com/adcirc/adcirc) | Fortran core (메인) |
models/ADCIRC/web-refs/adcirc-official-resources.md,34,file,//github.c,,,,| [adcirc/adcirc-testsuite](https://github.com/adcirc/adcirc-testsuite) | 표준 테스트 케이스 (Katrina·Shinnecock
models/ADCIRC/web-refs/adcirc-official-resources.md,35,file,//github.c,,,,"| [adcirc/adcircpy](https://github.com/**oceanmodeling**/adcircpy (★구 adcirc/adcircpy 는 404, 202"
models/ADCIRC/web-refs/adcirc-official-resources.md,35,file,//github.c,,,,"y 는 404, 2026-07-19 확인)) (or [oceanmodeling/adcircpy](https://github.com/oceanmodeling/adcircpy)) | Python wrapper |"
models/ADCIRC/web-refs/adcirc-official-resources.md,36,file,//github.c,,,,| [adcirc/gahm](https://github.com/adcirc/gahm) | Generalized Asymmetric Holland Model (vort
models/ADCIRC/web-refs/adcirc-official-resources.md,37,file,//github.c,,,,| [StormSurgeLive/asgs](https://github.com/StormSurgeLive/asgs) | ADCIRC Surge Guidance System (운영 f
models/ADCIRC/web-refs/adcirc-official-resources.md,38,file,//github.c,,,,| [CHLNDDEV/OceanMesh2D](https://github.com/CHLNDDEV/OceanMesh2D) | MATLAB mesh generator ([[../manua
models/ADCIRC/web-refs/adcirc-official-resources.md,39,file,//github.c,,,,| [CHLNDDEV/oceanmesh](https://github.com/CHLNDDEV/oceanmesh) | Python mesh generator ([[../manual-
models/ADCIRC/web-refs/adcirc-official-resources.md,40,file,//github.c,,,,| [noaa-ocs-modeling/OCSMesh](https://github.com/noaa-ocs-modeling/OCSMesh) | NOAA OCS Mesh tool ([[../man
models/ADCIRC/web-refs/adcirc-official-resources.md,77,file,github.c,,,,| GitHub Issues | [github.com/adcirc/adcirc/issues](https://github.com/adcirc/adcirc/is
models/ADCIRC/web-refs/adcirc-official-resources.md,77,file,//github.c,,,,| GitHub Issues | [github.com/adcirc/adcirc/issues](https://github.com/adcirc/adcirc/issues) |
