note,note_line,ref,status,source,ranges,span
models/Delft3D/README.md,9,bsd-3.txt,RESOLVED,bsd-3.txt,,0
models/Delft3D/manual-notes/delft3d-waq-user-manual.md,31,proc_def.def,AMBIGUOUS_SAME_MODEL,src/engines_gpl/waq/resources/process_lib/proc_def.def,,0
models/Delft3D/manual-notes/delft3d-wave-user-manual.md,205,swan.sh,RESOLVED,src/third_party_open/swan/scripts/swan.sh,,0
models/Delft3D/source-analysis/delft3d_adi_solver.md,34,"trisol.f90:2250,2260,3336,3346",RESOLVED,src/engines_gpl/flow2d3d/packages/flow2d3d_kernel/src/main/trisol.f90,2250-2250;2260-2260;3336-3336;3346-3346,4
models/Delft3D/source-analysis/delft3d_adi_solver.md,34,"z_trisol.f90:1923,2895",RESOLVED,src/engines_gpl/flow2d3d/packages/flow2d3d_kernel/src/main/z_trisol.f90,1923-1923;2895-2895,2
models/Delft3D/source-analysis/delft3d_dd.md,37,CMakeLists.txt,AMBIGUOUS_SAME_MODEL,src/engines_gpl/flow2d3d/packages/flow2d3d/CMakeLists.txt,,0
models/Delft3D/source-analysis/delft3d_dd.md,39,CMakeLists.txt:1-17,AMBIGUOUS_SAME_MODEL,src/engines_gpl/flow2d3d/packages/flow2d3d/CMakeLists.txt,1-17,17
models/Delft3D/source-analysis/delft3d_dd.md,76,trisol.f90:1104-1107,RESOLVED,src/engines_gpl/flow2d3d/packages/flow2d3d_kernel/src/main/trisol.f90,1104-1107,4
models/Delft3D/source-analysis/delft3d_delwaq.md,25,waq/waq_process/CMakeLists.txt:24-28,RESOLVED_BY_SCOPE,src/engines_gpl/waq/waq_process/CMakeLists.txt,24-28,5
models/Delft3D/source-analysis/delft3d_delwaq.md,57,CMakeLists.txt:1-7,AMBIGUOUS_SAME_MODEL,src/engines_gpl/waq/waq_process/CMakeLists.txt,1-7,7
models/Delft3D/source-analysis/delft3d_delwaq.md,77,waq_process/CMakeLists.txt:24-28,RESOLVED_BY_SCOPE,src/engines_gpl/waq/waq_process/CMakeLists.txt,24-28,5
models/Delft3D/source-analysis/delft3d_dflowfm_compute_core.md,7,furu.f90,RESOLVED,src/engines_gpl/dflowfm/packages/dflowfm_kernel/src/dflowfm_kernel/compute/furu.f90,,0
models/Delft3D/source-analysis/delft3d_dflowfm_compute_core.md,7,s1ini.f90,RESOLVED,src/engines_gpl/dflowfm/packages/dflowfm_kernel/src/dflowfm_kernel/compute/s1ini.f90,,0
models/Delft3D/source-analysis/delft3d_dflowfm_compute_core.md,7,step_reduce_hydro.f90,RESOLVED,src/engines_gpl/dflowfm/packages/dflowfm_kernel/src/dflowfm_kernel/compute/step_reduce_hydro.f90,,0
models/Delft3D/source-analysis/delft3d_dflowfm_compute_core.md,7,setau.f90,RESOLVED,src/engines_gpl/dflowfm/packages/dflowfm_kernel/src/dflowfm_kernel/compute/setau.f90,,0
models/Delft3D/source-analysis/delft3d_dflowfm_compute_core.md,30,compute/step_reduce_hydro.f90:44,RESOLVED,src/engines_gpl/dflowfm/packages/dflowfm_kernel/src/dflowfm_kernel/compute/step_reduce_hydro.f90,44-44,1
models/Delft3D/source-analysis/delft3d_dflowfm_compute_core.md,30,step_reduce_hydro.f90:50,RESOLVED,src/engines_gpl/dflowfm/packages/dflowfm_kernel/src/dflowfm_kernel/compute/step_reduce_hydro.f90,50-50,1
models/Delft3D/source-analysis/delft3d_dflowfm_compute_core.md,32,step_reduce_hydro.f90,RESOLVED,src/engines_gpl/dflowfm/packages/dflowfm_kernel/src/dflowfm_kernel/compute/step_reduce_hydro.f90,,0
models/Delft3D/source-analysis/delft3d_dflowfm_compute_core.md,43,step_reduce_hydro.f90:96,RESOLVED,src/engines_gpl/dflowfm/packages/dflowfm_kernel/src/dflowfm_kernel/compute/step_reduce_hydro.f90,96-96,1
models/Delft3D/source-analysis/delft3d_dflowfm_compute_core.md,50,step_reduce_hydro.f90:113,RESOLVED,src/engines_gpl/dflowfm/packages/dflowfm_kernel/src/dflowfm_kernel/compute/step_reduce_hydro.f90,113-113,1
models/Delft3D/source-analysis/delft3d_dflowfm_compute_core.md,56,compute/furu.f90:44,RESOLVED,src/engines_gpl/dflowfm/packages/dflowfm_kernel/src/dflowfm_kernel/compute/furu.f90,44-44,1
models/Delft3D/source-analysis/delft3d_dflowfm_compute_core.md,62,furu.f90:89-214,RESOLVED,src/engines_gpl/dflowfm/packages/dflowfm_kernel/src/dflowfm_kernel/compute/furu.f90,89-214,126
models/Delft3D/source-analysis/delft3d_dflowfm_compute_core.md,64,furu.f90:97,RESOLVED,src/engines_gpl/dflowfm/packages/dflowfm_kernel/src/dflowfm_kernel/compute/furu.f90,97-97,1
models/Delft3D/source-analysis/delft3d_dflowfm_compute_core.md,66,furu.f90:144,RESOLVED,src/engines_gpl/dflowfm/packages/dflowfm_kernel/src/dflowfm_kernel/compute/furu.f90,144-144,1
models/Delft3D/source-analysis/delft3d_dflowfm_compute_core.md,66,furu.f90:140-143,RESOLVED,src/engines_gpl/dflowfm/packages/dflowfm_kernel/src/dflowfm_kernel/compute/furu.f90,140-143,4
models/Delft3D/source-analysis/delft3d_dflowfm_compute_core.md,67,furu.f90:149,RESOLVED,src/engines_gpl/dflowfm/packages/dflowfm_kernel/src/dflowfm_kernel/compute/furu.f90,149-149,1
models/Delft3D/source-analysis/delft3d_dflowfm_compute_core.md,68,furu.f90:150,RESOLVED,src/engines_gpl/dflowfm/packages/dflowfm_kernel/src/dflowfm_kernel/compute/furu.f90,150-150,1
models/Delft3D/source-analysis/delft3d_dflowfm_compute_core.md,69,furu.f90:151-154,RESOLVED,src/engines_gpl/dflowfm/packages/dflowfm_kernel/src/dflowfm_kernel/compute/furu.f90,151-154,4
models/Delft3D/source-analysis/delft3d_dflowfm_compute_core.md,70,furu.f90:145-147,RESOLVED,src/engines_gpl/dflowfm/packages/dflowfm_kernel/src/dflowfm_kernel/compute/furu.f90,145-147,3
models/Delft3D/source-analysis/delft3d_dflowfm_compute_core.md,72,furu.f90:169,RESOLVED,src/engines_gpl/dflowfm/packages/dflowfm_kernel/src/dflowfm_kernel/compute/furu.f90,169-169,1
models/Delft3D/source-analysis/delft3d_dflowfm_compute_core.md,73,furu.f90:197,RESOLVED,src/engines_gpl/dflowfm/packages/dflowfm_kernel/src/dflowfm_kernel/compute/furu.f90,197-197,1
models/Delft3D/source-analysis/delft3d_dflowfm_compute_core.md,74,furu.f90:200-204,RESOLVED,src/engines_gpl/dflowfm/packages/dflowfm_kernel/src/dflowfm_kernel/compute/furu.f90,200-204,5
models/Delft3D/source-analysis/delft3d_dflowfm_compute_core.md,82,furu.f90:206-208,RESOLVED,src/engines_gpl/dflowfm/packages/dflowfm_kernel/src/dflowfm_kernel/compute/furu.f90,206-208,3
models/Delft3D/source-analysis/delft3d_dflowfm_compute_core.md,84,furu.f90:170-181,RESOLVED,src/engines_gpl/dflowfm/packages/dflowfm_kernel/src/dflowfm_kernel/compute/furu.f90,170-181,12
models/Delft3D/source-analysis/delft3d_dflowfm_compute_core.md,84,furu.f90:184-186,RESOLVED,src/engines_gpl/dflowfm/packages/dflowfm_kernel/src/dflowfm_kernel/compute/furu.f90,184-186,3
models/Delft3D/source-analysis/delft3d_dflowfm_compute_core.md,88,furu.f90:216-267,RESOLVED,src/engines_gpl/dflowfm/packages/dflowfm_kernel/src/dflowfm_kernel/compute/furu.f90,216-267,52
models/Delft3D/source-analysis/delft3d_dflowfm_compute_core.md,89,furu.f90:269,RESOLVED,src/engines_gpl/dflowfm/packages/dflowfm_kernel/src/dflowfm_kernel/compute/furu.f90,269-269,1
models/Delft3D/source-analysis/delft3d_dflowfm_compute_core.md,89,furu.f90:369,RESOLVED,src/engines_gpl/dflowfm/packages/dflowfm_kernel/src/dflowfm_kernel/compute/furu.f90,369-369,1
models/Delft3D/source-analysis/delft3d_dflowfm_compute_core.md,90,furu.f90:273-281,RESOLVED,src/engines_gpl/dflowfm/packages/dflowfm_kernel/src/dflowfm_kernel/compute/furu.f90,273-281,9
models/Delft3D/source-analysis/delft3d_dflowfm_compute_core.md,91,furu.f90:283-367,RESOLVED,src/engines_gpl/dflowfm/packages/dflowfm_kernel/src/dflowfm_kernel/compute/furu.f90,283-367,85
models/Delft3D/source-analysis/delft3d_dflowfm_compute_core.md,91,furu.f90:340-362,RESOLVED,src/engines_gpl/dflowfm/packages/dflowfm_kernel/src/dflowfm_kernel/compute/furu.f90,340-362,23
models/Delft3D/source-analysis/delft3d_dflowfm_compute_core.md,109,compute/s1ini.f90:47-48,RESOLVED,src/engines_gpl/dflowfm/packages/dflowfm_kernel/src/dflowfm_kernel/compute/s1ini.f90,47-48,2
models/Delft3D/source-analysis/delft3d_dflowfm_compute_core.md,109,s1ini.f90:70-72,RESOLVED,src/engines_gpl/dflowfm/packages/dflowfm_kernel/src/dflowfm_kernel/compute/s1ini.f90,70-72,3
models/Delft3D/source-analysis/delft3d_dflowfm_compute_core.md,111,s1ini.f90:84-326,RESOLVED,src/engines_gpl/dflowfm/packages/dflowfm_kernel/src/dflowfm_kernel/compute/s1ini.f90,84-326,243
models/Delft3D/source-analysis/delft3d_dflowfm_compute_core.md,113,s1ini.f90:328-344,RESOLVED,src/engines_gpl/dflowfm/packages/dflowfm_kernel/src/dflowfm_kernel/compute/s1ini.f90,328-344,17
models/Delft3D/source-analysis/delft3d_dflowfm_compute_core.md,124,s1ini.f90:346-372,RESOLVED,src/engines_gpl/dflowfm/packages/dflowfm_kernel/src/dflowfm_kernel/compute/s1ini.f90,346-372,27
models/Delft3D/source-analysis/delft3d_dflowfm_compute_core.md,126,s1ini.f90:374-376,RESOLVED,src/engines_gpl/dflowfm/packages/dflowfm_kernel/src/dflowfm_kernel/compute/s1ini.f90,374-376,3
models/Delft3D/source-analysis/delft3d_dflowfm_compute_core.md,180,compute/setau.f90:43,RESOLVED,src/engines_gpl/dflowfm/packages/dflowfm_kernel/src/dflowfm_kernel/compute/setau.f90,43-43,1
models/Delft3D/source-analysis/delft3d_dflowfm_compute_core.md,182,setau.f90:80-88,RESOLVED,src/engines_gpl/dflowfm/packages/dflowfm_kernel/src/dflowfm_kernel/compute/setau.f90,80-88,9
models/Delft3D/source-analysis/delft3d_dflowfm_compute_core.md,182,setau.f90:90,RESOLVED,src/engines_gpl/dflowfm/packages/dflowfm_kernel/src/dflowfm_kernel/compute/setau.f90,90-90,1
models/Delft3D/source-analysis/delft3d_dflowfm_compute_core.md,182,setau.f90:95-97,RESOLVED,src/engines_gpl/dflowfm/packages/dflowfm_kernel/src/dflowfm_kernel/compute/setau.f90,95-97,3
models/Delft3D/source-analysis/delft3d_dflowfm_compute_core.md,183,setau.f90:101-150,RESOLVED,src/engines_gpl/dflowfm/packages/dflowfm_kernel/src/dflowfm_kernel/compute/setau.f90,101-150,50
models/Delft3D/source-analysis/delft3d_dflowfm_compute_core.md,183,setau.f90:114-115,RESOLVED,src/engines_gpl/dflowfm/packages/dflowfm_kernel/src/dflowfm_kernel/compute/setau.f90,114-115,2
models/Delft3D/source-analysis/delft3d_dflowfm_compute_core.md,184,setau.f90:308,RESOLVED,src/engines_gpl/dflowfm/packages/dflowfm_kernel/src/dflowfm_kernel/compute/setau.f90,308-308,1
models/Delft3D/source-analysis/delft3d_dflowfm_compute_core.md,184,setau.f90:331-340,RESOLVED,src/engines_gpl/dflowfm/packages/dflowfm_kernel/src/dflowfm_kernel/compute/setau.f90,331-340,10
models/Delft3D/source-analysis/delft3d_dflowfm_compute_core.md,192,step_reduce_hydro.f90:34,RESOLVED,src/engines_gpl/dflowfm/packages/dflowfm_kernel/src/dflowfm_kernel/compute/step_reduce_hydro.f90,34-34,1
models/Delft3D/source-analysis/delft3d_dflowfm_compute_core.md,226,step_reduce_hydro.f90:213,RESOLVED,src/engines_gpl/dflowfm/packages/dflowfm_kernel/src/dflowfm_kernel/compute/step_reduce_hydro.f90,213-213,1
models/Delft3D/source-analysis/delft3d_dflowfm_compute_core.md,227,step_reduce_hydro.f90:273-275,RESOLVED,src/engines_gpl/dflowfm/packages/dflowfm_kernel/src/dflowfm_kernel/compute/step_reduce_hydro.f90,273-275,3
models/Delft3D/source-analysis/delft3d_dflowfm_compute_core.md,228,step_reduce_hydro.f90:286-303,RESOLVED,src/engines_gpl/dflowfm/packages/dflowfm_kernel/src/dflowfm_kernel/compute/step_reduce_hydro.f90,286-303,18
models/Delft3D/source-analysis/delft3d_dflowfm_compute_core.md,229,step_reduce_hydro.f90:232-255,RESOLVED,src/engines_gpl/dflowfm/packages/dflowfm_kernel/src/dflowfm_kernel/compute/step_reduce_hydro.f90,232-255,24
models/Delft3D/source-analysis/delft3d_dflowfm_compute_core.md,240,compute/furu.f90:200-204,RESOLVED,src/engines_gpl/dflowfm/packages/dflowfm_kernel/src/dflowfm_kernel/compute/furu.f90,200-204,5
models/Delft3D/source-analysis/delft3d_dflowfm_compute_core.md,243,compute/s1ini.f90:328-344,RESOLVED,src/engines_gpl/dflowfm/packages/dflowfm_kernel/src/dflowfm_kernel/compute/s1ini.f90,328-344,17
models/Delft3D/source-analysis/delft3d_dflowfm_compute_core.md,255,"compute/step_reduce_hydro.f90:167,213,273",RESOLVED,src/engines_gpl/dflowfm/packages/dflowfm_kernel/src/dflowfm_kernel/compute/step_reduce_hydro.f90,167-167;213-213;273-273,3
models/Delft3D/source-analysis/delft3d_dflowfm_compute_core.md,265,"furu.f90:150,200",RESOLVED,src/engines_gpl/dflowfm/packages/dflowfm_kernel/src/dflowfm_kernel/compute/furu.f90,150-150;200-200,2
models/Delft3D/source-analysis/delft3d_dflowfm_compute_core.md,265,advec.f90,RESOLVED,src/engines_gpl/dflowfm/packages/dflowfm_kernel/src/dflowfm_kernel/compute/advec.f90,,0
models/Delft3D/source-analysis/delft3d_dflowfm_compute_core.md,265,setumod.f90,RESOLVED,src/engines_gpl/dflowfm/packages/dflowfm_kernel/src/dflowfm_kernel/compute/setumod.f90,,0
models/Delft3D/source-analysis/delft3d_dflowfm_data_io.md,33,dflowfm_data/m_flow.f90:33,RESOLVED,src/engines_gpl/dflowfm/packages/dflowfm_kernel/src/dflowfm_data/m_flow.f90,33-33,1
models/Delft3D/source-analysis/delft3d_dflowfm_data_io.md,34,dflowfm_data/m_flowgeom.f90:35,RESOLVED,src/engines_gpl/dflowfm/packages/dflowfm_kernel/src/dflowfm_data/m_flowgeom.f90,35-35,1
models/Delft3D/source-analysis/delft3d_dflowfm_data_io.md,36,dflowfm_data/m_flowparameters.f90,RESOLVED,src/engines_gpl/dflowfm/packages/dflowfm_kernel/src/dflowfm_data/m_flowparameters.f90,,0
models/Delft3D/source-analysis/delft3d_dflowfm_data_io.md,40,m_flow.f90:33,RESOLVED,src/engines_gpl/dflowfm/packages/dflowfm_kernel/src/dflowfm_data/m_flow.f90,33-33,1
models/Delft3D/source-analysis/delft3d_dflowfm_data_io.md,40,m_flow.f90:34-45,RESOLVED,src/engines_gpl/dflowfm/packages/dflowfm_kernel/src/dflowfm_data/m_flow.f90,34-45,12
models/Delft3D/source-analysis/delft3d_dflowfm_data_io.md,43,m_flow.f90:160-161,RESOLVED,src/engines_gpl/dflowfm/packages/dflowfm_kernel/src/dflowfm_data/m_flow.f90,160-161,2
models/Delft3D/source-analysis/delft3d_dflowfm_data_io.md,44,m_flow.f90:171,RESOLVED,src/engines_gpl/dflowfm/packages/dflowfm_kernel/src/dflowfm_data/m_flow.f90,171-171,1
models/Delft3D/source-analysis/delft3d_dflowfm_data_io.md,45,m_flow.f90:166-167,RESOLVED,src/engines_gpl/dflowfm/packages/dflowfm_kernel/src/dflowfm_data/m_flow.f90,166-167,2
models/Delft3D/source-analysis/delft3d_dflowfm_data_io.md,46,m_flow.f90:164-165,RESOLVED,src/engines_gpl/dflowfm/packages/dflowfm_kernel/src/dflowfm_data/m_flow.f90,164-165,2
models/Delft3D/source-analysis/delft3d_dflowfm_data_io.md,47,m_flow.f90:192-194,RESOLVED,src/engines_gpl/dflowfm/packages/dflowfm_kernel/src/dflowfm_data/m_flow.f90,192-194,3
models/Delft3D/source-analysis/delft3d_dflowfm_data_io.md,47,m_flow.f90:199,RESOLVED,src/engines_gpl/dflowfm/packages/dflowfm_kernel/src/dflowfm_data/m_flow.f90,199-199,1
models/Delft3D/source-analysis/delft3d_dflowfm_data_io.md,50,m_flow.f90:295-296,RESOLVED,src/engines_gpl/dflowfm/packages/dflowfm_kernel/src/dflowfm_data/m_flow.f90,295-296,2
models/Delft3D/source-analysis/delft3d_dflowfm_data_io.md,51,m_flow.f90:298,RESOLVED,src/engines_gpl/dflowfm/packages/dflowfm_kernel/src/dflowfm_data/m_flow.f90,298-298,1
models/Delft3D/source-analysis/delft3d_dflowfm_data_io.md,52,m_flow.f90:304,RESOLVED,src/engines_gpl/dflowfm/packages/dflowfm_kernel/src/dflowfm_data/m_flow.f90,304-304,1
models/Delft3D/source-analysis/delft3d_dflowfm_data_io.md,53,m_flow.f90:300,RESOLVED,src/engines_gpl/dflowfm/packages/dflowfm_kernel/src/dflowfm_data/m_flow.f90,300-300,1
models/Delft3D/source-analysis/delft3d_dflowfm_data_io.md,56,m_flow.f90:269-270,RESOLVED,src/engines_gpl/dflowfm/packages/dflowfm_kernel/src/dflowfm_data/m_flow.f90,269-270,2
models/Delft3D/source-analysis/delft3d_dflowfm_data_io.md,57,m_flow.f90:275-276,RESOLVED,src/engines_gpl/dflowfm/packages/dflowfm_kernel/src/dflowfm_data/m_flow.f90,275-276,2
models/Delft3D/source-analysis/delft3d_dflowfm_data_io.md,59,m_flow.f90:49-156,RESOLVED,src/engines_gpl/dflowfm/packages/dflowfm_kernel/src/dflowfm_data/m_flow.f90,49-156,108
models/Delft3D/source-analysis/delft3d_dflowfm_data_io.md,60,m_flow.f90:50-51,RESOLVED,src/engines_gpl/dflowfm/packages/dflowfm_kernel/src/dflowfm_data/m_flow.f90,50-51,2
models/Delft3D/source-analysis/delft3d_dflowfm_data_io.md,61,m_flow.f90:54,RESOLVED,src/engines_gpl/dflowfm/packages/dflowfm_kernel/src/dflowfm_data/m_flow.f90,54-54,1
models/Delft3D/source-analysis/delft3d_dflowfm_data_io.md,61,m_flow.f90:56,RESOLVED,src/engines_gpl/dflowfm/packages/dflowfm_kernel/src/dflowfm_data/m_flow.f90,56-56,1
models/Delft3D/source-analysis/delft3d_dflowfm_data_io.md,62,m_flow.f90:128-129,RESOLVED,src/engines_gpl/dflowfm/packages/dflowfm_kernel/src/dflowfm_data/m_flow.f90,128-129,2
models/Delft3D/source-analysis/delft3d_dflowfm_data_io.md,62,m_flow.f90:132-133,RESOLVED,src/engines_gpl/dflowfm/packages/dflowfm_kernel/src/dflowfm_data/m_flow.f90,132-133,2
models/Delft3D/source-analysis/delft3d_dflowfm_data_io.md,63,m_flow.f90:106,RESOLVED,src/engines_gpl/dflowfm/packages/dflowfm_kernel/src/dflowfm_data/m_flow.f90,106-106,1
models/Delft3D/source-analysis/delft3d_dflowfm_data_io.md,63,m_flow.f90:109-123,RESOLVED,src/engines_gpl/dflowfm/packages/dflowfm_kernel/src/dflowfm_data/m_flow.f90,109-123,15
models/Delft3D/source-analysis/delft3d_dflowfm_data_io.md,64,m_flow.f90:70-73,RESOLVED,src/engines_gpl/dflowfm/packages/dflowfm_kernel/src/dflowfm_data/m_flow.f90,70-73,4
models/Delft3D/source-analysis/delft3d_dflowfm_data_io.md,70,m_flowgeom.f90:82-86,RESOLVED,src/engines_gpl/dflowfm/packages/dflowfm_kernel/src/dflowfm_data/m_flowgeom.f90,82-86,5
models/Delft3D/source-analysis/delft3d_dflowfm_data_io.md,75,m_flowgeom.f90:101,RESOLVED,src/engines_gpl/dflowfm/packages/dflowfm_kernel/src/dflowfm_data/m_flowgeom.f90,101-101,1
models/Delft3D/source-analysis/delft3d_dflowfm_data_io.md,75,m_flowgeom.f90:102,RESOLVED,src/engines_gpl/dflowfm/packages/dflowfm_kernel/src/dflowfm_data/m_flowgeom.f90,102-102,1
models/Delft3D/source-analysis/delft3d_dflowfm_data_io.md,75,m_flowgeom.f90:88-93,RESOLVED,src/engines_gpl/dflowfm/packages/dflowfm_kernel/src/dflowfm_data/m_flowgeom.f90,88-93,6
models/Delft3D/source-analysis/delft3d_dflowfm_data_io.md,77,m_flowgeom.f90:124-126,RESOLVED,src/engines_gpl/dflowfm/packages/dflowfm_kernel/src/dflowfm_data/m_flowgeom.f90,124-126,3
models/Delft3D/source-analysis/delft3d_dflowfm_data_io.md,82,m_flowgeom.f90:127,RESOLVED,src/engines_gpl/dflowfm/packages/dflowfm_kernel/src/dflowfm_data/m_flowgeom.f90,127-127,1
models/Delft3D/source-analysis/delft3d_dflowfm_data_io.md,82,m_flowgeom.f90:128,RESOLVED,src/engines_gpl/dflowfm/packages/dflowfm_kernel/src/dflowfm_data/m_flowgeom.f90,128-128,1
models/Delft3D/source-analysis/delft3d_dflowfm_data_io.md,82,m_flowgeom.f90:130,RESOLVED,src/engines_gpl/dflowfm/packages/dflowfm_kernel/src/dflowfm_data/m_flowgeom.f90,130-130,1
models/Delft3D/source-analysis/delft3d_dflowfm_data_io.md,85,m_flowgeom.f90:103,RESOLVED,src/engines_gpl/dflowfm/packages/dflowfm_kernel/src/dflowfm_data/m_flowgeom.f90,103-103,1
models/Delft3D/source-analysis/delft3d_dflowfm_data_io.md,85,m_flowgeom.f90:47-56,RESOLVED,src/engines_gpl/dflowfm/packages/dflowfm_kernel/src/dflowfm_data/m_flowgeom.f90,47-56,10
models/Delft3D/source-analysis/delft3d_dflowfm_data_io.md,86,m_flowgeom.f90:131,RESOLVED,src/engines_gpl/dflowfm/packages/dflowfm_kernel/src/dflowfm_data/m_flowgeom.f90,131-131,1
models/Delft3D/source-analysis/delft3d_dflowfm_data_io.md,87,m_flowgeom.f90:133,RESOLVED,src/engines_gpl/dflowfm/packages/dflowfm_kernel/src/dflowfm_data/m_flowgeom.f90,133-133,1
models/Delft3D/source-analysis/delft3d_dflowfm_data_io.md,88,m_flowgeom.f90:134,RESOLVED,src/engines_gpl/dflowfm/packages/dflowfm_kernel/src/dflowfm_data/m_flowgeom.f90,134-134,1
models/Delft3D/source-analysis/delft3d_dflowfm_data_io.md,89,m_flowgeom.f90:111,RESOLVED,src/engines_gpl/dflowfm/packages/dflowfm_kernel/src/dflowfm_data/m_flowgeom.f90,111-111,1
models/Delft3D/source-analysis/delft3d_dflowfm_data_io.md,90,"m_flowgeom.f90:140,142",RESOLVED,src/engines_gpl/dflowfm/packages/dflowfm_kernel/src/dflowfm_data/m_flowgeom.f90,140-140;142-142,2
models/Delft3D/source-analysis/delft3d_dflowfm_data_io.md,90,m_flowgeom.f90:141,RESOLVED,src/engines_gpl/dflowfm/packages/dflowfm_kernel/src/dflowfm_data/m_flowgeom.f90,141-141,1
models/Delft3D/source-analysis/delft3d_dflowfm_data_io.md,91,m_flowgeom.f90:137,RESOLVED,src/engines_gpl/dflowfm/packages/dflowfm_kernel/src/dflowfm_data/m_flowgeom.f90,137-137,1
models/Delft3D/source-analysis/delft3d_dflowfm_data_io.md,92,m_flowgeom.f90:193-194,RESOLVED,src/engines_gpl/dflowfm/packages/dflowfm_kernel/src/dflowfm_data/m_flowgeom.f90,193-194,2
models/Delft3D/source-analysis/delft3d_dflowfm_data_io.md,93,m_flowgeom.f90:163-166,RESOLVED,src/engines_gpl/dflowfm/packages/dflowfm_kernel/src/dflowfm_data/m_flowgeom.f90,163-166,4
models/Delft3D/source-analysis/delft3d_dflowfm_data_io.md,93,m_flowgeom.f90:154,RESOLVED,src/engines_gpl/dflowfm/packages/dflowfm_kernel/src/dflowfm_data/m_flowgeom.f90,154-154,1
models/Delft3D/source-analysis/delft3d_dflowfm_data_io.md,93,m_flowgeom.f90:159-160,RESOLVED,src/engines_gpl/dflowfm/packages/dflowfm_kernel/src/dflowfm_data/m_flowgeom.f90,159-160,2
models/Delft3D/source-analysis/delft3d_dflowfm_data_io.md,97,m_transport.f90:33-43,RESOLVED,src/engines_gpl/dflowfm/packages/dflowfm_kernel/src/dflowfm_data/m_transport.f90,33-43,11
models/Delft3D/source-analysis/delft3d_dflowfm_data_io.md,99,"m_transport.f90:40,55-56",RESOLVED,src/engines_gpl/dflowfm/packages/dflowfm_kernel/src/dflowfm_data/m_transport.f90,40-40;55-56,3
models/Delft3D/source-analysis/delft3d_dflowfm_data_io.md,101,m_transport.f90:45,RESOLVED,src/engines_gpl/dflowfm/packages/dflowfm_kernel/src/dflowfm_data/m_transport.f90,45-45,1
models/Delft3D/source-analysis/delft3d_dflowfm_data_io.md,102,m_transport.f90:48,RESOLVED,src/engines_gpl/dflowfm/packages/dflowfm_kernel/src/dflowfm_data/m_transport.f90,48-48,1
models/Delft3D/source-analysis/delft3d_dflowfm_data_io.md,102,m_transport.f90:50-51,RESOLVED,src/engines_gpl/dflowfm/packages/dflowfm_kernel/src/dflowfm_data/m_transport.f90,50-51,2
models/Delft3D/source-analysis/delft3d_dflowfm_data_io.md,102,m_transport.f90:52-53,RESOLVED,src/engines_gpl/dflowfm/packages/dflowfm_kernel/src/dflowfm_data/m_transport.f90,52-53,2
models/Delft3D/source-analysis/delft3d_dflowfm_data_io.md,103,m_transport.f90:62,RESOLVED,src/engines_gpl/dflowfm/packages/dflowfm_kernel/src/dflowfm_data/m_transport.f90,62-62,1
models/Delft3D/source-analysis/delft3d_dflowfm_data_io.md,104,m_transport.f90:60-61,RESOLVED,src/engines_gpl/dflowfm/packages/dflowfm_kernel/src/dflowfm_data/m_transport.f90,60-61,2
models/Delft3D/source-analysis/delft3d_dflowfm_data_io.md,106,m_transport.f90:72,RESOLVED,src/engines_gpl/dflowfm/packages/dflowfm_kernel/src/dflowfm_data/m_transport.f90,72-72,1
models/Delft3D/source-analysis/delft3d_dflowfm_data_io.md,106,m_transport.f90:77-78,RESOLVED,src/engines_gpl/dflowfm/packages/dflowfm_kernel/src/dflowfm_data/m_transport.f90,77-78,2
models/Delft3D/source-analysis/delft3d_dflowfm_data_io.md,106,m_transport.f90:96-97,RESOLVED,src/engines_gpl/dflowfm/packages/dflowfm_kernel/src/dflowfm_data/m_transport.f90,96-97,2
models/Delft3D/source-analysis/delft3d_dflowfm_data_io.md,106,m_transport.f90:101-103,RESOLVED,src/engines_gpl/dflowfm/packages/dflowfm_kernel/src/dflowfm_data/m_transport.f90,101-103,3
models/Delft3D/source-analysis/delft3d_dflowfm_data_io.md,110,m_flowparameters.f90:39,RESOLVED,src/engines_gpl/dflowfm/packages/dflowfm_kernel/src/dflowfm_data/m_flowparameters.f90,39-39,1
models/Delft3D/source-analysis/delft3d_dflowfm_data_io.md,111,m_flowparameters.f90:40-46,RESOLVED,src/engines_gpl/dflowfm/packages/dflowfm_kernel/src/dflowfm_data/m_flowparameters.f90,40-46,7
models/Delft3D/source-analysis/delft3d_dflowfm_data_io.md,112,m_flowparameters.f90:60-74,RESOLVED,src/engines_gpl/dflowfm/packages/dflowfm_kernel/src/dflowfm_data/m_flowparameters.f90,60-74,15
models/Delft3D/source-analysis/delft3d_dflowfm_data_io.md,113,m_flowparameters.f90:82-84,RESOLVED,src/engines_gpl/dflowfm/packages/dflowfm_kernel/src/dflowfm_data/m_flowparameters.f90,82-84,3
models/Delft3D/source-analysis/delft3d_dflowfm_data_io.md,159,dflowfm_io/unstruc_netcdf.f90:44,RESOLVED,src/engines_gpl/dflowfm/packages/dflowfm_kernel/src/dflowfm_io/unstruc_netcdf.f90,44-44,1
models/Delft3D/source-analysis/delft3d_dflowfm_data_io.md,159,"unstruc_netcdf.f90:48,51",RESOLVED,src/engines_gpl/dflowfm/packages/dflowfm_kernel/src/dflowfm_io/unstruc_netcdf.f90,48-48;51-51,2
models/Delft3D/source-analysis/delft3d_dflowfm_data_io.md,162,unstruc_netcdf.f90:85-86,RESOLVED,src/engines_gpl/dflowfm/packages/dflowfm_kernel/src/dflowfm_io/unstruc_netcdf.f90,85-86,2
models/Delft3D/source-analysis/delft3d_dflowfm_data_io.md,162,unstruc_netcdf.f90:5285-5312,RESOLVED,src/engines_gpl/dflowfm/packages/dflowfm_kernel/src/dflowfm_io/unstruc_netcdf.f90,5285-5312,28
models/Delft3D/source-analysis/delft3d_dflowfm_data_io.md,164,unstruc_netcdf.f90:71-77,RESOLVED,src/engines_gpl/dflowfm/packages/dflowfm_kernel/src/dflowfm_io/unstruc_netcdf.f90,71-77,7
models/Delft3D/source-analysis/delft3d_dflowfm_data_io.md,164,unstruc_netcdf.f90:74,RESOLVED,src/engines_gpl/dflowfm/packages/dflowfm_kernel/src/dflowfm_io/unstruc_netcdf.f90,74-74,1
models/Delft3D/source-analysis/delft3d_dflowfm_data_io.md,164,unstruc_netcdf.f90:75-77,RESOLVED,src/engines_gpl/dflowfm/packages/dflowfm_kernel/src/dflowfm_io/unstruc_netcdf.f90,75-77,3
models/Delft3D/source-analysis/delft3d_dflowfm_data_io.md,165,unstruc_netcdf.f90:2469,RESOLVED,src/engines_gpl/dflowfm/packages/dflowfm_kernel/src/dflowfm_io/unstruc_netcdf.f90,2469-2469,1
models/Delft3D/source-analysis/delft3d_dflowfm_data_io.md,166,unstruc_netcdf.f90:2490,RESOLVED,src/engines_gpl/dflowfm/packages/dflowfm_kernel/src/dflowfm_io/unstruc_netcdf.f90,2490-2490,1
models/Delft3D/source-analysis/delft3d_dflowfm_data_io.md,166,unstruc_netcdf.f90:2498,RESOLVED,src/engines_gpl/dflowfm/packages/dflowfm_kernel/src/dflowfm_io/unstruc_netcdf.f90,2498-2498,1
models/Delft3D/source-analysis/delft3d_dflowfm_data_io.md,166,unstruc_netcdf.f90:2508,RESOLVED,src/engines_gpl/dflowfm/packages/dflowfm_kernel/src/dflowfm_io/unstruc_netcdf.f90,2508-2508,1
models/Delft3D/source-analysis/delft3d_dflowfm_data_io.md,167,unstruc_netcdf.f90:2518,RESOLVED,src/engines_gpl/dflowfm/packages/dflowfm_kernel/src/dflowfm_io/unstruc_netcdf.f90,2518-2518,1
models/Delft3D/source-analysis/delft3d_dflowfm_data_io.md,169,unstruc_netcdf.f90:104-125,RESOLVED,src/engines_gpl/dflowfm/packages/dflowfm_kernel/src/dflowfm_io/unstruc_netcdf.f90,104-125,22
models/Delft3D/source-analysis/delft3d_dflowfm_data_io.md,169,unstruc_netcdf.f90:127-133,RESOLVED,src/engines_gpl/dflowfm/packages/dflowfm_kernel/src/dflowfm_io/unstruc_netcdf.f90,127-133,7
models/Delft3D/source-analysis/delft3d_dflowfm_data_io.md,172,unstruc_netcdf.f90:139-185,RESOLVED,src/engines_gpl/dflowfm/packages/dflowfm_kernel/src/dflowfm_io/unstruc_netcdf.f90,139-185,47
models/Delft3D/source-analysis/delft3d_dflowfm_data_io.md,172,unstruc_netcdf.f90:181,RESOLVED,src/engines_gpl/dflowfm/packages/dflowfm_kernel/src/dflowfm_io/unstruc_netcdf.f90,181-181,1
models/Delft3D/source-analysis/delft3d_dflowfm_data_io.md,173,unstruc_netcdf.f90:190,RESOLVED,src/engines_gpl/dflowfm/packages/dflowfm_kernel/src/dflowfm_io/unstruc_netcdf.f90,190-190,1
models/Delft3D/source-analysis/delft3d_dflowfm_data_io.md,173,"unstruc_netcdf.f90:97,232-243",RESOLVED,src/engines_gpl/dflowfm/packages/dflowfm_kernel/src/dflowfm_io/unstruc_netcdf.f90,97-97;232-243,13
models/Delft3D/source-analysis/delft3d_dflowfm_data_io.md,176,unstruc_netcdf.f90:5273,RESOLVED,src/engines_gpl/dflowfm/packages/dflowfm_kernel/src/dflowfm_io/unstruc_netcdf.f90,5273-5273,1
models/Delft3D/source-analysis/delft3d_dflowfm_data_io.md,176,unstruc_netcdf.f90:5312,RESOLVED,src/engines_gpl/dflowfm/packages/dflowfm_kernel/src/dflowfm_io/unstruc_netcdf.f90,5312-5312,1
models/Delft3D/source-analysis/delft3d_dflowfm_data_io.md,176,unstruc_netcdf.f90:8282,RESOLVED,src/engines_gpl/dflowfm/packages/dflowfm_kernel/src/dflowfm_io/unstruc_netcdf.f90,8282-8282,1
models/Delft3D/source-analysis/delft3d_dflowfm_data_io.md,177,"unstruc_netcdf.f90:2931,2950",RESOLVED,src/engines_gpl/dflowfm/packages/dflowfm_kernel/src/dflowfm_io/unstruc_netcdf.f90,2931-2931;2950-2950,2
models/Delft3D/source-analysis/delft3d_dflowfm_data_io.md,178,"unstruc_netcdf.f90:11197,11903",RESOLVED,src/engines_gpl/dflowfm/packages/dflowfm_kernel/src/dflowfm_io/unstruc_netcdf.f90,11197-11197;11903-11903,2
models/Delft3D/source-analysis/delft3d_dflowfm_data_io.md,179,unstruc_netcdf.f90:15405,RESOLVED,src/engines_gpl/dflowfm/packages/dflowfm_kernel/src/dflowfm_io/unstruc_netcdf.f90,15405-15405,1
models/Delft3D/source-analysis/delft3d_dflowfm_data_io.md,179,unstruc_netcdf.f90:15665,RESOLVED,src/engines_gpl/dflowfm/packages/dflowfm_kernel/src/dflowfm_io/unstruc_netcdf.f90,15665-15665,1
models/Delft3D/source-analysis/delft3d_dflowfm_data_io.md,180,"unstruc_netcdf.f90:2750,2826",RESOLVED,src/engines_gpl/dflowfm/packages/dflowfm_kernel/src/dflowfm_io/unstruc_netcdf.f90,2750-2750;2826-2826,2
models/Delft3D/source-analysis/delft3d_dflowfm_data_io.md,182,unstruc_netcdf.f90:843,RESOLVED,src/engines_gpl/dflowfm/packages/dflowfm_kernel/src/dflowfm_io/unstruc_netcdf.f90,843-843,1
models/Delft3D/source-analysis/delft3d_dflowfm_data_io.md,182,"unstruc_netcdf.f90:1380,1411,1349,1711",RESOLVED,src/engines_gpl/dflowfm/packages/dflowfm_kernel/src/dflowfm_io/unstruc_netcdf.f90,1380-1380;1411-1411;1349-1349;1711-1711,4
models/Delft3D/source-analysis/delft3d_dflowfm_data_io.md,185,"unstruc_netcdf.f90:12975,12433",RESOLVED,src/engines_gpl/dflowfm/packages/dflowfm_kernel/src/dflowfm_io/unstruc_netcdf.f90,12975-12975;12433-12433,2
models/Delft3D/source-analysis/delft3d_dflowfm_data_io.md,186,unstruc_netcdf.f90:13445,RESOLVED,src/engines_gpl/dflowfm/packages/dflowfm_kernel/src/dflowfm_io/unstruc_netcdf.f90,13445-13445,1
models/Delft3D/source-analysis/delft3d_dflowfm_data_io.md,187,unstruc_netcdf.f90:14818,RESOLVED,src/engines_gpl/dflowfm/packages/dflowfm_kernel/src/dflowfm_io/unstruc_netcdf.f90,14818-14818,1
models/Delft3D/source-analysis/delft3d_dflowfm_data_io.md,187,"unstruc_netcdf.f90:13270,13215",RESOLVED,src/engines_gpl/dflowfm/packages/dflowfm_kernel/src/dflowfm_io/unstruc_netcdf.f90,13270-13270;13215-13215,2
models/Delft3D/source-analysis/delft3d_dflowfm_data_io.md,191,dflowfm_io/unc_write_his.F90,RESOLVED,src/engines_gpl/dflowfm/packages/dflowfm_kernel/src/dflowfm_io/unc_write_his.F90,,0
models/Delft3D/source-analysis/delft3d_dflowfm_data_io.md,191,unc_write_his.F90:84,RESOLVED,src/engines_gpl/dflowfm/packages/dflowfm_kernel/src/dflowfm_io/unc_write_his.F90,84-84,1
models/Delft3D/source-analysis/delft3d_dflowfm_data_io.md,191,"unc_write_his.F90:45,44",RESOLVED,src/engines_gpl/dflowfm/packages/dflowfm_kernel/src/dflowfm_io/unc_write_his.F90,45-45;44-44,2
models/Delft3D/source-analysis/delft3d_dflowfm_data_io.md,191,"unc_write_his.F90:44,50",RESOLVED,src/engines_gpl/dflowfm/packages/dflowfm_kernel/src/dflowfm_io/unc_write_his.F90,44-44;50-50,2
models/Delft3D/source-analysis/delft3d_dflowfm_data_io.md,191,unc_write_his.F90:49-64,RESOLVED,src/engines_gpl/dflowfm/packages/dflowfm_kernel/src/dflowfm_io/unc_write_his.F90,49-64,16
models/Delft3D/source-analysis/delft3d_dflowfm_data_io.md,195,dflowfm_io/wrimap.f90:34,RESOLVED,src/engines_gpl/dflowfm/packages/dflowfm_kernel/src/dflowfm_io/wrimap.f90,34-34,1
models/Delft3D/source-analysis/delft3d_dflowfm_data_io.md,195,wrimap.f90:79-92,RESOLVED_BY_SCOPE,src/engines_gpl/dflowfm/packages/dflowfm_kernel/src/dflowfm_io/wrimap.f90,79-92,14
models/Delft3D/source-analysis/delft3d_dflowfm_data_io.md,195,wrimap.f90:106,RESOLVED_BY_SCOPE,src/engines_gpl/dflowfm/packages/dflowfm_kernel/src/dflowfm_io/wrimap.f90,106-106,1
models/Delft3D/source-analysis/delft3d_dflowfm_data_io.md,195,wrimap.f90:112,RESOLVED_BY_SCOPE,src/engines_gpl/dflowfm/packages/dflowfm_kernel/src/dflowfm_io/wrimap.f90,112-112,1
models/Delft3D/source-analysis/delft3d_dflowfm_data_io.md,195,wrimap.f90:116-120,RESOLVED_BY_SCOPE,src/engines_gpl/dflowfm/packages/dflowfm_kernel/src/dflowfm_io/wrimap.f90,116-120,5
models/Delft3D/source-analysis/delft3d_dflowfm_data_io.md,200,dflowfm_io/caching.f90:38,RESOLVED,src/engines_gpl/dflowfm/packages/dflowfm_kernel/src/dflowfm_io/caching.f90,38-38,1
models/Delft3D/source-analysis/delft3d_dflowfm_data_io.md,200,caching.f90:37,RESOLVED,src/engines_gpl/dflowfm/packages/dflowfm_kernel/src/dflowfm_io/caching.f90,37-37,1
models/Delft3D/source-analysis/delft3d_dflowfm_data_io.md,200,caching.f90:580,RESOLVED,src/engines_gpl/dflowfm/packages/dflowfm_kernel/src/dflowfm_io/caching.f90,580-580,1
models/Delft3D/source-analysis/delft3d_dflowfm_data_io.md,200,caching.f90:207,RESOLVED,src/engines_gpl/dflowfm/packages/dflowfm_kernel/src/dflowfm_io/caching.f90,207-207,1
models/Delft3D/source-analysis/delft3d_dflowfm_data_io.md,200,caching.f90:187,RESOLVED,src/engines_gpl/dflowfm/packages/dflowfm_kernel/src/dflowfm_io/caching.f90,187-187,1
models/Delft3D/source-analysis/delft3d_dflowfm_data_io.md,200,caching.f90:182,RESOLVED,src/engines_gpl/dflowfm/packages/dflowfm_kernel/src/dflowfm_io/caching.f90,182-182,1
models/Delft3D/source-analysis/delft3d_dflowfm_data_io.md,227,unstruc_model.f90,RESOLVED,src/engines_gpl/dflowfm/packages/dflowfm_kernel/src/dflowfm_data/unstruc_model.f90,,0
models/Delft3D/source-analysis/delft3d_dflowfm_data_io.md,228,unstruc_model.f90:60-61,RESOLVED,src/engines_gpl/dflowfm/packages/dflowfm_kernel/src/dflowfm_data/unstruc_model.f90,60-61,2
models/Delft3D/source-analysis/delft3d_dflowfm_data_io.md,228,unstruc_model.f90:63-73,RESOLVED,src/engines_gpl/dflowfm/packages/dflowfm_kernel/src/dflowfm_data/unstruc_model.f90,63-73,11
models/Delft3D/source-analysis/delft3d_dflowfm_data_io.md,229,unstruc_model.f90:76-77,RESOLVED,src/engines_gpl/dflowfm/packages/dflowfm_kernel/src/dflowfm_data/unstruc_model.f90,76-77,2
models/Delft3D/source-analysis/delft3d_dflowfm_data_io.md,230,unstruc_model.f90:101,RESOLVED,src/engines_gpl/dflowfm/packages/dflowfm_kernel/src/dflowfm_data/unstruc_model.f90,101-101,1
models/Delft3D/source-analysis/delft3d_dflowfm_data_io.md,230,unstruc_model.f90:103,RESOLVED,src/engines_gpl/dflowfm/packages/dflowfm_kernel/src/dflowfm_data/unstruc_model.f90,103-103,1
models/Delft3D/source-analysis/delft3d_dflowfm_data_io.md,231,unstruc_model.f90:113-122,RESOLVED,src/engines_gpl/dflowfm/packages/dflowfm_kernel/src/dflowfm_data/unstruc_model.f90,113-122,10
models/Delft3D/source-analysis/delft3d_dflowfm_data_io.md,237,m_flow.f90:128-133,RESOLVED,src/engines_gpl/dflowfm/packages/dflowfm_kernel/src/dflowfm_data/m_flow.f90,128-133,6
models/Delft3D/source-analysis/delft3d_dflowfm_data_io.md,238,"m_flowgeom.f90:82-86,124-126",RESOLVED,src/engines_gpl/dflowfm/packages/dflowfm_kernel/src/dflowfm_data/m_flowgeom.f90,82-86;124-126,8
models/Delft3D/source-analysis/delft3d_dflowfm_data_io.md,240,"unstruc_netcdf.f90:44,2469-2558",RESOLVED,src/engines_gpl/dflowfm/packages/dflowfm_kernel/src/dflowfm_io/unstruc_netcdf.f90,44-44;2469-2558,91
models/Delft3D/source-analysis/delft3d_dflowfm_data_io.md,245,wrwaq.F90,RESOLVED,src/engines_gpl/dflowfm/packages/dflowfm_kernel/src/dflowfm_io/wrwaq.F90,,0
models/Delft3D/source-analysis/delft3d_dflowfm_data_io.md,245,unc_write_shp.F90,RESOLVED,src/engines_gpl/dflowfm/packages/dflowfm_kernel/src/dflowfm_io/unc_write_shp.F90,,0
models/Delft3D/source-analysis/delft3d_dflowfm_grid_utils.md,203,gridtonet.f90,RESOLVED,src/engines_gpl/dflowfm/packages/dflowfm_kernel/src/dflowfm_rgf/gridtonet.f90,,0
models/Delft3D/source-analysis/delft3d_dflowfm_grid_utils.md,203,dflowfm_rgf/gridtonet.f90,RESOLVED,src/engines_gpl/dflowfm/packages/dflowfm_kernel/src/dflowfm_rgf/gridtonet.f90,,0
models/Delft3D/source-analysis/delft3d_dflowfm_grid_utils.md,227,unstruc_files.f90,RESOLVED,src/engines_gpl/dflowfm/packages/dflowfm_kernel/src/dflowfm_utils/unstruc_files.f90,,0
models/Delft3D/source-analysis/delft3d_dflowfm_grid_utils.md,227,dflowfm_utils/unstruc_files.f90:63,RESOLVED,src/engines_gpl/dflowfm/packages/dflowfm_kernel/src/dflowfm_utils/unstruc_files.f90,63-63,1
models/Delft3D/source-analysis/delft3d_dflowfm_grid_utils.md,229,unstruc_ini.f90,RESOLVED,src/engines_gpl/dflowfm/packages/dflowfm_kernel/src/dflowfm_utils/unstruc_ini.f90,,0
models/Delft3D/source-analysis/delft3d_dflowfm_grid_utils.md,234,calibration.f90,RESOLVED,src/engines_gpl/dflowfm/packages/dflowfm_kernel/src/dflowfm_utils/calibration.f90,,0
models/Delft3D/source-analysis/delft3d_dflowfm_grid_utils.md,237,unstruc_display.F90,RESOLVED,src/engines_gpl/dflowfm/packages/dflowfm_kernel/src/dflowfm_utils/unstruc_display.F90,,0
models/Delft3D/source-analysis/delft3d_dflowfm_grid_utils.md,237,unstruc_shapefile.F90,RESOLVED,src/engines_gpl/dflowfm/packages/dflowfm_kernel/src/dflowfm_utils/unstruc_shapefile.F90,,0
models/Delft3D/source-analysis/delft3d_dflowfm_grid_utils.md,286,gridtonet.f90,RESOLVED,src/engines_gpl/dflowfm/packages/dflowfm_kernel/src/dflowfm_rgf/gridtonet.f90,,0
models/Delft3D/source-analysis/delft3d_dflowfm_kernel_scheme.md,6,furu.f90,RESOLVED,src/engines_gpl/dflowfm/packages/dflowfm_kernel/src/dflowfm_kernel/compute/furu.f90,,0
models/Delft3D/source-analysis/delft3d_dflowfm_kernel_scheme.md,6,step_reduce_hydro.f90,RESOLVED,src/engines_gpl/dflowfm/packages/dflowfm_kernel/src/dflowfm_kernel/compute/step_reduce_hydro.f90,,0
models/Delft3D/source-analysis/delft3d_dflowfm_kernel_scheme.md,26,furu.f90,RESOLVED,src/engines_gpl/dflowfm/packages/dflowfm_kernel/src/dflowfm_kernel/compute/furu.f90,,0
models/Delft3D/source-analysis/delft3d_dflowfm_kernel_scheme.md,44,step_reduce_hydro.f90,RESOLVED,src/engines_gpl/dflowfm/packages/dflowfm_kernel/src/dflowfm_kernel/compute/step_reduce_hydro.f90,,0
models/Delft3D/source-analysis/delft3d_dflowfm_kernel_scheme.md,53,m_flowparameters.f90:851,RESOLVED,src/engines_gpl/dflowfm/packages/dflowfm_kernel/src/dflowfm_data/m_flowparameters.f90,851-851,1
models/Delft3D/source-analysis/delft3d_dflowfm_kernel_scheme.md,53,unstruc_model.f90:1209,RESOLVED,src/engines_gpl/dflowfm/packages/dflowfm_kernel/src/dflowfm_data/unstruc_model.f90,1209-1209,1
models/Delft3D/source-analysis/delft3d_dflowfm_kernel_scheme.md,53,flow_geominit.f90:958,RESOLVED,src/engines_gpl/dflowfm/packages/dflowfm_kernel/src/dflowfm_kernel/prepost/flow_geominit.f90,958-958,1
models/Delft3D/source-analysis/delft3d_dflowfm_kernel_scheme.md,53,ini_transport.f90:160,RESOLVED,src/engines_gpl/dflowfm/packages/dflowfm_kernel/src/dflowfm_kernel/compute_transport/ini_transport.f90,160-160,1
models/Delft3D/source-analysis/delft3d_dflowfm_kernel_scheme.md,69,transport.f90,RESOLVED,src/engines_gpl/dflowfm/packages/dflowfm_kernel/src/dflowfm_kernel/compute/transport.f90,,0
models/Delft3D/source-analysis/delft3d_dflowfm_mdu_input.md,5,src/engines_gpl/dflowfm/packages/dflowfm_kernel/src/dflowfm_data/unstruc_model.f90,RESOLVED,src/engines_gpl/dflowfm/packages/dflowfm_kernel/src/dflowfm_data/unstruc_model.f90,,0
models/Delft3D/source-analysis/delft3d_dflowfm_mdu_input.md,19,src/engines_gpl/dflowfm/packages/dflowfm_kernel/src/dflowfm_data/unstruc_model.f90,RESOLVED,src/engines_gpl/dflowfm/packages/dflowfm_kernel/src/dflowfm_data/unstruc_model.f90,,0
models/Delft3D/source-analysis/delft3d_dflowfm_mdu_input.md,104,unstruc_model.f90,RESOLVED,src/engines_gpl/dflowfm/packages/dflowfm_kernel/src/dflowfm_data/unstruc_model.f90,,0
models/Delft3D/source-analysis/delft3d_dflowfm_mdu_input.md,137,engines_gpl/dflowfm/packages/dflowfm_kernel/src/dflowfm_data/unstruc_model.f90,RESOLVED,src/engines_gpl/dflowfm/packages/dflowfm_kernel/src/dflowfm_data/unstruc_model.f90,,0
models/Delft3D/source-analysis/delft3d_dflowfm_mdu_input.md,157,unstruc_model.f90,RESOLVED,src/engines_gpl/dflowfm/packages/dflowfm_kernel/src/dflowfm_data/unstruc_model.f90,,0
models/Delft3D/source-analysis/delft3d_dflowfm_mdu_input.md,157,github.com/Deltares/Delft3D/blob/fm/bugfix/UNST-9952_fix_time_reading_from_mdu/src/engines_gpl/dflowfm/packages/dflowfm_kernel/src/dflowfm_data/unstruc_model.f90,RESOLVED,src/engines_gpl/dflowfm/packages/dflowfm_kernel/src/dflowfm_data/unstruc_model.f90,,0
models/Delft3D/source-analysis/delft3d_dflowfm_prepost.md,7,flow_geominit.f90,RESOLVED,src/engines_gpl/dflowfm/packages/dflowfm_kernel/src/dflowfm_kernel/prepost/flow_geominit.f90,,0
models/Delft3D/source-analysis/delft3d_dflowfm_prepost.md,7,makenetnodescoding.f90,RESOLVED,src/engines_gpl/dflowfm/packages/dflowfm_kernel/src/dflowfm_kernel/prepost/makenetnodescoding.f90,,0
models/Delft3D/source-analysis/delft3d_dflowfm_prepost.md,7,partition_write_domains.f90,RESOLVED,src/engines_gpl/dflowfm/packages/dflowfm_kernel/src/dflowfm_kernel/prepost/partition_write_domains.f90,,0
models/Delft3D/source-analysis/delft3d_dflowfm_prepost.md,7,find1dcells.f90,RESOLVED,src/engines_gpl/dflowfm/packages/dflowfm_kernel/src/dflowfm_kernel/prepost/find1dcells.f90,,0
models/Delft3D/source-analysis/delft3d_dflowfm_prepost.md,7,setbobs.f90,RESOLVED,src/engines_gpl/dflowfm/packages/dflowfm_kernel/src/dflowfm_kernel/prepost/setbobs.f90,,0
models/Delft3D/source-analysis/delft3d_dflowfm_prepost.md,32,flow_geominit.f90:308-310,RESOLVED,src/engines_gpl/dflowfm/packages/dflowfm_kernel/src/dflowfm_kernel/prepost/flow_geominit.f90,308-310,3
models/Delft3D/source-analysis/delft3d_dflowfm_prepost.md,36,flow_geominit.f90:70,RESOLVED,src/engines_gpl/dflowfm/packages/dflowfm_kernel/src/dflowfm_kernel/prepost/flow_geominit.f90,70-70,1
models/Delft3D/source-analysis/delft3d_dflowfm_prepost.md,100,makenetnodescoding.f90:38,RESOLVED,src/engines_gpl/dflowfm/packages/dflowfm_kernel/src/dflowfm_kernel/prepost/makenetnodescoding.f90,38-38,1
models/Delft3D/source-analysis/delft3d_dflowfm_prepost.md,120,partition_write_domains.f90:47,RESOLVED,src/engines_gpl/dflowfm/packages/dflowfm_kernel/src/dflowfm_kernel/prepost/partition_write_domains.f90,47-47,1
models/Delft3D/source-analysis/delft3d_dflowfm_prepost.md,137,find1dcells.f90:51,RESOLVED,src/engines_gpl/dflowfm/packages/dflowfm_kernel/src/dflowfm_kernel/prepost/find1dcells.f90,51-51,1
models/Delft3D/source-analysis/delft3d_dflowfm_prepost.md,141,setbobs.f90:39,RESOLVED,src/engines_gpl/dflowfm/packages/dflowfm_kernel/src/dflowfm_kernel/prepost/setbobs.f90,39-39,1
models/Delft3D/source-analysis/delft3d_dflowfm_prepost.md,157,cutcell_list.f90,RESOLVED,src/engines_gpl/dflowfm/packages/dflowfm_kernel/src/dflowfm_kernel/prepost/cutcell_list.f90,,0
models/Delft3D/source-analysis/delft3d_dflowfm_prepost.md,157,m_cellmask_from_polygon_set.f90,RESOLVED,src/engines_gpl/dflowfm/packages/dflowfm_kernel/src/dflowfm_kernel/prepost/m_cellmask_from_polygon_set.f90,,0
models/Delft3D/source-analysis/delft3d_dflowfm_prepost.md,157,delete_drypoints_from_netgeom.f90,RESOLVED,src/engines_gpl/dflowfm/packages/dflowfm_kernel/src/dflowfm_kernel/prepost/delete_drypoints_from_netgeom.f90,,0
models/Delft3D/source-analysis/delft3d_dflowfm_prepost.md,158,setlinktocenterweights.f90,RESOLVED,src/engines_gpl/dflowfm/packages/dflowfm_kernel/src/dflowfm_kernel/prepost/setlinktocenterweights.f90,,0
models/Delft3D/source-analysis/delft3d_dflowfm_prepost.md,159,thindams_on_netgeom.f90,RESOLVED,src/engines_gpl/dflowfm/packages/dflowfm_kernel/src/dflowfm_kernel/prepost/thindams_on_netgeom.f90,,0
models/Delft3D/source-analysis/delft3d_dflowfm_prepost.md,159,m_obs_on_flowgeom.f90,RESOLVED,src/engines_gpl/dflowfm/packages/dflowfm_kernel/src/dflowfm_kernel/prepost/m_obs_on_flowgeom.f90,,0
models/Delft3D/source-analysis/delft3d_dflowfm_prepost.md,159,find_netcells_for_structures.f90,RESOLVED,src/engines_gpl/dflowfm/packages/dflowfm_kernel/src/dflowfm_kernel/prepost/find_netcells_for_structures.f90,,0
models/Delft3D/source-analysis/delft3d_dflowfm_prepost.md,160,setbobsonroofs.f90,RESOLVED,src/engines_gpl/dflowfm/packages/dflowfm_kernel/src/dflowfm_kernel/prepost/setbobsonroofs.f90,,0
models/Delft3D/source-analysis/delft3d_dflowfm_prepost.md,160,setbedlevelfromextfile.f90,RESOLVED,src/engines_gpl/dflowfm/packages/dflowfm_kernel/src/dflowfm_kernel/prepost/setbedlevelfromextfile.f90,,0
models/Delft3D/source-analysis/delft3d_dflowfm_prepost.md,161,inquire_flowgeom.f90,RESOLVED,src/engines_gpl/dflowfm/packages/dflowfm_kernel/src/dflowfm_kernel/prepost/inquire_flowgeom.f90,,0
models/Delft3D/source-analysis/delft3d_dflowfm_prepost.md,161,m_find_flownode.f90,RESOLVED,src/engines_gpl/dflowfm/packages/dflowfm_kernel/src/dflowfm_kernel/prepost/m_find_flownode.f90,,0
models/Delft3D/source-analysis/delft3d_dflowfm_transport_sediment.md,7,update_constituents.f90,RESOLVED,src/engines_gpl/dflowfm/packages/dflowfm_kernel/src/dflowfm_kernel/compute_transport/update_constituents.f90,,0
models/Delft3D/source-analysis/delft3d_dflowfm_transport_sediment.md,7,comp_fluxhor3d.f90,RESOLVED,src/engines_gpl/dflowfm/packages/dflowfm_kernel/src/dflowfm_kernel/compute_transport/comp_fluxhor3d.f90,,0
models/Delft3D/source-analysis/delft3d_dflowfm_transport_sediment.md,7,solve_vertical.f90,RESOLVED,src/engines_gpl/dflowfm/packages/dflowfm_kernel/src/dflowfm_kernel/compute_transport/solve_vertical.f90,,0
models/Delft3D/source-analysis/delft3d_dflowfm_transport_sediment.md,7,ini_transport.f90,RESOLVED,src/engines_gpl/dflowfm/packages/dflowfm_kernel/src/dflowfm_kernel/compute_transport/ini_transport.f90,,0
models/Delft3D/source-analysis/delft3d_dflowfm_transport_sediment.md,7,m_fm_bott3d.f90,RESOLVED,src/engines_gpl/dflowfm/packages/dflowfm_kernel/src/dflowfm_kernel/compute_sediment/m_fm_bott3d.f90,,0
models/Delft3D/source-analysis/delft3d_dflowfm_transport_sediment.md,7,fm_upwbed.f90,RESOLVED,src/engines_gpl/dflowfm/packages/dflowfm_kernel/src/dflowfm_kernel/compute_sediment/fm_upwbed.f90,,0
models/Delft3D/source-analysis/delft3d_dflowfm_transport_sediment.md,7,fm_erosed.f90,RESOLVED,src/engines_gpl/dflowfm/packages/dflowfm_kernel/src/dflowfm_kernel/compute_sediment/fm_erosed.f90,,0
models/Delft3D/source-analysis/delft3d_dflowfm_transport_sediment.md,7,fill_constituents.f90,RESOLVED,src/engines_gpl/dflowfm/packages/dflowfm_kernel/src/dflowfm_kernel/compute_transport/fill_constituents.f90,,0
models/Delft3D/source-analysis/delft3d_dflowfm_transport_sediment.md,30,compute_transport/update_constituents.f90,RESOLVED,src/engines_gpl/dflowfm/packages/dflowfm_kernel/src/dflowfm_kernel/compute_transport/update_constituents.f90,,0
models/Delft3D/source-analysis/delft3d_dflowfm_transport_sediment.md,37,update_constituents.f90:63-70,RESOLVED,src/engines_gpl/dflowfm/packages/dflowfm_kernel/src/dflowfm_kernel/compute_transport/update_constituents.f90,63-70,8
models/Delft3D/source-analysis/delft3d_dflowfm_transport_sediment.md,43,update_constituents.f90:149,RESOLVED,src/engines_gpl/dflowfm/packages/dflowfm_kernel/src/dflowfm_kernel/compute_transport/update_constituents.f90,149-149,1
models/Delft3D/source-analysis/delft3d_dflowfm_transport_sediment.md,56,update_constituents.f90:194-241,RESOLVED,src/engines_gpl/dflowfm/packages/dflowfm_kernel/src/dflowfm_kernel/compute_transport/update_constituents.f90,194-241,48
models/Delft3D/source-analysis/delft3d_dflowfm_transport_sediment.md,62,compute_transport/comp_fluxhor3d.f90,RESOLVED,src/engines_gpl/dflowfm/packages/dflowfm_kernel/src/dflowfm_kernel/compute_transport/comp_fluxhor3d.f90,,0
models/Delft3D/source-analysis/delft3d_dflowfm_transport_sediment.md,62,comp_fluxhor3d.f90:33,RESOLVED,src/engines_gpl/dflowfm/packages/dflowfm_kernel/src/dflowfm_kernel/compute_transport/comp_fluxhor3d.f90,33-33,1
models/Delft3D/source-analysis/delft3d_dflowfm_transport_sediment.md,67,comp_fluxhor3d.f90:208,RESOLVED,src/engines_gpl/dflowfm/packages/dflowfm_kernel/src/dflowfm_kernel/compute_transport/comp_fluxhor3d.f90,208-208,1
models/Delft3D/source-analysis/delft3d_dflowfm_transport_sediment.md,75,comp_fluxhor3d.f90:288-302,RESOLVED,src/engines_gpl/dflowfm/packages/dflowfm_kernel/src/dflowfm_kernel/compute_transport/comp_fluxhor3d.f90,288-302,15
models/Delft3D/source-analysis/delft3d_dflowfm_transport_sediment.md,85,comp_fluxhor3d.f90:314-410,RESOLVED,src/engines_gpl/dflowfm/packages/dflowfm_kernel/src/dflowfm_kernel/compute_transport/comp_fluxhor3d.f90,314-410,97
models/Delft3D/source-analysis/delft3d_dflowfm_transport_sediment.md,119,compute_transport/solve_vertical.f90,RESOLVED,src/engines_gpl/dflowfm/packages/dflowfm_kernel/src/dflowfm_kernel/compute_transport/solve_vertical.f90,,0
models/Delft3D/source-analysis/delft3d_dflowfm_transport_sediment.md,149,ini_transport.f90:111-131,RESOLVED,src/engines_gpl/dflowfm/packages/dflowfm_kernel/src/dflowfm_kernel/compute_transport/ini_transport.f90,111-131,21
models/Delft3D/source-analysis/delft3d_dflowfm_transport_sediment.md,155,compute_transport/ini_transport.f90,RESOLVED,src/engines_gpl/dflowfm/packages/dflowfm_kernel/src/dflowfm_kernel/compute_transport/ini_transport.f90,,0
models/Delft3D/source-analysis/delft3d_dflowfm_transport_sediment.md,162,fill_constituents.f90,RESOLVED,src/engines_gpl/dflowfm/packages/dflowfm_kernel/src/dflowfm_kernel/compute_transport/fill_constituents.f90,,0
models/Delft3D/source-analysis/delft3d_dflowfm_transport_sediment.md,168,fill_constituents.f90:251-252,RESOLVED,src/engines_gpl/dflowfm/packages/dflowfm_kernel/src/dflowfm_kernel/compute_transport/fill_constituents.f90,251-252,2
models/Delft3D/source-analysis/delft3d_dflowfm_transport_sediment.md,173,fill_constituents.f90:246-256,RESOLVED,src/engines_gpl/dflowfm/packages/dflowfm_kernel/src/dflowfm_kernel/compute_transport/fill_constituents.f90,246-256,11
models/Delft3D/source-analysis/delft3d_dflowfm_transport_sediment.md,180,fm_erosed.f90:53-58,RESOLVED,src/engines_gpl/dflowfm/packages/dflowfm_kernel/src/dflowfm_kernel/compute_sediment/fm_erosed.f90,53-58,6
models/Delft3D/source-analysis/delft3d_dflowfm_transport_sediment.md,187,compute_sediment/fm_upwbed.f90,RESOLVED,src/engines_gpl/dflowfm/packages/dflowfm_kernel/src/dflowfm_kernel/compute_sediment/fm_upwbed.f90,,0
models/Delft3D/source-analysis/delft3d_dflowfm_transport_sediment.md,195,fm_upwbed.f90:133-146,RESOLVED,src/engines_gpl/dflowfm/packages/dflowfm_kernel/src/dflowfm_kernel/compute_sediment/fm_upwbed.f90,133-146,14
models/Delft3D/source-analysis/delft3d_dflowfm_transport_sediment.md,201,compute_sediment/m_fm_bott3d.f90,RESOLVED,src/engines_gpl/dflowfm/packages/dflowfm_kernel/src/dflowfm_kernel/compute_sediment/m_fm_bott3d.f90,,0
models/Delft3D/source-analysis/delft3d_dflowfm_transport_sediment.md,218,m_fm_bott3d.f90:1146,RESOLVED,src/engines_gpl/dflowfm/packages/dflowfm_kernel/src/dflowfm_kernel/compute_sediment/m_fm_bott3d.f90,1146-1146,1
models/Delft3D/source-analysis/delft3d_dflowfm_transport_sediment.md,263,compute_transport/doforester.f90,RESOLVED,src/engines_gpl/dflowfm/packages/dflowfm_kernel/src/dflowfm_kernel/compute_transport/doforester.f90,,0
models/Delft3D/source-analysis/delft3d_dflowfm_transport_sediment.md,265,compute_sediment/fm_fallve.f90,RESOLVED,src/engines_gpl/dflowfm/packages/dflowfm_kernel/src/dflowfm_kernel/compute_sediment/fm_fallve.f90,,0
models/Delft3D/source-analysis/delft3d_dflowfm_transport_sediment.md,269,compute_sediment/setucxucy_mor.f90,RESOLVED,src/engines_gpl/dflowfm/packages/dflowfm_kernel/src/dflowfm_kernel/compute_sediment/setucxucy_mor.f90,,0
models/Delft3D/source-analysis/delft3d_dflowfm_transport_sediment.md,270,compute_sediment/m_fm_morstatistics.f90,RESOLVED,src/engines_gpl/dflowfm/packages/dflowfm_kernel/src/dflowfm_kernel/compute_sediment/m_fm_morstatistics.f90,,0
models/Delft3D/source-analysis/delft3d_dflowfm_transport_sediment.md,272,compute_sediment/bermslopenudging.f90,RESOLVED,src/engines_gpl/dflowfm/packages/dflowfm_kernel/src/dflowfm_kernel/compute_sediment/bermslopenudging.f90,,0
models/Delft3D/source-analysis/delft3d_dflowfm_transport_sediment.md,272,duneaval.f90,RESOLVED,src/engines_gpl/dflowfm/packages/dflowfm_kernel/src/dflowfm_kernel/compute_sediment/duneaval.f90,,0
models/Delft3D/source-analysis/delft3d_dflowfm_transport_sediment.md,278,update_constituents.f90:63-70,RESOLVED,src/engines_gpl/dflowfm/packages/dflowfm_kernel/src/dflowfm_kernel/compute_transport/update_constituents.f90,63-70,8
models/Delft3D/source-analysis/delft3d_dflowfm_transport_sediment.md,278,ini_transport.f90:79-109,RESOLVED,src/engines_gpl/dflowfm/packages/dflowfm_kernel/src/dflowfm_kernel/compute_transport/ini_transport.f90,79-109,31
models/Delft3D/source-analysis/delft3d_dflowfm_transport_sediment.md,280,solve_vertical.f90,RESOLVED,src/engines_gpl/dflowfm/packages/dflowfm_kernel/src/dflowfm_kernel/compute_transport/solve_vertical.f90,,0
models/Delft3D/source-analysis/delft3d_dflowfm_transport_sediment.md,282,fill_constituents.f90:251-252,RESOLVED,src/engines_gpl/dflowfm/packages/dflowfm_kernel/src/dflowfm_kernel/compute_transport/fill_constituents.f90,251-252,2
models/Delft3D/source-analysis/delft3d_dflowfm_transport_sediment.md,282,fm_upwbed.f90,RESOLVED,src/engines_gpl/dflowfm/packages/dflowfm_kernel/src/dflowfm_kernel/compute_sediment/fm_upwbed.f90,,0
models/Delft3D/source-analysis/delft3d_dflowfm_waves.md,7,compute_wave_forcing_rhs.f90,RESOLVED,src/engines_gpl/dflowfm/packages/dflowfm_kernel/src/dflowfm_kernel/compute_waves/compute_wave_forcing_rhs.f90,,0
models/Delft3D/source-analysis/delft3d_dflowfm_waves.md,7,compute_wave_parameters.f90,RESOLVED,src/engines_gpl/dflowfm/packages/dflowfm_kernel/src/dflowfm_kernel/compute_waves/compute_wave_parameters.f90,,0
models/Delft3D/source-analysis/delft3d_dflowfm_waves.md,7,setwavfu.f90,RESOLVED,src/engines_gpl/dflowfm/packages/dflowfm_kernel/src/dflowfm_kernel/compute_waves/setwavfu.f90,,0
models/Delft3D/source-analysis/delft3d_dflowfm_waves.md,7,wave_comp_stokes_velocities.f90,RESOLVED,src/engines_gpl/dflowfm/packages/dflowfm_kernel/src/dflowfm_kernel/compute_waves/wave_comp_stokes_velocities.f90,,0
models/Delft3D/source-analysis/delft3d_dflowfm_waves.md,7,surfbeat/xbeachwaves.f90,RESOLVED,src/engines_gpl/dflowfm/packages/dflowfm_kernel/src/dflowfm_kernel/compute_waves/surfbeat/xbeachwaves.f90,,0
models/Delft3D/source-analysis/delft3d_dflowfm_waves.md,7,dflowfm_data/m_waveconst.f90,RESOLVED,src/engines_gpl/dflowfm/packages/dflowfm_kernel/src/dflowfm_data/m_waveconst.f90,,0
models/Delft3D/source-analysis/delft3d_dflowfm_waves.md,28,dflowfm_data/m_waveconst.f90,RESOLVED,src/engines_gpl/dflowfm/packages/dflowfm_kernel/src/dflowfm_data/m_waveconst.f90,,0
models/Delft3D/source-analysis/delft3d_dflowfm_waves.md,32,m_waveconst.f90:5,RESOLVED,src/engines_gpl/dflowfm/packages/dflowfm_kernel/src/dflowfm_data/m_waveconst.f90,5-5,1
models/Delft3D/source-analysis/delft3d_dflowfm_waves.md,33,m_waveconst.f90:6,RESOLVED,src/engines_gpl/dflowfm/packages/dflowfm_kernel/src/dflowfm_data/m_waveconst.f90,6-6,1
models/Delft3D/source-analysis/delft3d_dflowfm_waves.md,34,m_waveconst.f90:7,RESOLVED,src/engines_gpl/dflowfm/packages/dflowfm_kernel/src/dflowfm_data/m_waveconst.f90,7-7,1
models/Delft3D/source-analysis/delft3d_dflowfm_waves.md,35,m_waveconst.f90:8,RESOLVED,src/engines_gpl/dflowfm/packages/dflowfm_kernel/src/dflowfm_data/m_waveconst.f90,8-8,1
models/Delft3D/source-analysis/delft3d_dflowfm_waves.md,36,m_waveconst.f90:9,RESOLVED,src/engines_gpl/dflowfm/packages/dflowfm_kernel/src/dflowfm_data/m_waveconst.f90,9-9,1
models/Delft3D/source-analysis/delft3d_dflowfm_waves.md,37,m_waveconst.f90:10,RESOLVED,src/engines_gpl/dflowfm/packages/dflowfm_kernel/src/dflowfm_data/m_waveconst.f90,10-10,1
models/Delft3D/source-analysis/delft3d_dflowfm_waves.md,38,m_waveconst.f90:11,RESOLVED,src/engines_gpl/dflowfm/packages/dflowfm_kernel/src/dflowfm_data/m_waveconst.f90,11-11,1
models/Delft3D/source-analysis/delft3d_dflowfm_waves.md,40,m_waveconst.f90:18-21,RESOLVED,src/engines_gpl/dflowfm/packages/dflowfm_kernel/src/dflowfm_data/m_waveconst.f90,18-21,4
models/Delft3D/source-analysis/delft3d_dflowfm_waves.md,41,m_waveconst.f90:24-28,RESOLVED,src/engines_gpl/dflowfm/packages/dflowfm_kernel/src/dflowfm_data/m_waveconst.f90,24-28,5
models/Delft3D/source-analysis/delft3d_dflowfm_waves.md,45,compute_wave_forcing_rhs.f90,RESOLVED,src/engines_gpl/dflowfm/packages/dflowfm_kernel/src/dflowfm_kernel/compute_waves/compute_wave_forcing_rhs.f90,,0
models/Delft3D/source-analysis/delft3d_dflowfm_waves.md,47,compute_wave_forcing_rhs.f90:68-72,RESOLVED,src/engines_gpl/dflowfm/packages/dflowfm_kernel/src/dflowfm_kernel/compute_waves/compute_wave_forcing_rhs.f90,68-72,5
models/Delft3D/source-analysis/delft3d_dflowfm_waves.md,48,compute_wave_forcing_rhs.f90:75-81,RESOLVED,src/engines_gpl/dflowfm/packages/dflowfm_kernel/src/dflowfm_kernel/compute_waves/compute_wave_forcing_rhs.f90,75-81,7
models/Delft3D/source-analysis/delft3d_dflowfm_waves.md,49,compute_wave_forcing_rhs.f90:84-107,RESOLVED,src/engines_gpl/dflowfm/packages/dflowfm_kernel/src/dflowfm_kernel/compute_waves/compute_wave_forcing_rhs.f90,84-107,24
models/Delft3D/source-analysis/delft3d_dflowfm_waves.md,50,compute_wave_forcing_rhs.f90:110-114,RESOLVED,src/engines_gpl/dflowfm/packages/dflowfm_kernel/src/dflowfm_kernel/compute_waves/compute_wave_forcing_rhs.f90,110-114,5
models/Delft3D/source-analysis/delft3d_dflowfm_waves.md,52,compute_wave_parameters.f90,RESOLVED,src/engines_gpl/dflowfm/packages/dflowfm_kernel/src/dflowfm_kernel/compute_waves/compute_wave_parameters.f90,,0
models/Delft3D/source-analysis/delft3d_dflowfm_waves.md,52,compute_wave_parameters.f90:48,RESOLVED,src/engines_gpl/dflowfm/packages/dflowfm_kernel/src/dflowfm_kernel/compute_waves/compute_wave_parameters.f90,48-48,1
models/Delft3D/source-analysis/delft3d_dflowfm_waves.md,64,compute_wave_parameters.f90:105,RESOLVED,src/engines_gpl/dflowfm/packages/dflowfm_kernel/src/dflowfm_kernel/compute_waves/compute_wave_parameters.f90,105-105,1
models/Delft3D/source-analysis/delft3d_dflowfm_waves.md,64,compute_wave_parameters.f90:101,RESOLVED,src/engines_gpl/dflowfm/packages/dflowfm_kernel/src/dflowfm_kernel/compute_waves/compute_wave_parameters.f90,101-101,1
models/Delft3D/source-analysis/delft3d_dflowfm_waves.md,68,setwavfu.f90,RESOLVED,src/engines_gpl/dflowfm/packages/dflowfm_kernel/src/dflowfm_kernel/compute_waves/setwavfu.f90,,0
models/Delft3D/source-analysis/delft3d_dflowfm_waves.md,71,setwavfu.f90:83,RESOLVED,src/engines_gpl/dflowfm/packages/dflowfm_kernel/src/dflowfm_kernel/compute_waves/setwavfu.f90,83-83,1
models/Delft3D/source-analysis/delft3d_dflowfm_waves.md,71,setwavfu.f90:108,RESOLVED,src/engines_gpl/dflowfm/packages/dflowfm_kernel/src/dflowfm_kernel/compute_waves/setwavfu.f90,108-108,1
models/Delft3D/source-analysis/delft3d_dflowfm_waves.md,72,setwavfu.f90:99-127,RESOLVED,src/engines_gpl/dflowfm/packages/dflowfm_kernel/src/dflowfm_kernel/compute_waves/setwavfu.f90,99-127,29
models/Delft3D/source-analysis/delft3d_dflowfm_waves.md,72,setwavfu.f90:130-131,RESOLVED,src/engines_gpl/dflowfm/packages/dflowfm_kernel/src/dflowfm_kernel/compute_waves/setwavfu.f90,130-131,2
models/Delft3D/source-analysis/delft3d_dflowfm_waves.md,73,setwavfu.f90:159,RESOLVED,src/engines_gpl/dflowfm/packages/dflowfm_kernel/src/dflowfm_kernel/compute_waves/setwavfu.f90,159-159,1
models/Delft3D/source-analysis/delft3d_dflowfm_waves.md,73,setwavfu.f90:196-199,RESOLVED,src/engines_gpl/dflowfm/packages/dflowfm_kernel/src/dflowfm_kernel/compute_waves/setwavfu.f90,196-199,4
models/Delft3D/source-analysis/delft3d_dflowfm_waves.md,74,setwavfu.f90:71-81,RESOLVED,src/engines_gpl/dflowfm/packages/dflowfm_kernel/src/dflowfm_kernel/compute_waves/setwavfu.f90,71-81,11
models/Delft3D/source-analysis/delft3d_dflowfm_waves.md,79,wave_comp_stokes_velocities.f90,RESOLVED,src/engines_gpl/dflowfm/packages/dflowfm_kernel/src/dflowfm_kernel/compute_waves/wave_comp_stokes_velocities.f90,,0
models/Delft3D/source-analysis/delft3d_dflowfm_waves.md,80,wave_comp_stokes_velocities.f90:81,RESOLVED,src/engines_gpl/dflowfm/packages/dflowfm_kernel/src/dflowfm_kernel/compute_waves/wave_comp_stokes_velocities.f90,81-81,1
models/Delft3D/source-analysis/delft3d_dflowfm_waves.md,81,wave_comp_stokes_velocities.f90:104-109,RESOLVED,src/engines_gpl/dflowfm/packages/dflowfm_kernel/src/dflowfm_kernel/compute_waves/wave_comp_stokes_velocities.f90,104-109,6
models/Delft3D/source-analysis/delft3d_dflowfm_waves.md,82,wave_comp_stokes_velocities.f90:117-118,RESOLVED,src/engines_gpl/dflowfm/packages/dflowfm_kernel/src/dflowfm_kernel/compute_waves/wave_comp_stokes_velocities.f90,117-118,2
models/Delft3D/source-analysis/delft3d_dflowfm_waves.md,85,compute_wave_parameters.f90:86-88,RESOLVED,src/engines_gpl/dflowfm/packages/dflowfm_kernel/src/dflowfm_kernel/compute_waves/compute_wave_parameters.f90,86-88,3
models/Delft3D/source-analysis/delft3d_dflowfm_waves.md,90,compute_wave_parameters.f90:176-179,RESOLVED,src/engines_gpl/dflowfm/packages/dflowfm_kernel/src/dflowfm_kernel/compute_waves/compute_wave_parameters.f90,176-179,4
models/Delft3D/source-analysis/delft3d_dflowfm_waves.md,94,compute_wave_forcing_rhs.f90:70,RESOLVED,src/engines_gpl/dflowfm/packages/dflowfm_kernel/src/dflowfm_kernel/compute_waves/compute_wave_forcing_rhs.f90,70-70,1
models/Delft3D/source-analysis/delft3d_dflowfm_waves.md,124,tauwavefetch.f90,RESOLVED,src/engines_gpl/dflowfm/packages/dflowfm_kernel/src/dflowfm_kernel/compute_waves/tauwavefetch.f90,,0
models/Delft3D/source-analysis/delft3d_dflowfm_waves.md,128,xbeachwaves.f90,RESOLVED,src/engines_gpl/dflowfm/packages/dflowfm_kernel/src/dflowfm_kernel/compute_waves/surfbeat/xbeachwaves.f90,,0
models/Delft3D/source-analysis/delft3d_dflowfm_waves.md,128,xbeachwaves.f90:33,RESOLVED,src/engines_gpl/dflowfm/packages/dflowfm_kernel/src/dflowfm_kernel/compute_waves/surfbeat/xbeachwaves.f90,33-33,1
models/Delft3D/source-analysis/delft3d_dflowfm_waves.md,128,xbeachwaves.f90:41-42,RESOLVED,src/engines_gpl/dflowfm/packages/dflowfm_kernel/src/dflowfm_kernel/compute_waves/surfbeat/xbeachwaves.f90,41-42,2
models/Delft3D/source-analysis/delft3d_dflowfm_waves.md,131,xbeachwaves.f90:3217,RESOLVED,src/engines_gpl/dflowfm/packages/dflowfm_kernel/src/dflowfm_kernel/compute_waves/surfbeat/xbeachwaves.f90,3217-3217,1
models/Delft3D/source-analysis/delft3d_dflowfm_waves.md,137,xbeachwaves.f90:876,RESOLVED,src/engines_gpl/dflowfm/packages/dflowfm_kernel/src/dflowfm_kernel/compute_waves/surfbeat/xbeachwaves.f90,876-876,1
models/Delft3D/source-analysis/delft3d_dflowfm_waves.md,148,xbeachwaves.f90:2222,RESOLVED,src/engines_gpl/dflowfm/packages/dflowfm_kernel/src/dflowfm_kernel/compute_waves/surfbeat/xbeachwaves.f90,2222-2222,1
models/Delft3D/source-analysis/delft3d_dflowfm_waves.md,154,xbeachwaves.f90:1306,RESOLVED,src/engines_gpl/dflowfm/packages/dflowfm_kernel/src/dflowfm_kernel/compute_waves/surfbeat/xbeachwaves.f90,1306-1306,1
models/Delft3D/source-analysis/delft3d_dflowfm_waves.md,161,xbeachwaves.f90:6040,RESOLVED,src/engines_gpl/dflowfm/packages/dflowfm_kernel/src/dflowfm_kernel/compute_waves/surfbeat/xbeachwaves.f90,6040-6040,1
models/Delft3D/source-analysis/delft3d_dflowfm_waves.md,167,xbeach_math_tools.F90,RESOLVED,src/engines_gpl/dflowfm/packages/dflowfm_kernel/src/dflowfm_kernel/compute_waves/surfbeat/xbeach_math_tools.F90,,0
models/Delft3D/source-analysis/delft3d_dflowfm_waves.md,175,wave_fillsurdis.f90,RESOLVED,src/engines_gpl/dflowfm/packages/dflowfm_kernel/src/dflowfm_kernel/compute_waves/wave_fillsurdis.f90,,0
models/Delft3D/source-analysis/delft3d_dflowfm_waves.md,176,wave_shear_velocity.f90,RESOLVED,src/engines_gpl/dflowfm/packages/dflowfm_kernel/src/dflowfm_kernel/compute_waves/wave_shear_velocity.f90,,0
models/Delft3D/source-analysis/delft3d_dflowfm_waves.md,176,compute_wave_parameters.f90:86,RESOLVED,src/engines_gpl/dflowfm/packages/dflowfm_kernel/src/dflowfm_kernel/compute_waves/compute_wave_parameters.f90,86-86,1
models/Delft3D/source-analysis/delft3d_dflowfm_waves.md,177,compute_wave_forcing_rhs.f90:117-123,RESOLVED,src/engines_gpl/dflowfm/packages/dflowfm_kernel/src/dflowfm_kernel/compute_waves/compute_wave_forcing_rhs.f90,117-123,7
models/Delft3D/source-analysis/delft3d_dflowfm_waves.md,182,setwavfu.f90:159,RESOLVED,src/engines_gpl/dflowfm/packages/dflowfm_kernel/src/dflowfm_kernel/compute_waves/setwavfu.f90,159-159,1
models/Delft3D/source-analysis/delft3d_dredge_dump.md,20,"utils_gpl/morphology/packages/morphology_kernel/src/dredge.f90:30-37, 99-126, 176-1655",RESOLVED,src/utils_gpl/morphology/packages/morphology_kernel/src/dredge.f90,30-37;99-126;176-1655,1516
models/Delft3D/source-analysis/delft3d_dredge_dump.md,21,flow2d3d/packages/flow2d3d_kernel/src/compute_sediment/dredge_d3d4.f90:1-137,RESOLVED,src/engines_gpl/flow2d3d/packages/flow2d3d_kernel/src/compute_sediment/dredge_d3d4.f90,1-137,137
models/Delft3D/source-analysis/delft3d_dredge_dump.md,23,flow2d3d/packages/flow2d3d_kernel/src/main/bott3d.f90:775-1285,RESOLVED,src/engines_gpl/flow2d3d/packages/flow2d3d_kernel/src/compute_sediment/bott3d.f90,775-1285,511
models/Delft3D/source-analysis/delft3d_dredge_dump.md,23,z_bott3d.f90:1264-1267,RESOLVED,src/engines_gpl/flow2d3d/packages/flow2d3d_kernel/src/compute_sediment/z_bott3d.f90,1264-1267,4
models/Delft3D/source-analysis/delft3d_dredge_dump.md,35,utils_gpl/morphology/packages/morphology_kernel/src/dredge.f90,RESOLVED,src/utils_gpl/morphology/packages/morphology_kernel/src/dredge.f90,,0
models/Delft3D/source-analysis/delft3d_dredge_dump.md,36,flow2d3d/packages/flow2d3d_kernel/src/compute_sediment/dredge_d3d4.f90,RESOLVED,src/engines_gpl/flow2d3d/packages/flow2d3d_kernel/src/compute_sediment/dredge_d3d4.f90,,0
models/Delft3D/source-analysis/delft3d_dredge_dump.md,40,bott3d.f90:1282-1285,RESOLVED,src/engines_gpl/flow2d3d/packages/flow2d3d_kernel/src/compute_sediment/bott3d.f90,1282-1285,4
models/Delft3D/source-analysis/delft3d_dredge_dump.md,41,z_bott3d.f90:1264-1267,RESOLVED,src/engines_gpl/flow2d3d/packages/flow2d3d_kernel/src/compute_sediment/z_bott3d.f90,1264-1267,4
models/Delft3D/source-analysis/delft3d_dredge_dump.md,53,dredge.f90:176-180,RESOLVED,src/utils_gpl/morphology/packages/morphology_kernel/src/dredge.f90,176-180,5
models/Delft3D/source-analysis/delft3d_dredge_dump.md,62,dredge.f90:514-551,RESOLVED,src/utils_gpl/morphology/packages/morphology_kernel/src/dredge.f90,514-551,38
models/Delft3D/source-analysis/delft3d_dredge_dump.md,68,dredge.f90:514-645,RESOLVED,src/utils_gpl/morphology/packages/morphology_kernel/src/dredge.f90,514-645,132
models/Delft3D/source-analysis/delft3d_dredge_dump.md,73,dredge.f90:375-379,RESOLVED,src/utils_gpl/morphology/packages/morphology_kernel/src/dredge.f90,375-379,5
models/Delft3D/source-analysis/delft3d_dredge_dump.md,80,dredge.f90:1154-1159,RESOLVED,src/utils_gpl/morphology/packages/morphology_kernel/src/dredge.f90,1154-1159,6
models/Delft3D/source-analysis/delft3d_dredge_dump.md,84,bott3d.f90:775-776,RESOLVED,src/engines_gpl/flow2d3d/packages/flow2d3d_kernel/src/compute_sediment/bott3d.f90,775-776,2
models/Delft3D/source-analysis/delft3d_dredge_dump.md,90,dredge.f90:1184-1187,RESOLVED,src/utils_gpl/morphology/packages/morphology_kernel/src/dredge.f90,1184-1187,4
models/Delft3D/source-analysis/delft3d_dredge_dump.md,116,dredge.f90:1275-1279,RESOLVED,src/utils_gpl/morphology/packages/morphology_kernel/src/dredge.f90,1275-1279,5
models/Delft3D/source-analysis/delft3d_dredge_dump.md,132,bott3d.f90:1027-1088,RESOLVED,src/engines_gpl/flow2d3d/packages/flow2d3d_kernel/src/compute_sediment/bott3d.f90,1027-1088,62
models/Delft3D/source-analysis/delft3d_dredge_dump.md,137,dredge_d3d4.f90:121-137,RESOLVED,src/engines_gpl/flow2d3d/packages/flow2d3d_kernel/src/compute_sediment/dredge_d3d4.f90,121-137,17
models/Delft3D/source-analysis/delft3d_dredge_dump.md,143,dredge.f90:99-126,RESOLVED,src/utils_gpl/morphology/packages/morphology_kernel/src/dredge.f90,99-126,28
models/Delft3D/source-analysis/delft3d_dredge_dump.md,149,dredge.f90:37-40,RESOLVED,src/utils_gpl/morphology/packages/morphology_kernel/src/dredge.f90,37-40,4
models/Delft3D/source-analysis/delft3d_dredge_dump.md,159,dredge.f90:1184-1187,RESOLVED,src/utils_gpl/morphology/packages/morphology_kernel/src/dredge.f90,1184-1187,4
models/Delft3D/source-analysis/delft3d_flow2d3d_inichk_general.md,31,inchkr.f90:36,RESOLVED,src/engines_gpl/flow2d3d/packages/flow2d3d_kernel/src/inichk/inchkr.f90,36-36,1
models/Delft3D/source-analysis/delft3d_flow2d3d_inichk_general.md,91,inchkr.f90,RESOLVED,src/engines_gpl/flow2d3d/packages/flow2d3d_kernel/src/inichk/inchkr.f90,,0
models/Delft3D/source-analysis/delft3d_flow2d3d_inichk_general.md,91,inchkr.f90:747,RESOLVED,src/engines_gpl/flow2d3d/packages/flow2d3d_kernel/src/inichk/inchkr.f90,747-747,1
models/Delft3D/source-analysis/delft3d_flow2d3d_inichk_general.md,110,inchkr.f90:35-37,RESOLVED,src/engines_gpl/flow2d3d/packages/flow2d3d_kernel/src/inichk/inchkr.f90,35-37,3
models/Delft3D/source-analysis/delft3d_flow2d3d_inichk_general.md,170,inchkr.f90:36,RESOLVED,src/engines_gpl/flow2d3d/packages/flow2d3d_kernel/src/inichk/inchkr.f90,36-36,1
models/Delft3D/source-analysis/delft3d_flow2d3d_io.md,7,output/wrh_main.f90,RESOLVED,src/engines_gpl/flow2d3d/packages/flow2d3d_io/src/output/wrh_main.f90,,0
models/Delft3D/source-analysis/delft3d_flow2d3d_io.md,162,output/wrh_main.f90:33,RESOLVED,src/engines_gpl/flow2d3d/packages/flow2d3d_io/src/output/wrh_main.f90,33-33,1
models/Delft3D/source-analysis/delft3d_flow2d3d_io.md,162,output/wrh_main.f90:329-330,RESOLVED,src/engines_gpl/flow2d3d/packages/flow2d3d_io/src/output/wrh_main.f90,329-330,2
models/Delft3D/source-analysis/delft3d_flow2d3d_io.md,167,output/wrh_main.f90:365-368,RESOLVED,src/engines_gpl/flow2d3d/packages/flow2d3d_io/src/output/wrh_main.f90,365-368,4
models/Delft3D/source-analysis/delft3d_flow2d3d_io.md,173,output/wrh_main.f90:371-373,RESOLVED,src/engines_gpl/flow2d3d/packages/flow2d3d_io/src/output/wrh_main.f90,371-373,3
models/Delft3D/source-analysis/delft3d_flow2d3d_io.md,174,output/wrh_main.f90:382-387,RESOLVED,src/engines_gpl/flow2d3d/packages/flow2d3d_io/src/output/wrh_main.f90,382-387,6
models/Delft3D/source-analysis/delft3d_flow2d3d_io.md,175,output/wrh_main.f90:392-405,RESOLVED,src/engines_gpl/flow2d3d/packages/flow2d3d_io/src/output/wrh_main.f90,392-405,14
models/Delft3D/source-analysis/delft3d_flow2d3d_io.md,177,output/wrh_main.f90,RESOLVED,src/engines_gpl/flow2d3d/packages/flow2d3d_io/src/output/wrh_main.f90,,0
models/Delft3D/source-analysis/delft3d_flow2d3d_io.md,177,output/wrh_main.f90:527-529,RESOLVED,src/engines_gpl/flow2d3d/packages/flow2d3d_io/src/output/wrh_main.f90,527-529,3
models/Delft3D/source-analysis/delft3d_flow2d3d_io.md,207,output/wrh_main.f90:329-534,RESOLVED,src/engines_gpl/flow2d3d/packages/flow2d3d_io/src/output/wrh_main.f90,329-534,206
models/Delft3D/source-analysis/delft3d_flow_compute_aux.md,31,trtrou.f90,RESOLVED_BY_SCOPE,src/engines_gpl/flow2d3d/packages/flow2d3d_kernel/src/compute/trtrou.f90,,0
models/Delft3D/source-analysis/delft3d_fm_compute_aux.md,6,advec.f90,RESOLVED,src/engines_gpl/dflowfm/packages/dflowfm_kernel/src/dflowfm_kernel/compute/advec.f90,,0
models/Delft3D/source-analysis/delft3d_fm_compute_aux.md,6,setucxucyucxuucyunew.f90,RESOLVED,src/engines_gpl/dflowfm/packages/dflowfm_kernel/src/dflowfm_kernel/compute/setucxucyucxuucyunew.f90,,0
models/Delft3D/source-analysis/delft3d_fm_compute_aux.md,6,setucxcuy_leastsquare/volume_table.f90,RESOLVED,src/engines_gpl/dflowfm/packages/dflowfm_kernel/src/dflowfm_kernel/compute/volume_table.f90,,0
models/Delft3D/source-analysis/delft3d_fm_compute_aux.md,23,advec.f90,RESOLVED,src/engines_gpl/dflowfm/packages/dflowfm_kernel/src/dflowfm_kernel/compute/advec.f90,,0
models/Delft3D/source-analysis/delft3d_fm_compute_aux.md,25,setucxucyucxuucyunew.f90,RESOLVED,src/engines_gpl/dflowfm/packages/dflowfm_kernel/src/dflowfm_kernel/compute/setucxucyucxuucyunew.f90,,0
models/Delft3D/source-analysis/delft3d_fm_compute_aux.md,29,volume_table.f90,RESOLVED,src/engines_gpl/dflowfm/packages/dflowfm_kernel/src/dflowfm_kernel/compute/volume_table.f90,,0
models/Delft3D/source-analysis/delft3d_fm_compute_aux.md,30,set_kbot_ktop.f90,RESOLVED,src/engines_gpl/dflowfm/packages/dflowfm_kernel/src/dflowfm_kernel/compute/set_kbot_ktop.f90,,0
models/Delft3D/source-analysis/delft3d_fm_compute_aux.md,34,structure_parameters.f90,RESOLVED,src/engines_gpl/dflowfm/packages/dflowfm_kernel/src/dflowfm_kernel/compute/structure_parameters.f90,,0
models/Delft3D/source-analysis/delft3d_fm_compute_aux.md,35,m_longculverts.f90,RESOLVED,src/engines_gpl/dflowfm/packages/dflowfm_kernel/src/dflowfm_kernel/compute/m_longculverts.f90,,0
models/Delft3D/source-analysis/delft3d_fm_compute_aux.md,36,m_dambreak_breach_submodule.f90,RESOLVED,src/engines_gpl/dflowfm/packages/dflowfm_kernel/src/dflowfm_kernel/compute/m_dambreak_breach_submodule.f90,,0
models/Delft3D/source-analysis/delft3d_fm_compute_aux.md,40,update_verticalprofiles.f90,RESOLVED,src/engines_gpl/dflowfm/packages/dflowfm_kernel/src/dflowfm_kernel/compute/update_verticalprofiles.f90,,0
models/Delft3D/source-analysis/delft3d_fm_compute_aux.md,42,oned_functions.f90,RESOLVED,src/engines_gpl/dflowfm/packages/dflowfm_kernel/src/dflowfm_kernel/compute/oned_functions.f90,,0
models/Delft3D/source-analysis/delft3d_forfil_forester_filter.md,21,"trisol.f90:2104,3177",RESOLVED,src/engines_gpl/flow2d3d/packages/flow2d3d_kernel/src/main/trisol.f90,2104-2104;3177-3177,2
models/Delft3D/source-analysis/delft3d_forfil_forester_filter.md,21,"z_trisol.f90:1774,2616",RESOLVED,src/engines_gpl/flow2d3d/packages/flow2d3d_kernel/src/main/z_trisol.f90,1774-1774;2616-2616,2
models/Delft3D/source-analysis/delft3d_forfil_forester_filter.md,21,doforester.f90,RESOLVED,src/engines_gpl/dflowfm/packages/dflowfm_kernel/src/dflowfm_kernel/compute_transport/doforester.f90,,0
models/Delft3D/source-analysis/delft3d_heat.md,21,main/z_trisol.f90:1159-1604,RESOLVED,src/engines_gpl/flow2d3d/packages/flow2d3d_kernel/src/main/z_trisol.f90,1159-1604,446
models/Delft3D/source-analysis/delft3d_heat.md,40,z_trisol.f90:1159,RESOLVED,src/engines_gpl/flow2d3d/packages/flow2d3d_kernel/src/main/z_trisol.f90,1159-1159,1
models/Delft3D/source-analysis/delft3d_sediment_morphology.md,7,erosed.f90,RESOLVED,src/engines_gpl/flow2d3d/packages/flow2d3d_kernel/src/compute_sediment/erosed.f90,,0
models/Delft3D/source-analysis/delft3d_sediment_morphology.md,7,bott3d.f90,RESOLVED,src/engines_gpl/flow2d3d/packages/flow2d3d_kernel/src/compute_sediment/bott3d.f90,,0
models/Delft3D/source-analysis/delft3d_sediment_morphology.md,26,erosed.f90,RESOLVED,src/engines_gpl/flow2d3d/packages/flow2d3d_kernel/src/compute_sediment/erosed.f90,,0
models/Delft3D/source-analysis/delft3d_sediment_morphology.md,27,z_erosed.f90,RESOLVED,src/engines_gpl/flow2d3d/packages/flow2d3d_kernel/src/compute_sediment/z_erosed.f90,,0
models/Delft3D/source-analysis/delft3d_sediment_morphology.md,28,bott3d.f90,RESOLVED,src/engines_gpl/flow2d3d/packages/flow2d3d_kernel/src/compute_sediment/bott3d.f90,,0
models/Delft3D/source-analysis/delft3d_sediment_morphology.md,29,z_bott3d.f90,RESOLVED,src/engines_gpl/flow2d3d/packages/flow2d3d_kernel/src/compute_sediment/z_bott3d.f90,,0
models/Delft3D/source-analysis/delft3d_sediment_morphology.md,32,morstatistics.f90,RESOLVED,src/engines_gpl/flow2d3d/packages/flow2d3d_kernel/src/compute_sediment/morstatistics.f90,,0
models/Delft3D/source-analysis/delft3d_sediment_morphology.md,37,dredge_d3d4.f90,RESOLVED,src/engines_gpl/flow2d3d/packages/flow2d3d_kernel/src/compute_sediment/dredge_d3d4.f90,,0
models/Delft3D/source-analysis/delft3d_sediment_morphology.md,38,d3d4_flocculate.f90,RESOLVED,src/engines_gpl/flow2d3d/packages/flow2d3d_kernel/src/compute_sediment/d3d4_flocculate.f90,,0
models/Delft3D/source-analysis/delft3d_sediment_morphology.md,43,erosed.f90:70-71,RESOLVED,src/engines_gpl/flow2d3d/packages/flow2d3d_kernel/src/compute_sediment/erosed.f90,70-71,2
models/Delft3D/source-analysis/delft3d_sediment_morphology.md,45,erosed.f90,RESOLVED,src/engines_gpl/flow2d3d/packages/flow2d3d_kernel/src/compute_sediment/erosed.f90,,0
models/Delft3D/source-analysis/delft3d_sediment_morphology.md,47,erosed.f90:46-58,RESOLVED,src/engines_gpl/flow2d3d/packages/flow2d3d_kernel/src/compute_sediment/erosed.f90,46-58,13
models/Delft3D/source-analysis/delft3d_sediment_morphology.md,78,bott3d.f90,RESOLVED,src/engines_gpl/flow2d3d/packages/flow2d3d_kernel/src/compute_sediment/bott3d.f90,,0
models/Delft3D/source-analysis/delft3d_sediment_morphology.md,80,bott3d.f90,RESOLVED,src/engines_gpl/flow2d3d/packages/flow2d3d_kernel/src/compute_sediment/bott3d.f90,,0
models/Delft3D/source-analysis/delft3d_sediment_morphology.md,94,erosed.f90:71,RESOLVED,src/engines_gpl/flow2d3d/packages/flow2d3d_kernel/src/compute_sediment/erosed.f90,71-71,1
models/Delft3D/source-analysis/delft3d_sediment_morphology.md,94,d3d4_flocculate.f90,RESOLVED,src/engines_gpl/flow2d3d/packages/flow2d3d_kernel/src/compute_sediment/d3d4_flocculate.f90,,0
models/Delft3D/source-analysis/delft3d_sediment_morphology.md,100,dredge_d3d4.f90,RESOLVED,src/engines_gpl/flow2d3d/packages/flow2d3d_kernel/src/compute_sediment/dredge_d3d4.f90,,0
models/Delft3D/source-analysis/delft3d_sediment_transport_formulae.md,7,erosilt.f90,RESOLVED,src/utils_gpl/morphology/packages/morphology_kernel/src/erosilt.f90,,0
models/Delft3D/source-analysis/delft3d_sediment_transport_formulae.md,7,eqtran.f90,RESOLVED,src/utils_gpl/morphology/packages/morphology_kernel/src/eqtran.f90,,0
models/Delft3D/source-analysis/delft3d_sediment_transport_formulae.md,7,compbsskin.f90,RESOLVED,src/utils_gpl/morphology/packages/morphology_kernel/src/compbsskin.f90,,0
models/Delft3D/source-analysis/delft3d_sediment_transport_formulae.md,7,erosed.f90:1074,RESOLVED,src/engines_gpl/flow2d3d/packages/flow2d3d_kernel/src/compute_sediment/erosed.f90,1074-1074,1
models/Delft3D/source-analysis/delft3d_sediment_transport_formulae.md,7,erosed.f90:1221,RESOLVED,src/engines_gpl/flow2d3d/packages/flow2d3d_kernel/src/compute_sediment/erosed.f90,1221-1221,1
models/Delft3D/source-analysis/delft3d_sediment_transport_formulae.md,7,erosed.f90:880,RESOLVED,src/engines_gpl/flow2d3d/packages/flow2d3d_kernel/src/compute_sediment/erosed.f90,880-880,1
models/Delft3D/source-analysis/delft3d_sediment_transport_formulae.md,22,erosilt.f90,RESOLVED,src/utils_gpl/morphology/packages/morphology_kernel/src/erosilt.f90,,0
models/Delft3D/source-analysis/delft3d_sediment_transport_formulae.md,24,erosed.f90:1074,RESOLVED,src/engines_gpl/flow2d3d/packages/flow2d3d_kernel/src/compute_sediment/erosed.f90,1074-1074,1
models/Delft3D/source-analysis/delft3d_sediment_transport_formulae.md,28,erosilt.f90:160,RESOLVED,src/utils_gpl/morphology/packages/morphology_kernel/src/erosilt.f90,160-160,1
models/Delft3D/source-analysis/delft3d_sediment_transport_formulae.md,81,eqtran.f90,RESOLVED,src/utils_gpl/morphology/packages/morphology_kernel/src/eqtran.f90,,0
models/Delft3D/source-analysis/delft3d_sediment_transport_formulae.md,83,erosed.f90:1221,RESOLVED,src/engines_gpl/flow2d3d/packages/flow2d3d_kernel/src/compute_sediment/erosed.f90,1221-1221,1
models/Delft3D/source-analysis/delft3d_sediment_transport_formulae.md,83,eqtran.f90:2,RESOLVED,src/utils_gpl/morphology/packages/morphology_kernel/src/eqtran.f90,2-2,1
models/Delft3D/source-analysis/delft3d_sediment_transport_formulae.md,111,compbsskin.f90,RESOLVED,src/utils_gpl/morphology/packages/morphology_kernel/src/compbsskin.f90,,0
models/Delft3D/source-analysis/delft3d_sediment_transport_formulae.md,113,erosed.f90:880,RESOLVED,src/engines_gpl/flow2d3d/packages/flow2d3d_kernel/src/compute_sediment/erosed.f90,880-880,1
models/Delft3D/source-analysis/delft3d_sediment_transport_formulae.md,113,compbsskin.f90:82-83,RESOLVED,src/utils_gpl/morphology/packages/morphology_kernel/src/compbsskin.f90,82-83,2
models/Delft3D/source-analysis/delft3d_sigma_z.md,26,flow2d3d_kernel/src/compute/dens.f90:180-187,RESOLVED,src/engines_gpl/flow2d3d/packages/flow2d3d_kernel/src/compute/dens.f90,180-187,8
models/Delft3D/source-analysis/delft3d_sigma_z.md,26,dengra.f90:213-403,RESOLVED,src/engines_gpl/flow2d3d/packages/flow2d3d_kernel/src/compute/dengra.f90,213-403,191
models/Delft3D/source-analysis/delft3d_sigma_z.md,75,dens.f90:180-187,RESOLVED,src/engines_gpl/flow2d3d/packages/flow2d3d_kernel/src/compute/dens.f90,180-187,8
models/Delft3D/source-analysis/delft3d_sigma_z.md,81,dengra.f90:213-403,RESOLVED,src/engines_gpl/flow2d3d/packages/flow2d3d_kernel/src/compute/dengra.f90,213-403,191
models/Delft3D/source-analysis/delft3d_turbulence.md,23,"flow2d3d_kernel/src/main/trisol.f90:1522-1535, 1555-1565, 2031-2071",RESOLVED,src/engines_gpl/flow2d3d/packages/flow2d3d_kernel/src/main/trisol.f90,1522-1535;1555-1565;2031-2071,66
models/Delft3D/source-analysis/delft3d_turbulence.md,44,trisol.f90:1555-1565,RESOLVED,src/engines_gpl/flow2d3d/packages/flow2d3d_kernel/src/main/trisol.f90,1555-1565,11
models/Delft3D/source-analysis/delft3d_turbulence.md,133,trisol.f90:1522-1535,RESOLVED,src/engines_gpl/flow2d3d/packages/flow2d3d_kernel/src/main/trisol.f90,1522-1535,14
models/Delft3D/source-analysis/delft3d_utils_libraries.md,7,morphology/bedcomposition_module.f90,RESOLVED,src/utils_gpl/morphology/packages/morphology_kernel/src/bedcomposition_module.f90,,0
models/Delft3D/source-analysis/delft3d_utils_libraries.md,7,flow1d/CrossSections.f90,RESOLVED,src/utils_gpl/flow1d/packages/flow1d_core/src/CrossSections.f90,,0
models/Delft3D/source-analysis/delft3d_utils_libraries.md,7,MessageHandling.F90,RESOLVED,src/utils_lgpl/deltares_common/packages/deltares_common/src/MessageHandling.F90,,0
models/Delft3D/source-analysis/delft3d_utils_libraries.md,39,deltares_common/.../properties.f90:7-8,RESOLVED_BY_SCOPE,src/utils_lgpl/deltares_common/packages/deltares_common/src/properties.f90,7-8,2
models/Delft3D/source-analysis/delft3d_utils_libraries.md,67,morphology_kernel/src/bedcomposition_module.f90,RESOLVED,src/utils_gpl/morphology/packages/morphology_kernel/src/bedcomposition_module.f90,,0
models/Delft3D/source-analysis/delft3d_utils_libraries.md,68,morphology_kernel/src/eqtran.f90,RESOLVED,src/utils_gpl/morphology/packages/morphology_kernel/src/eqtran.f90,,0
models/Delft3D/source-analysis/delft3d_utils_libraries.md,69,morphology_kernel/src/dredge.f90,RESOLVED,src/utils_gpl/morphology/packages/morphology_kernel/src/dredge.f90,,0
models/Delft3D/source-analysis/delft3d_utils_libraries.md,70,morphology_kernel/src/santoss.f90,RESOLVED,src/utils_gpl/morphology/packages/morphology_kernel/src/santoss.f90,,0
models/Delft3D/source-analysis/delft3d_utils_libraries.md,71,morphology_io/src/rdmor.f90,RESOLVED,src/utils_gpl/morphology/packages/morphology_io/src/rdmor.f90,,0
models/Delft3D/source-analysis/delft3d_utils_libraries.md,72,morphology_io/src/rdsed.f90,RESOLVED,src/utils_gpl/morphology/packages/morphology_io/src/rdsed.f90,,0
models/Delft3D/source-analysis/delft3d_utils_libraries.md,73,morphology_io/src/rdmorlyr.f90,RESOLVED,src/utils_gpl/morphology/packages/morphology_io/src/rdmorlyr.f90,,0
models/Delft3D/source-analysis/delft3d_utils_libraries.md,83,flow1d_core/src/CrossSections.f90,RESOLVED,src/utils_gpl/flow1d/packages/flow1d_core/src/CrossSections.f90,,0
models/Delft3D/source-analysis/delft3d_utils_libraries.md,84,flow1d_core/src/Network.f90,RESOLVED,src/utils_gpl/flow1d/packages/flow1d_core/src/Network.f90,,0
models/Delft3D/source-analysis/delft3d_utils_libraries.md,85,flow1d_core/src/structures.f90,RESOLVED,src/utils_gpl/flow1d/packages/flow1d_core/src/structures.f90,,0
models/Delft3D/source-analysis/delft3d_utils_libraries.md,86,flow1d_core/src/general_structure.f90,RESOLVED,src/utils_gpl/flow1d/packages/flow1d_core/src/general_structure.f90,,0
models/Delft3D/source-analysis/delft3d_utils_libraries.md,87,flow1d_io/src/Readstructures.f90,RESOLVED,src/utils_gpl/flow1d/packages/flow1d_io/src/Readstructures.f90,,0
models/Delft3D/source-analysis/delft3d_utils_libraries.md,88,flow1d_io/src/readCrossSections.f90,RESOLVED,src/utils_gpl/flow1d/packages/flow1d_io/src/readCrossSections.f90,,0
models/Delft3D/source-analysis/delft3d_utils_libraries.md,100,properties.f90,RESOLVED_BY_SCOPE,src/utils_lgpl/deltares_common/packages/deltares_common/src/properties.f90,,0
models/Delft3D/source-analysis/delft3d_utils_libraries.md,102,geometry_module.f90,RESOLVED,src/utils_lgpl/deltares_common/packages/deltares_common/src/geometry_module.f90,,0
models/Delft3D/source-analysis/delft3d_utils_libraries.md,105,MessageHandling.F90,RESOLVED,src/utils_lgpl/deltares_common/packages/deltares_common/src/MessageHandling.F90,,0
models/Delft3D/source-analysis/delft3d_utils_libraries.md,106,tables.f90,RESOLVED_BY_SCOPE,src/utils_lgpl/deltares_common/packages/deltares_common/src/tables.f90,,0
models/Delft3D/source-analysis/delft3d_utils_libraries.md,127,io_netcdf/src/io_ugrid.F90,RESOLVED,src/utils_lgpl/io_netcdf/packages/io_netcdf/src/io_ugrid.F90,,0
models/Delft3D/source-analysis/delft3d_utils_libraries.md,128,io_netcdf/src/io_netcdf.f90,RESOLVED,src/utils_lgpl/io_netcdf/packages/io_netcdf/src/io_netcdf.f90,,0
models/Delft3D/source-analysis/delft3d_utils_libraries.md,129,io_netcdf/src/coordinate_reference_system.F90,RESOLVED,src/utils_lgpl/io_netcdf/packages/io_netcdf/src/coordinate_reference_system.F90,,0
models/Delft3D/source-analysis/delft3d_utils_libraries.md,140,io_hyd/src/merge_domains.f90,RESOLVED,src/utils_lgpl/io_hyd/packages/io_hyd/src/merge_domains.f90,,0
models/Delft3D/source-analysis/delft3d_utils_libraries.md,141,io_hyd/src/aggregate_waqgeom.f90,RESOLVED,src/utils_lgpl/io_hyd/packages/io_hyd/src/aggregate_waqgeom.f90,,0
models/Delft3D/source-analysis/delft3d_utils_libraries.md,165,ec_module.f90,RESOLVED,src/utils_lgpl/ec_module/packages/ec_module/src/ec_module.f90,,0
models/Delft3D/source-analysis/delft3d_utils_libraries.md,166,ec_converter.f90,RESOLVED,src/utils_lgpl/ec_module/packages/ec_module/src/ec_converter.f90,,0
models/Delft3D/source-analysis/delft3d_utils_libraries.md,167,ec_filereader_read.F90,RESOLVED,src/utils_lgpl/ec_module/packages/ec_module/src/ec_filereader_read.F90,,0
models/Delft3D/source-analysis/delft3d_utils_libraries.md,169,meteo/meteo.f90,RESOLVED,src/utils_lgpl/ec_module/packages/ec_module/src/meteo/meteo.f90,,0
models/Delft3D/source-analysis/delft3d_utils_libraries.md,170,ec_provider.F90,RESOLVED,src/utils_lgpl/ec_module/packages/ec_module/src/ec_provider.F90,,0
models/Delft3D/source-analysis/delft3d_waq_kernel_integration.md,7,integration/integration_scheme_1.f90,RESOLVED,src/engines_gpl/waq/waq_kernel/kernel/integration/integration_scheme_1.f90,,0
models/Delft3D/source-analysis/delft3d_waq_kernel_integration.md,7,integration/flux_corrected_transport.f90,RESOLVED,src/engines_gpl/waq/waq_kernel/kernel/integration/flux_corrected_transport.f90,,0
models/Delft3D/source-analysis/delft3d_waq_kernel_integration.md,76,integration_scheme_1.f90,RESOLVED,src/engines_gpl/waq/waq_kernel/kernel/integration/integration_scheme_1.f90,,0
models/Delft3D/source-analysis/delft3d_waq_kernel_integration.md,78,integration_scheme_1.f90:52-55,RESOLVED,src/engines_gpl/waq/waq_kernel/kernel/integration/integration_scheme_1.f90,52-55,4
models/Delft3D/source-analysis/delft3d_waq_kernel_integration.md,81,integration_scheme_1.f90:167-363,RESOLVED,src/engines_gpl/waq/waq_kernel/kernel/integration/integration_scheme_1.f90,167-363,197
models/Delft3D/source-analysis/delft3d_waq_kernel_integration.md,99,integration_scheme_1.f90:279,RESOLVED,src/engines_gpl/waq/waq_kernel/kernel/integration/integration_scheme_1.f90,279-279,1
models/Delft3D/source-analysis/delft3d_waq_kernel_integration.md,127,integration_scheme_1.f90:222-231,RESOLVED,src/engines_gpl/waq/waq_kernel/kernel/integration/integration_scheme_1.f90,222-231,10
models/Delft3D/source-analysis/delft3d_waq_kernel_integration.md,208,flux_corrected_transport.f90,RESOLVED,src/engines_gpl/waq/waq_kernel/kernel/integration/flux_corrected_transport.f90,,0
models/Delft3D/source-analysis/delft3d_waq_kernel_integration.md,210,flux_corrected_transport.f90:35-43,RESOLVED,src/engines_gpl/waq/waq_kernel/kernel/integration/flux_corrected_transport.f90,35-43,9
models/Delft3D/source-analysis/delft3d_waq_kernel_integration.md,213,flux_corrected_transport.f90:92-102,RESOLVED,src/engines_gpl/waq/waq_kernel/kernel/integration/flux_corrected_transport.f90,92-102,11
models/Delft3D/source-analysis/delft3d_waq_kernel_integration.md,241,integration_scheme_1.f90:348-349,RESOLVED,src/engines_gpl/waq/waq_kernel/kernel/integration/integration_scheme_1.f90,348-349,2
models/Delft3D/source-analysis/delft3d_waq_kernel_integration.md,250,integration_scheme_1.f90:167-363,RESOLVED,src/engines_gpl/waq/waq_kernel/kernel/integration/integration_scheme_1.f90,167-363,197
models/Delft3D/source-analysis/delft3d_wave_swan_module.md,7,swan_tot.f90,RESOLVED,src/engines_gpl/wave/packages/manager/src/swan_tot.f90,,0
models/Delft3D/source-analysis/delft3d_wave_swan_module.md,7,swan_input.f90,RESOLVED,src/engines_gpl/wave/packages/data/src/swan_input.f90,,0
models/Delft3D/source-analysis/delft3d_wave_swan_module.md,7,swan_flow_grid_maps.f90,RESOLVED,src/engines_gpl/wave/packages/data/src/swan_flow_grid_maps.f90,,0
models/Delft3D/source-analysis/delft3d_wave_swan_module.md,30,packages/manager/src/swan_tot.f90,RESOLVED,src/engines_gpl/wave/packages/manager/src/swan_tot.f90,,0
models/Delft3D/source-analysis/delft3d_wave_swan_module.md,30,swan_tot.f90:1,RESOLVED,src/engines_gpl/wave/packages/manager/src/swan_tot.f90,1-1,1
models/Delft3D/source-analysis/delft3d_wave_swan_module.md,32,swan_tot.f90:106,RESOLVED,src/engines_gpl/wave/packages/manager/src/swan_tot.f90,106-106,1
models/Delft3D/source-analysis/delft3d_wave_swan_module.md,33,swan_tot.f90:137,RESOLVED,src/engines_gpl/wave/packages/manager/src/swan_tot.f90,137-137,1
models/Delft3D/source-analysis/delft3d_wave_swan_module.md,35,swan_tot.f90:140,RESOLVED,src/engines_gpl/wave/packages/manager/src/swan_tot.f90,140-140,1
models/Delft3D/source-analysis/delft3d_wave_swan_module.md,39,swan_tot.f90:141-142,RESOLVED,src/engines_gpl/wave/packages/manager/src/swan_tot.f90,141-142,2
models/Delft3D/source-analysis/delft3d_wave_swan_module.md,40,swan_tot.f90:146,RESOLVED,src/engines_gpl/wave/packages/manager/src/swan_tot.f90,146-146,1
models/Delft3D/source-analysis/delft3d_wave_swan_module.md,41,swan_tot.f90:160-167,RESOLVED,src/engines_gpl/wave/packages/manager/src/swan_tot.f90,160-167,8
models/Delft3D/source-analysis/delft3d_wave_swan_module.md,42,swan_tot.f90:176-235,RESOLVED,src/engines_gpl/wave/packages/manager/src/swan_tot.f90,176-235,60
models/Delft3D/source-analysis/delft3d_wave_swan_module.md,43,swan_tot.f90:248-336,RESOLVED,src/engines_gpl/wave/packages/manager/src/swan_tot.f90,248-336,89
models/Delft3D/source-analysis/delft3d_wave_swan_module.md,44,swan_tot.f90:344,RESOLVED,src/engines_gpl/wave/packages/manager/src/swan_tot.f90,344-344,1
models/Delft3D/source-analysis/delft3d_wave_swan_module.md,45,swan_tot.f90:354,RESOLVED,src/engines_gpl/wave/packages/manager/src/swan_tot.f90,354-354,1
models/Delft3D/source-analysis/delft3d_wave_swan_module.md,46,"swan_tot.f90:378, 404",RESOLVED,src/engines_gpl/wave/packages/manager/src/swan_tot.f90,378-378;404-404,2
models/Delft3D/source-analysis/delft3d_wave_swan_module.md,47,swan_tot.f90:421-424,RESOLVED,src/engines_gpl/wave/packages/manager/src/swan_tot.f90,421-424,4
models/Delft3D/source-analysis/delft3d_wave_swan_module.md,48,swan_tot.f90:433-444,RESOLVED,src/engines_gpl/wave/packages/manager/src/swan_tot.f90,433-444,12
models/Delft3D/source-analysis/delft3d_wave_swan_module.md,50,swan_tot.f90:499,RESOLVED,src/engines_gpl/wave/packages/manager/src/swan_tot.f90,499-499,1
models/Delft3D/source-analysis/delft3d_wave_swan_module.md,50,swan_tot.f90:506,RESOLVED,src/engines_gpl/wave/packages/manager/src/swan_tot.f90,506-506,1
models/Delft3D/source-analysis/delft3d_wave_swan_module.md,50,swan_tot.f90:512,RESOLVED,src/engines_gpl/wave/packages/manager/src/swan_tot.f90,512-512,1
models/Delft3D/source-analysis/delft3d_wave_swan_module.md,50,swan_tot.f90:519,RESOLVED,src/engines_gpl/wave/packages/manager/src/swan_tot.f90,519-519,1
models/Delft3D/source-analysis/delft3d_wave_swan_module.md,52,packages/data/src/wave_data.f90:40-42,RESOLVED,src/engines_gpl/wave/packages/data/src/wave_data.f90,40-42,3
models/Delft3D/source-analysis/delft3d_wave_swan_module.md,52,swan_tot.f90:91-92,RESOLVED,src/engines_gpl/wave/packages/manager/src/swan_tot.f90,91-92,2
models/Delft3D/source-analysis/delft3d_wave_swan_module.md,64,swan_input.f90:101-102,RESOLVED,src/engines_gpl/wave/packages/data/src/swan_input.f90,101-102,2
models/Delft3D/source-analysis/delft3d_wave_swan_module.md,67,swan.sh,RESOLVED,src/third_party_open/swan/scripts/swan.sh,,0
models/Delft3D/source-analysis/delft3d_wave_swan_module.md,75,swan_input.f90:2407,RESOLVED,src/engines_gpl/wave/packages/data/src/swan_input.f90,2407-2407,1
models/Delft3D/source-analysis/delft3d_wave_swan_module.md,75,swan_input.f90:2453,RESOLVED,src/engines_gpl/wave/packages/data/src/swan_input.f90,2453-2453,1
models/Delft3D/source-analysis/delft3d_wave_swan_module.md,75,swan_input.f90:2542,RESOLVED,src/engines_gpl/wave/packages/data/src/swan_input.f90,2542-2542,1
models/Delft3D/source-analysis/delft3d_wave_swan_module.md,79,swan_input.f90:2768,RESOLVED,src/engines_gpl/wave/packages/data/src/swan_input.f90,2768-2768,1
models/Delft3D/source-analysis/delft3d_wave_swan_module.md,80,swan_input.f90:2871,RESOLVED,src/engines_gpl/wave/packages/data/src/swan_input.f90,2871-2871,1
models/Delft3D/source-analysis/delft3d_wave_swan_module.md,81,"swan_input.f90:2918, 2945",RESOLVED,src/engines_gpl/wave/packages/data/src/swan_input.f90,2918-2918;2945-2945,2
models/Delft3D/source-analysis/delft3d_wave_swan_module.md,82,swan_input.f90:2967-2977,RESOLVED,src/engines_gpl/wave/packages/data/src/swan_input.f90,2967-2977,11
models/Delft3D/source-analysis/delft3d_wave_swan_module.md,83,"swan_input.f90:2999, 3008",RESOLVED,src/engines_gpl/wave/packages/data/src/swan_input.f90,2999-2999;3008-3008,2
models/Delft3D/source-analysis/delft3d_wave_swan_module.md,84,swan_input.f90:3027,RESOLVED,src/engines_gpl/wave/packages/data/src/swan_input.f90,3027-3027,1
models/Delft3D/source-analysis/delft3d_wave_swan_module.md,85,"swan_input.f90:3048, 3068",RESOLVED,src/engines_gpl/wave/packages/data/src/swan_input.f90,3048-3048;3068-3068,2
models/Delft3D/source-analysis/delft3d_wave_swan_module.md,86,"swan_input.f90:3223, 3233, 3248",RESOLVED,src/engines_gpl/wave/packages/data/src/swan_input.f90,3223-3223;3233-3233;3248-3248,3
models/Delft3D/source-analysis/delft3d_wave_swan_module.md,87,"swan_input.f90:3407-3409, 4281",RESOLVED,src/engines_gpl/wave/packages/data/src/swan_input.f90,3407-3409;4281-4281,4
models/Delft3D/source-analysis/delft3d_wave_swan_module.md,88,swan_input.f90:3418-3428,RESOLVED,src/engines_gpl/wave/packages/data/src/swan_input.f90,3418-3428,11
models/Delft3D/source-analysis/delft3d_wave_swan_module.md,89,swan_input.f90:3640-3673,RESOLVED,src/engines_gpl/wave/packages/data/src/swan_input.f90,3640-3673,34
models/Delft3D/source-analysis/delft3d_wave_swan_module.md,90,"swan_input.f90:4059, 4062, 4091",RESOLVED,src/engines_gpl/wave/packages/data/src/swan_input.f90,4059-4059;4062-4062;4091-4091,3
models/Delft3D/source-analysis/delft3d_wave_swan_module.md,91,swan_input.f90:4102,RESOLVED,src/engines_gpl/wave/packages/data/src/swan_input.f90,4102-4102,1
models/Delft3D/source-analysis/delft3d_wave_swan_module.md,97,swan_input.f90:1697,RESOLVED,src/engines_gpl/wave/packages/data/src/swan_input.f90,1697-1697,1
models/Delft3D/source-analysis/delft3d_wave_swan_module.md,97,swan_input.f90:1703,RESOLVED,src/engines_gpl/wave/packages/data/src/swan_input.f90,1703-1703,1
models/Delft3D/source-analysis/delft3d_wave_swan_module.md,97,swan_input.f90:3394-3400,RESOLVED,src/engines_gpl/wave/packages/data/src/swan_input.f90,3394-3400,7
models/Delft3D/source-analysis/delft3d_wave_swan_module.md,98,swan_input.f90:3639,RESOLVED,src/engines_gpl/wave/packages/data/src/swan_input.f90,3639-3639,1
models/Delft3D/source-analysis/delft3d_wave_swan_module.md,98,swan_input.f90:3636-3674,RESOLVED,src/engines_gpl/wave/packages/data/src/swan_input.f90,3636-3674,39
models/Delft3D/source-analysis/delft3d_wave_swan_module.md,104,swan_input.f90:202,RESOLVED,src/engines_gpl/wave/packages/data/src/swan_input.f90,202-202,1
models/Delft3D/source-analysis/delft3d_wave_swan_module.md,104,swan_input.f90:4062,RESOLVED,src/engines_gpl/wave/packages/data/src/swan_input.f90,4062-4062,1
models/Delft3D/source-analysis/delft3d_wave_swan_module.md,104,swan_input.f90:4091-4095,RESOLVED,src/engines_gpl/wave/packages/data/src/swan_input.f90,4091-4095,5
models/Delft3D/source-analysis/delft3d_wave_swan_module.md,104,"swan_input.f90:4061, 4069",RESOLVED,src/engines_gpl/wave/packages/data/src/swan_input.f90,4061-4061;4069-4069,2
models/Delft3D/source-analysis/delft3d_wave_swan_module.md,104,swan_input.f90:4080-4085,RESOLVED,src/engines_gpl/wave/packages/data/src/swan_input.f90,4080-4085,6
models/Delft3D/source-analysis/delft3d_wave_swan_module.md,108,swan_input.f90:4256,RESOLVED,src/engines_gpl/wave/packages/data/src/swan_input.f90,4256-4256,1
models/Delft3D/source-analysis/delft3d_wave_swan_module.md,108,swan_input.f90:4275,RESOLVED,src/engines_gpl/wave/packages/data/src/swan_input.f90,4275-4275,1
models/Delft3D/source-analysis/delft3d_wave_swan_module.md,108,swan_input.f90:4281,RESOLVED,src/engines_gpl/wave/packages/data/src/swan_input.f90,4281-4281,1
models/Delft3D/source-analysis/delft3d_wave_swan_module.md,108,swan_input.f90:4284-4288,RESOLVED,src/engines_gpl/wave/packages/data/src/swan_input.f90,4284-4288,5
models/Delft3D/source-analysis/delft3d_wave_swan_module.md,108,swan_input.f90:4292-4293,RESOLVED,src/engines_gpl/wave/packages/data/src/swan_input.f90,4292-4293,2
models/Delft3D/source-analysis/delft3d_wave_swan_module.md,108,swan_tot.f90:495,RESOLVED,src/engines_gpl/wave/packages/manager/src/swan_tot.f90,495-495,1
models/Delft3D/source-analysis/delft3d_wave_swan_module.md,114,packages/data/src/swan_flow_grid_maps.f90,RESOLVED,src/engines_gpl/wave/packages/data/src/swan_flow_grid_maps.f90,,0
models/Delft3D/source-analysis/delft3d_wave_swan_module.md,114,swan_flow_grid_maps.f90:154-160,RESOLVED,src/engines_gpl/wave/packages/data/src/swan_flow_grid_maps.f90,154-160,7
models/Delft3D/source-analysis/delft3d_wave_swan_module.md,121,swan_flow_grid_maps.f90:166-179,RESOLVED,src/engines_gpl/wave/packages/data/src/swan_flow_grid_maps.f90,166-179,14
models/Delft3D/source-analysis/delft3d_wave_swan_module.md,125,swan_flow_grid_maps.f90:306,RESOLVED,src/engines_gpl/wave/packages/data/src/swan_flow_grid_maps.f90,306-306,1
models/Delft3D/source-analysis/delft3d_wave_swan_module.md,127,swan_flow_grid_maps.f90:512,RESOLVED,src/engines_gpl/wave/packages/data/src/swan_flow_grid_maps.f90,512-512,1
models/Delft3D/source-analysis/delft3d_wave_swan_module.md,127,swan_flow_grid_maps.f90:534-548,RESOLVED,src/engines_gpl/wave/packages/data/src/swan_flow_grid_maps.f90,534-548,15
models/Delft3D/source-analysis/delft3d_wave_swan_module.md,128,swan_flow_grid_maps.f90:363,RESOLVED,src/engines_gpl/wave/packages/data/src/swan_flow_grid_maps.f90,363-363,1
models/Delft3D/source-analysis/delft3d_wave_swan_module.md,128,swan_flow_grid_maps.f90:378-394,RESOLVED,src/engines_gpl/wave/packages/data/src/swan_flow_grid_maps.f90,378-394,17
models/Delft3D/source-analysis/delft3d_wave_swan_module.md,128,swan_flow_grid_maps.f90:437-440,RESOLVED,src/engines_gpl/wave/packages/data/src/swan_flow_grid_maps.f90,437-440,4
models/Delft3D/source-analysis/delft3d_wave_swan_module.md,128,swan_flow_grid_maps.f90:418,RESOLVED,src/engines_gpl/wave/packages/data/src/swan_flow_grid_maps.f90,418-418,1
models/Delft3D/source-analysis/delft3d_wave_swan_module.md,130,swan_flow_grid_maps.f90:497,RESOLVED,src/engines_gpl/wave/packages/data/src/swan_flow_grid_maps.f90,497-497,1
models/Delft3D/source-analysis/delft3d_wave_swan_module.md,130,swan_flow_grid_maps.f90:489-501,RESOLVED,src/engines_gpl/wave/packages/data/src/swan_flow_grid_maps.f90,489-501,13
models/Delft3D/source-analysis/delft3d_wave_swan_module.md,130,swan_flow_grid_maps.f90:44-46,RESOLVED,src/engines_gpl/wave/packages/data/src/swan_flow_grid_maps.f90,44-46,3
models/Delft3D/source-analysis/delft3d_wave_swan_module.md,146,swan_input.f90:375-379,RESOLVED,src/engines_gpl/wave/packages/data/src/swan_input.f90,375-379,5
models/Delft3D/source-analysis/delft3d_wave_swan_module.md,157,swan_tot.f90:248-336,RESOLVED,src/engines_gpl/wave/packages/manager/src/swan_tot.f90,248-336,89
models/Delft3D/source-analysis/delft3d_wave_swan_module.md,161,swan_tot.f90,RESOLVED,src/engines_gpl/wave/packages/manager/src/swan_tot.f90,,0
models/Delft3D/source-analysis/delft3d_wave_swan_module.md,169,swan_flow_grid_maps.f90:110-152,RESOLVED,src/engines_gpl/wave/packages/data/src/swan_flow_grid_maps.f90,110-152,43
models/Delft3D/source-analysis/delft3d_wave_swan_module.md,169,swan_tot.f90:372-404,RESOLVED,src/engines_gpl/wave/packages/manager/src/swan_tot.f90,372-404,33
models/Delft3D/source-analysis/delft3d_wave_swan_module.md,177,swan_tot.f90:506,RESOLVED,src/engines_gpl/wave/packages/manager/src/swan_tot.f90,506-506,1
models/Delft3D/source-analysis/delft3d_wave_swan_module.md,181,packages/io/src/put_wave_fields.f90,RESOLVED,src/engines_gpl/wave/packages/io/src/put_wave_fields.f90,,0
models/Delft3D/source-analysis/delft3d_wave_swan_module.md,181,swan_tot.f90:519-521,RESOLVED,src/engines_gpl/wave/packages/manager/src/swan_tot.f90,519-521,3
models/Delft3D/source-analysis/delft3d_wave_swan_module.md,181,swan_tot.f90:517-535,RESOLVED,src/engines_gpl/wave/packages/manager/src/swan_tot.f90,517-535,19
models/Delft3D/source-analysis/delft3d_wave_swan_module.md,192,swan.sh,RESOLVED,src/third_party_open/swan/scripts/swan.sh,,0
models/Delft3D/source-analysis/delft3d_wave_swan_module.md,199,swan_flow_grid_maps.f90:37-152,RESOLVED,src/engines_gpl/wave/packages/data/src/swan_flow_grid_maps.f90,37-152,116
models/Delft3D/source-analysis/delft3d_z_difu_transport.md,21,"z_trisol.f90:1705,2507",RESOLVED,src/engines_gpl/flow2d3d/packages/flow2d3d_kernel/src/main/z_trisol.f90,1705-1705;2507-2507,2
models/Delft3D/source-analysis/delft3d_z_difu_transport.md,21,z_trisol_nhfull.f90,RESOLVED,src/engines_gpl/flow2d3d/packages/flow2d3d_kernel/src/main/z_trisol_nhfull.f90,,0
models/Delft3D/source-analysis/sediment/delft3d_sediment.md,20,compute_sediment/erosed.f90,RESOLVED,src/engines_gpl/flow2d3d/packages/flow2d3d_kernel/src/compute_sediment/erosed.f90,,0
models/Delft3D/source-analysis/sediment/delft3d_sediment.md,21,compute_sediment/bott3d.f90,RESOLVED,src/engines_gpl/flow2d3d/packages/flow2d3d_kernel/src/compute_sediment/bott3d.f90,,0
models/Delft3D/source-analysis/sediment/delft3d_sediment.md,22,compute_sediment/erosilt.f90,RESOLVED,src/utils_gpl/morphology/packages/morphology_kernel/src/erosilt.f90,,0
models/Delft3D/source-analysis/sediment/delft3d_sediment.md,23,compute_sediment/eqtran.f90,RESOLVED,src/utils_gpl/morphology/packages/morphology_kernel/src/eqtran.f90,,0
models/Delft3D/source-analysis/sediment/delft3d_sediment.md,23,tram1.f90,RESOLVED,src/utils_gpl/morphology/packages/morphology_kernel/src/tram1.f90,,0
models/Delft3D/source-analysis/sediment/delft3d_sediment.md,23,tram2.f90,RESOLVED,src/utils_gpl/morphology/packages/morphology_kernel/src/tram2.f90,,0
models/Delft3D/source-analysis/sediment/delft3d_sediment.md,23,tranb7.f90,RESOLVED,src/utils_gpl/morphology/packages/morphology_kernel/src/tranb7.f90,,0
models/Delft3D/source-analysis/sediment/delft3d_sediment.md,24,compute_sediment/soursin_3d.f90,RESOLVED,src/utils_gpl/morphology/packages/morphology_kernel/src/soursin_3d.f90,,0
models/Delft3D/source-analysis/sediment/delft3d_sediment.md,24,soursin_2d.f90,RESOLVED,src/utils_gpl/morphology/packages/morphology_kernel/src/soursin_2d.f90,,0
models/Delft3D/source-analysis/sediment/delft3d_sediment.md,27,main/trisol.f90:1968-3279,RESOLVED,src/engines_gpl/flow2d3d/packages/flow2d3d_kernel/src/main/trisol.f90,1968-3279,1312
models/Delft3D/source-analysis/sediment/delft3d_sediment.md,31,erosed.f90,RESOLVED,src/engines_gpl/flow2d3d/packages/flow2d3d_kernel/src/compute_sediment/erosed.f90,,0
models/Delft3D/source-analysis/sediment/delft3d_sediment.md,31,bott3d.f90,RESOLVED,src/engines_gpl/flow2d3d/packages/flow2d3d_kernel/src/compute_sediment/bott3d.f90,,0
models/Delft3D/source-analysis/sediment/delft3d_sediment.md,33,trisol.f90,RESOLVED,src/engines_gpl/flow2d3d/packages/flow2d3d_kernel/src/main/trisol.f90,,0
models/Delft3D/source-analysis/sediment/delft3d_sediment.md,38,erosed.f90:46-53,RESOLVED,src/engines_gpl/flow2d3d/packages/flow2d3d_kernel/src/compute_sediment/erosed.f90,46-53,8
models/Delft3D/source-analysis/sediment/delft3d_sediment.md,39,bott3d.f90:43-52,RESOLVED,src/engines_gpl/flow2d3d/packages/flow2d3d_kernel/src/compute_sediment/bott3d.f90,43-52,10
models/Delft3D/source-analysis/sediment/delft3d_sediment.md,43,erosed.f90:1045-1081,RESOLVED,src/engines_gpl/flow2d3d/packages/flow2d3d_kernel/src/compute_sediment/erosed.f90,1045-1081,37
models/Delft3D/source-analysis/sediment/delft3d_sediment.md,68,erosed.f90:1125-1234,RESOLVED,src/engines_gpl/flow2d3d/packages/flow2d3d_kernel/src/compute_sediment/erosed.f90,1125-1234,110
models/Delft3D/source-analysis/sediment/delft3d_sediment.md,70,eqtran.f90:304-420,RESOLVED,src/utils_gpl/morphology/packages/morphology_kernel/src/eqtran.f90,304-420,117
models/Delft3D/source-analysis/sediment/delft3d_sediment.md,74,tram1.f90:41-42,RESOLVED,src/utils_gpl/morphology/packages/morphology_kernel/src/tram1.f90,41-42,2
models/Delft3D/source-analysis/sediment/delft3d_sediment.md,77,tranb7.f90:31-35,RESOLVED,src/utils_gpl/morphology/packages/morphology_kernel/src/tranb7.f90,31-35,5
models/Delft3D/source-analysis/sediment/delft3d_sediment.md,84,erosed.f90:1135-1162,RESOLVED,src/engines_gpl/flow2d3d/packages/flow2d3d_kernel/src/compute_sediment/erosed.f90,1135-1162,28
models/Delft3D/source-analysis/sediment/delft3d_sediment.md,90,erosed.f90:1074-1102,RESOLVED,src/engines_gpl/flow2d3d/packages/flow2d3d_kernel/src/compute_sediment/erosed.f90,1074-1102,29
models/Delft3D/source-analysis/sediment/delft3d_sediment.md,94,soursin_3d.f90:84-155,RESOLVED,src/utils_gpl/morphology/packages/morphology_kernel/src/soursin_3d.f90,84-155,72
models/Delft3D/source-analysis/sediment/delft3d_sediment.md,100,erosed.f90:629-635,RESOLVED,src/engines_gpl/flow2d3d/packages/flow2d3d_kernel/src/compute_sediment/erosed.f90,629-635,7
models/Delft3D/source-analysis/sediment/delft3d_sediment.md,108,bott3d.f90:604-612,RESOLVED,src/engines_gpl/flow2d3d/packages/flow2d3d_kernel/src/compute_sediment/bott3d.f90,604-612,9
models/Delft3D/source-analysis/sediment/delft3d_sediment.md,123,"erosed.f90:580-619, 1028-1043",RESOLVED,src/engines_gpl/flow2d3d/packages/flow2d3d_kernel/src/compute_sediment/erosed.f90,580-619;1028-1043,56
models/Delft3D/source-analysis/sediment/delft3d_sediment.md,127,bott3d.f90:724-840,RESOLVED,src/engines_gpl/flow2d3d/packages/flow2d3d_kernel/src/compute_sediment/bott3d.f90,724-840,117
models/Delft3D/source-analysis/sediment/delft3d_sediment.md,129,erosed.f90:1117-1119,RESOLVED,src/engines_gpl/flow2d3d/packages/flow2d3d_kernel/src/compute_sediment/erosed.f90,1117-1119,3
models/Delft3D/source-analysis/sediment/delft3d_sediment.md,129,bott3d.f90:763-769,RESOLVED,src/engines_gpl/flow2d3d/packages/flow2d3d_kernel/src/compute_sediment/bott3d.f90,763-769,7
models/Delft3D/source-analysis/sediment/delft3d_sediment.md,131,bott3d.f90:1027-1037,RESOLVED,src/engines_gpl/flow2d3d/packages/flow2d3d_kernel/src/compute_sediment/bott3d.f90,1027-1037,11
models/Delft3D/source-analysis/sediment/delft3d_sediment.md,136,erosilt.f90:160-203,RESOLVED,src/utils_gpl/morphology/packages/morphology_kernel/src/erosilt.f90,160-203,44
models/Delft3D/source-analysis/sediment/delft3d_sediment.md,137,erosed.f90:1135-1162,RESOLVED,src/engines_gpl/flow2d3d/packages/flow2d3d_kernel/src/compute_sediment/erosed.f90,1135-1162,28
models/Delft3D/source-analysis/sediment/delft3d_sediment.md,140,erosilt.f90:262,RESOLVED,src/utils_gpl/morphology/packages/morphology_kernel/src/erosilt.f90,262-262,1
models/Delft3D/source-analysis/sediment/delft3d_sediment.md,141,soursin_3d.f90:146-165,RESOLVED,src/utils_gpl/morphology/packages/morphology_kernel/src/soursin_3d.f90,146-165,20
models/Delft3D/source-analysis/sediment/delft3d_sediment.md,141,soursin_2d.f90:80-114,RESOLVED,src/utils_gpl/morphology/packages/morphology_kernel/src/soursin_2d.f90,80-114,35
models/Delft3D/source-analysis/sediment/delft3d_sediment.md,144,erosed.f90:854-890,RESOLVED,src/engines_gpl/flow2d3d/packages/flow2d3d_kernel/src/compute_sediment/erosed.f90,854-890,37
models/Delft3D/source-analysis/sediment/delft3d_sediment.md,147,eqtran.f90:722-743,RESOLVED,src/utils_gpl/morphology/packages/morphology_kernel/src/eqtran.f90,722-743,22
models/Delft3D/source-analysis/wave/delft3d_flow_wave_coupling.md,23,wave/packages/io/src/put_wave_fields.f90:332,RESOLVED,src/engines_gpl/wave/packages/io/src/put_wave_fields.f90,332-332,1
models/Delft3D/source-analysis/wave/delft3d_flow_wave_coupling.md,25,wave/packages/manager/src/wave_main.f90:430,RESOLVED,src/engines_gpl/wave/packages/manager/src/wave_main.f90,430-430,1
models/Delft3D/source-analysis/wave/delft3d_flow_wave_coupling.md,30,wave/packages/manager/src/swan_tot.f90:240-272,RESOLVED,src/engines_gpl/wave/packages/manager/src/swan_tot.f90,240-272,33
models/Delft3D/source-analysis/wave/delft3d_flow_wave_coupling.md,34,"wave/packages/data/src/swan_input.f90:4211, 4256",RESOLVED,src/engines_gpl/wave/packages/data/src/swan_input.f90,4211-4211;4256-4256,2
models/Delft3D/source-analysis/wave/delft3d_flow_wave_coupling.md,50,wave_main.f90:430,RESOLVED,src/engines_gpl/wave/packages/manager/src/wave_main.f90,430-430,1
models/Delft3D/source-analysis/wave/delft3d_flow_wave_coupling.md,61,put_wave_fields.f90:332,RESOLVED,src/engines_gpl/wave/packages/io/src/put_wave_fields.f90,332-332,1
models/Delft3D/source-analysis/wave/delft3d_flow_wave_coupling.md,88,"swan_tot.f90:240, 256, 272",RESOLVED,src/engines_gpl/wave/packages/manager/src/swan_tot.f90,240-240;256-256;272-272,3
models/Delft3D/source-analysis/wave/delft3d_flow_wave_coupling.md,127,trisol.f90:1304,RESOLVED,src/engines_gpl/flow2d3d/packages/flow2d3d_kernel/src/main/trisol.f90,1304-1304,1
models/Delft3D/source-analysis/wave/delft3d_flow_wave_coupling.md,141,swan_input.f90:4211,RESOLVED,src/engines_gpl/wave/packages/data/src/swan_input.f90,4211-4211,1
models/Delft3D/source-analysis/wave/delft3d_flow_wave_coupling.md,142,swan_input.f90:4256,RESOLVED,src/engines_gpl/wave/packages/data/src/swan_input.f90,4256-4256,1
models/Delft3D/web-refs/delft3d-official-resources.md,182,src/engines_gpl/dflowfm/packages/dflowfm_kernel/src/dflowfm_data/unstruc_model.f90,RESOLVED,src/engines_gpl/dflowfm/packages/dflowfm_kernel/src/dflowfm_data/unstruc_model.f90,,0
models/Delft3D/web-refs/delft3d-official-resources.md,196,unstruc_model.f90,RESOLVED,src/engines_gpl/dflowfm/packages/dflowfm_kernel/src/dflowfm_data/unstruc_model.f90,,0
