path,sha256,bytes,mime,extension,material_class,distribution_snapshot,git_tracked,vendor_status,legacy_277_code_member,legacy_preflight_member,r1_code_exact,r2_code_exact,two_independent_code_reads_exact,crosswalk_exact,document_read_exact,legacy_complete_read_exact,legacy_partial_read_exact,mechanical_inspection_exact,semantic_complete_exact,evidence_files,duplicate_count,duplicate_representative,duplicate_members
models/FUNWAVE/raw/manuals/funwave_tvd_3.0.md,abf5170d768672d186518438525aafb34acea95ab064e45f6989113a15f0ab55,141069,text/plain,.md,documentation-or-build-text,raw-manuals,False,no explicit vendor marker found; retained in denominator,False,False,False,False,False,False,False,False,False,False,False,,1,models/FUNWAVE/raw/manuals/funwave_tvd_3.0.md,
models/FUNWAVE/raw/source_code/FUNWAVE-GPU/.git/HEAD,f6f2b945f6c411b02ba3da9c7ace88dcf71b6af65ba2e0d89aa82900042b5a10,23,text/plain,[none],vcs-metadata,FUNWAVE-GPU,False,no explicit vendor marker found; retained in denominator,False,False,False,False,False,False,False,False,False,False,False,,2,models/FUNWAVE/raw/source_code/FUNWAVE-GPU/.git/HEAD,models/FUNWAVE/raw/source_code/FUNWAVE-GPU/.git/HEAD | models/FUNWAVE/raw/source_code/FUNWAVE-TVD/.git/HEAD
models/FUNWAVE/raw/source_code/FUNWAVE-GPU/.git/config,bae76f6494e241eadc79687ca558bbd2ade4714e0272ae7b529909b6ceb6ab66,274,text/plain,[none],vcs-metadata,FUNWAVE-GPU,False,no explicit vendor marker found; retained in denominator,False,False,False,False,False,False,False,False,False,False,False,,1,models/FUNWAVE/raw/source_code/FUNWAVE-GPU/.git/config,
models/FUNWAVE/raw/source_code/FUNWAVE-GPU/.git/description,85ab6c163d43a17ea9cf7788308bca1466f1b0a8d1cc92e26e9bf63da4062aee,73,text/plain,[none],vcs-metadata,FUNWAVE-GPU,False,no explicit vendor marker found; retained in denominator,False,False,False,False,False,False,False,False,False,False,False,,2,models/FUNWAVE/raw/source_code/FUNWAVE-GPU/.git/description,models/FUNWAVE/raw/source_code/FUNWAVE-GPU/.git/description | models/FUNWAVE/raw/source_code/FUNWAVE-TVD/.git/description
models/FUNWAVE/raw/source_code/FUNWAVE-GPU/.git/hooks/applypatch-msg.sample,0223497a0b8b033aa58a3a521b8629869386cf7ab0e2f101963d328aa62193f7,478,text/x-shellscript,.sample,vcs-metadata,FUNWAVE-GPU,False,no explicit vendor marker found; retained in denominator,False,False,False,False,False,False,False,False,False,False,False,,2,models/FUNWAVE/raw/source_code/FUNWAVE-GPU/.git/hooks/applypatch-msg.sample,models/FUNWAVE/raw/source_code/FUNWAVE-GPU/.git/hooks/applypatch-msg.sample | models/FUNWAVE/raw/source_code/FUNWAVE-TVD/.git/hooks/applypatch-msg.sample
models/FUNWAVE/raw/source_code/FUNWAVE-GPU/.git/hooks/commit-msg.sample,1f74d5e9292979b573ebd59741d46cb93ff391acdd083d340b94370753d92437,896,text/x-shellscript,.sample,vcs-metadata,FUNWAVE-GPU,False,no explicit vendor marker found; retained in denominator,False,False,False,False,False,False,False,False,False,False,False,,2,models/FUNWAVE/raw/source_code/FUNWAVE-GPU/.git/hooks/commit-msg.sample,models/FUNWAVE/raw/source_code/FUNWAVE-GPU/.git/hooks/commit-msg.sample | models/FUNWAVE/raw/source_code/FUNWAVE-TVD/.git/hooks/commit-msg.sample
models/FUNWAVE/raw/source_code/FUNWAVE-GPU/.git/hooks/fsmonitor-watchman.sample,e0549964e93897b519bd8e333c037e51fff0f88ba13e086a331592bf801fa1d0,4726,text/x-perl,.sample,vcs-metadata,FUNWAVE-GPU,False,no explicit vendor marker found; retained in denominator,False,False,False,False,False,False,False,False,False,False,False,,2,models/FUNWAVE/raw/source_code/FUNWAVE-GPU/.git/hooks/fsmonitor-watchman.sample,models/FUNWAVE/raw/source_code/FUNWAVE-GPU/.git/hooks/fsmonitor-watchman.sample | models/FUNWAVE/raw/source_code/FUNWAVE-TVD/.git/hooks/fsmonitor-watchman.sample
models/FUNWAVE/raw/source_code/FUNWAVE-GPU/.git/hooks/post-update.sample,81765af2daef323061dcbc5e61fc16481cb74b3bac9ad8a174b186523586f6c5,189,text/x-shellscript,.sample,vcs-metadata,FUNWAVE-GPU,False,no explicit vendor marker found; retained in denominator,False,False,False,False,False,False,False,False,False,False,False,,2,models/FUNWAVE/raw/source_code/FUNWAVE-GPU/.git/hooks/post-update.sample,models/FUNWAVE/raw/source_code/FUNWAVE-GPU/.git/hooks/post-update.sample | models/FUNWAVE/raw/source_code/FUNWAVE-TVD/.git/hooks/post-update.sample
models/FUNWAVE/raw/source_code/FUNWAVE-GPU/.git/hooks/pre-applypatch.sample,e15c5b469ea3e0a695bea6f2c82bcf8e62821074939ddd85b77e0007ff165475,424,text/x-shellscript,.sample,vcs-metadata,FUNWAVE-GPU,False,no explicit vendor marker found; retained in denominator,False,False,False,False,False,False,False,False,False,False,False,,2,models/FUNWAVE/raw/source_code/FUNWAVE-GPU/.git/hooks/pre-applypatch.sample,models/FUNWAVE/raw/source_code/FUNWAVE-GPU/.git/hooks/pre-applypatch.sample | models/FUNWAVE/raw/source_code/FUNWAVE-TVD/.git/hooks/pre-applypatch.sample
models/FUNWAVE/raw/source_code/FUNWAVE-GPU/.git/hooks/pre-commit.sample,f9af7d95eb1231ecf2eba9770fedfa8d4797a12b02d7240e98d568201251244a,1643,text/x-shellscript,.sample,vcs-metadata,FUNWAVE-GPU,False,no explicit vendor marker found; retained in denominator,False,False,False,False,False,False,False,False,False,False,False,,2,models/FUNWAVE/raw/source_code/FUNWAVE-GPU/.git/hooks/pre-commit.sample,models/FUNWAVE/raw/source_code/FUNWAVE-GPU/.git/hooks/pre-commit.sample | models/FUNWAVE/raw/source_code/FUNWAVE-TVD/.git/hooks/pre-commit.sample
models/FUNWAVE/raw/source_code/FUNWAVE-GPU/.git/hooks/pre-merge-commit.sample,d3825a70337940ebbd0a5c072984e13245920cdf8898bd225c8d27a6dfc9cb53,416,text/x-shellscript,.sample,vcs-metadata,FUNWAVE-GPU,False,no explicit vendor marker found; retained in denominator,False,False,False,False,False,False,False,False,False,False,False,,2,models/FUNWAVE/raw/source_code/FUNWAVE-GPU/.git/hooks/pre-merge-commit.sample,models/FUNWAVE/raw/source_code/FUNWAVE-GPU/.git/hooks/pre-merge-commit.sample | models/FUNWAVE/raw/source_code/FUNWAVE-TVD/.git/hooks/pre-merge-commit.sample
models/FUNWAVE/raw/source_code/FUNWAVE-GPU/.git/hooks/pre-push.sample,ecce9c7e04d3f5dd9d8ada81753dd1d549a9634b26770042b58dda00217d086a,1374,text/x-shellscript,.sample,vcs-metadata,FUNWAVE-GPU,False,no explicit vendor marker found; retained in denominator,False,False,False,False,False,False,False,False,False,False,False,,2,models/FUNWAVE/raw/source_code/FUNWAVE-GPU/.git/hooks/pre-push.sample,models/FUNWAVE/raw/source_code/FUNWAVE-GPU/.git/hooks/pre-push.sample | models/FUNWAVE/raw/source_code/FUNWAVE-TVD/.git/hooks/pre-push.sample
models/FUNWAVE/raw/source_code/FUNWAVE-GPU/.git/hooks/pre-rebase.sample,4febce867790052338076f4e66cc47efb14879d18097d1d61c8261859eaaa7b3,4898,text/x-shellscript,.sample,vcs-metadata,FUNWAVE-GPU,False,no explicit vendor marker found; retained in denominator,False,False,False,False,False,False,False,False,False,False,False,,2,models/FUNWAVE/raw/source_code/FUNWAVE-GPU/.git/hooks/pre-rebase.sample,models/FUNWAVE/raw/source_code/FUNWAVE-GPU/.git/hooks/pre-rebase.sample | models/FUNWAVE/raw/source_code/FUNWAVE-TVD/.git/hooks/pre-rebase.sample
models/FUNWAVE/raw/source_code/FUNWAVE-GPU/.git/hooks/pre-receive.sample,a4c3d2b9c7bb3fd8d1441c31bd4ee71a595d66b44fcf49ddb310252320169989,544,text/x-shellscript,.sample,vcs-metadata,FUNWAVE-GPU,False,no explicit vendor marker found; retained in denominator,False,False,False,False,False,False,False,False,False,False,False,,2,models/FUNWAVE/raw/source_code/FUNWAVE-GPU/.git/hooks/pre-receive.sample,models/FUNWAVE/raw/source_code/FUNWAVE-GPU/.git/hooks/pre-receive.sample | models/FUNWAVE/raw/source_code/FUNWAVE-TVD/.git/hooks/pre-receive.sample
models/FUNWAVE/raw/source_code/FUNWAVE-GPU/.git/hooks/prepare-commit-msg.sample,e9ddcaa4189fddd25ed97fc8c789eca7b6ca16390b2392ae3276f0c8e1aa4619,1492,text/x-shellscript,.sample,vcs-metadata,FUNWAVE-GPU,False,no explicit vendor marker found; retained in denominator,False,False,False,False,False,False,False,False,False,False,False,,2,models/FUNWAVE/raw/source_code/FUNWAVE-GPU/.git/hooks/prepare-commit-msg.sample,models/FUNWAVE/raw/source_code/FUNWAVE-GPU/.git/hooks/prepare-commit-msg.sample | models/FUNWAVE/raw/source_code/FUNWAVE-TVD/.git/hooks/prepare-commit-msg.sample
models/FUNWAVE/raw/source_code/FUNWAVE-GPU/.git/hooks/push-to-checkout.sample,a53d0741798b287c6dd7afa64aee473f305e65d3f49463bb9d7408ec3b12bf5f,2783,text/x-shellscript,.sample,vcs-metadata,FUNWAVE-GPU,False,no explicit vendor marker found; retained in denominator,False,False,False,False,False,False,False,False,False,False,False,,2,models/FUNWAVE/raw/source_code/FUNWAVE-GPU/.git/hooks/push-to-checkout.sample,models/FUNWAVE/raw/source_code/FUNWAVE-GPU/.git/hooks/push-to-checkout.sample | models/FUNWAVE/raw/source_code/FUNWAVE-TVD/.git/hooks/push-to-checkout.sample
models/FUNWAVE/raw/source_code/FUNWAVE-GPU/.git/hooks/sendemail-validate.sample,44ebfc923dc5466bc009602f0ecf067b9c65459abfe8868ddc49b78e6ced7a92,2308,text/x-shellscript,.sample,vcs-metadata,FUNWAVE-GPU,False,no explicit vendor marker found; retained in denominator,False,False,False,False,False,False,False,False,False,False,False,,2,models/FUNWAVE/raw/source_code/FUNWAVE-GPU/.git/hooks/sendemail-validate.sample,models/FUNWAVE/raw/source_code/FUNWAVE-GPU/.git/hooks/sendemail-validate.sample | models/FUNWAVE/raw/source_code/FUNWAVE-TVD/.git/hooks/sendemail-validate.sample
models/FUNWAVE/raw/source_code/FUNWAVE-GPU/.git/hooks/update.sample,8d5f2fa83e103cf08b57eaa67521df9194f45cbdbcb37da52ad586097a14d106,3650,text/x-shellscript,.sample,vcs-metadata,FUNWAVE-GPU,False,no explicit vendor marker found; retained in denominator,False,False,False,False,False,False,False,False,False,False,False,,2,models/FUNWAVE/raw/source_code/FUNWAVE-GPU/.git/hooks/update.sample,models/FUNWAVE/raw/source_code/FUNWAVE-GPU/.git/hooks/update.sample | models/FUNWAVE/raw/source_code/FUNWAVE-TVD/.git/hooks/update.sample
models/FUNWAVE/raw/source_code/FUNWAVE-GPU/.git/index,39625fee8c4a53876e0d15e85e50cd75479413fdf9ddac445111f6414747ce50,4992,application/octet-stream,[none],vcs-metadata,FUNWAVE-GPU,False,no explicit vendor marker found; retained in denominator,False,False,False,False,False,False,False,False,False,False,False,,1,models/FUNWAVE/raw/source_code/FUNWAVE-GPU/.git/index,
models/FUNWAVE/raw/source_code/FUNWAVE-GPU/.git/info/exclude,6671fe83b7a07c8932ee89164d1f2793b2318058eb8b98dc5c06ee0a5a3b0ec1,240,text/plain,[none],vcs-metadata,FUNWAVE-GPU,False,no explicit vendor marker found; retained in denominator,False,False,False,False,False,False,False,False,False,False,False,,2,models/FUNWAVE/raw/source_code/FUNWAVE-GPU/.git/info/exclude,models/FUNWAVE/raw/source_code/FUNWAVE-GPU/.git/info/exclude | models/FUNWAVE/raw/source_code/FUNWAVE-TVD/.git/info/exclude
models/FUNWAVE/raw/source_code/FUNWAVE-GPU/.git/logs/HEAD,467a19aca99065be2baa51cf0e735f447c69e510a3c7a3e07c0a4f5a41b93c20,185,text/plain,[none],vcs-metadata,FUNWAVE-GPU,False,no explicit vendor marker found; retained in denominator,False,False,False,False,False,False,False,False,False,False,False,,3,models/FUNWAVE/raw/source_code/FUNWAVE-GPU/.git/logs/HEAD,models/FUNWAVE/raw/source_code/FUNWAVE-GPU/.git/logs/HEAD | models/FUNWAVE/raw/source_code/FUNWAVE-GPU/.git/logs/refs/heads/master | models/FUNWAVE/raw/source_code/FUNWAVE-GPU/.git/logs/refs/remotes/origin/HEAD
models/FUNWAVE/raw/source_code/FUNWAVE-GPU/.git/logs/refs/heads/master,467a19aca99065be2baa51cf0e735f447c69e510a3c7a3e07c0a4f5a41b93c20,185,text/plain,[none],vcs-metadata,FUNWAVE-GPU,False,no explicit vendor marker found; retained in denominator,False,False,False,False,False,False,False,False,False,False,False,,3,models/FUNWAVE/raw/source_code/FUNWAVE-GPU/.git/logs/HEAD,models/FUNWAVE/raw/source_code/FUNWAVE-GPU/.git/logs/HEAD | models/FUNWAVE/raw/source_code/FUNWAVE-GPU/.git/logs/refs/heads/master | models/FUNWAVE/raw/source_code/FUNWAVE-GPU/.git/logs/refs/remotes/origin/HEAD
models/FUNWAVE/raw/source_code/FUNWAVE-GPU/.git/logs/refs/remotes/origin/HEAD,467a19aca99065be2baa51cf0e735f447c69e510a3c7a3e07c0a4f5a41b93c20,185,text/plain,[none],vcs-metadata,FUNWAVE-GPU,False,no explicit vendor marker found; retained in denominator,False,False,False,False,False,False,False,False,False,False,False,,3,models/FUNWAVE/raw/source_code/FUNWAVE-GPU/.git/logs/HEAD,models/FUNWAVE/raw/source_code/FUNWAVE-GPU/.git/logs/HEAD | models/FUNWAVE/raw/source_code/FUNWAVE-GPU/.git/logs/refs/heads/master | models/FUNWAVE/raw/source_code/FUNWAVE-GPU/.git/logs/refs/remotes/origin/HEAD
models/FUNWAVE/raw/source_code/FUNWAVE-GPU/.git/objects/pack/pack-3dac0a7ab4d386f713a19645e1edf46e8b10e1bf.idx,129feaa3b619a937f0ee8810866df6f727fef68ffbe7c4bdc226fe9dbbf1d9b3,2864,application/octet-stream,.idx,vcs-metadata,FUNWAVE-GPU,False,no explicit vendor marker found; retained in denominator,False,False,False,False,False,False,False,False,False,False,False,,1,models/FUNWAVE/raw/source_code/FUNWAVE-GPU/.git/objects/pack/pack-3dac0a7ab4d386f713a19645e1edf46e8b10e1bf.idx,
models/FUNWAVE/raw/source_code/FUNWAVE-GPU/.git/objects/pack/pack-3dac0a7ab4d386f713a19645e1edf46e8b10e1bf.pack,a35a1bff14dd09cc35e95c8a6f60b149e37a334822067f49e14539b07211720e,40492196,application/x-git,.pack,vcs-metadata,FUNWAVE-GPU,False,no explicit vendor marker found; retained in denominator,False,False,False,False,False,False,False,False,False,False,False,,1,models/FUNWAVE/raw/source_code/FUNWAVE-GPU/.git/objects/pack/pack-3dac0a7ab4d386f713a19645e1edf46e8b10e1bf.pack,
models/FUNWAVE/raw/source_code/FUNWAVE-GPU/.git/objects/pack/pack-3dac0a7ab4d386f713a19645e1edf46e8b10e1bf.rev,fe1f27ea51832920e47521ccc4e230488a7b3504e35fc56ded7b60be2d97b516,308,application/octet-stream,.rev,vcs-metadata,FUNWAVE-GPU,False,no explicit vendor marker found; retained in denominator,False,False,False,False,False,False,False,False,False,False,False,,1,models/FUNWAVE/raw/source_code/FUNWAVE-GPU/.git/objects/pack/pack-3dac0a7ab4d386f713a19645e1edf46e8b10e1bf.rev,
models/FUNWAVE/raw/source_code/FUNWAVE-GPU/.git/packed-refs,abbc59093903e3d0b6cc5461b1f02fd34a1c160a6dbb97543da9192fcbd28147,114,text/plain,[none],vcs-metadata,FUNWAVE-GPU,False,no explicit vendor marker found; retained in denominator,False,False,False,False,False,False,False,False,False,False,False,,1,models/FUNWAVE/raw/source_code/FUNWAVE-GPU/.git/packed-refs,
models/FUNWAVE/raw/source_code/FUNWAVE-GPU/.git/refs/heads/master,ebc560d0f83e19faa491c85ab8fe7458c6d716c4d139cc3c1f75a1d5ee37f502,41,text/plain,[none],vcs-metadata,FUNWAVE-GPU,False,no explicit vendor marker found; retained in denominator,False,False,False,False,False,False,False,False,False,False,False,,3,models/FUNWAVE/raw/source_code/FUNWAVE-GPU/.git/refs/heads/master,models/FUNWAVE/raw/source_code/FUNWAVE-GPU/.git/refs/heads/master | models/FUNWAVE/raw/source_code/FUNWAVE-GPU/.git/refs/tags/v1.0 | models/FUNWAVE/raw/source_code/FUNWAVE-GPU/.git/shallow
models/FUNWAVE/raw/source_code/FUNWAVE-GPU/.git/refs/remotes/origin/HEAD,cdc65e67690c4c6475174e5ec662b70655246a2f3924354778835ab3be70aa76,32,text/plain,[none],vcs-metadata,FUNWAVE-GPU,False,no explicit vendor marker found; retained in denominator,False,False,False,False,False,False,False,False,False,False,False,,2,models/FUNWAVE/raw/source_code/FUNWAVE-GPU/.git/refs/remotes/origin/HEAD,models/FUNWAVE/raw/source_code/FUNWAVE-GPU/.git/refs/remotes/origin/HEAD | models/FUNWAVE/raw/source_code/FUNWAVE-TVD/.git/refs/remotes/origin/HEAD
models/FUNWAVE/raw/source_code/FUNWAVE-GPU/.git/refs/tags/v1.0,ebc560d0f83e19faa491c85ab8fe7458c6d716c4d139cc3c1f75a1d5ee37f502,41,text/plain,.0,vcs-metadata,FUNWAVE-GPU,False,no explicit vendor marker found; retained in denominator,False,False,False,False,False,False,False,False,False,False,False,,3,models/FUNWAVE/raw/source_code/FUNWAVE-GPU/.git/refs/heads/master,models/FUNWAVE/raw/source_code/FUNWAVE-GPU/.git/refs/heads/master | models/FUNWAVE/raw/source_code/FUNWAVE-GPU/.git/refs/tags/v1.0 | models/FUNWAVE/raw/source_code/FUNWAVE-GPU/.git/shallow
models/FUNWAVE/raw/source_code/FUNWAVE-GPU/.git/shallow,ebc560d0f83e19faa491c85ab8fe7458c6d716c4d139cc3c1f75a1d5ee37f502,41,text/plain,[none],vcs-metadata,FUNWAVE-GPU,False,no explicit vendor marker found; retained in denominator,False,False,False,False,False,False,False,False,False,False,False,,3,models/FUNWAVE/raw/source_code/FUNWAVE-GPU/.git/refs/heads/master,models/FUNWAVE/raw/source_code/FUNWAVE-GPU/.git/refs/heads/master | models/FUNWAVE/raw/source_code/FUNWAVE-GPU/.git/refs/tags/v1.0 | models/FUNWAVE/raw/source_code/FUNWAVE-GPU/.git/shallow
models/FUNWAVE/raw/source_code/FUNWAVE-GPU/LICENSE,fce185c467612e90806bd8e2df40f79c27330e71fff75ea43310a025e0acc0c2,1515,text/plain,[none],documentation-or-build-text,FUNWAVE-GPU,True,no explicit vendor marker found; retained in denominator,False,True,False,False,False,False,True,False,False,False,True,_staging/total-read/pending/reread-20260728/reread20260728-doc-FUNWAVE-000-codex-20260811T012310Z-39a5f5ca/c383c6f0642825cc2d35fb4361de92472ba22166c649ea4cd8041eb1135d519b.json,1,models/FUNWAVE/raw/source_code/FUNWAVE-GPU/LICENSE,
models/FUNWAVE/raw/source_code/FUNWAVE-GPU/cases/cases/README,763c94913599f7220c4b2c96b692d2eed13368734b2fd3ceccdc0221925f2984,293,text/plain,[none],documentation-or-build-text,FUNWAVE-GPU,True,no explicit vendor marker found; retained in denominator,False,True,False,False,False,False,True,False,False,False,True,_staging/total-read/pending/reread-20260728/reread20260728-doc-FUNWAVE-000-codex-20260811T012310Z-39a5f5ca/292514f942252f793e911ddc78bb03ad324026352831e3e77dbcac301bebad15.json,1,models/FUNWAVE/raw/source_code/FUNWAVE-GPU/cases/cases/README,
models/FUNWAVE/raw/source_code/FUNWAVE-GPU/cases/cases/osu_runup/input.txt,d8717e6b161d023800bef2d7dda4d948614bfa6a4353e011cce8fc27a216cea7,2587,text/plain,.txt,documentation-or-build-text,FUNWAVE-GPU,True,no explicit vendor marker found; retained in denominator,False,True,False,False,False,False,True,False,False,False,True,_staging/total-read/pending/reread-20260728/reread20260728-doc-FUNWAVE-000-codex-20260811T012310Z-39a5f5ca/ae31ba82e1b6af35f17328c793dbcdbfcde7484a42d8a10364ab0f620ddc1cad.json,1,models/FUNWAVE/raw/source_code/FUNWAVE-GPU/cases/cases/osu_runup/input.txt,
models/FUNWAVE/raw/source_code/FUNWAVE-GPU/cases/cases/rip_current/bathy2.txt,5b4f130252eba098f20b23441228b975bfde83ab522dfe9188e8c48c8e55cdec,16385000,text/plain,.txt,documentation-or-build-text,FUNWAVE-GPU,True,no explicit vendor marker found; retained in denominator,False,True,False,False,False,False,False,False,False,True,False,_staging/total-read/records/numgrid-FUNWAVE-20260728.jsonl,1,models/FUNWAVE/raw/source_code/FUNWAVE-GPU/cases/cases/rip_current/bathy2.txt,
models/FUNWAVE/raw/source_code/FUNWAVE-GPU/cases/cases/rip_current/input.txt.1024,8e1aa1c03dc9cdf9be91d9eca165771299d520f12ee3008e11eacf38c7d00d4f,4484,text/plain,.1024,case-data-or-output,FUNWAVE-GPU,True,no explicit vendor marker found; retained in denominator,False,True,False,False,False,False,True,False,False,False,True,_staging/total-read/pending/reread-20260728/reread20260728-doc-FUNWAVE-000-codex-20260811T012310Z-39a5f5ca/348319ef19fd8fe04af1f79b752360f3c3aada7cee240d415f01793bb1c84804.json,1,models/FUNWAVE/raw/source_code/FUNWAVE-GPU/cases/cases/rip_current/input.txt.1024,
models/FUNWAVE/raw/source_code/FUNWAVE-GPU/cases/cases/tohoku_tsunami/dart_lonlat.txt,28f48be2506cf9b46d18655428e6a77dcd7622d75ec6d33a86a9f81f6dbcc8c4,707,text/plain,.txt,documentation-or-build-text,FUNWAVE-GPU,True,no explicit vendor marker found; retained in denominator,False,True,False,False,False,False,True,False,False,False,True,_staging/total-read/pending/reread-20260728/reread20260728-doc-FUNWAVE-000-codex-20260811T012310Z-39a5f5ca/f3a310feb586aec889b23443b74ef82b658488892c107c4ff5d6ec3442618d1e.json,1,models/FUNWAVE/raw/source_code/FUNWAVE-GPU/cases/cases/tohoku_tsunami/dart_lonlat.txt,
models/FUNWAVE/raw/source_code/FUNWAVE-GPU/cases/cases/tohoku_tsunami/input.txt.3min,883cbc8067044734842e4d0131fe48cde7888babed4285e5f86a7e83fd33d975,2606,text/plain,.3min,case-data-or-output,FUNWAVE-GPU,True,no explicit vendor marker found; retained in denominator,False,True,False,False,False,False,True,False,False,False,True,_staging/total-read/pending/reread-20260728/reread20260728-doc-FUNWAVE-000-codex-20260811T012310Z-39a5f5ca/0c59b3f9c08f2c6e16e5c9fadc2f7c8384ba91627b00d822ffc7d530f3db1fbe.json,1,models/FUNWAVE/raw/source_code/FUNWAVE-GPU/cases/cases/tohoku_tsunami/input.txt.3min,
models/FUNWAVE/raw/source_code/FUNWAVE-GPU/cases/cases/tohoku_tsunami/pac_3min.tar.gz,1a538bb0df677522d77be34e0750363a3aab5ff78e75654dfa3085144bdadf17,37663082,application/gzip,.gz,archive,FUNWAVE-GPU,True,no explicit vendor marker found; retained in denominator,False,False,False,False,False,False,False,False,False,True,False,_staging/total-read/records/binauto-code_FUNWAVE.jsonl,1,models/FUNWAVE/raw/source_code/FUNWAVE-GPU/cases/cases/tohoku_tsunami/pac_3min.tar.gz,
models/FUNWAVE/raw/source_code/FUNWAVE-GPU/cases/cases/tohoku_tsunami/stations-pacific.txt,ae213d272994eb2e9db59bdc33cac82a431c22f8ba20afb4c9bd4331dbeb5ae6,702,text/plain,.txt,documentation-or-build-text,FUNWAVE-GPU,True,no explicit vendor marker found; retained in denominator,False,True,False,False,False,False,True,False,False,False,True,_staging/total-read/pending/reread-20260728/reread20260728-doc-FUNWAVE-000-codex-20260811T012310Z-39a5f5ca/40721fc814be7d3fbad85d48e7969fa6b21ead78c7fe4eda3d8d75dad7929eac.json,1,models/FUNWAVE/raw/source_code/FUNWAVE-GPU/cases/cases/tohoku_tsunami/stations-pacific.txt,
models/FUNWAVE/raw/source_code/FUNWAVE-GPU/src/Makefile,0059e5ae933deda73060988669822b825fd3e6ccba4cc3d874aca1fab556a04c,4388,text/x-file,[none],documentation-or-build-text,FUNWAVE-GPU,True,no explicit vendor marker found; retained in denominator,False,True,False,False,False,False,True,False,False,False,True,_staging/total-read/pending/reread-20260728/reread20260728-doc-FUNWAVE-000-codex-20260811T012310Z-39a5f5ca/94067fc93e552a2febcc5fc15c482670f854d0e8b40c41959e8de7331c4bffbd.json,1,models/FUNWAVE/raw/source_code/FUNWAVE-GPU/src/Makefile,
models/FUNWAVE/raw/source_code/FUNWAVE-GPU/src/Makefile_cuda,f85c5ef9a1a4853c77fc4f22a31099f4986a247e9d4d868dd6d3fa0866762ed4,4721,text/x-file,[none],documentation-or-build-text,FUNWAVE-GPU,True,no explicit vendor marker found; retained in denominator,False,True,False,False,False,False,True,False,False,False,True,_staging/total-read/pending/reread-20260728/reread20260728-doc-FUNWAVE-000-codex-20260811T012310Z-39a5f5ca/2b1331302e17378d8b3d0aee04bc6d8736acf610f3952e4730ad1aca195a93fd.json,1,models/FUNWAVE/raw/source_code/FUNWAVE-GPU/src/Makefile_cuda,
models/FUNWAVE/raw/source_code/FUNWAVE-GPU/src/Makefile_cuda.orig,ec08afc1a54afc9c7cbf73bd17409bc9ddebd2b71febb240b64b64cd926cf309,4717,text/x-file,.orig,documentation-or-build-text,FUNWAVE-GPU,False,no explicit vendor marker found; retained in denominator,False,True,False,False,False,False,True,False,False,False,True,_staging/total-read/pending/reread-20260728/reread20260728-doc-FUNWAVE-000-codex-20260811T012310Z-39a5f5ca/ec55b52681a376db75a09c43b2d4ea8effa54ae2b1898149da0e6731f894a8ff.json,1,models/FUNWAVE/raw/source_code/FUNWAVE-GPU/src/Makefile_cuda.orig,
models/FUNWAVE/raw/source_code/FUNWAVE-GPU/src/Makefile_mgpu,1c30ddcdc6caf588d969ac5f39035883bf0a1183e0a693283cf0b9440c8cc9c8,4638,text/x-file,[none],documentation-or-build-text,FUNWAVE-GPU,True,no explicit vendor marker found; retained in denominator,False,True,False,False,False,False,True,False,False,False,True,_staging/total-read/pending/reread-20260728/reread20260728-doc-FUNWAVE-000-codex-20260811T012310Z-39a5f5ca/a5bdad6d140efd8e4c6467a8a9e4ffb5c988717d90333f91770b28c1ab0ae00f.json,1,models/FUNWAVE/raw/source_code/FUNWAVE-GPU/src/Makefile_mgpu,
models/FUNWAVE/raw/source_code/FUNWAVE-GPU/src/Makefile_paral,55a87091762ab7400a8c0c11672c37fcb1304890d902a5ee224653793593b82d,4456,text/x-file,[none],documentation-or-build-text,FUNWAVE-GPU,True,no explicit vendor marker found; retained in denominator,False,True,False,False,False,False,True,False,False,False,True,_staging/total-read/pending/reread-20260728/reread20260728-doc-FUNWAVE-000-codex-20260811T012310Z-39a5f5ca/f03fd79399c3804ee20aea64efe06c95a2c5a2e8b362f287d05147900f611b7b.json,1,models/FUNWAVE/raw/source_code/FUNWAVE-GPU/src/Makefile_paral,
models/FUNWAVE/raw/source_code/FUNWAVE-GPU/src/Makefile_ser,37fb61cf10bc2f8e2efdc3869d2b0c43504108b3bf738c6f8517d4ef8bf7a17c,4399,text/x-file,[none],documentation-or-build-text,FUNWAVE-GPU,True,no explicit vendor marker found; retained in denominator,False,True,False,False,False,False,True,False,False,False,True,_staging/total-read/pending/reread-20260728/reread20260728-doc-FUNWAVE-000-codex-20260811T012310Z-39a5f5ca/1f30d1c2c5dae314cec7701da95abe82d99a213bc4d7062bec167de196d1180f.json,1,models/FUNWAVE/raw/source_code/FUNWAVE-GPU/src/Makefile_ser,
models/FUNWAVE/raw/source_code/FUNWAVE-GPU/src/bathy_correction_module.mod,361bcbfce34a6693172294296262b756d518b892f499ab00d02197a06309d99c,20184,text/plain,.mod,generated-build,FUNWAVE-GPU,False,no explicit vendor marker found; retained in denominator,False,True,False,False,False,False,True,False,False,False,True,_staging/total-read/pending/reread-20260728/reread20260728-doc-FUNWAVE-000-codex-20260811T012310Z-39a5f5ca/49c668109d92c3d4468052d9bbb7c32a1622bd6560d6d40d2644ad7bb55d6695.json,1,models/FUNWAVE/raw/source_code/FUNWAVE-GPU/src/bathy_correction_module.mod,
models/FUNWAVE/raw/source_code/FUNWAVE-GPU/src/bc.F,0e50a711cb79f95e950ae51e8540ab0c07a15d7dacdcf8ff34ac16b1b8f2fd0b,32747,text/plain,.f,solver-or-case-source,FUNWAVE-GPU,True,no explicit vendor marker found; retained in denominator,True,True,True,True,True,True,False,False,False,False,True,_staging/total-read/pending/reread-20260728/reread20260728-code-FUNWAVE-000-codexaudit-20260826T022956Z-b1ecf500/d9c0db9d00c7012981fa4d754dfa491c5725547505f745a5a22f9bdd07d001b2.json | _staging/total-read/pending/reread-20260728/reread20260728-code-FUNWAVE-000-fable5-20260813T012841Z-2131dcc5/d9c0db9d00c7012981fa4d754dfa491c5725547505f745a5a22f9bdd07d001b2.json | _staging/total-read/records-crosswalk/reread-20260728/FUNWAVE-000/FUNWAVE__raw__source_code__FUNWAVE-GPU__src__bc.F.crosswalk.json,1,models/FUNWAVE/raw/source_code/FUNWAVE-GPU/src/bc.F,
models/FUNWAVE/raw/source_code/FUNWAVE-GPU/src/bc.o,11b617f45d5fefd324e6c57cb40a1c0a07a0a7ad26eebea3f9570ed9f9165369,48216,application/x-object,.o,generated-build,FUNWAVE-GPU,False,no explicit vendor marker found; retained in denominator,False,False,False,False,False,False,False,False,False,True,False,_staging/total-read/records/binauto-code_FUNWAVE.jsonl,1,models/FUNWAVE/raw/source_code/FUNWAVE-GPU/src/bc.o,
models/FUNWAVE/raw/source_code/FUNWAVE-GPU/src/boundary_condition_module.mod,ed887af498d34aac27da7fb3459c68b3753c264a706d6b9f11332437256aec14,60097,text/plain,.mod,generated-build,FUNWAVE-GPU,False,no explicit vendor marker found; retained in denominator,False,True,False,False,False,False,True,False,False,False,True,_staging/total-read/pending/reread-20260728/reread20260728-doc-FUNWAVE-000-codex-20260811T012310Z-39a5f5ca/f87979b0772090267dabaab5e5ee34c12096bc6860d48655982a83df31938793.json,1,models/FUNWAVE/raw/source_code/FUNWAVE-GPU/src/boundary_condition_module.mod,
models/FUNWAVE/raw/source_code/FUNWAVE-GPU/src/breaker.F,c591db049ac4e7dc9125bc2bc8004fc599486f73f1216fe7d5a6786d35df5001,10480,text/plain,.f,solver-or-case-source,FUNWAVE-GPU,True,no explicit vendor marker found; retained in denominator,True,True,True,True,True,True,False,False,False,False,True,_staging/total-read/pending/reread-20260728/reread20260728-code-FUNWAVE-000-codexaudit-20260826T022956Z-b1ecf500/8296b045d9b04ac5b0b95c9cae4aac8f3732a92099947be16c6f17b31f4dce23.json | _staging/total-read/pending/reread-20260728/reread20260728-code-FUNWAVE-000-fable5-20260813T012841Z-2131dcc5/8296b045d9b04ac5b0b95c9cae4aac8f3732a92099947be16c6f17b31f4dce23.json | _staging/total-read/records-crosswalk/reread-20260728/FUNWAVE-000/FUNWAVE__raw__source_code__FUNWAVE-GPU__src__breaker.F.crosswalk.json,1,models/FUNWAVE/raw/source_code/FUNWAVE-GPU/src/breaker.F,
models/FUNWAVE/raw/source_code/FUNWAVE-GPU/src/breaker.o,07e1d26b1c48d2cbb1e09d3640b22e72ce14308eb5f202f2e153fdeb41b05e13,13968,application/x-object,.o,generated-build,FUNWAVE-GPU,False,no explicit vendor marker found; retained in denominator,False,False,False,False,False,False,False,False,False,True,False,_staging/total-read/records/binauto-code_FUNWAVE.jsonl,1,models/FUNWAVE/raw/source_code/FUNWAVE-GPU/src/breaker.o,
models/FUNWAVE/raw/source_code/FUNWAVE-GPU/src/breaker_gpu.F,c69b53ee9f2eee590a6f5bc031cf2959d17da34decd3d758b0a5856309119c1f,11441,text/plain,.f,solver-or-case-source,FUNWAVE-GPU,True,no explicit vendor marker found; retained in denominator,True,True,True,True,True,True,False,False,False,False,True,_staging/total-read/pending/reread-20260728/reread20260728-code-FUNWAVE-000-codexaudit-20260826T022956Z-b1ecf500/cc467e0c883c7e82fef064e96f38afc1bd436b074ae37fec3e56905adba48467.json | _staging/total-read/pending/reread-20260728/reread20260728-code-FUNWAVE-000-fable5-20260813T012841Z-2131dcc5/cc467e0c883c7e82fef064e96f38afc1bd436b074ae37fec3e56905adba48467.json | _staging/total-read/records-crosswalk/reread-20260728/FUNWAVE-000/FUNWAVE__raw__source_code__FUNWAVE-GPU__src__breaker_gpu.F.crosswalk.json,1,models/FUNWAVE/raw/source_code/FUNWAVE-GPU/src/breaker_gpu.F,
models/FUNWAVE/raw/source_code/FUNWAVE-GPU/src/breaker_gpu.o,346a20a9973ad7bbb6a36c39d393cc613d1f6e8746e4a4fbc6ba4915ea1791b1,83744,application/x-object,.o,generated-build,FUNWAVE-GPU,False,no explicit vendor marker found; retained in denominator,False,False,False,False,False,False,False,False,False,True,False,_staging/total-read/records/binauto-code_FUNWAVE.jsonl,1,models/FUNWAVE/raw/source_code/FUNWAVE-GPU/src/breaker_gpu.o,
models/FUNWAVE/raw/source_code/FUNWAVE-GPU/src/calculate_mean_module.mod,d3d3a97347656272b883cb4c83ec5f72be8e9887d27f05d589c273c39509e6a7,42824,text/plain,.mod,generated-build,FUNWAVE-GPU,False,no explicit vendor marker found; retained in denominator,False,True,False,False,False,False,True,False,False,False,True,_staging/total-read/pending/reread-20260728/reread20260728-doc-FUNWAVE-000-codex-20260811T012310Z-39a5f5ca/256ba0d4a149f5758a5a9db7e2c42196657460382acb90fc1d4d8f0bc673b573.json,1,models/FUNWAVE/raw/source_code/FUNWAVE-GPU/src/calculate_mean_module.mod,
models/FUNWAVE/raw/source_code/FUNWAVE-GPU/src/derivatives.F,d53019e11741de38138f16de47704786d9b116f2c9a90bd5c72c6101b0c4b53e,14293,text/plain,.f,solver-or-case-source,FUNWAVE-GPU,True,no explicit vendor marker found; retained in denominator,True,True,True,True,True,True,False,False,False,False,True,_staging/total-read/pending/reread-20260728/reread20260728-code-FUNWAVE-000-codexaudit-20260826T022956Z-b1ecf500/f3afa94b232809e7ff8c685f6d3c49665b576a17a3339114bbca3f056e778467.json | _staging/total-read/pending/reread-20260728/reread20260728-code-FUNWAVE-000-fable5-20260813T012841Z-2131dcc5/f3afa94b232809e7ff8c685f6d3c49665b576a17a3339114bbca3f056e778467.json | _staging/total-read/records-crosswalk/reread-20260728/FUNWAVE-000/FUNWAVE__raw__source_code__FUNWAVE-GPU__src__derivatives.F.crosswalk.json,2,models/FUNWAVE/raw/source_code/FUNWAVE-GPU/src/derivatives.F,models/FUNWAVE/raw/source_code/FUNWAVE-GPU/src/derivatives.F | models/FUNWAVE/raw/source_code/FUNWAVE-TVD/src/derivatives.F
models/FUNWAVE/raw/source_code/FUNWAVE-GPU/src/derivatives.o,7a818e8631fa998cd3262e20f21f64cd9d89eb6346948b872028d58d16df870e,10232,application/x-object,.o,generated-build,FUNWAVE-GPU,False,no explicit vendor marker found; retained in denominator,False,False,False,False,False,False,False,False,False,True,False,_staging/total-read/records/binauto-code_FUNWAVE.jsonl,1,models/FUNWAVE/raw/source_code/FUNWAVE-GPU/src/derivatives.o,
models/FUNWAVE/raw/source_code/FUNWAVE-GPU/src/dispersion.F,5a5028cd619cc3d289a0bc20e0a7532adf1375ce31a6c8454458c728a5050d8b,18618,text/plain,.f,solver-or-case-source,FUNWAVE-GPU,True,no explicit vendor marker found; retained in denominator,True,True,True,True,True,True,False,False,False,False,True,_staging/total-read/pending/reread-20260728/reread20260728-code-FUNWAVE-000-codexaudit-20260826T022956Z-b1ecf500/dc22e322299801fff35bbd39dab5eb8d2feda89f31f5d1aff923e03717487af7.json | _staging/total-read/pending/reread-20260728/reread20260728-code-FUNWAVE-000-fable5-20260813T012841Z-2131dcc5/dc22e322299801fff35bbd39dab5eb8d2feda89f31f5d1aff923e03717487af7.json | _staging/total-read/records-crosswalk/reread-20260728/FUNWAVE-000/FUNWAVE__raw__source_code__FUNWAVE-GPU__src__dispersion.F.crosswalk.json,1,models/FUNWAVE/raw/source_code/FUNWAVE-GPU/src/dispersion.F,
models/FUNWAVE/raw/source_code/FUNWAVE-GPU/src/dispersion.o,1c95b04d70780e41868e2d0cc1795bbf18827ad5a55a29e6b6694bf76eadbaf6,40616,application/x-object,.o,generated-build,FUNWAVE-GPU,False,no explicit vendor marker found; retained in denominator,False,False,False,False,False,False,False,False,False,True,False,_staging/total-read/records/binauto-code_FUNWAVE.jsonl,1,models/FUNWAVE/raw/source_code/FUNWAVE-GPU/src/dispersion.o,
models/FUNWAVE/raw/source_code/FUNWAVE-GPU/src/dispersionfluxessources.mod,74c4f5d92d972311372ee4eab4cd967b5f3816eb205c0bbf4d572f96d096d63e,139692,text/plain,.mod,generated-build,FUNWAVE-GPU,False,no explicit vendor marker found; retained in denominator,False,True,False,False,False,False,True,False,False,False,True,_staging/total-read/pending/reread-20260728/reread20260728-doc-FUNWAVE-000-codex-20260811T012310Z-39a5f5ca/5c4c97f3962bc8b4f8c4edb7c9591a3130f6ae8a416fb0e461f0030bf87573b3.json,1,models/FUNWAVE/raw/source_code/FUNWAVE-GPU/src/dispersionfluxessources.mod,
models/FUNWAVE/raw/source_code/FUNWAVE-GPU/src/etauv_solver.F,05f5380ea682ecb10c1a0903e5ae2107789744f411e3113685ba787fe87713d6,18023,text/plain,.f,solver-or-case-source,FUNWAVE-GPU,True,no explicit vendor marker found; retained in denominator,True,True,True,True,True,True,False,False,False,False,True,_staging/total-read/pending/reread-20260728/reread20260728-code-FUNWAVE-000-codexaudit-20260826T022956Z-b1ecf500/526bf753bb80885e1819fc1fc0a9b3115d78df10104a9e1b1ffbe4151b520a62.json | _staging/total-read/pending/reread-20260728/reread20260728-code-FUNWAVE-000-fable5-20260813T012841Z-2131dcc5/526bf753bb80885e1819fc1fc0a9b3115d78df10104a9e1b1ffbe4151b520a62.json | _staging/total-read/records-crosswalk/reread-20260728/FUNWAVE-000/FUNWAVE__raw__source_code__FUNWAVE-GPU__src__etauv_solver.F.crosswalk.json,1,models/FUNWAVE/raw/source_code/FUNWAVE-GPU/src/etauv_solver.F,
models/FUNWAVE/raw/source_code/FUNWAVE-GPU/src/etauv_solver.o,0bd73ced91f9b5d5761c9c685e3c1d5cfc4f3e8ae0ad823de0d841102460c140,38832,application/x-object,.o,generated-build,FUNWAVE-GPU,False,no explicit vendor marker found; retained in denominator,False,False,False,False,False,False,False,False,False,True,False,_staging/total-read/records/binauto-code_FUNWAVE.jsonl,1,models/FUNWAVE/raw/source_code/FUNWAVE-GPU/src/etauv_solver.o,
models/FUNWAVE/raw/source_code/FUNWAVE-GPU/src/etauv_solver_gpu.F,267cbd3229e078253ef95a3bbd99dde3e366fd1aae0ffda90c84380fa563df8d,82513,text/plain,.f,solver-or-case-source,FUNWAVE-GPU,True,no explicit vendor marker found; retained in denominator,True,True,True,True,True,True,False,False,False,False,True,_staging/total-read/pending/reread-20260728/reread20260728-code-FUNWAVE-000-codexaudit-20260826T022956Z-b1ecf500/b5fe763a946ceed20b08df2943467171d3ddd5db8824e50b89013002d5a0ace5.json | _staging/total-read/pending/reread-20260728/reread20260728-code-FUNWAVE-000-fable5-20260813T012841Z-2131dcc5/b5fe763a946ceed20b08df2943467171d3ddd5db8824e50b89013002d5a0ace5.json | _staging/total-read/records-crosswalk/reread-20260728/FUNWAVE-000/FUNWAVE__raw__source_code__FUNWAVE-GPU__src__etauv_solver_gpu.F.crosswalk.json,1,models/FUNWAVE/raw/source_code/FUNWAVE-GPU/src/etauv_solver_gpu.F,
models/FUNWAVE/raw/source_code/FUNWAVE-GPU/src/etauv_solver_gpu.o,8b422be782a43ebf5f708d50beff61f7d4c8fc8eb242344b4f414b394933d0b5,350368,application/x-object,.o,generated-build,FUNWAVE-GPU,False,no explicit vendor marker found; retained in denominator,False,False,False,False,False,False,False,False,False,True,False,_staging/total-read/records/binauto-code_FUNWAVE.jsonl,1,models/FUNWAVE/raw/source_code/FUNWAVE-GPU/src/etauv_solver_gpu.o,
models/FUNWAVE/raw/source_code/FUNWAVE-GPU/src/etauv_solver_module.mod,20b7c252b394a52b3b4b45ac2914814c273911a79b3baf2e197450523a216161,146296,text/plain,.mod,generated-build,FUNWAVE-GPU,False,no explicit vendor marker found; retained in denominator,False,True,False,False,False,False,True,False,False,False,True,_staging/total-read/pending/reread-20260728/reread20260728-doc-FUNWAVE-000-codex-20260811T012310Z-39a5f5ca/2b0e38b0925684e0761409c81444c76f6ddc350354b1b8b83165f88796244eb1.json,1,models/FUNWAVE/raw/source_code/FUNWAVE-GPU/src/etauv_solver_module.mod,
models/FUNWAVE/raw/source_code/FUNWAVE-GPU/src/exchange_gpu.F,40a4a399a93bd445ade7b3661d054e95cbbd9e227e83e42fb07a1eaff7c7a0c2,53023,text/plain,.f,solver-or-case-source,FUNWAVE-GPU,True,no explicit vendor marker found; retained in denominator,True,True,True,True,True,True,False,False,False,False,True,_staging/total-read/pending/reread-20260728/reread20260728-code-FUNWAVE-000-codexaudit-20260826T022956Z-b1ecf500/7c4a25da62c3f41737cc1d20c29ad58832aa5de4b025c53403fef72382017221.json | _staging/total-read/pending/reread-20260728/reread20260728-code-FUNWAVE-000-fable5-20260813T012841Z-2131dcc5/7c4a25da62c3f41737cc1d20c29ad58832aa5de4b025c53403fef72382017221.json | _staging/total-read/records-crosswalk/reread-20260728/FUNWAVE-000/FUNWAVE__raw__source_code__FUNWAVE-GPU__src__exchange_gpu.F.crosswalk.json,1,models/FUNWAVE/raw/source_code/FUNWAVE-GPU/src/exchange_gpu.F,
models/FUNWAVE/raw/source_code/FUNWAVE-GPU/src/exchange_gpu.o,f3df8b5dfe5f14409ad5f25580ce905755b0610fd16012bf973d4e24ab9298cd,211776,application/x-object,.o,generated-build,FUNWAVE-GPU,False,no explicit vendor marker found; retained in denominator,False,False,False,False,False,False,False,False,False,True,False,_staging/total-read/records/binauto-code_FUNWAVE.jsonl,1,models/FUNWAVE/raw/source_code/FUNWAVE-GPU/src/exchange_gpu.o,
models/FUNWAVE/raw/source_code/FUNWAVE-GPU/src/exchange_gpu0819.F,ef95801d76e4e2abba8ad0107be70d1aa4eed0e34fde6aa58ccc94312371c53c,52290,text/plain,.f,solver-or-case-source,FUNWAVE-GPU,True,no explicit vendor marker found; retained in denominator,True,True,True,True,True,True,False,False,False,False,True,_staging/total-read/pending/reread-20260728/reread20260728-code-FUNWAVE-000-codexaudit-20260826T022956Z-b1ecf500/99c935deeac265d93d745d66039e84adbd19d0461ac5da5593029a3e48181b8b.json | _staging/total-read/pending/reread-20260728/reread20260728-code-FUNWAVE-000-fable5-20260813T012841Z-2131dcc5/99c935deeac265d93d745d66039e84adbd19d0461ac5da5593029a3e48181b8b.json | _staging/total-read/records-crosswalk/reread-20260728/FUNWAVE-000/FUNWAVE__raw__source_code__FUNWAVE-GPU__src__exchange_gpu0819.F.crosswalk.json,1,models/FUNWAVE/raw/source_code/FUNWAVE-GPU/src/exchange_gpu0819.F,
models/FUNWAVE/raw/source_code/FUNWAVE-GPU/src/fluxes.F,74c3e74e875cfe62c3631af3a30141c8e9dd66c3b17659d598f7b209ceedcb19,57751,text/plain,.f,solver-or-case-source,FUNWAVE-GPU,True,no explicit vendor marker found; retained in denominator,True,True,True,True,True,True,False,False,False,False,True,_staging/total-read/pending/reread-20260728/reread20260728-code-FUNWAVE-000-codexaudit-20260826T022956Z-b1ecf500/cc4344949aa0cd95b5c1b53c8752c42b5ede0262d1a6d2342bba53cb67949f68.json | _staging/total-read/pending/reread-20260728/reread20260728-code-FUNWAVE-000-fable5-20260813T012841Z-2131dcc5/cc4344949aa0cd95b5c1b53c8752c42b5ede0262d1a6d2342bba53cb67949f68.json | _staging/total-read/records-crosswalk/reread-20260728/FUNWAVE-000/FUNWAVE__raw__source_code__FUNWAVE-GPU__src__fluxes.F.crosswalk.json,1,models/FUNWAVE/raw/source_code/FUNWAVE-GPU/src/fluxes.F,
models/FUNWAVE/raw/source_code/FUNWAVE-GPU/src/fluxes.o,1cbed3b13a5929e0d77f659899c9378f439b00b5155391a7327cf08286386b1c,140320,application/x-object,.o,generated-build,FUNWAVE-GPU,False,no explicit vendor marker found; retained in denominator,False,False,False,False,False,False,False,False,False,True,False,_staging/total-read/records/binauto-code_FUNWAVE.jsonl,1,models/FUNWAVE/raw/source_code/FUNWAVE-GPU/src/fluxes.o,
models/FUNWAVE/raw/source_code/FUNWAVE-GPU/src/funwave_fullcuda,998fcc1e0ca814cee7726e58c78bb8ec0562302b0390bfe9e2883ac71d7f5b25,4297816,application/x-executable,[none],generated-build,FUNWAVE-GPU,False,no explicit vendor marker found; retained in denominator,False,False,False,False,False,False,False,False,False,True,False,_staging/total-read/records/binauto-code_FUNWAVE.jsonl,1,models/FUNWAVE/raw/source_code/FUNWAVE-GPU/src/funwave_fullcuda,
models/FUNWAVE/raw/source_code/FUNWAVE-GPU/src/global.mod,1e9a521bc7205ea5326d2ddc8017a4a4b89e60c331a1527aba9a05a1fea0d24a,402820,text/plain,.mod,generated-build,FUNWAVE-GPU,False,no explicit vendor marker found; retained in denominator,False,True,False,False,False,False,False,False,False,True,False,_staging/total-read/records/numgrid-FUNWAVE-20260728.jsonl,1,models/FUNWAVE/raw/source_code/FUNWAVE-GPU/src/global.mod,
models/FUNWAVE/raw/source_code/FUNWAVE-GPU/src/init.F,90ea5cfd3b79ecccfa81740b62ed87f5259250842c7f3f3215696dc4b568a778,32066,text/plain,.f,solver-or-case-source,FUNWAVE-GPU,True,no explicit vendor marker found; retained in denominator,True,False,False,False,False,False,False,True,False,False,True,_staging/total-read/records/all-FUNWAVE-001.jsonl,1,models/FUNWAVE/raw/source_code/FUNWAVE-GPU/src/init.F,
models/FUNWAVE/raw/source_code/FUNWAVE-GPU/src/init.o,4ce5615a989c173decdd56e13f1ea678e2c60bb7a25885ec772036ed75126ebf,344288,application/x-object,.o,generated-build,FUNWAVE-GPU,False,no explicit vendor marker found; retained in denominator,False,False,False,False,False,False,False,False,False,True,False,_staging/total-read/records/binauto-code_FUNWAVE.jsonl,1,models/FUNWAVE/raw/source_code/FUNWAVE-GPU/src/init.o,
models/FUNWAVE/raw/source_code/FUNWAVE-GPU/src/init_gpu.F,68e9e8a9a877a4bcf4ce04bd740d456f75a14c21bdbef68c2528e8a85df1ba23,19366,text/plain,.f,solver-or-case-source,FUNWAVE-GPU,True,no explicit vendor marker found; retained in denominator,True,False,False,False,False,False,False,True,False,False,True,_staging/total-read/records/all-FUNWAVE-001.jsonl,1,models/FUNWAVE/raw/source_code/FUNWAVE-GPU/src/init_gpu.F,
models/FUNWAVE/raw/source_code/FUNWAVE-GPU/src/init_gpu.mod,a96dfcf768213f949eaf28560dc44b0de4e9e4a330eaf41980c494a190e2ba85,34461,text/plain,.mod,generated-build,FUNWAVE-GPU,False,no explicit vendor marker found; retained in denominator,False,True,False,False,False,False,True,False,False,False,True,_staging/total-read/pending/reread-20260728/reread20260728-doc-FUNWAVE-000-codex-20260811T012310Z-39a5f5ca/df74232a3f921e99fd969eb3734750c74943a573b6d8c88f38ce432e50080d66.json,1,models/FUNWAVE/raw/source_code/FUNWAVE-GPU/src/init_gpu.mod,
models/FUNWAVE/raw/source_code/FUNWAVE-GPU/src/init_gpu.o,bde39ec9d3dd68fcb27bb7db941d695a1fbc43f1d47d1439bca3676f53de781b,541040,application/x-object,.o,generated-build,FUNWAVE-GPU,False,no explicit vendor marker found; retained in denominator,False,False,False,False,False,False,False,False,False,True,False,_staging/total-read/records/binauto-code_FUNWAVE.jsonl,1,models/FUNWAVE/raw/source_code/FUNWAVE-GPU/src/init_gpu.o,
models/FUNWAVE/raw/source_code/FUNWAVE-GPU/src/input_read.mod,9624789b892e4b92d564bd8071c79d00d455a974d78d708d639a641fb2173ed0,6068,text/plain,.mod,generated-build,FUNWAVE-GPU,False,no explicit vendor marker found; retained in denominator,False,False,False,False,False,False,False,True,False,False,True,_staging/total-read/records/all-FUNWAVE-001.jsonl,1,models/FUNWAVE/raw/source_code/FUNWAVE-GPU/src/input_read.mod,
models/FUNWAVE/raw/source_code/FUNWAVE-GPU/src/io.F,4913b72a0cf88961dfabc72dc684c42d8dc605166ac146034f131d32cc73fc47,136877,text/plain,.f,solver-or-case-source,FUNWAVE-GPU,True,no explicit vendor marker found; retained in denominator,True,False,False,False,False,False,False,True,False,False,True,_staging/total-read/records/all-FUNWAVE-001.jsonl,1,models/FUNWAVE/raw/source_code/FUNWAVE-GPU/src/io.F,
models/FUNWAVE/raw/source_code/FUNWAVE-GPU/src/io.o,ed95fff9cc91661d4a73dc9e206919a873ca083a72a0f30052b3f36313299fda,416600,application/x-object,.o,generated-build,FUNWAVE-GPU,False,no explicit vendor marker found; retained in denominator,False,False,False,False,False,False,False,False,False,True,False,_staging/total-read/records/binauto-code_FUNWAVE.jsonl,1,models/FUNWAVE/raw/source_code/FUNWAVE-GPU/src/io.o,
models/FUNWAVE/raw/source_code/FUNWAVE-GPU/src/main.F,309178aaf3c4de388b4ec9cf343c923768639d931e286eaf80b8a0d7ba535e12,13018,text/plain,.f,solver-or-case-source,FUNWAVE-GPU,True,no explicit vendor marker found; retained in denominator,True,False,False,False,False,False,False,True,False,False,True,_staging/total-read/records/all-FUNWAVE-001.jsonl,1,models/FUNWAVE/raw/source_code/FUNWAVE-GPU/src/main.F,
models/FUNWAVE/raw/source_code/FUNWAVE-GPU/src/main.o,86abeb7a37f4b193bdeefa377d82072c1cbb48b24a7973649c0c7cb38fbc137c,28664,application/x-object,.o,generated-build,FUNWAVE-GPU,False,no explicit vendor marker found; retained in denominator,False,False,False,False,False,False,False,False,False,True,False,_staging/total-read/records/binauto-code_FUNWAVE.jsonl,1,models/FUNWAVE/raw/source_code/FUNWAVE-GPU/src/main.o,
models/FUNWAVE/raw/source_code/FUNWAVE-GPU/src/masks.F,ad99caf45ed2e0e148ce3bbacc38cc561cd0c930c836a510dda7026ea1961d07,6427,text/plain,.f,solver-or-case-source,FUNWAVE-GPU,True,no explicit vendor marker found; retained in denominator,True,False,False,False,False,False,False,True,False,False,True,_staging/total-read/records/all-FUNWAVE-001.jsonl,1,models/FUNWAVE/raw/source_code/FUNWAVE-GPU/src/masks.F,
models/FUNWAVE/raw/source_code/FUNWAVE-GPU/src/masks.o,09c2e850f87a0a78e3b090e69f1591dac71a531099bc7ddff219383c61dc8fac,21264,application/x-object,.o,generated-build,FUNWAVE-GPU,False,no explicit vendor marker found; retained in denominator,False,False,False,False,False,False,False,False,False,True,False,_staging/total-read/records/binauto-code_FUNWAVE.jsonl,1,models/FUNWAVE/raw/source_code/FUNWAVE-GPU/src/masks.o,
models/FUNWAVE/raw/source_code/FUNWAVE-GPU/src/masks_gpu.F,763dc9e478b7695e05e057b72e2f036d877962ae87a2ef22a17dc9244827321d,6409,text/plain,.f,solver-or-case-source,FUNWAVE-GPU,True,no explicit vendor marker found; retained in denominator,True,False,False,False,False,False,False,True,False,False,True,_staging/total-read/records/all-FUNWAVE-001.jsonl,1,models/FUNWAVE/raw/source_code/FUNWAVE-GPU/src/masks_gpu.F,
models/FUNWAVE/raw/source_code/FUNWAVE-GPU/src/masks_gpu.o,b33a6c14e0acaed86a939bd0626fadcfbe1bf62a65f5201af6dbf7551d48afe0,85392,application/x-object,.o,generated-build,FUNWAVE-GPU,False,no explicit vendor marker found; retained in denominator,False,False,False,False,False,False,False,False,False,True,False,_staging/total-read/records/binauto-code_FUNWAVE.jsonl,1,models/FUNWAVE/raw/source_code/FUNWAVE-GPU/src/masks_gpu.o,
models/FUNWAVE/raw/source_code/FUNWAVE-GPU/src/mgpu_utilities.F,b055d68f9a525ff7f848f4e40f75379f46f6a436252baa43043df41aef1b6898,8042,text/plain,.f,solver-or-case-source,FUNWAVE-GPU,True,no explicit vendor marker found; retained in denominator,True,False,False,False,False,False,False,True,False,False,True,_staging/total-read/records/all-FUNWAVE-001.jsonl,1,models/FUNWAVE/raw/source_code/FUNWAVE-GPU/src/mgpu_utilities.F,
models/FUNWAVE/raw/source_code/FUNWAVE-GPU/src/misc.F,b4c6f51ad3c47f267c13d8c64462743776ccac1013351b45f9fb6d6e9559f950,15853,text/plain,.f,solver-or-case-source,FUNWAVE-GPU,True,no explicit vendor marker found; retained in denominator,True,False,False,False,False,False,False,True,False,False,True,_staging/total-read/records/all-FUNWAVE-001.jsonl,1,models/FUNWAVE/raw/source_code/FUNWAVE-GPU/src/misc.F,
models/FUNWAVE/raw/source_code/FUNWAVE-GPU/src/misc.o,4cb92484993c4bae5b45f7b3ee6cb5067d95ae074b278b6c3ad35a973ed641a8,29840,application/x-object,.o,generated-build,FUNWAVE-GPU,False,no explicit vendor marker found; retained in denominator,False,False,False,False,False,False,False,False,False,True,False,_staging/total-read/records/binauto-code_FUNWAVE.jsonl,1,models/FUNWAVE/raw/source_code/FUNWAVE-GPU/src/misc.o,
models/FUNWAVE/raw/source_code/FUNWAVE-GPU/src/mixing.F,fa6f15232c208c47066c0106aa08c8429d7c5c03502d8750a75a2dac06a75c7d,6873,text/plain,.f,solver-or-case-source,FUNWAVE-GPU,True,no explicit vendor marker found; retained in denominator,True,False,False,False,False,False,False,True,False,False,True,_staging/total-read/records/all-FUNWAVE-001.jsonl,1,models/FUNWAVE/raw/source_code/FUNWAVE-GPU/src/mixing.F,
models/FUNWAVE/raw/source_code/FUNWAVE-GPU/src/mixing.o,c0099fe84ac7475a1e670b294573ffb536a7f95a0e1db03c505e2a923b3ab9de,14120,application/x-object,.o,generated-build,FUNWAVE-GPU,False,no explicit vendor marker found; retained in denominator,False,False,False,False,False,False,False,False,False,True,False,_staging/total-read/records/binauto-code_FUNWAVE.jsonl,1,models/FUNWAVE/raw/source_code/FUNWAVE-GPU/src/mixing.o,
models/FUNWAVE/raw/source_code/FUNWAVE-GPU/src/mixing_gpu.F,3106d40892b5e889fb331c5d5a49e65d834d9c0d8f1b306e31991773e20db9bb,5312,text/plain,.f,solver-or-case-source,FUNWAVE-GPU,True,no explicit vendor marker found; retained in denominator,True,False,False,False,False,False,False,True,False,False,True,_staging/total-read/records/all-FUNWAVE-001.jsonl,1,models/FUNWAVE/raw/source_code/FUNWAVE-GPU/src/mixing_gpu.F,
models/FUNWAVE/raw/source_code/FUNWAVE-GPU/src/mixing_gpu.o,1d4cfc65ecbe942f8288d1f218e2304fcd130b0970ab9e3a971eb95236e19b27,85120,application/x-object,.o,generated-build,FUNWAVE-GPU,False,no explicit vendor marker found; retained in denominator,False,False,False,False,False,False,False,False,False,True,False,_staging/total-read/records/binauto-code_FUNWAVE.jsonl,1,models/FUNWAVE/raw/source_code/FUNWAVE-GPU/src/mixing_gpu.o,
models/FUNWAVE/raw/source_code/FUNWAVE-GPU/src/mod_bathy_correction.F,bf3febf48449a688211a47fd5f1fc83d749778e87c9a24f11fd641363d00d4c9,9306,text/plain,.f,solver-or-case-source,FUNWAVE-GPU,True,no explicit vendor marker found; retained in denominator,True,False,False,False,False,False,False,True,False,False,True,_staging/total-read/records/all-FUNWAVE-001.jsonl,1,models/FUNWAVE/raw/source_code/FUNWAVE-GPU/src/mod_bathy_correction.F,
models/FUNWAVE/raw/source_code/FUNWAVE-GPU/src/mod_bathy_correction.o,cb2d442b092dcb3531c0cadf357cc4a522e78c5a4855b546b9bd6be5fe682ffa,67680,application/x-object,.o,generated-build,FUNWAVE-GPU,False,no explicit vendor marker found; retained in denominator,False,False,False,False,False,False,False,False,False,True,False,_staging/total-read/records/binauto-code_FUNWAVE.jsonl,1,models/FUNWAVE/raw/source_code/FUNWAVE-GPU/src/mod_bathy_correction.o,
models/FUNWAVE/raw/source_code/FUNWAVE-GPU/src/mod_cuda.F,0ad1431a73f313d5fa9da125b449c578ddfc2a436a840e99613dcf69938ac39b,15068,text/plain,.f,solver-or-case-source,FUNWAVE-GPU,True,no explicit vendor marker found; retained in denominator,True,False,False,False,False,False,False,True,False,False,True,_staging/total-read/records/all-FUNWAVE-001.jsonl,1,models/FUNWAVE/raw/source_code/FUNWAVE-GPU/src/mod_cuda.F,
models/FUNWAVE/raw/source_code/FUNWAVE-GPU/src/mod_cuda.mod,8479d5c7754ad14c98fb6eb344761985ae2ba871757c3e82eeca6f1f711fd890,434490,text/plain,.mod,generated-build,FUNWAVE-GPU,False,no explicit vendor marker found; retained in denominator,False,True,False,False,False,False,True,False,False,False,True,_staging/total-read/pending/reread-20260728/reread20260728-doc-FUNWAVE-000-codex-20260811T012310Z-39a5f5ca/838d865856ae6497cee313ec7622e6c2719c128e31517741274eff41909e8bd0.json,1,models/FUNWAVE/raw/source_code/FUNWAVE-GPU/src/mod_cuda.mod,
models/FUNWAVE/raw/source_code/FUNWAVE-GPU/src/mod_cuda.o,83a15717aebcc084875c6ab6cc4fe1f4bcf4701e009e124da4460944066a2613,507632,application/x-object,.o,generated-build,FUNWAVE-GPU,False,no explicit vendor marker found; retained in denominator,False,False,False,False,False,False,False,False,False,True,False,_staging/total-read/records/binauto-code_FUNWAVE.jsonl,1,models/FUNWAVE/raw/source_code/FUNWAVE-GPU/src/mod_cuda.o,
models/FUNWAVE/raw/source_code/FUNWAVE-GPU/src/mod_global.F,5db1d28270f9defe4ccfd5ea7cdfd72791252b9ff9ff09a8e9e24efdb5315486,15232,text/plain,.f,solver-or-case-source,FUNWAVE-GPU,True,no explicit vendor marker found; retained in denominator,True,False,False,False,False,False,False,True,False,False,True,_staging/total-read/records/all-FUNWAVE-001.jsonl,1,models/FUNWAVE/raw/source_code/FUNWAVE-GPU/src/mod_global.F,
models/FUNWAVE/raw/source_code/FUNWAVE-GPU/src/mod_global.o,0b5c7af30f5e51fb6357cbf0ffa5652c02e35095aa33fbe5e787fdc79ed8fc0a,410576,application/x-object,.o,generated-build,FUNWAVE-GPU,False,no explicit vendor marker found; retained in denominator,False,False,False,False,False,False,False,False,False,True,False,_staging/total-read/records/binauto-code_FUNWAVE.jsonl,1,models/FUNWAVE/raw/source_code/FUNWAVE-GPU/src/mod_global.o,
models/FUNWAVE/raw/source_code/FUNWAVE-GPU/src/mod_input.F,b4391caf13ba662199b1897f9fbe73f42f7de8f31608967d9eb44d4443f22602,10305,text/plain,.f,solver-or-case-source,FUNWAVE-GPU,True,no explicit vendor marker found; retained in denominator,True,False,False,False,False,False,False,True,False,False,True,_staging/total-read/records/all-FUNWAVE-001.jsonl,1,models/FUNWAVE/raw/source_code/FUNWAVE-GPU/src/mod_input.F,
models/FUNWAVE/raw/source_code/FUNWAVE-GPU/src/mod_input.o,d6ee1d5bef253f335ea468f0e5c62e05d2009f3152cceeae03b9e7248a5d798a,36160,application/x-object,.o,generated-build,FUNWAVE-GPU,False,no explicit vendor marker found; retained in denominator,False,False,False,False,False,False,False,False,False,True,False,_staging/total-read/records/binauto-code_FUNWAVE.jsonl,1,models/FUNWAVE/raw/source_code/FUNWAVE-GPU/src/mod_input.o,
models/FUNWAVE/raw/source_code/FUNWAVE-GPU/src/mod_meteo.F,721206066268426e941097bf0b483cd42994ab7de00db22a57a8c5a311f69483,33146,text/plain,.f,solver-or-case-source,FUNWAVE-GPU,True,no explicit vendor marker found; retained in denominator,True,False,False,False,False,False,False,True,False,False,True,_staging/total-read/records/all-FUNWAVE-001.jsonl,1,models/FUNWAVE/raw/source_code/FUNWAVE-GPU/src/mod_meteo.F,
models/FUNWAVE/raw/source_code/FUNWAVE-GPU/src/mod_meteo.o,05bcd55994635f9920f86dfb22339174780431f511bc34434c3f4bfd14561eef,504,application/x-object,.o,generated-build,FUNWAVE-GPU,False,no explicit vendor marker found; retained in denominator,False,False,False,False,False,False,False,False,False,True,False,_staging/total-read/records/binauto-code_FUNWAVE.jsonl,1,models/FUNWAVE/raw/source_code/FUNWAVE-GPU/src/mod_meteo.o,
models/FUNWAVE/raw/source_code/FUNWAVE-GPU/src/mod_parallel_field_io.F,adf351591ca83f95bebb943c05217e5178ab7c00ae5a4918835e2e64bf4b1240,8334,text/plain,.f,solver-or-case-source,FUNWAVE-GPU,True,no explicit vendor marker found; retained in denominator,True,False,False,False,False,False,False,True,False,False,True,_staging/total-read/records/all-FUNWAVE-001.jsonl,1,models/FUNWAVE/raw/source_code/FUNWAVE-GPU/src/mod_parallel_field_io.F,
models/FUNWAVE/raw/source_code/FUNWAVE-GPU/src/mod_parallel_field_io.o,dc15d10fc0ea911360254d78e11e926a5c608c9ebfb2374e1b1719fb82ea3593,504,application/x-object,.o,generated-build,FUNWAVE-GPU,False,no explicit vendor marker found; retained in denominator,False,False,False,False,False,False,False,False,False,True,False,_staging/total-read/records/binauto-code_FUNWAVE.jsonl,1,models/FUNWAVE/raw/source_code/FUNWAVE-GPU/src/mod_parallel_field_io.o,
models/FUNWAVE/raw/source_code/FUNWAVE-GPU/src/mod_param.F,470ffbacb29085cf2f1620ff232267276378c8cf33062bfbdb5f778be161b1cf,3877,text/plain,.f,solver-or-case-source,FUNWAVE-GPU,True,no explicit vendor marker found; retained in denominator,True,False,False,False,False,False,False,True,False,False,True,_staging/total-read/records/all-FUNWAVE-001.jsonl,1,models/FUNWAVE/raw/source_code/FUNWAVE-GPU/src/mod_param.F,
models/FUNWAVE/raw/source_code/FUNWAVE-GPU/src/mod_param.o,556cdda255a6bc40d982e088a137dd9620895f38cfc9268530cd03cb0d055428,5920,application/x-object,.o,generated-build,FUNWAVE-GPU,False,no explicit vendor marker found; retained in denominator,False,False,False,False,False,False,False,False,False,True,False,_staging/total-read/records/binauto-code_FUNWAVE.jsonl,1,models/FUNWAVE/raw/source_code/FUNWAVE-GPU/src/mod_param.o,
models/FUNWAVE/raw/source_code/FUNWAVE-GPU/src/mod_sediment.F,1a827beb13a92cdadb0a86852f56dbfd7a1fadf2c305d0aff670efc70d5af052,25910,text/plain,.f,solver-or-case-source,FUNWAVE-GPU,True,no explicit vendor marker found; retained in denominator,True,False,False,False,False,False,False,True,False,False,True,_staging/total-read/records/all-FUNWAVE-001.jsonl,1,models/FUNWAVE/raw/source_code/FUNWAVE-GPU/src/mod_sediment.F,
models/FUNWAVE/raw/source_code/FUNWAVE-GPU/src/mod_sediment.o,c8bea5df421eb87aedfb6237752c777efdb926a50446db28cf0f14f5aeedac4e,504,application/x-object,.o,generated-build,FUNWAVE-GPU,False,no explicit vendor marker found; retained in denominator,False,False,False,False,False,False,False,False,False,True,False,_staging/total-read/records/binauto-code_FUNWAVE.jsonl,1,models/FUNWAVE/raw/source_code/FUNWAVE-GPU/src/mod_sediment.o,
models/FUNWAVE/raw/source_code/FUNWAVE-GPU/src/mod_tracer.F,5a3a9261fcdfe120fe7f7e4a93a76d9e6d964fb43dd1c50409867cb9acbeedcc,17371,text/plain,.f,solver-or-case-source,FUNWAVE-GPU,True,no explicit vendor marker found; retained in denominator,True,False,False,False,False,False,False,True,False,False,True,_staging/total-read/records/all-FUNWAVE-001.jsonl,1,models/FUNWAVE/raw/source_code/FUNWAVE-GPU/src/mod_tracer.F,
models/FUNWAVE/raw/source_code/FUNWAVE-GPU/src/mod_vessel.F,28f6bcc93b530cee0632e5e6008d37fcd8eefde3639ebfe0d6379d3c333c38b6,21006,text/plain,.f,solver-or-case-source,FUNWAVE-GPU,True,no explicit vendor marker found; retained in denominator,True,False,False,False,False,False,False,True,False,False,True,_staging/total-read/records/all-FUNWAVE-001.jsonl,1,models/FUNWAVE/raw/source_code/FUNWAVE-GPU/src/mod_vessel.F,
models/FUNWAVE/raw/source_code/FUNWAVE-GPU/src/mod_vessel.o,43f7c8499a247b76685860c909b142dec991d2800033e98760bd222d5851e081,504,application/x-object,.o,generated-build,FUNWAVE-GPU,False,no explicit vendor marker found; retained in denominator,False,False,False,False,False,False,False,False,False,True,False,_staging/total-read/records/binauto-code_FUNWAVE.jsonl,1,models/FUNWAVE/raw/source_code/FUNWAVE-GPU/src/mod_vessel.o,
models/FUNWAVE/raw/source_code/FUNWAVE-GPU/src/moment_gpu.F,ce71612d6461c72b7ced93f949f7f68c89c1d0f8b678a83aa5e9333f756cb7b6,103558,text/plain,.f,solver-or-case-source,FUNWAVE-GPU,True,no explicit vendor marker found; retained in denominator,True,False,False,False,False,False,False,True,False,False,True,_staging/total-read/records/all-FUNWAVE-001.jsonl,1,models/FUNWAVE/raw/source_code/FUNWAVE-GPU/src/moment_gpu.F,
models/FUNWAVE/raw/source_code/FUNWAVE-GPU/src/moment_gpu.o,3120baff559d7f3f040909ee452388db9a81c35de6ae8dea2630fbbbfa8e1eb4,438800,application/x-object,.o,generated-build,FUNWAVE-GPU,False,no explicit vendor marker found; retained in denominator,False,False,False,False,False,False,False,False,False,True,False,_staging/total-read/records/binauto-code_FUNWAVE.jsonl,1,models/FUNWAVE/raw/source_code/FUNWAVE-GPU/src/moment_gpu.o,
models/FUNWAVE/raw/source_code/FUNWAVE-GPU/src/nesting.F,de9da4f075ea9fbbdfe6b3198c82d26af9257351741ed03c47e436c0379a7896,18972,text/plain,.f,solver-or-case-source,FUNWAVE-GPU,True,no explicit vendor marker found; retained in denominator,True,False,False,False,False,False,False,True,False,False,True,_staging/total-read/records/all-FUNWAVE-001.jsonl,1,models/FUNWAVE/raw/source_code/FUNWAVE-GPU/src/nesting.F,
models/FUNWAVE/raw/source_code/FUNWAVE-GPU/src/nesting.o,16e0a77ac346c864386e96c359f54566f81d754108b8d472a4259a6c1082d7eb,504,application/x-object,.o,generated-build,FUNWAVE-GPU,False,no explicit vendor marker found; retained in denominator,False,False,False,False,False,False,False,False,False,True,False,_staging/total-read/records/binauto-code_FUNWAVE.jsonl,1,models/FUNWAVE/raw/source_code/FUNWAVE-GPU/src/nesting.o,
models/FUNWAVE/raw/source_code/FUNWAVE-GPU/src/parallel.F,a3fc895a57ac38741594c0d70ea3191da1cd6eb44361ecfb8d6933c14500f5f9,16069,text/plain,.f,solver-or-case-source,FUNWAVE-GPU,True,no explicit vendor marker found; retained in denominator,True,False,False,False,False,False,False,True,False,False,True,_staging/total-read/records/all-FUNWAVE-001.jsonl,1,models/FUNWAVE/raw/source_code/FUNWAVE-GPU/src/parallel.F,
models/FUNWAVE/raw/source_code/FUNWAVE-GPU/src/parallel.o,ad868810b8691cd6c80d78f764b946bf006c2822b9347bc13708aa288c24bd3a,504,application/x-object,.o,generated-build,FUNWAVE-GPU,False,no explicit vendor marker found; retained in denominator,False,False,False,False,False,False,False,False,False,True,False,_staging/total-read/records/binauto-code_FUNWAVE.jsonl,1,models/FUNWAVE/raw/source_code/FUNWAVE-GPU/src/parallel.o,
models/FUNWAVE/raw/source_code/FUNWAVE-GPU/src/param.mod,022e7695e1caae93056fc9e5887b5ce705d8dc0f8824d4e59c675a3bda06d79b,4878,text/plain,.mod,generated-build,FUNWAVE-GPU,False,no explicit vendor marker found; retained in denominator,False,True,False,False,False,False,True,False,False,False,True,_staging/total-read/pending/reread-20260728/reread20260728-doc-FUNWAVE-000-codex-20260811T012310Z-39a5f5ca/5ec7e64f565f795a7216a1999d5409a5b7768634ef956a6421640c9d6c80d4ef.json,1,models/FUNWAVE/raw/source_code/FUNWAVE-GPU/src/param.mod,
models/FUNWAVE/raw/source_code/FUNWAVE-GPU/src/samples.F,d199df6611f42201611e81b243492ba5e5c55fd9ee206f8eec1ed992aa02284f,19098,text/plain,.f,solver-or-case-source,FUNWAVE-GPU,True,no explicit vendor marker found; retained in denominator,True,True,True,True,True,True,False,False,False,False,True,_staging/total-read/pending/reread-20260728/reread20260728-code-FUNWAVE-000-codexaudit-20260826T022956Z-b1ecf500/2ca047f37355ec5fd4fd5535acd5712519101beb5cf0410511bbc54eef78c880.json | _staging/total-read/pending/reread-20260728/reread20260728-code-FUNWAVE-000-fable5-20260813T012841Z-2131dcc5/2ca047f37355ec5fd4fd5535acd5712519101beb5cf0410511bbc54eef78c880.json | _staging/total-read/records-crosswalk/reread-20260728/FUNWAVE-000/FUNWAVE__raw__source_code__FUNWAVE-GPU__src__samples.F.crosswalk.json,1,models/FUNWAVE/raw/source_code/FUNWAVE-GPU/src/samples.F,
models/FUNWAVE/raw/source_code/FUNWAVE-GPU/src/samples.o,00acbaf42cdf6bc67c7a7c4311a1b70099b2c4f7bcf5b2fd1018d0684709ce0a,17232,application/x-object,.o,generated-build,FUNWAVE-GPU,False,no explicit vendor marker found; retained in denominator,False,False,False,False,False,False,False,False,False,True,False,_staging/total-read/records/binauto-code_FUNWAVE.jsonl,1,models/FUNWAVE/raw/source_code/FUNWAVE-GPU/src/samples.o,
models/FUNWAVE/raw/source_code/FUNWAVE-GPU/src/sediment.F,068bc0193ae194236cb74e9e9286772b3a4d8c00e5adcd22b55838cce92f7061,28117,text/plain,.f,solver-or-case-source,FUNWAVE-GPU,True,no explicit vendor marker found; retained in denominator,True,True,True,True,True,True,False,False,False,False,True,_staging/total-read/pending/reread-20260728/reread20260728-code-FUNWAVE-000-codexaudit-20260826T022956Z-b1ecf500/24e038034427784e268e7f437d9e8590aa8d4d5916da0fb1a738265451ad4298.json | _staging/total-read/pending/reread-20260728/reread20260728-code-FUNWAVE-000-fable5-20260813T012841Z-2131dcc5/24e038034427784e268e7f437d9e8590aa8d4d5916da0fb1a738265451ad4298.json | _staging/total-read/records-crosswalk/reread-20260728/FUNWAVE-000/FUNWAVE__raw__source_code__FUNWAVE-GPU__src__sediment.F.crosswalk.json,1,models/FUNWAVE/raw/source_code/FUNWAVE-GPU/src/sediment.F,
models/FUNWAVE/raw/source_code/FUNWAVE-GPU/src/sources.F,89669bd72ad76c209b11235dc67b02ce9d3a77c5f174b9424704009c145fe1ec,18033,text/plain,.f,solver-or-case-source,FUNWAVE-GPU,True,no explicit vendor marker found; retained in denominator,True,True,True,True,True,True,False,False,False,False,True,_staging/total-read/pending/reread-20260728/reread20260728-code-FUNWAVE-000-codexaudit-20260826T022956Z-b1ecf500/8d8fec7438e40770eca5eecc0b00c0389781095f6d040056e24c2238781e000e.json | _staging/total-read/pending/reread-20260728/reread20260728-code-FUNWAVE-000-fable5-20260813T012841Z-2131dcc5/8d8fec7438e40770eca5eecc0b00c0389781095f6d040056e24c2238781e000e.json | _staging/total-read/records-crosswalk/reread-20260728/FUNWAVE-000/FUNWAVE__raw__source_code__FUNWAVE-GPU__src__sources.F.crosswalk.json,1,models/FUNWAVE/raw/source_code/FUNWAVE-GPU/src/sources.F,
models/FUNWAVE/raw/source_code/FUNWAVE-GPU/src/sources.o,27b350c19ead5e2da4e6710e80b6863dcb6ec7e698af599f75f394bc738fd386,26744,application/x-object,.o,generated-build,FUNWAVE-GPU,False,no explicit vendor marker found; retained in denominator,False,False,False,False,False,False,False,False,False,True,False,_staging/total-read/records/binauto-code_FUNWAVE.jsonl,1,models/FUNWAVE/raw/source_code/FUNWAVE-GPU/src/sources.o,
models/FUNWAVE/raw/source_code/FUNWAVE-GPU/src/sponge.F,b507c58d155b7a1c5757e13ca8857f227c98efc7861e231323acdb909a56cc32,25722,text/plain,.f,solver-or-case-source,FUNWAVE-GPU,True,no explicit vendor marker found; retained in denominator,True,True,True,True,True,True,False,False,False,False,True,_staging/total-read/pending/reread-20260728/reread20260728-code-FUNWAVE-000-codexaudit-20260826T022956Z-b1ecf500/1bf218c456358be046203d53b894c53896d6d53d6860be9476bcc4647ac1f475.json | _staging/total-read/pending/reread-20260728/reread20260728-code-FUNWAVE-000-fable5-20260813T012841Z-2131dcc5/1bf218c456358be046203d53b894c53896d6d53d6860be9476bcc4647ac1f475.json | _staging/total-read/records-crosswalk/reread-20260728/FUNWAVE-000/FUNWAVE__raw__source_code__FUNWAVE-GPU__src__sponge.F.crosswalk.json,1,models/FUNWAVE/raw/source_code/FUNWAVE-GPU/src/sponge.F,
models/FUNWAVE/raw/source_code/FUNWAVE-GPU/src/sponge.o,d906d34c112865d06f6d2c2b817a7e7fbf7aee23e0c8e4e7ff7aba7959b6b8f1,38608,application/x-object,.o,generated-build,FUNWAVE-GPU,False,no explicit vendor marker found; retained in denominator,False,False,False,False,False,False,False,False,False,True,False,_staging/total-read/records/binauto-code_FUNWAVE.jsonl,1,models/FUNWAVE/raw/source_code/FUNWAVE-GPU/src/sponge.o,
models/FUNWAVE/raw/source_code/FUNWAVE-GPU/src/sponge_gpu.F,0d198a3bf4c39434eb4a7b338227fc34d7ff5f122ceffcdfd08647927dc7a639,1474,text/plain,.f,solver-or-case-source,FUNWAVE-GPU,True,no explicit vendor marker found; retained in denominator,True,False,False,False,False,False,False,True,False,False,True,_staging/total-read/records/all-FUNWAVE-001.jsonl,1,models/FUNWAVE/raw/source_code/FUNWAVE-GPU/src/sponge_gpu.F,
models/FUNWAVE/raw/source_code/FUNWAVE-GPU/src/sponge_gpu.o,d3f56fdf94272689ff0440836bd16ec4232d1a59a4670c7c9f931929ce23fed9,50592,application/x-object,.o,generated-build,FUNWAVE-GPU,False,no explicit vendor marker found; retained in denominator,False,False,False,False,False,False,False,False,False,True,False,_staging/total-read/records/binauto-code_FUNWAVE.jsonl,1,models/FUNWAVE/raw/source_code/FUNWAVE-GPU/src/sponge_gpu.o,
models/FUNWAVE/raw/source_code/FUNWAVE-GPU/src/sponge_module.mod,610fcfd5766cdb465cabf255bd9857a899632e987cb744b664148fe6ee3ef192,35844,text/plain,.mod,generated-build,FUNWAVE-GPU,False,no explicit vendor marker found; retained in denominator,False,True,False,False,False,False,True,False,False,False,True,_staging/total-read/pending/reread-20260728/reread20260728-doc-FUNWAVE-000-codex-20260811T012310Z-39a5f5ca/4de6ed4410c76cc9dea256ce4ccc5eb204ab465edd5d3986fb617059b16cb7ad.json,1,models/FUNWAVE/raw/source_code/FUNWAVE-GPU/src/sponge_module.mod,
models/FUNWAVE/raw/source_code/FUNWAVE-GPU/src/statistics.F,6861ee6c2315149fb954dc72ea2c49087c234c215e0bdd211d423f59bf964c79,6012,text/plain,.f,solver-or-case-source,FUNWAVE-GPU,True,no explicit vendor marker found; retained in denominator,True,False,False,False,False,False,False,True,False,False,True,_staging/total-read/records/all-FUNWAVE-001.jsonl,1,models/FUNWAVE/raw/source_code/FUNWAVE-GPU/src/statistics.F,
models/FUNWAVE/raw/source_code/FUNWAVE-GPU/src/statistics.o,db057bf35ea713bc368ce4a19739fc0aaf145ec27c847d2cc105b5123e78d1a6,20368,application/x-object,.o,generated-build,FUNWAVE-GPU,False,no explicit vendor marker found; retained in denominator,False,False,False,False,False,False,False,False,False,True,False,_staging/total-read/records/binauto-code_FUNWAVE.jsonl,1,models/FUNWAVE/raw/source_code/FUNWAVE-GPU/src/statistics.o,
models/FUNWAVE/raw/source_code/FUNWAVE-GPU/src/tags,2ea586284caaab9c1af62649d05d90a8e04d8318706eb27d70aae8284ac90d19,103393,text/plain,[none],other-text,FUNWAVE-GPU,True,no explicit vendor marker found; retained in denominator,False,True,False,False,False,False,True,False,False,False,True,_staging/total-read/pending/reread-20260728/reread20260728-doc-FUNWAVE-000-codex-20260811T012310Z-39a5f5ca/a2e3fe9b78fece553def423a1efa5e109b02d27b2f6da1122b7f9b5b92eee17c.json,1,models/FUNWAVE/raw/source_code/FUNWAVE-GPU/src/tags,
models/FUNWAVE/raw/source_code/FUNWAVE-GPU/src/tridiagnal.F,ad0033966a16baba726a99b456184d7b493f5e5b663e9cc1e3cd58b0bd4e4402,17055,text/plain,.f,solver-or-case-source,FUNWAVE-GPU,True,no explicit vendor marker found; retained in denominator,True,False,False,False,False,False,False,True,False,False,True,_staging/total-read/records/all-FUNWAVE-002.jsonl,2,models/FUNWAVE/raw/source_code/FUNWAVE-GPU/src/tridiagnal.F,models/FUNWAVE/raw/source_code/FUNWAVE-GPU/src/tridiagnal.F | models/FUNWAVE/raw/source_code/FUNWAVE-TVD/src/tridiagnal.F
models/FUNWAVE/raw/source_code/FUNWAVE-GPU/src/tridiagnal.o,0fa14f83ba9d726a5b94a27a29bd90699cb3aabde2d7e8581f5f15bb6a0f0b6d,13040,application/x-object,.o,generated-build,FUNWAVE-GPU,False,no explicit vendor marker found; retained in denominator,False,False,False,False,False,False,False,False,False,True,False,_staging/total-read/records/binauto-code_FUNWAVE.jsonl,1,models/FUNWAVE/raw/source_code/FUNWAVE-GPU/src/tridiagnal.o,
models/FUNWAVE/raw/source_code/FUNWAVE-GPU/src/update_mask_module.mod,d4b247745bb4ab4ec4102576db00c5ac43be0fd39aec031ab0fdb0c41f793271,41821,text/plain,.mod,generated-build,FUNWAVE-GPU,False,no explicit vendor marker found; retained in denominator,False,False,False,False,False,False,False,True,False,False,True,_staging/total-read/records/all-FUNWAVE-002.jsonl,1,models/FUNWAVE/raw/source_code/FUNWAVE-GPU/src/update_mask_module.mod,
models/FUNWAVE/raw/source_code/FUNWAVE-GPU/src/wave_breaking_module.mod,5892e8d9c215d2513aa879273762811db2327b5fe04d1ebc3c74adc8cbb5eb74,48586,text/plain,.mod,generated-build,FUNWAVE-GPU,False,no explicit vendor marker found; retained in denominator,False,False,False,False,False,False,False,True,False,False,True,_staging/total-read/records/all-FUNWAVE-002.jsonl,1,models/FUNWAVE/raw/source_code/FUNWAVE-GPU/src/wave_breaking_module.mod,
models/FUNWAVE/raw/source_code/FUNWAVE-GPU/src/wavemaker.F,9538de6eb3560e16343b5db58476ceecb2e7c4a4761e8a10e5ad0d8a115d5fdd,77311,text/plain,.f,solver-or-case-source,FUNWAVE-GPU,True,no explicit vendor marker found; retained in denominator,True,False,False,False,False,False,False,True,False,False,True,_staging/total-read/records/all-FUNWAVE-002.jsonl,1,models/FUNWAVE/raw/source_code/FUNWAVE-GPU/src/wavemaker.F,
models/FUNWAVE/raw/source_code/FUNWAVE-GPU/src/wavemaker.o,9b11836c27cf30410d5855de977fd3cbd7076ec7b6f2be632e46e60ef3e21221,182272,application/x-object,.o,generated-build,FUNWAVE-GPU,False,no explicit vendor marker found; retained in denominator,False,False,False,False,False,False,False,False,False,True,False,_staging/total-read/records/binauto-code_FUNWAVE.jsonl,1,models/FUNWAVE/raw/source_code/FUNWAVE-GPU/src/wavemaker.o,
models/FUNWAVE/raw/source_code/FUNWAVE-TVD/.DS_Store,86e2142dd5415b180fc966cf7f061a3c7b97f1333191164c4d7192c0a5b10881,10244,application/octet-stream,[none],other-binary-or-data,FUNWAVE-TVD,True,no explicit vendor marker found; retained in denominator,False,False,False,False,False,False,False,False,False,True,False,_staging/total-read/records/binauto-code_FUNWAVE.jsonl,1,models/FUNWAVE/raw/source_code/FUNWAVE-TVD/.DS_Store,
models/FUNWAVE/raw/source_code/FUNWAVE-TVD/.git/HEAD,f6f2b945f6c411b02ba3da9c7ace88dcf71b6af65ba2e0d89aa82900042b5a10,23,text/plain,[none],vcs-metadata,FUNWAVE-TVD,False,no explicit vendor marker found; retained in denominator,False,False,False,False,False,False,False,False,False,False,False,,2,models/FUNWAVE/raw/source_code/FUNWAVE-GPU/.git/HEAD,models/FUNWAVE/raw/source_code/FUNWAVE-GPU/.git/HEAD | models/FUNWAVE/raw/source_code/FUNWAVE-TVD/.git/HEAD
models/FUNWAVE/raw/source_code/FUNWAVE-TVD/.git/config,04fa6fe325e7f63efb30bb5618978667326909f72e68a73d3c7d0b7e4f826900,276,text/plain,[none],vcs-metadata,FUNWAVE-TVD,False,no explicit vendor marker found; retained in denominator,False,False,False,False,False,False,False,False,False,False,False,,1,models/FUNWAVE/raw/source_code/FUNWAVE-TVD/.git/config,
models/FUNWAVE/raw/source_code/FUNWAVE-TVD/.git/description,85ab6c163d43a17ea9cf7788308bca1466f1b0a8d1cc92e26e9bf63da4062aee,73,text/plain,[none],vcs-metadata,FUNWAVE-TVD,False,no explicit vendor marker found; retained in denominator,False,False,False,False,False,False,False,False,False,False,False,,2,models/FUNWAVE/raw/source_code/FUNWAVE-GPU/.git/description,models/FUNWAVE/raw/source_code/FUNWAVE-GPU/.git/description | models/FUNWAVE/raw/source_code/FUNWAVE-TVD/.git/description
models/FUNWAVE/raw/source_code/FUNWAVE-TVD/.git/hooks/applypatch-msg.sample,0223497a0b8b033aa58a3a521b8629869386cf7ab0e2f101963d328aa62193f7,478,text/x-shellscript,.sample,vcs-metadata,FUNWAVE-TVD,False,no explicit vendor marker found; retained in denominator,False,False,False,False,False,False,False,False,False,False,False,,2,models/FUNWAVE/raw/source_code/FUNWAVE-GPU/.git/hooks/applypatch-msg.sample,models/FUNWAVE/raw/source_code/FUNWAVE-GPU/.git/hooks/applypatch-msg.sample | models/FUNWAVE/raw/source_code/FUNWAVE-TVD/.git/hooks/applypatch-msg.sample
models/FUNWAVE/raw/source_code/FUNWAVE-TVD/.git/hooks/commit-msg.sample,1f74d5e9292979b573ebd59741d46cb93ff391acdd083d340b94370753d92437,896,text/x-shellscript,.sample,vcs-metadata,FUNWAVE-TVD,False,no explicit vendor marker found; retained in denominator,False,False,False,False,False,False,False,False,False,False,False,,2,models/FUNWAVE/raw/source_code/FUNWAVE-GPU/.git/hooks/commit-msg.sample,models/FUNWAVE/raw/source_code/FUNWAVE-GPU/.git/hooks/commit-msg.sample | models/FUNWAVE/raw/source_code/FUNWAVE-TVD/.git/hooks/commit-msg.sample
models/FUNWAVE/raw/source_code/FUNWAVE-TVD/.git/hooks/fsmonitor-watchman.sample,e0549964e93897b519bd8e333c037e51fff0f88ba13e086a331592bf801fa1d0,4726,text/x-perl,.sample,vcs-metadata,FUNWAVE-TVD,False,no explicit vendor marker found; retained in denominator,False,False,False,False,False,False,False,False,False,False,False,,2,models/FUNWAVE/raw/source_code/FUNWAVE-GPU/.git/hooks/fsmonitor-watchman.sample,models/FUNWAVE/raw/source_code/FUNWAVE-GPU/.git/hooks/fsmonitor-watchman.sample | models/FUNWAVE/raw/source_code/FUNWAVE-TVD/.git/hooks/fsmonitor-watchman.sample
models/FUNWAVE/raw/source_code/FUNWAVE-TVD/.git/hooks/post-update.sample,81765af2daef323061dcbc5e61fc16481cb74b3bac9ad8a174b186523586f6c5,189,text/x-shellscript,.sample,vcs-metadata,FUNWAVE-TVD,False,no explicit vendor marker found; retained in denominator,False,False,False,False,False,False,False,False,False,False,False,,2,models/FUNWAVE/raw/source_code/FUNWAVE-GPU/.git/hooks/post-update.sample,models/FUNWAVE/raw/source_code/FUNWAVE-GPU/.git/hooks/post-update.sample | models/FUNWAVE/raw/source_code/FUNWAVE-TVD/.git/hooks/post-update.sample
models/FUNWAVE/raw/source_code/FUNWAVE-TVD/.git/hooks/pre-applypatch.sample,e15c5b469ea3e0a695bea6f2c82bcf8e62821074939ddd85b77e0007ff165475,424,text/x-shellscript,.sample,vcs-metadata,FUNWAVE-TVD,False,no explicit vendor marker found; retained in denominator,False,False,False,False,False,False,False,False,False,False,False,,2,models/FUNWAVE/raw/source_code/FUNWAVE-GPU/.git/hooks/pre-applypatch.sample,models/FUNWAVE/raw/source_code/FUNWAVE-GPU/.git/hooks/pre-applypatch.sample | models/FUNWAVE/raw/source_code/FUNWAVE-TVD/.git/hooks/pre-applypatch.sample
models/FUNWAVE/raw/source_code/FUNWAVE-TVD/.git/hooks/pre-commit.sample,f9af7d95eb1231ecf2eba9770fedfa8d4797a12b02d7240e98d568201251244a,1643,text/x-shellscript,.sample,vcs-metadata,FUNWAVE-TVD,False,no explicit vendor marker found; retained in denominator,False,False,False,False,False,False,False,False,False,False,False,,2,models/FUNWAVE/raw/source_code/FUNWAVE-GPU/.git/hooks/pre-commit.sample,models/FUNWAVE/raw/source_code/FUNWAVE-GPU/.git/hooks/pre-commit.sample | models/FUNWAVE/raw/source_code/FUNWAVE-TVD/.git/hooks/pre-commit.sample
models/FUNWAVE/raw/source_code/FUNWAVE-TVD/.git/hooks/pre-merge-commit.sample,d3825a70337940ebbd0a5c072984e13245920cdf8898bd225c8d27a6dfc9cb53,416,text/x-shellscript,.sample,vcs-metadata,FUNWAVE-TVD,False,no explicit vendor marker found; retained in denominator,False,False,False,False,False,False,False,False,False,False,False,,2,models/FUNWAVE/raw/source_code/FUNWAVE-GPU/.git/hooks/pre-merge-commit.sample,models/FUNWAVE/raw/source_code/FUNWAVE-GPU/.git/hooks/pre-merge-commit.sample | models/FUNWAVE/raw/source_code/FUNWAVE-TVD/.git/hooks/pre-merge-commit.sample
models/FUNWAVE/raw/source_code/FUNWAVE-TVD/.git/hooks/pre-push.sample,ecce9c7e04d3f5dd9d8ada81753dd1d549a9634b26770042b58dda00217d086a,1374,text/x-shellscript,.sample,vcs-metadata,FUNWAVE-TVD,False,no explicit vendor marker found; retained in denominator,False,False,False,False,False,False,False,False,False,False,False,,2,models/FUNWAVE/raw/source_code/FUNWAVE-GPU/.git/hooks/pre-push.sample,models/FUNWAVE/raw/source_code/FUNWAVE-GPU/.git/hooks/pre-push.sample | models/FUNWAVE/raw/source_code/FUNWAVE-TVD/.git/hooks/pre-push.sample
models/FUNWAVE/raw/source_code/FUNWAVE-TVD/.git/hooks/pre-rebase.sample,4febce867790052338076f4e66cc47efb14879d18097d1d61c8261859eaaa7b3,4898,text/x-shellscript,.sample,vcs-metadata,FUNWAVE-TVD,False,no explicit vendor marker found; retained in denominator,False,False,False,False,False,False,False,False,False,False,False,,2,models/FUNWAVE/raw/source_code/FUNWAVE-GPU/.git/hooks/pre-rebase.sample,models/FUNWAVE/raw/source_code/FUNWAVE-GPU/.git/hooks/pre-rebase.sample | models/FUNWAVE/raw/source_code/FUNWAVE-TVD/.git/hooks/pre-rebase.sample
models/FUNWAVE/raw/source_code/FUNWAVE-TVD/.git/hooks/pre-receive.sample,a4c3d2b9c7bb3fd8d1441c31bd4ee71a595d66b44fcf49ddb310252320169989,544,text/x-shellscript,.sample,vcs-metadata,FUNWAVE-TVD,False,no explicit vendor marker found; retained in denominator,False,False,False,False,False,False,False,False,False,False,False,,2,models/FUNWAVE/raw/source_code/FUNWAVE-GPU/.git/hooks/pre-receive.sample,models/FUNWAVE/raw/source_code/FUNWAVE-GPU/.git/hooks/pre-receive.sample | models/FUNWAVE/raw/source_code/FUNWAVE-TVD/.git/hooks/pre-receive.sample
models/FUNWAVE/raw/source_code/FUNWAVE-TVD/.git/hooks/prepare-commit-msg.sample,e9ddcaa4189fddd25ed97fc8c789eca7b6ca16390b2392ae3276f0c8e1aa4619,1492,text/x-shellscript,.sample,vcs-metadata,FUNWAVE-TVD,False,no explicit vendor marker found; retained in denominator,False,False,False,False,False,False,False,False,False,False,False,,2,models/FUNWAVE/raw/source_code/FUNWAVE-GPU/.git/hooks/prepare-commit-msg.sample,models/FUNWAVE/raw/source_code/FUNWAVE-GPU/.git/hooks/prepare-commit-msg.sample | models/FUNWAVE/raw/source_code/FUNWAVE-TVD/.git/hooks/prepare-commit-msg.sample
models/FUNWAVE/raw/source_code/FUNWAVE-TVD/.git/hooks/push-to-checkout.sample,a53d0741798b287c6dd7afa64aee473f305e65d3f49463bb9d7408ec3b12bf5f,2783,text/x-shellscript,.sample,vcs-metadata,FUNWAVE-TVD,False,no explicit vendor marker found; retained in denominator,False,False,False,False,False,False,False,False,False,False,False,,2,models/FUNWAVE/raw/source_code/FUNWAVE-GPU/.git/hooks/push-to-checkout.sample,models/FUNWAVE/raw/source_code/FUNWAVE-GPU/.git/hooks/push-to-checkout.sample | models/FUNWAVE/raw/source_code/FUNWAVE-TVD/.git/hooks/push-to-checkout.sample
models/FUNWAVE/raw/source_code/FUNWAVE-TVD/.git/hooks/sendemail-validate.sample,44ebfc923dc5466bc009602f0ecf067b9c65459abfe8868ddc49b78e6ced7a92,2308,text/x-shellscript,.sample,vcs-metadata,FUNWAVE-TVD,False,no explicit vendor marker found; retained in denominator,False,False,False,False,False,False,False,False,False,False,False,,2,models/FUNWAVE/raw/source_code/FUNWAVE-GPU/.git/hooks/sendemail-validate.sample,models/FUNWAVE/raw/source_code/FUNWAVE-GPU/.git/hooks/sendemail-validate.sample | models/FUNWAVE/raw/source_code/FUNWAVE-TVD/.git/hooks/sendemail-validate.sample
models/FUNWAVE/raw/source_code/FUNWAVE-TVD/.git/hooks/update.sample,8d5f2fa83e103cf08b57eaa67521df9194f45cbdbcb37da52ad586097a14d106,3650,text/x-shellscript,.sample,vcs-metadata,FUNWAVE-TVD,False,no explicit vendor marker found; retained in denominator,False,False,False,False,False,False,False,False,False,False,False,,2,models/FUNWAVE/raw/source_code/FUNWAVE-GPU/.git/hooks/update.sample,models/FUNWAVE/raw/source_code/FUNWAVE-GPU/.git/hooks/update.sample | models/FUNWAVE/raw/source_code/FUNWAVE-TVD/.git/hooks/update.sample
models/FUNWAVE/raw/source_code/FUNWAVE-TVD/.git/index,4abfc7afc3ff4f7dafe251f4eb5d78e5b2cbe27953f0071a0b29c32aaa9117f2,143785,application/octet-stream,[none],vcs-metadata,FUNWAVE-TVD,False,no explicit vendor marker found; retained in denominator,False,False,False,False,False,False,False,False,False,False,False,,1,models/FUNWAVE/raw/source_code/FUNWAVE-TVD/.git/index,
models/FUNWAVE/raw/source_code/FUNWAVE-TVD/.git/info/exclude,6671fe83b7a07c8932ee89164d1f2793b2318058eb8b98dc5c06ee0a5a3b0ec1,240,text/plain,[none],vcs-metadata,FUNWAVE-TVD,False,no explicit vendor marker found; retained in denominator,False,False,False,False,False,False,False,False,False,False,False,,2,models/FUNWAVE/raw/source_code/FUNWAVE-GPU/.git/info/exclude,models/FUNWAVE/raw/source_code/FUNWAVE-GPU/.git/info/exclude | models/FUNWAVE/raw/source_code/FUNWAVE-TVD/.git/info/exclude
models/FUNWAVE/raw/source_code/FUNWAVE-TVD/.git/logs/HEAD,ae3f5152d63994816ffd38395916c726ac1955c228ce3b43101e692632f808c6,187,text/plain,[none],vcs-metadata,FUNWAVE-TVD,False,no explicit vendor marker found; retained in denominator,False,False,False,False,False,False,False,False,False,False,False,,3,models/FUNWAVE/raw/source_code/FUNWAVE-TVD/.git/logs/HEAD,models/FUNWAVE/raw/source_code/FUNWAVE-TVD/.git/logs/HEAD | models/FUNWAVE/raw/source_code/FUNWAVE-TVD/.git/logs/refs/heads/master | models/FUNWAVE/raw/source_code/FUNWAVE-TVD/.git/logs/refs/remotes/origin/HEAD
models/FUNWAVE/raw/source_code/FUNWAVE-TVD/.git/logs/refs/heads/master,ae3f5152d63994816ffd38395916c726ac1955c228ce3b43101e692632f808c6,187,text/plain,[none],vcs-metadata,FUNWAVE-TVD,False,no explicit vendor marker found; retained in denominator,False,False,False,False,False,False,False,False,False,False,False,,3,models/FUNWAVE/raw/source_code/FUNWAVE-TVD/.git/logs/HEAD,models/FUNWAVE/raw/source_code/FUNWAVE-TVD/.git/logs/HEAD | models/FUNWAVE/raw/source_code/FUNWAVE-TVD/.git/logs/refs/heads/master | models/FUNWAVE/raw/source_code/FUNWAVE-TVD/.git/logs/refs/remotes/origin/HEAD
models/FUNWAVE/raw/source_code/FUNWAVE-TVD/.git/logs/refs/remotes/origin/HEAD,ae3f5152d63994816ffd38395916c726ac1955c228ce3b43101e692632f808c6,187,text/plain,[none],vcs-metadata,FUNWAVE-TVD,False,no explicit vendor marker found; retained in denominator,False,False,False,False,False,False,False,False,False,False,False,,3,models/FUNWAVE/raw/source_code/FUNWAVE-TVD/.git/logs/HEAD,models/FUNWAVE/raw/source_code/FUNWAVE-TVD/.git/logs/HEAD | models/FUNWAVE/raw/source_code/FUNWAVE-TVD/.git/logs/refs/heads/master | models/FUNWAVE/raw/source_code/FUNWAVE-TVD/.git/logs/refs/remotes/origin/HEAD
models/FUNWAVE/raw/source_code/FUNWAVE-TVD/.git/objects/pack/pack-445a2f6a28729d21e9504d5f02cc15b11b8cb5ee.idx,d5a7586d6946dd50419ab6cb25f6618510dd86c109dc052f05711ecaed24562b,33020,application/octet-stream,.idx,vcs-metadata,FUNWAVE-TVD,False,no explicit vendor marker found; retained in denominator,False,False,False,False,False,False,False,False,False,False,False,,1,models/FUNWAVE/raw/source_code/FUNWAVE-TVD/.git/objects/pack/pack-445a2f6a28729d21e9504d5f02cc15b11b8cb5ee.idx,
models/FUNWAVE/raw/source_code/FUNWAVE-TVD/.git/objects/pack/pack-445a2f6a28729d21e9504d5f02cc15b11b8cb5ee.pack,d78f53308995a7687d481e635bba894afc4351106d7ec1c7fc932795bfcf6649,68602461,application/x-git,.pack,vcs-metadata,FUNWAVE-TVD,False,no explicit vendor marker found; retained in denominator,False,False,False,False,False,False,False,False,False,False,False,,1,models/FUNWAVE/raw/source_code/FUNWAVE-TVD/.git/objects/pack/pack-445a2f6a28729d21e9504d5f02cc15b11b8cb5ee.pack,
models/FUNWAVE/raw/source_code/FUNWAVE-TVD/.git/objects/pack/pack-445a2f6a28729d21e9504d5f02cc15b11b8cb5ee.rev,dd67c002bcbc182d1a9cc0587fd9dd7d514f3e0419db9dab640feb05b04bc574,4616,application/octet-stream,.rev,vcs-metadata,FUNWAVE-TVD,False,no explicit vendor marker found; retained in denominator,False,False,False,False,False,False,False,False,False,False,False,,1,models/FUNWAVE/raw/source_code/FUNWAVE-TVD/.git/objects/pack/pack-445a2f6a28729d21e9504d5f02cc15b11b8cb5ee.rev,
models/FUNWAVE/raw/source_code/FUNWAVE-TVD/.git/packed-refs,b3a66e099664c6c3d172ab7e8f035f7dea4d9dcb733ca8eae384c20ddb261b9e,114,text/plain,[none],vcs-metadata,FUNWAVE-TVD,False,no explicit vendor marker found; retained in denominator,False,False,False,False,False,False,False,False,False,False,False,,1,models/FUNWAVE/raw/source_code/FUNWAVE-TVD/.git/packed-refs,
models/FUNWAVE/raw/source_code/FUNWAVE-TVD/.git/refs/heads/master,8a343802bd2d21c9027b3b9bb1901bec6f6b17e38aa4038d8a0d88306ceff0a2,41,text/plain,[none],vcs-metadata,FUNWAVE-TVD,False,no explicit vendor marker found; retained in denominator,False,False,False,False,False,False,False,False,False,False,False,,2,models/FUNWAVE/raw/source_code/FUNWAVE-TVD/.git/refs/heads/master,models/FUNWAVE/raw/source_code/FUNWAVE-TVD/.git/refs/heads/master | models/FUNWAVE/raw/source_code/FUNWAVE-TVD/.git/shallow
models/FUNWAVE/raw/source_code/FUNWAVE-TVD/.git/refs/remotes/origin/HEAD,cdc65e67690c4c6475174e5ec662b70655246a2f3924354778835ab3be70aa76,32,text/plain,[none],vcs-metadata,FUNWAVE-TVD,False,no explicit vendor marker found; retained in denominator,False,False,False,False,False,False,False,False,False,False,False,,2,models/FUNWAVE/raw/source_code/FUNWAVE-GPU/.git/refs/remotes/origin/HEAD,models/FUNWAVE/raw/source_code/FUNWAVE-GPU/.git/refs/remotes/origin/HEAD | models/FUNWAVE/raw/source_code/FUNWAVE-TVD/.git/refs/remotes/origin/HEAD
models/FUNWAVE/raw/source_code/FUNWAVE-TVD/.git/shallow,8a343802bd2d21c9027b3b9bb1901bec6f6b17e38aa4038d8a0d88306ceff0a2,41,text/plain,[none],vcs-metadata,FUNWAVE-TVD,False,no explicit vendor marker found; retained in denominator,False,False,False,False,False,False,False,False,False,False,False,,2,models/FUNWAVE/raw/source_code/FUNWAVE-TVD/.git/refs/heads/master,models/FUNWAVE/raw/source_code/FUNWAVE-TVD/.git/refs/heads/master | models/FUNWAVE/raw/source_code/FUNWAVE-TVD/.git/shallow
models/FUNWAVE/raw/source_code/FUNWAVE-TVD/.gitignore,31158c61114a7327b3fba8dab5258b829c9507437ef6c3681c3fe0a66f8cc62f,69,text/plain,[none],other-text,FUNWAVE-TVD,True,no explicit vendor marker found; retained in denominator,False,False,False,False,False,False,False,True,False,False,True,_staging/total-read/records/all-FUNWAVE-002.jsonl,1,models/FUNWAVE/raw/source_code/FUNWAVE-TVD/.gitignore,
models/FUNWAVE/raw/source_code/FUNWAVE-TVD/GNUMake/Essential/Make_Essential,c152791e9ee3b422f8545d48caef97d591baf7fa463a89471446b406d87a2776,8040,text/x-file,[none],other-text,FUNWAVE-TVD,True,no explicit vendor marker found; retained in denominator,False,False,False,False,False,False,False,True,False,False,True,_staging/total-read/records/all-FUNWAVE-002.jsonl,1,models/FUNWAVE/raw/source_code/FUNWAVE-TVD/GNUMake/Essential/Make_Essential,
models/FUNWAVE/raw/source_code/FUNWAVE-TVD/GNUMake/Essential/Make_Essential_gcc10,1ec9203da00ede7b9dbec90c408b6accdcef47026d29dc4719c8d329156eafab,8144,text/x-file,[none],other-text,FUNWAVE-TVD,True,no explicit vendor marker found; retained in denominator,False,False,False,False,False,False,False,True,False,False,True,_staging/total-read/records/all-FUNWAVE-002.jsonl,1,models/FUNWAVE/raw/source_code/FUNWAVE-TVD/GNUMake/Essential/Make_Essential_gcc10,
models/FUNWAVE/raw/source_code/FUNWAVE-TVD/GNUMake/Makefile,0ebe5ff6291224ae0116ab270d9da59e6e1df9bcbacce4fbc81f864da90ef3d1,3538,text/x-file,[none],documentation-or-build-text,FUNWAVE-TVD,True,no explicit vendor marker found; retained in denominator,False,False,False,False,False,False,False,True,False,False,True,_staging/total-read/records/all-FUNWAVE-002.jsonl,1,models/FUNWAVE/raw/source_code/FUNWAVE-TVD/GNUMake/Makefile,
models/FUNWAVE/raw/source_code/FUNWAVE-TVD/GNUMake/Old_Version_Makefiles/Makefile-Jim-SGI,110e2e72ebb86b5b8048f5fc48fc5845be50eb5797849ca490bba0afbeea381c,4240,text/x-file,[none],documentation-or-build-text,FUNWAVE-TVD,True,no explicit vendor marker found; retained in denominator,False,False,False,False,False,False,False,True,False,False,True,_staging/total-read/records/all-FUNWAVE-002.jsonl,2,models/FUNWAVE/raw/source_code/FUNWAVE-TVD/GNUMake/Old_Version_Makefiles/Makefile-Jim-SGI,models/FUNWAVE/raw/source_code/FUNWAVE-TVD/GNUMake/Old_Version_Makefiles/Makefile-Jim-SGI | models/FUNWAVE/raw/source_code/FUNWAVE-TVD/src/Makefile-Jim-SGI
models/FUNWAVE/raw/source_code/FUNWAVE-TVD/GNUMake/Old_Version_Makefiles/Makefile-Jim-intel,5aca9f12769060a12442fb66f6fe633bc12b01864b9b1f6dadd216b261a6f342,4238,text/x-file,[none],documentation-or-build-text,FUNWAVE-TVD,True,no explicit vendor marker found; retained in denominator,False,False,False,False,False,False,False,True,False,False,True,_staging/total-read/records/all-FUNWAVE-002.jsonl,2,models/FUNWAVE/raw/source_code/FUNWAVE-TVD/GNUMake/Old_Version_Makefiles/Makefile-Jim-intel,models/FUNWAVE/raw/source_code/FUNWAVE-TVD/GNUMake/Old_Version_Makefiles/Makefile-Jim-intel | models/FUNWAVE/raw/source_code/FUNWAVE-TVD/src/Makefile-Jim-intel
models/FUNWAVE/raw/source_code/FUNWAVE-TVD/GNUMake/Old_Version_Makefiles/Makefile-Koehr-Meteo-intel,cc5b76b031ff962c143fbed5fe686efc4569bf3540e90362579dfa3e8bbc4886,4179,text/x-file,[none],documentation-or-build-text,FUNWAVE-TVD,True,no explicit vendor marker found; retained in denominator,False,False,False,False,False,False,False,True,False,False,True,_staging/total-read/records/all-FUNWAVE-002.jsonl,1,models/FUNWAVE/raw/source_code/FUNWAVE-TVD/GNUMake/Old_Version_Makefiles/Makefile-Koehr-Meteo-intel,
models/FUNWAVE/raw/source_code/FUNWAVE-TVD/GNUMake/Old_Version_Makefiles/Makefile-Koehr-Sediment-intel,6878c99aab08703175f4825176363f85fb78c335ae7cc1ec49de5c8fff3bd46d,4183,text/x-file,[none],documentation-or-build-text,FUNWAVE-TVD,True,no explicit vendor marker found; retained in denominator,False,False,False,False,False,False,False,True,False,False,True,_staging/total-read/records/all-FUNWAVE-002.jsonl,1,models/FUNWAVE/raw/source_code/FUNWAVE-TVD/GNUMake/Old_Version_Makefiles/Makefile-Koehr-Sediment-intel,
models/FUNWAVE/raw/source_code/FUNWAVE-TVD/GNUMake/Old_Version_Makefiles/Makefile-Koehr-Vessel-Sediment-intel,9361098853b6929f0f334c955b2bf3771b39dc40b5dbc01673c74ecc5b91f0f5,4181,text/x-file,[none],documentation-or-build-text,FUNWAVE-TVD,True,no explicit vendor marker found; retained in denominator,False,False,False,False,False,False,False,True,False,False,True,_staging/total-read/records/all-FUNWAVE-002.jsonl,1,models/FUNWAVE/raw/source_code/FUNWAVE-TVD/GNUMake/Old_Version_Makefiles/Makefile-Koehr-Vessel-Sediment-intel,
models/FUNWAVE/raw/source_code/FUNWAVE-TVD/GNUMake/Old_Version_Makefiles/Makefile-Koehr-Vessel-intel,590d19c42e3d077455f8a0869c7211331587f70ac42f4cc192d29213c17b6f0c,4181,text/x-file,[none],documentation-or-build-text,FUNWAVE-TVD,True,no explicit vendor marker found; retained in denominator,False,False,False,False,False,False,False,True,False,False,True,_staging/total-read/records/all-FUNWAVE-002.jsonl,1,models/FUNWAVE/raw/source_code/FUNWAVE-TVD/GNUMake/Old_Version_Makefiles/Makefile-Koehr-Vessel-intel,
models/FUNWAVE/raw/source_code/FUNWAVE-TVD/GNUMake/Old_Version_Makefiles/Makefile-Koehr-intel,501e7fd264ed13aa7b84ef8d6ac2994bc76470d6e4a50c4807594c2f67ee100c,4183,text/x-file,[none],documentation-or-build-text,FUNWAVE-TVD,True,no explicit vendor marker found; retained in denominator,False,False,False,False,False,False,False,True,False,False,True,_staging/total-read/records/all-FUNWAVE-002.jsonl,1,models/FUNWAVE/raw/source_code/FUNWAVE-TVD/GNUMake/Old_Version_Makefiles/Makefile-Koehr-intel,
models/FUNWAVE/raw/source_code/FUNWAVE-TVD/GNUMake/Old_Version_Makefiles/Makefile-Lightning-Cray,4dfb48d3591d842a5e11de6ec19e7c23a1c63b9596aba85f6b102c052f895710,4019,text/x-file,[none],documentation-or-build-text,FUNWAVE-TVD,True,no explicit vendor marker found; retained in denominator,False,False,False,False,False,False,False,True,False,False,True,_staging/total-read/records/all-FUNWAVE-002.jsonl,1,models/FUNWAVE/raw/source_code/FUNWAVE-TVD/GNUMake/Old_Version_Makefiles/Makefile-Lightning-Cray,
models/FUNWAVE/raw/source_code/FUNWAVE-TVD/GNUMake/Old_Version_Makefiles/Makefile-Lightning-Intel,463b9b16623337b01f9381928bd98e9e7dfa527335365bd076247f6262ef3640,4022,text/x-file,[none],documentation-or-build-text,FUNWAVE-TVD,True,no explicit vendor marker found; retained in denominator,False,False,False,False,False,False,False,True,False,False,True,_staging/total-read/records/all-FUNWAVE-002.jsonl,1,models/FUNWAVE/raw/source_code/FUNWAVE-TVD/GNUMake/Old_Version_Makefiles/Makefile-Lightning-Intel,
models/FUNWAVE/raw/source_code/FUNWAVE-TVD/GNUMake/Old_Version_Makefiles/Makefile-MacOS-Homebrew-MPICH,8c09172d341a497894babe22705eb915ac750c1d141396465d42adf0a7d907b9,4231,text/x-file,[none],documentation-or-build-text,FUNWAVE-TVD,True,no explicit vendor marker found; retained in denominator,False,False,False,False,False,False,False,True,False,False,True,_staging/total-read/records/all-FUNWAVE-002.jsonl,1,models/FUNWAVE/raw/source_code/FUNWAVE-TVD/GNUMake/Old_Version_Makefiles/Makefile-MacOS-Homebrew-MPICH,
models/FUNWAVE/raw/source_code/FUNWAVE-TVD/GNUMake/Old_Version_Makefiles/Makefile-Mills,4e3b03fb219bbdbb6dc18363bd3af5dc251f955754cf5d329ad7cdf9f59e9567,4114,text/x-file,[none],documentation-or-build-text,FUNWAVE-TVD,True,no explicit vendor marker found; retained in denominator,False,False,False,False,False,False,False,True,False,False,True,_staging/total-read/records/all-FUNWAVE-002.jsonl,1,models/FUNWAVE/raw/source_code/FUNWAVE-TVD/GNUMake/Old_Version_Makefiles/Makefile-Mills,
models/FUNWAVE/raw/source_code/FUNWAVE-TVD/GNUMake/Old_Version_Makefiles/Makefile-Mills-Sediment,84ec33fe8e7d8e204d5dbd4158d826929526417a2e9aea087a41deafc45ca44a,4111,text/x-file,[none],documentation-or-build-text,FUNWAVE-TVD,True,no explicit vendor marker found; retained in denominator,False,False,False,False,False,False,False,True,False,False,True,_staging/total-read/records/all-FUNWAVE-002.jsonl,1,models/FUNWAVE/raw/source_code/FUNWAVE-TVD/GNUMake/Old_Version_Makefiles/Makefile-Mills-Sediment,
models/FUNWAVE/raw/source_code/FUNWAVE-TVD/GNUMake/Old_Version_Makefiles/Makefile-Mills-Spherical,fc9945732997c0169be84457dda1e8fdc33caf835cc72b56f309b7c4618c4b07,4114,text/x-file,[none],documentation-or-build-text,FUNWAVE-TVD,True,no explicit vendor marker found; retained in denominator,False,False,False,False,False,False,False,True,False,False,True,_staging/total-read/records/all-FUNWAVE-002.jsonl,1,models/FUNWAVE/raw/source_code/FUNWAVE-TVD/GNUMake/Old_Version_Makefiles/Makefile-Mills-Spherical,
models/FUNWAVE/raw/source_code/FUNWAVE-TVD/GNUMake/Old_Version_Makefiles/Makefile-Mills-Vessel,3fc24384e5f6e0f35009d453098b28c0da8b59bc53d2939a1c8d4e1403e6a879,4109,text/x-file,[none],documentation-or-build-text,FUNWAVE-TVD,True,no explicit vendor marker found; retained in denominator,False,False,False,False,False,False,False,True,False,False,True,_staging/total-read/records/all-FUNWAVE-002.jsonl,1,models/FUNWAVE/raw/source_code/FUNWAVE-TVD/GNUMake/Old_Version_Makefiles/Makefile-Mills-Vessel,
models/FUNWAVE/raw/source_code/FUNWAVE-TVD/GNUMake/Old_Version_Makefiles/Makefile-Mills-Vessel-Sediment,2085a822c9e9a629f66932f3bf5195fc60a14be62297ec79eb90a9c4e7785b66,4112,text/x-file,[none],documentation-or-build-text,FUNWAVE-TVD,True,no explicit vendor marker found; retained in denominator,False,False,False,False,False,False,False,True,False,False,True,_staging/total-read/records/all-FUNWAVE-002.jsonl,1,models/FUNWAVE/raw/source_code/FUNWAVE-TVD/GNUMake/Old_Version_Makefiles/Makefile-Mills-Vessel-Sediment,
models/FUNWAVE/raw/source_code/FUNWAVE-TVD/GNUMake/Old_Version_Makefiles/Makefile-Onyx-Meteo-intel,0f3d3e2a6aba10348160ba7d0a8f99041bc6d32376335c0fc7f7a2248c76d512,4180,text/x-file,[none],documentation-or-build-text,FUNWAVE-TVD,True,no explicit vendor marker found; retained in denominator,False,False,False,False,False,False,False,True,False,False,True,_staging/total-read/records/all-FUNWAVE-002.jsonl,1,models/FUNWAVE/raw/source_code/FUNWAVE-TVD/GNUMake/Old_Version_Makefiles/Makefile-Onyx-Meteo-intel,
models/FUNWAVE/raw/source_code/FUNWAVE-TVD/GNUMake/Old_Version_Makefiles/Makefile-Onyx-Sediment-intel,ab2c4023640b1143162792c9565a797cc819864e786c3018838736b4274bb3dc,4116,text/x-file,[none],documentation-or-build-text,FUNWAVE-TVD,True,no explicit vendor marker found; retained in denominator,False,False,False,False,False,False,False,True,False,False,True,_staging/total-read/records/all-FUNWAVE-002.jsonl,1,models/FUNWAVE/raw/source_code/FUNWAVE-TVD/GNUMake/Old_Version_Makefiles/Makefile-Onyx-Sediment-intel,
models/FUNWAVE/raw/source_code/FUNWAVE-TVD/GNUMake/Old_Version_Makefiles/Makefile-Onyx-Vessel-Sediment-intel,a7ec394a0ece45cbc0c60c11e0f908a1644da2682ebbda75be03820b03917090,4168,text/x-file,[none],documentation-or-build-text,FUNWAVE-TVD,True,no explicit vendor marker found; retained in denominator,False,False,False,False,False,False,False,True,False,False,True,_staging/total-read/records/all-FUNWAVE-002.jsonl,1,models/FUNWAVE/raw/source_code/FUNWAVE-TVD/GNUMake/Old_Version_Makefiles/Makefile-Onyx-Vessel-Sediment-intel,
models/FUNWAVE/raw/source_code/FUNWAVE-TVD/GNUMake/Old_Version_Makefiles/Makefile-Onyx-Vessel-intel,29db77883ef00bb9f7790aa8495530e624acd356f20970c73a44917fbaea7afa,4168,text/x-file,[none],documentation-or-build-text,FUNWAVE-TVD,True,no explicit vendor marker found; retained in denominator,False,False,False,False,False,False,False,True,False,False,True,_staging/total-read/records/all-FUNWAVE-002.jsonl,1,models/FUNWAVE/raw/source_code/FUNWAVE-TVD/GNUMake/Old_Version_Makefiles/Makefile-Onyx-Vessel-intel,
models/FUNWAVE/raw/source_code/FUNWAVE-TVD/GNUMake/Old_Version_Makefiles/Makefile-Onyx-intel,5bdb6803dbe1f841ebadc20d090282b3c05f24bab91b4c46fdcfe7bf684723d5,4184,text/x-file,[none],documentation-or-build-text,FUNWAVE-TVD,True,no explicit vendor marker found; retained in denominator,False,False,False,False,False,False,False,True,False,False,True,_staging/total-read/records/all-FUNWAVE-002.jsonl,1,models/FUNWAVE/raw/source_code/FUNWAVE-TVD/GNUMake/Old_Version_Makefiles/Makefile-Onyx-intel,
models/FUNWAVE/raw/source_code/FUNWAVE-TVD/GNUMake/Old_Version_Makefiles/Makefile-Topaz-intel,bcc5866631381f56dd4bf5a0eea049c7dc3f1394ddeb0c5c0127499190bc6a55,4003,text/x-file,[none],documentation-or-build-text,FUNWAVE-TVD,True,no explicit vendor marker found; retained in denominator,False,False,False,False,False,False,False,True,False,False,True,_staging/total-read/records/all-FUNWAVE-002.jsonl,1,models/FUNWAVE/raw/source_code/FUNWAVE-TVD/GNUMake/Old_Version_Makefiles/Makefile-Topaz-intel,
models/FUNWAVE/raw/source_code/FUNWAVE-TVD/GNUMake/Old_Version_Makefiles/Makefile-Topaz-sgi,c8f00506e409fd4155f91885406da8d2557edf7a54b4323a7b36a852beda5558,4093,text/x-file,[none],documentation-or-build-text,FUNWAVE-TVD,True,no explicit vendor marker found; retained in denominator,False,False,False,False,False,False,False,True,False,False,True,_staging/total-read/records/all-FUNWAVE-002.jsonl,1,models/FUNWAVE/raw/source_code/FUNWAVE-TVD/GNUMake/Old_Version_Makefiles/Makefile-Topaz-sgi,
models/FUNWAVE/raw/source_code/FUNWAVE-TVD/GNUMake/Old_Version_Makefiles/Makefile-Topaz-sgi-OpenSS,d262c488f2af4ff5e006feed7974364e18cd7caa9af7db05be1e437e61a1ea62,3999,text/x-file,[none],documentation-or-build-text,FUNWAVE-TVD,True,no explicit vendor marker found; retained in denominator,False,False,False,False,False,False,False,True,False,False,True,_staging/total-read/records/all-FUNWAVE-002.jsonl,1,models/FUNWAVE/raw/source_code/FUNWAVE-TVD/GNUMake/Old_Version_Makefiles/Makefile-Topaz-sgi-OpenSS,
models/FUNWAVE/raw/source_code/FUNWAVE-TVD/GNUMake/Old_Version_Makefiles/Makefile-funwaveRDE,159cb0a647a6ffa824e687f496145bce075a0e8439b62c84daece8cb5e295d05,4050,text/x-file,[none],documentation-or-build-text,FUNWAVE-TVD,True,no explicit vendor marker found; retained in denominator,False,False,False,False,False,False,False,True,False,False,True,_staging/total-read/records/all-FUNWAVE-002.jsonl,1,models/FUNWAVE/raw/source_code/FUNWAVE-TVD/GNUMake/Old_Version_Makefiles/Makefile-funwaveRDE,
models/FUNWAVE/raw/source_code/FUNWAVE-TVD/Makefile,290c32c85a8aea41063fdb9cd3112832eafcd09bbb217dd13b119a25d78a2cfa,4075,text/x-file,[none],documentation-or-build-text,FUNWAVE-TVD,True,no explicit vendor marker found; retained in denominator,False,False,False,False,False,False,False,True,False,False,True,_staging/total-read/records/all-FUNWAVE-002.jsonl,1,models/FUNWAVE/raw/source_code/FUNWAVE-TVD/Makefile,
models/FUNWAVE/raw/source_code/FUNWAVE-TVD/Makefile.onyx,a043490a7a611d3ad86860a725a4371ec1ff42486cc8be200a5c80d5bb76306f,4069,text/x-file,.onyx,documentation-or-build-text,FUNWAVE-TVD,True,no explicit vendor marker found; retained in denominator,False,False,False,False,False,False,False,True,False,False,True,_staging/total-read/records/all-FUNWAVE-002.jsonl,1,models/FUNWAVE/raw/source_code/FUNWAVE-TVD/Makefile.onyx,
models/FUNWAVE/raw/source_code/FUNWAVE-TVD/Makefile_mac,7d85daaf17950f2a417694b65954d3c7b249b6c68455a24312394fa7280438b0,4094,text/x-file,[none],documentation-or-build-text,FUNWAVE-TVD,True,no explicit vendor marker found; retained in denominator,False,False,False,False,False,False,False,True,False,False,True,_staging/total-read/records/all-FUNWAVE-002.jsonl,1,models/FUNWAVE/raw/source_code/FUNWAVE-TVD/Makefile_mac,
models/FUNWAVE/raw/source_code/FUNWAVE-TVD/Makefile_mac_single,5a8bd2207231f80dc4510556bf040441deb98451978be513dc590506b339a6d5,4096,text/x-file,[none],documentation-or-build-text,FUNWAVE-TVD,True,no explicit vendor marker found; retained in denominator,False,False,False,False,False,False,False,True,False,False,True,_staging/total-read/records/all-FUNWAVE-003.jsonl,1,models/FUNWAVE/raw/source_code/FUNWAVE-TVD/Makefile_mac_single,
models/FUNWAVE/raw/source_code/FUNWAVE-TVD/README.md,ff8127fe2f5208f6e287f659f09b6fd359941f44475a31cab1d42997597bdebf,190,text/plain,.md,documentation-or-build-text,FUNWAVE-TVD,True,no explicit vendor marker found; retained in denominator,False,False,False,False,False,False,False,False,False,False,False,,1,models/FUNWAVE/raw/source_code/FUNWAVE-TVD/README.md,
models/FUNWAVE/raw/source_code/FUNWAVE-TVD/_config.yml,834af3d8f5e30c72ba7a4e84132e6b8c98e96807ed172b9477ab18d6527007a9,144,text/plain,.yml,other-text,FUNWAVE-TVD,True,no explicit vendor marker found; retained in denominator,False,False,False,False,False,False,False,True,False,False,True,_staging/total-read/records/all-FUNWAVE-003.jsonl,1,models/FUNWAVE/raw/source_code/FUNWAVE-TVD/_config.yml,
models/FUNWAVE/raw/source_code/FUNWAVE-TVD/bathy_correction_module.mod,4bf7f445cff1c629e3839761eedae221233af07d72eba2d249dc6b52df665fc9,97049,application/gzip,.mod,generated-build,FUNWAVE-TVD,False,no explicit vendor marker found; retained in denominator,False,False,False,False,False,False,False,False,False,True,False,_staging/total-read/records/binauto-code_FUNWAVE.jsonl,1,models/FUNWAVE/raw/source_code/FUNWAVE-TVD/bathy_correction_module.mod,
models/FUNWAVE/raw/source_code/FUNWAVE-TVD/benchmarks/.DS_Store,e2f1356ed6a718a7230a4a83649388f183f6bdc180efba746512cac74054fa9b,6148,application/octet-stream,[none],other-binary-or-data,FUNWAVE-TVD,True,no explicit vendor marker found; retained in denominator,False,False,False,False,False,False,False,False,False,True,False,_staging/total-read/records/binauto-code_FUNWAVE.jsonl,1,models/FUNWAVE/raw/source_code/FUNWAVE-TVD/benchmarks/.DS_Store,
models/FUNWAVE/raw/source_code/FUNWAVE-TVD/benchmarks/car_Nwave_statis/input.txt,36b085c4bf1b84c2dfe9ba6d465de80f3f8e11ad468404a1680e6535d02a622a,7337,text/plain,.txt,documentation-or-build-text,FUNWAVE-TVD,True,no explicit vendor marker found; retained in denominator,False,False,False,False,False,False,False,True,False,False,True,_staging/total-read/records/all-FUNWAVE-003.jsonl,2,models/FUNWAVE/raw/source_code/FUNWAVE-TVD/benchmarks/car_Nwave_statis/input.txt,models/FUNWAVE/raw/source_code/FUNWAVE-TVD/benchmarks/car_Nwave_statis/input.txt | models/FUNWAVE/raw/source_code/FUNWAVE-TVD/benchmarks/car_Nwave_statis/input_s10_h1k_a10.txt
models/FUNWAVE/raw/source_code/FUNWAVE-TVD/benchmarks/car_Nwave_statis/input_s10_h100_a5.txt,247ec0aae8c6d6e45427ebaf3a52337368514b4a4a3c11c104ee4ef2cd673fd7,7326,text/plain,.txt,documentation-or-build-text,FUNWAVE-TVD,True,no explicit vendor marker found; retained in denominator,False,False,False,False,False,False,False,True,False,False,True,_staging/total-read/records/all-FUNWAVE-003.jsonl,1,models/FUNWAVE/raw/source_code/FUNWAVE-TVD/benchmarks/car_Nwave_statis/input_s10_h100_a5.txt,
models/FUNWAVE/raw/source_code/FUNWAVE-TVD/benchmarks/car_Nwave_statis/input_s10_h1_a002.txt,f67d5b642a1bcf26fdb8963983bb065b05db24ada394e2905484443e24f1b46d,7317,text/plain,.txt,documentation-or-build-text,FUNWAVE-TVD,True,no explicit vendor marker found; retained in denominator,False,False,False,False,False,False,False,True,False,False,True,_staging/total-read/records/all-FUNWAVE-003.jsonl,1,models/FUNWAVE/raw/source_code/FUNWAVE-TVD/benchmarks/car_Nwave_statis/input_s10_h1_a002.txt,
models/FUNWAVE/raw/source_code/FUNWAVE-TVD/benchmarks/car_Nwave_statis/input_s10_h1k_a10.txt,36b085c4bf1b84c2dfe9ba6d465de80f3f8e11ad468404a1680e6535d02a622a,7337,text/plain,.txt,documentation-or-build-text,FUNWAVE-TVD,True,no explicit vendor marker found; retained in denominator,False,False,False,False,False,False,False,True,False,False,True,_staging/total-read/records/all-FUNWAVE-003.jsonl,2,models/FUNWAVE/raw/source_code/FUNWAVE-TVD/benchmarks/car_Nwave_statis/input.txt,models/FUNWAVE/raw/source_code/FUNWAVE-TVD/benchmarks/car_Nwave_statis/input.txt | models/FUNWAVE/raw/source_code/FUNWAVE-TVD/benchmarks/car_Nwave_statis/input_s10_h1k_a10.txt
models/FUNWAVE/raw/source_code/FUNWAVE-TVD/benchmarks/car_Nwave_statis/input_s10_h1k_a_50.txt,ca55eb066df0935a923ecd0a6d528994540dc1fb0c387cc2b52df8153066205e,7341,text/plain,.txt,documentation-or-build-text,FUNWAVE-TVD,True,no explicit vendor marker found; retained in denominator,False,False,False,False,False,False,False,True,False,False,True,_staging/total-read/records/all-FUNWAVE-003.jsonl,1,models/FUNWAVE/raw/source_code/FUNWAVE-TVD/benchmarks/car_Nwave_statis/input_s10_h1k_a_50.txt,
models/FUNWAVE/raw/source_code/FUNWAVE-TVD/benchmarks/car_Nwave_statis/input_s20_h100_a1.txt,ac253510ab5fa16df9447b77cee6525f658778400ae919e4686182d690f9df56,7328,text/plain,.txt,documentation-or-build-text,FUNWAVE-TVD,True,no explicit vendor marker found; retained in denominator,False,False,False,False,False,False,False,True,False,False,True,_staging/total-read/records/all-FUNWAVE-003.jsonl,1,models/FUNWAVE/raw/source_code/FUNWAVE-TVD/benchmarks/car_Nwave_statis/input_s20_h100_a1.txt,
models/FUNWAVE/raw/source_code/FUNWAVE-TVD/benchmarks/car_Nwave_statis/input_s20_h100_a2.txt,eb2e0402ae807cd31147ce732b30bf3dc5b8da0191c68554d4032785f2158b94,7328,text/plain,.txt,documentation-or-build-text,FUNWAVE-TVD,True,no explicit vendor marker found; retained in denominator,False,False,False,False,False,False,False,True,False,False,True,_staging/total-read/records/all-FUNWAVE-003.jsonl,1,models/FUNWAVE/raw/source_code/FUNWAVE-TVD/benchmarks/car_Nwave_statis/input_s20_h100_a2.txt,
models/FUNWAVE/raw/source_code/FUNWAVE-TVD/benchmarks/car_Nwave_statis/input_s3_h100_a1.txt,5bc3f7ccdad8e6b5a69fd878a548d0917cc4c54aaca0997af4ef345a1507a68a,7328,text/plain,.txt,documentation-or-build-text,FUNWAVE-TVD,True,no explicit vendor marker found; retained in denominator,False,False,False,False,False,False,False,True,False,False,True,_staging/total-read/records/all-FUNWAVE-003.jsonl,1,models/FUNWAVE/raw/source_code/FUNWAVE-TVD/benchmarks/car_Nwave_statis/input_s3_h100_a1.txt,
models/FUNWAVE/raw/source_code/FUNWAVE-TVD/benchmarks/car_Nwave_statis/input_s3_h100_a5.txt,ea27d1e45056cdf1a78cbfca53c0c5f990245b386fed5ab38da75310ddd28190,7325,text/plain,.txt,documentation-or-build-text,FUNWAVE-TVD,True,no explicit vendor marker found; retained in denominator,False,False,False,False,False,False,False,True,False,False,True,_staging/total-read/records/all-FUNWAVE-003.jsonl,1,models/FUNWAVE/raw/source_code/FUNWAVE-TVD/benchmarks/car_Nwave_statis/input_s3_h100_a5.txt,
models/FUNWAVE/raw/source_code/FUNWAVE-TVD/benchmarks/car_Nwave_statis/input_s_10_h1_a005.txt,9c5249b88db86b51a1160bda6c843f55c4dc1a5fadf067f28bd3f420044d3bde,7319,text/plain,.txt,documentation-or-build-text,FUNWAVE-TVD,True,no explicit vendor marker found; retained in denominator,False,False,False,False,False,False,False,True,False,False,True,_staging/total-read/records/all-FUNWAVE-003.jsonl,1,models/FUNWAVE/raw/source_code/FUNWAVE-TVD/benchmarks/car_Nwave_statis/input_s_10_h1_a005.txt,
models/FUNWAVE/raw/source_code/FUNWAVE-TVD/benchmarks/car_Nwave_statis/results.txt,6f8a7852d0877493ca0831ec05ddfdac316c07b1345f1258f87d8d2d7e4c3f44,663,text/plain,.txt,documentation-or-build-text,FUNWAVE-TVD,True,no explicit vendor marker found; retained in denominator,False,False,False,False,False,False,False,True,False,False,True,_staging/total-read/records/all-FUNWAVE-003.jsonl,1,models/FUNWAVE/raw/source_code/FUNWAVE-TVD/benchmarks/car_Nwave_statis/results.txt,
models/FUNWAVE/raw/source_code/FUNWAVE-TVD/benchmarks/car_Nwave_statis/station.txt,e3b0c44298fc1c149afbf4c8996fb92427ae41e4649b934ca495991b7852b855,0,inode/x-empty,.txt,documentation-or-build-text,FUNWAVE-TVD,True,no explicit vendor marker found; retained in denominator,False,False,False,False,False,False,False,True,False,False,True,_staging/total-read/records/all-FUNWAVE-003.jsonl,11,models/FUNWAVE/raw/source_code/FUNWAVE-TVD/benchmarks/car_Nwave_statis/station.txt,models/FUNWAVE/raw/source_code/FUNWAVE-TVD/benchmarks/car_Nwave_statis/station.txt | models/FUNWAVE/raw/source_code/FUNWAVE-TVD/benchmarks/sph_monai_valley/work/depth_blowup.dat | models/FUNWAVE/raw/source_code/FUNWAVE-TVD/benchmarks/sph_sol_plane_mea/breaking/station.txt | models/FUNWAVE/raw/source_code/FUNWAVE-TVD/benchmarks/sph_sol_plane_mea/nonbreaking/station.txt | models/FUNWAVE/raw/source_code/FUNWAVE-TVD/simple_cases/levee_1d/LOG.txt | models/FUNWAVE/raw/source_code/FUNWAVE-TVD/simple_cases/levee_1d/time_dt.out | models/FUNWAVE/raw/source_code/FUNWAVE-TVD/simple_cases/sediment_rip/work/time_dt.out | models/FUNWAVE/raw/source_code/FUNWAVE-TVD/simple_cases/tide_time_spectra/fort.1 | models/FUNWAVE/raw/source_code/FUNWAVE-TVD/simple_cases/tide_time_spectra/fort.500 | models/FUNWAVE/raw/source_code/FUNWAVE-TVD/simple_cases/tohoku_tsunami/work/time_dt.out | models/FUNWAVE/raw/source_code/FUNWAVE-TVD/simple_cases/vertical_velocity_structure/time_dt.out
models/FUNWAVE/raw/source_code/FUNWAVE-TVD/benchmarks/car_berkhoff_2d/input/DEPTH.F,634103c8b22ba0644179ebb7e3b27fda01113c9cdba1fed658fe608793cbf897,2479,text/plain,.f,solver-or-case-source,FUNWAVE-TVD,True,no explicit vendor marker found; retained in denominator,True,False,False,False,False,False,False,True,False,False,True,_staging/total-read/records/all-FUNWAVE-003.jsonl,1,models/FUNWAVE/raw/source_code/FUNWAVE-TVD/benchmarks/car_berkhoff_2d/input/DEPTH.F,
models/FUNWAVE/raw/source_code/FUNWAVE-TVD/benchmarks/car_berkhoff_2d/input/depth.txt,a17c8c1a0b06d8862a4778fc34a0f2b9abe0a4b070543a531b908e9297673ac6,1440200,text/plain,.txt,documentation-or-build-text,FUNWAVE-TVD,True,no explicit vendor marker found; retained in denominator,False,False,False,False,False,False,False,False,True,False,False,_staging/total-read/records/all-FUNWAVE-003.jsonl,1,models/FUNWAVE/raw/source_code/FUNWAVE-TVD/benchmarks/car_berkhoff_2d/input/depth.txt,
models/FUNWAVE/raw/source_code/FUNWAVE-TVD/benchmarks/car_berkhoff_2d/postprocessing/berkhoff.jpg,583509fa8e0f76fffb14edce1c55e5da20af6d6d7c4ad2bc60547556648d7219,243864,image/jpeg,.jpg,image-or-media,FUNWAVE-TVD,True,no explicit vendor marker found; retained in denominator,False,False,False,False,False,False,False,False,False,True,False,_staging/total-read/records/binauto-code_FUNWAVE.jsonl,1,models/FUNWAVE/raw/source_code/FUNWAVE-TVD/benchmarks/car_berkhoff_2d/postprocessing/berkhoff.jpg,
models/FUNWAVE/raw/source_code/FUNWAVE-TVD/benchmarks/car_berkhoff_2d/postprocessing/calcheight.m,8921ee27da994b5e6b8249c710cf664f4d1c6a44cfb9412ba0b3b277bb8fa1cd,688,text/plain,.m,script-source,FUNWAVE-TVD,True,no explicit vendor marker found; retained in denominator,True,False,False,False,False,False,False,True,False,False,True,_staging/total-read/records/all-FUNWAVE-003.jsonl,1,models/FUNWAVE/raw/source_code/FUNWAVE-TVD/benchmarks/car_berkhoff_2d/postprocessing/calcheight.m,
models/FUNWAVE/raw/source_code/FUNWAVE-TVD/benchmarks/car_berkhoff_2d/postprocessing/height_full.dat,a4096a40f3f73929df4cd7ed5dceb58c7df7933731bb2b98ab33360a595d7614,1920600,text/plain,.dat,case-data-or-output,FUNWAVE-TVD,True,no explicit vendor marker found; retained in denominator,False,False,False,False,False,False,False,False,True,False,False,_staging/total-read/records/all-FUNWAVE-003.jsonl,1,models/FUNWAVE/raw/source_code/FUNWAVE-TVD/benchmarks/car_berkhoff_2d/postprocessing/height_full.dat,
models/FUNWAVE/raw/source_code/FUNWAVE-TVD/benchmarks/car_berkhoff_2d/postprocessing/section1.dat,d1f463c9b1540324c80e599e9a3ddc378013ff9de18b899aa1b05e25036e788e,345,text/plain,.dat,case-data-or-output,FUNWAVE-TVD,True,no explicit vendor marker found; retained in denominator,False,False,False,False,False,False,False,True,False,False,True,_staging/total-read/records/all-FUNWAVE-003.jsonl,1,models/FUNWAVE/raw/source_code/FUNWAVE-TVD/benchmarks/car_berkhoff_2d/postprocessing/section1.dat,
models/FUNWAVE/raw/source_code/FUNWAVE-TVD/benchmarks/car_berkhoff_2d/postprocessing/section2.dat,158a4b5d964b14f4a00040fd40a257fc930c6ac3365ff858485fee702e659e9b,330,text/plain,.dat,case-data-or-output,FUNWAVE-TVD,True,no explicit vendor marker found; retained in denominator,False,False,False,False,False,False,False,True,False,False,True,_staging/total-read/records/all-FUNWAVE-003.jsonl,1,models/FUNWAVE/raw/source_code/FUNWAVE-TVD/benchmarks/car_berkhoff_2d/postprocessing/section2.dat,
models/FUNWAVE/raw/source_code/FUNWAVE-TVD/benchmarks/car_berkhoff_2d/postprocessing/section3.dat,24231470de50c07946379bf8cd223c697e15f10a467bf353e08592780eb0c98b,330,text/plain,.dat,case-data-or-output,FUNWAVE-TVD,True,no explicit vendor marker found; retained in denominator,False,False,False,False,False,False,False,True,False,False,True,_staging/total-read/records/all-FUNWAVE-003.jsonl,1,models/FUNWAVE/raw/source_code/FUNWAVE-TVD/benchmarks/car_berkhoff_2d/postprocessing/section3.dat,
models/FUNWAVE/raw/source_code/FUNWAVE-TVD/benchmarks/car_berkhoff_2d/postprocessing/section4.dat,e659df95e57ebe4cebfb9019ce6973ab016a1bd5153afaa0c6b42cf7df6b77a8,329,text/plain,.dat,case-data-or-output,FUNWAVE-TVD,True,no explicit vendor marker found; retained in denominator,False,False,False,False,False,False,False,True,False,False,True,_staging/total-read/records/all-FUNWAVE-003.jsonl,1,models/FUNWAVE/raw/source_code/FUNWAVE-TVD/benchmarks/car_berkhoff_2d/postprocessing/section4.dat,
models/FUNWAVE/raw/source_code/FUNWAVE-TVD/benchmarks/car_berkhoff_2d/postprocessing/section5.dat,72b1ed4ebac06cc12c7cb223b547203a9a3562095a95ebdc565c5a42f943e167,321,text/plain,.dat,case-data-or-output,FUNWAVE-TVD,True,no explicit vendor marker found; retained in denominator,False,False,False,False,False,False,False,True,False,False,True,_staging/total-read/records/all-FUNWAVE-003.jsonl,1,models/FUNWAVE/raw/source_code/FUNWAVE-TVD/benchmarks/car_berkhoff_2d/postprocessing/section5.dat,
models/FUNWAVE/raw/source_code/FUNWAVE-TVD/benchmarks/car_berkhoff_2d/postprocessing/section678.dat,a9799ac8cf224a6833f28e04fb4977918c78191539f7b4d558d83fff2baa56e4,534,text/plain,.dat,case-data-or-output,FUNWAVE-TVD,True,no explicit vendor marker found; retained in denominator,False,False,False,False,False,False,False,True,False,False,True,_staging/total-read/records/all-FUNWAVE-003.jsonl,1,models/FUNWAVE/raw/source_code/FUNWAVE-TVD/benchmarks/car_berkhoff_2d/postprocessing/section678.dat,
models/FUNWAVE/raw/source_code/FUNWAVE-TVD/benchmarks/car_berkhoff_2d/postprocessing/showheight.m,c1b01c79547b19bacf56cbef928b9ae4b9ec0837a79f998b51f2605df3c512cb,2466,text/plain,.m,script-source,FUNWAVE-TVD,True,no explicit vendor marker found; retained in denominator,True,False,False,False,False,False,False,True,False,False,True,_staging/total-read/records/all-FUNWAVE-003.jsonl,1,models/FUNWAVE/raw/source_code/FUNWAVE-TVD/benchmarks/car_berkhoff_2d/postprocessing/showheight.m,
models/FUNWAVE/raw/source_code/FUNWAVE-TVD/benchmarks/car_berkhoff_2d/work/input.txt,817394365d23cbf9e6b1d5480f45cdd62499bfe03669abd97a60170244509c5e,6892,text/plain,.txt,documentation-or-build-text,FUNWAVE-TVD,True,no explicit vendor marker found; retained in denominator,False,False,False,False,False,False,False,True,False,False,True,_staging/total-read/records/all-FUNWAVE-003.jsonl,1,models/FUNWAVE/raw/source_code/FUNWAVE-TVD/benchmarks/car_berkhoff_2d/work/input.txt,
models/FUNWAVE/raw/source_code/FUNWAVE-TVD/benchmarks/car_conical_island/input/conical.m,510a0994c917cdd16793333f434af9f9ca46d7060f94cf6b7c34424bbef6d29a,1299,text/plain,.m,script-source,FUNWAVE-TVD,True,no explicit vendor marker found; retained in denominator,True,False,False,False,False,False,False,True,False,False,True,_staging/total-read/records/all-FUNWAVE-003.jsonl,1,models/FUNWAVE/raw/source_code/FUNWAVE-TVD/benchmarks/car_conical_island/input/conical.m,
models/FUNWAVE/raw/source_code/FUNWAVE-TVD/benchmarks/car_conical_island/input/depth.txt,dfda37c212e075aa1c4d5d706222c13c23f2e55dc9ae97ebd448667e68ef8c8f,5073656,text/plain,.txt,documentation-or-build-text,FUNWAVE-TVD,True,no explicit vendor marker found; retained in denominator,False,False,False,False,False,False,False,False,True,False,False,_staging/total-read/records/all-FUNWAVE-003.jsonl,2,models/FUNWAVE/raw/source_code/FUNWAVE-TVD/benchmarks/car_conical_island/input/depth.txt,models/FUNWAVE/raw/source_code/FUNWAVE-TVD/benchmarks/car_conical_island/input/depth.txt | models/FUNWAVE/raw/source_code/FUNWAVE-TVD/benchmarks/sph_conical_island/input/depth.txt
models/FUNWAVE/raw/source_code/FUNWAVE-TVD/benchmarks/car_conical_island/input/format.f,99c3e3a9505dd4a7eddddff288840961a2095a836dd22a0a8f05e27e3aa939db,320,text/plain,.f,solver-or-case-source,FUNWAVE-TVD,True,no explicit vendor marker found; retained in denominator,True,False,False,False,False,False,False,True,False,False,True,_staging/total-read/records/all-FUNWAVE-003.jsonl,1,models/FUNWAVE/raw/source_code/FUNWAVE-TVD/benchmarks/car_conical_island/input/format.f,
models/FUNWAVE/raw/source_code/FUNWAVE-TVD/benchmarks/car_conical_island/work_case_A/A.txt,3f3f9104197821d990bff7b3e2f63a8dd62c3125d04b0bb0d2b71b8e3e7717b5,58887,text/plain,.txt,documentation-or-build-text,FUNWAVE-TVD,True,no explicit vendor marker found; retained in denominator,False,False,False,False,False,False,False,True,False,False,True,_staging/total-read/records/all-FUNWAVE-003.jsonl,2,models/FUNWAVE/raw/source_code/FUNWAVE-TVD/benchmarks/car_conical_island/work_case_A/A.txt,models/FUNWAVE/raw/source_code/FUNWAVE-TVD/benchmarks/car_conical_island/work_case_A/A.txt | models/FUNWAVE/raw/source_code/FUNWAVE-TVD/benchmarks/sph_conical_island/work_case_A/A.txt
models/FUNWAVE/raw/source_code/FUNWAVE-TVD/benchmarks/car_conical_island/work_case_A/caseA.eps,f9a98b195f2fd87354dfb7b1d6f4f6e512ed2f0e02b702c0798e35125fbaed07,29077,application/postscript,.eps,image-or-media,FUNWAVE-TVD,True,no explicit vendor marker found; retained in denominator,False,False,False,False,False,False,False,True,False,False,True,_staging/total-read/records/all-FUNWAVE-003.jsonl,2,models/FUNWAVE/raw/source_code/FUNWAVE-TVD/benchmarks/car_conical_island/work_case_A/caseA.eps,models/FUNWAVE/raw/source_code/FUNWAVE-TVD/benchmarks/car_conical_island/work_case_A/caseA.eps | models/FUNWAVE/raw/source_code/FUNWAVE-TVD/benchmarks/sph_conical_island/work_case_A/caseA_cart.eps
models/FUNWAVE/raw/source_code/FUNWAVE-TVD/benchmarks/car_conical_island/work_case_A/caseA.pdf,5a4b3579bce25a7f324edeaf8d640302ad6496f781db01f5a59657b4db8d4b78,31064,application/pdf,.pdf,manual-or-paper-pdf,FUNWAVE-TVD,True,no explicit vendor marker found; retained in denominator,False,False,False,False,False,False,False,False,False,True,False,_staging/total-read/records/binauto-code_FUNWAVE.jsonl,2,models/FUNWAVE/raw/source_code/FUNWAVE-TVD/benchmarks/car_conical_island/work_case_A/caseA.pdf,models/FUNWAVE/raw/source_code/FUNWAVE-TVD/benchmarks/car_conical_island/work_case_A/caseA.pdf | models/FUNWAVE/raw/source_code/FUNWAVE-TVD/benchmarks/sph_conical_island/work_case_A/caseA_cart.pdf
models/FUNWAVE/raw/source_code/FUNWAVE-TVD/benchmarks/car_conical_island/work_case_A/gauges.txt,805b6a30b893576293cf8fb8d87e6bb5e1009f1c27a9861c29e8356f291cb654,136,text/plain,.txt,documentation-or-build-text,FUNWAVE-TVD,True,no explicit vendor marker found; retained in denominator,False,False,False,False,False,False,False,True,False,False,True,_staging/total-read/records/all-FUNWAVE-003.jsonl,6,models/FUNWAVE/raw/source_code/FUNWAVE-TVD/benchmarks/car_conical_island/work_case_A/gauges.txt,models/FUNWAVE/raw/source_code/FUNWAVE-TVD/benchmarks/car_conical_island/work_case_A/gauges.txt | models/FUNWAVE/raw/source_code/FUNWAVE-TVD/benchmarks/car_conical_island/work_case_B/gauges.txt | models/FUNWAVE/raw/source_code/FUNWAVE-TVD/benchmarks/car_conical_island/work_case_C/gauges.txt | models/FUNWAVE/raw/source_code/FUNWAVE-TVD/benchmarks/sph_conical_island/work_case_A/gauges_ij.txt | models/FUNWAVE/raw/source_code/FUNWAVE-TVD/benchmarks/sph_conical_island/work_case_B/gauges_ij.txt | models/FUNWAVE/raw/source_code/FUNWAVE-TVD/benchmarks/sph_conical_island/work_case_C/gauges_ij.txt
models/FUNWAVE/raw/source_code/FUNWAVE-TVD/benchmarks/car_conical_island/work_case_A/input.txt,c71b77d2b559a5f5bcbd4b8bd8079df8afc6c34cce5124427de94325c9a574f2,6869,text/plain,.txt,documentation-or-build-text,FUNWAVE-TVD,True,no explicit vendor marker found; retained in denominator,False,False,False,False,False,False,False,True,False,False,True,_staging/total-read/records/all-FUNWAVE-003.jsonl,1,models/FUNWAVE/raw/source_code/FUNWAVE-TVD/benchmarks/car_conical_island/work_case_A/input.txt,
models/FUNWAVE/raw/source_code/FUNWAVE-TVD/benchmarks/car_conical_island/work_case_A/plot_comparison.m,982cb191a16457b9c5ae7133dfdec46777f2811558a8c6169d38957c05409d06,944,text/plain,.m,script-source,FUNWAVE-TVD,True,no explicit vendor marker found; retained in denominator,True,False,False,False,False,False,False,True,False,False,True,_staging/total-read/records/all-FUNWAVE-003.jsonl,1,models/FUNWAVE/raw/source_code/FUNWAVE-TVD/benchmarks/car_conical_island/work_case_A/plot_comparison.m,
models/FUNWAVE/raw/source_code/FUNWAVE-TVD/benchmarks/car_conical_island/work_case_A/sta_0001,09fd6741553e12892bab2445b71d54595c0a5723660cc4db9f57b814ae8a96a6,32565,text/plain,[none],other-text,FUNWAVE-TVD,True,no explicit vendor marker found; retained in denominator,False,False,False,False,False,False,False,True,False,False,True,_staging/total-read/records/all-FUNWAVE-003.jsonl,1,models/FUNWAVE/raw/source_code/FUNWAVE-TVD/benchmarks/car_conical_island/work_case_A/sta_0001,
models/FUNWAVE/raw/source_code/FUNWAVE-TVD/benchmarks/car_conical_island/work_case_A/sta_0002,caf36526048d685c37ce46d442e630abcdc2abd4cc39a34deef3f7dfb5e1060b,32565,text/plain,[none],other-text,FUNWAVE-TVD,True,no explicit vendor marker found; retained in denominator,False,True,False,False,False,False,True,False,False,False,True,_staging/total-read/pending/reread-20260728/reread20260728-doc-FUNWAVE-000-codex-20260811T012310Z-39a5f5ca/2880f1ad698cd7298b21a2befc748e021359651e22720952028d81bf35c98423.json,1,models/FUNWAVE/raw/source_code/FUNWAVE-TVD/benchmarks/car_conical_island/work_case_A/sta_0002,
models/FUNWAVE/raw/source_code/FUNWAVE-TVD/benchmarks/car_conical_island/work_case_A/sta_0003,ad944090499f9ede39a91e12f6f7f7f3cee075d0689e88b9325808b7ecc7f1ab,32565,text/plain,[none],other-text,FUNWAVE-TVD,True,no explicit vendor marker found; retained in denominator,False,True,False,False,False,False,True,False,False,False,True,_staging/total-read/pending/reread-20260728/reread20260728-doc-FUNWAVE-000-codex-20260811T012310Z-39a5f5ca/2a9035f9eb2537c060033e8c05c65220e82ef16ffd8548332a6647e44c2bb4ea.json,1,models/FUNWAVE/raw/source_code/FUNWAVE-TVD/benchmarks/car_conical_island/work_case_A/sta_0003,
models/FUNWAVE/raw/source_code/FUNWAVE-TVD/benchmarks/car_conical_island/work_case_A/sta_0004,629e4ef507a9fcb8c10eb13e6d1f10c563342e7fe0c8368f94c4e40cef0dab9f,32565,text/plain,[none],other-text,FUNWAVE-TVD,True,no explicit vendor marker found; retained in denominator,False,True,False,False,False,False,True,False,False,False,True,_staging/total-read/pending/reread-20260728/reread20260728-doc-FUNWAVE-000-codex-20260811T012310Z-39a5f5ca/da46fc0baec14630f9fbb7aee76caa1148e86076f55aec6b2b8b9683a7a80891.json,1,models/FUNWAVE/raw/source_code/FUNWAVE-TVD/benchmarks/car_conical_island/work_case_A/sta_0004,
models/FUNWAVE/raw/source_code/FUNWAVE-TVD/benchmarks/car_conical_island/work_case_A/sta_0005,acabf957499f2855226c45863aa63924fe6f29ea4ee468927bfc392690b047df,32565,text/plain,[none],other-text,FUNWAVE-TVD,True,no explicit vendor marker found; retained in denominator,False,True,False,False,False,False,True,False,False,False,True,_staging/total-read/pending/reread-20260728/reread20260728-doc-FUNWAVE-000-codex-20260811T012310Z-39a5f5ca/dbf46b6a21d010641b55bfd4ab32abc4e2e3530efd9ff42259ca025ca3de387c.json,1,models/FUNWAVE/raw/source_code/FUNWAVE-TVD/benchmarks/car_conical_island/work_case_A/sta_0005,
models/FUNWAVE/raw/source_code/FUNWAVE-TVD/benchmarks/car_conical_island/work_case_A/sta_0006,2715a41d8a008d680b9f119637c35b2968f291e989a5f84541e13b0fb461fdfc,32565,text/plain,[none],other-text,FUNWAVE-TVD,True,no explicit vendor marker found; retained in denominator,False,True,False,False,False,False,True,False,False,False,True,_staging/total-read/pending/reread-20260728/reread20260728-doc-FUNWAVE-000-codex-20260811T012310Z-39a5f5ca/e2480dba80d9b2c5624ff37f97135b4aa33037a84f009563c4380c5e68ea56cc.json,1,models/FUNWAVE/raw/source_code/FUNWAVE-TVD/benchmarks/car_conical_island/work_case_A/sta_0006,
models/FUNWAVE/raw/source_code/FUNWAVE-TVD/benchmarks/car_conical_island/work_case_A/sta_0007,3eccd94029ff41777983d82ac9b75c0f231b9bdc8d86da684ab79fcd37ecaf59,32565,text/plain,[none],other-text,FUNWAVE-TVD,True,no explicit vendor marker found; retained in denominator,False,True,False,False,False,False,True,False,False,False,True,_staging/total-read/pending/reread-20260728/reread20260728-doc-FUNWAVE-000-codex-20260811T012310Z-39a5f5ca/e0d9b62f69b162f01dcfca0870fc74a3200f0095921a19b11a52b0a918351fbf.json,1,models/FUNWAVE/raw/source_code/FUNWAVE-TVD/benchmarks/car_conical_island/work_case_A/sta_0007,
models/FUNWAVE/raw/source_code/FUNWAVE-TVD/benchmarks/car_conical_island/work_case_A/sta_0008,7879a2b91a3a779c7dd50aa080bf375bdd31c7b6e1995558c3d3653c59904dc4,32565,text/plain,[none],other-text,FUNWAVE-TVD,True,no explicit vendor marker found; retained in denominator,False,True,False,False,False,False,True,False,False,False,True,_staging/total-read/pending/reread-20260728/reread20260728-doc-FUNWAVE-000-codex-20260811T012310Z-39a5f5ca/35e5a34ad57f76ea578fd76231f9506d5e7b04aa6a0eeb20621099026ba8f78e.json,1,models/FUNWAVE/raw/source_code/FUNWAVE-TVD/benchmarks/car_conical_island/work_case_A/sta_0008,
models/FUNWAVE/raw/source_code/FUNWAVE-TVD/benchmarks/car_conical_island/work_case_A/sta_0009,c719f050bfdbfe6df4ae5362325cc6be68e37592ffa8591a71d5f9fbd98e7594,32565,text/plain,[none],other-text,FUNWAVE-TVD,True,no explicit vendor marker found; retained in denominator,False,True,False,False,False,False,True,False,False,False,True,_staging/total-read/pending/reread-20260728/reread20260728-doc-FUNWAVE-000-codex-20260811T012310Z-39a5f5ca/a2da4d3c799cac84e0fe8c5bd0bb83cc0c96d6b834fce10642ad826138bbf24b.json,1,models/FUNWAVE/raw/source_code/FUNWAVE-TVD/benchmarks/car_conical_island/work_case_A/sta_0009,
models/FUNWAVE/raw/source_code/FUNWAVE-TVD/benchmarks/car_conical_island/work_case_A/sta_0010,8196a76e7f334039e1729a6b062d5794adcae2fa6f3916184697dc2ea8a892b3,32565,text/plain,[none],other-text,FUNWAVE-TVD,True,no explicit vendor marker found; retained in denominator,False,True,False,False,False,False,True,False,False,False,True,_staging/total-read/pending/reread-20260728/reread20260728-doc-FUNWAVE-000-codex-20260811T012310Z-39a5f5ca/e5749d727a81cdaeacb90d35fb97b3e946e604f96114343915cb90ee3114abc8.json,1,models/FUNWAVE/raw/source_code/FUNWAVE-TVD/benchmarks/car_conical_island/work_case_A/sta_0010,
models/FUNWAVE/raw/source_code/FUNWAVE-TVD/benchmarks/car_conical_island/work_case_A/sta_0011,94e4a93f663a85318f9b546297b47cf2bb113a22e829e489073167641fb4e1ed,32565,text/plain,[none],other-text,FUNWAVE-TVD,True,no explicit vendor marker found; retained in denominator,False,True,False,False,False,False,True,False,False,False,True,_staging/total-read/pending/reread-20260728/reread20260728-doc-FUNWAVE-000-codex-20260811T012310Z-39a5f5ca/4a433a6d45433d35c33470a1bece3ed863d8d30d9ed001f9dd72cc0a1c1258f3.json,1,models/FUNWAVE/raw/source_code/FUNWAVE-TVD/benchmarks/car_conical_island/work_case_A/sta_0011,
models/FUNWAVE/raw/source_code/FUNWAVE-TVD/benchmarks/car_conical_island/work_case_A/sta_0012,ae14aa9e9d0dd97209a96cfd168d8cb29ebd0d6f6394e04a4aef6f0babf13b56,32565,text/plain,[none],other-text,FUNWAVE-TVD,True,no explicit vendor marker found; retained in denominator,False,True,False,False,False,False,True,False,False,False,True,_staging/total-read/pending/reread-20260728/reread20260728-doc-FUNWAVE-000-codex-20260811T012310Z-39a5f5ca/56192022b09f9bc3de672803bcc735b0bd803202e759a11c5847d73d905905c1.json,1,models/FUNWAVE/raw/source_code/FUNWAVE-TVD/benchmarks/car_conical_island/work_case_A/sta_0012,
models/FUNWAVE/raw/source_code/FUNWAVE-TVD/benchmarks/car_conical_island/work_case_A/sta_0013,3038347f7c72efd956c0e79fdb95237e8527ff31a17b25a1e3aba2620c42e20d,32565,text/plain,[none],other-text,FUNWAVE-TVD,True,no explicit vendor marker found; retained in denominator,False,True,False,False,False,False,True,False,False,False,True,_staging/total-read/pending/reread-20260728/reread20260728-doc-FUNWAVE-000-codex-20260811T012310Z-39a5f5ca/14d31cf1c4d21a69ea073fc6c8cff7faf55193717bb1b73c2d1fbda785e811bb.json,1,models/FUNWAVE/raw/source_code/FUNWAVE-TVD/benchmarks/car_conical_island/work_case_A/sta_0013,
models/FUNWAVE/raw/source_code/FUNWAVE-TVD/benchmarks/car_conical_island/work_case_A/sta_0014,978c527ed87eb6e2a12bbb17690d0261dda23166eaa0037c5c1ae9349c428598,32565,text/plain,[none],other-text,FUNWAVE-TVD,True,no explicit vendor marker found; retained in denominator,False,True,False,False,False,False,True,False,False,False,True,_staging/total-read/pending/reread-20260728/reread20260728-doc-FUNWAVE-000-codex-20260811T012310Z-39a5f5ca/2967e1ce9bc78c612e8ed6061a130cc5571a59e3a89bfae90ba266b5e491b1e5.json,1,models/FUNWAVE/raw/source_code/FUNWAVE-TVD/benchmarks/car_conical_island/work_case_A/sta_0014,
models/FUNWAVE/raw/source_code/FUNWAVE-TVD/benchmarks/car_conical_island/work_case_A/sta_0015,8d986822fe24f9e528368c40a4e76da4c4e77ea471146eb261dd9ed9c914bec5,32565,text/plain,[none],other-text,FUNWAVE-TVD,True,no explicit vendor marker found; retained in denominator,False,True,False,False,False,False,True,False,False,False,True,_staging/total-read/pending/reread-20260728/reread20260728-doc-FUNWAVE-000-codex-20260811T012310Z-39a5f5ca/a84439bc12a824d770b0cbcb7bd60311683a8fc23f6ee504c4cd9fd1b8a4a071.json,1,models/FUNWAVE/raw/source_code/FUNWAVE-TVD/benchmarks/car_conical_island/work_case_A/sta_0015,
models/FUNWAVE/raw/source_code/FUNWAVE-TVD/benchmarks/car_conical_island/work_case_A/sta_0016,583fb4fd8a609239ab5d53e9a4d667eae84500394a7ed3407c3055d101e653bb,32565,text/plain,[none],other-text,FUNWAVE-TVD,True,no explicit vendor marker found; retained in denominator,False,True,False,False,False,False,True,False,False,False,True,_staging/total-read/pending/reread-20260728/reread20260728-doc-FUNWAVE-000-codex-20260811T012310Z-39a5f5ca/d40f518b5e6f607153374fc36bb0117caa5890e003fbaf21855b2b5e1ba3f15c.json,1,models/FUNWAVE/raw/source_code/FUNWAVE-TVD/benchmarks/car_conical_island/work_case_A/sta_0016,
models/FUNWAVE/raw/source_code/FUNWAVE-TVD/benchmarks/car_conical_island/work_case_B/B.txt,0089e064730049406e1e70d9be9bdd70a1453a50dfb79a84e9e8ecf15a320325,60567,text/plain,.txt,documentation-or-build-text,FUNWAVE-TVD,True,no explicit vendor marker found; retained in denominator,False,True,False,False,False,False,True,False,False,False,True,_staging/total-read/pending/reread-20260728/reread20260728-doc-FUNWAVE-000-codex-20260811T012310Z-39a5f5ca/db5aca428faae31b9ce390c669e0aced5becf1ea4b466ffb5b692d0f82373adb.json,2,models/FUNWAVE/raw/source_code/FUNWAVE-TVD/benchmarks/car_conical_island/work_case_B/B.txt,models/FUNWAVE/raw/source_code/FUNWAVE-TVD/benchmarks/car_conical_island/work_case_B/B.txt | models/FUNWAVE/raw/source_code/FUNWAVE-TVD/benchmarks/sph_conical_island/work_case_B/B.txt
models/FUNWAVE/raw/source_code/FUNWAVE-TVD/benchmarks/car_conical_island/work_case_B/caseB.eps,5ddf5444304e028257d1eb8f7de2468a318cde61cd3f870c006961497fd05407,29649,application/postscript,.eps,image-or-media,FUNWAVE-TVD,True,no explicit vendor marker found; retained in denominator,False,True,False,False,False,False,True,False,False,False,True,_staging/total-read/pending/reread-20260728/reread20260728-doc-FUNWAVE-000-codex-20260811T012310Z-39a5f5ca/262f19bb07093b4994efd94f125a7cb2480421987e3c0b48ca31d135cb4f1806.json,2,models/FUNWAVE/raw/source_code/FUNWAVE-TVD/benchmarks/car_conical_island/work_case_B/caseB.eps,models/FUNWAVE/raw/source_code/FUNWAVE-TVD/benchmarks/car_conical_island/work_case_B/caseB.eps | models/FUNWAVE/raw/source_code/FUNWAVE-TVD/benchmarks/sph_conical_island/work_case_B/caseB_cart.eps
models/FUNWAVE/raw/source_code/FUNWAVE-TVD/benchmarks/car_conical_island/work_case_B/caseB.pdf,05b1a6bb3c0e3974beacd4c3ab6a5575f811428085239de227635f4f1e3da289,31065,application/pdf,.pdf,manual-or-paper-pdf,FUNWAVE-TVD,True,no explicit vendor marker found; retained in denominator,False,False,False,False,False,False,False,False,False,True,False,_staging/total-read/records/binauto-code_FUNWAVE.jsonl,2,models/FUNWAVE/raw/source_code/FUNWAVE-TVD/benchmarks/car_conical_island/work_case_B/caseB.pdf,models/FUNWAVE/raw/source_code/FUNWAVE-TVD/benchmarks/car_conical_island/work_case_B/caseB.pdf | models/FUNWAVE/raw/source_code/FUNWAVE-TVD/benchmarks/sph_conical_island/work_case_B/caseB_cart.pdf
models/FUNWAVE/raw/source_code/FUNWAVE-TVD/benchmarks/car_conical_island/work_case_B/gauges.txt,805b6a30b893576293cf8fb8d87e6bb5e1009f1c27a9861c29e8356f291cb654,136,text/plain,.txt,documentation-or-build-text,FUNWAVE-TVD,True,no explicit vendor marker found; retained in denominator,False,True,False,False,False,False,True,False,False,False,True,_staging/total-read/pending/reread-20260728/reread20260728-doc-FUNWAVE-000-codex-20260811T012310Z-39a5f5ca/320482284b2b3880dad5b6b53a2f522bdf4fa892b442a0610c8499f5242b6fdc.json,6,models/FUNWAVE/raw/source_code/FUNWAVE-TVD/benchmarks/car_conical_island/work_case_A/gauges.txt,models/FUNWAVE/raw/source_code/FUNWAVE-TVD/benchmarks/car_conical_island/work_case_A/gauges.txt | models/FUNWAVE/raw/source_code/FUNWAVE-TVD/benchmarks/car_conical_island/work_case_B/gauges.txt | models/FUNWAVE/raw/source_code/FUNWAVE-TVD/benchmarks/car_conical_island/work_case_C/gauges.txt | models/FUNWAVE/raw/source_code/FUNWAVE-TVD/benchmarks/sph_conical_island/work_case_A/gauges_ij.txt | models/FUNWAVE/raw/source_code/FUNWAVE-TVD/benchmarks/sph_conical_island/work_case_B/gauges_ij.txt | models/FUNWAVE/raw/source_code/FUNWAVE-TVD/benchmarks/sph_conical_island/work_case_C/gauges_ij.txt
models/FUNWAVE/raw/source_code/FUNWAVE-TVD/benchmarks/car_conical_island/work_case_B/input.txt,7c03c7927369e19eaaeb62ac81c1313315413b0a90b32584b8a7c3ad015dd3a2,6868,text/plain,.txt,documentation-or-build-text,FUNWAVE-TVD,True,no explicit vendor marker found; retained in denominator,False,True,False,False,False,False,True,False,False,False,True,_staging/total-read/pending/reread-20260728/reread20260728-doc-FUNWAVE-000-codex-20260811T012310Z-39a5f5ca/a4a2cc688f9588fd5df495a84f51f570f1df0e01b180df3d3cd45b505e838ce5.json,1,models/FUNWAVE/raw/source_code/FUNWAVE-TVD/benchmarks/car_conical_island/work_case_B/input.txt,
models/FUNWAVE/raw/source_code/FUNWAVE-TVD/benchmarks/car_conical_island/work_case_B/plot_comparison.m,cda61ef7e703112d250c8c65b290053a5b2d714814f7a6e6ddef6dd39a86ac96,945,text/plain,.m,script-source,FUNWAVE-TVD,True,no explicit vendor marker found; retained in denominator,True,True,True,True,True,True,False,False,False,False,True,_staging/total-read/pending/reread-20260728/reread20260728-code-FUNWAVE-000-codexaudit-20260826T022956Z-b1ecf500/4d582d1c3b34a009991318bcaf7eb1c3a5ecb2a5981e47c9a22c1a5c8b1fdc73.json | _staging/total-read/pending/reread-20260728/reread20260728-code-FUNWAVE-000-fable5-20260813T012841Z-2131dcc5/4d582d1c3b34a009991318bcaf7eb1c3a5ecb2a5981e47c9a22c1a5c8b1fdc73.json | _staging/total-read/records-crosswalk/reread-20260728/FUNWAVE-000/FUNWAVE__raw__source_code__FUNWAVE-TVD__benchmarks__car_conical_island__work_case_B__plot_comparison.m.crosswalk.json,1,models/FUNWAVE/raw/source_code/FUNWAVE-TVD/benchmarks/car_conical_island/work_case_B/plot_comparison.m,
models/FUNWAVE/raw/source_code/FUNWAVE-TVD/benchmarks/car_conical_island/work_case_C/C.txt,3507f771e37f7608c496475a37330ac927a91abb804629275d367013f609d7c7,60398,text/plain,.txt,documentation-or-build-text,FUNWAVE-TVD,True,no explicit vendor marker found; retained in denominator,False,True,False,False,False,False,True,False,False,False,True,_staging/total-read/pending/reread-20260728/reread20260728-doc-FUNWAVE-000-codex-20260811T012310Z-39a5f5ca/3a4163fdf257ecfd23aecfda50e98002ab87cba2e7da5816bcf44bbc8d04d84e.json,2,models/FUNWAVE/raw/source_code/FUNWAVE-TVD/benchmarks/car_conical_island/work_case_C/C.txt,models/FUNWAVE/raw/source_code/FUNWAVE-TVD/benchmarks/car_conical_island/work_case_C/C.txt | models/FUNWAVE/raw/source_code/FUNWAVE-TVD/benchmarks/sph_conical_island/work_case_C/C.txt
models/FUNWAVE/raw/source_code/FUNWAVE-TVD/benchmarks/car_conical_island/work_case_C/caseC.eps,2f9c67231d929da8c6854782b64ae3ccf665a23215e029cb281d9286a91c783b,29158,application/postscript,.eps,image-or-media,FUNWAVE-TVD,True,no explicit vendor marker found; retained in denominator,False,True,False,False,False,False,True,False,False,False,True,_staging/total-read/pending/reread-20260728/reread20260728-doc-FUNWAVE-000-codex-20260811T012310Z-39a5f5ca/e82c04f81ce0323dd2625dc40b7bf45d573bf023e24e1663405b6e4e6f8462ab.json,2,models/FUNWAVE/raw/source_code/FUNWAVE-TVD/benchmarks/car_conical_island/work_case_C/caseC.eps,models/FUNWAVE/raw/source_code/FUNWAVE-TVD/benchmarks/car_conical_island/work_case_C/caseC.eps | models/FUNWAVE/raw/source_code/FUNWAVE-TVD/benchmarks/sph_conical_island/work_case_C/caseC_cart.eps
models/FUNWAVE/raw/source_code/FUNWAVE-TVD/benchmarks/car_conical_island/work_case_C/caseC.pdf,83f9507b2a15f2c59ef86dab60cf2708812499812c2967557c76829078dc9bf4,30977,application/pdf,.pdf,manual-or-paper-pdf,FUNWAVE-TVD,True,no explicit vendor marker found; retained in denominator,False,False,False,False,False,False,False,False,False,True,False,_staging/total-read/records/binauto-code_FUNWAVE.jsonl,2,models/FUNWAVE/raw/source_code/FUNWAVE-TVD/benchmarks/car_conical_island/work_case_C/caseC.pdf,models/FUNWAVE/raw/source_code/FUNWAVE-TVD/benchmarks/car_conical_island/work_case_C/caseC.pdf | models/FUNWAVE/raw/source_code/FUNWAVE-TVD/benchmarks/sph_conical_island/work_case_C/caseC_cart.pdf
models/FUNWAVE/raw/source_code/FUNWAVE-TVD/benchmarks/car_conical_island/work_case_C/gauges.txt,805b6a30b893576293cf8fb8d87e6bb5e1009f1c27a9861c29e8356f291cb654,136,text/plain,.txt,documentation-or-build-text,FUNWAVE-TVD,True,no explicit vendor marker found; retained in denominator,False,True,False,False,False,False,True,False,False,False,True,_staging/total-read/pending/reread-20260728/reread20260728-doc-FUNWAVE-000-codex-20260811T012310Z-39a5f5ca/6840483809a7de3e1cfc9f6418fdac5257aa9f7c3d3d82071eceaeb5fe8f1ed9.json,6,models/FUNWAVE/raw/source_code/FUNWAVE-TVD/benchmarks/car_conical_island/work_case_A/gauges.txt,models/FUNWAVE/raw/source_code/FUNWAVE-TVD/benchmarks/car_conical_island/work_case_A/gauges.txt | models/FUNWAVE/raw/source_code/FUNWAVE-TVD/benchmarks/car_conical_island/work_case_B/gauges.txt | models/FUNWAVE/raw/source_code/FUNWAVE-TVD/benchmarks/car_conical_island/work_case_C/gauges.txt | models/FUNWAVE/raw/source_code/FUNWAVE-TVD/benchmarks/sph_conical_island/work_case_A/gauges_ij.txt | models/FUNWAVE/raw/source_code/FUNWAVE-TVD/benchmarks/sph_conical_island/work_case_B/gauges_ij.txt | models/FUNWAVE/raw/source_code/FUNWAVE-TVD/benchmarks/sph_conical_island/work_case_C/gauges_ij.txt
models/FUNWAVE/raw/source_code/FUNWAVE-TVD/benchmarks/car_conical_island/work_case_C/input.txt,fc4bf8395f2206a48d171c54d188c2b5d500ea6d82a3c2f4d4575c5a2f0e28d8,6870,text/plain,.txt,documentation-or-build-text,FUNWAVE-TVD,True,no explicit vendor marker found; retained in denominator,False,True,False,False,False,False,True,False,False,False,True,_staging/total-read/pending/reread-20260728/reread20260728-doc-FUNWAVE-001-codex-20260811T012253Z-1835e485/dc4ab3aeba77c0f977c5db4fbe23c9951feb93b727fdb6c1f8b8ad2ec80410a4.json,1,models/FUNWAVE/raw/source_code/FUNWAVE-TVD/benchmarks/car_conical_island/work_case_C/input.txt,
models/FUNWAVE/raw/source_code/FUNWAVE-TVD/benchmarks/car_conical_island/work_case_C/plot_comparison.m,2623632604458463c7833d2fb935df7812af6f304b2c11acd69372b7e55ed30a,944,text/plain,.m,script-source,FUNWAVE-TVD,True,no explicit vendor marker found; retained in denominator,True,True,True,True,True,True,False,False,False,False,True,_staging/total-read/pending/reread-20260728/reread20260728-code-FUNWAVE-000-codexaudit-20260826T022956Z-b1ecf500/7c7486452a16b9795ffcb6d6991c92f0912767bd9266661be20fac6f54cd524c.json | _staging/total-read/pending/reread-20260728/reread20260728-code-FUNWAVE-000-fable5-20260813T012841Z-2131dcc5/7c7486452a16b9795ffcb6d6991c92f0912767bd9266661be20fac6f54cd524c.json | _staging/total-read/records-crosswalk/reread-20260728/FUNWAVE-000/FUNWAVE__raw__source_code__FUNWAVE-TVD__benchmarks__car_conical_island__work_case_C__plot_comparison.m.crosswalk.json,1,models/FUNWAVE/raw/source_code/FUNWAVE-TVD/benchmarks/car_conical_island/work_case_C/plot_comparison.m,
models/FUNWAVE/raw/source_code/FUNWAVE-TVD/benchmarks/car_mase_kirby/fft/fft4wavemaker.m,e642605d86daec0b7b40c14bbb860c53de2a40f258943f6b719b5d3fb90e872a,1659,text/plain,.m,script-source,FUNWAVE-TVD,True,no explicit vendor marker found; retained in denominator,True,True,True,True,True,True,False,False,False,False,True,_staging/total-read/pending/reread-20260728/reread20260728-code-FUNWAVE-000-codexaudit-20260826T022956Z-b1ecf500/67639e5bc04421f656b24122a163cf108c17512d009dd9516abbfbdc6b0d190a.json | _staging/total-read/pending/reread-20260728/reread20260728-code-FUNWAVE-000-fable5-20260813T012841Z-2131dcc5/67639e5bc04421f656b24122a163cf108c17512d009dd9516abbfbdc6b0d190a.json | _staging/total-read/records-crosswalk/reread-20260728/FUNWAVE-000/FUNWAVE__raw__source_code__FUNWAVE-TVD__benchmarks__car_mase_kirby__fft__fft4wavemaker.m.crosswalk.json,1,models/FUNWAVE/raw/source_code/FUNWAVE-TVD/benchmarks/car_mase_kirby/fft/fft4wavemaker.m,
models/FUNWAVE/raw/source_code/FUNWAVE-TVD/benchmarks/car_mase_kirby/fft/per_number.jpg,043ae14e873bfa2a59a73872174b587547632d55569090eb088708a655f74a04,100508,image/jpeg,.jpg,image-or-media,FUNWAVE-TVD,True,no explicit vendor marker found; retained in denominator,False,False,False,False,False,False,False,False,False,True,False,_staging/total-read/records/binauto-code_FUNWAVE.jsonl,1,models/FUNWAVE/raw/source_code/FUNWAVE-TVD/benchmarks/car_mase_kirby/fft/per_number.jpg,
models/FUNWAVE/raw/source_code/FUNWAVE-TVD/benchmarks/car_mase_kirby/fft/r2d470.dat,228542dcb55b1ff2c05c1d457c199c379d83a099f348a45e16b110079f301717,255000,text/plain,.dat,case-data-or-output,FUNWAVE-TVD,True,no explicit vendor marker found; retained in denominator,False,True,False,False,False,False,False,False,False,True,False,_staging/total-read/records/numgrid-FUNWAVE-20260728.jsonl,1,models/FUNWAVE/raw/source_code/FUNWAVE-TVD/benchmarks/car_mase_kirby/fft/r2d470.dat,
models/FUNWAVE/raw/source_code/FUNWAVE-TVD/benchmarks/car_mase_kirby/fft/wavemk_per_amp_pha.txt,05923114d0969588608e53c269e36ba2ee411c9985d52478f4585c346d201bef,273936,text/plain,.txt,documentation-or-build-text,FUNWAVE-TVD,True,no explicit vendor marker found; retained in denominator,False,True,False,False,False,False,False,False,False,True,False,_staging/total-read/records/numgrid-FUNWAVE-20260728.jsonl,1,models/FUNWAVE/raw/source_code/FUNWAVE-TVD/benchmarks/car_mase_kirby/fft/wavemk_per_amp_pha.txt,
models/FUNWAVE/raw/source_code/FUNWAVE-TVD/benchmarks/car_mase_kirby/postprocessing/comp_mkskew.m,58204b21898825b83ac6e5fc472d9ae485640065b3fbfdd5177e6be881691f44,1872,text/plain,.m,script-source,FUNWAVE-TVD,True,no explicit vendor marker found; retained in denominator,True,True,True,True,True,True,False,False,False,False,True,_staging/total-read/pending/reread-20260728/reread20260728-code-FUNWAVE-000-codexaudit-20260826T022956Z-b1ecf500/e428955667716cdc2dafb3ebd839ac9a680dd4881c7b9cb825be9537fc25e66b.json | _staging/total-read/pending/reread-20260728/reread20260728-code-FUNWAVE-000-fable5-20260813T012841Z-2131dcc5/e428955667716cdc2dafb3ebd839ac9a680dd4881c7b9cb825be9537fc25e66b.json | _staging/total-read/records-crosswalk/reread-20260728/FUNWAVE-000/FUNWAVE__raw__source_code__FUNWAVE-TVD__benchmarks__car_mase_kirby__postprocessing__comp_mkskew.m.crosswalk.json,1,models/FUNWAVE/raw/source_code/FUNWAVE-TVD/benchmarks/car_mase_kirby/postprocessing/comp_mkskew.m,
models/FUNWAVE/raw/source_code/FUNWAVE-TVD/benchmarks/car_mase_kirby/postprocessing/comp_series.m,fce96fd76375b44b28e749184124423cb3b92a9ae6bf6d23b927743cbf5f6915,723,text/plain,.m,script-source,FUNWAVE-TVD,True,no explicit vendor marker found; retained in denominator,True,True,True,True,True,True,False,False,False,False,True,_staging/total-read/pending/reread-20260728/reread20260728-code-FUNWAVE-000-codexaudit-20260826T022956Z-b1ecf500/e5681a142b133223756ac148979d35ae3213fbf96bfb1759fbd6d63f392197b0.json | _staging/total-read/pending/reread-20260728/reread20260728-code-FUNWAVE-000-fable5-20260813T012841Z-2131dcc5/e5681a142b133223756ac148979d35ae3213fbf96bfb1759fbd6d63f392197b0.json | _staging/total-read/records-crosswalk/reread-20260728/FUNWAVE-000/FUNWAVE__raw__source_code__FUNWAVE-TVD__benchmarks__car_mase_kirby__postprocessing__comp_series.m.crosswalk.json,1,models/FUNWAVE/raw/source_code/FUNWAVE-TVD/benchmarks/car_mase_kirby/postprocessing/comp_series.m,
models/FUNWAVE/raw/source_code/FUNWAVE-TVD/benchmarks/car_mase_kirby/postprocessing/error_series.m,e982e6ea17231fcbf6fde5d9932ce89d556018d10d77ebaa460f69e6d00042b7,919,text/plain,.m,script-source,FUNWAVE-TVD,True,no explicit vendor marker found; retained in denominator,True,True,True,True,True,True,False,False,False,False,True,_staging/total-read/pending/reread-20260728/reread20260728-code-FUNWAVE-000-codexaudit-20260826T022956Z-b1ecf500/3639a53021f76071c612a0ca9f7fb358714fe8fcf932d1d8669769b12e76005c.json | _staging/total-read/pending/reread-20260728/reread20260728-code-FUNWAVE-000-fable5-20260813T012841Z-2131dcc5/3639a53021f76071c612a0ca9f7fb358714fe8fcf932d1d8669769b12e76005c.json | _staging/total-read/records-crosswalk/reread-20260728/FUNWAVE-000/FUNWAVE__raw__source_code__FUNWAVE-TVD__benchmarks__car_mase_kirby__postprocessing__error_series.m.crosswalk.json,1,models/FUNWAVE/raw/source_code/FUNWAVE-TVD/benchmarks/car_mase_kirby/postprocessing/error_series.m,
models/FUNWAVE/raw/source_code/FUNWAVE-TVD/benchmarks/car_mase_kirby/postprocessing/figure6.eps,e090d8b0fbf4ad43313a98a5762dcdb763e6fd46d7de884f8b6c799fb2f90ed7,137862,application/postscript,.eps,image-or-media,FUNWAVE-TVD,True,no explicit vendor marker found; retained in denominator,False,True,False,False,False,False,True,False,False,False,True,_staging/total-read/pending/reread-20260728/reread20260728-doc-FUNWAVE-001-codex-20260811T012253Z-1835e485/04f25fa6e0a1f0ca46ce3f90a360bbbbe1b0401ffeb0783147716c6e39301aa6.json,1,models/FUNWAVE/raw/source_code/FUNWAVE-TVD/benchmarks/car_mase_kirby/postprocessing/figure6.eps,
models/FUNWAVE/raw/source_code/FUNWAVE-TVD/benchmarks/car_mase_kirby/postprocessing/figure7.eps,571308092c423ce658ca88ac0f6b3586812001e65eaa00a07dfb129cf790c213,14153,application/postscript,.eps,image-or-media,FUNWAVE-TVD,True,no explicit vendor marker found; retained in denominator,False,True,False,False,False,False,True,False,False,False,True,_staging/total-read/pending/reread-20260728/reread20260728-doc-FUNWAVE-001-codex-20260811T012253Z-1835e485/0ed7fab1026e215c7ca848a46caf5394f535ef0b68214ee372c7e33c4bae6268.json,1,models/FUNWAVE/raw/source_code/FUNWAVE-TVD/benchmarks/car_mase_kirby/postprocessing/figure7.eps,
models/FUNWAVE/raw/source_code/FUNWAVE-TVD/benchmarks/car_mase_kirby/postprocessing/mketa.out,b6dfb429921018f00350b59c541d51c18f98f44564b631465dfd3652a6b2217c,354177,text/plain,.out,case-data-or-output,FUNWAVE-TVD,True,no explicit vendor marker found; retained in denominator,False,True,False,False,False,False,False,False,False,True,False,_staging/total-read/records/numgrid-FUNWAVE-20260728.jsonl,1,models/FUNWAVE/raw/source_code/FUNWAVE-TVD/benchmarks/car_mase_kirby/postprocessing/mketa.out,
models/FUNWAVE/raw/source_code/FUNWAVE-TVD/benchmarks/car_mase_kirby/postprocessing/mkskew_kirby.out,72dd6ecec0a91b0d4e713afce34bb08d1b3f8df79f262269592e64d8f1e2ed69,418,text/plain,.out,case-data-or-output,FUNWAVE-TVD,True,no explicit vendor marker found; retained in denominator,False,True,False,False,False,False,True,False,False,False,True,_staging/total-read/pending/reread-20260728/reread20260728-doc-FUNWAVE-001-codex-20260811T012253Z-1835e485/48f87c339a57de25d1f9ca7666ca6faa751b8993785823a657e22afbdda72b66.json,1,models/FUNWAVE/raw/source_code/FUNWAVE-TVD/benchmarks/car_mase_kirby/postprocessing/mkskew_kirby.out,
models/FUNWAVE/raw/source_code/FUNWAVE-TVD/benchmarks/car_mase_kirby/postprocessing/mkskew_man.out,7907cec119eb3bf402fc9ede41aba1a09095c76338646951c086f974ca763d14,386,text/plain,.out,case-data-or-output,FUNWAVE-TVD,True,no explicit vendor marker found; retained in denominator,False,False,False,False,False,False,False,True,False,False,True,_staging/total-read/records/all-FUNWAVE-005.jsonl,1,models/FUNWAVE/raw/source_code/FUNWAVE-TVD/benchmarks/car_mase_kirby/postprocessing/mkskew_man.out,
models/FUNWAVE/raw/source_code/FUNWAVE-TVD/benchmarks/car_mase_kirby/postprocessing/r2d025.dat,e60355d2c5e9f8c3c68b90c178bbe3b7ee8753a913886f63f703b3f356250399,188092,text/plain,.dat,case-data-or-output,FUNWAVE-TVD,True,no explicit vendor marker found; retained in denominator,False,False,False,False,False,False,False,False,True,False,False,_staging/total-read/records/all-FUNWAVE-005.jsonl,1,models/FUNWAVE/raw/source_code/FUNWAVE-TVD/benchmarks/car_mase_kirby/postprocessing/r2d025.dat,
models/FUNWAVE/raw/source_code/FUNWAVE-TVD/benchmarks/car_mase_kirby/postprocessing/r2d050.dat,f9f232fcd689c21ed50d5e6788e66d93fdc31ddb89cf715bd5db3be4bd301450,183869,text/plain,.dat,case-data-or-output,FUNWAVE-TVD,True,no explicit vendor marker found; retained in denominator,False,False,False,False,False,False,False,False,True,False,False,_staging/total-read/records/all-FUNWAVE-005.jsonl,1,models/FUNWAVE/raw/source_code/FUNWAVE-TVD/benchmarks/car_mase_kirby/postprocessing/r2d050.dat,
models/FUNWAVE/raw/source_code/FUNWAVE-TVD/benchmarks/car_mase_kirby/postprocessing/r2d075.dat,8fff508f628db4ae93ffbe213f103646b288520dabd7a2e83f01423bb9e0a910,183184,text/plain,.dat,case-data-or-output,FUNWAVE-TVD,True,no explicit vendor marker found; retained in denominator,False,False,False,False,False,False,False,False,True,False,False,_staging/total-read/records/all-FUNWAVE-005.jsonl,1,models/FUNWAVE/raw/source_code/FUNWAVE-TVD/benchmarks/car_mase_kirby/postprocessing/r2d075.dat,
models/FUNWAVE/raw/source_code/FUNWAVE-TVD/benchmarks/car_mase_kirby/postprocessing/r2d100.dat,757f75d00220847b8dd7b7751cf4b1fd5ed7681b69c13856760d48f75f60cb7c,183010,text/plain,.dat,case-data-or-output,FUNWAVE-TVD,True,no explicit vendor marker found; retained in denominator,False,False,False,False,False,False,False,False,True,False,False,_staging/total-read/records/all-FUNWAVE-005.jsonl,1,models/FUNWAVE/raw/source_code/FUNWAVE-TVD/benchmarks/car_mase_kirby/postprocessing/r2d100.dat,
models/FUNWAVE/raw/source_code/FUNWAVE-TVD/benchmarks/car_mase_kirby/postprocessing/r2d125.dat,de84c46456473914e110f227bb012d3bc127a7f43a410b662ce57e31595a3b3c,183020,text/plain,.dat,case-data-or-output,FUNWAVE-TVD,True,no explicit vendor marker found; retained in denominator,False,False,False,False,False,False,False,False,True,False,False,_staging/total-read/records/all-FUNWAVE-005.jsonl,1,models/FUNWAVE/raw/source_code/FUNWAVE-TVD/benchmarks/car_mase_kirby/postprocessing/r2d125.dat,
models/FUNWAVE/raw/source_code/FUNWAVE-TVD/benchmarks/car_mase_kirby/postprocessing/r2d150.dat,56ef38b5d5834e0740cd8115c95b2948d9a2bfc45d38cc29760d0011a209fab0,183212,text/plain,.dat,case-data-or-output,FUNWAVE-TVD,True,no explicit vendor marker found; retained in denominator,False,False,False,False,False,False,False,False,True,False,False,_staging/total-read/records/all-FUNWAVE-005.jsonl,1,models/FUNWAVE/raw/source_code/FUNWAVE-TVD/benchmarks/car_mase_kirby/postprocessing/r2d150.dat,
models/FUNWAVE/raw/source_code/FUNWAVE-TVD/benchmarks/car_mase_kirby/postprocessing/r2d175.dat,ef812aa1daba8ce22dca276ffdea4889c7c87b90a0043df195f22bfca1122c48,183228,text/plain,.dat,case-data-or-output,FUNWAVE-TVD,True,no explicit vendor marker found; retained in denominator,False,False,False,False,False,False,False,False,True,False,False,_staging/total-read/records/all-FUNWAVE-005.jsonl,1,models/FUNWAVE/raw/source_code/FUNWAVE-TVD/benchmarks/car_mase_kirby/postprocessing/r2d175.dat,
models/FUNWAVE/raw/source_code/FUNWAVE-TVD/benchmarks/car_mase_kirby/postprocessing/r2d200.dat,2e19f87d8102902fd6284640e2229f0a226eaa2cda136cd46884f056f418a09e,183908,text/plain,.dat,case-data-or-output,FUNWAVE-TVD,True,no explicit vendor marker found; retained in denominator,False,False,False,False,False,False,False,False,True,False,False,_staging/total-read/records/all-FUNWAVE-005.jsonl,1,models/FUNWAVE/raw/source_code/FUNWAVE-TVD/benchmarks/car_mase_kirby/postprocessing/r2d200.dat,
models/FUNWAVE/raw/source_code/FUNWAVE-TVD/benchmarks/car_mase_kirby/postprocessing/r2d250.dat,ad31ebea5dc9a0cef1724adccb7d6c9064581b0a27d5e94c1831e94ce0e2cca2,183478,text/plain,.dat,case-data-or-output,FUNWAVE-TVD,True,no explicit vendor marker found; retained in denominator,False,False,False,False,False,False,False,False,True,False,False,_staging/total-read/records/all-FUNWAVE-005.jsonl,1,models/FUNWAVE/raw/source_code/FUNWAVE-TVD/benchmarks/car_mase_kirby/postprocessing/r2d250.dat,
models/FUNWAVE/raw/source_code/FUNWAVE-TVD/benchmarks/car_mase_kirby/postprocessing/r2d300.dat,d64ccdd36f2ed0fb350c0d1701677a240c1299d26b397b64425ffe681f5ba7b3,183868,text/plain,.dat,case-data-or-output,FUNWAVE-TVD,True,no explicit vendor marker found; retained in denominator,False,False,False,False,False,False,False,False,True,False,False,_staging/total-read/records/all-FUNWAVE-005.jsonl,1,models/FUNWAVE/raw/source_code/FUNWAVE-TVD/benchmarks/car_mase_kirby/postprocessing/r2d300.dat,
models/FUNWAVE/raw/source_code/FUNWAVE-TVD/benchmarks/car_mase_kirby/postprocessing/r2d350.dat,3fb43b958a420eb94086185a42859639cc47a876afd9dfbc0263003113c75352,183524,text/plain,.dat,case-data-or-output,FUNWAVE-TVD,True,no explicit vendor marker found; retained in denominator,False,False,False,False,False,False,False,False,True,False,False,_staging/total-read/records/all-FUNWAVE-005.jsonl,1,models/FUNWAVE/raw/source_code/FUNWAVE-TVD/benchmarks/car_mase_kirby/postprocessing/r2d350.dat,
models/FUNWAVE/raw/source_code/FUNWAVE-TVD/benchmarks/car_mase_kirby/postprocessing/r2d470.dat,3af6baf35909996b857facbe32b0e6b77e6ea20797ef6a7a82577d1373240718,183336,text/plain,.dat,case-data-or-output,FUNWAVE-TVD,True,no explicit vendor marker found; retained in denominator,False,False,False,False,False,False,False,False,True,False,False,_staging/total-read/records/all-FUNWAVE-005.jsonl,1,models/FUNWAVE/raw/source_code/FUNWAVE-TVD/benchmarks/car_mase_kirby/postprocessing/r2d470.dat,
models/FUNWAVE/raw/source_code/FUNWAVE-TVD/benchmarks/car_mase_kirby/postprocessing/rmse.m,d9619e97f08424b2cc1f9df4919814095f64fb6c928525f3f59dc0763366f4a7,466,text/plain,.m,script-source,FUNWAVE-TVD,True,no explicit vendor marker found; retained in denominator,True,False,False,False,False,False,False,True,False,False,True,_staging/total-read/records/all-FUNWAVE-005.jsonl,1,models/FUNWAVE/raw/source_code/FUNWAVE-TVD/benchmarks/car_mase_kirby/postprocessing/rmse.m,
models/FUNWAVE/raw/source_code/FUNWAVE-TVD/benchmarks/car_mase_kirby/postprocessing/skew_asy.mat,a10c1d9dcac09427eeb0cb45027a0a7fd165cb447a715f5bd2cc34dfb99b8a50,807,application/x-matlab-data,.mat,case-data-or-output,FUNWAVE-TVD,True,no explicit vendor marker found; retained in denominator,False,False,False,False,False,False,False,False,False,True,False,_staging/total-read/records/binauto-code_FUNWAVE.jsonl,1,models/FUNWAVE/raw/source_code/FUNWAVE-TVD/benchmarks/car_mase_kirby/postprocessing/skew_asy.mat,
models/FUNWAVE/raw/source_code/FUNWAVE-TVD/benchmarks/car_mase_kirby/work/gauges_004.txt,baa355a3baca7e58b555738009a58b318da65ab6cfb091d3f0f1bd417375aa6b,72,text/plain,.txt,documentation-or-build-text,FUNWAVE-TVD,True,no explicit vendor marker found; retained in denominator,False,False,False,False,False,False,False,True,False,False,True,_staging/total-read/records/all-FUNWAVE-005.jsonl,1,models/FUNWAVE/raw/source_code/FUNWAVE-TVD/benchmarks/car_mase_kirby/work/gauges_004.txt,
models/FUNWAVE/raw/source_code/FUNWAVE-TVD/benchmarks/car_mase_kirby/work/input.txt,98a5b3c4ee335bcb6ff858cc7d543d1873cb67feeeb4e1204bc979d5114d3570,6864,text/plain,.txt,documentation-or-build-text,FUNWAVE-TVD,True,no explicit vendor marker found; retained in denominator,False,False,False,False,False,False,False,True,False,False,True,_staging/total-read/records/all-FUNWAVE-005.jsonl,1,models/FUNWAVE/raw/source_code/FUNWAVE-TVD/benchmarks/car_mase_kirby/work/input.txt,
models/FUNWAVE/raw/source_code/FUNWAVE-TVD/benchmarks/car_osu_runup/input/depth_wkshop.txt,e815b4ca4b2aa26ed175735573b214ddeed2c99cef376f0e3115aa4e2bddc247,2092437,text/plain,.txt,documentation-or-build-text,FUNWAVE-TVD,True,no explicit vendor marker found; retained in denominator,False,False,False,False,False,False,False,False,True,False,False,_staging/total-read/records/all-FUNWAVE-005.jsonl,1,models/FUNWAVE/raw/source_code/FUNWAVE-TVD/benchmarks/car_osu_runup/input/depth_wkshop.txt,
models/FUNWAVE/raw/source_code/FUNWAVE-TVD/benchmarks/car_osu_runup/postprocess/FSE_BM2_shi_tvd.txt,6fe21c59d433bc127ef925f0c4846098351a251e322ea512d859e326d2b16214,36064,text/plain,.txt,documentation-or-build-text,FUNWAVE-TVD,True,no explicit vendor marker found; retained in denominator,False,False,False,False,False,False,False,True,False,False,True,_staging/total-read/records/all-FUNWAVE-005.jsonl,1,models/FUNWAVE/raw/source_code/FUNWAVE-TVD/benchmarks/car_osu_runup/postprocess/FSE_BM2_shi_tvd.txt,
models/FUNWAVE/raw/source_code/FUNWAVE-TVD/benchmarks/car_osu_runup/postprocess/U_Velocity_AverageA.txt,b36e063567079dee814f79a82c5fd51b911fa22f023165ac706d6658772e7b62,170034,text/plain,.txt,documentation-or-build-text,FUNWAVE-TVD,True,no explicit vendor marker found; retained in denominator,False,False,False,False,False,False,False,False,True,False,False,_staging/total-read/records/all-FUNWAVE-005.jsonl,1,models/FUNWAVE/raw/source_code/FUNWAVE-TVD/benchmarks/car_osu_runup/postprocess/U_Velocity_AverageA.txt,
models/FUNWAVE/raw/source_code/FUNWAVE-TVD/benchmarks/car_osu_runup/postprocess/U_Velocity_AverageB.txt,ed2343a724df8b8c8f8a384aada2c31bba7cc99be8637fbcb6325f2009a1197f,170034,text/plain,.txt,documentation-or-build-text,FUNWAVE-TVD,True,no explicit vendor marker found; retained in denominator,False,False,False,False,False,False,False,False,True,False,False,_staging/total-read/records/all-FUNWAVE-005.jsonl,1,models/FUNWAVE/raw/source_code/FUNWAVE-TVD/benchmarks/car_osu_runup/postprocess/U_Velocity_AverageB.txt,
models/FUNWAVE/raw/source_code/FUNWAVE-TVD/benchmarks/car_osu_runup/postprocess/U_Velocity_AverageC.txt,aa1b9f4578a1e646afc97f6f23536315a8c654864b4f17677b48537fcd29911e,170034,text/plain,.txt,documentation-or-build-text,FUNWAVE-TVD,True,no explicit vendor marker found; retained in denominator,False,False,False,False,False,False,False,False,True,False,False,_staging/total-read/records/all-FUNWAVE-005.jsonl,1,models/FUNWAVE/raw/source_code/FUNWAVE-TVD/benchmarks/car_osu_runup/postprocess/U_Velocity_AverageC.txt,
models/FUNWAVE/raw/source_code/FUNWAVE-TVD/benchmarks/car_osu_runup/postprocess/VT_A_BM2_shi_tvd.txt,df851734ccbab4b0c6be8bc72531d4bfe409471bc6411e619387938ec26d4fbb,14560,text/plain,.txt,documentation-or-build-text,FUNWAVE-TVD,True,no explicit vendor marker found; retained in denominator,False,False,False,False,False,False,False,True,False,False,True,_staging/total-read/records/all-FUNWAVE-005.jsonl,1,models/FUNWAVE/raw/source_code/FUNWAVE-TVD/benchmarks/car_osu_runup/postprocess/VT_A_BM2_shi_tvd.txt,
models/FUNWAVE/raw/source_code/FUNWAVE-TVD/benchmarks/car_osu_runup/postprocess/VT_B_BM2_shi_tvd.txt,d8d89ab39734c356a4e15842f1d19a3ab528d60cf1b0bbfa8430d3e38992f781,14560,text/plain,.txt,documentation-or-build-text,FUNWAVE-TVD,True,no explicit vendor marker found; retained in denominator,False,False,False,False,False,False,False,True,False,False,True,_staging/total-read/records/all-FUNWAVE-005.jsonl,1,models/FUNWAVE/raw/source_code/FUNWAVE-TVD/benchmarks/car_osu_runup/postprocess/VT_B_BM2_shi_tvd.txt,
models/FUNWAVE/raw/source_code/FUNWAVE-TVD/benchmarks/car_osu_runup/postprocess/VT_C_BM2_shi_tvd.txt,84d0db6a0b3020d63c4bf642af6f6fadc08c5415357afa9b119b75239bd73340,14560,text/plain,.txt,documentation-or-build-text,FUNWAVE-TVD,True,no explicit vendor marker found; retained in denominator,False,False,False,False,False,False,False,True,False,False,True,_staging/total-read/records/all-FUNWAVE-005.jsonl,1,models/FUNWAVE/raw/source_code/FUNWAVE-TVD/benchmarks/car_osu_runup/postprocess/VT_C_BM2_shi_tvd.txt,
models/FUNWAVE/raw/source_code/FUNWAVE-TVD/benchmarks/car_osu_runup/postprocess/V_Velocity_AverageA.txt,3da066bdc39f7f4ebf68edb716008468d766a8fd8d4d0c905eed0e8cdf63471a,170034,text/plain,.txt,documentation-or-build-text,FUNWAVE-TVD,True,no explicit vendor marker found; retained in denominator,False,False,False,False,False,False,False,False,True,False,False,_staging/total-read/records/all-FUNWAVE-005.jsonl,1,models/FUNWAVE/raw/source_code/FUNWAVE-TVD/benchmarks/car_osu_runup/postprocess/V_Velocity_AverageA.txt,
models/FUNWAVE/raw/source_code/FUNWAVE-TVD/benchmarks/car_osu_runup/postprocess/V_Velocity_AverageB.txt,3c21f7836aab2929f69b0b6c9f1836e6b789e7a1378a49cad788bd24753bb7ef,170034,text/plain,.txt,documentation-or-build-text,FUNWAVE-TVD,True,no explicit vendor marker found; retained in denominator,False,False,False,False,False,False,False,False,True,False,False,_staging/total-read/records/all-FUNWAVE-005.jsonl,1,models/FUNWAVE/raw/source_code/FUNWAVE-TVD/benchmarks/car_osu_runup/postprocess/V_Velocity_AverageB.txt,
models/FUNWAVE/raw/source_code/FUNWAVE-TVD/benchmarks/car_osu_runup/postprocess/V_Velocity_AverageC.txt,b74dd379761336985bc4f2a57a930df7aa389df012f2b09461b186a31c0ffe45,170034,text/plain,.txt,documentation-or-build-text,FUNWAVE-TVD,True,no explicit vendor marker found; retained in denominator,False,False,False,False,False,False,False,False,True,False,False,_staging/total-read/records/all-FUNWAVE-005.jsonl,1,models/FUNWAVE/raw/source_code/FUNWAVE-TVD/benchmarks/car_osu_runup/postprocess/V_Velocity_AverageC.txt,
models/FUNWAVE/raw/source_code/FUNWAVE-TVD/benchmarks/car_osu_runup/postprocess/WG1.txt,4948eb6d87a269126241b3d30964373e80f08393df89122c7883ed6b5d0f6d73,170034,text/plain,.txt,documentation-or-build-text,FUNWAVE-TVD,True,no explicit vendor marker found; retained in denominator,False,False,False,False,False,False,False,False,True,False,False,_staging/total-read/records/all-FUNWAVE-005.jsonl,1,models/FUNWAVE/raw/source_code/FUNWAVE-TVD/benchmarks/car_osu_runup/postprocess/WG1.txt,
models/FUNWAVE/raw/source_code/FUNWAVE-TVD/benchmarks/car_osu_runup/postprocess/WG2.txt,76464dd166a4f1198e1c00223102188fc3488e59ae5a00dcc28302a5f7107908,170034,text/plain,.txt,documentation-or-build-text,FUNWAVE-TVD,True,no explicit vendor marker found; retained in denominator,False,False,False,False,False,False,False,False,True,False,False,_staging/total-read/records/all-FUNWAVE-005.jsonl,1,models/FUNWAVE/raw/source_code/FUNWAVE-TVD/benchmarks/car_osu_runup/postprocess/WG2.txt,
models/FUNWAVE/raw/source_code/FUNWAVE-TVD/benchmarks/car_osu_runup/postprocess/WG3.txt,adfc5ff1fdf72ce901144a6eccaea9783e1049c057152e4bc3a6c950bf9fbf49,170034,text/plain,.txt,documentation-or-build-text,FUNWAVE-TVD,True,no explicit vendor marker found; retained in denominator,False,False,False,False,False,False,False,False,True,False,False,_staging/total-read/records/all-FUNWAVE-005.jsonl,1,models/FUNWAVE/raw/source_code/FUNWAVE-TVD/benchmarks/car_osu_runup/postprocess/WG3.txt,
models/FUNWAVE/raw/source_code/FUNWAVE-TVD/benchmarks/car_osu_runup/postprocess/WG4.txt,cf9a3ed686ec239c045b8eead0c43aebc3e51d235a61520d608bad0c0bd4c6ae,170034,text/plain,.txt,documentation-or-build-text,FUNWAVE-TVD,True,no explicit vendor marker found; retained in denominator,False,False,False,False,False,False,False,False,True,False,False,_staging/total-read/records/all-FUNWAVE-005.jsonl,1,models/FUNWAVE/raw/source_code/FUNWAVE-TVD/benchmarks/car_osu_runup/postprocess/WG4.txt,
models/FUNWAVE/raw/source_code/FUNWAVE-TVD/benchmarks/car_osu_runup/postprocess/WG5.txt,7797f84f53b1cb0fa42f3b6b9ea20781092482fde0936194a085d7bb045d8184,170034,text/plain,.txt,documentation-or-build-text,FUNWAVE-TVD,True,no explicit vendor marker found; retained in denominator,False,False,False,False,False,False,False,False,True,False,False,_staging/total-read/records/all-FUNWAVE-005.jsonl,1,models/FUNWAVE/raw/source_code/FUNWAVE-TVD/benchmarks/car_osu_runup/postprocess/WG5.txt,
models/FUNWAVE/raw/source_code/FUNWAVE-TVD/benchmarks/car_osu_runup/postprocess/WG6.txt,1cab3e5eff9c997fc811bcdb15f5fb8cb326516d0d8b7b81df0dbdeecec3aacc,170034,text/plain,.txt,documentation-or-build-text,FUNWAVE-TVD,True,no explicit vendor marker found; retained in denominator,False,False,False,False,False,False,False,False,True,False,False,_staging/total-read/records/all-FUNWAVE-005.jsonl,1,models/FUNWAVE/raw/source_code/FUNWAVE-TVD/benchmarks/car_osu_runup/postprocess/WG6.txt,
models/FUNWAVE/raw/source_code/FUNWAVE-TVD/benchmarks/car_osu_runup/postprocess/WG7.txt,dcdfa607cb6f40f12b76ecaf4decf98f26643f4f6630dbbb4b3868c09404215c,170034,text/plain,.txt,documentation-or-build-text,FUNWAVE-TVD,True,no explicit vendor marker found; retained in denominator,False,False,False,False,False,False,False,False,True,False,False,_staging/total-read/records/all-FUNWAVE-005.jsonl,1,models/FUNWAVE/raw/source_code/FUNWAVE-TVD/benchmarks/car_osu_runup/postprocess/WG7.txt,
models/FUNWAVE/raw/source_code/FUNWAVE-TVD/benchmarks/car_osu_runup/postprocess/WG8.txt,ad1b08abd5db90055890f3bc5dc044b50638357da569ef8786a0f22c2b4c46b4,170034,text/plain,.txt,documentation-or-build-text,FUNWAVE-TVD,True,no explicit vendor marker found; retained in denominator,False,False,False,False,False,False,False,False,True,False,False,_staging/total-read/records/all-FUNWAVE-005.jsonl,1,models/FUNWAVE/raw/source_code/FUNWAVE-TVD/benchmarks/car_osu_runup/postprocess/WG8.txt,
models/FUNWAVE/raw/source_code/FUNWAVE-TVD/benchmarks/car_osu_runup/postprocess/WG9.txt,f5be8e0d77bc69aae961e73bc24bf0ac2f4c44d3f2a2b0d34e9efec68d5cf26e,170034,text/plain,.txt,documentation-or-build-text,FUNWAVE-TVD,True,no explicit vendor marker found; retained in denominator,False,True,False,False,False,False,False,False,False,True,False,_staging/total-read/records/numgrid-FUNWAVE-20260728.jsonl,1,models/FUNWAVE/raw/source_code/FUNWAVE-TVD/benchmarks/car_osu_runup/postprocess/WG9.txt,
models/FUNWAVE/raw/source_code/FUNWAVE-TVD/benchmarks/car_osu_runup/postprocess/figure11.eps,6054044e7de207eaf81fee717952b6f52a339b7196739ae6e1b004e2abdf7810,52541,application/postscript,.eps,image-or-media,FUNWAVE-TVD,True,no explicit vendor marker found; retained in denominator,False,True,False,False,False,False,True,False,False,False,True,_staging/total-read/pending/reread-20260728/reread20260728-doc-FUNWAVE-001-codex-20260811T012253Z-1835e485/88d8f5f402315a238d6c2c9a48439ee0d43d9fd6c2f43798a3a06d6fa417b388.json,1,models/FUNWAVE/raw/source_code/FUNWAVE-TVD/benchmarks/car_osu_runup/postprocess/figure11.eps,
models/FUNWAVE/raw/source_code/FUNWAVE-TVD/benchmarks/car_osu_runup/postprocess/figure12.eps,c80498861acd57b80a1712f93ecbfedcbdd5f8718017c07437ed4bc9c1d2813f,41512,application/postscript,.eps,image-or-media,FUNWAVE-TVD,True,no explicit vendor marker found; retained in denominator,False,True,False,False,False,False,True,False,False,False,True,_staging/total-read/pending/reread-20260728/reread20260728-doc-FUNWAVE-001-codex-20260811T012253Z-1835e485/0d94260b67da74bb856eb8cd2842c1250b29e2d06c776cdaab7084cdc78cfa42.json,1,models/FUNWAVE/raw/source_code/FUNWAVE-TVD/benchmarks/car_osu_runup/postprocess/figure12.eps,
models/FUNWAVE/raw/source_code/FUNWAVE-TVD/benchmarks/car_osu_runup/postprocess/igjg.mat,adf4002fc6d1786bffc8bd0fe77ddc0900c4e6ad28bef8660a708a975d257d85,259,application/x-matlab-data,.mat,case-data-or-output,FUNWAVE-TVD,True,no explicit vendor marker found; retained in denominator,False,False,False,False,False,False,False,False,False,True,False,_staging/total-read/records/binauto-code_FUNWAVE.jsonl,1,models/FUNWAVE/raw/source_code/FUNWAVE-TVD/benchmarks/car_osu_runup/postprocess/igjg.mat,
models/FUNWAVE/raw/source_code/FUNWAVE-TVD/benchmarks/car_osu_runup/postprocess/plot_ADV_AB.m,43c41a429e0cf649f3932a2b80d9184d2cbd10660a1f7a1bf5885cd6df9293e3,1770,text/plain,.m,script-source,FUNWAVE-TVD,True,no explicit vendor marker found; retained in denominator,True,True,True,True,True,True,False,False,False,False,True,_staging/total-read/pending/reread-20260728/reread20260728-code-FUNWAVE-000-codexaudit-20260826T022956Z-b1ecf500/344639ef1475ae0544deb12704123c90fd14973c59ea12fc99176c46f8bc23a9.json | _staging/total-read/pending/reread-20260728/reread20260728-code-FUNWAVE-000-fable5-20260813T012841Z-2131dcc5/344639ef1475ae0544deb12704123c90fd14973c59ea12fc99176c46f8bc23a9.json | _staging/total-read/records-crosswalk/reread-20260728/FUNWAVE-000/FUNWAVE__raw__source_code__FUNWAVE-TVD__benchmarks__car_osu_runup__postprocess__plot_ADV_AB.m.crosswalk.json,1,models/FUNWAVE/raw/source_code/FUNWAVE-TVD/benchmarks/car_osu_runup/postprocess/plot_ADV_AB.m,
models/FUNWAVE/raw/source_code/FUNWAVE-TVD/benchmarks/car_osu_runup/postprocess/plot_ADV_ABC.m,93bf7dbef83a8ada45ff4c5ad4e03dbc484ccdd197fe0938d3e4b588da2e89f0,3333,text/plain,.m,script-source,FUNWAVE-TVD,True,no explicit vendor marker found; retained in denominator,True,True,True,True,True,True,False,False,False,False,True,_staging/total-read/pending/reread-20260728/reread20260728-code-FUNWAVE-000-codexaudit-20260826T022956Z-b1ecf500/a69be0dab194c163069f952c76700a4a82bce2b24fde27b032aade80e716e540.json | _staging/total-read/pending/reread-20260728/reread20260728-code-FUNWAVE-000-fable5-20260813T012841Z-2131dcc5/a69be0dab194c163069f952c76700a4a82bce2b24fde27b032aade80e716e540.json | _staging/total-read/records-crosswalk/reread-20260728/FUNWAVE-000/FUNWAVE__raw__source_code__FUNWAVE-TVD__benchmarks__car_osu_runup__postprocess__plot_ADV_ABC.m.crosswalk.json,1,models/FUNWAVE/raw/source_code/FUNWAVE-TVD/benchmarks/car_osu_runup/postprocess/plot_ADV_ABC.m,
models/FUNWAVE/raw/source_code/FUNWAVE-TVD/benchmarks/car_osu_runup/postprocess/plot_ADV_C.m,8d0d08ff7cf0dfcc1b61ee5ffec8811ccbcbd9487e999dc75913d7ed1ff6f57f,1777,text/plain,.m,script-source,FUNWAVE-TVD,True,no explicit vendor marker found; retained in denominator,True,True,True,True,True,True,False,False,False,False,True,_staging/total-read/pending/reread-20260728/reread20260728-code-FUNWAVE-000-codexaudit-20260826T022956Z-b1ecf500/26a7aa25af556dcf6b2b7f950ce25e68e8d9c6dbc26c9d771bc72c0db19a6c9f.json | _staging/total-read/pending/reread-20260728/reread20260728-code-FUNWAVE-000-fable5-20260813T012841Z-2131dcc5/26a7aa25af556dcf6b2b7f950ce25e68e8d9c6dbc26c9d771bc72c0db19a6c9f.json | _staging/total-read/records-crosswalk/reread-20260728/FUNWAVE-000/FUNWAVE__raw__source_code__FUNWAVE-TVD__benchmarks__car_osu_runup__postprocess__plot_ADV_C.m.crosswalk.json,1,models/FUNWAVE/raw/source_code/FUNWAVE-TVD/benchmarks/car_osu_runup/postprocess/plot_ADV_C.m,
models/FUNWAVE/raw/source_code/FUNWAVE-TVD/benchmarks/car_osu_runup/postprocess/plot_WG.m,05244334a3e36a2a65d282d431084d8db4630b44ed42daf1028d8e0c8be9244b,2047,text/plain,.m,script-source,FUNWAVE-TVD,True,no explicit vendor marker found; retained in denominator,True,True,True,True,True,True,False,False,False,False,True,_staging/total-read/pending/reread-20260728/reread20260728-code-FUNWAVE-000-codexaudit-20260826T022956Z-b1ecf500/a995b3f0fe58c2a4aa2ea6be1d08f59f1219079d386bc88d51540c42d02e2633.json | _staging/total-read/pending/reread-20260728/reread20260728-code-FUNWAVE-000-fable5-20260813T012841Z-2131dcc5/a995b3f0fe58c2a4aa2ea6be1d08f59f1219079d386bc88d51540c42d02e2633.json | _staging/total-read/records-crosswalk/reread-20260728/FUNWAVE-000/FUNWAVE__raw__source_code__FUNWAVE-TVD__benchmarks__car_osu_runup__postprocess__plot_WG.m.crosswalk.json,1,models/FUNWAVE/raw/source_code/FUNWAVE-TVD/benchmarks/car_osu_runup/postprocess/plot_WG.m,
models/FUNWAVE/raw/source_code/FUNWAVE-TVD/benchmarks/car_osu_runup/postprocess/read_result.m,df2aacd741def438ccfc573ba79e8d7bf06647d48848302393e6bca0d24703f8,3182,text/plain,.m,script-source,FUNWAVE-TVD,True,no explicit vendor marker found; retained in denominator,True,True,True,True,True,True,False,False,False,False,True,_staging/total-read/pending/reread-20260728/reread20260728-code-FUNWAVE-000-codexaudit-20260826T022956Z-b1ecf500/7f8e4f55d820daafa733a0aa0f19dce30329d485ca9f3a216349ce1684dc2568.json | _staging/total-read/pending/reread-20260728/reread20260728-code-FUNWAVE-000-fable5-20260813T012841Z-2131dcc5/7f8e4f55d820daafa733a0aa0f19dce30329d485ca9f3a216349ce1684dc2568.json | _staging/total-read/records-crosswalk/reread-20260728/FUNWAVE-000/FUNWAVE__raw__source_code__FUNWAVE-TVD__benchmarks__car_osu_runup__postprocess__read_result.m.crosswalk.json,1,models/FUNWAVE/raw/source_code/FUNWAVE-TVD/benchmarks/car_osu_runup/postprocess/read_result.m,
models/FUNWAVE/raw/source_code/FUNWAVE-TVD/benchmarks/car_osu_runup/postprocess/tank.dat,2229f0da2c2f6ead83bdb300fbca558de8fbb6a6632c592e77f2d9f257a9d64e,373875,text/plain,.dat,case-data-or-output,FUNWAVE-TVD,True,no explicit vendor marker found; retained in denominator,False,True,False,False,False,False,False,False,False,True,False,_staging/total-read/records/numgrid-FUNWAVE-20260728.jsonl,1,models/FUNWAVE/raw/source_code/FUNWAVE-TVD/benchmarks/car_osu_runup/postprocess/tank.dat,
models/FUNWAVE/raw/source_code/FUNWAVE-TVD/benchmarks/car_osu_runup/work/input.txt,01baa99c837245859114bb016f8aeda69b5159e613181c9f417161df7af1647a,6863,text/plain,.txt,documentation-or-build-text,FUNWAVE-TVD,True,no explicit vendor marker found; retained in denominator,False,True,False,False,False,False,True,False,False,False,True,_staging/total-read/pending/reread-20260728/reread20260728-doc-FUNWAVE-001-codex-20260811T012253Z-1835e485/dcd01a8ed31701b1b6ee7420975f219978a2c59f70af5636eb0aa8dfe48643cd.json,1,models/FUNWAVE/raw/source_code/FUNWAVE-TVD/benchmarks/car_osu_runup/work/input.txt,
models/FUNWAVE/raw/source_code/FUNWAVE-TVD/benchmarks/car_sediment_lab_c2/B_01_diagnose.m,7c8da5fbfcdcd52a18ac7b0c24918117c510e5f8513ef02b0fe296cc602e4f81,5186,text/plain,.m,script-source,FUNWAVE-TVD,True,no explicit vendor marker found; retained in denominator,True,True,True,True,True,True,False,False,False,False,True,_staging/total-read/pending/reread-20260728/reread20260728-code-FUNWAVE-000-codexaudit-20260826T022956Z-b1ecf500/921c12ec5914f3a6e477ffb747fe326e9263f998bd5f303cb5dbdffa6b94853e.json | _staging/total-read/pending/reread-20260728/reread20260728-code-FUNWAVE-000-fable5-20260813T012841Z-2131dcc5/921c12ec5914f3a6e477ffb747fe326e9263f998bd5f303cb5dbdffa6b94853e.json | _staging/total-read/records-crosswalk/reread-20260728/FUNWAVE-000/FUNWAVE__raw__source_code__FUNWAVE-TVD__benchmarks__car_sediment_lab_c2__B_01_diagnose.m.crosswalk.json,1,models/FUNWAVE/raw/source_code/FUNWAVE-TVD/benchmarks/car_sediment_lab_c2/B_01_diagnose.m,
models/FUNWAVE/raw/source_code/FUNWAVE-TVD/benchmarks/car_sediment_lab_c2/coupling_file_v2.txt,3a2fa210ce32532d297effe150d7bc1321491b5bb8d98cbe4a7d09acf1bf4c45,1354210,text/plain,.txt,documentation-or-build-text,FUNWAVE-TVD,True,no explicit vendor marker found; retained in denominator,False,True,False,False,False,False,False,False,False,True,False,_staging/total-read/records/numbulk-FUNWAVE-20260804.jsonl,1,models/FUNWAVE/raw/source_code/FUNWAVE-TVD/benchmarks/car_sediment_lab_c2/coupling_file_v2.txt,
models/FUNWAVE/raw/source_code/FUNWAVE-TVD/benchmarks/car_sediment_lab_c2/depth_dune_6cm.txt,0e981dba2511757bca638d31451d94fc01fd91cf64ad2191040e630c33a79204,51651,text/plain,.txt,documentation-or-build-text,FUNWAVE-TVD,True,no explicit vendor marker found; retained in denominator,False,True,False,False,False,False,True,False,False,False,True,_staging/total-read/pending/reread-20260728/reread20260728-doc-FUNWAVE-001-codex-20260811T012253Z-1835e485/d1fe4357851bfec4ace55502a0d3c9b340b81952b56b9f1460ae0a157912cf9e.json,1,models/FUNWAVE/raw/source_code/FUNWAVE-TVD/benchmarks/car_sediment_lab_c2/depth_dune_6cm.txt,
models/FUNWAVE/raw/source_code/FUNWAVE-TVD/benchmarks/car_sediment_lab_c2/gauges.txt,1df925873e652eef98b89ea59a87f0e554937dc5390a2e66aa6ac6a53a6e6973,1190,text/plain,.txt,documentation-or-build-text,FUNWAVE-TVD,True,no explicit vendor marker found; retained in denominator,False,True,False,False,False,False,True,False,False,False,True,_staging/total-read/pending/reread-20260728/reread20260728-doc-FUNWAVE-001-codex-20260811T012253Z-1835e485/3db042ad94e4d9334cd6110cf8f680408ba7bce072f14cbf5286b00056467c9c.json,1,models/FUNWAVE/raw/source_code/FUNWAVE-TVD/benchmarks/car_sediment_lab_c2/gauges.txt,
models/FUNWAVE/raw/source_code/FUNWAVE-TVD/benchmarks/car_sediment_lab_c2/input.txt,41466f3ba3523c577fb510c11926076f3fade9f383a7ad8b2e9a48ea34bc33e8,7156,text/plain,.txt,documentation-or-build-text,FUNWAVE-TVD,True,no explicit vendor marker found; retained in denominator,False,True,False,False,False,False,True,False,False,False,True,_staging/total-read/pending/reread-20260728/reread20260728-doc-FUNWAVE-001-codex-20260811T012253Z-1835e485/d6e37552dbd503dae2380e82dd967ba9a0ff78fab24adea24cf530be72b0b8fc.json,1,models/FUNWAVE/raw/source_code/FUNWAVE-TVD/benchmarks/car_sediment_lab_c2/input.txt,
models/FUNWAVE/raw/source_code/FUNWAVE-TVD/benchmarks/sph_Nwave_statis/input.txt,6f48e5c15891149563a8c7720b84f1ca6fcf566b20e21d8042e82dc7c714c80a,7267,text/plain,.txt,documentation-or-build-text,FUNWAVE-TVD,True,no explicit vendor marker found; retained in denominator,False,True,False,False,False,False,True,False,False,False,True,_staging/total-read/pending/reread-20260728/reread20260728-doc-FUNWAVE-001-codex-20260811T012253Z-1835e485/d8379642f95a62cbba933da1a00f55b5a29153a3883fe1ed2571c64c6cf7a24a.json,1,models/FUNWAVE/raw/source_code/FUNWAVE-TVD/benchmarks/sph_Nwave_statis/input.txt,
models/FUNWAVE/raw/source_code/FUNWAVE-TVD/benchmarks/sph_Nwave_statis/input_s10_h100_a2.txt,6990dc89feadc81040687f5e4aa6ededab845b621a4583a9eb8751b4b6dc2f9f,7274,text/plain,.txt,documentation-or-build-text,FUNWAVE-TVD,True,no explicit vendor marker found; retained in denominator,False,True,False,False,False,False,True,False,False,False,True,_staging/total-read/pending/reread-20260728/reread20260728-doc-FUNWAVE-001-codex-20260811T012253Z-1835e485/223eff7262dd759eace1d270fd7173db3f3b14e98fd6a88e266056193c992d4d.json,1,models/FUNWAVE/raw/source_code/FUNWAVE-TVD/benchmarks/sph_Nwave_statis/input_s10_h100_a2.txt,
models/FUNWAVE/raw/source_code/FUNWAVE-TVD/benchmarks/sph_Nwave_statis/input_s10_h100_a5.txt,c2d131818bd487ae0e7f26ba5353e3425475bcdf16fd2a413ffd93481adb4968,7274,text/plain,.txt,documentation-or-build-text,FUNWAVE-TVD,True,no explicit vendor marker found; retained in denominator,False,True,False,False,False,False,True,False,False,False,True,_staging/total-read/pending/reread-20260728/reread20260728-doc-FUNWAVE-001-codex-20260811T012253Z-1835e485/672137ebf32439129f81b6e5cb50d59bfb74a4d6953f848ff50c64df9dc2400c.json,1,models/FUNWAVE/raw/source_code/FUNWAVE-TVD/benchmarks/sph_Nwave_statis/input_s10_h100_a5.txt,
models/FUNWAVE/raw/source_code/FUNWAVE-TVD/benchmarks/sph_Nwave_statis/input_s10_h10_a01.txt,5f7f75c18faf2bb31bb2c593b7504ecffc8be4810d5ed5b64e9de1195f5e870c,7272,text/plain,.txt,documentation-or-build-text,FUNWAVE-TVD,True,no explicit vendor marker found; retained in denominator,False,True,False,False,False,False,True,False,False,False,True,_staging/total-read/pending/reread-20260728/reread20260728-doc-FUNWAVE-001-codex-20260811T012253Z-1835e485/d2e36b3de331aa022e4e28b2943b538eb7846b07f4b4d6dc446f83816a18b91c.json,1,models/FUNWAVE/raw/source_code/FUNWAVE-TVD/benchmarks/sph_Nwave_statis/input_s10_h10_a01.txt,
models/FUNWAVE/raw/source_code/FUNWAVE-TVD/benchmarks/sph_Nwave_statis/input_s10_h10_a02.txt,39f12fe0092ffb0f4920c4bda79b9322460069f9b7ed7d078001d0ce5bd8f0b4,7272,text/plain,.txt,documentation-or-build-text,FUNWAVE-TVD,True,no explicit vendor marker found; retained in denominator,False,True,False,False,False,False,True,False,False,False,True,_staging/total-read/pending/reread-20260728/reread20260728-doc-FUNWAVE-001-codex-20260811T012253Z-1835e485/a54b92e1f255ea3b6a00677b6215fa63d3d5f3011db12818d9f28c16cd9cc558.json,1,models/FUNWAVE/raw/source_code/FUNWAVE-TVD/benchmarks/sph_Nwave_statis/input_s10_h10_a02.txt,
models/FUNWAVE/raw/source_code/FUNWAVE-TVD/benchmarks/sph_Nwave_statis/input_s10_h10_a05.txt,b455fd6f0aca0b39d9e0cb22fe7aa5b903867de927977aa32ba05c6a273ef064,7272,text/plain,.txt,documentation-or-build-text,FUNWAVE-TVD,True,no explicit vendor marker found; retained in denominator,False,True,False,False,False,False,True,False,False,False,True,_staging/total-read/pending/reread-20260728/reread20260728-doc-FUNWAVE-001-codex-20260811T012253Z-1835e485/0827414b341412176e9250d1f22fe246612a9317153860706c62c339d33f60e5.json,1,models/FUNWAVE/raw/source_code/FUNWAVE-TVD/benchmarks/sph_Nwave_statis/input_s10_h10_a05.txt,
models/FUNWAVE/raw/source_code/FUNWAVE-TVD/benchmarks/sph_Nwave_statis/input_s10_h1k_a10.txt,3a4d44164690ac7a32aa81d64fd75b20b2e74815701cdf8d8eb62ebb371a24cc,7283,text/plain,.txt,documentation-or-build-text,FUNWAVE-TVD,True,no explicit vendor marker found; retained in denominator,False,True,False,False,False,False,True,False,False,False,True,_staging/total-read/pending/reread-20260728/reread20260728-doc-FUNWAVE-001-codex-20260811T012253Z-1835e485/2e5ac61abc23ee8b2e77d17e8a9505dd7379781b69531e3bd100915d9e59c755.json,1,models/FUNWAVE/raw/source_code/FUNWAVE-TVD/benchmarks/sph_Nwave_statis/input_s10_h1k_a10.txt,
models/FUNWAVE/raw/source_code/FUNWAVE-TVD/benchmarks/sph_Nwave_statis/input_s10_h1k_a20.txt,11372ad6e28e8e06093775036e94502d0955ca13d917a26848f9e9f6be4bc411,7283,text/plain,.txt,documentation-or-build-text,FUNWAVE-TVD,True,no explicit vendor marker found; retained in denominator,False,True,False,False,False,False,True,False,False,False,True,_staging/total-read/pending/reread-20260728/reread20260728-doc-FUNWAVE-001-codex-20260811T012253Z-1835e485/4003650be8e82afe8dee5c98f6a80a34c77ea6c6e9d939de45dace8d6bccdc05.json,1,models/FUNWAVE/raw/source_code/FUNWAVE-TVD/benchmarks/sph_Nwave_statis/input_s10_h1k_a20.txt,
models/FUNWAVE/raw/source_code/FUNWAVE-TVD/benchmarks/sph_Nwave_statis/input_s20_h100_a1.txt,6a259fd8c92252426e43a2737c5b5373bd27b97c8d3e59a92b9c4783206a992e,7274,text/plain,.txt,documentation-or-build-text,FUNWAVE-TVD,True,no explicit vendor marker found; retained in denominator,False,True,False,False,False,False,True,False,False,False,True,_staging/total-read/pending/reread-20260728/reread20260728-doc-FUNWAVE-001-codex-20260811T012253Z-1835e485/b00dcc825396c11c2cc2ece10eaa14fbce945598a39248686e6b4027843b4a11.json,1,models/FUNWAVE/raw/source_code/FUNWAVE-TVD/benchmarks/sph_Nwave_statis/input_s20_h100_a1.txt,
models/FUNWAVE/raw/source_code/FUNWAVE-TVD/benchmarks/sph_Nwave_statis/input_s20_h100_a2.txt,a54ca76c8d92aaba1e4ea5b1b62c84f34dc885ece759ea2c161e081ff857e187,7277,text/plain,.txt,documentation-or-build-text,FUNWAVE-TVD,True,no explicit vendor marker found; retained in denominator,False,True,False,False,False,False,True,False,False,False,True,_staging/total-read/pending/reread-20260728/reread20260728-doc-FUNWAVE-001-codex-20260811T012253Z-1835e485/51adf84b97098dd7ab789aad443d5424b24969fdea546c8716147661144bef73.json,1,models/FUNWAVE/raw/source_code/FUNWAVE-TVD/benchmarks/sph_Nwave_statis/input_s20_h100_a2.txt,
models/FUNWAVE/raw/source_code/FUNWAVE-TVD/benchmarks/sph_Nwave_statis/input_s20_h100_a5.txt,e3d9481d0a72066de9c659c2d2e7d1cc192e4c7fd0805edca171ac601716df2a,7274,text/plain,.txt,documentation-or-build-text,FUNWAVE-TVD,True,no explicit vendor marker found; retained in denominator,False,True,False,False,False,False,True,False,False,False,True,_staging/total-read/pending/reread-20260728/reread20260728-doc-FUNWAVE-001-codex-20260811T012253Z-1835e485/1e8c03630448a010a3bec2fff8e212463965e3a372e613de46a35bb5de0e98c9.json,1,models/FUNWAVE/raw/source_code/FUNWAVE-TVD/benchmarks/sph_Nwave_statis/input_s20_h100_a5.txt,
models/FUNWAVE/raw/source_code/FUNWAVE-TVD/benchmarks/sph_Nwave_statis/input_s20_h10_a01.txt,be77bb9d45465c844132ba494ba9fd8c67c3dd5eb20d885e80036e4d85f41d2b,7273,text/plain,.txt,documentation-or-build-text,FUNWAVE-TVD,True,no explicit vendor marker found; retained in denominator,False,True,False,False,False,False,True,False,False,False,True,_staging/total-read/pending/reread-20260728/reread20260728-doc-FUNWAVE-001-codex-20260811T012253Z-1835e485/bb9d6fa0f5893f57b71b728fdc525b525e5c6742a74c6a07a29379284b45f06b.json,1,models/FUNWAVE/raw/source_code/FUNWAVE-TVD/benchmarks/sph_Nwave_statis/input_s20_h10_a01.txt,
models/FUNWAVE/raw/source_code/FUNWAVE-TVD/benchmarks/sph_Nwave_statis/input_s20_h10_a02.txt,f14057764fa5459551086826ab134df86f576427541bcad34bcdfeb2c4048775,7273,text/plain,.txt,documentation-or-build-text,FUNWAVE-TVD,True,no explicit vendor marker found; retained in denominator,False,True,False,False,False,False,True,False,False,False,True,_staging/total-read/pending/reread-20260728/reread20260728-doc-FUNWAVE-001-codex-20260811T012253Z-1835e485/a59fb667cc675a3a7b81e8dbad2e388df771a92e9722bd68467e931097013805.json,1,models/FUNWAVE/raw/source_code/FUNWAVE-TVD/benchmarks/sph_Nwave_statis/input_s20_h10_a02.txt,
models/FUNWAVE/raw/source_code/FUNWAVE-TVD/benchmarks/sph_Nwave_statis/input_s20_h1_a002_bigdx.txt,3af90e3fdf322ef2134e8ab9f1ed601170f7dc1d40d135a717248393403c3491,7267,text/plain,.txt,documentation-or-build-text,FUNWAVE-TVD,True,no explicit vendor marker found; retained in denominator,False,True,False,False,False,False,True,False,False,False,True,_staging/total-read/pending/reread-20260728/reread20260728-doc-FUNWAVE-001-codex-20260811T012253Z-1835e485/c3e3ca6d81b9c584952867caecc48e1d636e5c94f87a824ed514e6ab11dedea3.json,2,models/FUNWAVE/raw/source_code/FUNWAVE-TVD/benchmarks/sph_Nwave_statis/input_s20_h1_a002_bigdx.txt,models/FUNWAVE/raw/source_code/FUNWAVE-TVD/benchmarks/sph_Nwave_statis/input_s20_h1_a002_bigdx.txt | models/FUNWAVE/raw/source_code/FUNWAVE-TVD/benchmarks/sph_Nwave_statis/input_s20_h1_a02.txt
models/FUNWAVE/raw/source_code/FUNWAVE-TVD/benchmarks/sph_Nwave_statis/input_s20_h1_a005.txt,44441b5714e02d94c1fcb27f86280d8f5fa7f4ec7d720bb9d5975f41f1afdfb1,7268,text/plain,.txt,documentation-or-build-text,FUNWAVE-TVD,True,no explicit vendor marker found; retained in denominator,False,True,False,False,False,False,True,False,False,False,True,_staging/total-read/pending/reread-20260728/reread20260728-doc-FUNWAVE-001-codex-20260811T012253Z-1835e485/a5f2c35a5790bd1fc9f70377d519806fc1c8b5579daf0ad21585af582f3029a8.json,1,models/FUNWAVE/raw/source_code/FUNWAVE-TVD/benchmarks/sph_Nwave_statis/input_s20_h1_a005.txt,
models/FUNWAVE/raw/source_code/FUNWAVE-TVD/benchmarks/sph_Nwave_statis/input_s20_h1_a01.txt,b9a33724fc4259a80f4538fa111c27ae3caaa3dfd1db2c37d41b8c142c588ef3,7267,text/plain,.txt,documentation-or-build-text,FUNWAVE-TVD,True,no explicit vendor marker found; retained in denominator,False,True,False,False,False,False,True,False,False,False,True,_staging/total-read/pending/reread-20260728/reread20260728-doc-FUNWAVE-001-codex-20260811T012253Z-1835e485/7d4382d1c346c3fb234774d2971ab1ce469037a7902fd9051c3ee0f256bf51f8.json,1,models/FUNWAVE/raw/source_code/FUNWAVE-TVD/benchmarks/sph_Nwave_statis/input_s20_h1_a01.txt,
models/FUNWAVE/raw/source_code/FUNWAVE-TVD/benchmarks/sph_Nwave_statis/input_s20_h1_a02.txt,3af90e3fdf322ef2134e8ab9f1ed601170f7dc1d40d135a717248393403c3491,7267,text/plain,.txt,documentation-or-build-text,FUNWAVE-TVD,True,no explicit vendor marker found; retained in denominator,False,True,False,False,False,False,True,False,False,False,True,_staging/total-read/pending/reread-20260728/reread20260728-doc-FUNWAVE-001-codex-20260811T012253Z-1835e485/ce46f4930b9002f2a948d66f29322e0d9f0d49d42629a84f9774acb54ecf36c1.json,2,models/FUNWAVE/raw/source_code/FUNWAVE-TVD/benchmarks/sph_Nwave_statis/input_s20_h1_a002_bigdx.txt,models/FUNWAVE/raw/source_code/FUNWAVE-TVD/benchmarks/sph_Nwave_statis/input_s20_h1_a002_bigdx.txt | models/FUNWAVE/raw/source_code/FUNWAVE-TVD/benchmarks/sph_Nwave_statis/input_s20_h1_a02.txt
models/FUNWAVE/raw/source_code/FUNWAVE-TVD/benchmarks/sph_Nwave_statis/input_s20_h1_a05.txt,63d2fa084f9cb6ccc481254cecea14807b8c241a98fc42d4f6b683ea6311e65e,7265,text/plain,.txt,documentation-or-build-text,FUNWAVE-TVD,True,no explicit vendor marker found; retained in denominator,False,True,False,False,False,False,True,False,False,False,True,_staging/total-read/pending/reread-20260728/reread20260728-doc-FUNWAVE-001-codex-20260811T012253Z-1835e485/7dc2248162c79e646b539105db8d6c1879a81a94ed39dce823c9901eabfabe2a.json,1,models/FUNWAVE/raw/source_code/FUNWAVE-TVD/benchmarks/sph_Nwave_statis/input_s20_h1_a05.txt,
models/FUNWAVE/raw/source_code/FUNWAVE-TVD/benchmarks/sph_Nwave_statis/input_s3_h100_a1.txt,630e7bb6afa2a54132cccd8c8ca9f3907ef10f87a068c3ef2788dce7743996ba,7277,text/plain,.txt,documentation-or-build-text,FUNWAVE-TVD,True,no explicit vendor marker found; retained in denominator,False,True,False,False,False,False,True,False,False,False,True,_staging/total-read/pending/reread-20260728/reread20260728-doc-FUNWAVE-001-codex-20260811T012253Z-1835e485/848683dbc8535d1972d1e8244120a034120b1421f8ced2fc2ab57cd5488c8ac7.json,1,models/FUNWAVE/raw/source_code/FUNWAVE-TVD/benchmarks/sph_Nwave_statis/input_s3_h100_a1.txt,
models/FUNWAVE/raw/source_code/FUNWAVE-TVD/benchmarks/sph_Nwave_statis/input_s3_h100_a2.txt,d722fade3fb6e740196e9f9f7813f6c71bd3e2a0fa6ed3ca03dec030552bc7ab,7276,text/plain,.txt,documentation-or-build-text,FUNWAVE-TVD,True,no explicit vendor marker found; retained in denominator,False,True,False,False,False,False,True,False,False,False,True,_staging/total-read/pending/reread-20260728/reread20260728-doc-FUNWAVE-001-codex-20260811T012253Z-1835e485/e8b5c0b756c8cf335aaa6f92ecbe9dce28384faff851f8b8be32541a0e6f1ac6.json,1,models/FUNWAVE/raw/source_code/FUNWAVE-TVD/benchmarks/sph_Nwave_statis/input_s3_h100_a2.txt,
models/FUNWAVE/raw/source_code/FUNWAVE-TVD/benchmarks/sph_Nwave_statis/input_s3_h100_a5.txt,dcc3ec8a4c09af6bde3d9f40741fae118422632c5fa761d78c6e5517d27eb650,7276,text/plain,.txt,documentation-or-build-text,FUNWAVE-TVD,True,no explicit vendor marker found; retained in denominator,False,True,False,False,False,False,True,False,False,False,True,_staging/total-read/pending/reread-20260728/reread20260728-doc-FUNWAVE-001-codex-20260811T012253Z-1835e485/4790a3e40c94b26ceb43d504a5b9940e3e51736d4ac35f9e6b8840d3d375cc67.json,1,models/FUNWAVE/raw/source_code/FUNWAVE-TVD/benchmarks/sph_Nwave_statis/input_s3_h100_a5.txt,
models/FUNWAVE/raw/source_code/FUNWAVE-TVD/benchmarks/sph_Nwave_statis/input_s3_h10_a01.txt,3a5fce9116c9236b2ca9af022ae85e9ce9e36929a2654480404c8a3c55b979ca,7273,text/plain,.txt,documentation-or-build-text,FUNWAVE-TVD,True,no explicit vendor marker found; retained in denominator,False,True,False,False,False,False,True,False,False,False,True,_staging/total-read/pending/reread-20260728/reread20260728-doc-FUNWAVE-001-codex-20260811T012253Z-1835e485/38fba237ec7ba59cbc8e26ce66a8e28b843becd872603d5bfc5feb926df242d6.json,1,models/FUNWAVE/raw/source_code/FUNWAVE-TVD/benchmarks/sph_Nwave_statis/input_s3_h10_a01.txt,
models/FUNWAVE/raw/source_code/FUNWAVE-TVD/benchmarks/sph_Nwave_statis/input_s3_h10_a02.txt,3ab3a2cc53f8548ed3ed4dc1479bc2a41eab26560e22283ce02c39cc6da70c36,7273,text/plain,.txt,documentation-or-build-text,FUNWAVE-TVD,True,no explicit vendor marker found; retained in denominator,False,True,False,False,False,False,True,False,False,False,True,_staging/total-read/pending/reread-20260728/reread20260728-doc-FUNWAVE-001-codex-20260811T012253Z-1835e485/e29b17726a8eb1199dda4d110aea7dcd89bf77f08a31a6e746a50f27263f50df.json,1,models/FUNWAVE/raw/source_code/FUNWAVE-TVD/benchmarks/sph_Nwave_statis/input_s3_h10_a02.txt,
models/FUNWAVE/raw/source_code/FUNWAVE-TVD/benchmarks/sph_Nwave_statis/input_s3_h10_a05.txt,6982960405c7aa5cfcdb03b838fc2da4f9908cc3baf721577ce3c4e255e3e565,7275,text/plain,.txt,documentation-or-build-text,FUNWAVE-TVD,True,no explicit vendor marker found; retained in denominator,False,True,False,False,False,False,True,False,False,False,True,_staging/total-read/pending/reread-20260728/reread20260728-doc-FUNWAVE-001-codex-20260811T012253Z-1835e485/ae786663f13633d26d314e24bf6bcee2310040bbae91b7fd865e59df29dd97eb.json,1,models/FUNWAVE/raw/source_code/FUNWAVE-TVD/benchmarks/sph_Nwave_statis/input_s3_h10_a05.txt,
models/FUNWAVE/raw/source_code/FUNWAVE-TVD/benchmarks/sph_Nwave_statis/readme_results.txt,35456419695aabb153df707c8f94f6ae200f09e2eb4e296275b7b5f4069d6cbc,2354,text/plain,.txt,documentation-or-build-text,FUNWAVE-TVD,True,no explicit vendor marker found; retained in denominator,False,True,False,False,False,False,True,False,False,False,True,_staging/total-read/pending/reread-20260728/reread20260728-doc-FUNWAVE-001-codex-20260811T012253Z-1835e485/f4612846d58040a8fd809446db872f1de19417196d525c679ce64d306bf71cfd.json,1,models/FUNWAVE/raw/source_code/FUNWAVE-TVD/benchmarks/sph_Nwave_statis/readme_results.txt,
models/FUNWAVE/raw/source_code/FUNWAVE-TVD/benchmarks/sph_comp_beach/case_A/A.mat,c69c1daf059e9599ca72b1fd28a7c6283c61edcb7e324af3628186c0f621b573,8607,application/x-matlab-data,.mat,case-data-or-output,FUNWAVE-TVD,True,no explicit vendor marker found; retained in denominator,False,False,False,False,False,False,False,False,False,True,False,_staging/total-read/records/binauto-code_FUNWAVE.jsonl,1,models/FUNWAVE/raw/source_code/FUNWAVE-TVD/benchmarks/sph_comp_beach/case_A/A.mat,
models/FUNWAVE/raw/source_code/FUNWAVE-TVD/benchmarks/sph_comp_beach/case_A/BM5_A_Plotter.m,fe0e9eeb19741a192fb8a193065d5a6ca60c074e0ca6dbe8512b0ecd12158e02,1739,text/plain,.m,script-source,FUNWAVE-TVD,True,no explicit vendor marker found; retained in denominator,True,True,True,True,True,True,False,False,False,False,True,_staging/total-read/pending/reread-20260728/reread20260728-code-FUNWAVE-000-codexaudit-20260826T022956Z-b1ecf500/301cd54986cc0e168d0d40036d1899f2e0f723cf8387660465a8b12bef5b525b.json | _staging/total-read/pending/reread-20260728/reread20260728-code-FUNWAVE-000-fable5-20260813T012841Z-2131dcc5/301cd54986cc0e168d0d40036d1899f2e0f723cf8387660465a8b12bef5b525b.json | _staging/total-read/records-crosswalk/reread-20260728/FUNWAVE-000/FUNWAVE__raw__source_code__FUNWAVE-TVD__benchmarks__sph_comp_beach__case_A__BM5_A_Plotter.m.crosswalk.json,1,models/FUNWAVE/raw/source_code/FUNWAVE-TVD/benchmarks/sph_comp_beach/case_A/BM5_A_Plotter.m,
models/FUNWAVE/raw/source_code/FUNWAVE-TVD/benchmarks/sph_comp_beach/case_A/BM5_tmp_Plotter.m,8a768a9e29d2ff32127f4964d2784a17853fdb6e0299e21511dd593ef9f0ece0,2676,text/plain,.m,script-source,FUNWAVE-TVD,True,no explicit vendor marker found; retained in denominator,True,True,True,True,True,True,False,False,False,False,True,_staging/total-read/pending/reread-20260728/reread20260728-code-FUNWAVE-000-codexaudit-20260826T022956Z-b1ecf500/89cd73a7782a9722d732fc73a3db6ed88b11719a091c8486477aaaf019c15118.json | _staging/total-read/pending/reread-20260728/reread20260728-code-FUNWAVE-000-fable5-20260813T012841Z-2131dcc5/89cd73a7782a9722d732fc73a3db6ed88b11719a091c8486477aaaf019c15118.json | _staging/total-read/records-crosswalk/reread-20260728/FUNWAVE-000/FUNWAVE__raw__source_code__FUNWAVE-TVD__benchmarks__sph_comp_beach__case_A__BM5_tmp_Plotter.m.crosswalk.json,1,models/FUNWAVE/raw/source_code/FUNWAVE-TVD/benchmarks/sph_comp_beach/case_A/BM5_tmp_Plotter.m,
models/FUNWAVE/raw/source_code/FUNWAVE-TVD/benchmarks/sph_comp_beach/case_A/comp_beach_A.pdf,64f48cd309961e8eb9dde80f17011ec0fedaa64148c7da485169ba22d8e4af4d,25480,application/pdf,.pdf,manual-or-paper-pdf,FUNWAVE-TVD,True,no explicit vendor marker found; retained in denominator,False,False,False,False,False,False,False,False,False,True,False,_staging/total-read/records/binauto-code_FUNWAVE.jsonl,1,models/FUNWAVE/raw/source_code/FUNWAVE-TVD/benchmarks/sph_comp_beach/case_A/comp_beach_A.pdf,
models/FUNWAVE/raw/source_code/FUNWAVE-TVD/benchmarks/sph_comp_beach/case_A/comp_beach_A_v20.eps,8f8a4408dedccd7ea1794228989a99f66f13037be8a6093a561aadebf2cac99c,39578,application/postscript,.eps,image-or-media,FUNWAVE-TVD,True,no explicit vendor marker found; retained in denominator,False,True,False,False,False,False,True,False,False,False,True,_staging/total-read/pending/reread-20260728/reread20260728-doc-FUNWAVE-001-codex-20260811T012253Z-1835e485/f8ef7eef20296b1f8532159820d8cac8723aea6299c4c78efd1257fc10946663.json,1,models/FUNWAVE/raw/source_code/FUNWAVE-TVD/benchmarks/sph_comp_beach/case_A/comp_beach_A_v20.eps,
models/FUNWAVE/raw/source_code/FUNWAVE-TVD/benchmarks/sph_comp_beach/case_A/comp_beach_A_v20.pdf,9708f748ddc00e2ad1fbf485f4d6ea2edc78f47210e9e375465842ebc28066f2,25427,application/pdf,.pdf,manual-or-paper-pdf,FUNWAVE-TVD,True,no explicit vendor marker found; retained in denominator,False,False,False,False,False,False,False,False,False,True,False,_staging/total-read/records/binauto-code_FUNWAVE.jsonl,1,models/FUNWAVE/raw/source_code/FUNWAVE-TVD/benchmarks/sph_comp_beach/case_A/comp_beach_A_v20.pdf,
models/FUNWAVE/raw/source_code/FUNWAVE-TVD/benchmarks/sph_comp_beach/case_A/depth_coarse.dat,f3f19a26b88a4f02a873868f993d95d253bdd0be6e17962392caf7cb41f781cf,199445,text/plain,.dat,case-data-or-output,FUNWAVE-TVD,True,no explicit vendor marker found; retained in denominator,False,True,False,False,False,False,False,False,False,True,False,_staging/total-read/records/numgrid-FUNWAVE-20260728.jsonl,3,models/FUNWAVE/raw/source_code/FUNWAVE-TVD/benchmarks/sph_comp_beach/case_A/depth_coarse.dat,models/FUNWAVE/raw/source_code/FUNWAVE-TVD/benchmarks/sph_comp_beach/case_A/depth_coarse.dat | models/FUNWAVE/raw/source_code/FUNWAVE-TVD/benchmarks/sph_comp_beach/case_B/depth_coarse.dat | models/FUNWAVE/raw/source_code/FUNWAVE-TVD/benchmarks/sph_comp_beach/case_C/depth_coarse.dat
models/FUNWAVE/raw/source_code/FUNWAVE-TVD/benchmarks/sph_comp_beach/case_A/input.txt,636a8eea5cc2a086954aebbd0fc63570138f9958f6d328aef56896c2e797a29d,7322,text/plain,.txt,documentation-or-build-text,FUNWAVE-TVD,True,no explicit vendor marker found; retained in denominator,False,True,False,False,False,False,True,False,False,False,True,_staging/total-read/pending/reread-20260728/reread20260728-doc-FUNWAVE-001-codex-20260811T012253Z-1835e485/ea60e23199003da4d24f6eb2d781a6cffca6c8a04be62a63ba625fbeb24798c9.json,1,models/FUNWAVE/raw/source_code/FUNWAVE-TVD/benchmarks/sph_comp_beach/case_A/input.txt,
models/FUNWAVE/raw/source_code/FUNWAVE-TVD/benchmarks/sph_comp_beach/case_A/station.txt,20d50fb9352afa05f4988d8abfb5bf3b519853a0f692eb89632b1db8f3df5488,286,text/plain,.txt,documentation-or-build-text,FUNWAVE-TVD,True,no explicit vendor marker found; retained in denominator,False,True,False,False,False,False,True,False,False,False,True,_staging/total-read/pending/reread-20260728/reread20260728-doc-FUNWAVE-001-codex-20260811T012253Z-1835e485/909955c555a36ab9c841fad23aad9a4579fe0ff8963c255bb7bc59da8355e207.json,1,models/FUNWAVE/raw/source_code/FUNWAVE-TVD/benchmarks/sph_comp_beach/case_A/station.txt,
models/FUNWAVE/raw/source_code/FUNWAVE-TVD/benchmarks/sph_comp_beach/case_A/station_ij.txt,c717ac4746599a0cfbaf2a3fae05d7db4d787ba005561ff9e29a158eee3f438d,48,text/plain,.txt,documentation-or-build-text,FUNWAVE-TVD,True,no explicit vendor marker found; retained in denominator,False,True,False,False,False,False,True,False,False,False,True,_staging/total-read/pending/reread-20260728/reread20260728-doc-FUNWAVE-001-codex-20260811T012253Z-1835e485/57f234147d0028720805e573f9e1611be370b0338bca52ce0ea09befc4c44ac0.json,1,models/FUNWAVE/raw/source_code/FUNWAVE-TVD/benchmarks/sph_comp_beach/case_A/station_ij.txt,
models/FUNWAVE/raw/source_code/FUNWAVE-TVD/benchmarks/sph_comp_beach/case_A/tmp.eps,015b4ec11d153028dd8343a7d284967e9f2ef9908a07b143e76aab0ec7945d0d,39534,application/postscript,.eps,image-or-media,FUNWAVE-TVD,True,no explicit vendor marker found; retained in denominator,False,True,False,False,False,False,True,False,False,False,True,_staging/total-read/pending/reread-20260728/reread20260728-doc-FUNWAVE-001-codex-20260811T012253Z-1835e485/228bd078551b74b8e33f505f3bea681f7fd62d1039fe2957ec038ea56ecda84d.json,1,models/FUNWAVE/raw/source_code/FUNWAVE-TVD/benchmarks/sph_comp_beach/case_A/tmp.eps,
models/FUNWAVE/raw/source_code/FUNWAVE-TVD/benchmarks/sph_comp_beach/case_B/B.mat,99d091b813976cb198c8f6e7872fae05139ba5844abe3aa033b118b15eeab44e,15031,application/x-matlab-data,.mat,case-data-or-output,FUNWAVE-TVD,True,no explicit vendor marker found; retained in denominator,False,False,False,False,False,False,False,False,False,True,False,_staging/total-read/records/binauto-code_FUNWAVE.jsonl,1,models/FUNWAVE/raw/source_code/FUNWAVE-TVD/benchmarks/sph_comp_beach/case_B/B.mat,
models/FUNWAVE/raw/source_code/FUNWAVE-TVD/benchmarks/sph_comp_beach/case_B/BM2_B_Plotter.m,b3e346da0f1793f3750c2b2fa36ab9f70f7abf49606b5608d88a732e807a37d2,1687,text/plain,.m,script-source,FUNWAVE-TVD,True,no explicit vendor marker found; retained in denominator,True,True,True,True,True,True,False,False,False,False,True,_staging/total-read/pending/reread-20260728/reread20260728-code-FUNWAVE-000-codexaudit-20260826T022956Z-b1ecf500/531a618b170aa1fb9c7a6975bde69ea93cd2f011c978928f5fdd7dc1ac0ca90f.json | _staging/total-read/pending/reread-20260728/reread20260728-code-FUNWAVE-000-fable5-20260813T012841Z-2131dcc5/531a618b170aa1fb9c7a6975bde69ea93cd2f011c978928f5fdd7dc1ac0ca90f.json | _staging/total-read/records-crosswalk/reread-20260728/FUNWAVE-000/FUNWAVE__raw__source_code__FUNWAVE-TVD__benchmarks__sph_comp_beach__case_B__BM2_B_Plotter.m.crosswalk.json,1,models/FUNWAVE/raw/source_code/FUNWAVE-TVD/benchmarks/sph_comp_beach/case_B/BM2_B_Plotter.m,
models/FUNWAVE/raw/source_code/FUNWAVE-TVD/benchmarks/sph_comp_beach/case_B/comp_beach_B.eps,44ea02896d0dedf12e5cf8eac7ca188bf54a80bedb624a5999d3c247e3c9c37d,32087,application/postscript,.eps,image-or-media,FUNWAVE-TVD,True,no explicit vendor marker found; retained in denominator,False,True,False,False,False,False,True,False,False,False,True,_staging/total-read/pending/reread-20260728/reread20260728-doc-FUNWAVE-002-codex-20260813T012841Z-68f0ed11/fe545ee350bdd0f3a80715c25ff01d40c394f2e2a154853f7f0795f124c1b606.json,1,models/FUNWAVE/raw/source_code/FUNWAVE-TVD/benchmarks/sph_comp_beach/case_B/comp_beach_B.eps,
models/FUNWAVE/raw/source_code/FUNWAVE-TVD/benchmarks/sph_comp_beach/case_B/comp_beach_B.pdf,5e2f3c761ff0604e08aae102ce0507de3452dd3c7c19831939638fbb53694d73,28533,application/pdf,.pdf,manual-or-paper-pdf,FUNWAVE-TVD,True,no explicit vendor marker found; retained in denominator,False,False,False,False,False,False,False,False,False,True,False,_staging/total-read/records/binauto-code_FUNWAVE.jsonl,1,models/FUNWAVE/raw/source_code/FUNWAVE-TVD/benchmarks/sph_comp_beach/case_B/comp_beach_B.pdf,
models/FUNWAVE/raw/source_code/FUNWAVE-TVD/benchmarks/sph_comp_beach/case_B/comp_beach_B_v20.eps,1edae351c755a86a75d50fb63a9b900c8c233f42eda9e52b27839947dda2f71f,32083,application/postscript,.eps,image-or-media,FUNWAVE-TVD,True,no explicit vendor marker found; retained in denominator,False,True,False,False,False,False,True,False,False,False,True,_staging/total-read/pending/reread-20260728/reread20260728-doc-FUNWAVE-002-codex-20260813T012841Z-68f0ed11/e7e4768efe7bcc47bba5c057ffb4f2180e0807a20c9322c8874803945648eb89.json,1,models/FUNWAVE/raw/source_code/FUNWAVE-TVD/benchmarks/sph_comp_beach/case_B/comp_beach_B_v20.eps,
models/FUNWAVE/raw/source_code/FUNWAVE-TVD/benchmarks/sph_comp_beach/case_B/comp_beach_B_v20.pdf,942dc1d3d197fec35963de1addb3e7c36d537bf205270e64cc9557dcb2804e72,28051,application/pdf,.pdf,manual-or-paper-pdf,FUNWAVE-TVD,True,no explicit vendor marker found; retained in denominator,False,False,False,False,False,False,False,False,False,True,False,_staging/total-read/records/binauto-code_FUNWAVE.jsonl,1,models/FUNWAVE/raw/source_code/FUNWAVE-TVD/benchmarks/sph_comp_beach/case_B/comp_beach_B_v20.pdf,
models/FUNWAVE/raw/source_code/FUNWAVE-TVD/benchmarks/sph_comp_beach/case_B/composite_case_b_cart.jpg,bd778e161411bcf2f1aa6c445871eb7d91022c0c706a561282ac4c7ee9807844,271675,image/jpeg,.jpg,image-or-media,FUNWAVE-TVD,True,no explicit vendor marker found; retained in denominator,False,False,False,False,False,False,False,False,False,True,False,_staging/total-read/records/binauto-code_FUNWAVE.jsonl,1,models/FUNWAVE/raw/source_code/FUNWAVE-TVD/benchmarks/sph_comp_beach/case_B/composite_case_b_cart.jpg,
models/FUNWAVE/raw/source_code/FUNWAVE-TVD/benchmarks/sph_comp_beach/case_B/depth_coarse.dat,f3f19a26b88a4f02a873868f993d95d253bdd0be6e17962392caf7cb41f781cf,199445,text/plain,.dat,case-data-or-output,FUNWAVE-TVD,True,no explicit vendor marker found; retained in denominator,False,True,False,False,False,False,False,False,False,True,False,_staging/total-read/records/numgrid-FUNWAVE-20260728.jsonl,3,models/FUNWAVE/raw/source_code/FUNWAVE-TVD/benchmarks/sph_comp_beach/case_A/depth_coarse.dat,models/FUNWAVE/raw/source_code/FUNWAVE-TVD/benchmarks/sph_comp_beach/case_A/depth_coarse.dat | models/FUNWAVE/raw/source_code/FUNWAVE-TVD/benchmarks/sph_comp_beach/case_B/depth_coarse.dat | models/FUNWAVE/raw/source_code/FUNWAVE-TVD/benchmarks/sph_comp_beach/case_C/depth_coarse.dat
models/FUNWAVE/raw/source_code/FUNWAVE-TVD/benchmarks/sph_comp_beach/case_B/input.txt,3c39dc9f8d46d99dcd639c6dfc455790d5b4c247f613fbd38f89fa6cf67c26fa,7322,text/plain,.txt,documentation-or-build-text,FUNWAVE-TVD,True,no explicit vendor marker found; retained in denominator,False,True,False,False,False,False,True,False,False,False,True,_staging/total-read/pending/reread-20260728/reread20260728-doc-FUNWAVE-002-codex-20260813T012841Z-68f0ed11/727f4fb8901f84b9ac6cd8c6dd6f27f2043ad26d63476ff4cfebb6001f22f195.json,1,models/FUNWAVE/raw/source_code/FUNWAVE-TVD/benchmarks/sph_comp_beach/case_B/input.txt,
models/FUNWAVE/raw/source_code/FUNWAVE-TVD/benchmarks/sph_comp_beach/case_B/lat_lon.txt,1a193fa0252b0380d9d61fdcac3bab4c087f7178329935cf77bfc65c494a3023,264,text/plain,.txt,documentation-or-build-text,FUNWAVE-TVD,True,no explicit vendor marker found; retained in denominator,False,True,False,False,False,False,True,False,False,False,True,_staging/total-read/pending/reread-20260728/reread20260728-doc-FUNWAVE-002-codex-20260813T012841Z-68f0ed11/88c365f1776a5c936f845036ff18b91490a97207afc7e9f175ba07444bbcb1cd.json,1,models/FUNWAVE/raw/source_code/FUNWAVE-TVD/benchmarks/sph_comp_beach/case_B/lat_lon.txt,
models/FUNWAVE/raw/source_code/FUNWAVE-TVD/benchmarks/sph_comp_beach/case_B/station.txt,9227e4f457b93193f85a366467a00874aa501f400185c88382fd347d41e57f25,327,text/plain,.txt,documentation-or-build-text,FUNWAVE-TVD,True,no explicit vendor marker found; retained in denominator,False,True,False,False,False,False,True,False,False,False,True,_staging/total-read/pending/reread-20260728/reread20260728-doc-FUNWAVE-002-codex-20260813T012841Z-68f0ed11/584e2250bb74af5e6ab7c2a64f1dda41b56de6f7a9a92abfd026dc3202b8cbe4.json,1,models/FUNWAVE/raw/source_code/FUNWAVE-TVD/benchmarks/sph_comp_beach/case_B/station.txt,
models/FUNWAVE/raw/source_code/FUNWAVE-TVD/benchmarks/sph_comp_beach/case_B/station_ij.txt,0a23f8fe476cfc2f8105c921ff377fbc94616687497231c59a5e741e258feb1a,55,text/plain,.txt,documentation-or-build-text,FUNWAVE-TVD,True,no explicit vendor marker found; retained in denominator,False,True,False,False,False,False,True,False,False,False,True,_staging/total-read/pending/reread-20260728/reread20260728-doc-FUNWAVE-002-codex-20260813T012841Z-68f0ed11/68eb404998f48db2d0d12e6c19a19d38750334b33d2fad813c0de7bcfe9a4fc8.json,1,models/FUNWAVE/raw/source_code/FUNWAVE-TVD/benchmarks/sph_comp_beach/case_B/station_ij.txt,
models/FUNWAVE/raw/source_code/FUNWAVE-TVD/benchmarks/sph_comp_beach/case_C/BM5_C_Plotter.m,e26b91615cdf484a4f23c2db721a1d6d88b49f4c3ddfc1dc06fbe65a747823f9,1729,text/plain,.m,script-source,FUNWAVE-TVD,True,no explicit vendor marker found; retained in denominator,True,True,True,True,True,True,False,False,False,False,True,_staging/total-read/pending/reread-20260728/reread20260728-code-FUNWAVE-000-codexaudit-20260826T022956Z-b1ecf500/685233d5f983d541d421ed3bcac07f59ceb4620cfe27ccaf6056ad6d49021579.json | _staging/total-read/pending/reread-20260728/reread20260728-code-FUNWAVE-000-fable5-20260813T012841Z-2131dcc5/685233d5f983d541d421ed3bcac07f59ceb4620cfe27ccaf6056ad6d49021579.json | _staging/total-read/records-crosswalk/reread-20260728/FUNWAVE-000/FUNWAVE__raw__source_code__FUNWAVE-TVD__benchmarks__sph_comp_beach__case_C__BM5_C_Plotter.m.crosswalk.json,1,models/FUNWAVE/raw/source_code/FUNWAVE-TVD/benchmarks/sph_comp_beach/case_C/BM5_C_Plotter.m,
models/FUNWAVE/raw/source_code/FUNWAVE-TVD/benchmarks/sph_comp_beach/case_C/C.mat,52bbde04fccdc73336445410bf349d54eb12906eb7ca77f550fa63213752fb7e,18251,application/x-matlab-data,.mat,case-data-or-output,FUNWAVE-TVD,True,no explicit vendor marker found; retained in denominator,False,False,False,False,False,False,False,False,False,True,False,_staging/total-read/records/binauto-code_FUNWAVE.jsonl,1,models/FUNWAVE/raw/source_code/FUNWAVE-TVD/benchmarks/sph_comp_beach/case_C/C.mat,
models/FUNWAVE/raw/source_code/FUNWAVE-TVD/benchmarks/sph_comp_beach/case_C/comp_beach_C.eps,4b0cb4e05de5342ed11283542c90fd0e19b5ec9d3002e1c2ad0e68df4efb70fb,29940,application/postscript,.eps,image-or-media,FUNWAVE-TVD,True,no explicit vendor marker found; retained in denominator,False,True,False,False,False,False,True,False,False,False,True,_staging/total-read/pending/reread-20260728/reread20260728-doc-FUNWAVE-002-codex-20260813T012841Z-68f0ed11/bf5eec81e24633a433acdc292271d3488bf4cff0e271de5d11af2b632cade019.json,1,models/FUNWAVE/raw/source_code/FUNWAVE-TVD/benchmarks/sph_comp_beach/case_C/comp_beach_C.eps,
models/FUNWAVE/raw/source_code/FUNWAVE-TVD/benchmarks/sph_comp_beach/case_C/comp_beach_C.pdf,f992913e9e187a43f3699476f5c43c8dd493111bf47d076c8cab4bb110667758,28440,application/pdf,.pdf,manual-or-paper-pdf,FUNWAVE-TVD,True,no explicit vendor marker found; retained in denominator,False,False,False,False,False,False,False,False,False,True,False,_staging/total-read/records/binauto-code_FUNWAVE.jsonl,1,models/FUNWAVE/raw/source_code/FUNWAVE-TVD/benchmarks/sph_comp_beach/case_C/comp_beach_C.pdf,
models/FUNWAVE/raw/source_code/FUNWAVE-TVD/benchmarks/sph_comp_beach/case_C/comp_beach_C_v20.eps,da00c19cea3313678f0b33b88debd2666dad64cfde08b1f0e95e4207be726066,29891,application/postscript,.eps,image-or-media,FUNWAVE-TVD,True,no explicit vendor marker found; retained in denominator,False,True,False,False,False,False,True,False,False,False,True,_staging/total-read/pending/reread-20260728/reread20260728-doc-FUNWAVE-002-codex-20260813T012841Z-68f0ed11/2b50562a717de3754aa63132dc4e91b083cf993491fa3d6d8314952857de61c8.json,1,models/FUNWAVE/raw/source_code/FUNWAVE-TVD/benchmarks/sph_comp_beach/case_C/comp_beach_C_v20.eps,
models/FUNWAVE/raw/source_code/FUNWAVE-TVD/benchmarks/sph_comp_beach/case_C/comp_beach_C_v20.pdf,805a84d8f13040955f6c76ef4338a43118f253826a358560ba0413c44cb2bd5c,28065,application/pdf,.pdf,manual-or-paper-pdf,FUNWAVE-TVD,True,no explicit vendor marker found; retained in denominator,False,False,False,False,False,False,False,False,False,True,False,_staging/total-read/records/binauto-code_FUNWAVE.jsonl,1,models/FUNWAVE/raw/source_code/FUNWAVE-TVD/benchmarks/sph_comp_beach/case_C/comp_beach_C_v20.pdf,
models/FUNWAVE/raw/source_code/FUNWAVE-TVD/benchmarks/sph_comp_beach/case_C/depth_coarse.dat,f3f19a26b88a4f02a873868f993d95d253bdd0be6e17962392caf7cb41f781cf,199445,text/plain,.dat,case-data-or-output,FUNWAVE-TVD,True,no explicit vendor marker found; retained in denominator,False,True,False,False,False,False,False,False,False,True,False,_staging/total-read/records/numgrid-FUNWAVE-20260728.jsonl,3,models/FUNWAVE/raw/source_code/FUNWAVE-TVD/benchmarks/sph_comp_beach/case_A/depth_coarse.dat,models/FUNWAVE/raw/source_code/FUNWAVE-TVD/benchmarks/sph_comp_beach/case_A/depth_coarse.dat | models/FUNWAVE/raw/source_code/FUNWAVE-TVD/benchmarks/sph_comp_beach/case_B/depth_coarse.dat | models/FUNWAVE/raw/source_code/FUNWAVE-TVD/benchmarks/sph_comp_beach/case_C/depth_coarse.dat
models/FUNWAVE/raw/source_code/FUNWAVE-TVD/benchmarks/sph_comp_beach/case_C/input.txt,0384c187e4ae6c297d8b17d8908e9677ef736eb82d91e42a64f55e86ad90fbd8,7324,text/plain,.txt,documentation-or-build-text,FUNWAVE-TVD,True,no explicit vendor marker found; retained in denominator,False,True,False,False,False,False,True,False,False,False,True,_staging/total-read/pending/reread-20260728/reread20260728-doc-FUNWAVE-002-codex-20260813T012841Z-68f0ed11/6a2effadae84288b4137209b51820db36104c6b2f1ea6c60a3c8c57ff7544e69.json,1,models/FUNWAVE/raw/source_code/FUNWAVE-TVD/benchmarks/sph_comp_beach/case_C/input.txt,
models/FUNWAVE/raw/source_code/FUNWAVE-TVD/benchmarks/sph_comp_beach/case_C/station.txt,6591c8a678640f0dda59d56f9e7619b30d8a374bac79085b1190ae08b1854162,286,text/plain,.txt,documentation-or-build-text,FUNWAVE-TVD,True,no explicit vendor marker found; retained in denominator,False,True,False,False,False,False,True,False,False,False,True,_staging/total-read/pending/reread-20260728/reread20260728-doc-FUNWAVE-002-codex-20260813T012841Z-68f0ed11/499ff4b7e888b046daf7d16dde71ed197506c6f16de0fa15363ffed476d6e8a9.json,1,models/FUNWAVE/raw/source_code/FUNWAVE-TVD/benchmarks/sph_comp_beach/case_C/station.txt,
models/FUNWAVE/raw/source_code/FUNWAVE-TVD/benchmarks/sph_comp_beach/case_C/station_ij.txt,14367b24ec0f244deec789501bd2fccf26f9a4f5ae24ce9f9fcf52dba99c4e89,48,text/plain,.txt,documentation-or-build-text,FUNWAVE-TVD,True,no explicit vendor marker found; retained in denominator,False,True,False,False,False,False,True,False,False,False,True,_staging/total-read/pending/reread-20260728/reread20260728-doc-FUNWAVE-002-codex-20260813T012841Z-68f0ed11/e8dc211569e99562430e9eca71dc2c59bd89bf372ac46b64892aecb1ea0d07f8.json,1,models/FUNWAVE/raw/source_code/FUNWAVE-TVD/benchmarks/sph_comp_beach/case_C/station_ij.txt,
models/FUNWAVE/raw/source_code/FUNWAVE-TVD/benchmarks/sph_conical_island/input/blowup_depth,89f17cc1e2b5627fcbdb086203dfea6d20d0d1b5ec63a225370d66307e36d9c5,9456,application/x-mach-binary,[none],other-binary-or-data,FUNWAVE-TVD,True,no explicit vendor marker found; retained in denominator,False,False,False,False,False,False,False,False,False,True,False,_staging/total-read/records/binauto-code_FUNWAVE.jsonl,1,models/FUNWAVE/raw/source_code/FUNWAVE-TVD/benchmarks/sph_conical_island/input/blowup_depth,
models/FUNWAVE/raw/source_code/FUNWAVE-TVD/benchmarks/sph_conical_island/input/blowup_depth.f,9364af6bc23754ad72b2ceec3244e9cf6804c13130018a8abdc01488da864a08,495,text/plain,.f,solver-or-case-source,FUNWAVE-TVD,True,no explicit vendor marker found; retained in denominator,True,True,True,True,True,True,False,False,False,False,True,_staging/total-read/pending/reread-20260728/reread20260728-code-FUNWAVE-000-codexaudit-20260826T022956Z-b1ecf500/e2756b657fe1fb46ef7c0b3fe1b903f31c5193ddfbf6f02fc1c08763bed0d3e4.json | _staging/total-read/pending/reread-20260728/reread20260728-code-FUNWAVE-000-fable5-20260813T012841Z-2131dcc5/e2756b657fe1fb46ef7c0b3fe1b903f31c5193ddfbf6f02fc1c08763bed0d3e4.json | _staging/total-read/records-crosswalk/reread-20260728/FUNWAVE-000/FUNWAVE__raw__source_code__FUNWAVE-TVD__benchmarks__sph_conical_island__input__blowup_depth.f.crosswalk.json,1,models/FUNWAVE/raw/source_code/FUNWAVE-TVD/benchmarks/sph_conical_island/input/blowup_depth.f,
models/FUNWAVE/raw/source_code/FUNWAVE-TVD/benchmarks/sph_conical_island/input/depth.txt,dfda37c212e075aa1c4d5d706222c13c23f2e55dc9ae97ebd448667e68ef8c8f,5073656,text/plain,.txt,documentation-or-build-text,FUNWAVE-TVD,True,no explicit vendor marker found; retained in denominator,False,True,False,False,False,False,False,False,False,True,False,_staging/total-read/records/numgrid-FUNWAVE-20260728.jsonl,2,models/FUNWAVE/raw/source_code/FUNWAVE-TVD/benchmarks/car_conical_island/input/depth.txt,models/FUNWAVE/raw/source_code/FUNWAVE-TVD/benchmarks/car_conical_island/input/depth.txt | models/FUNWAVE/raw/source_code/FUNWAVE-TVD/benchmarks/sph_conical_island/input/depth.txt
models/FUNWAVE/raw/source_code/FUNWAVE-TVD/benchmarks/sph_conical_island/input/depth_blowup.txt,63d6d6ba8a681d3e1b719b3f22d7b79188395677492c00f9821c80c58633928b,5071850,text/plain,.txt,documentation-or-build-text,FUNWAVE-TVD,True,no explicit vendor marker found; retained in denominator,False,True,False,False,False,False,False,False,False,True,False,_staging/total-read/records/numgrid-FUNWAVE-20260728.jsonl,1,models/FUNWAVE/raw/source_code/FUNWAVE-TVD/benchmarks/sph_conical_island/input/depth_blowup.txt,
models/FUNWAVE/raw/source_code/FUNWAVE-TVD/benchmarks/sph_conical_island/work_case_A/A.txt,3f3f9104197821d990bff7b3e2f63a8dd62c3125d04b0bb0d2b71b8e3e7717b5,58887,text/plain,.txt,documentation-or-build-text,FUNWAVE-TVD,True,no explicit vendor marker found; retained in denominator,False,True,False,False,False,False,True,False,False,False,True,_staging/total-read/pending/reread-20260728/reread20260728-doc-FUNWAVE-002-codex-20260813T012841Z-68f0ed11/ee8b39539bb90cce2af5caeb8a4d4b7408dd9dc5c27cf4edf50a3f8043e75387.json,2,models/FUNWAVE/raw/source_code/FUNWAVE-TVD/benchmarks/car_conical_island/work_case_A/A.txt,models/FUNWAVE/raw/source_code/FUNWAVE-TVD/benchmarks/car_conical_island/work_case_A/A.txt | models/FUNWAVE/raw/source_code/FUNWAVE-TVD/benchmarks/sph_conical_island/work_case_A/A.txt
models/FUNWAVE/raw/source_code/FUNWAVE-TVD/benchmarks/sph_conical_island/work_case_A/caseA_cart.eps,f9a98b195f2fd87354dfb7b1d6f4f6e512ed2f0e02b702c0798e35125fbaed07,29077,application/postscript,.eps,image-or-media,FUNWAVE-TVD,True,no explicit vendor marker found; retained in denominator,False,True,False,False,False,False,True,False,False,False,True,_staging/total-read/pending/reread-20260728/reread20260728-doc-FUNWAVE-002-codex-20260813T012841Z-68f0ed11/c81ed8197b8f1fa197a18cb5d1946c112f1fade04492d3e73fc9a539d4a08646.json,2,models/FUNWAVE/raw/source_code/FUNWAVE-TVD/benchmarks/car_conical_island/work_case_A/caseA.eps,models/FUNWAVE/raw/source_code/FUNWAVE-TVD/benchmarks/car_conical_island/work_case_A/caseA.eps | models/FUNWAVE/raw/source_code/FUNWAVE-TVD/benchmarks/sph_conical_island/work_case_A/caseA_cart.eps
models/FUNWAVE/raw/source_code/FUNWAVE-TVD/benchmarks/sph_conical_island/work_case_A/caseA_cart.pdf,5a4b3579bce25a7f324edeaf8d640302ad6496f781db01f5a59657b4db8d4b78,31064,application/pdf,.pdf,manual-or-paper-pdf,FUNWAVE-TVD,True,no explicit vendor marker found; retained in denominator,False,False,False,False,False,False,False,False,False,True,False,_staging/total-read/records/binauto-code_FUNWAVE.jsonl,2,models/FUNWAVE/raw/source_code/FUNWAVE-TVD/benchmarks/car_conical_island/work_case_A/caseA.pdf,models/FUNWAVE/raw/source_code/FUNWAVE-TVD/benchmarks/car_conical_island/work_case_A/caseA.pdf | models/FUNWAVE/raw/source_code/FUNWAVE-TVD/benchmarks/sph_conical_island/work_case_A/caseA_cart.pdf
models/FUNWAVE/raw/source_code/FUNWAVE-TVD/benchmarks/sph_conical_island/work_case_A/caseA_sph.eps,81d8ad6b4240ea7c3df5e567920109fba41d2a42fc9d4fdfb9004019bc54e53a,29098,application/postscript,.eps,image-or-media,FUNWAVE-TVD,True,no explicit vendor marker found; retained in denominator,False,True,False,False,False,False,True,False,False,False,True,_staging/total-read/pending/reread-20260728/reread20260728-doc-FUNWAVE-002-codex-20260813T012841Z-68f0ed11/37106de7c8635004f8b715066c3bbfe9d3e653ccc941dda57084c1cf11c6384e.json,1,models/FUNWAVE/raw/source_code/FUNWAVE-TVD/benchmarks/sph_conical_island/work_case_A/caseA_sph.eps,
models/FUNWAVE/raw/source_code/FUNWAVE-TVD/benchmarks/sph_conical_island/work_case_A/caseA_sph.pdf,3f123fef51fa3159132c6fa93106b19fb636a9c4441c7751ecb6d666d916f55b,31209,application/pdf,.pdf,manual-or-paper-pdf,FUNWAVE-TVD,True,no explicit vendor marker found; retained in denominator,False,False,False,False,False,False,False,False,False,True,False,_staging/total-read/records/binauto-code_FUNWAVE.jsonl,1,models/FUNWAVE/raw/source_code/FUNWAVE-TVD/benchmarks/sph_conical_island/work_case_A/caseA_sph.pdf,
models/FUNWAVE/raw/source_code/FUNWAVE-TVD/benchmarks/sph_conical_island/work_case_A/caseA_sph_v20.eps,1ab0f65b4fb99deeaf6474fbbe84ac762dc96d5266239159d9745a89a3e94641,29079,application/postscript,.eps,image-or-media,FUNWAVE-TVD,True,no explicit vendor marker found; retained in denominator,False,True,False,False,False,False,True,False,False,False,True,_staging/total-read/pending/reread-20260728/reread20260728-doc-FUNWAVE-002-codex-20260813T012841Z-68f0ed11/dc77b2cca102e3eeea1d96a6d37984bae9ef4b9b2b7904f88d6bfbc27e0d860a.json,1,models/FUNWAVE/raw/source_code/FUNWAVE-TVD/benchmarks/sph_conical_island/work_case_A/caseA_sph_v20.eps,
models/FUNWAVE/raw/source_code/FUNWAVE-TVD/benchmarks/sph_conical_island/work_case_A/caseA_sph_v20.pdf,a6773bae64916ed7dfdced565b6c858a19433165debb56a2df10d220136e0de9,31103,application/pdf,.pdf,manual-or-paper-pdf,FUNWAVE-TVD,True,no explicit vendor marker found; retained in denominator,False,False,False,False,False,False,False,False,False,True,False,_staging/total-read/records/binauto-code_FUNWAVE.jsonl,1,models/FUNWAVE/raw/source_code/FUNWAVE-TVD/benchmarks/sph_conical_island/work_case_A/caseA_sph_v20.pdf,
models/FUNWAVE/raw/source_code/FUNWAVE-TVD/benchmarks/sph_conical_island/work_case_A/gauges.txt,76200232263da61e7d5d4fe5dc0c729b16d2b35f2acacb6f1aaa27f7ef24befd,655,text/plain,.txt,documentation-or-build-text,FUNWAVE-TVD,True,no explicit vendor marker found; retained in denominator,False,True,False,False,False,False,True,False,False,False,True,_staging/total-read/pending/reread-20260728/reread20260728-doc-FUNWAVE-002-codex-20260813T012841Z-68f0ed11/ce6b6dcbe629737d8981ba104aaa8fc811988857bf26248fc8e4aa381ebb4a0b.json,2,models/FUNWAVE/raw/source_code/FUNWAVE-TVD/benchmarks/sph_conical_island/work_case_A/gauges.txt,models/FUNWAVE/raw/source_code/FUNWAVE-TVD/benchmarks/sph_conical_island/work_case_A/gauges.txt | models/FUNWAVE/raw/source_code/FUNWAVE-TVD/benchmarks/sph_conical_island/work_case_C/gauges.txt
models/FUNWAVE/raw/source_code/FUNWAVE-TVD/benchmarks/sph_conical_island/work_case_A/gauges_ij.txt,805b6a30b893576293cf8fb8d87e6bb5e1009f1c27a9861c29e8356f291cb654,136,text/plain,.txt,documentation-or-build-text,FUNWAVE-TVD,True,no explicit vendor marker found; retained in denominator,False,True,False,False,False,False,True,False,False,False,True,_staging/total-read/pending/reread-20260728/reread20260728-doc-FUNWAVE-002-codex-20260813T012841Z-68f0ed11/197b728d842e1e247ffaa177decad8f0b95a00708310d88dd9d05baed1cc5a7a.json,6,models/FUNWAVE/raw/source_code/FUNWAVE-TVD/benchmarks/car_conical_island/work_case_A/gauges.txt,models/FUNWAVE/raw/source_code/FUNWAVE-TVD/benchmarks/car_conical_island/work_case_A/gauges.txt | models/FUNWAVE/raw/source_code/FUNWAVE-TVD/benchmarks/car_conical_island/work_case_B/gauges.txt | models/FUNWAVE/raw/source_code/FUNWAVE-TVD/benchmarks/car_conical_island/work_case_C/gauges.txt | models/FUNWAVE/raw/source_code/FUNWAVE-TVD/benchmarks/sph_conical_island/work_case_A/gauges_ij.txt | models/FUNWAVE/raw/source_code/FUNWAVE-TVD/benchmarks/sph_conical_island/work_case_B/gauges_ij.txt | models/FUNWAVE/raw/source_code/FUNWAVE-TVD/benchmarks/sph_conical_island/work_case_C/gauges_ij.txt
models/FUNWAVE/raw/source_code/FUNWAVE-TVD/benchmarks/sph_conical_island/work_case_A/input.txt,2ed02ee173c44783ea718dfe0108e80aba47ca09cc39bc842fc454ccc6167578,6828,text/plain,.txt,documentation-or-build-text,FUNWAVE-TVD,True,no explicit vendor marker found; retained in denominator,False,True,False,False,False,False,True,False,False,False,True,_staging/total-read/pending/reread-20260728/reread20260728-doc-FUNWAVE-002-codex-20260813T012841Z-68f0ed11/297dfa0fc23c59ce4edfc68a8466fcadfd2154ef0cabfa8afb5001a88b97dfb2.json,1,models/FUNWAVE/raw/source_code/FUNWAVE-TVD/benchmarks/sph_conical_island/work_case_A/input.txt,
models/FUNWAVE/raw/source_code/FUNWAVE-TVD/benchmarks/sph_conical_island/work_case_A/plot_comparison.m,d75ba68340ed991b332322f25bc490731f20d36e5addfe2cf58dddb925ffa78c,1026,text/plain,.m,script-source,FUNWAVE-TVD,True,no explicit vendor marker found; retained in denominator,True,True,True,True,True,True,False,False,False,False,True,_staging/total-read/pending/reread-20260728/reread20260728-code-FUNWAVE-000-codexaudit-20260826T022956Z-b1ecf500/cb6155b161cc6d75b830499cf197ef20900f9c27bb9d715cb9a08bf80e919cb3.json | _staging/total-read/pending/reread-20260728/reread20260728-code-FUNWAVE-000-fable5-20260813T012841Z-2131dcc5/cb6155b161cc6d75b830499cf197ef20900f9c27bb9d715cb9a08bf80e919cb3.json | _staging/total-read/records-crosswalk/reread-20260728/FUNWAVE-000/FUNWAVE__raw__source_code__FUNWAVE-TVD__benchmarks__sph_conical_island__work_case_A__plot_comparison.m.crosswalk.json,1,models/FUNWAVE/raw/source_code/FUNWAVE-TVD/benchmarks/sph_conical_island/work_case_A/plot_comparison.m,
models/FUNWAVE/raw/source_code/FUNWAVE-TVD/benchmarks/sph_conical_island/work_case_B/B.txt,0089e064730049406e1e70d9be9bdd70a1453a50dfb79a84e9e8ecf15a320325,60567,text/plain,.txt,documentation-or-build-text,FUNWAVE-TVD,True,no explicit vendor marker found; retained in denominator,False,True,False,False,False,False,True,False,False,False,True,_staging/total-read/pending/reread-20260728/reread20260728-doc-FUNWAVE-002-codex-20260813T012841Z-68f0ed11/056c9f9c4a88427646d86df678ac93d48e0a8cde347466f80801c070cddb17bf.json,2,models/FUNWAVE/raw/source_code/FUNWAVE-TVD/benchmarks/car_conical_island/work_case_B/B.txt,models/FUNWAVE/raw/source_code/FUNWAVE-TVD/benchmarks/car_conical_island/work_case_B/B.txt | models/FUNWAVE/raw/source_code/FUNWAVE-TVD/benchmarks/sph_conical_island/work_case_B/B.txt
models/FUNWAVE/raw/source_code/FUNWAVE-TVD/benchmarks/sph_conical_island/work_case_B/caseB_cart.eps,5ddf5444304e028257d1eb8f7de2468a318cde61cd3f870c006961497fd05407,29649,application/postscript,.eps,image-or-media,FUNWAVE-TVD,True,no explicit vendor marker found; retained in denominator,False,True,False,False,False,False,True,False,False,False,True,_staging/total-read/pending/reread-20260728/reread20260728-doc-FUNWAVE-002-codex-20260813T012841Z-68f0ed11/1b7e0eba44217c3bde74be739a42333bbeb7e44dfe4dc5cb58b7c51f52cc83d3.json,2,models/FUNWAVE/raw/source_code/FUNWAVE-TVD/benchmarks/car_conical_island/work_case_B/caseB.eps,models/FUNWAVE/raw/source_code/FUNWAVE-TVD/benchmarks/car_conical_island/work_case_B/caseB.eps | models/FUNWAVE/raw/source_code/FUNWAVE-TVD/benchmarks/sph_conical_island/work_case_B/caseB_cart.eps
models/FUNWAVE/raw/source_code/FUNWAVE-TVD/benchmarks/sph_conical_island/work_case_B/caseB_cart.pdf,05b1a6bb3c0e3974beacd4c3ab6a5575f811428085239de227635f4f1e3da289,31065,application/pdf,.pdf,manual-or-paper-pdf,FUNWAVE-TVD,True,no explicit vendor marker found; retained in denominator,False,False,False,False,False,False,False,False,False,True,False,_staging/total-read/records/binauto-code_FUNWAVE.jsonl,2,models/FUNWAVE/raw/source_code/FUNWAVE-TVD/benchmarks/car_conical_island/work_case_B/caseB.pdf,models/FUNWAVE/raw/source_code/FUNWAVE-TVD/benchmarks/car_conical_island/work_case_B/caseB.pdf | models/FUNWAVE/raw/source_code/FUNWAVE-TVD/benchmarks/sph_conical_island/work_case_B/caseB_cart.pdf
models/FUNWAVE/raw/source_code/FUNWAVE-TVD/benchmarks/sph_conical_island/work_case_B/caseB_sph.eps,3f7f9607e55cfad0081f79b7504457682817d0d431d0630e2e2ad095c34d5dc2,29662,application/postscript,.eps,image-or-media,FUNWAVE-TVD,True,no explicit vendor marker found; retained in denominator,False,True,False,False,False,False,True,False,False,False,True,_staging/total-read/pending/reread-20260728/reread20260728-doc-FUNWAVE-002-codex-20260813T012841Z-68f0ed11/afc992c4bc58f4ff3cdeb432474d9e37acb4b10725db99c478e082c7daebb391.json,1,models/FUNWAVE/raw/source_code/FUNWAVE-TVD/benchmarks/sph_conical_island/work_case_B/caseB_sph.eps,
models/FUNWAVE/raw/source_code/FUNWAVE-TVD/benchmarks/sph_conical_island/work_case_B/caseB_sph.pdf,0aa8b97c4f78bc8ef361d22f6d871e2260ae4368e34e0b3dc045b0582a690682,31078,application/pdf,.pdf,manual-or-paper-pdf,FUNWAVE-TVD,True,no explicit vendor marker found; retained in denominator,False,False,False,False,False,False,False,False,False,True,False,_staging/total-read/records/binauto-code_FUNWAVE.jsonl,1,models/FUNWAVE/raw/source_code/FUNWAVE-TVD/benchmarks/sph_conical_island/work_case_B/caseB_sph.pdf,
models/FUNWAVE/raw/source_code/FUNWAVE-TVD/benchmarks/sph_conical_island/work_case_B/caseB_sph_v20.eps,e9da6afa6f89740b69c0675faaeb103c92fabe8b3540375dee478c63b815023b,29665,application/postscript,.eps,image-or-media,FUNWAVE-TVD,True,no explicit vendor marker found; retained in denominator,False,True,False,False,False,False,True,False,False,False,True,_staging/total-read/pending/reread-20260728/reread20260728-doc-FUNWAVE-002-codex-20260813T012841Z-68f0ed11/b888eda476141d15b9b1c2ea31c21b89cb53d9b7b09ebcb5244ce0ae1270e428.json,1,models/FUNWAVE/raw/source_code/FUNWAVE-TVD/benchmarks/sph_conical_island/work_case_B/caseB_sph_v20.eps,
models/FUNWAVE/raw/source_code/FUNWAVE-TVD/benchmarks/sph_conical_island/work_case_B/caseB_sph_v20.pdf,308f97d3556c0ea66448494e23fe006e7834210fdfcd7218918c2ca578a7a06b,31184,application/pdf,.pdf,manual-or-paper-pdf,FUNWAVE-TVD,True,no explicit vendor marker found; retained in denominator,False,False,False,False,False,False,False,False,False,True,False,_staging/total-read/records/binauto-code_FUNWAVE.jsonl,1,models/FUNWAVE/raw/source_code/FUNWAVE-TVD/benchmarks/sph_conical_island/work_case_B/caseB_sph_v20.pdf,
models/FUNWAVE/raw/source_code/FUNWAVE-TVD/benchmarks/sph_conical_island/work_case_B/gauges.txt,2f7a685a63baabc18867b40098aff94af78a7fbae19fb719ec7ec10a3a052e73,656,text/plain,.txt,documentation-or-build-text,FUNWAVE-TVD,True,no explicit vendor marker found; retained in denominator,False,True,False,False,False,False,True,False,False,False,True,_staging/total-read/pending/reread-20260728/reread20260728-doc-FUNWAVE-002-codex-20260813T012841Z-68f0ed11/66abc1a002cdd81d3acedb67ecc7d29f010e57be778aff92caf6e6d28889b1e4.json,1,models/FUNWAVE/raw/source_code/FUNWAVE-TVD/benchmarks/sph_conical_island/work_case_B/gauges.txt,
models/FUNWAVE/raw/source_code/FUNWAVE-TVD/benchmarks/sph_conical_island/work_case_B/gauges_ij.txt,805b6a30b893576293cf8fb8d87e6bb5e1009f1c27a9861c29e8356f291cb654,136,text/plain,.txt,documentation-or-build-text,FUNWAVE-TVD,True,no explicit vendor marker found; retained in denominator,False,True,False,False,False,False,True,False,False,False,True,_staging/total-read/pending/reread-20260728/reread20260728-doc-FUNWAVE-002-codex-20260813T012841Z-68f0ed11/e3dd2046b5c9389fa62f59e1c7dbeeccfa703c7ecb601ee0e76d1afebbdc17f1.json,6,models/FUNWAVE/raw/source_code/FUNWAVE-TVD/benchmarks/car_conical_island/work_case_A/gauges.txt,models/FUNWAVE/raw/source_code/FUNWAVE-TVD/benchmarks/car_conical_island/work_case_A/gauges.txt | models/FUNWAVE/raw/source_code/FUNWAVE-TVD/benchmarks/car_conical_island/work_case_B/gauges.txt | models/FUNWAVE/raw/source_code/FUNWAVE-TVD/benchmarks/car_conical_island/work_case_C/gauges.txt | models/FUNWAVE/raw/source_code/FUNWAVE-TVD/benchmarks/sph_conical_island/work_case_A/gauges_ij.txt | models/FUNWAVE/raw/source_code/FUNWAVE-TVD/benchmarks/sph_conical_island/work_case_B/gauges_ij.txt | models/FUNWAVE/raw/source_code/FUNWAVE-TVD/benchmarks/sph_conical_island/work_case_C/gauges_ij.txt
models/FUNWAVE/raw/source_code/FUNWAVE-TVD/benchmarks/sph_conical_island/work_case_B/input.txt,cb82ed7a0a2c9be97bec68f5c438d09e4ae4c2f10383ca560a0f74972320a14a,6885,text/plain,.txt,documentation-or-build-text,FUNWAVE-TVD,True,no explicit vendor marker found; retained in denominator,False,True,False,False,False,False,True,False,False,False,True,_staging/total-read/pending/reread-20260728/reread20260728-doc-FUNWAVE-002-codex-20260813T012841Z-68f0ed11/96f0ead329d737c03f918dd223e9e21dd9a8964216862b5aca44b68af0b0a4ba.json,1,models/FUNWAVE/raw/source_code/FUNWAVE-TVD/benchmarks/sph_conical_island/work_case_B/input.txt,
models/FUNWAVE/raw/source_code/FUNWAVE-TVD/benchmarks/sph_conical_island/work_case_B/input_cart.txt,407a32205db32444a0ee1cf8e278a6a4ba4ffd263e03a588bfa5a2425ed3a5f5,6719,text/plain,.txt,documentation-or-build-text,FUNWAVE-TVD,True,no explicit vendor marker found; retained in denominator,False,True,False,False,False,False,True,False,False,False,True,_staging/total-read/pending/reread-20260728/reread20260728-doc-FUNWAVE-002-codex-20260813T012841Z-68f0ed11/1c95545378f38b7e6bfe371ba2b4651f0dd487b6ad03814ad47349992678c3a9.json,1,models/FUNWAVE/raw/source_code/FUNWAVE-TVD/benchmarks/sph_conical_island/work_case_B/input_cart.txt,
models/FUNWAVE/raw/source_code/FUNWAVE-TVD/benchmarks/sph_conical_island/work_case_B/plot_comparison.m,89f2b1a44748f2dd330f090853f8269afec5dc22db6402eec6cb9193b77d2753,1027,text/plain,.m,script-source,FUNWAVE-TVD,True,no explicit vendor marker found; retained in denominator,True,True,True,True,True,True,False,False,False,False,True,_staging/total-read/pending/reread-20260728/reread20260728-code-FUNWAVE-000-codexaudit-20260826T022956Z-b1ecf500/101937de6910683061866035b98a5422e13e722a2c583dfce9517c021ea2d047.json | _staging/total-read/pending/reread-20260728/reread20260728-code-FUNWAVE-000-fable5-20260813T012841Z-2131dcc5/101937de6910683061866035b98a5422e13e722a2c583dfce9517c021ea2d047.json | _staging/total-read/records-crosswalk/reread-20260728/FUNWAVE-000/FUNWAVE__raw__source_code__FUNWAVE-TVD__benchmarks__sph_conical_island__work_case_B__plot_comparison.m.crosswalk.json,1,models/FUNWAVE/raw/source_code/FUNWAVE-TVD/benchmarks/sph_conical_island/work_case_B/plot_comparison.m,
models/FUNWAVE/raw/source_code/FUNWAVE-TVD/benchmarks/sph_conical_island/work_case_C/C.txt,3507f771e37f7608c496475a37330ac927a91abb804629275d367013f609d7c7,60398,text/plain,.txt,documentation-or-build-text,FUNWAVE-TVD,True,no explicit vendor marker found; retained in denominator,False,True,False,False,False,False,True,False,False,False,True,_staging/total-read/pending/reread-20260728/reread20260728-doc-FUNWAVE-002-codex-20260813T012841Z-68f0ed11/1502fdb310927be671fad13d587d800d90955e6ab433b862521d099420679bb6.json,2,models/FUNWAVE/raw/source_code/FUNWAVE-TVD/benchmarks/car_conical_island/work_case_C/C.txt,models/FUNWAVE/raw/source_code/FUNWAVE-TVD/benchmarks/car_conical_island/work_case_C/C.txt | models/FUNWAVE/raw/source_code/FUNWAVE-TVD/benchmarks/sph_conical_island/work_case_C/C.txt
models/FUNWAVE/raw/source_code/FUNWAVE-TVD/benchmarks/sph_conical_island/work_case_C/caseC_cart.eps,2f9c67231d929da8c6854782b64ae3ccf665a23215e029cb281d9286a91c783b,29158,application/postscript,.eps,image-or-media,FUNWAVE-TVD,True,no explicit vendor marker found; retained in denominator,False,True,False,False,False,False,True,False,False,False,True,_staging/total-read/pending/reread-20260728/reread20260728-doc-FUNWAVE-002-codex-20260813T012841Z-68f0ed11/d05a399a081e3a801d45b6c661296d5a0755edf56f5b353a418d680db1d72839.json,2,models/FUNWAVE/raw/source_code/FUNWAVE-TVD/benchmarks/car_conical_island/work_case_C/caseC.eps,models/FUNWAVE/raw/source_code/FUNWAVE-TVD/benchmarks/car_conical_island/work_case_C/caseC.eps | models/FUNWAVE/raw/source_code/FUNWAVE-TVD/benchmarks/sph_conical_island/work_case_C/caseC_cart.eps
models/FUNWAVE/raw/source_code/FUNWAVE-TVD/benchmarks/sph_conical_island/work_case_C/caseC_cart.pdf,83f9507b2a15f2c59ef86dab60cf2708812499812c2967557c76829078dc9bf4,30977,application/pdf,.pdf,manual-or-paper-pdf,FUNWAVE-TVD,True,no explicit vendor marker found; retained in denominator,False,False,False,False,False,False,False,False,False,True,False,_staging/total-read/records/binauto-code_FUNWAVE.jsonl,2,models/FUNWAVE/raw/source_code/FUNWAVE-TVD/benchmarks/car_conical_island/work_case_C/caseC.pdf,models/FUNWAVE/raw/source_code/FUNWAVE-TVD/benchmarks/car_conical_island/work_case_C/caseC.pdf | models/FUNWAVE/raw/source_code/FUNWAVE-TVD/benchmarks/sph_conical_island/work_case_C/caseC_cart.pdf
models/FUNWAVE/raw/source_code/FUNWAVE-TVD/benchmarks/sph_conical_island/work_case_C/caseC_sph.eps,2999eff2cd9304908b99da331970bb1aed802e3b24cef802e8a782d30351bed9,29158,application/postscript,.eps,image-or-media,FUNWAVE-TVD,True,no explicit vendor marker found; retained in denominator,False,True,False,False,False,False,True,False,False,False,True,_staging/total-read/pending/reread-20260728/reread20260728-doc-FUNWAVE-002-codex-20260813T012841Z-68f0ed11/85f853cf803760c74cf1d83d11cdb3a76cf6e059cbbaff3c98b60bb2749cfe40.json,1,models/FUNWAVE/raw/source_code/FUNWAVE-TVD/benchmarks/sph_conical_island/work_case_C/caseC_sph.eps,
models/FUNWAVE/raw/source_code/FUNWAVE-TVD/benchmarks/sph_conical_island/work_case_C/caseC_sph.pdf,cce520de2607a2a5c6218cef596513e12ea52002c0c8b8fdaacc80a50cc51ef5,30813,application/pdf,.pdf,manual-or-paper-pdf,FUNWAVE-TVD,True,no explicit vendor marker found; retained in denominator,False,False,False,False,False,False,False,False,False,True,False,_staging/total-read/records/binauto-code_FUNWAVE.jsonl,1,models/FUNWAVE/raw/source_code/FUNWAVE-TVD/benchmarks/sph_conical_island/work_case_C/caseC_sph.pdf,
models/FUNWAVE/raw/source_code/FUNWAVE-TVD/benchmarks/sph_conical_island/work_case_C/caseC_sph_v20.eps,a0c6513ac2263bb744d5e5af8591cacfe7b0cb1c45e0310819046a0ebe96bb3f,29165,application/postscript,.eps,image-or-media,FUNWAVE-TVD,True,no explicit vendor marker found; retained in denominator,False,True,False,False,False,False,True,False,False,False,True,_staging/total-read/pending/reread-20260728/reread20260728-doc-FUNWAVE-002-codex-20260813T012841Z-68f0ed11/10c1998ca316a2b18237baf5b32f4dfac32f1d5b95762f64cf81fd63e2f45e29.json,1,models/FUNWAVE/raw/source_code/FUNWAVE-TVD/benchmarks/sph_conical_island/work_case_C/caseC_sph_v20.eps,
models/FUNWAVE/raw/source_code/FUNWAVE-TVD/benchmarks/sph_conical_island/work_case_C/caseC_sph_v20.pdf,d1cc31cb6c513eef20fad7d372eb6b0ad69eef5c080c41d1d9326d8ff468a3d4,30806,application/pdf,.pdf,manual-or-paper-pdf,FUNWAVE-TVD,True,no explicit vendor marker found; retained in denominator,False,False,False,False,False,False,False,False,False,True,False,_staging/total-read/records/binauto-code_FUNWAVE.jsonl,1,models/FUNWAVE/raw/source_code/FUNWAVE-TVD/benchmarks/sph_conical_island/work_case_C/caseC_sph_v20.pdf,
models/FUNWAVE/raw/source_code/FUNWAVE-TVD/benchmarks/sph_conical_island/work_case_C/gauges.txt,76200232263da61e7d5d4fe5dc0c729b16d2b35f2acacb6f1aaa27f7ef24befd,655,text/plain,.txt,documentation-or-build-text,FUNWAVE-TVD,True,no explicit vendor marker found; retained in denominator,False,True,False,False,False,False,True,False,False,False,True,_staging/total-read/pending/reread-20260728/reread20260728-doc-FUNWAVE-002-codex-20260813T012841Z-68f0ed11/6ffdbcb373d89b242a5bbd8f1bb2a33b4e1ece688af8b62725f685bb15cf1f1b.json,2,models/FUNWAVE/raw/source_code/FUNWAVE-TVD/benchmarks/sph_conical_island/work_case_A/gauges.txt,models/FUNWAVE/raw/source_code/FUNWAVE-TVD/benchmarks/sph_conical_island/work_case_A/gauges.txt | models/FUNWAVE/raw/source_code/FUNWAVE-TVD/benchmarks/sph_conical_island/work_case_C/gauges.txt
models/FUNWAVE/raw/source_code/FUNWAVE-TVD/benchmarks/sph_conical_island/work_case_C/gauges_ij.txt,805b6a30b893576293cf8fb8d87e6bb5e1009f1c27a9861c29e8356f291cb654,136,text/plain,.txt,documentation-or-build-text,FUNWAVE-TVD,True,no explicit vendor marker found; retained in denominator,False,True,False,False,False,False,True,False,False,False,True,_staging/total-read/pending/reread-20260728/reread20260728-doc-FUNWAVE-002-codex-20260813T012841Z-68f0ed11/ec496e6b0ec9b1d28c7800cd3af8c499c6dcfe63205f1fc78c06699b59574cd5.json,6,models/FUNWAVE/raw/source_code/FUNWAVE-TVD/benchmarks/car_conical_island/work_case_A/gauges.txt,models/FUNWAVE/raw/source_code/FUNWAVE-TVD/benchmarks/car_conical_island/work_case_A/gauges.txt | models/FUNWAVE/raw/source_code/FUNWAVE-TVD/benchmarks/car_conical_island/work_case_B/gauges.txt | models/FUNWAVE/raw/source_code/FUNWAVE-TVD/benchmarks/car_conical_island/work_case_C/gauges.txt | models/FUNWAVE/raw/source_code/FUNWAVE-TVD/benchmarks/sph_conical_island/work_case_A/gauges_ij.txt | models/FUNWAVE/raw/source_code/FUNWAVE-TVD/benchmarks/sph_conical_island/work_case_B/gauges_ij.txt | models/FUNWAVE/raw/source_code/FUNWAVE-TVD/benchmarks/sph_conical_island/work_case_C/gauges_ij.txt
models/FUNWAVE/raw/source_code/FUNWAVE-TVD/benchmarks/sph_conical_island/work_case_C/input.txt,65f4999580246365d2f37deb7cad0dbc93fdea1d303a5203063d909ad0aa6706,6829,text/plain,.txt,documentation-or-build-text,FUNWAVE-TVD,True,no explicit vendor marker found; retained in denominator,False,True,False,False,False,False,True,False,False,False,True,_staging/total-read/pending/reread-20260728/reread20260728-doc-FUNWAVE-002-codex-20260813T012841Z-68f0ed11/8c47f92c59db21252cbba66a427cb1bc17311c6678fdce73185db30f03c0999f.json,1,models/FUNWAVE/raw/source_code/FUNWAVE-TVD/benchmarks/sph_conical_island/work_case_C/input.txt,
models/FUNWAVE/raw/source_code/FUNWAVE-TVD/benchmarks/sph_conical_island/work_case_C/input_cart.txt,4ccf887f4196f0349d37574f03837233f788deba1cef908172c4955f0323cf71,6719,text/plain,.txt,documentation-or-build-text,FUNWAVE-TVD,True,no explicit vendor marker found; retained in denominator,False,True,False,False,False,False,True,False,False,False,True,_staging/total-read/pending/reread-20260728/reread20260728-doc-FUNWAVE-002-codex-20260813T012841Z-68f0ed11/76c635376bd291186afda88d70760f3c9791b16d18579ccebc9914983e3e8432.json,1,models/FUNWAVE/raw/source_code/FUNWAVE-TVD/benchmarks/sph_conical_island/work_case_C/input_cart.txt,
models/FUNWAVE/raw/source_code/FUNWAVE-TVD/benchmarks/sph_conical_island/work_case_C/plot_comparison.m,850de2db36f7816eee9700686713041dd99d7dbf1bddcf18d03ddbe2a2a07a2a,1026,text/plain,.m,script-source,FUNWAVE-TVD,True,no explicit vendor marker found; retained in denominator,True,True,True,True,True,True,False,False,False,False,True,_staging/total-read/pending/reread-20260728/reread20260728-code-FUNWAVE-000-codexaudit-20260826T022956Z-b1ecf500/16a6ada7acfa96388d61ba7fefecacb83043605996a2ab2f8f1ad9bb6cb132c6.json | _staging/total-read/pending/reread-20260728/reread20260728-code-FUNWAVE-000-fable5-20260813T012841Z-2131dcc5/16a6ada7acfa96388d61ba7fefecacb83043605996a2ab2f8f1ad9bb6cb132c6.json | _staging/total-read/records-crosswalk/reread-20260728/FUNWAVE-000/FUNWAVE__raw__source_code__FUNWAVE-TVD__benchmarks__sph_conical_island__work_case_C__plot_comparison.m.crosswalk.json,1,models/FUNWAVE/raw/source_code/FUNWAVE-TVD/benchmarks/sph_conical_island/work_case_C/plot_comparison.m,
models/FUNWAVE/raw/source_code/FUNWAVE-TVD/benchmarks/sph_monai_valley/fft/MonaiValleyWave.txt,933677f44782c745466e4de4776d1ff9a2ccfb5658251d4b313d5dfbcd25b63c,11542,text/plain,.txt,documentation-or-build-text,FUNWAVE-TVD,True,no explicit vendor marker found; retained in denominator,False,True,False,False,False,False,True,False,False,False,True,_staging/total-read/pending/reread-20260728/reread20260728-doc-FUNWAVE-002-codex-20260813T012841Z-68f0ed11/830734574d62bb2dfb079a741787e8ef3aaa8d25d55865d7d664b417c4ce9243.json,1,models/FUNWAVE/raw/source_code/FUNWAVE-TVD/benchmarks/sph_monai_valley/fft/MonaiValleyWave.txt,
models/FUNWAVE/raw/source_code/FUNWAVE-TVD/benchmarks/sph_monai_valley/fft/boundary.eps,3a7b82d0788b866e91fe64455695e60acaa591abb462e585742056243bbad757,28594,application/postscript,.eps,image-or-media,FUNWAVE-TVD,True,no explicit vendor marker found; retained in denominator,False,True,False,False,False,False,True,False,False,False,True,_staging/total-read/pending/reread-20260728/reread20260728-doc-FUNWAVE-002-codex-20260813T012841Z-68f0ed11/373a614d43eee71e315241441503fc67662f92df7aa52210db3843a4199503b1.json,1,models/FUNWAVE/raw/source_code/FUNWAVE-TVD/benchmarks/sph_monai_valley/fft/boundary.eps,
models/FUNWAVE/raw/source_code/FUNWAVE-TVD/benchmarks/sph_monai_valley/fft/boundary.pdf,9d4f90116fa572029b5700711c6a43b078dd4e222c1e3a927b3fd361db094cb0,55726,application/pdf,.pdf,manual-or-paper-pdf,FUNWAVE-TVD,True,no explicit vendor marker found; retained in denominator,False,False,False,False,False,False,False,False,False,True,False,_staging/total-read/records/binauto-code_FUNWAVE.jsonl,1,models/FUNWAVE/raw/source_code/FUNWAVE-TVD/benchmarks/sph_monai_valley/fft/boundary.pdf,
models/FUNWAVE/raw/source_code/FUNWAVE-TVD/benchmarks/sph_monai_valley/fft/fft4wavemaker.m,2286f040918e5813e5eaf3f81e4b5d09956cae4d94feab9c10691cc9b7de263a,1702,text/plain,.m,script-source,FUNWAVE-TVD,True,no explicit vendor marker found; retained in denominator,True,True,True,True,True,True,False,False,False,False,True,_staging/total-read/pending/reread-20260728/reread20260728-code-FUNWAVE-000-codexaudit-20260826T022956Z-b1ecf500/a439fd296d448e5f75d0e45be774f99ca66bc6692459c22d575e78588fc404fb.json | _staging/total-read/pending/reread-20260728/reread20260728-code-FUNWAVE-000-fable5-20260813T012841Z-2131dcc5/a439fd296d448e5f75d0e45be774f99ca66bc6692459c22d575e78588fc404fb.json | _staging/total-read/records-crosswalk/reread-20260728/FUNWAVE-000/FUNWAVE__raw__source_code__FUNWAVE-TVD__benchmarks__sph_monai_valley__fft__fft4wavemaker.m.crosswalk.json,1,models/FUNWAVE/raw/source_code/FUNWAVE-TVD/benchmarks/sph_monai_valley/fft/fft4wavemaker.m,
models/FUNWAVE/raw/source_code/FUNWAVE-TVD/benchmarks/sph_monai_valley/fft/initial.txt,8083bae2801450a4548943881a6dad2f4e32fee335a61f7d0aa72b7043dfc802,800,text/plain,.txt,documentation-or-build-text,FUNWAVE-TVD,True,no explicit vendor marker found; retained in denominator,False,True,False,False,False,False,True,False,False,False,True,_staging/total-read/pending/reread-20260728/reread20260728-doc-FUNWAVE-002-codex-20260813T012841Z-68f0ed11/58f90c24c669a29c5203e1baf61baa525f6a587c4a27d179a5e2e7e88f22f125.json,1,models/FUNWAVE/raw/source_code/FUNWAVE-TVD/benchmarks/sph_monai_valley/fft/initial.txt,
models/FUNWAVE/raw/source_code/FUNWAVE-TVD/benchmarks/sph_monai_valley/fft/time_ser_input.txt,dfe38cdc5459fc02aaa7d6f758b5d1fb23a1657480fac572c57bc9262aa9f7e1,17408,text/plain,.txt,documentation-or-build-text,FUNWAVE-TVD,True,no explicit vendor marker found; retained in denominator,False,True,False,False,False,False,True,False,False,False,True,_staging/total-read/pending/reread-20260728/reread20260728-doc-FUNWAVE-002-codex-20260813T012841Z-68f0ed11/2684a7010e588be889e29e19a5f4c62f97deb101c0fb615d0c7b1352076d1876.json,1,models/FUNWAVE/raw/source_code/FUNWAVE-TVD/benchmarks/sph_monai_valley/fft/time_ser_input.txt,
models/FUNWAVE/raw/source_code/FUNWAVE-TVD/benchmarks/sph_monai_valley/fft/wavemk_per_amp_pha.txt,7edbdd8177a51fd510914597d38e1b1f54a40aa9a8b89cec26488797dab92784,663,text/plain,.txt,documentation-or-build-text,FUNWAVE-TVD,True,no explicit vendor marker found; retained in denominator,False,True,False,False,False,False,True,False,False,False,True,_staging/total-read/pending/reread-20260728/reread20260728-doc-FUNWAVE-002-codex-20260813T012841Z-68f0ed11/9d2bdacec94be25cb4203a794b1b2f9e6927d6ff5d9ef066b31d7a95659e1e54.json,1,models/FUNWAVE/raw/source_code/FUNWAVE-TVD/benchmarks/sph_monai_valley/fft/wavemk_per_amp_pha.txt,
models/FUNWAVE/raw/source_code/FUNWAVE-TVD/benchmarks/sph_monai_valley/postprocessing/A.mat,667889e4606129eee66ada1a7570a1ec7481e7d715411363d4ce3bf34ca9fc92,420761,application/x-matlab-data,.mat,case-data-or-output,FUNWAVE-TVD,True,no explicit vendor marker found; retained in denominator,False,False,False,False,False,False,False,False,False,True,False,_staging/total-read/records/binauto-code_FUNWAVE.jsonl,1,models/FUNWAVE/raw/source_code/FUNWAVE-TVD/benchmarks/sph_monai_valley/postprocessing/A.mat,
models/FUNWAVE/raw/source_code/FUNWAVE-TVD/benchmarks/sph_monai_valley/postprocessing/BM7_loader.m,42d0a0ea88fb06a76bd285ede7f29f3ed161a645d00e4ca81582e532903087f0,1816,text/plain,.m,script-source,FUNWAVE-TVD,True,no explicit vendor marker found; retained in denominator,True,True,True,True,True,True,False,False,False,False,True,_staging/total-read/pending/reread-20260728/reread20260728-code-FUNWAVE-000-codexaudit-20260826T022956Z-b1ecf500/3470d1a54aa4d7cb5133ee9bd0ba5ffb066cce321b7550afa383b636cbf60dcd.json | _staging/total-read/pending/reread-20260728/reread20260728-code-FUNWAVE-000-fable5-20260813T012841Z-2131dcc5/3470d1a54aa4d7cb5133ee9bd0ba5ffb066cce321b7550afa383b636cbf60dcd.json | _staging/total-read/records-crosswalk/reread-20260728/FUNWAVE-000/FUNWAVE__raw__source_code__FUNWAVE-TVD__benchmarks__sph_monai_valley__postprocessing__BM7_loader.m.crosswalk.json,1,models/FUNWAVE/raw/source_code/FUNWAVE-TVD/benchmarks/sph_monai_valley/postprocessing/BM7_loader.m,
models/FUNWAVE/raw/source_code/FUNWAVE-TVD/benchmarks/sph_monai_valley/postprocessing/monai_comp.pdf,a4e4f5e7465918e5587e1c20a7916d3b6696777f822fc1a79dd013756ac0514d,29233,application/pdf,.pdf,manual-or-paper-pdf,FUNWAVE-TVD,True,no explicit vendor marker found; retained in denominator,False,False,False,False,False,False,False,False,False,True,False,_staging/total-read/records/binauto-code_FUNWAVE.jsonl,1,models/FUNWAVE/raw/source_code/FUNWAVE-TVD/benchmarks/sph_monai_valley/postprocessing/monai_comp.pdf,
models/FUNWAVE/raw/source_code/FUNWAVE-TVD/benchmarks/sph_monai_valley/postprocessing/monai_comp_v20.eps,96749d302bdce63739fc9fcb6c7f7efdec42b4b91517c6ad32186e91e5a432e9,24299,application/postscript,.eps,image-or-media,FUNWAVE-TVD,True,no explicit vendor marker found; retained in denominator,False,True,False,False,False,False,True,False,False,False,True,_staging/total-read/pending/reread-20260728/reread20260728-doc-FUNWAVE-002-codex-20260813T012841Z-68f0ed11/d60b50046800771c2823c8e14a0161e09bf9fb3f072f9d8c5eb22992008a0ce5.json,1,models/FUNWAVE/raw/source_code/FUNWAVE-TVD/benchmarks/sph_monai_valley/postprocessing/monai_comp_v20.eps,
models/FUNWAVE/raw/source_code/FUNWAVE-TVD/benchmarks/sph_monai_valley/postprocessing/monai_comp_v20.pdf,32f5352c76ef392cbb67e0bef1f7ef21cc31aae949a60f147d2fe7af270e5ab5,29206,application/pdf,.pdf,manual-or-paper-pdf,FUNWAVE-TVD,True,no explicit vendor marker found; retained in denominator,False,False,False,False,False,False,False,False,False,True,False,_staging/total-read/records/binauto-code_FUNWAVE.jsonl,1,models/FUNWAVE/raw/source_code/FUNWAVE-TVD/benchmarks/sph_monai_valley/postprocessing/monai_comp_v20.pdf,
models/FUNWAVE/raw/source_code/FUNWAVE-TVD/benchmarks/sph_monai_valley/postprocessing/plot_eta.m,49c94b5bba148e92ceed4a91cf1913129965f4b423cd5765fb95f1ad16cc8b98,484,text/plain,.m,script-source,FUNWAVE-TVD,True,no explicit vendor marker found; retained in denominator,True,True,True,True,True,True,False,False,False,False,True,_staging/total-read/pending/reread-20260728/reread20260728-code-FUNWAVE-000-codexaudit-20260826T022956Z-b1ecf500/95bb5f794ee8986003aa16f7f92e20620f7c702d4fa726e1f1b705cc78a0d152.json | _staging/total-read/pending/reread-20260728/reread20260728-code-FUNWAVE-000-fable5-20260813T012841Z-2131dcc5/95bb5f794ee8986003aa16f7f92e20620f7c702d4fa726e1f1b705cc78a0d152.json | _staging/total-read/records-crosswalk/reread-20260728/FUNWAVE-000/FUNWAVE__raw__source_code__FUNWAVE-TVD__benchmarks__sph_monai_valley__postprocessing__plot_eta.m.crosswalk.json,1,models/FUNWAVE/raw/source_code/FUNWAVE-TVD/benchmarks/sph_monai_valley/postprocessing/plot_eta.m,
models/FUNWAVE/raw/source_code/FUNWAVE-TVD/benchmarks/sph_monai_valley/work/blowup_depth,924b6d49d41b99dd4322f4f379f472659f78e156eeea15aa500aa8395b34a8f4,9456,application/x-mach-binary,[none],other-binary-or-data,FUNWAVE-TVD,True,no explicit vendor marker found; retained in denominator,False,False,False,False,False,False,False,False,False,True,False,_staging/total-read/records/binauto-code_FUNWAVE.jsonl,1,models/FUNWAVE/raw/source_code/FUNWAVE-TVD/benchmarks/sph_monai_valley/work/blowup_depth,
models/FUNWAVE/raw/source_code/FUNWAVE-TVD/benchmarks/sph_monai_valley/work/blowup_depth.f,1d37509b58c73e897219cc7a30efb25d20cf84ef44701ec470edcc49bb906714,502,text/plain,.f,solver-or-case-source,FUNWAVE-TVD,True,no explicit vendor marker found; retained in denominator,True,True,True,True,True,True,False,False,False,False,True,_staging/total-read/pending/reread-20260728/reread20260728-code-FUNWAVE-000-codexaudit-20260826T022956Z-b1ecf500/20d952b019253dc59a89feeffca6c1bb180c83ba9f63373ad075423f8564e893.json | _staging/total-read/pending/reread-20260728/reread20260728-code-FUNWAVE-000-fable5-20260813T012841Z-2131dcc5/20d952b019253dc59a89feeffca6c1bb180c83ba9f63373ad075423f8564e893.json | _staging/total-read/records-crosswalk/reread-20260728/FUNWAVE-000/FUNWAVE__raw__source_code__FUNWAVE-TVD__benchmarks__sph_monai_valley__work__blowup_depth.f.crosswalk.json,1,models/FUNWAVE/raw/source_code/FUNWAVE-TVD/benchmarks/sph_monai_valley/work/blowup_depth.f,
models/FUNWAVE/raw/source_code/FUNWAVE-TVD/benchmarks/sph_monai_valley/work/depth_blowup.dat,e3b0c44298fc1c149afbf4c8996fb92427ae41e4649b934ca495991b7852b855,0,inode/x-empty,.dat,case-data-or-output,FUNWAVE-TVD,True,no explicit vendor marker found; retained in denominator,False,False,False,False,False,False,False,False,False,False,False,,11,models/FUNWAVE/raw/source_code/FUNWAVE-TVD/benchmarks/car_Nwave_statis/station.txt,models/FUNWAVE/raw/source_code/FUNWAVE-TVD/benchmarks/car_Nwave_statis/station.txt | models/FUNWAVE/raw/source_code/FUNWAVE-TVD/benchmarks/sph_monai_valley/work/depth_blowup.dat | models/FUNWAVE/raw/source_code/FUNWAVE-TVD/benchmarks/sph_sol_plane_mea/breaking/station.txt | models/FUNWAVE/raw/source_code/FUNWAVE-TVD/benchmarks/sph_sol_plane_mea/nonbreaking/station.txt | models/FUNWAVE/raw/source_code/FUNWAVE-TVD/simple_cases/levee_1d/LOG.txt | models/FUNWAVE/raw/source_code/FUNWAVE-TVD/simple_cases/levee_1d/time_dt.out | models/FUNWAVE/raw/source_code/FUNWAVE-TVD/simple_cases/sediment_rip/work/time_dt.out | models/FUNWAVE/raw/source_code/FUNWAVE-TVD/simple_cases/tide_time_spectra/fort.1 | models/FUNWAVE/raw/source_code/FUNWAVE-TVD/simple_cases/tide_time_spectra/fort.500 | models/FUNWAVE/raw/source_code/FUNWAVE-TVD/simple_cases/tohoku_tsunami/work/time_dt.out | models/FUNWAVE/raw/source_code/FUNWAVE-TVD/simple_cases/vertical_velocity_structure/time_dt.out
models/FUNWAVE/raw/source_code/FUNWAVE-TVD/benchmarks/sph_monai_valley/work/depth_blowup.txt,4a9ea24350b2cdc53d4afdeec741c4f412e3d9e87a7261d8ae225f8b13546f97,2612020,application/SIMH-tape-data,.txt,documentation-or-build-text,FUNWAVE-TVD,True,no explicit vendor marker found; retained in denominator,False,True,False,False,False,False,False,False,False,True,False,_staging/total-read/records/numgrid-FUNWAVE-20260728.jsonl,1,models/FUNWAVE/raw/source_code/FUNWAVE-TVD/benchmarks/sph_monai_valley/work/depth_blowup.txt,
models/FUNWAVE/raw/source_code/FUNWAVE-TVD/benchmarks/sph_monai_valley/work/depth_coarse.dat,eb6facd7e9e8a096476d05c37554e7eb77f45c790aed02f11134b51c322546d6,2612752,text/plain,.dat,case-data-or-output,FUNWAVE-TVD,True,no explicit vendor marker found; retained in denominator,False,True,False,False,False,False,False,False,False,True,False,_staging/total-read/records/numgrid-FUNWAVE-20260728.jsonl,1,models/FUNWAVE/raw/source_code/FUNWAVE-TVD/benchmarks/sph_monai_valley/work/depth_coarse.dat,
models/FUNWAVE/raw/source_code/FUNWAVE-TVD/benchmarks/sph_monai_valley/work/input.txt,1dc38eb72cd240e159ab66a18b1d9a1669482b6b75e00d2ed6818f9c6da81fab,7332,text/plain,.txt,documentation-or-build-text,FUNWAVE-TVD,True,no explicit vendor marker found; retained in denominator,False,True,False,False,False,False,True,False,False,False,True,_staging/total-read/pending/reread-20260728/reread20260728-doc-FUNWAVE-002-codex-20260813T012841Z-68f0ed11/fa3907bb098425e5c54bb2f236eeb14a9528ccf2a0e26acdb24430a6bf5b5495.json,1,models/FUNWAVE/raw/source_code/FUNWAVE-TVD/benchmarks/sph_monai_valley/work/input.txt,
models/FUNWAVE/raw/source_code/FUNWAVE-TVD/benchmarks/sph_monai_valley/work/input_cart.txt,7f9cf5b51978789b7e842e0f19f4695935b1e65f1ac187bd4c915667c273de45,6910,text/plain,.txt,documentation-or-build-text,FUNWAVE-TVD,True,no explicit vendor marker found; retained in denominator,False,True,False,False,False,False,True,False,False,False,True,_staging/total-read/pending/reread-20260728/reread20260728-doc-FUNWAVE-003-codex-20260811T012324Z-fff9d639/53b13bb1b339b245e4ddfd357fee31c2b377565db269e9c68d0862513345421b.json,1,models/FUNWAVE/raw/source_code/FUNWAVE-TVD/benchmarks/sph_monai_valley/work/input_cart.txt,
models/FUNWAVE/raw/source_code/FUNWAVE-TVD/benchmarks/sph_monai_valley/work/station.txt,a46182a729eac965f5947ac9a4da4f6d0245f2732780554e5e36db905e667af1,163,text/plain,.txt,documentation-or-build-text,FUNWAVE-TVD,True,no explicit vendor marker found; retained in denominator,False,True,False,False,False,False,True,False,False,False,True,_staging/total-read/pending/reread-20260728/reread20260728-doc-FUNWAVE-003-codex-20260811T012324Z-fff9d639/df76a8a9ee7e7a8490c1d065532c184a7c5f41e7aefddc330dfef0d72eabe6ae.json,1,models/FUNWAVE/raw/source_code/FUNWAVE-TVD/benchmarks/sph_monai_valley/work/station.txt,
models/FUNWAVE/raw/source_code/FUNWAVE-TVD/benchmarks/sph_monai_valley/work/station_ij.txt,02265b44de41ebb9240ca29a373541f3b94ad20751bded8c87277017828efb97,30,text/plain,.txt,documentation-or-build-text,FUNWAVE-TVD,True,no explicit vendor marker found; retained in denominator,False,True,False,False,False,False,True,False,False,False,True,_staging/total-read/pending/reread-20260728/reread20260728-doc-FUNWAVE-003-codex-20260811T012324Z-fff9d639/e7d6746760429c052a217af8fe138fb421857f5898c9c2fac5d7ec930d465548.json,1,models/FUNWAVE/raw/source_code/FUNWAVE-TVD/benchmarks/sph_monai_valley/work/station_ij.txt,
models/FUNWAVE/raw/source_code/FUNWAVE-TVD/benchmarks/sph_nesting/grid_A/input.txt,62c3bb335cd042db141872da5dd9e828df5f5402d9cbfacd24390124e22e5c59,6816,text/plain,.txt,documentation-or-build-text,FUNWAVE-TVD,True,no explicit vendor marker found; retained in denominator,False,True,False,False,False,False,True,False,False,False,True,_staging/total-read/pending/reread-20260728/reread20260728-doc-FUNWAVE-003-codex-20260811T012324Z-fff9d639/09de1aac88645faf9b1b693ba7d53b5de24f8bda91152b27ac5b1afcf60579b7.json,1,models/FUNWAVE/raw/source_code/FUNWAVE-TVD/benchmarks/sph_nesting/grid_A/input.txt,
models/FUNWAVE/raw/source_code/FUNWAVE-TVD/benchmarks/sph_nesting/grid_A/mk_station.m,1a5ef9c2e3da4b0adc0495591045f2e3916cac9a6702ac3e2e1de039e48e0e2b,227,text/plain,.m,script-source,FUNWAVE-TVD,True,no explicit vendor marker found; retained in denominator,True,True,True,True,True,True,False,False,False,False,True,_staging/total-read/pending/reread-20260728/reread20260728-code-FUNWAVE-000-codexaudit-20260826T022956Z-b1ecf500/824016220eb91d966d58ebbd6f20e87c7eb850e018e9a06face2b7584ce50593.json | _staging/total-read/pending/reread-20260728/reread20260728-code-FUNWAVE-000-fable5-20260813T012841Z-2131dcc5/824016220eb91d966d58ebbd6f20e87c7eb850e018e9a06face2b7584ce50593.json | _staging/total-read/records-crosswalk/reread-20260728/FUNWAVE-000/FUNWAVE__raw__source_code__FUNWAVE-TVD__benchmarks__sph_nesting__grid_A__mk_station.m.crosswalk.json,1,models/FUNWAVE/raw/source_code/FUNWAVE-TVD/benchmarks/sph_nesting/grid_A/mk_station.m,
models/FUNWAVE/raw/source_code/FUNWAVE-TVD/benchmarks/sph_nesting/grid_A/station.txt,6336e962b601a92316f9fff3fb4673fce227f0faa9f6873ec5b51b8bd4dc6157,23,text/plain,.txt,documentation-or-build-text,FUNWAVE-TVD,True,no explicit vendor marker found; retained in denominator,False,True,False,False,False,False,True,False,False,False,True,_staging/total-read/pending/reread-20260728/reread20260728-doc-FUNWAVE-003-codex-20260811T012324Z-fff9d639/7f98a913026b674d383de94ced4610ec48d3efb0c52e5b5286cd8e140dfe9900.json,1,models/FUNWAVE/raw/source_code/FUNWAVE-TVD/benchmarks/sph_nesting/grid_A/station.txt,
models/FUNWAVE/raw/source_code/FUNWAVE-TVD/benchmarks/sph_nesting/grid_B/input.txt,967e7094b9b10a750160318ddbecd847a788582b3992e04876287e87b807676a,6827,text/plain,.txt,documentation-or-build-text,FUNWAVE-TVD,True,no explicit vendor marker found; retained in denominator,False,True,False,False,False,False,True,False,False,False,True,_staging/total-read/pending/reread-20260728/reread20260728-doc-FUNWAVE-003-codex-20260811T012324Z-fff9d639/4c2087460ac35aad1f50d57dcc50d6538fb5140445e7e7780e5bbb1a239198c5.json,1,models/FUNWAVE/raw/source_code/FUNWAVE-TVD/benchmarks/sph_nesting/grid_B/input.txt,
models/FUNWAVE/raw/source_code/FUNWAVE-TVD/benchmarks/sph_nesting/make_nest_file/convert,e780b6eb9a6cbbca249798cec19cd3b11bc9331c32da69e75dc98e5f973d9770,27336,application/x-mach-binary,[none],other-binary-or-data,FUNWAVE-TVD,True,no explicit vendor marker found; retained in denominator,False,False,False,False,False,False,False,False,False,True,False,_staging/total-read/records/binauto-code_FUNWAVE.jsonl,1,models/FUNWAVE/raw/source_code/FUNWAVE-TVD/benchmarks/sph_nesting/make_nest_file/convert,
models/FUNWAVE/raw/source_code/FUNWAVE-TVD/benchmarks/sph_nesting/make_nest_file/convert.f,bb88ea1a4ab19d63b6527115dfbc0fe22dd9a503aae6cf8a7d4a9903f61ec075,9419,text/plain,.f,solver-or-case-source,FUNWAVE-TVD,True,no explicit vendor marker found; retained in denominator,True,True,True,True,True,True,False,False,False,False,True,_staging/total-read/pending/reread-20260728/reread20260728-code-FUNWAVE-000-codexaudit-20260826T022956Z-b1ecf500/400204c1a405285dd31c4460ce20293e4959357d9f4e74c3e97b889730708160.json | _staging/total-read/pending/reread-20260728/reread20260728-code-FUNWAVE-000-fable5-20260813T012841Z-2131dcc5/400204c1a405285dd31c4460ce20293e4959357d9f4e74c3e97b889730708160.json | _staging/total-read/records-crosswalk/reread-20260728/FUNWAVE-000/FUNWAVE__raw__source_code__FUNWAVE-TVD__benchmarks__sph_nesting__make_nest_file__convert.f.crosswalk.json,1,models/FUNWAVE/raw/source_code/FUNWAVE-TVD/benchmarks/sph_nesting/make_nest_file/convert.f,
models/FUNWAVE/raw/source_code/FUNWAVE-TVD/benchmarks/sph_nesting/make_nest_file/coupling.txt,3b4a35b541e6beb06671edc071cd9b48ccfffd935cd8aedc0ef5802ab0451b1a,615563,text/plain,.txt,documentation-or-build-text,FUNWAVE-TVD,True,no explicit vendor marker found; retained in denominator,False,True,False,False,False,False,False,False,False,True,False,_staging/total-read/records/numbulk-FUNWAVE-20260804.jsonl,1,models/FUNWAVE/raw/source_code/FUNWAVE-TVD/benchmarks/sph_nesting/make_nest_file/coupling.txt,
models/FUNWAVE/raw/source_code/FUNWAVE-TVD/benchmarks/sph_nesting/postprocessing/plot_ab.m,bf3d4dae1cbfdaa7db25808d29a498350dead114799310b5b48f56425f04b4b9,1130,text/plain,.m,script-source,FUNWAVE-TVD,True,no explicit vendor marker found; retained in denominator,True,True,True,True,True,True,False,False,False,False,True,_staging/total-read/pending/reread-20260728/reread20260728-code-FUNWAVE-000-codexaudit-20260826T022956Z-b1ecf500/23b2b09d117ed6c737d5b45ef07762c6f5ab4cd6fceb18f1e70b196125db7f15.json | _staging/total-read/pending/reread-20260728/reread20260728-code-FUNWAVE-000-fable5-20260813T012841Z-2131dcc5/23b2b09d117ed6c737d5b45ef07762c6f5ab4cd6fceb18f1e70b196125db7f15.json | _staging/total-read/records-crosswalk/reread-20260728/FUNWAVE-000/FUNWAVE__raw__source_code__FUNWAVE-TVD__benchmarks__sph_nesting__postprocessing__plot_ab.m.crosswalk.json,1,models/FUNWAVE/raw/source_code/FUNWAVE-TVD/benchmarks/sph_nesting/postprocessing/plot_ab.m,
models/FUNWAVE/raw/source_code/FUNWAVE-TVD/benchmarks/sph_nesting/postprocessing/solitary_nesting.eps,9fc755d8d22ac2bccab818311b5717633bd772e269995593d3e251b24591436d,222064,application/postscript,.eps,image-or-media,FUNWAVE-TVD,True,no explicit vendor marker found; retained in denominator,False,True,False,False,False,False,True,False,False,False,True,_staging/total-read/pending/reread-20260728/reread20260728-doc-FUNWAVE-003-codex-20260811T012324Z-fff9d639/c4de38439c714f48c2bda7e584c7cab6806978061aa6d388a7b30c961c7af6f0.json,1,models/FUNWAVE/raw/source_code/FUNWAVE-TVD/benchmarks/sph_nesting/postprocessing/solitary_nesting.eps,
models/FUNWAVE/raw/source_code/FUNWAVE-TVD/benchmarks/sph_nesting/postprocessing/solitary_nesting.pdf,afbbad3e88012329d2e8201ff5f61eae2dd64e176543040b19ce6e04b43ac815,40179,application/pdf,.pdf,manual-or-paper-pdf,FUNWAVE-TVD,True,no explicit vendor marker found; retained in denominator,False,False,False,False,False,False,False,False,False,True,False,_staging/total-read/records/binauto-code_FUNWAVE.jsonl,1,models/FUNWAVE/raw/source_code/FUNWAVE-TVD/benchmarks/sph_nesting/postprocessing/solitary_nesting.pdf,
models/FUNWAVE/raw/source_code/FUNWAVE-TVD/benchmarks/sph_nesting/postprocessing/solitary_nesting_v20.eps,c0f17965df096feda7f37fd478a413a7c97f5e4efbdeabb9cfafc20745d96f27,222026,application/postscript,.eps,image-or-media,FUNWAVE-TVD,True,no explicit vendor marker found; retained in denominator,False,True,False,False,False,False,True,False,False,False,True,_staging/total-read/pending/reread-20260728/reread20260728-doc-FUNWAVE-003-codex-20260811T012324Z-fff9d639/75f9f5705720561d00ca0140417bae1db201b6d7a67c8b78c1b84163710f7c2d.json,1,models/FUNWAVE/raw/source_code/FUNWAVE-TVD/benchmarks/sph_nesting/postprocessing/solitary_nesting_v20.eps,
models/FUNWAVE/raw/source_code/FUNWAVE-TVD/benchmarks/sph_nesting/postprocessing/solitary_nesting_v20.pdf,f457a472e76ed95ab41092e49102ab94024f5afc907b42f780504366358c9746,40697,application/pdf,.pdf,manual-or-paper-pdf,FUNWAVE-TVD,True,no explicit vendor marker found; retained in denominator,False,False,False,False,False,False,False,False,False,True,False,_staging/total-read/records/binauto-code_FUNWAVE.jsonl,1,models/FUNWAVE/raw/source_code/FUNWAVE-TVD/benchmarks/sph_nesting/postprocessing/solitary_nesting_v20.pdf,
models/FUNWAVE/raw/source_code/FUNWAVE-TVD/benchmarks/sph_sol_plane_ana/ETA_Liner.m,33d7417e5f25486f946defcc42a723d8f483bc17ac28a75df90da5008bc65128,956,text/plain,.m,script-source,FUNWAVE-TVD,True,no explicit vendor marker found; retained in denominator,True,True,True,True,True,True,False,False,False,False,True,_staging/total-read/pending/reread-20260728/reread20260728-code-FUNWAVE-000-codexaudit-20260826T022956Z-b1ecf500/e34188b6526d9693b2c06e80fcd04aeeef89881e88f23f76bc5c54411c96bd78.json | _staging/total-read/pending/reread-20260728/reread20260728-code-FUNWAVE-000-fable5-20260813T012841Z-2131dcc5/e34188b6526d9693b2c06e80fcd04aeeef89881e88f23f76bc5c54411c96bd78.json | _staging/total-read/records-crosswalk/reread-20260728/FUNWAVE-000/FUNWAVE__raw__source_code__FUNWAVE-TVD__benchmarks__sph_sol_plane_ana__ETA_Liner.m.crosswalk.json,1,models/FUNWAVE/raw/source_code/FUNWAVE-TVD/benchmarks/sph_sol_plane_ana/ETA_Liner.m,
models/FUNWAVE/raw/source_code/FUNWAVE-TVD/benchmarks/sph_sol_plane_ana/FUNWAVE_BP1_GAUGE.txt,bbf464cafc0a91c76e35887853d4918bab3aeeb1f395027e77c5822cd7885613,11794,text/plain,.txt,documentation-or-build-text,FUNWAVE-TVD,True,no explicit vendor marker found; retained in denominator,False,True,False,False,False,False,True,False,False,False,True,_staging/total-read/pending/reread-20260728/reread20260728-doc-FUNWAVE-003-codex-20260811T012324Z-fff9d639/0e887c865fa61a0cdf3cd09cfac24e915c142f49c6ed560669843261ff3a6b87.json,1,models/FUNWAVE/raw/source_code/FUNWAVE-TVD/benchmarks/sph_sol_plane_ana/FUNWAVE_BP1_GAUGE.txt,
models/FUNWAVE/raw/source_code/FUNWAVE-TVD/benchmarks/sph_sol_plane_ana/FUNWAVE_BP1_SHAPE.txt,331d7d871ac4e3178fd31706fc333c16773e9a6961862e548deb68ff513271ef,34480,text/plain,.txt,documentation-or-build-text,FUNWAVE-TVD,True,no explicit vendor marker found; retained in denominator,False,True,False,False,False,False,True,False,False,False,True,_staging/total-read/pending/reread-20260728/reread20260728-doc-FUNWAVE-003-codex-20260811T012324Z-fff9d639/2de90b6b48a4a7e52d4cb046d469e5301383286b8e3276b24e499b8bf1909189.json,1,models/FUNWAVE/raw/source_code/FUNWAVE-TVD/benchmarks/sph_sol_plane_ana/FUNWAVE_BP1_SHAPE.txt,
models/FUNWAVE/raw/source_code/FUNWAVE-TVD/benchmarks/sph_sol_plane_ana/Time_Liner.m,bf86a6b2067725261c6b25684893bac87f487e291c6689de82c551369d6079d7,758,text/plain,.m,script-source,FUNWAVE-TVD,True,no explicit vendor marker found; retained in denominator,True,True,True,True,True,True,False,False,False,False,True,_staging/total-read/pending/reread-20260728/reread20260728-code-FUNWAVE-000-codexaudit-20260826T022956Z-b1ecf500/60932e5dee84ac0bbcd5d31c54d41a79cb11f75a111c2cab5aa20c66e4b57960.json | _staging/total-read/pending/reread-20260728/reread20260728-code-FUNWAVE-000-fable5-20260813T012841Z-2131dcc5/60932e5dee84ac0bbcd5d31c54d41a79cb11f75a111c2cab5aa20c66e4b57960.json | _staging/total-read/records-crosswalk/reread-20260728/FUNWAVE-000/FUNWAVE__raw__source_code__FUNWAVE-TVD__benchmarks__sph_sol_plane_ana__Time_Liner.m.crosswalk.json,1,models/FUNWAVE/raw/source_code/FUNWAVE-TVD/benchmarks/sph_sol_plane_ana/Time_Liner.m,
models/FUNWAVE/raw/source_code/FUNWAVE-TVD/benchmarks/sph_sol_plane_ana/analyBM_01_SW.m,40547a2dafa3c69e2edc55b3067c1a13b491db3e0ec64023fae17b2c4a4d96a5,26850,text/plain,.m,script-source,FUNWAVE-TVD,True,no explicit vendor marker found; retained in denominator,True,True,True,True,True,True,False,False,False,False,True,_staging/total-read/pending/reread-20260728/reread20260728-code-FUNWAVE-000-codexaudit-20260826T022956Z-b1ecf500/5d25512b3a36c8168ad5a050c67182acea6dd05e31d1ee0d20d736c5babdf35d.json | _staging/total-read/pending/reread-20260728/reread20260728-code-FUNWAVE-000-fable5-20260813T012841Z-2131dcc5/5d25512b3a36c8168ad5a050c67182acea6dd05e31d1ee0d20d736c5babdf35d.json | _staging/total-read/records-crosswalk/reread-20260728/FUNWAVE-000/FUNWAVE__raw__source_code__FUNWAVE-TVD__benchmarks__sph_sol_plane_ana__analyBM_01_SW.m.crosswalk.json,1,models/FUNWAVE/raw/source_code/FUNWAVE-TVD/benchmarks/sph_sol_plane_ana/analyBM_01_SW.m,
models/FUNWAVE/raw/source_code/FUNWAVE-TVD/benchmarks/sph_sol_plane_ana/analytical_RU.mat,5733ad80e342f76288c57793f664967a232efb673f0e77c3f02245e1d01bed5a,13791,application/x-matlab-data,.mat,case-data-or-output,FUNWAVE-TVD,True,no explicit vendor marker found; retained in denominator,False,False,False,False,False,False,False,False,False,True,False,_staging/total-read/records/binauto-code_FUNWAVE.jsonl,1,models/FUNWAVE/raw/source_code/FUNWAVE-TVD/benchmarks/sph_sol_plane_ana/analytical_RU.mat,
models/FUNWAVE/raw/source_code/FUNWAVE-TVD/benchmarks/sph_sol_plane_ana/analytical_SW.mat,929bff149e45e67e1190e8c73f6d0d1689e633279f450c0c0dcec1f054bedece,11674,application/x-matlab-data,.mat,case-data-or-output,FUNWAVE-TVD,True,no explicit vendor marker found; retained in denominator,False,False,False,False,False,False,False,False,False,True,False,_staging/total-read/records/binauto-code_FUNWAVE.jsonl,1,models/FUNWAVE/raw/source_code/FUNWAVE-TVD/benchmarks/sph_sol_plane_ana/analytical_SW.mat,
models/FUNWAVE/raw/source_code/FUNWAVE-TVD/benchmarks/sph_sol_plane_ana/input.txt,42457cc09a53c299aec5b801ca7db18152e0c409d996f0f98f6b9cc94a303a6c,7268,text/plain,.txt,documentation-or-build-text,FUNWAVE-TVD,True,no explicit vendor marker found; retained in denominator,False,True,False,False,False,False,True,False,False,False,True,_staging/total-read/pending/reread-20260728/reread20260728-doc-FUNWAVE-003-codex-20260811T012324Z-fff9d639/9e02b3fea821dd6f6f383babf74d3c0d58ba709ceae916f6dda1f395407e4451.json,1,models/FUNWAVE/raw/source_code/FUNWAVE-TVD/benchmarks/sph_sol_plane_ana/input.txt,
models/FUNWAVE/raw/source_code/FUNWAVE-TVD/benchmarks/sph_sol_plane_ana/sph_sol_ana_prof.eps,8dcbfb9fb56bf2869901af4ec0dcd0d0af04abf0036872e837a8cd37920bd67b,98414,application/postscript,.eps,image-or-media,FUNWAVE-TVD,True,no explicit vendor marker found; retained in denominator,False,True,False,False,False,False,True,False,False,False,True,_staging/total-read/pending/reread-20260728/reread20260728-doc-FUNWAVE-003-codex-20260811T012324Z-fff9d639/2ca3e4362ffc01b52b5b8f54616dc56b90a5c12ac74ed2eb477e686fbeebfb6e.json,1,models/FUNWAVE/raw/source_code/FUNWAVE-TVD/benchmarks/sph_sol_plane_ana/sph_sol_ana_prof.eps,
models/FUNWAVE/raw/source_code/FUNWAVE-TVD/benchmarks/sph_sol_plane_ana/sph_sol_ana_prof.pdf,cb356ecca45f22b94cd82991c8d216d39c38669f763e7a6fa8fe3cf122030d02,88205,application/pdf,.pdf,manual-or-paper-pdf,FUNWAVE-TVD,True,no explicit vendor marker found; retained in denominator,False,False,False,False,False,False,False,False,False,True,False,_staging/total-read/records/binauto-code_FUNWAVE.jsonl,1,models/FUNWAVE/raw/source_code/FUNWAVE-TVD/benchmarks/sph_sol_plane_ana/sph_sol_ana_prof.pdf,
models/FUNWAVE/raw/source_code/FUNWAVE-TVD/benchmarks/sph_sol_plane_ana/sph_sol_ana_prof_v20.eps,d3609ea80fdf48e341eb6bc3d2e96d81b98d1636fadcf9ead46745a9c0e9ddcc,95614,application/postscript,.eps,image-or-media,FUNWAVE-TVD,True,no explicit vendor marker found; retained in denominator,False,True,False,False,False,False,True,False,False,False,True,_staging/total-read/pending/reread-20260728/reread20260728-doc-FUNWAVE-003-codex-20260811T012324Z-fff9d639/a4e21189bcbb20c16b2b31f9873dfa6c10f35480c6d5d97eeb7cf157822771b8.json,1,models/FUNWAVE/raw/source_code/FUNWAVE-TVD/benchmarks/sph_sol_plane_ana/sph_sol_ana_prof_v20.eps,
models/FUNWAVE/raw/source_code/FUNWAVE-TVD/benchmarks/sph_sol_plane_ana/sph_sol_ana_prof_v20.pdf,c07770f34cde087432881a7401bd19c49f4f8f3fcd622ed7585bf0fcc32a96b5,88412,application/pdf,.pdf,manual-or-paper-pdf,FUNWAVE-TVD,True,no explicit vendor marker found; retained in denominator,False,False,False,False,False,False,False,False,False,True,False,_staging/total-read/records/binauto-code_FUNWAVE.jsonl,1,models/FUNWAVE/raw/source_code/FUNWAVE-TVD/benchmarks/sph_sol_plane_ana/sph_sol_ana_prof_v20.pdf,
models/FUNWAVE/raw/source_code/FUNWAVE-TVD/benchmarks/sph_sol_plane_ana/sph_sol_ana_time.eps,00268008066dd224df85f4cf2b39b15cd88b740c17097cbdcdb5afa518b26315,30758,application/postscript,.eps,image-or-media,FUNWAVE-TVD,True,no explicit vendor marker found; retained in denominator,False,True,False,False,False,False,True,False,False,False,True,_staging/total-read/pending/reread-20260728/reread20260728-doc-FUNWAVE-003-codex-20260811T012324Z-fff9d639/e1491dfa70414571bb1e78972eac6013b1bfe17d31526d4599955c82b3961c68.json,1,models/FUNWAVE/raw/source_code/FUNWAVE-TVD/benchmarks/sph_sol_plane_ana/sph_sol_ana_time.eps,
models/FUNWAVE/raw/source_code/FUNWAVE-TVD/benchmarks/sph_sol_plane_ana/sph_sol_ana_time.pdf,fd99189986053eaf71a8dd2957d7f84b2049e6d4e75319b5a63b93dff406a430,53907,application/pdf,.pdf,manual-or-paper-pdf,FUNWAVE-TVD,True,no explicit vendor marker found; retained in denominator,False,False,False,False,False,False,False,False,False,True,False,_staging/total-read/records/binauto-code_FUNWAVE.jsonl,1,models/FUNWAVE/raw/source_code/FUNWAVE-TVD/benchmarks/sph_sol_plane_ana/sph_sol_ana_time.pdf,
models/FUNWAVE/raw/source_code/FUNWAVE-TVD/benchmarks/sph_sol_plane_ana/sph_sol_ana_time_v20.eps,cfa8e0fcf0f93770b47af76692639f0b20873e994f59924b069e1eb295513f90,30860,application/postscript,.eps,image-or-media,FUNWAVE-TVD,True,no explicit vendor marker found; retained in denominator,False,True,False,False,False,False,True,False,False,False,True,_staging/total-read/pending/reread-20260728/reread20260728-doc-FUNWAVE-003-codex-20260811T012324Z-fff9d639/ccd423784d18499d450d44cce997bfc2c44cc2563addbb2fda93c548e9dd1008.json,1,models/FUNWAVE/raw/source_code/FUNWAVE-TVD/benchmarks/sph_sol_plane_ana/sph_sol_ana_time_v20.eps,
models/FUNWAVE/raw/source_code/FUNWAVE-TVD/benchmarks/sph_sol_plane_ana/sph_sol_ana_time_v20.pdf,a78a99bba7512b2575d7147378285edb8df1976c9fba167c491acf4cf431b529,53838,application/pdf,.pdf,manual-or-paper-pdf,FUNWAVE-TVD,True,no explicit vendor marker found; retained in denominator,False,False,False,False,False,False,False,False,False,True,False,_staging/total-read/records/binauto-code_FUNWAVE.jsonl,1,models/FUNWAVE/raw/source_code/FUNWAVE-TVD/benchmarks/sph_sol_plane_ana/sph_sol_ana_time_v20.pdf,
models/FUNWAVE/raw/source_code/FUNWAVE-TVD/benchmarks/sph_sol_plane_ana/station.txt,6c1221f8576ae163684c5edba1c27fa2eced00cdc23205e7311784bff115a18e,82,text/plain,.txt,documentation-or-build-text,FUNWAVE-TVD,True,no explicit vendor marker found; retained in denominator,False,True,False,False,False,False,True,False,False,False,True,_staging/total-read/pending/reread-20260728/reread20260728-doc-FUNWAVE-003-codex-20260811T012324Z-fff9d639/29c8c2f4d4f27787133de911a7799f6c1ef449f9464819b60386c6690925eaa9.json,1,models/FUNWAVE/raw/source_code/FUNWAVE-TVD/benchmarks/sph_sol_plane_ana/station.txt,
models/FUNWAVE/raw/source_code/FUNWAVE-TVD/benchmarks/sph_sol_plane_ana/station_ij.txt,ee82b70c3f88f016d8bd9b792531978138e60dcc8ebd2f6e8ba405693ad465e6,14,text/plain,.txt,documentation-or-build-text,FUNWAVE-TVD,True,no explicit vendor marker found; retained in denominator,False,True,False,False,False,False,True,False,False,False,True,_staging/total-read/pending/reread-20260728/reread20260728-doc-FUNWAVE-003-codex-20260811T012324Z-fff9d639/3b007fc21163c40c6a08d45a3ed76fc13f7abbd7b8494bf7f00bcc456eabbc54.json,1,models/FUNWAVE/raw/source_code/FUNWAVE-TVD/benchmarks/sph_sol_plane_ana/station_ij.txt,
models/FUNWAVE/raw/source_code/FUNWAVE-TVD/benchmarks/sph_sol_plane_mea/breaking/LOG.txt,193e2574ff72d9f1f5bc5206321ac44f2e9d90d0ffbc9c8b08f0a8ec3d006101,61968,text/plain,.txt,documentation-or-build-text,FUNWAVE-TVD,True,no explicit vendor marker found; retained in denominator,False,True,False,False,False,False,True,False,False,False,True,_staging/total-read/pending/reread-20260728/reread20260728-doc-FUNWAVE-003-codex-20260811T012324Z-fff9d639/92dc9809b0d4d7f37558913a9506a2e7f91e07d68195801a39df2f13dc378972.json,1,models/FUNWAVE/raw/source_code/FUNWAVE-TVD/benchmarks/sph_sol_plane_mea/breaking/LOG.txt,
models/FUNWAVE/raw/source_code/FUNWAVE-TVD/benchmarks/sph_sol_plane_mea/breaking/input.txt,9f7b9d266e54981cbe2810fc1e77edb160eb033a74c25b687f75587c512dc1b5,7269,text/plain,.txt,documentation-or-build-text,FUNWAVE-TVD,True,no explicit vendor marker found; retained in denominator,False,True,False,False,False,False,True,False,False,False,True,_staging/total-read/pending/reread-20260728/reread20260728-doc-FUNWAVE-003-codex-20260811T012324Z-fff9d639/b1713ef1ab8ec1cbd15dca4a12d6820f3a23f46ffdf5e9e9ef464cac2e329e6f.json,1,models/FUNWAVE/raw/source_code/FUNWAVE-TVD/benchmarks/sph_sol_plane_mea/breaking/input.txt,
models/FUNWAVE/raw/source_code/FUNWAVE-TVD/benchmarks/sph_sol_plane_mea/breaking/station.txt,e3b0c44298fc1c149afbf4c8996fb92427ae41e4649b934ca495991b7852b855,0,inode/x-empty,.txt,documentation-or-build-text,FUNWAVE-TVD,True,no explicit vendor marker found; retained in denominator,False,False,False,False,False,False,False,False,False,False,False,,11,models/FUNWAVE/raw/source_code/FUNWAVE-TVD/benchmarks/car_Nwave_statis/station.txt,models/FUNWAVE/raw/source_code/FUNWAVE-TVD/benchmarks/car_Nwave_statis/station.txt | models/FUNWAVE/raw/source_code/FUNWAVE-TVD/benchmarks/sph_monai_valley/work/depth_blowup.dat | models/FUNWAVE/raw/source_code/FUNWAVE-TVD/benchmarks/sph_sol_plane_mea/breaking/station.txt | models/FUNWAVE/raw/source_code/FUNWAVE-TVD/benchmarks/sph_sol_plane_mea/nonbreaking/station.txt | models/FUNWAVE/raw/source_code/FUNWAVE-TVD/simple_cases/levee_1d/LOG.txt | models/FUNWAVE/raw/source_code/FUNWAVE-TVD/simple_cases/levee_1d/time_dt.out | models/FUNWAVE/raw/source_code/FUNWAVE-TVD/simple_cases/sediment_rip/work/time_dt.out | models/FUNWAVE/raw/source_code/FUNWAVE-TVD/simple_cases/tide_time_spectra/fort.1 | models/FUNWAVE/raw/source_code/FUNWAVE-TVD/simple_cases/tide_time_spectra/fort.500 | models/FUNWAVE/raw/source_code/FUNWAVE-TVD/simple_cases/tohoku_tsunami/work/time_dt.out | models/FUNWAVE/raw/source_code/FUNWAVE-TVD/simple_cases/vertical_velocity_structure/time_dt.out
models/FUNWAVE/raw/source_code/FUNWAVE-TVD/benchmarks/sph_sol_plane_mea/breaking/time_dt.out,2b4651faef134de03040db1edbe38cbc005b7208664653b7e14be7709fc07b35,10653,text/plain,.out,case-data-or-output,FUNWAVE-TVD,True,no explicit vendor marker found; retained in denominator,False,True,False,False,False,False,True,False,False,False,True,_staging/total-read/pending/reread-20260728/reread20260728-doc-FUNWAVE-003-codex-20260811T012324Z-fff9d639/5097bad4772f9f3986cfcbe497d80638c850efc71f52e751a77b050ddc151fc1.json,1,models/FUNWAVE/raw/source_code/FUNWAVE-TVD/benchmarks/sph_sol_plane_mea/breaking/time_dt.out,
models/FUNWAVE/raw/source_code/FUNWAVE-TVD/benchmarks/sph_sol_plane_mea/nonbreaking/input.txt,ea01a8021b7385a8ae3e7985764138c69510b3836a762ff3277b324f209d1848,7268,text/plain,.txt,documentation-or-build-text,FUNWAVE-TVD,True,no explicit vendor marker found; retained in denominator,False,True,False,False,False,False,True,False,False,False,True,_staging/total-read/pending/reread-20260728/reread20260728-doc-FUNWAVE-003-codex-20260811T012324Z-fff9d639/26d24be2fe8cfa7df521a2506f97d9a4018585c0d2e23f724b7e31d136aa2ec0.json,1,models/FUNWAVE/raw/source_code/FUNWAVE-TVD/benchmarks/sph_sol_plane_mea/nonbreaking/input.txt,
models/FUNWAVE/raw/source_code/FUNWAVE-TVD/benchmarks/sph_sol_plane_mea/nonbreaking/station.txt,e3b0c44298fc1c149afbf4c8996fb92427ae41e4649b934ca495991b7852b855,0,inode/x-empty,.txt,documentation-or-build-text,FUNWAVE-TVD,True,no explicit vendor marker found; retained in denominator,False,False,False,False,False,False,False,False,False,False,False,,11,models/FUNWAVE/raw/source_code/FUNWAVE-TVD/benchmarks/car_Nwave_statis/station.txt,models/FUNWAVE/raw/source_code/FUNWAVE-TVD/benchmarks/car_Nwave_statis/station.txt | models/FUNWAVE/raw/source_code/FUNWAVE-TVD/benchmarks/sph_monai_valley/work/depth_blowup.dat | models/FUNWAVE/raw/source_code/FUNWAVE-TVD/benchmarks/sph_sol_plane_mea/breaking/station.txt | models/FUNWAVE/raw/source_code/FUNWAVE-TVD/benchmarks/sph_sol_plane_mea/nonbreaking/station.txt | models/FUNWAVE/raw/source_code/FUNWAVE-TVD/simple_cases/levee_1d/LOG.txt | models/FUNWAVE/raw/source_code/FUNWAVE-TVD/simple_cases/levee_1d/time_dt.out | models/FUNWAVE/raw/source_code/FUNWAVE-TVD/simple_cases/sediment_rip/work/time_dt.out | models/FUNWAVE/raw/source_code/FUNWAVE-TVD/simple_cases/tide_time_spectra/fort.1 | models/FUNWAVE/raw/source_code/FUNWAVE-TVD/simple_cases/tide_time_spectra/fort.500 | models/FUNWAVE/raw/source_code/FUNWAVE-TVD/simple_cases/tohoku_tsunami/work/time_dt.out | models/FUNWAVE/raw/source_code/FUNWAVE-TVD/simple_cases/vertical_velocity_structure/time_dt.out
models/FUNWAVE/raw/source_code/FUNWAVE-TVD/benchmarks/sph_sol_plane_mea/postprocessing/ETA_Liner_A.m,e9a0cf38c186bb3d984fb0cb5f6b872da2a89338165c5eeb27f85902718ec367,812,text/plain,.m,script-source,FUNWAVE-TVD,True,no explicit vendor marker found; retained in denominator,True,True,True,True,True,True,False,False,False,False,True,_staging/total-read/pending/reread-20260728/reread20260728-code-FUNWAVE-000-codexaudit-20260826T022956Z-b1ecf500/ed83fc6267bead9e506e5e837ec30d6b0093f8e57282bddf339859aa9a2438f3.json | _staging/total-read/pending/reread-20260728/reread20260728-code-FUNWAVE-000-fable5-20260813T012841Z-2131dcc5/ed83fc6267bead9e506e5e837ec30d6b0093f8e57282bddf339859aa9a2438f3.json | _staging/total-read/records-crosswalk/reread-20260728/FUNWAVE-000/FUNWAVE__raw__source_code__FUNWAVE-TVD__benchmarks__sph_sol_plane_mea__postprocessing__ETA_Liner_A.m.crosswalk.json,1,models/FUNWAVE/raw/source_code/FUNWAVE-TVD/benchmarks/sph_sol_plane_mea/postprocessing/ETA_Liner_A.m,
models/FUNWAVE/raw/source_code/FUNWAVE-TVD/benchmarks/sph_sol_plane_mea/postprocessing/ETA_Liner_B.m,fc024d5fa44025407c6a34d97c52cf1a9b4bf5725cce7110fa30f1b3c47ae048,743,text/plain,.m,script-source,FUNWAVE-TVD,True,no explicit vendor marker found; retained in denominator,True,True,True,True,True,True,False,False,False,False,True,_staging/total-read/pending/reread-20260728/reread20260728-code-FUNWAVE-000-codexaudit-20260826T022956Z-b1ecf500/ed878aa348082dec3d2e460899e8bcd5ed8aa34e7f39ce3974ad5acb66776981.json | _staging/total-read/pending/reread-20260728/reread20260728-code-FUNWAVE-000-fable5-20260813T012841Z-2131dcc5/ed878aa348082dec3d2e460899e8bcd5ed8aa34e7f39ce3974ad5acb66776981.json | _staging/total-read/records-crosswalk/reread-20260728/FUNWAVE-000/FUNWAVE__raw__source_code__FUNWAVE-TVD__benchmarks__sph_sol_plane_mea__postprocessing__ETA_Liner_B.m.crosswalk.json,1,models/FUNWAVE/raw/source_code/FUNWAVE-TVD/benchmarks/sph_sol_plane_mea/postprocessing/ETA_Liner_B.m,
models/FUNWAVE/raw/source_code/FUNWAVE-TVD/benchmarks/sph_sol_plane_mea/postprocessing/FUNWAVE_BP1B_SHAPE.txt,480ad25f6458cbca099ce78db46b60828cac8d6e18801c8830c671c0e517b8b3,26349,text/plain,.txt,documentation-or-build-text,FUNWAVE-TVD,True,no explicit vendor marker found; retained in denominator,False,True,False,False,False,False,True,False,False,False,True,_staging/total-read/pending/reread-20260728/reread20260728-doc-FUNWAVE-003-codex-20260811T012324Z-fff9d639/8fb5b6b4696d17684894f4417d34e60e716b1d918b74f796b82b5da135a8849e.json,1,models/FUNWAVE/raw/source_code/FUNWAVE-TVD/benchmarks/sph_sol_plane_mea/postprocessing/FUNWAVE_BP1B_SHAPE.txt,
models/FUNWAVE/raw/source_code/FUNWAVE-TVD/benchmarks/sph_sol_plane_mea/postprocessing/FUNWAVE_BP1_SHAPE.txt,383d32827b1a5614506db69161d4c368d4c37ce0a09fe2ab75bc04b0d3c53085,25222,text/plain,.txt,documentation-or-build-text,FUNWAVE-TVD,True,no explicit vendor marker found; retained in denominator,False,True,False,False,False,False,True,False,False,False,True,_staging/total-read/pending/reread-20260728/reread20260728-doc-FUNWAVE-003-codex-20260811T012324Z-fff9d639/a4c49a58bd8baf8ef35461d035835c332156c0e6857bfc9d680d85b0d97e669f.json,1,models/FUNWAVE/raw/source_code/FUNWAVE-TVD/benchmarks/sph_sol_plane_mea/postprocessing/FUNWAVE_BP1_SHAPE.txt,
models/FUNWAVE/raw/source_code/FUNWAVE-TVD/benchmarks/sph_sol_plane_mea/postprocessing/SW_01_00185.mat,c918750776f5f43d9df418cbbeade973199ff968a2afbbc9440a1bd9dd08f475,4434,application/x-matlab-data,.mat,case-data-or-output,FUNWAVE-TVD,True,no explicit vendor marker found; retained in denominator,False,False,False,False,False,False,False,False,False,True,False,_staging/total-read/records/binauto-code_FUNWAVE.jsonl,1,models/FUNWAVE/raw/source_code/FUNWAVE-TVD/benchmarks/sph_sol_plane_mea/postprocessing/SW_01_00185.mat,
models/FUNWAVE/raw/source_code/FUNWAVE-TVD/benchmarks/sph_sol_plane_mea/postprocessing/SW_01_03.mat,ef758169ae32a6ab1e8ee752bcd38ebd1722fbc4eac14150f4e2984bf41ae7df,3963,application/x-matlab-data,.mat,case-data-or-output,FUNWAVE-TVD,True,no explicit vendor marker found; retained in denominator,False,False,False,False,False,False,False,False,False,True,False,_staging/total-read/records/binauto-code_FUNWAVE.jsonl,1,models/FUNWAVE/raw/source_code/FUNWAVE-TVD/benchmarks/sph_sol_plane_mea/postprocessing/SW_01_03.mat,
models/FUNWAVE/raw/source_code/FUNWAVE-TVD/benchmarks/sph_sol_plane_mea/postprocessing/labBM_04_SW.m,01b335d64a15dfd678de8bd297d4bb54d873ba9d9dc9de3f6fb9d0862d569669,26578,text/plain,.m,script-source,FUNWAVE-TVD,True,no explicit vendor marker found; retained in denominator,True,True,True,True,True,True,False,False,False,False,True,_staging/total-read/pending/reread-20260728/reread20260728-code-FUNWAVE-000-codexaudit-20260826T022956Z-b1ecf500/bb1c5c82a7048b2fb129ddd385d0cdb96d3369f7e50376e8ce80874354ee535d.json | _staging/total-read/pending/reread-20260728/reread20260728-code-FUNWAVE-000-fable5-20260813T012841Z-2131dcc5/bb1c5c82a7048b2fb129ddd385d0cdb96d3369f7e50376e8ce80874354ee535d.json | _staging/total-read/records-crosswalk/reread-20260728/FUNWAVE-000/FUNWAVE__raw__source_code__FUNWAVE-TVD__benchmarks__sph_sol_plane_mea__postprocessing__labBM_04_SW.m.crosswalk.json,1,models/FUNWAVE/raw/source_code/FUNWAVE-TVD/benchmarks/sph_sol_plane_mea/postprocessing/labBM_04_SW.m,
models/FUNWAVE/raw/source_code/FUNWAVE-TVD/benchmarks/sph_sol_plane_mea/postprocessing/sph_sol_mea_prof1.eps,21b9818e10a72e8282522cd4a9b03547aa378aa8c9c0102038610babba889e41,72953,application/postscript,.eps,image-or-media,FUNWAVE-TVD,True,no explicit vendor marker found; retained in denominator,False,True,False,False,False,False,True,False,False,False,True,_staging/total-read/pending/reread-20260728/reread20260728-doc-FUNWAVE-003-codex-20260811T012324Z-fff9d639/6236372484e2a196c621205f90c08909f017054c5a248575e3d24f5d476f0849.json,1,models/FUNWAVE/raw/source_code/FUNWAVE-TVD/benchmarks/sph_sol_plane_mea/postprocessing/sph_sol_mea_prof1.eps,
models/FUNWAVE/raw/source_code/FUNWAVE-TVD/benchmarks/sph_sol_plane_mea/postprocessing/sph_sol_mea_prof1_v20.eps,aef7e2bdcaeb21b59230c9f05bb6521a5f215ec165938a1ae249fc53d7b1ab5c,72971,application/postscript,.eps,image-or-media,FUNWAVE-TVD,True,no explicit vendor marker found; retained in denominator,False,True,False,False,False,False,True,False,False,False,True,_staging/total-read/pending/reread-20260728/reread20260728-doc-FUNWAVE-003-codex-20260811T012324Z-fff9d639/7ff24f0e4e8f1fd1db8ccc5ab8a7e196653b118a37385933d73b59637106e719.json,1,models/FUNWAVE/raw/source_code/FUNWAVE-TVD/benchmarks/sph_sol_plane_mea/postprocessing/sph_sol_mea_prof1_v20.eps,
models/FUNWAVE/raw/source_code/FUNWAVE-TVD/benchmarks/sph_sol_plane_mea/postprocessing/sph_sol_mea_prof1_v20.pdf,c002f55bc47aa525ff0ab8105ab233e031c8e8e9847f0cf833e25ba102854570,79609,application/pdf,.pdf,manual-or-paper-pdf,FUNWAVE-TVD,True,no explicit vendor marker found; retained in denominator,False,False,False,False,False,False,False,False,False,True,False,_staging/total-read/records/binauto-code_FUNWAVE.jsonl,1,models/FUNWAVE/raw/source_code/FUNWAVE-TVD/benchmarks/sph_sol_plane_mea/postprocessing/sph_sol_mea_prof1_v20.pdf,
models/FUNWAVE/raw/source_code/FUNWAVE-TVD/benchmarks/sph_sol_plane_mea/postprocessing/sph_sol_mea_prof2.eps,ae900bfc86cb098fa6bcc38bc9759116542c208324f85b22a9407617090c6b17,58263,application/postscript,.eps,image-or-media,FUNWAVE-TVD,True,no explicit vendor marker found; retained in denominator,False,True,False,False,False,False,True,False,False,False,True,_staging/total-read/pending/reread-20260728/reread20260728-doc-FUNWAVE-003-codex-20260811T012324Z-fff9d639/f374fa19980c98afaafca14478fe7bc84bf8be734d66954e55fa5a3b55ca60be.json,1,models/FUNWAVE/raw/source_code/FUNWAVE-TVD/benchmarks/sph_sol_plane_mea/postprocessing/sph_sol_mea_prof2.eps,
models/FUNWAVE/raw/source_code/FUNWAVE-TVD/benchmarks/sph_sol_plane_mea/postprocessing/sph_sol_mea_prof2_v20.eps,81425e2bb564779d9755e7411cc580280034b352169e6514e902f8376c986d42,58240,application/postscript,.eps,image-or-media,FUNWAVE-TVD,True,no explicit vendor marker found; retained in denominator,False,True,False,False,False,False,True,False,False,False,True,_staging/total-read/pending/reread-20260728/reread20260728-doc-FUNWAVE-003-codex-20260811T012324Z-fff9d639/d0a9600b094e173f7d7e4511c6075b1a49e221c149eb966679846c3387715adb.json,1,models/FUNWAVE/raw/source_code/FUNWAVE-TVD/benchmarks/sph_sol_plane_mea/postprocessing/sph_sol_mea_prof2_v20.eps,
models/FUNWAVE/raw/source_code/FUNWAVE-TVD/benchmarks/sph_sol_plane_mea/postprocessing/sph_sol_mea_prof2_v20.pdf,731d1e7f5b1276807bb4ef8f6806cc888ec39cbad59b9006af7af598c0df273e,76157,application/pdf,.pdf,manual-or-paper-pdf,FUNWAVE-TVD,True,no explicit vendor marker found; retained in denominator,False,False,False,False,False,False,False,False,False,True,False,_staging/total-read/records/binauto-code_FUNWAVE.jsonl,1,models/FUNWAVE/raw/source_code/FUNWAVE-TVD/benchmarks/sph_sol_plane_mea/postprocessing/sph_sol_mea_prof2_v20.pdf,
models/FUNWAVE/raw/source_code/FUNWAVE-TVD/benchmarks/sph_sol_plane_statis/convergence.eps,f26591d61796ccd99376c0be64732f71eae325b05da6b1240d0751a908227a82,27930,application/postscript,.eps,image-or-media,FUNWAVE-TVD,True,no explicit vendor marker found; retained in denominator,False,True,False,False,False,False,True,False,False,False,True,_staging/total-read/pending/reread-20260728/reread20260728-doc-FUNWAVE-003-codex-20260811T012324Z-fff9d639/23feda765a97c202bba272694d2a11932c391fd3c34caa03cff2ecc8a6b5e590.json,1,models/FUNWAVE/raw/source_code/FUNWAVE-TVD/benchmarks/sph_sol_plane_statis/convergence.eps,
models/FUNWAVE/raw/source_code/FUNWAVE-TVD/benchmarks/sph_sol_plane_statis/convergence_v20.eps,cec9a191586f60bf0bea9d13a4afd0a5f649f00819a5e3fdc5c9cb918c2a5c5e,27934,application/postscript,.eps,image-or-media,FUNWAVE-TVD,True,no explicit vendor marker found; retained in denominator,False,True,False,False,False,False,True,False,False,False,True,_staging/total-read/pending/reread-20260728/reread20260728-doc-FUNWAVE-003-codex-20260811T012324Z-fff9d639/bef0df4263f696fd84f6b5327b80e1c2071d8953380423402bb83829818baeb7.json,1,models/FUNWAVE/raw/source_code/FUNWAVE-TVD/benchmarks/sph_sol_plane_statis/convergence_v20.eps,
models/FUNWAVE/raw/source_code/FUNWAVE-TVD/benchmarks/sph_sol_plane_statis/convergence_v20.pdf,8c87a8774fd9c6d939fd75ba2ac0ad87d34b8665fff0e1f294f4876709f91147,16390,application/pdf,.pdf,manual-or-paper-pdf,FUNWAVE-TVD,True,no explicit vendor marker found; retained in denominator,False,False,False,False,False,False,False,False,False,True,False,_staging/total-read/records/binauto-code_FUNWAVE.jsonl,1,models/FUNWAVE/raw/source_code/FUNWAVE-TVD/benchmarks/sph_sol_plane_statis/convergence_v20.pdf,
models/FUNWAVE/raw/source_code/FUNWAVE-TVD/benchmarks/sph_sol_plane_statis/draw_convergence.m,0f3645fff1d8537e95ae93b58093adee9671149b026d69c5d2d9d97188dc90f4,193,text/plain,.m,script-source,FUNWAVE-TVD,True,no explicit vendor marker found; retained in denominator,True,True,True,True,True,True,False,False,False,False,True,_staging/total-read/pending/reread-20260728/reread20260728-code-FUNWAVE-000-codexaudit-20260826T022956Z-b1ecf500/484d983a137d0578cd042f2dd804f23a9d84eae93391026a3bc3b8d849b0721d.json | _staging/total-read/pending/reread-20260728/reread20260728-code-FUNWAVE-000-fable5-20260813T012841Z-2131dcc5/484d983a137d0578cd042f2dd804f23a9d84eae93391026a3bc3b8d849b0721d.json | _staging/total-read/records-crosswalk/reread-20260728/FUNWAVE-000/FUNWAVE__raw__source_code__FUNWAVE-TVD__benchmarks__sph_sol_plane_statis__draw_convergence.m.crosswalk.json,1,models/FUNWAVE/raw/source_code/FUNWAVE-TVD/benchmarks/sph_sol_plane_statis/draw_convergence.m,
models/FUNWAVE/raw/source_code/FUNWAVE-TVD/benchmarks/sph_sol_plane_statis/input.txt,ffb7db56a9781b012a72826e40fedf88f57d06424a2fffffa098db05db0bc58b,7264,text/plain,.txt,documentation-or-build-text,FUNWAVE-TVD,True,no explicit vendor marker found; retained in denominator,False,True,False,False,False,False,True,False,False,False,True,_staging/total-read/pending/reread-20260728/reread20260728-doc-FUNWAVE-003-codex-20260811T012324Z-fff9d639/320a381f3bfdb79c651bf87221cd9cba8282ab7f11ef778e2442613bf5188aa6.json,1,models/FUNWAVE/raw/source_code/FUNWAVE-TVD/benchmarks/sph_sol_plane_statis/input.txt,
models/FUNWAVE/raw/source_code/FUNWAVE-TVD/benchmarks/sph_sol_plane_statis/input_s10_h100_1.txt,480eeaf920bca029382ed5d7c1b2d05b4bf8a91b7913b3caf58360cfc8dc18a3,7272,text/plain,.txt,documentation-or-build-text,FUNWAVE-TVD,True,no explicit vendor marker found; retained in denominator,False,True,False,False,False,False,True,False,False,False,True,_staging/total-read/pending/reread-20260728/reread20260728-doc-FUNWAVE-003-codex-20260811T012324Z-fff9d639/e1ec5b8ec7af7d87a7dd4e97d4e059f19c43cc9a0d437cb9500533905db5eb4b.json,1,models/FUNWAVE/raw/source_code/FUNWAVE-TVD/benchmarks/sph_sol_plane_statis/input_s10_h100_1.txt,
models/FUNWAVE/raw/source_code/FUNWAVE-TVD/benchmarks/sph_sol_plane_statis/input_s10_h100_2.txt,def56edc276b90b3dad57765c8ab265f9b0fa6d0e207d06e06db96c1dfa06435,7271,text/plain,.txt,documentation-or-build-text,FUNWAVE-TVD,True,no explicit vendor marker found; retained in denominator,False,True,False,False,False,False,True,False,False,False,True,_staging/total-read/pending/reread-20260728/reread20260728-doc-FUNWAVE-003-codex-20260811T012324Z-fff9d639/17b514a6745abd9f7cd3c87f40225131997948c02ddc0915b6dec9f9d540c838.json,1,models/FUNWAVE/raw/source_code/FUNWAVE-TVD/benchmarks/sph_sol_plane_statis/input_s10_h100_2.txt,
models/FUNWAVE/raw/source_code/FUNWAVE-TVD/benchmarks/sph_sol_plane_statis/input_s10_h100_5.txt,b612728f6e10ffc558f8fa4618e484c5e444372c590322574ec8ecec46231c41,7271,text/plain,.txt,documentation-or-build-text,FUNWAVE-TVD,True,no explicit vendor marker found; retained in denominator,False,True,False,False,False,False,True,False,False,False,True,_staging/total-read/pending/reread-20260728/reread20260728-doc-FUNWAVE-003-codex-20260811T012324Z-fff9d639/803ba36bed5998c3998f5789fa9468199693e8731c38e15bf35c8694417ad73a.json,1,models/FUNWAVE/raw/source_code/FUNWAVE-TVD/benchmarks/sph_sol_plane_statis/input_s10_h100_5.txt,
models/FUNWAVE/raw/source_code/FUNWAVE-TVD/benchmarks/sph_sol_plane_statis/input_s10_h10_a.1.txt,92033bbe7444fb303905fcdc74599b4db469f5889958c2ac59c3aefe9bcb54fc,7265,text/plain,.txt,documentation-or-build-text,FUNWAVE-TVD,True,no explicit vendor marker found; retained in denominator,False,True,False,False,False,False,True,False,False,False,True,_staging/total-read/pending/reread-20260728/reread20260728-doc-FUNWAVE-003-codex-20260811T012324Z-fff9d639/14772db4b3b7acf8c9fcf6d3af5645fe005b538f0a9391f698a22098556b4b0c.json,1,models/FUNWAVE/raw/source_code/FUNWAVE-TVD/benchmarks/sph_sol_plane_statis/input_s10_h10_a.1.txt,
models/FUNWAVE/raw/source_code/FUNWAVE-TVD/benchmarks/sph_sol_plane_statis/input_s10_h10_a.2.txt,2bae4259430b3aea91a0ecd434db6c2ffd7dd7ef78df04c5e5854e14dadca45a,7265,text/plain,.txt,documentation-or-build-text,FUNWAVE-TVD,True,no explicit vendor marker found; retained in denominator,False,True,False,False,False,False,True,False,False,False,True,_staging/total-read/pending/reread-20260728/reread20260728-doc-FUNWAVE-003-codex-20260811T012324Z-fff9d639/a3e49151f56eec1d73b2d66937eb2ab709a11883f4134075764fdea2d7c613fc.json,1,models/FUNWAVE/raw/source_code/FUNWAVE-TVD/benchmarks/sph_sol_plane_statis/input_s10_h10_a.2.txt,
models/FUNWAVE/raw/source_code/FUNWAVE-TVD/benchmarks/sph_sol_plane_statis/input_s10_h10_a.5.txt,7510e692ffe5b4a4dd0a5da805e8a793c039dd58aab59096b121b0bd4ae2ec92,7265,text/plain,.txt,documentation-or-build-text,FUNWAVE-TVD,True,no explicit vendor marker found; retained in denominator,False,True,False,False,False,False,True,False,False,False,True,_staging/total-read/pending/reread-20260728/reread20260728-doc-FUNWAVE-003-codex-20260811T012324Z-fff9d639/5b6c03d914076333bb02cdb21bd3d999f525a5c8e04dc636751f3ad2cc781018.json,2,models/FUNWAVE/raw/source_code/FUNWAVE-TVD/benchmarks/sph_sol_plane_statis/input_s10_h10_a.5.txt,models/FUNWAVE/raw/source_code/FUNWAVE-TVD/benchmarks/sph_sol_plane_statis/input_s10_h10_a.5.txt | models/FUNWAVE/raw/source_code/FUNWAVE-TVD/benchmarks/sph_sol_plane_statis/input_s10h10a.5dx.25.txt
models/FUNWAVE/raw/source_code/FUNWAVE-TVD/benchmarks/sph_sol_plane_statis/input_s10_h1_a.01.txt,e1ff6097e14480a772a59bbef21e5db0cb9743179d2209eddac647d99fbbe1d5,7262,text/plain,.txt,documentation-or-build-text,FUNWAVE-TVD,True,no explicit vendor marker found; retained in denominator,False,True,False,False,False,False,True,False,False,False,True,_staging/total-read/pending/reread-20260728/reread20260728-doc-FUNWAVE-003-codex-20260811T012324Z-fff9d639/d63216cf55c89c1647ab73eb1853516afee61be878d6369b77b1c1822a94c82a.json,1,models/FUNWAVE/raw/source_code/FUNWAVE-TVD/benchmarks/sph_sol_plane_statis/input_s10_h1_a.01.txt,
models/FUNWAVE/raw/source_code/FUNWAVE-TVD/benchmarks/sph_sol_plane_statis/input_s10_h1_a.02.txt,8e91af336e7246fb44259bfef09f93d696b97c42a969d552c78782a57eb66bee,7263,text/plain,.txt,documentation-or-build-text,FUNWAVE-TVD,True,no explicit vendor marker found; retained in denominator,False,True,False,False,False,False,True,False,False,False,True,_staging/total-read/pending/reread-20260728/reread20260728-doc-FUNWAVE-003-codex-20260811T012324Z-fff9d639/acade20273a0545789eb50d35218ffc40a2b78d4641b393f24062b48a2e87a8a.json,1,models/FUNWAVE/raw/source_code/FUNWAVE-TVD/benchmarks/sph_sol_plane_statis/input_s10_h1_a.02.txt,
models/FUNWAVE/raw/source_code/FUNWAVE-TVD/benchmarks/sph_sol_plane_statis/input_s10_h1_a.05.txt,cefcd4ea8a65436109e7b402959bd4690167836dad806fe4ba84294924b10963,7263,text/plain,.txt,documentation-or-build-text,FUNWAVE-TVD,True,no explicit vendor marker found; retained in denominator,False,True,False,False,False,False,True,False,False,False,True,_staging/total-read/pending/reread-20260728/reread20260728-doc-FUNWAVE-003-codex-20260811T012324Z-fff9d639/7f9c3c5435dd88440d657ea09600476261686bbe513c864f51357f50f41d4e40.json,1,models/FUNWAVE/raw/source_code/FUNWAVE-TVD/benchmarks/sph_sol_plane_statis/input_s10_h1_a.05.txt,
models/FUNWAVE/raw/source_code/FUNWAVE-TVD/benchmarks/sph_sol_plane_statis/input_s10_h1k_a10.txt,6f112e50b251bd9e6dd6010bb2d547518b11df95781a91c87806e8d8b5628817,7284,text/plain,.txt,documentation-or-build-text,FUNWAVE-TVD,True,no explicit vendor marker found; retained in denominator,False,True,False,False,False,False,True,False,False,False,True,_staging/total-read/pending/reread-20260728/reread20260728-doc-FUNWAVE-003-codex-20260811T012324Z-fff9d639/d1f113d749f9bbaafe0562235b07a79eca5eb5389e3b330660299432ee942cf0.json,1,models/FUNWAVE/raw/source_code/FUNWAVE-TVD/benchmarks/sph_sol_plane_statis/input_s10_h1k_a10.txt,
models/FUNWAVE/raw/source_code/FUNWAVE-TVD/benchmarks/sph_sol_plane_statis/input_s10_h1k_a20.txt,75baa7c2e0f312aa8ec09c20e825934b616bd2ea1b080a4224226563d7ea6a7f,7284,text/plain,.txt,documentation-or-build-text,FUNWAVE-TVD,True,no explicit vendor marker found; retained in denominator,False,True,False,False,False,False,True,False,False,False,True,_staging/total-read/pending/reread-20260728/reread20260728-doc-FUNWAVE-003-codex-20260811T012324Z-fff9d639/58da4592904dced1fa1ed657ef12cb26477078660cdbe6fc1cc86307ea5bdb03.json,1,models/FUNWAVE/raw/source_code/FUNWAVE-TVD/benchmarks/sph_sol_plane_statis/input_s10_h1k_a20.txt,
models/FUNWAVE/raw/source_code/FUNWAVE-TVD/benchmarks/sph_sol_plane_statis/input_s10h10a.2dx.125.txt,d9f1003976bb3451c09cc2ef91b18858de3ce1d53b85de3cce9b0104e19f1157,7266,text/plain,.txt,documentation-or-build-text,FUNWAVE-TVD,True,no explicit vendor marker found; retained in denominator,False,True,False,False,False,False,True,False,False,False,True,_staging/total-read/pending/reread-20260728/reread20260728-doc-FUNWAVE-003-codex-20260811T012324Z-fff9d639/e3321ee8512c9e1db880ba5ac5ab43971bca6e196bd1aeb0851eb666ee52e05e.json,1,models/FUNWAVE/raw/source_code/FUNWAVE-TVD/benchmarks/sph_sol_plane_statis/input_s10h10a.2dx.125.txt,
models/FUNWAVE/raw/source_code/FUNWAVE-TVD/benchmarks/sph_sol_plane_statis/input_s10h10a.2dx.2.txt,2fa7d1a80765b406b8d7de5ee6289da7db80dda0102e6b24c3b8e0a0106342d7,7264,text/plain,.txt,documentation-or-build-text,FUNWAVE-TVD,True,no explicit vendor marker found; retained in denominator,False,True,False,False,False,False,True,False,False,False,True,_staging/total-read/pending/reread-20260728/reread20260728-doc-FUNWAVE-003-codex-20260811T012324Z-fff9d639/5c258f71f116aaf21dd6a13d812329ed2c65329f88c7ea7cfd54b67b4683a392.json,1,models/FUNWAVE/raw/source_code/FUNWAVE-TVD/benchmarks/sph_sol_plane_statis/input_s10h10a.2dx.2.txt,
models/FUNWAVE/raw/source_code/FUNWAVE-TVD/benchmarks/sph_sol_plane_statis/input_s10h10a.2dx.25.txt,c66998535cdd6df9df4773ccdf7020d87135bf851329685f995c54b54bf8c0bf,7263,text/plain,.txt,documentation-or-build-text,FUNWAVE-TVD,True,no explicit vendor marker found; retained in denominator,False,True,False,False,False,False,True,False,False,False,True,_staging/total-read/pending/reread-20260728/reread20260728-doc-FUNWAVE-003-codex-20260811T012324Z-fff9d639/b24be3f5c088d23c6e0868e9021adeb7ad03cab08a5fab8a4ec91dd1cb229edf.json,1,models/FUNWAVE/raw/source_code/FUNWAVE-TVD/benchmarks/sph_sol_plane_statis/input_s10h10a.2dx.25.txt,
models/FUNWAVE/raw/source_code/FUNWAVE-TVD/benchmarks/sph_sol_plane_statis/input_s10h10a.2dx.3.txt,60d55e991c9d30c5ddb97e4feee6242ad6f4553973478b757f66c79d1a7cdc0e,7263,text/plain,.txt,documentation-or-build-text,FUNWAVE-TVD,True,no explicit vendor marker found; retained in denominator,False,True,False,False,False,False,True,False,False,False,True,_staging/total-read/pending/reread-20260728/reread20260728-doc-FUNWAVE-003-codex-20260811T012324Z-fff9d639/65fc4b10fbca001e69e18848d92ec97ffd46c3d6ba38640bfd9f1daf322d8395.json,1,models/FUNWAVE/raw/source_code/FUNWAVE-TVD/benchmarks/sph_sol_plane_statis/input_s10h10a.2dx.3.txt,
models/FUNWAVE/raw/source_code/FUNWAVE-TVD/benchmarks/sph_sol_plane_statis/input_s10h10a.2dx.4.txt,c29cc752a79110f5125ca5007bd1775110f5b59a7c18656d9219475bbb7a05a6,7263,text/plain,.txt,documentation-or-build-text,FUNWAVE-TVD,True,no explicit vendor marker found; retained in denominator,False,True,False,False,False,False,True,False,False,False,True,_staging/total-read/pending/reread-20260728/reread20260728-doc-FUNWAVE-003-codex-20260811T012324Z-fff9d639/fcf4b2bb931b42dc87660f2066a08be97ee4045681c785b77a8bd00d636d63d2.json,1,models/FUNWAVE/raw/source_code/FUNWAVE-TVD/benchmarks/sph_sol_plane_statis/input_s10h10a.2dx.4.txt,
models/FUNWAVE/raw/source_code/FUNWAVE-TVD/benchmarks/sph_sol_plane_statis/input_s10h10a.2dx.5.txt,950459ebe21a2a31a20f50c263e3c0cff569a8273966ee8f9f7b0465c19676b1,7264,text/plain,.txt,documentation-or-build-text,FUNWAVE-TVD,True,no explicit vendor marker found; retained in denominator,False,True,False,False,False,False,True,False,False,False,True,_staging/total-read/pending/reread-20260728/reread20260728-doc-FUNWAVE-004-codex-20260811T012315Z-faa39b6d/a1d14854e32f2af8da9ca5701c8b96597e1c51162d6c46950b58e903668d6224.json,1,models/FUNWAVE/raw/source_code/FUNWAVE-TVD/benchmarks/sph_sol_plane_statis/input_s10h10a.2dx.5.txt,
models/FUNWAVE/raw/source_code/FUNWAVE-TVD/benchmarks/sph_sol_plane_statis/input_s10h10a.2dx1.txt,86b6ec07223b855501e4383c0ed85387654c226f2bdbcdccaa289172d5a8e9ba,7263,text/plain,.txt,documentation-or-build-text,FUNWAVE-TVD,True,no explicit vendor marker found; retained in denominator,False,True,False,False,False,False,True,False,False,False,True,_staging/total-read/pending/reread-20260728/reread20260728-doc-FUNWAVE-004-codex-20260811T012315Z-faa39b6d/af00923db39671a6ed30f474d16550e3e5c0dccbb5d9ae9058f8c9ec738a3d85.json,1,models/FUNWAVE/raw/source_code/FUNWAVE-TVD/benchmarks/sph_sol_plane_statis/input_s10h10a.2dx1.txt,
models/FUNWAVE/raw/source_code/FUNWAVE-TVD/benchmarks/sph_sol_plane_statis/input_s10h10a.2dx2.txt,97e726add37c9f2079db8410eb5cdf278f3fab829c6ba31c390e7e45b05bed31,7261,text/plain,.txt,documentation-or-build-text,FUNWAVE-TVD,True,no explicit vendor marker found; retained in denominator,False,True,False,False,False,False,True,False,False,False,True,_staging/total-read/pending/reread-20260728/reread20260728-doc-FUNWAVE-004-codex-20260811T012315Z-faa39b6d/a6fac51d864edf6c1a77b736e436c42794da2941c9fc5b89633212fb256369ed.json,1,models/FUNWAVE/raw/source_code/FUNWAVE-TVD/benchmarks/sph_sol_plane_statis/input_s10h10a.2dx2.txt,
models/FUNWAVE/raw/source_code/FUNWAVE-TVD/benchmarks/sph_sol_plane_statis/input_s10h10a.5dx.25.txt,7510e692ffe5b4a4dd0a5da805e8a793c039dd58aab59096b121b0bd4ae2ec92,7265,text/plain,.txt,documentation-or-build-text,FUNWAVE-TVD,True,no explicit vendor marker found; retained in denominator,False,True,False,False,False,False,True,False,False,False,True,_staging/total-read/pending/reread-20260728/reread20260728-doc-FUNWAVE-004-codex-20260811T012315Z-faa39b6d/d57dde9cd49e3cad7c34b9b56cee4eb4b5fcbc14bf08f99660ca83d40ec13f6f.json,2,models/FUNWAVE/raw/source_code/FUNWAVE-TVD/benchmarks/sph_sol_plane_statis/input_s10_h10_a.5.txt,models/FUNWAVE/raw/source_code/FUNWAVE-TVD/benchmarks/sph_sol_plane_statis/input_s10_h10_a.5.txt | models/FUNWAVE/raw/source_code/FUNWAVE-TVD/benchmarks/sph_sol_plane_statis/input_s10h10a.5dx.25.txt
models/FUNWAVE/raw/source_code/FUNWAVE-TVD/benchmarks/sph_sol_plane_statis/input_s20_h100_1.txt,f77ba7d74af95f81fef434903239a8041fad33cecf371904419ce75d4ce53354,7271,text/plain,.txt,documentation-or-build-text,FUNWAVE-TVD,True,no explicit vendor marker found; retained in denominator,False,True,False,False,False,False,True,False,False,False,True,_staging/total-read/pending/reread-20260728/reread20260728-doc-FUNWAVE-004-codex-20260811T012315Z-faa39b6d/759a19ca2f102bddcfe346e3c7cad10e49992ba1e9e07bd42bd2998d8006dec4.json,1,models/FUNWAVE/raw/source_code/FUNWAVE-TVD/benchmarks/sph_sol_plane_statis/input_s20_h100_1.txt,
models/FUNWAVE/raw/source_code/FUNWAVE-TVD/benchmarks/sph_sol_plane_statis/input_s20_h100_2.txt,f18fed5f5660a6ab637806f4a0fd774c4edf2485ba28b17e492b6396127ee514,7273,text/plain,.txt,documentation-or-build-text,FUNWAVE-TVD,True,no explicit vendor marker found; retained in denominator,False,True,False,False,False,False,True,False,False,False,True,_staging/total-read/pending/reread-20260728/reread20260728-doc-FUNWAVE-004-codex-20260811T012315Z-faa39b6d/2f25018947cfc4c0daa75be087bcb9c8a9cea5744875b5908120652bf6ab8edd.json,1,models/FUNWAVE/raw/source_code/FUNWAVE-TVD/benchmarks/sph_sol_plane_statis/input_s20_h100_2.txt,
models/FUNWAVE/raw/source_code/FUNWAVE-TVD/benchmarks/sph_sol_plane_statis/input_s20_h100_5.txt,7c77b8048de426296f578e826dcfbb9e760ec1e98a8ccc17c75c41d23d155ee5,7272,text/plain,.txt,documentation-or-build-text,FUNWAVE-TVD,True,no explicit vendor marker found; retained in denominator,False,True,False,False,False,False,True,False,False,False,True,_staging/total-read/pending/reread-20260728/reread20260728-doc-FUNWAVE-004-codex-20260811T012315Z-faa39b6d/47dbd1083181fd1d404010d6d69879a9aff8404b1bbb20a1b092283df3179eae.json,1,models/FUNWAVE/raw/source_code/FUNWAVE-TVD/benchmarks/sph_sol_plane_statis/input_s20_h100_5.txt,
models/FUNWAVE/raw/source_code/FUNWAVE-TVD/benchmarks/sph_sol_plane_statis/input_s20_h10_a.1.txt,3f6e07ce1269e3fa69d10bc91fd9d698171e5b604d0893d2fea0a622a9eb668d,7265,text/plain,.txt,documentation-or-build-text,FUNWAVE-TVD,True,no explicit vendor marker found; retained in denominator,False,True,False,False,False,False,True,False,False,False,True,_staging/total-read/pending/reread-20260728/reread20260728-doc-FUNWAVE-004-codex-20260811T012315Z-faa39b6d/cbc7b3c56c0efdd8494c9fb4ca6c2dd1053cf6f161572b49f5673801ae8fb6c4.json,1,models/FUNWAVE/raw/source_code/FUNWAVE-TVD/benchmarks/sph_sol_plane_statis/input_s20_h10_a.1.txt,
models/FUNWAVE/raw/source_code/FUNWAVE-TVD/benchmarks/sph_sol_plane_statis/input_s20_h10_a.2.txt,27579f223c97ff9aa8d12bcc2c222cfc0ad9043e634712557b0adf4d510345de,7265,text/plain,.txt,documentation-or-build-text,FUNWAVE-TVD,True,no explicit vendor marker found; retained in denominator,False,True,False,False,False,False,True,False,False,False,True,_staging/total-read/pending/reread-20260728/reread20260728-doc-FUNWAVE-004-codex-20260811T012315Z-faa39b6d/2bf3adfe2e8b80833dc6a6cada4691ae1a8acf3f5adc85326ecc3fb0ca9459a5.json,1,models/FUNWAVE/raw/source_code/FUNWAVE-TVD/benchmarks/sph_sol_plane_statis/input_s20_h10_a.2.txt,
models/FUNWAVE/raw/source_code/FUNWAVE-TVD/benchmarks/sph_sol_plane_statis/input_s20_h10_a.5.txt,1b9ada45602ddfd3abeb16a3ac83dcafd0d7febffb104d3365ea1d4c0c84af21,7265,text/plain,.txt,documentation-or-build-text,FUNWAVE-TVD,True,no explicit vendor marker found; retained in denominator,False,True,False,False,False,False,True,False,False,False,True,_staging/total-read/pending/reread-20260728/reread20260728-doc-FUNWAVE-004-codex-20260811T012315Z-faa39b6d/b132f757e63a63ca4d13d50815cb452c22245b9c57b0cecc35fbce4f92043db7.json,1,models/FUNWAVE/raw/source_code/FUNWAVE-TVD/benchmarks/sph_sol_plane_statis/input_s20_h10_a.5.txt,
models/FUNWAVE/raw/source_code/FUNWAVE-TVD/benchmarks/sph_sol_plane_statis/input_s20_h1_a.005.txt,17c8a9dfe773ddc3c1e18f5cdef21332ea01c2f4b4056f5bf05346157fd9d1ad,7264,text/plain,.txt,documentation-or-build-text,FUNWAVE-TVD,True,no explicit vendor marker found; retained in denominator,False,True,False,False,False,False,True,False,False,False,True,_staging/total-read/pending/reread-20260728/reread20260728-doc-FUNWAVE-004-codex-20260811T012315Z-faa39b6d/08eafb0da5a7b167bf4a4954d0fb67fd3c0b25dd1977d101b77ebbfc3dea5813.json,1,models/FUNWAVE/raw/source_code/FUNWAVE-TVD/benchmarks/sph_sol_plane_statis/input_s20_h1_a.005.txt,
models/FUNWAVE/raw/source_code/FUNWAVE-TVD/benchmarks/sph_sol_plane_statis/input_s20_h1_a.01.txt,98f4e6335bf4dc6cff14cd1bcfb6b7a2a4efd4b57d3c94cdd7392479d575ae03,7264,text/plain,.txt,documentation-or-build-text,FUNWAVE-TVD,True,no explicit vendor marker found; retained in denominator,False,True,False,False,False,False,True,False,False,False,True,_staging/total-read/pending/reread-20260728/reread20260728-doc-FUNWAVE-004-codex-20260811T012315Z-faa39b6d/dd273727f4ec02c1a5b235ac3dfc8c05ba6b01d3cee9eb299a60fbc596a3575e.json,1,models/FUNWAVE/raw/source_code/FUNWAVE-TVD/benchmarks/sph_sol_plane_statis/input_s20_h1_a.01.txt,
models/FUNWAVE/raw/source_code/FUNWAVE-TVD/benchmarks/sph_sol_plane_statis/input_s20_h1_a.02.txt,038f4da12663f8ecc615d8ab4897da06c0775397f4281a4e0715d527ef8a984c,7264,text/plain,.txt,documentation-or-build-text,FUNWAVE-TVD,True,no explicit vendor marker found; retained in denominator,False,True,False,False,False,False,True,False,False,False,True,_staging/total-read/pending/reread-20260728/reread20260728-doc-FUNWAVE-004-codex-20260811T012315Z-faa39b6d/f95cf4a34e6ce964081826c3553f10742688fa97fe1ac0f461b83116becd649b.json,1,models/FUNWAVE/raw/source_code/FUNWAVE-TVD/benchmarks/sph_sol_plane_statis/input_s20_h1_a.02.txt,
models/FUNWAVE/raw/source_code/FUNWAVE-TVD/benchmarks/sph_sol_plane_statis/input_s20_h1_a.05.txt,b04a9ad1aabe9ad14877e4638155d7e544d9596f68d9e1bfdfcb86cf6cb43e45,7263,text/plain,.txt,documentation-or-build-text,FUNWAVE-TVD,True,no explicit vendor marker found; retained in denominator,False,True,False,False,False,False,True,False,False,False,True,_staging/total-read/pending/reread-20260728/reread20260728-doc-FUNWAVE-004-codex-20260811T012315Z-faa39b6d/f9bfbf2ce37bd829fac9fdcf7d82bbe5dc9762dbe496d3e33d5a702f8f360513.json,1,models/FUNWAVE/raw/source_code/FUNWAVE-TVD/benchmarks/sph_sol_plane_statis/input_s20_h1_a.05.txt,
models/FUNWAVE/raw/source_code/FUNWAVE-TVD/benchmarks/sph_sol_plane_statis/input_s3_h100_1.txt,9fd6e9c0b8c432471ef26ea2d8aae5d9c79d4264a05d6c51e33610db65e2ea65,7275,text/plain,.txt,documentation-or-build-text,FUNWAVE-TVD,True,no explicit vendor marker found; retained in denominator,False,True,False,False,False,False,True,False,False,False,True,_staging/total-read/pending/reread-20260728/reread20260728-doc-FUNWAVE-004-codex-20260811T012315Z-faa39b6d/19c98d51cb1f184ba920ac380614121fe899c1f38a35f7ce90accc4014db6f2d.json,1,models/FUNWAVE/raw/source_code/FUNWAVE-TVD/benchmarks/sph_sol_plane_statis/input_s3_h100_1.txt,
models/FUNWAVE/raw/source_code/FUNWAVE-TVD/benchmarks/sph_sol_plane_statis/input_s3_h100_2.txt,412a9f3acb20544b141c591e62b2bdd25d9c6afec1ad50afd4ac35be5c7fbd8a,7275,text/plain,.txt,documentation-or-build-text,FUNWAVE-TVD,True,no explicit vendor marker found; retained in denominator,False,True,False,False,False,False,True,False,False,False,True,_staging/total-read/pending/reread-20260728/reread20260728-doc-FUNWAVE-004-codex-20260811T012315Z-faa39b6d/02b58ba9c32b87e9c0598c27782621be515674dd20f69608edb16cf401c4ea74.json,1,models/FUNWAVE/raw/source_code/FUNWAVE-TVD/benchmarks/sph_sol_plane_statis/input_s3_h100_2.txt,
models/FUNWAVE/raw/source_code/FUNWAVE-TVD/benchmarks/sph_sol_plane_statis/input_s3_h100_5.txt,cbc45f534237c1a89bd61bad9bb9d2dd9fb69f3a15805ef0451c8233eaf1a0d5,7275,text/plain,.txt,documentation-or-build-text,FUNWAVE-TVD,True,no explicit vendor marker found; retained in denominator,False,True,False,False,False,False,True,False,False,False,True,_staging/total-read/pending/reread-20260728/reread20260728-doc-FUNWAVE-004-codex-20260811T012315Z-faa39b6d/978fe5bac35ffe3259471d1cd9b958f42b8f00f3fa012301c3783b6234109c74.json,1,models/FUNWAVE/raw/source_code/FUNWAVE-TVD/benchmarks/sph_sol_plane_statis/input_s3_h100_5.txt,
models/FUNWAVE/raw/source_code/FUNWAVE-TVD/benchmarks/sph_sol_plane_statis/input_s3_h10_a.1.txt,b08cd5da52e052250637c54297ec69194ab73da5784296f53891b1b833662a2d,7267,text/plain,.txt,documentation-or-build-text,FUNWAVE-TVD,True,no explicit vendor marker found; retained in denominator,False,True,False,False,False,False,True,False,False,False,True,_staging/total-read/pending/reread-20260728/reread20260728-doc-FUNWAVE-004-codex-20260811T012315Z-faa39b6d/c042162f27b38d198ca808fb73d78d02bf2e55c65b17de890895ae5b20fe1b9c.json,1,models/FUNWAVE/raw/source_code/FUNWAVE-TVD/benchmarks/sph_sol_plane_statis/input_s3_h10_a.1.txt,
models/FUNWAVE/raw/source_code/FUNWAVE-TVD/benchmarks/sph_sol_plane_statis/input_s3_h10_a.2.txt,a58cb9f99134322dac12771d2b20926611c13dc98dc58d36d74e23e804106b58,7267,text/plain,.txt,documentation-or-build-text,FUNWAVE-TVD,True,no explicit vendor marker found; retained in denominator,False,True,False,False,False,False,True,False,False,False,True,_staging/total-read/pending/reread-20260728/reread20260728-doc-FUNWAVE-004-codex-20260811T012315Z-faa39b6d/e5fdda5924a26b25c4fe5451014c9177ebecec913bd6563d7b367dad5d30482a.json,1,models/FUNWAVE/raw/source_code/FUNWAVE-TVD/benchmarks/sph_sol_plane_statis/input_s3_h10_a.2.txt,
models/FUNWAVE/raw/source_code/FUNWAVE-TVD/benchmarks/sph_sol_plane_statis/input_s3_h10_a.5.txt,fd7e7aaf3c6ca5e2697c9249e79c00737515ec5b1e3f1c934b2b4518aa909d8a,7268,text/plain,.txt,documentation-or-build-text,FUNWAVE-TVD,True,no explicit vendor marker found; retained in denominator,False,True,False,False,False,False,True,False,False,False,True,_staging/total-read/pending/reread-20260728/reread20260728-doc-FUNWAVE-004-codex-20260811T012315Z-faa39b6d/e0f3d149c11a12c941c2d683b0bf933e753ebe40f2d0c6e5de13001d04ed7d3e.json,1,models/FUNWAVE/raw/source_code/FUNWAVE-TVD/benchmarks/sph_sol_plane_statis/input_s3_h10_a.5.txt,
models/FUNWAVE/raw/source_code/FUNWAVE-TVD/benchmarks/sph_sol_plane_statis/input_s3_h1_a.01.txt,610438015c1c72743587efdb9334eefee07d20fd7be48fbfe4884e0c5c990323,7267,text/plain,.txt,documentation-or-build-text,FUNWAVE-TVD,True,no explicit vendor marker found; retained in denominator,False,True,False,False,False,False,True,False,False,False,True,_staging/total-read/pending/reread-20260728/reread20260728-doc-FUNWAVE-004-codex-20260811T012315Z-faa39b6d/f6df86b3814df5071ced8f86c1d17118032bd2d2a052c4b1f5a038c243066447.json,1,models/FUNWAVE/raw/source_code/FUNWAVE-TVD/benchmarks/sph_sol_plane_statis/input_s3_h1_a.01.txt,
models/FUNWAVE/raw/source_code/FUNWAVE-TVD/benchmarks/sph_sol_plane_statis/input_s3_h1_a.02.txt,26dfa474a547281d28237973cfe5924c0c26d90039eb2d7babb8fb831e792701,7266,text/plain,.txt,documentation-or-build-text,FUNWAVE-TVD,True,no explicit vendor marker found; retained in denominator,False,True,False,False,False,False,True,False,False,False,True,_staging/total-read/pending/reread-20260728/reread20260728-doc-FUNWAVE-004-codex-20260811T012315Z-faa39b6d/ecfd5aff4efb91068fc030db66e358effa9d48e27c8aa2d18f17cf6ceca6f936.json,1,models/FUNWAVE/raw/source_code/FUNWAVE-TVD/benchmarks/sph_sol_plane_statis/input_s3_h1_a.02.txt,
models/FUNWAVE/raw/source_code/FUNWAVE-TVD/benchmarks/sph_sol_plane_statis/input_s3_h1_a.05.txt,6825ad938d62efac218c175fef796a8c93978c29b9318915f9296c8646fc1b34,7265,text/plain,.txt,documentation-or-build-text,FUNWAVE-TVD,True,no explicit vendor marker found; retained in denominator,False,True,False,False,False,False,True,False,False,False,True,_staging/total-read/pending/reread-20260728/reread20260728-doc-FUNWAVE-004-codex-20260811T012315Z-faa39b6d/e60c5eaba51cfacadf95fe0d5da5785fe1bc1336264f701709b38df0c3ddb94c.json,1,models/FUNWAVE/raw/source_code/FUNWAVE-TVD/benchmarks/sph_sol_plane_statis/input_s3_h1_a.05.txt,
models/FUNWAVE/raw/source_code/FUNWAVE-TVD/benchmarks/sph_sol_plane_statis/input_s3_h1_a.1.txt,762f07b11b334dc052f97bac629a3da3f7daaf4157625f54f6dfb248657275a8,7265,text/plain,.txt,documentation-or-build-text,FUNWAVE-TVD,True,no explicit vendor marker found; retained in denominator,False,True,False,False,False,False,True,False,False,False,True,_staging/total-read/pending/reread-20260728/reread20260728-doc-FUNWAVE-004-codex-20260811T012315Z-faa39b6d/29f8bcbdb49802ecb3e272864edcc910166d121df9941f7ad26e7431e897c38b.json,1,models/FUNWAVE/raw/source_code/FUNWAVE-TVD/benchmarks/sph_sol_plane_statis/input_s3_h1_a.1.txt,
models/FUNWAVE/raw/source_code/FUNWAVE-TVD/benchmarks/sph_sol_plane_statis/input_s3_h1_a.2.txt,15509db7132a755455a86d35e9300bc1da7442799d72d778790eabfd975a7841,7265,text/plain,.txt,documentation-or-build-text,FUNWAVE-TVD,True,no explicit vendor marker found; retained in denominator,False,True,False,False,False,False,True,False,False,False,True,_staging/total-read/pending/reread-20260728/reread20260728-doc-FUNWAVE-004-codex-20260811T012315Z-faa39b6d/059d00a884c38ce73ffebcc2a5e0300021384f51dcabf4ce15a969879bcf66d0.json,1,models/FUNWAVE/raw/source_code/FUNWAVE-TVD/benchmarks/sph_sol_plane_statis/input_s3_h1_a.2.txt,
models/FUNWAVE/raw/source_code/FUNWAVE-TVD/benchmarks/sph_sol_plane_statis/readme_results.txt,544652a99047076e8e12dce5e33206d93dbcd311e6104ab552cd254b54652d94,3114,text/plain,.txt,documentation-or-build-text,FUNWAVE-TVD,True,no explicit vendor marker found; retained in denominator,False,True,False,False,False,False,True,False,False,False,True,_staging/total-read/pending/reread-20260728/reread20260728-doc-FUNWAVE-004-codex-20260811T012315Z-faa39b6d/b9892261ab05b2a48b96181d6bd9b3d0f016a6ed500b2ebb2f792bcb962e8054.json,1,models/FUNWAVE/raw/source_code/FUNWAVE-TVD/benchmarks/sph_sol_plane_statis/readme_results.txt,
models/FUNWAVE/raw/source_code/FUNWAVE-TVD/doc/Intro-to-FUNWAVE-CHL-TN.pdf,c64426fa4f186eaa40ae46a5bd6d50a89bafd8233ed3f94a6a0298729479dd96,1988823,application/pdf,.pdf,manual-or-paper-pdf,FUNWAVE-TVD,True,no explicit vendor marker found; retained in denominator,False,False,False,False,False,False,False,False,False,True,False,_staging/total-read/records/binauto-code_FUNWAVE.jsonl,1,models/FUNWAVE/raw/source_code/FUNWAVE-TVD/doc/Intro-to-FUNWAVE-CHL-TN.pdf,
models/FUNWAVE/raw/source_code/FUNWAVE-TVD/doc/funwave_code_analysis.pdf,d372215f12e1eaf4f83b97da7fca86cd5d3f3f8c0b028e9233dc3088dea518af,3187507,application/pdf,.pdf,manual-or-paper-pdf,FUNWAVE-TVD,True,no explicit vendor marker found; retained in denominator,False,False,False,False,False,False,False,False,False,True,False,_staging/total-read/records/binauto-code_FUNWAVE.jsonl,1,models/FUNWAVE/raw/source_code/FUNWAVE-TVD/doc/funwave_code_analysis.pdf,
models/FUNWAVE/raw/source_code/FUNWAVE-TVD/doc/funwave_tvd_2.1_manual.pdf,9a1116cfa05f52bd83c50ebe0e2d37089d705c42a35c71329eee58acf197968e,1707461,application/pdf,.pdf,manual-or-paper-pdf,FUNWAVE-TVD,True,no explicit vendor marker found; retained in denominator,False,False,False,False,False,False,False,False,False,True,False,_staging/total-read/records/binauto-code_FUNWAVE.jsonl,1,models/FUNWAVE/raw/source_code/FUNWAVE-TVD/doc/funwave_tvd_2.1_manual.pdf,
models/FUNWAVE/raw/source_code/FUNWAVE-TVD/doc/funwave_tvd_3.0.pdf,bb4bf58990566741e9c5f69bdf094d59427c167851dc0ea83b9aae29ea7bdc9c,2954029,application/pdf,.pdf,manual-or-paper-pdf,FUNWAVE-TVD,True,no explicit vendor marker found; retained in denominator,False,False,False,False,False,False,False,False,False,True,False,_staging/total-read/records/binauto-code_FUNWAVE.jsonl,1,models/FUNWAVE/raw/source_code/FUNWAVE-TVD/doc/funwave_tvd_3.0.pdf,
models/FUNWAVE/raw/source_code/FUNWAVE-TVD/doc/funwave_tvd_3.0.tex,4c3c1c2fb826fc65990f777a152097d531f8a318d78912bb5b0c9a5189177e17,155475,text/x-tex,.tex,documentation-or-build-text,FUNWAVE-TVD,True,no explicit vendor marker found; retained in denominator,False,True,False,False,False,False,True,False,False,False,True,_staging/total-read/pending/reread-20260728/reread20260728-doc-FUNWAVE-004-codex-20260811T012315Z-faa39b6d/bcb5c54da89b2b3d6db0d4a4503f9a968a5c551afca6dd063a7ff5e624574576.json,1,models/FUNWAVE/raw/source_code/FUNWAVE-TVD/doc/funwave_tvd_3.0.tex,
models/FUNWAVE/raw/source_code/FUNWAVE-TVD/funwave-work/.DS_Store,d65165279105ca6773180500688df4bdc69a2c7b771752f0a46ef120b7fd8ec3,6148,application/octet-stream,[none],other-binary-or-data,FUNWAVE-TVD,True,no explicit vendor marker found; retained in denominator,False,False,False,False,False,False,False,False,False,True,False,_staging/total-read/records/binauto-code_FUNWAVE.jsonl,14,models/FUNWAVE/raw/source_code/FUNWAVE-TVD/funwave-work/.DS_Store,models/FUNWAVE/raw/source_code/FUNWAVE-TVD/funwave-work/.DS_Store | models/FUNWAVE/raw/source_code/FUNWAVE-TVD/simple_cases/beach_2d_radiation/.DS_Store | models/FUNWAVE/raw/source_code/FUNWAVE-TVD/simple_cases/rain_on_hills/postprocessing/.DS_Store | models/FUNWAVE/raw/source_code/FUNWAVE-TVD/simple_cases/surface_wave_1d/input_files/.DS_Store | models/FUNWAVE/raw/source_code/FUNWAVE-TVD/simple_cases/tide_abs_1bc_constant/work/.DS_Store | models/FUNWAVE/raw/source_code/FUNWAVE-TVD/simple_cases/tide_abs_2bc_data/.DS_Store | models/FUNWAVE/raw/source_code/FUNWAVE-TVD/simple_cases/tide_frf_abc_data/plots/.DS_Store | models/FUNWAVE/raw/source_code/FUNWAVE-TVD/simple_cases/tide_gen_abs_data/.DS_Store | models/FUNWAVE/raw/source_code/FUNWAVE-TVD/simple_cases/tide_time_spectra/.DS_Store | models/FUNWAVE/raw/source_code/FUNWAVE-TVD/simple_cases/tohoku_tsunami/work/.DS_Store | models/FUNWAVE/raw/source_code/FUNWAVE-TVD/simple_cases/vertical_velocity_structure/plots/.DS_Store | models/FUNWAVE/raw/source_code/FUNWAVE-TVD/simple_cases/vessel_propeller_effect/vessel/.DS_Store | models/FUNWAVE/raw/source_code/FUNWAVE-TVD/simple_cases/vessel_propeller_effect/vessel_propeller/.DS_Store | models/FUNWAVE/raw/source_code/FUNWAVE-TVD/src/.DS_Store
models/FUNWAVE/raw/source_code/FUNWAVE-TVD/funwave-work/build/obj/bc.o,ffac759fbf217189158990701f3ef57d148de171a47d6f6c8a8e79c35395ab7e,66416,application/x-object,.o,generated-build,FUNWAVE-TVD,False,no explicit vendor marker found; retained in denominator,False,False,False,False,False,False,False,False,False,True,False,_staging/total-read/records/binauto-code_FUNWAVE.jsonl,1,models/FUNWAVE/raw/source_code/FUNWAVE-TVD/funwave-work/build/obj/bc.o,
models/FUNWAVE/raw/source_code/FUNWAVE-TVD/funwave-work/build/obj/breaker.o,bf57109598eec5177d320d81d02e3529d39f10df861a493d8134eee94281adf7,16632,application/x-object,.o,generated-build,FUNWAVE-TVD,False,no explicit vendor marker found; retained in denominator,False,False,False,False,False,False,False,False,False,True,False,_staging/total-read/records/binauto-code_FUNWAVE.jsonl,1,models/FUNWAVE/raw/source_code/FUNWAVE-TVD/funwave-work/build/obj/breaker.o,
models/FUNWAVE/raw/source_code/FUNWAVE-TVD/funwave-work/build/obj/derivatives.o,66b165513311b8ccc707f24af39da88e78a4d5d3a8479b58f67c3e47ad6d3bcd,16072,application/x-object,.o,generated-build,FUNWAVE-TVD,False,no explicit vendor marker found; retained in denominator,False,False,False,False,False,False,False,False,False,True,False,_staging/total-read/records/binauto-code_FUNWAVE.jsonl,1,models/FUNWAVE/raw/source_code/FUNWAVE-TVD/funwave-work/build/obj/derivatives.o,
models/FUNWAVE/raw/source_code/FUNWAVE-TVD/funwave-work/build/obj/dispersion.o,86f4c2a72cd2020c6cd6ae81dfc0e253d0e6016c1a1c8c6b47b750c49f1f2728,73072,application/x-object,.o,generated-build,FUNWAVE-TVD,False,no explicit vendor marker found; retained in denominator,False,False,False,False,False,False,False,False,False,True,False,_staging/total-read/records/binauto-code_FUNWAVE.jsonl,1,models/FUNWAVE/raw/source_code/FUNWAVE-TVD/funwave-work/build/obj/dispersion.o,
models/FUNWAVE/raw/source_code/FUNWAVE-TVD/funwave-work/build/obj/etauv_solver.o,b60d6bd76a0ecd27a64d74383a8374ce28644daff4c4e4575beded01f4935f32,59080,application/x-object,.o,generated-build,FUNWAVE-TVD,False,no explicit vendor marker found; retained in denominator,False,False,False,False,False,False,False,False,False,True,False,_staging/total-read/records/binauto-code_FUNWAVE.jsonl,1,models/FUNWAVE/raw/source_code/FUNWAVE-TVD/funwave-work/build/obj/etauv_solver.o,
models/FUNWAVE/raw/source_code/FUNWAVE-TVD/funwave-work/build/obj/fluxes.o,9bf818e549619494e944dda13ee67d03f9baf2b6799a51a2b1814351f9f8126c,254144,application/x-object,.o,generated-build,FUNWAVE-TVD,False,no explicit vendor marker found; retained in denominator,False,False,False,False,False,False,False,False,False,True,False,_staging/total-read/records/binauto-code_FUNWAVE.jsonl,1,models/FUNWAVE/raw/source_code/FUNWAVE-TVD/funwave-work/build/obj/fluxes.o,
models/FUNWAVE/raw/source_code/FUNWAVE-TVD/funwave-work/build/obj/init.o,0e6b116f3e0678b4078cfbe9dd75ccb0e2b8626232de0836ba000cfd61f2f1d4,417472,application/x-object,.o,generated-build,FUNWAVE-TVD,False,no explicit vendor marker found; retained in denominator,False,False,False,False,False,False,False,False,False,True,False,_staging/total-read/records/binauto-code_FUNWAVE.jsonl,1,models/FUNWAVE/raw/source_code/FUNWAVE-TVD/funwave-work/build/obj/init.o,
models/FUNWAVE/raw/source_code/FUNWAVE-TVD/funwave-work/build/obj/io.o,e447603e9fbaddbbabf2d0b34dda612823dc6ed0046c3668da3efc421dafe756,352056,application/x-object,.o,generated-build,FUNWAVE-TVD,False,no explicit vendor marker found; retained in denominator,False,False,False,False,False,False,False,False,False,True,False,_staging/total-read/records/binauto-code_FUNWAVE.jsonl,1,models/FUNWAVE/raw/source_code/FUNWAVE-TVD/funwave-work/build/obj/io.o,
models/FUNWAVE/raw/source_code/FUNWAVE-TVD/funwave-work/build/obj/main.o,69f15f22d137bd747d00f2a446244b2e631a880e9a35ea89e33d1a822e62051b,22584,application/x-object,.o,generated-build,FUNWAVE-TVD,False,no explicit vendor marker found; retained in denominator,False,False,False,False,False,False,False,False,False,True,False,_staging/total-read/records/binauto-code_FUNWAVE.jsonl,1,models/FUNWAVE/raw/source_code/FUNWAVE-TVD/funwave-work/build/obj/main.o,
models/FUNWAVE/raw/source_code/FUNWAVE-TVD/funwave-work/build/obj/masks.o,f8328bba4e1ff0394c88026c3612a14db6ed2b3ddf308594b8d50059ea30b371,22320,application/x-object,.o,generated-build,FUNWAVE-TVD,False,no explicit vendor marker found; retained in denominator,False,False,False,False,False,False,False,False,False,True,False,_staging/total-read/records/binauto-code_FUNWAVE.jsonl,1,models/FUNWAVE/raw/source_code/FUNWAVE-TVD/funwave-work/build/obj/masks.o,
models/FUNWAVE/raw/source_code/FUNWAVE-TVD/funwave-work/build/obj/misc.o,6ffd38a0f99de2964cd045999f1af094520c69ad29af0cd1aac744afdb0801f6,31384,application/x-object,.o,generated-build,FUNWAVE-TVD,False,no explicit vendor marker found; retained in denominator,False,False,False,False,False,False,False,False,False,True,False,_staging/total-read/records/binauto-code_FUNWAVE.jsonl,1,models/FUNWAVE/raw/source_code/FUNWAVE-TVD/funwave-work/build/obj/misc.o,
models/FUNWAVE/raw/source_code/FUNWAVE-TVD/funwave-work/build/obj/mixing.o,2029cf8181dc3b4424f5d43e183dcc89921751d147dd343881deaeca5f99a041,144960,application/x-object,.o,generated-build,FUNWAVE-TVD,False,no explicit vendor marker found; retained in denominator,False,False,False,False,False,False,False,False,False,True,False,_staging/total-read/records/binauto-code_FUNWAVE.jsonl,1,models/FUNWAVE/raw/source_code/FUNWAVE-TVD/funwave-work/build/obj/mixing.o,
models/FUNWAVE/raw/source_code/FUNWAVE-TVD/funwave-work/build/obj/mod_bathy_correction.o,712430b843042a49ec4c97ee14e6c16d695255bad85439c12c6e421c83422069,45776,application/x-object,.o,generated-build,FUNWAVE-TVD,False,no explicit vendor marker found; retained in denominator,False,False,False,False,False,False,False,False,False,True,False,_staging/total-read/records/binauto-code_FUNWAVE.jsonl,1,models/FUNWAVE/raw/source_code/FUNWAVE-TVD/funwave-work/build/obj/mod_bathy_correction.o,
models/FUNWAVE/raw/source_code/FUNWAVE-TVD/funwave-work/build/obj/mod_foam.o,8dbbf067bfc8f3536f9728953ae3d2cbdeee8c40c69f912183269d12fdbaf591,824,application/x-object,.o,generated-build,FUNWAVE-TVD,False,no explicit vendor marker found; retained in denominator,False,False,False,False,False,False,False,False,False,True,False,_staging/total-read/records/binauto-code_FUNWAVE.jsonl,1,models/FUNWAVE/raw/source_code/FUNWAVE-TVD/funwave-work/build/obj/mod_foam.o,
models/FUNWAVE/raw/source_code/FUNWAVE-TVD/funwave-work/build/obj/mod_global.o,ca8007462e824cbbf11f962f3d43b500fb6d9ae9fd66fd00c76da8b6926387a5,24320,application/x-object,.o,generated-build,FUNWAVE-TVD,False,no explicit vendor marker found; retained in denominator,False,False,False,False,False,False,False,False,False,True,False,_staging/total-read/records/binauto-code_FUNWAVE.jsonl,1,models/FUNWAVE/raw/source_code/FUNWAVE-TVD/funwave-work/build/obj/mod_global.o,
models/FUNWAVE/raw/source_code/FUNWAVE-TVD/funwave-work/build/obj/mod_input.o,58190443683fc87d71b87092a368371fc4c0e8b38d2305a6da1aa29e419a5a04,16648,application/x-object,.o,generated-build,FUNWAVE-TVD,False,no explicit vendor marker found; retained in denominator,False,False,False,False,False,False,False,False,False,True,False,_staging/total-read/records/binauto-code_FUNWAVE.jsonl,1,models/FUNWAVE/raw/source_code/FUNWAVE-TVD/funwave-work/build/obj/mod_input.o,
models/FUNWAVE/raw/source_code/FUNWAVE-TVD/funwave-work/build/obj/mod_meteo.o,259857efb61c94d7a8a8bb9cafe4813c25ec9023b3be1f8f391880a0889e0f38,824,application/x-object,.o,generated-build,FUNWAVE-TVD,False,no explicit vendor marker found; retained in denominator,False,False,False,False,False,False,False,False,False,True,False,_staging/total-read/records/binauto-code_FUNWAVE.jsonl,1,models/FUNWAVE/raw/source_code/FUNWAVE-TVD/funwave-work/build/obj/mod_meteo.o,
models/FUNWAVE/raw/source_code/FUNWAVE-TVD/funwave-work/build/obj/mod_parallel_field_io.o,9ab7d0f3d0c95d0d73bb78298b1480ab2f6ca9ab3c4f6f601ab5d234a38a2bfe,19992,application/x-object,.o,generated-build,FUNWAVE-TVD,False,no explicit vendor marker found; retained in denominator,False,False,False,False,False,False,False,False,False,True,False,_staging/total-read/records/binauto-code_FUNWAVE.jsonl,1,models/FUNWAVE/raw/source_code/FUNWAVE-TVD/funwave-work/build/obj/mod_parallel_field_io.o,
models/FUNWAVE/raw/source_code/FUNWAVE-TVD/funwave-work/build/obj/mod_param.o,043cc1fe2e448bc71974fb96bc38620a21cb40127b73b2a4467545c0e05d9125,1832,application/x-object,.o,generated-build,FUNWAVE-TVD,False,no explicit vendor marker found; retained in denominator,False,False,False,False,False,False,False,False,False,True,False,_staging/total-read/records/binauto-code_FUNWAVE.jsonl,1,models/FUNWAVE/raw/source_code/FUNWAVE-TVD/funwave-work/build/obj/mod_param.o,
models/FUNWAVE/raw/source_code/FUNWAVE-TVD/funwave-work/build/obj/mod_precipitation.o,18c7b03b5a78cd6f83f38ab34447455e1f3977e824d25dc4f6ecd50026cb6114,832,application/x-object,.o,generated-build,FUNWAVE-TVD,False,no explicit vendor marker found; retained in denominator,False,False,False,False,False,False,False,False,False,True,False,_staging/total-read/records/binauto-code_FUNWAVE.jsonl,1,models/FUNWAVE/raw/source_code/FUNWAVE-TVD/funwave-work/build/obj/mod_precipitation.o,
models/FUNWAVE/raw/source_code/FUNWAVE-TVD/funwave-work/build/obj/mod_sediment.o,9dd49f280693c2b96fc45d21792ad476fc45f323a558a3b5bbe6f69d4884cbe4,824,application/x-object,.o,generated-build,FUNWAVE-TVD,False,no explicit vendor marker found; retained in denominator,False,False,False,False,False,False,False,False,False,True,False,_staging/total-read/records/binauto-code_FUNWAVE.jsonl,1,models/FUNWAVE/raw/source_code/FUNWAVE-TVD/funwave-work/build/obj/mod_sediment.o,
models/FUNWAVE/raw/source_code/FUNWAVE-TVD/funwave-work/build/obj/mod_subgrid.o,985b6629e0903bee7419204325d4f8f796a08571304cd21cda7608117fcc6f39,824,application/x-object,.o,generated-build,FUNWAVE-TVD,False,no explicit vendor marker found; retained in denominator,False,False,False,False,False,False,False,False,False,True,False,_staging/total-read/records/binauto-code_FUNWAVE.jsonl,1,models/FUNWAVE/raw/source_code/FUNWAVE-TVD/funwave-work/build/obj/mod_subgrid.o,
models/FUNWAVE/raw/source_code/FUNWAVE-TVD/funwave-work/build/obj/mod_tide.o,d31c8882ae19e9808250abaabb9fc3506c46680000a398114514745447c9cab0,81864,application/x-object,.o,generated-build,FUNWAVE-TVD,False,no explicit vendor marker found; retained in denominator,False,False,False,False,False,False,False,False,False,True,False,_staging/total-read/records/binauto-code_FUNWAVE.jsonl,1,models/FUNWAVE/raw/source_code/FUNWAVE-TVD/funwave-work/build/obj/mod_tide.o,
models/FUNWAVE/raw/source_code/FUNWAVE-TVD/funwave-work/build/obj/mod_time_spectra.o,61d29708d022994d61b22501770e5d6aace6a9ce0830c4b631df817d6c5a0ad9,66656,application/x-object,.o,generated-build,FUNWAVE-TVD,False,no explicit vendor marker found; retained in denominator,False,False,False,False,False,False,False,False,False,True,False,_staging/total-read/records/binauto-code_FUNWAVE.jsonl,1,models/FUNWAVE/raw/source_code/FUNWAVE-TVD/funwave-work/build/obj/mod_time_spectra.o,
models/FUNWAVE/raw/source_code/FUNWAVE-TVD/funwave-work/build/obj/mod_tracer.o,fd53ce4ee5d0c741fd61e0959e7f2f58834227b23a8aa6b3034c91cb40c7eb1b,824,application/x-object,.o,generated-build,FUNWAVE-TVD,False,no explicit vendor marker found; retained in denominator,False,False,False,False,False,False,False,False,False,True,False,_staging/total-read/records/binauto-code_FUNWAVE.jsonl,1,models/FUNWAVE/raw/source_code/FUNWAVE-TVD/funwave-work/build/obj/mod_tracer.o,
models/FUNWAVE/raw/source_code/FUNWAVE-TVD/funwave-work/build/obj/mod_vessel.o,664570703d23585caab17bf81bfa5702253e33ccf7705f7f95ea012c10aa1b55,824,application/x-object,.o,generated-build,FUNWAVE-TVD,False,no explicit vendor marker found; retained in denominator,False,False,False,False,False,False,False,False,False,True,False,_staging/total-read/records/binauto-code_FUNWAVE.jsonl,1,models/FUNWAVE/raw/source_code/FUNWAVE-TVD/funwave-work/build/obj/mod_vessel.o,
models/FUNWAVE/raw/source_code/FUNWAVE-TVD/funwave-work/build/obj/nesting.o,1f469464e9bae2bcc57483046e8b85c5a6005b48e403ab11a3ef145f939619fa,824,application/x-object,.o,generated-build,FUNWAVE-TVD,False,no explicit vendor marker found; retained in denominator,False,False,False,False,False,False,False,False,False,True,False,_staging/total-read/records/binauto-code_FUNWAVE.jsonl,1,models/FUNWAVE/raw/source_code/FUNWAVE-TVD/funwave-work/build/obj/nesting.o,
models/FUNWAVE/raw/source_code/FUNWAVE-TVD/funwave-work/build/obj/parallel.o,b6b59376952a9be58015c8fe4e53ece9d96d21201d2192dbbfba380c7923f349,40376,application/x-object,.o,generated-build,FUNWAVE-TVD,False,no explicit vendor marker found; retained in denominator,False,False,False,False,False,False,False,False,False,True,False,_staging/total-read/records/binauto-code_FUNWAVE.jsonl,1,models/FUNWAVE/raw/source_code/FUNWAVE-TVD/funwave-work/build/obj/parallel.o,
models/FUNWAVE/raw/source_code/FUNWAVE-TVD/funwave-work/build/obj/samples.o,ab14a4829d44b5f70db2d6a8bbdc3b883bce86441b2b2bd57e8b9a84013752f9,14160,application/x-object,.o,generated-build,FUNWAVE-TVD,False,no explicit vendor marker found; retained in denominator,False,False,False,False,False,False,False,False,False,True,False,_staging/total-read/records/binauto-code_FUNWAVE.jsonl,1,models/FUNWAVE/raw/source_code/FUNWAVE-TVD/funwave-work/build/obj/samples.o,
models/FUNWAVE/raw/source_code/FUNWAVE-TVD/funwave-work/build/obj/sources.o,654c1de5ed95855dbbfa0269fb9a24f71247eb56b06364c4762efedc098c4e49,57896,application/x-object,.o,generated-build,FUNWAVE-TVD,False,no explicit vendor marker found; retained in denominator,False,False,False,False,False,False,False,False,False,True,False,_staging/total-read/records/binauto-code_FUNWAVE.jsonl,1,models/FUNWAVE/raw/source_code/FUNWAVE-TVD/funwave-work/build/obj/sources.o,
models/FUNWAVE/raw/source_code/FUNWAVE-TVD/funwave-work/build/obj/sponge.o,de1227650fa0f56b0d38af388a62fbf4c44d4eb019c2233534dd677ee2d89d16,50288,application/x-object,.o,generated-build,FUNWAVE-TVD,False,no explicit vendor marker found; retained in denominator,False,False,False,False,False,False,False,False,False,True,False,_staging/total-read/records/binauto-code_FUNWAVE.jsonl,1,models/FUNWAVE/raw/source_code/FUNWAVE-TVD/funwave-work/build/obj/sponge.o,
models/FUNWAVE/raw/source_code/FUNWAVE-TVD/funwave-work/build/obj/statistics.o,d8b6a6a5d41c5c8bf6ffd5567136bf439ce14fbcf2095e841dc725d97165856a,21336,application/x-object,.o,generated-build,FUNWAVE-TVD,False,no explicit vendor marker found; retained in denominator,False,False,False,False,False,False,False,False,False,True,False,_staging/total-read/records/binauto-code_FUNWAVE.jsonl,1,models/FUNWAVE/raw/source_code/FUNWAVE-TVD/funwave-work/build/obj/statistics.o,
models/FUNWAVE/raw/source_code/FUNWAVE-TVD/funwave-work/build/obj/tridiagnal.o,ad3938ec05a5d0ee4f14bcc9538d8e0ce1e0a955015f80c48d32aa7cbc786e87,35984,application/x-object,.o,generated-build,FUNWAVE-TVD,False,no explicit vendor marker found; retained in denominator,False,False,False,False,False,False,False,False,False,True,False,_staging/total-read/records/binauto-code_FUNWAVE.jsonl,1,models/FUNWAVE/raw/source_code/FUNWAVE-TVD/funwave-work/build/obj/tridiagnal.o,
models/FUNWAVE/raw/source_code/FUNWAVE-TVD/funwave-work/build/obj/wavemaker.o,47e63dfe3ee2d3aee1023c80707b9b57ee9f286f12d04b238b22977b1af4088b,293504,application/x-object,.o,generated-build,FUNWAVE-TVD,False,no explicit vendor marker found; retained in denominator,False,False,False,False,False,False,False,False,False,True,False,_staging/total-read/records/binauto-code_FUNWAVE.jsonl,1,models/FUNWAVE/raw/source_code/FUNWAVE-TVD/funwave-work/build/obj/wavemaker.o,
models/FUNWAVE/raw/source_code/FUNWAVE-TVD/funwave-work/build/pre/bc.f90,11210cd0dd4873781a152ff92cec91510af348611c79a642643e368c75f113e1,21195,text/plain,.f90,generated-source-snapshot,FUNWAVE-TVD,False,no explicit vendor marker found; retained in denominator,True,True,True,True,True,True,False,False,False,False,True,_staging/total-read/pending/reread-20260728/reread20260728-code-FUNWAVE-000-codexaudit-20260826T022956Z-b1ecf500/7a6526cb6568811b6adb8f66be14714bcce0caf3fb1f65ee63314aa3d7be566d.json | _staging/total-read/pending/reread-20260728/reread20260728-code-FUNWAVE-000-fable5-20260813T012841Z-2131dcc5/7a6526cb6568811b6adb8f66be14714bcce0caf3fb1f65ee63314aa3d7be566d.json | _staging/total-read/records-crosswalk/reread-20260728/FUNWAVE-000/FUNWAVE__raw__source_code__FUNWAVE-TVD__funwave-work__build__pre__bc.f90.crosswalk.json,1,models/FUNWAVE/raw/source_code/FUNWAVE-TVD/funwave-work/build/pre/bc.f90,
models/FUNWAVE/raw/source_code/FUNWAVE-TVD/funwave-work/build/pre/breaker.f90,aee5250685d61a9ae77b775ced2ae280c8d1eba493ce5273bf8aead52f5057fb,9653,text/plain,.f90,generated-source-snapshot,FUNWAVE-TVD,False,no explicit vendor marker found; retained in denominator,True,True,True,True,True,True,False,False,False,False,True,_staging/total-read/pending/reread-20260728/reread20260728-code-FUNWAVE-001-codexaudit-20260826T022957Z-e3a3d09e/b29288eb569e210c51bf6b855b60148b7a1aad0c059b27c875415b962b45c446.json | _staging/total-read/pending/reread-20260728/reread20260728-code-FUNWAVE-001-fable5-20260813T012841Z-2ec7b3b5/b29288eb569e210c51bf6b855b60148b7a1aad0c059b27c875415b962b45c446.json | _staging/total-read/records-crosswalk/reread-20260728/FUNWAVE-001/FUNWAVE__raw__source_code__FUNWAVE-TVD__funwave-work__build__pre__breaker.f90.crosswalk.json,1,models/FUNWAVE/raw/source_code/FUNWAVE-TVD/funwave-work/build/pre/breaker.f90,
models/FUNWAVE/raw/source_code/FUNWAVE-TVD/funwave-work/build/pre/derivatives.f90,ee0da921be64abc356f259a65ba0b83ad6f06895ffb4590894ddd57f01443e73,11203,text/plain,.f90,generated-source-snapshot,FUNWAVE-TVD,False,no explicit vendor marker found; retained in denominator,True,True,True,True,True,True,False,False,False,False,True,_staging/total-read/pending/reread-20260728/reread20260728-code-FUNWAVE-001-codexaudit-20260826T022957Z-e3a3d09e/4e17d43b6d6f43873e1623e2f7972ece2a866d41e07d2dc0316eecad7780d206.json | _staging/total-read/pending/reread-20260728/reread20260728-code-FUNWAVE-001-fable5-20260813T012841Z-2ec7b3b5/4e17d43b6d6f43873e1623e2f7972ece2a866d41e07d2dc0316eecad7780d206.json | _staging/total-read/records-crosswalk/reread-20260728/FUNWAVE-001/FUNWAVE__raw__source_code__FUNWAVE-TVD__funwave-work__build__pre__derivatives.f90.crosswalk.json,1,models/FUNWAVE/raw/source_code/FUNWAVE-TVD/funwave-work/build/pre/derivatives.f90,
models/FUNWAVE/raw/source_code/FUNWAVE-TVD/funwave-work/build/pre/dispersion.f90,1e429115d882c27c149129c0c75f932290c6cb89c70b60e4a7d0f5af7335c11a,15090,text/plain,.f90,generated-source-snapshot,FUNWAVE-TVD,False,no explicit vendor marker found; retained in denominator,True,True,True,True,True,True,False,False,False,False,True,_staging/total-read/pending/reread-20260728/reread20260728-code-FUNWAVE-001-codexaudit-20260826T022957Z-e3a3d09e/1275220ff45975aecd439c99c493bb04a57d67075cdc28423695ac3a8bd3a45d.json | _staging/total-read/pending/reread-20260728/reread20260728-code-FUNWAVE-001-fable5-20260813T012841Z-2ec7b3b5/1275220ff45975aecd439c99c493bb04a57d67075cdc28423695ac3a8bd3a45d.json | _staging/total-read/records-crosswalk/reread-20260728/FUNWAVE-001/FUNWAVE__raw__source_code__FUNWAVE-TVD__funwave-work__build__pre__dispersion.f90.crosswalk.json,1,models/FUNWAVE/raw/source_code/FUNWAVE-TVD/funwave-work/build/pre/dispersion.f90,
models/FUNWAVE/raw/source_code/FUNWAVE-TVD/funwave-work/build/pre/etauv_solver.f90,06ef4752f242c43a15f873e6b1357d6114310d8f1a455cd078617ebb12fd525e,14283,text/plain,.f90,generated-source-snapshot,FUNWAVE-TVD,False,no explicit vendor marker found; retained in denominator,True,True,True,True,True,True,False,False,False,False,True,_staging/total-read/pending/reread-20260728/reread20260728-code-FUNWAVE-001-codexaudit-20260826T022957Z-e3a3d09e/95d8543f5a65f97c8b512bbb78b55acf75cc01d017aeb40d0dbf28a79a16c339.json | _staging/total-read/pending/reread-20260728/reread20260728-code-FUNWAVE-001-fable5-20260813T012841Z-2ec7b3b5/95d8543f5a65f97c8b512bbb78b55acf75cc01d017aeb40d0dbf28a79a16c339.json | _staging/total-read/records-crosswalk/reread-20260728/FUNWAVE-001/FUNWAVE__raw__source_code__FUNWAVE-TVD__funwave-work__build__pre__etauv_solver.f90.crosswalk.json,1,models/FUNWAVE/raw/source_code/FUNWAVE-TVD/funwave-work/build/pre/etauv_solver.f90,
models/FUNWAVE/raw/source_code/FUNWAVE-TVD/funwave-work/build/pre/fluxes.f90,895f332462c3014037bb3cbfc22cb978725a7d15afe4290179963a730a195eda,70691,text/plain,.f90,generated-source-snapshot,FUNWAVE-TVD,False,no explicit vendor marker found; retained in denominator,True,True,True,True,True,True,False,False,False,False,True,_staging/total-read/pending/reread-20260728/reread20260728-code-FUNWAVE-001-codexaudit-20260826T022957Z-e3a3d09e/fe1f725cadc0a1b644a81cb24b26e353e1d7013c561030314bb62286f1ad8ecc.json | _staging/total-read/pending/reread-20260728/reread20260728-code-FUNWAVE-001-fable5-20260813T012841Z-2ec7b3b5/fe1f725cadc0a1b644a81cb24b26e353e1d7013c561030314bb62286f1ad8ecc.json | _staging/total-read/records-crosswalk/reread-20260728/FUNWAVE-001/FUNWAVE__raw__source_code__FUNWAVE-TVD__funwave-work__build__pre__fluxes.f90.crosswalk.json,1,models/FUNWAVE/raw/source_code/FUNWAVE-TVD/funwave-work/build/pre/fluxes.f90,
models/FUNWAVE/raw/source_code/FUNWAVE-TVD/funwave-work/build/pre/init.f90,8f7bb2a5b557da2e07e8e071eb0ae3474ab57cb28a702e6cd3484bc1d957c5c7,27218,text/plain,.f90,generated-source-snapshot,FUNWAVE-TVD,False,no explicit vendor marker found; retained in denominator,True,True,True,True,True,True,False,False,False,False,True,_staging/total-read/pending/reread-20260728/reread20260728-code-FUNWAVE-001-codexaudit-20260826T022957Z-e3a3d09e/8219aa16f5104a530cca212a2e59c692edbd4c397c8d712448d04ce3f475e7a2.json | _staging/total-read/pending/reread-20260728/reread20260728-code-FUNWAVE-001-fable5-20260813T012841Z-2ec7b3b5/8219aa16f5104a530cca212a2e59c692edbd4c397c8d712448d04ce3f475e7a2.json | _staging/total-read/records-crosswalk/reread-20260728/FUNWAVE-001/FUNWAVE__raw__source_code__FUNWAVE-TVD__funwave-work__build__pre__init.f90.crosswalk.json,1,models/FUNWAVE/raw/source_code/FUNWAVE-TVD/funwave-work/build/pre/init.f90,
models/FUNWAVE/raw/source_code/FUNWAVE-TVD/funwave-work/build/pre/io.f90,3ebb39f25c399c02b20a6ff4113c548d2c83e22b50cdbc45c3bc4324f8aceff1,95125,text/plain,.f90,generated-source-snapshot,FUNWAVE-TVD,False,no explicit vendor marker found; retained in denominator,True,True,True,True,True,True,False,False,False,False,True,_staging/total-read/pending/reread-20260728/reread20260728-code-FUNWAVE-001-codexaudit-20260826T022957Z-e3a3d09e/e0c1246b3720207c6ded67b7cdf30640e30782d91c864d516dbc6622c84fa6f9.json | _staging/total-read/pending/reread-20260728/reread20260728-code-FUNWAVE-001-fable5-20260813T012841Z-2ec7b3b5/e0c1246b3720207c6ded67b7cdf30640e30782d91c864d516dbc6622c84fa6f9.json | _staging/total-read/records-crosswalk/reread-20260728/FUNWAVE-001/FUNWAVE__raw__source_code__FUNWAVE-TVD__funwave-work__build__pre__io.f90.crosswalk.json,1,models/FUNWAVE/raw/source_code/FUNWAVE-TVD/funwave-work/build/pre/io.f90,
models/FUNWAVE/raw/source_code/FUNWAVE-TVD/funwave-work/build/pre/main.f90,357af6128a321d07e0c0e5d073ab9e8be59009643703bc378df72204730d363c,9577,text/plain,.f90,generated-source-snapshot,FUNWAVE-TVD,False,no explicit vendor marker found; retained in denominator,True,True,True,True,True,True,False,False,False,False,True,_staging/total-read/pending/reread-20260728/reread20260728-code-FUNWAVE-001-codexaudit-20260826T022957Z-e3a3d09e/f932efc043c0f7fef2bca3a44400fdb726a8200d9db4384e67e50cfa57cc3d97.json | _staging/total-read/pending/reread-20260728/reread20260728-code-FUNWAVE-001-fable5-20260813T012841Z-2ec7b3b5/f932efc043c0f7fef2bca3a44400fdb726a8200d9db4384e67e50cfa57cc3d97.json | _staging/total-read/records-crosswalk/reread-20260728/FUNWAVE-001/FUNWAVE__raw__source_code__FUNWAVE-TVD__funwave-work__build__pre__main.f90.crosswalk.json,1,models/FUNWAVE/raw/source_code/FUNWAVE-TVD/funwave-work/build/pre/main.f90,
models/FUNWAVE/raw/source_code/FUNWAVE-TVD/funwave-work/build/pre/masks.f90,0c6b507c7148a988dc7864983a632859ecb71e6bc62f05261f66253af5a621eb,5510,text/plain,.f90,generated-source-snapshot,FUNWAVE-TVD,False,no explicit vendor marker found; retained in denominator,True,True,True,True,True,True,False,False,False,False,True,_staging/total-read/pending/reread-20260728/reread20260728-code-FUNWAVE-001-codexaudit-20260826T022957Z-e3a3d09e/272e8020efbbc5c9d2b77ebcf0e5fa1be8d0b46fbc2a6fa02c0757d5d1c41ba6.json | _staging/total-read/pending/reread-20260728/reread20260728-code-FUNWAVE-001-fable5-20260813T012841Z-2ec7b3b5/272e8020efbbc5c9d2b77ebcf0e5fa1be8d0b46fbc2a6fa02c0757d5d1c41ba6.json | _staging/total-read/records-crosswalk/reread-20260728/FUNWAVE-001/FUNWAVE__raw__source_code__FUNWAVE-TVD__funwave-work__build__pre__masks.f90.crosswalk.json,1,models/FUNWAVE/raw/source_code/FUNWAVE-TVD/funwave-work/build/pre/masks.f90,
models/FUNWAVE/raw/source_code/FUNWAVE-TVD/funwave-work/build/pre/misc.f90,276c11fe037412d7456fcc97cb846db0996fa13e96a1f1b4d7d3c8cfb640d1a0,12394,text/plain,.f90,generated-source-snapshot,FUNWAVE-TVD,False,no explicit vendor marker found; retained in denominator,True,True,True,True,True,True,False,False,False,False,True,_staging/total-read/pending/reread-20260728/reread20260728-code-FUNWAVE-001-codexaudit-20260826T022957Z-e3a3d09e/e244c6be6ac2cb8b0b41409ffb51d4e5ea9235ed052f3b318537776e0319321f.json | _staging/total-read/pending/reread-20260728/reread20260728-code-FUNWAVE-001-fable5-20260813T012841Z-2ec7b3b5/e244c6be6ac2cb8b0b41409ffb51d4e5ea9235ed052f3b318537776e0319321f.json | _staging/total-read/records-crosswalk/reread-20260728/FUNWAVE-001/FUNWAVE__raw__source_code__FUNWAVE-TVD__funwave-work__build__pre__misc.f90.crosswalk.json,1,models/FUNWAVE/raw/source_code/FUNWAVE-TVD/funwave-work/build/pre/misc.f90,
models/FUNWAVE/raw/source_code/FUNWAVE-TVD/funwave-work/build/pre/mixing.f90,4967185861cf5082df880379e470d1ee284c75d982ee63de112e5b874fd1cde9,12864,text/plain,.f90,generated-source-snapshot,FUNWAVE-TVD,False,no explicit vendor marker found; retained in denominator,True,True,True,True,True,True,False,False,False,False,True,_staging/total-read/pending/reread-20260728/reread20260728-code-FUNWAVE-001-codexaudit-20260826T022957Z-e3a3d09e/9c720a37532b13ea32c79ccb035f42ae484e425fd1c42079157dbb6483d10f81.json | _staging/total-read/pending/reread-20260728/reread20260728-code-FUNWAVE-001-fable5-20260813T012841Z-2ec7b3b5/9c720a37532b13ea32c79ccb035f42ae484e425fd1c42079157dbb6483d10f81.json | _staging/total-read/records-crosswalk/reread-20260728/FUNWAVE-001/FUNWAVE__raw__source_code__FUNWAVE-TVD__funwave-work__build__pre__mixing.f90.crosswalk.json,1,models/FUNWAVE/raw/source_code/FUNWAVE-TVD/funwave-work/build/pre/mixing.f90,
models/FUNWAVE/raw/source_code/FUNWAVE-TVD/funwave-work/build/pre/mod_bathy_correction.f90,28c71d27c9e74983540a5ccf85080dfe884253cb6e3f69adbd61da3709b89ee7,7762,text/plain,.f90,generated-source-snapshot,FUNWAVE-TVD,False,no explicit vendor marker found; retained in denominator,True,True,True,True,True,True,False,False,False,False,True,_staging/total-read/pending/reread-20260728/reread20260728-code-FUNWAVE-001-codexaudit-20260826T022957Z-e3a3d09e/b99b616e2005ad0242d4a8016b29257065d91009b2667c7a44a12dab50a3377f.json | _staging/total-read/pending/reread-20260728/reread20260728-code-FUNWAVE-001-fable5-20260813T012841Z-2ec7b3b5/b99b616e2005ad0242d4a8016b29257065d91009b2667c7a44a12dab50a3377f.json | _staging/total-read/records-crosswalk/reread-20260728/FUNWAVE-001/FUNWAVE__raw__source_code__FUNWAVE-TVD__funwave-work__build__pre__mod_bathy_correction.f90.crosswalk.json,1,models/FUNWAVE/raw/source_code/FUNWAVE-TVD/funwave-work/build/pre/mod_bathy_correction.f90,
models/FUNWAVE/raw/source_code/FUNWAVE-TVD/funwave-work/build/pre/mod_foam.f90,636159b35205da4142a43bc02d2849d77d3ac07a0946211585cde15a9c6ff21f,11,text/plain,.f90,generated-source-snapshot,FUNWAVE-TVD,False,no explicit vendor marker found; retained in denominator,True,True,True,True,True,True,False,False,False,False,True,_staging/total-read/pending/reread-20260728/reread20260728-code-FUNWAVE-001-codexaudit-20260826T022957Z-e3a3d09e/47dab5a2b9e2b559fd9d2d48bd5390139c8548106a6c73bae42934a81480ce98.json | _staging/total-read/pending/reread-20260728/reread20260728-code-FUNWAVE-001-fable5-20260813T012841Z-2ec7b3b5/47dab5a2b9e2b559fd9d2d48bd5390139c8548106a6c73bae42934a81480ce98.json | _staging/total-read/records-crosswalk/reread-20260728/FUNWAVE-001/FUNWAVE__raw__source_code__FUNWAVE-TVD__funwave-work__build__pre__mod_foam.f90.crosswalk.json,1,models/FUNWAVE/raw/source_code/FUNWAVE-TVD/funwave-work/build/pre/mod_foam.f90,
models/FUNWAVE/raw/source_code/FUNWAVE-TVD/funwave-work/build/pre/mod_global.f90,0a908b3886026e7e379aebe7880df391a6bf0a0585f2bb54f054d21fe429504a,15444,text/plain,.f90,generated-source-snapshot,FUNWAVE-TVD,False,no explicit vendor marker found; retained in denominator,True,True,True,True,True,True,False,False,False,False,True,_staging/total-read/pending/reread-20260728/reread20260728-code-FUNWAVE-001-codexaudit-20260826T022957Z-e3a3d09e/344313459101463a708ad08e91b4fcb4e2dce71df50f1cc3d3ba3318ab4bdf8f.json | _staging/total-read/pending/reread-20260728/reread20260728-code-FUNWAVE-001-fable5-20260813T012841Z-2ec7b3b5/344313459101463a708ad08e91b4fcb4e2dce71df50f1cc3d3ba3318ab4bdf8f.json | _staging/total-read/records-crosswalk/reread-20260728/FUNWAVE-001/FUNWAVE__raw__source_code__FUNWAVE-TVD__funwave-work__build__pre__mod_global.f90.crosswalk.json,1,models/FUNWAVE/raw/source_code/FUNWAVE-TVD/funwave-work/build/pre/mod_global.f90,
models/FUNWAVE/raw/source_code/FUNWAVE-TVD/funwave-work/build/pre/mod_input.f90,840613b8f78689e400121fa4c642fcf4853020a1123ce5741782463e67870dca,8707,text/plain,.f90,generated-source-snapshot,FUNWAVE-TVD,False,no explicit vendor marker found; retained in denominator,True,True,True,True,True,True,False,False,False,False,True,_staging/total-read/pending/reread-20260728/reread20260728-code-FUNWAVE-001-codexaudit-20260826T022957Z-e3a3d09e/d7b1363ac4a788292d87bd894cc083c9477065de1cbffeeafa1150776654c239.json | _staging/total-read/pending/reread-20260728/reread20260728-code-FUNWAVE-001-fable5-20260813T012841Z-2ec7b3b5/d7b1363ac4a788292d87bd894cc083c9477065de1cbffeeafa1150776654c239.json | _staging/total-read/records-crosswalk/reread-20260728/FUNWAVE-001/FUNWAVE__raw__source_code__FUNWAVE-TVD__funwave-work__build__pre__mod_input.f90.crosswalk.json,1,models/FUNWAVE/raw/source_code/FUNWAVE-TVD/funwave-work/build/pre/mod_input.f90,
models/FUNWAVE/raw/source_code/FUNWAVE-TVD/funwave-work/build/pre/mod_meteo.f90,b9496c8d0d53503226814207cb6ed39fa251e3c0fb22d2311106916a93df8123,2598,text/plain,.f90,generated-source-snapshot,FUNWAVE-TVD,False,no explicit vendor marker found; retained in denominator,True,True,True,True,True,True,False,False,False,False,True,_staging/total-read/pending/reread-20260728/reread20260728-code-FUNWAVE-001-codexaudit-20260826T022957Z-e3a3d09e/40e8beff8ad5fa856c426ca28aec8a6bf8abf2cd209c72c50e6d28b7f5ec8b82.json | _staging/total-read/pending/reread-20260728/reread20260728-code-FUNWAVE-001-fable5-20260813T012841Z-2ec7b3b5/40e8beff8ad5fa856c426ca28aec8a6bf8abf2cd209c72c50e6d28b7f5ec8b82.json | _staging/total-read/records-crosswalk/reread-20260728/FUNWAVE-001/FUNWAVE__raw__source_code__FUNWAVE-TVD__funwave-work__build__pre__mod_meteo.f90.crosswalk.json,1,models/FUNWAVE/raw/source_code/FUNWAVE-TVD/funwave-work/build/pre/mod_meteo.f90,
models/FUNWAVE/raw/source_code/FUNWAVE-TVD/funwave-work/build/pre/mod_parallel_field_io.f90,b20a9caabd8bfc26453dfe73a8c2da08ad5ec6eca1670ef3c9b2a71c1910c9d1,8295,text/plain,.f90,generated-source-snapshot,FUNWAVE-TVD,False,no explicit vendor marker found; retained in denominator,True,True,True,True,True,True,False,False,False,False,True,_staging/total-read/pending/reread-20260728/reread20260728-code-FUNWAVE-001-codexaudit-20260826T022957Z-e3a3d09e/ba6e4e98fb53bad3fb06c0c43e638868c5c06bf83d0982c0d53d7e1ca419f934.json | _staging/total-read/pending/reread-20260728/reread20260728-code-FUNWAVE-001-fable5-20260813T012841Z-2ec7b3b5/ba6e4e98fb53bad3fb06c0c43e638868c5c06bf83d0982c0d53d7e1ca419f934.json | _staging/total-read/records-crosswalk/reread-20260728/FUNWAVE-001/FUNWAVE__raw__source_code__FUNWAVE-TVD__funwave-work__build__pre__mod_parallel_field_io.f90.crosswalk.json,1,models/FUNWAVE/raw/source_code/FUNWAVE-TVD/funwave-work/build/pre/mod_parallel_field_io.f90,
models/FUNWAVE/raw/source_code/FUNWAVE-TVD/funwave-work/build/pre/mod_param.f90,dd7962d762f5e85b4521016b17025aa72ca89a920a246abc56f62b07e7b6229f,3449,text/plain,.f90,generated-source-snapshot,FUNWAVE-TVD,False,no explicit vendor marker found; retained in denominator,True,True,True,True,True,True,False,False,False,False,True,_staging/total-read/pending/reread-20260728/reread20260728-code-FUNWAVE-001-codexaudit-20260826T022957Z-e3a3d09e/7510cdcc4a3f2bc338e971ef629fefd39539ffd1d93d079f3f022fd8c92a509a.json | _staging/total-read/pending/reread-20260728/reread20260728-code-FUNWAVE-001-fable5-20260813T012841Z-2ec7b3b5/7510cdcc4a3f2bc338e971ef629fefd39539ffd1d93d079f3f022fd8c92a509a.json | _staging/total-read/records-crosswalk/reread-20260728/FUNWAVE-001/FUNWAVE__raw__source_code__FUNWAVE-TVD__funwave-work__build__pre__mod_param.f90.crosswalk.json,1,models/FUNWAVE/raw/source_code/FUNWAVE-TVD/funwave-work/build/pre/mod_param.f90,
models/FUNWAVE/raw/source_code/FUNWAVE-TVD/funwave-work/build/pre/mod_precipitation.f90,76e6153afaf913659aa9c4702d72e14f6c0f69b4842f5ac1d010f5998d7bf71d,2540,text/plain,.f90,generated-source-snapshot,FUNWAVE-TVD,False,no explicit vendor marker found; retained in denominator,True,True,True,True,True,True,False,False,False,False,True,_staging/total-read/pending/reread-20260728/reread20260728-code-FUNWAVE-001-codexaudit-20260826T022957Z-e3a3d09e/a71a33be0e56e0c17b9def8c4956b9b329d166c0ea87a310b28fefefb7f4a460.json | _staging/total-read/pending/reread-20260728/reread20260728-code-FUNWAVE-001-fable5-20260813T012841Z-2ec7b3b5/a71a33be0e56e0c17b9def8c4956b9b329d166c0ea87a310b28fefefb7f4a460.json | _staging/total-read/records-crosswalk/reread-20260728/FUNWAVE-001/FUNWAVE__raw__source_code__FUNWAVE-TVD__funwave-work__build__pre__mod_precipitation.f90.crosswalk.json,1,models/FUNWAVE/raw/source_code/FUNWAVE-TVD/funwave-work/build/pre/mod_precipitation.f90,
models/FUNWAVE/raw/source_code/FUNWAVE-TVD/funwave-work/build/pre/mod_sediment.f90,8b35722d7f827046964a21d6e3221e3818a5d04bc6cf999caecfd6dc67741ab8,2631,text/plain,.f90,generated-source-snapshot,FUNWAVE-TVD,False,no explicit vendor marker found; retained in denominator,True,True,True,True,True,True,False,False,False,False,True,_staging/total-read/pending/reread-20260728/reread20260728-code-FUNWAVE-001-codexaudit-20260826T022957Z-e3a3d09e/66d9b68ba4d7d5b1610d5fe14b12d7c55165789b65b0f9a8f7f18d26f4087382.json | _staging/total-read/pending/reread-20260728/reread20260728-code-FUNWAVE-001-fable5-20260813T012841Z-2ec7b3b5/66d9b68ba4d7d5b1610d5fe14b12d7c55165789b65b0f9a8f7f18d26f4087382.json | _staging/total-read/records-crosswalk/reread-20260728/FUNWAVE-001/FUNWAVE__raw__source_code__FUNWAVE-TVD__funwave-work__build__pre__mod_sediment.f90.crosswalk.json,1,models/FUNWAVE/raw/source_code/FUNWAVE-TVD/funwave-work/build/pre/mod_sediment.f90,
models/FUNWAVE/raw/source_code/FUNWAVE-TVD/funwave-work/build/pre/mod_subgrid.f90,e886d079817c3a70465cc99e081970905813900d8886e37bcc1b642a85caaff2,2565,text/plain,.f90,generated-source-snapshot,FUNWAVE-TVD,False,no explicit vendor marker found; retained in denominator,True,True,True,True,True,True,False,False,False,False,True,_staging/total-read/pending/reread-20260728/reread20260728-code-FUNWAVE-001-codexaudit-20260826T022957Z-e3a3d09e/aae3f9644b86053eafb1a2938e9143f981b003a3bed804f81e753bc2ff34c243.json | _staging/total-read/pending/reread-20260728/reread20260728-code-FUNWAVE-001-fable5-20260813T012841Z-2ec7b3b5/aae3f9644b86053eafb1a2938e9143f981b003a3bed804f81e753bc2ff34c243.json | _staging/total-read/records-crosswalk/reread-20260728/FUNWAVE-001/FUNWAVE__raw__source_code__FUNWAVE-TVD__funwave-work__build__pre__mod_subgrid.f90.crosswalk.json,1,models/FUNWAVE/raw/source_code/FUNWAVE-TVD/funwave-work/build/pre/mod_subgrid.f90,
models/FUNWAVE/raw/source_code/FUNWAVE-TVD/funwave-work/build/pre/mod_tide.f90,fd379b906813ea983d01da2f691e847bc9876fff66d37e5243c0d7f27927b506,26275,text/plain,.f90,generated-source-snapshot,FUNWAVE-TVD,False,no explicit vendor marker found; retained in denominator,True,True,True,True,True,True,False,False,False,False,True,_staging/total-read/pending/reread-20260728/reread20260728-code-FUNWAVE-001-codexaudit-20260826T022957Z-e3a3d09e/c19a49f339ea6de9e9ebeb47f7414bf167ce9c2102252c383538e4a0229b98e9.json | _staging/total-read/pending/reread-20260728/reread20260728-code-FUNWAVE-001-fable5-20260813T012841Z-2ec7b3b5/c19a49f339ea6de9e9ebeb47f7414bf167ce9c2102252c383538e4a0229b98e9.json | _staging/total-read/records-crosswalk/reread-20260728/FUNWAVE-001/FUNWAVE__raw__source_code__FUNWAVE-TVD__funwave-work__build__pre__mod_tide.f90.crosswalk.json,1,models/FUNWAVE/raw/source_code/FUNWAVE-TVD/funwave-work/build/pre/mod_tide.f90,
models/FUNWAVE/raw/source_code/FUNWAVE-TVD/funwave-work/build/pre/mod_time_spectra.f90,f17edf88c618b1439056454d0870658c8a62ee23180f93d97b256204be756091,14508,text/plain,.f90,generated-source-snapshot,FUNWAVE-TVD,False,no explicit vendor marker found; retained in denominator,True,True,True,True,True,True,False,False,False,False,True,_staging/total-read/pending/reread-20260728/reread20260728-code-FUNWAVE-001-codexaudit-20260826T022957Z-e3a3d09e/5e90087429a57acf015c5f519eb0b5e6f3de97f81b52cd9043229faf125c683d.json | _staging/total-read/pending/reread-20260728/reread20260728-code-FUNWAVE-001-fable5-20260813T012841Z-2ec7b3b5/5e90087429a57acf015c5f519eb0b5e6f3de97f81b52cd9043229faf125c683d.json | _staging/total-read/records-crosswalk/reread-20260728/FUNWAVE-001/FUNWAVE__raw__source_code__FUNWAVE-TVD__funwave-work__build__pre__mod_time_spectra.f90.crosswalk.json,1,models/FUNWAVE/raw/source_code/FUNWAVE-TVD/funwave-work/build/pre/mod_time_spectra.f90,
models/FUNWAVE/raw/source_code/FUNWAVE-TVD/funwave-work/build/pre/mod_tracer.f90,8835b51e1eace30aa07fceb1511c479deaf88866ce0b2ec39c26e4f2c5dbf1c5,2525,text/plain,.f90,generated-source-snapshot,FUNWAVE-TVD,False,no explicit vendor marker found; retained in denominator,True,True,True,True,True,True,False,False,False,False,True,_staging/total-read/pending/reread-20260728/reread20260728-code-FUNWAVE-001-codexaudit-20260826T022957Z-e3a3d09e/c0b563c77a6b2d162486cae8ee3768148a5ba03d889cb0f14af9de4c1e39fc64.json | _staging/total-read/pending/reread-20260728/reread20260728-code-FUNWAVE-001-fable5-20260813T012841Z-2ec7b3b5/c0b563c77a6b2d162486cae8ee3768148a5ba03d889cb0f14af9de4c1e39fc64.json | _staging/total-read/records-crosswalk/reread-20260728/FUNWAVE-001/FUNWAVE__raw__source_code__FUNWAVE-TVD__funwave-work__build__pre__mod_tracer.f90.crosswalk.json,1,models/FUNWAVE/raw/source_code/FUNWAVE-TVD/funwave-work/build/pre/mod_tracer.f90,
models/FUNWAVE/raw/source_code/FUNWAVE-TVD/funwave-work/build/pre/mod_vessel.f90,634f7c70734947d9741230ccd750ddc3cb5ede000b1b5c4118f03d0f0ab3747d,2519,text/plain,.f90,generated-source-snapshot,FUNWAVE-TVD,False,no explicit vendor marker found; retained in denominator,True,True,True,True,True,True,False,False,False,False,True,_staging/total-read/pending/reread-20260728/reread20260728-code-FUNWAVE-001-codexaudit-20260826T022957Z-e3a3d09e/6b347fe4eb281fb8680e5ba68e39690a3fcf8225555faea5f9eb4b9c7f11b533.json | _staging/total-read/pending/reread-20260728/reread20260728-code-FUNWAVE-001-fable5-20260813T012841Z-2ec7b3b5/6b347fe4eb281fb8680e5ba68e39690a3fcf8225555faea5f9eb4b9c7f11b533.json | _staging/total-read/records-crosswalk/reread-20260728/FUNWAVE-001/FUNWAVE__raw__source_code__FUNWAVE-TVD__funwave-work__build__pre__mod_vessel.f90.crosswalk.json,1,models/FUNWAVE/raw/source_code/FUNWAVE-TVD/funwave-work/build/pre/mod_vessel.f90,
models/FUNWAVE/raw/source_code/FUNWAVE-TVD/funwave-work/build/pre/nesting.f90,9c9955b36e6daea3ceaea28c7685923d8823360864c78f83526374d2468d0890,2330,text/plain,.f90,generated-source-snapshot,FUNWAVE-TVD,False,no explicit vendor marker found; retained in denominator,True,True,True,True,True,True,False,False,False,False,True,_staging/total-read/pending/reread-20260728/reread20260728-code-FUNWAVE-001-codexaudit-20260826T022957Z-e3a3d09e/cacc08808db43c8e4d764cfbf803d0f19074991e20abd40ac18a0988f6e09e02.json | _staging/total-read/pending/reread-20260728/reread20260728-code-FUNWAVE-001-fable5-20260813T012841Z-2ec7b3b5/cacc08808db43c8e4d764cfbf803d0f19074991e20abd40ac18a0988f6e09e02.json | _staging/total-read/records-crosswalk/reread-20260728/FUNWAVE-001/FUNWAVE__raw__source_code__FUNWAVE-TVD__funwave-work__build__pre__nesting.f90.crosswalk.json,1,models/FUNWAVE/raw/source_code/FUNWAVE-TVD/funwave-work/build/pre/nesting.f90,
models/FUNWAVE/raw/source_code/FUNWAVE-TVD/funwave-work/build/pre/parallel.f90,ac5dcd2ec15d995a85b75c4c2c7821433c67154f0561d9bbdb6ff334b34df62b,15882,text/plain,.f90,generated-source-snapshot,FUNWAVE-TVD,False,no explicit vendor marker found; retained in denominator,True,True,True,True,True,True,False,False,False,False,True,_staging/total-read/pending/reread-20260728/reread20260728-code-FUNWAVE-001-codexaudit-20260826T022957Z-e3a3d09e/b283eea403de20095b27b685c1937b8232e3e395583fb57f782f4f53d7dd2f89.json | _staging/total-read/pending/reread-20260728/reread20260728-code-FUNWAVE-001-fable5-20260813T012841Z-2ec7b3b5/b283eea403de20095b27b685c1937b8232e3e395583fb57f782f4f53d7dd2f89.json | _staging/total-read/records-crosswalk/reread-20260728/FUNWAVE-001/FUNWAVE__raw__source_code__FUNWAVE-TVD__funwave-work__build__pre__parallel.f90.crosswalk.json,1,models/FUNWAVE/raw/source_code/FUNWAVE-TVD/funwave-work/build/pre/parallel.f90,
models/FUNWAVE/raw/source_code/FUNWAVE-TVD/funwave-work/build/pre/samples.f90,c8546e33872ccf2c667df3166c43a784721d01a0f17d87b425b763a86caf1706,13698,text/plain,.f90,generated-source-snapshot,FUNWAVE-TVD,False,no explicit vendor marker found; retained in denominator,True,True,True,True,True,True,False,False,False,False,True,_staging/total-read/pending/reread-20260728/reread20260728-code-FUNWAVE-001-codexaudit-20260826T022957Z-e3a3d09e/ca045e2e8ebec9df00d38674808135a72a7e48076f84b358947ac33a9c1dc4ce.json | _staging/total-read/pending/reread-20260728/reread20260728-code-FUNWAVE-001-fable5-20260813T012841Z-2ec7b3b5/ca045e2e8ebec9df00d38674808135a72a7e48076f84b358947ac33a9c1dc4ce.json | _staging/total-read/records-crosswalk/reread-20260728/FUNWAVE-001/FUNWAVE__raw__source_code__FUNWAVE-TVD__funwave-work__build__pre__samples.f90.crosswalk.json,1,models/FUNWAVE/raw/source_code/FUNWAVE-TVD/funwave-work/build/pre/samples.f90,
models/FUNWAVE/raw/source_code/FUNWAVE-TVD/funwave-work/build/pre/sources.f90,c24a50558410ee80bd852a179d820ff3b7b0437b94402f2065041126a4456cfc,14376,text/plain,.f90,generated-source-snapshot,FUNWAVE-TVD,False,no explicit vendor marker found; retained in denominator,True,True,True,True,True,True,False,False,False,False,True,_staging/total-read/pending/reread-20260728/reread20260728-code-FUNWAVE-001-codexaudit-20260826T022957Z-e3a3d09e/2b7fdbbf4c30ddbb464abb476e57a58a8cba4a8e647ba00bb247202d0a81d0b7.json | _staging/total-read/pending/reread-20260728/reread20260728-code-FUNWAVE-001-fable5-20260813T012841Z-2ec7b3b5/2b7fdbbf4c30ddbb464abb476e57a58a8cba4a8e647ba00bb247202d0a81d0b7.json | _staging/total-read/records-crosswalk/reread-20260728/FUNWAVE-001/FUNWAVE__raw__source_code__FUNWAVE-TVD__funwave-work__build__pre__sources.f90.crosswalk.json,1,models/FUNWAVE/raw/source_code/FUNWAVE-TVD/funwave-work/build/pre/sources.f90,
models/FUNWAVE/raw/source_code/FUNWAVE-TVD/funwave-work/build/pre/sponge.f90,8d259c519fc514054cb15bc9d1480e6faf44abdc5887165be2bce94d620b4a5d,23697,text/plain,.f90,generated-source-snapshot,FUNWAVE-TVD,False,no explicit vendor marker found; retained in denominator,True,True,True,True,True,True,False,False,False,False,True,_staging/total-read/pending/reread-20260728/reread20260728-code-FUNWAVE-001-codexaudit-20260826T022957Z-e3a3d09e/a13fa1308a8ebbb89fac61cb064d7040886bf9abb5c95c6d86738a7ddcca4c2f.json | _staging/total-read/pending/reread-20260728/reread20260728-code-FUNWAVE-001-fable5-20260813T012841Z-2ec7b3b5/a13fa1308a8ebbb89fac61cb064d7040886bf9abb5c95c6d86738a7ddcca4c2f.json | _staging/total-read/records-crosswalk/reread-20260728/FUNWAVE-001/FUNWAVE__raw__source_code__FUNWAVE-TVD__funwave-work__build__pre__sponge.f90.crosswalk.json,1,models/FUNWAVE/raw/source_code/FUNWAVE-TVD/funwave-work/build/pre/sponge.f90,
models/FUNWAVE/raw/source_code/FUNWAVE-TVD/funwave-work/build/pre/statistics.f90,6fde35e6dd33a18bb0075bb402973ae5b2e263d94668484604ef593df74a8897,6742,text/plain,.f90,generated-source-snapshot,FUNWAVE-TVD,False,no explicit vendor marker found; retained in denominator,True,True,True,True,True,True,False,False,False,False,True,_staging/total-read/pending/reread-20260728/reread20260728-code-FUNWAVE-001-codexaudit-20260826T022957Z-e3a3d09e/430fe527bff0faf728f10847da1dc83ca68fe7ffcc00429597f40f2843c92044.json | _staging/total-read/pending/reread-20260728/reread20260728-code-FUNWAVE-001-fable5-20260813T012841Z-2ec7b3b5/430fe527bff0faf728f10847da1dc83ca68fe7ffcc00429597f40f2843c92044.json | _staging/total-read/records-crosswalk/reread-20260728/FUNWAVE-001/FUNWAVE__raw__source_code__FUNWAVE-TVD__funwave-work__build__pre__statistics.f90.crosswalk.json,1,models/FUNWAVE/raw/source_code/FUNWAVE-TVD/funwave-work/build/pre/statistics.f90,
models/FUNWAVE/raw/source_code/FUNWAVE-TVD/funwave-work/build/pre/tridiagnal.f90,8a4de9610da708c702a40e74c568bf1e0fae99a45288a2be2211212ff17a82a2,13828,text/plain,.f90,generated-source-snapshot,FUNWAVE-TVD,False,no explicit vendor marker found; retained in denominator,True,True,True,True,True,True,False,False,False,False,True,_staging/total-read/pending/reread-20260728/reread20260728-code-FUNWAVE-001-codexaudit-20260826T022957Z-e3a3d09e/ea10cbea9e874b278714170d8f557efe94b1d8b3a9da1d760fffd8abed89f75d.json | _staging/total-read/pending/reread-20260728/reread20260728-code-FUNWAVE-001-fable5-20260813T012841Z-2ec7b3b5/ea10cbea9e874b278714170d8f557efe94b1d8b3a9da1d760fffd8abed89f75d.json | _staging/total-read/records-crosswalk/reread-20260728/FUNWAVE-001/FUNWAVE__raw__source_code__FUNWAVE-TVD__funwave-work__build__pre__tridiagnal.f90.crosswalk.json,1,models/FUNWAVE/raw/source_code/FUNWAVE-TVD/funwave-work/build/pre/tridiagnal.f90,
models/FUNWAVE/raw/source_code/FUNWAVE-TVD/funwave-work/build/pre/wavemaker.f90,4b31adee872fada150f2a738af6055ae61b344cc119be4e7cf0f130f82197577,97318,text/plain,.f90,generated-source-snapshot,FUNWAVE-TVD,False,no explicit vendor marker found; retained in denominator,True,True,True,True,True,True,False,False,False,False,True,_staging/total-read/pending/reread-20260728/reread20260728-code-FUNWAVE-001-codexaudit-20260826T022957Z-e3a3d09e/2f3875d1bb187e9042aad0fe9979e83522b6311fa80ef006e4e65aecedc7eef4.json | _staging/total-read/pending/reread-20260728/reread20260728-code-FUNWAVE-001-fable5-20260813T012841Z-2ec7b3b5/2f3875d1bb187e9042aad0fe9979e83522b6311fa80ef006e4e65aecedc7eef4.json | _staging/total-read/records-crosswalk/reread-20260728/FUNWAVE-001/FUNWAVE__raw__source_code__FUNWAVE-TVD__funwave-work__build__pre__wavemaker.f90.crosswalk.json,1,models/FUNWAVE/raw/source_code/FUNWAVE-TVD/funwave-work/build/pre/wavemaker.f90,
models/FUNWAVE/raw/source_code/FUNWAVE-TVD/funwave-work/funwave--mpif90-parallel-single,2b68e07ab555f27f35199b25b19ab66236922d79ff01a1ef3803df81d01063d4,972256,application/x-pie-executable,[none],other-binary-or-data,FUNWAVE-TVD,False,no explicit vendor marker found; retained in denominator,False,False,False,False,False,False,False,False,False,True,False,_staging/total-read/records/binauto-code_FUNWAVE.jsonl,1,models/FUNWAVE/raw/source_code/FUNWAVE-TVD/funwave-work/funwave--mpif90-parallel-single,
models/FUNWAVE/raw/source_code/FUNWAVE-TVD/global.mod,eb04c46d4e775c87823e670f494e38e5fb50415b9245afe34d959b0ca68a9811,104969,application/gzip,.mod,generated-build,FUNWAVE-TVD,False,no explicit vendor marker found; retained in denominator,False,False,False,False,False,False,False,False,False,True,False,_staging/total-read/records/binauto-code_FUNWAVE.jsonl,1,models/FUNWAVE/raw/source_code/FUNWAVE-TVD/global.mod,
models/FUNWAVE/raw/source_code/FUNWAVE-TVD/input_read.mod,ba798646a5016290ae1f09bba8bf4e620eb5cc2e4b31afd92c5de3de917ea4fd,95904,application/gzip,.mod,generated-build,FUNWAVE-TVD,False,no explicit vendor marker found; retained in denominator,False,False,False,False,False,False,False,False,False,True,False,_staging/total-read/records/binauto-code_FUNWAVE.jsonl,1,models/FUNWAVE/raw/source_code/FUNWAVE-TVD/input_read.mod,
models/FUNWAVE/raw/source_code/FUNWAVE-TVD/parallel_field_io.mod,e98321ea943324dde730b6b17716e77f75cf25779d58e19b5c55473dce378939,105217,application/gzip,.mod,generated-build,FUNWAVE-TVD,False,no explicit vendor marker found; retained in denominator,False,False,False,False,False,False,False,False,False,True,False,_staging/total-read/records/binauto-code_FUNWAVE.jsonl,1,models/FUNWAVE/raw/source_code/FUNWAVE-TVD/parallel_field_io.mod,
models/FUNWAVE/raw/source_code/FUNWAVE-TVD/param.mod,859ba20357a74bde3e12255d2fe710a7ae207c98358e0f6222758bdfe552c8e7,95908,application/gzip,.mod,generated-build,FUNWAVE-TVD,False,no explicit vendor marker found; retained in denominator,False,False,False,False,False,False,False,False,False,True,False,_staging/total-read/records/binauto-code_FUNWAVE.jsonl,1,models/FUNWAVE/raw/source_code/FUNWAVE-TVD/param.mod,
models/FUNWAVE/raw/source_code/FUNWAVE-TVD/simple_cases/.DS_Store,b921b2fd2610719c371208e56e8813a28b76a011e57d5c307457609d3a0414d0,10244,application/octet-stream,[none],other-binary-or-data,FUNWAVE-TVD,True,no explicit vendor marker found; retained in denominator,False,False,False,False,False,False,False,False,False,True,False,_staging/total-read/records/binauto-code_FUNWAVE.jsonl,1,models/FUNWAVE/raw/source_code/FUNWAVE-TVD/simple_cases/.DS_Store,
models/FUNWAVE/raw/source_code/FUNWAVE-TVD/simple_cases/IG_waves/2_wave_components/IG_wave_generation.m,63c36b5fa6b9918219cec8a49bd1068c0f889dde6fda5c6f70c62f764562e5ac,3420,text/plain,.m,script-source,FUNWAVE-TVD,True,no explicit vendor marker found; retained in denominator,True,True,True,True,True,True,False,False,False,False,True,_staging/total-read/pending/reread-20260728/reread20260728-code-FUNWAVE-001-codexaudit-20260826T022957Z-e3a3d09e/114401d957c38c11f0b9049e75fb56f3eaa25641e5fcd0d2127f6adc8459aec3.json | _staging/total-read/pending/reread-20260728/reread20260728-code-FUNWAVE-001-fable5-20260813T012841Z-2ec7b3b5/114401d957c38c11f0b9049e75fb56f3eaa25641e5fcd0d2127f6adc8459aec3.json | _staging/total-read/records-crosswalk/reread-20260728/FUNWAVE-001/FUNWAVE__raw__source_code__FUNWAVE-TVD__simple_cases__IG_waves__2_wave_components__IG_wave_generation.m.crosswalk.json,1,models/FUNWAVE/raw/source_code/FUNWAVE-TVD/simple_cases/IG_waves/2_wave_components/IG_wave_generation.m,
models/FUNWAVE/raw/source_code/FUNWAVE-TVD/simple_cases/IG_waves/2_wave_components/SPC_HMO.txt,7b8eb8ccd51e25f1b6fc4f1fe1095ffe51842e5e2961b5b5245a16869e8befa8,14,text/plain,.txt,documentation-or-build-text,FUNWAVE-TVD,True,no explicit vendor marker found; retained in denominator,False,True,False,False,False,False,True,False,False,False,True,_staging/total-read/pending/reread-20260728/reread20260728-doc-FUNWAVE-004-codex-20260811T012315Z-faa39b6d/1b4f76804eab9de08015d8bf8d9f59d4ea30b256ea42162b67ec3b0f43ef49b6.json,1,models/FUNWAVE/raw/source_code/FUNWAVE-TVD/simple_cases/IG_waves/2_wave_components/SPC_HMO.txt,
models/FUNWAVE/raw/source_code/FUNWAVE-TVD/simple_cases/IG_waves/2_wave_components/SPC_angle.txt,a3764e5b5290d8dceb22b4fa5a185af78ae0a4c02ad18004634a452a8b70ab76,17,text/plain,.txt,documentation-or-build-text,FUNWAVE-TVD,True,no explicit vendor marker found; retained in denominator,False,True,False,False,False,False,True,False,False,False,True,_staging/total-read/pending/reread-20260728/reread20260728-doc-FUNWAVE-004-codex-20260811T012315Z-faa39b6d/e51c58045219c0566430b7351c5c95972c5ba0f7346ba0f410ab6f06136c0eb3.json,2,models/FUNWAVE/raw/source_code/FUNWAVE-TVD/simple_cases/IG_waves/2_wave_components/SPC_angle.txt,models/FUNWAVE/raw/source_code/FUNWAVE-TVD/simple_cases/IG_waves/2_wave_components/SPC_angle.txt | models/FUNWAVE/raw/source_code/FUNWAVE-TVD/simple_cases/IG_waves/spectral_data/SPC_angle.txt
models/FUNWAVE/raw/source_code/FUNWAVE-TVD/simple_cases/IG_waves/2_wave_components/SPC_dep_pf.txt,a64fb868e6db3179aa76d2a768517393530461f7d29191ff5cf64b3198e60c26,15,text/plain,.txt,documentation-or-build-text,FUNWAVE-TVD,True,no explicit vendor marker found; retained in denominator,False,True,False,False,False,False,True,False,False,False,True,_staging/total-read/pending/reread-20260728/reread20260728-doc-FUNWAVE-004-codex-20260811T012315Z-faa39b6d/a19ab09c80c1f5b4297bdaca739c9a698a43b196bbc6f2ce35498333a946bffe.json,1,models/FUNWAVE/raw/source_code/FUNWAVE-TVD/simple_cases/IG_waves/2_wave_components/SPC_dep_pf.txt,
models/FUNWAVE/raw/source_code/FUNWAVE-TVD/simple_cases/IG_waves/2_wave_components/SPC_frq.txt,999a793c1c14dfbd25cf93984aef9b9512362d6518f1514678e78fcedac880e3,9,text/plain,.txt,documentation-or-build-text,FUNWAVE-TVD,True,no explicit vendor marker found; retained in denominator,False,True,False,False,False,False,True,False,False,False,True,_staging/total-read/pending/reread-20260728/reread20260728-doc-FUNWAVE-004-codex-20260811T012315Z-faa39b6d/c9bdf85a7072803b9dc39e769a37fbeac9825ca4f45839a79684bf57dc6cf9dc.json,1,models/FUNWAVE/raw/source_code/FUNWAVE-TVD/simple_cases/IG_waves/2_wave_components/SPC_frq.txt,
models/FUNWAVE/raw/source_code/FUNWAVE-TVD/simple_cases/IG_waves/2_wave_components/plots/wave_plus_IG_2comp.jpg,f2fad3ae90b9fbbfa107decd93f310a0d1e64c913dd4ee4b6e5edf54d768f345,348935,image/jpeg,.jpg,image-or-media,FUNWAVE-TVD,True,no explicit vendor marker found; retained in denominator,False,False,False,False,False,False,False,False,False,True,False,_staging/total-read/records/binauto-code_FUNWAVE.jsonl,1,models/FUNWAVE/raw/source_code/FUNWAVE-TVD/simple_cases/IG_waves/2_wave_components/plots/wave_plus_IG_2comp.jpg,
models/FUNWAVE/raw/source_code/FUNWAVE-TVD/simple_cases/IG_waves/2_wave_components/plots/windwave_and_IG_2comp.jpg,7e8b113c31b52c632de6b6feaade40777745f2d1fb618d0305d91a7fa0698c76,447613,image/jpeg,.jpg,image-or-media,FUNWAVE-TVD,True,no explicit vendor marker found; retained in denominator,False,False,False,False,False,False,False,False,False,True,False,_staging/total-read/records/binauto-code_FUNWAVE.jsonl,1,models/FUNWAVE/raw/source_code/FUNWAVE-TVD/simple_cases/IG_waves/2_wave_components/plots/windwave_and_IG_2comp.jpg,
models/FUNWAVE/raw/source_code/FUNWAVE-TVD/simple_cases/IG_waves/2_wave_components/plots/windwave_two_components.jpg,b384e8f0dd9cd9cf75fb9c80ad23fef7aab2af096793dbf56839cdc8801a7d15,73905,image/jpeg,.jpg,image-or-media,FUNWAVE-TVD,True,no explicit vendor marker found; retained in denominator,False,False,False,False,False,False,False,False,False,True,False,_staging/total-read/records/binauto-code_FUNWAVE.jsonl,1,models/FUNWAVE/raw/source_code/FUNWAVE-TVD/simple_cases/IG_waves/2_wave_components/plots/windwave_two_components.jpg,
models/FUNWAVE/raw/source_code/FUNWAVE-TVD/simple_cases/IG_waves/2_wave_components/spectrum_two_components.txt,7ea8f2019db3ce829dfef8bf601d961e85cd9f671b3563aa71b3c9e88c9cac0a,181,text/plain,.txt,documentation-or-build-text,FUNWAVE-TVD,True,no explicit vendor marker found; retained in denominator,False,True,False,False,False,False,True,False,False,False,True,_staging/total-read/pending/reread-20260728/reread20260728-doc-FUNWAVE-004-codex-20260811T012315Z-faa39b6d/e87c68182720164c610dc8f1ac249a81a7c92e3cc48edf8e1fca1e66ceb2ae52.json,1,models/FUNWAVE/raw/source_code/FUNWAVE-TVD/simple_cases/IG_waves/2_wave_components/spectrum_two_components.txt,
models/FUNWAVE/raw/source_code/FUNWAVE-TVD/simple_cases/IG_waves/2_wave_components/wvnum_omvec.m,74ab8fb7fbb92f8cc0545eb2b711dee39f510ea9da43f56a9ab0516d7a8e8d79,306,text/plain,.m,script-source,FUNWAVE-TVD,True,no explicit vendor marker found; retained in denominator,True,True,True,True,True,True,False,False,False,False,True,_staging/total-read/pending/reread-20260728/reread20260728-code-FUNWAVE-001-codexaudit-20260826T022957Z-e3a3d09e/36b7ac1e6a5d4e42a3739705af145a9c59b78a5b63674b6a984d0d840b95547b.json | _staging/total-read/pending/reread-20260728/reread20260728-code-FUNWAVE-001-fable5-20260813T012841Z-2ec7b3b5/36b7ac1e6a5d4e42a3739705af145a9c59b78a5b63674b6a984d0d840b95547b.json | _staging/total-read/records-crosswalk/reread-20260728/FUNWAVE-001/FUNWAVE__raw__source_code__FUNWAVE-TVD__simple_cases__IG_waves__2_wave_components__wvnum_omvec.m.crosswalk.json,3,models/FUNWAVE/raw/source_code/FUNWAVE-TVD/simple_cases/IG_waves/2_wave_components/wvnum_omvec.m,models/FUNWAVE/raw/source_code/FUNWAVE-TVD/simple_cases/IG_waves/2_wave_components/wvnum_omvec.m | models/FUNWAVE/raw/source_code/FUNWAVE-TVD/simple_cases/IG_waves/spectral_data/wvnum_omvec.m | models/FUNWAVE/raw/source_code/FUNWAVE-TVD/simple_cases/vertical_velocity_structure/wvnum_omvec.m
models/FUNWAVE/raw/source_code/FUNWAVE-TVD/simple_cases/IG_waves/spectral_data/SPC_HMO.txt,7bf3e2dc81ab2d903d79a7ba34c919bd009fd6c744ec8d0033986aa260e2e2a4,901,text/plain,.txt,documentation-or-build-text,FUNWAVE-TVD,True,no explicit vendor marker found; retained in denominator,False,True,False,False,False,False,True,False,False,False,True,_staging/total-read/pending/reread-20260728/reread20260728-doc-FUNWAVE-004-codex-20260811T012315Z-faa39b6d/82ba9b39deb7f235112e7d08603cf8ab496030f5dc2c1e3036ceab3924d46ac1.json,1,models/FUNWAVE/raw/source_code/FUNWAVE-TVD/simple_cases/IG_waves/spectral_data/SPC_HMO.txt,
models/FUNWAVE/raw/source_code/FUNWAVE-TVD/simple_cases/IG_waves/spectral_data/SPC_angle.txt,a3764e5b5290d8dceb22b4fa5a185af78ae0a4c02ad18004634a452a8b70ab76,17,text/plain,.txt,documentation-or-build-text,FUNWAVE-TVD,True,no explicit vendor marker found; retained in denominator,False,True,False,False,False,False,True,False,False,False,True,_staging/total-read/pending/reread-20260728/reread20260728-doc-FUNWAVE-004-codex-20260811T012315Z-faa39b6d/a450c975d34a14e2196ec04216878bf1308f53a167a792d8e10960afccdcae39.json,2,models/FUNWAVE/raw/source_code/FUNWAVE-TVD/simple_cases/IG_waves/2_wave_components/SPC_angle.txt,models/FUNWAVE/raw/source_code/FUNWAVE-TVD/simple_cases/IG_waves/2_wave_components/SPC_angle.txt | models/FUNWAVE/raw/source_code/FUNWAVE-TVD/simple_cases/IG_waves/spectral_data/SPC_angle.txt
models/FUNWAVE/raw/source_code/FUNWAVE-TVD/simple_cases/IG_waves/spectral_data/SPC_dep_pf.txt,ebd13b666bfc72588cdea5bbb235ba2ce19644f2b7e28736ce833c7a4310d80e,34,text/plain,.txt,documentation-or-build-text,FUNWAVE-TVD,True,no explicit vendor marker found; retained in denominator,False,True,False,False,False,False,True,False,False,False,True,_staging/total-read/pending/reread-20260728/reread20260728-doc-FUNWAVE-004-codex-20260811T012315Z-faa39b6d/5aa1fcb085876b7722d6667f24fbf5d405e549972617e5c18e0154647bc769b2.json,1,models/FUNWAVE/raw/source_code/FUNWAVE-TVD/simple_cases/IG_waves/spectral_data/SPC_dep_pf.txt,
models/FUNWAVE/raw/source_code/FUNWAVE-TVD/simple_cases/IG_waves/spectral_data/SPC_frq.txt,04f2f8888161aa59ee0eb156c3ba150f01ea79fb77dcf62fb65e6eebca73cb93,901,text/plain,.txt,documentation-or-build-text,FUNWAVE-TVD,True,no explicit vendor marker found; retained in denominator,False,True,False,False,False,False,True,False,False,False,True,_staging/total-read/pending/reread-20260728/reread20260728-doc-FUNWAVE-004-codex-20260811T012315Z-faa39b6d/8666e60459a3b59527f6b960b977b47bac709765a4f171f0c4e4d5547de1be1f.json,1,models/FUNWAVE/raw/source_code/FUNWAVE-TVD/simple_cases/IG_waves/spectral_data/SPC_frq.txt,
models/FUNWAVE/raw/source_code/FUNWAVE-TVD/simple_cases/IG_waves/spectral_data/Step_1_read_write_spec.m,70463fbdde80c8ba747ce4d985406bc4529ab9e153c5dd46aacefb309248c55b,2514,text/plain,.m,script-source,FUNWAVE-TVD,True,no explicit vendor marker found; retained in denominator,True,True,True,True,True,True,False,False,False,False,True,_staging/total-read/pending/reread-20260728/reread20260728-code-FUNWAVE-001-codexaudit-20260826T022957Z-e3a3d09e/618ca3de0826f89536ac7b72baa6472dc65aa41bc286844f5ae3cb985479ac27.json | _staging/total-read/pending/reread-20260728/reread20260728-code-FUNWAVE-001-fable5-20260813T012841Z-2ec7b3b5/618ca3de0826f89536ac7b72baa6472dc65aa41bc286844f5ae3cb985479ac27.json | _staging/total-read/records-crosswalk/reread-20260728/FUNWAVE-001/FUNWAVE__raw__source_code__FUNWAVE-TVD__simple_cases__IG_waves__spectral_data__Step_1_read_write_spec.m.crosswalk.json,1,models/FUNWAVE/raw/source_code/FUNWAVE-TVD/simple_cases/IG_waves/spectral_data/Step_1_read_write_spec.m,
models/FUNWAVE/raw/source_code/FUNWAVE-TVD/simple_cases/IG_waves/spectral_data/Step_2_IG_wave.m,63ac0b4511d0c1f10595c88aedf68659b0535a8de1d3fad55e5c3fef8e172895,4406,text/plain,.m,script-source,FUNWAVE-TVD,True,no explicit vendor marker found; retained in denominator,True,True,True,True,True,True,False,False,False,False,True,_staging/total-read/pending/reread-20260728/reread20260728-code-FUNWAVE-001-codexaudit-20260826T022957Z-e3a3d09e/41b5c64d4586846cb48e6046f9d0e6df583136e076590eaa35701c4020ea16e5.json | _staging/total-read/pending/reread-20260728/reread20260728-code-FUNWAVE-001-fable5-20260813T012841Z-2ec7b3b5/41b5c64d4586846cb48e6046f9d0e6df583136e076590eaa35701c4020ea16e5.json | _staging/total-read/records-crosswalk/reread-20260728/FUNWAVE-001/FUNWAVE__raw__source_code__FUNWAVE-TVD__simple_cases__IG_waves__spectral_data__Step_2_IG_wave.m.crosswalk.json,1,models/FUNWAVE/raw/source_code/FUNWAVE-TVD/simple_cases/IG_waves/spectral_data/Step_2_IG_wave.m,
models/FUNWAVE/raw/source_code/FUNWAVE-TVD/simple_cases/IG_waves/spectral_data/input_data_case1.txt,dc51f14b5a6393c9207a50589bbd63b8a49d2cbef0f7f2119d17cfda832a7f14,253907,text/csv,.txt,documentation-or-build-text,FUNWAVE-TVD,True,no explicit vendor marker found; retained in denominator,False,True,False,False,False,False,False,False,False,True,False,_staging/total-read/records/numgrid-FUNWAVE-20260728.jsonl,1,models/FUNWAVE/raw/source_code/FUNWAVE-TVD/simple_cases/IG_waves/spectral_data/input_data_case1.txt,
models/FUNWAVE/raw/source_code/FUNWAVE-TVD/simple_cases/IG_waves/spectral_data/plots/IG_components_random.jpg,1797593b81be7d9f80db1bb4f5b954d74ee86cc660861b8590119e7f4275cc07,170175,image/jpeg,.jpg,image-or-media,FUNWAVE-TVD,True,no explicit vendor marker found; retained in denominator,False,False,False,False,False,False,False,False,False,True,False,_staging/total-read/records/binauto-code_FUNWAVE.jsonl,1,models/FUNWAVE/raw/source_code/FUNWAVE-TVD/simple_cases/IG_waves/spectral_data/plots/IG_components_random.jpg,
models/FUNWAVE/raw/source_code/FUNWAVE-TVD/simple_cases/IG_waves/spectral_data/plots/envelope_IG.jpg,b0df8c40cf7305213798f3494a82b82f0c4dc00fc97054d6fa566ac5b8e2a3c2,390709,image/jpeg,.jpg,image-or-media,FUNWAVE-TVD,True,no explicit vendor marker found; retained in denominator,False,False,False,False,False,False,False,False,False,True,False,_staging/total-read/records/binauto-code_FUNWAVE.jsonl,1,models/FUNWAVE/raw/source_code/FUNWAVE-TVD/simple_cases/IG_waves/spectral_data/plots/envelope_IG.jpg,
models/FUNWAVE/raw/source_code/FUNWAVE-TVD/simple_cases/IG_waves/spectral_data/plots/spc_input.eps,3e65e35ae7dd4480dc9b1e969d973f18bc5d6c41f176bafd1a2e7299e9bef177,47690,application/postscript,.eps,image-or-media,FUNWAVE-TVD,True,no explicit vendor marker found; retained in denominator,False,True,False,False,False,False,True,False,False,False,True,_staging/total-read/pending/reread-20260728/reread20260728-doc-FUNWAVE-004-codex-20260811T012315Z-faa39b6d/54c6a0090b4cf14e45ffb14d7c108df79f95c07aa62e8987ff22f063afc1ad60.json,1,models/FUNWAVE/raw/source_code/FUNWAVE-TVD/simple_cases/IG_waves/spectral_data/plots/spc_input.eps,
models/FUNWAVE/raw/source_code/FUNWAVE-TVD/simple_cases/IG_waves/spectral_data/plots/spc_input.jpg,6b047646864919c4cd8c9eb2c69b827ad21993f23d96a4e30f84f6754cfb233d,142411,image/jpeg,.jpg,image-or-media,FUNWAVE-TVD,True,no explicit vendor marker found; retained in denominator,False,False,False,False,False,False,False,False,False,True,False,_staging/total-read/records/binauto-code_FUNWAVE.jsonl,1,models/FUNWAVE/raw/source_code/FUNWAVE-TVD/simple_cases/IG_waves/spectral_data/plots/spc_input.jpg,
models/FUNWAVE/raw/source_code/FUNWAVE-TVD/simple_cases/IG_waves/spectral_data/plots/wave_plus_IG_random.jpg,1e32fb9f628d6e17e1d7b551cad419673e22ef5abc16f7a58b46e91c64154073,431614,image/jpeg,.jpg,image-or-media,FUNWAVE-TVD,True,no explicit vendor marker found; retained in denominator,False,False,False,False,False,False,False,False,False,True,False,_staging/total-read/records/binauto-code_FUNWAVE.jsonl,1,models/FUNWAVE/raw/source_code/FUNWAVE-TVD/simple_cases/IG_waves/spectral_data/plots/wave_plus_IG_random.jpg,
models/FUNWAVE/raw/source_code/FUNWAVE-TVD/simple_cases/IG_waves/spectral_data/plots/windwave_and_IG_random.jpg,098de33a0e20e0224b4b1f621051c95f08233c0962126ae03b922c636ffd7420,471668,image/jpeg,.jpg,image-or-media,FUNWAVE-TVD,True,no explicit vendor marker found; retained in denominator,False,False,False,False,False,False,False,False,False,True,False,_staging/total-read/records/binauto-code_FUNWAVE.jsonl,1,models/FUNWAVE/raw/source_code/FUNWAVE-TVD/simple_cases/IG_waves/spectral_data/plots/windwave_and_IG_random.jpg,
models/FUNWAVE/raw/source_code/FUNWAVE-TVD/simple_cases/IG_waves/spectral_data/plots/windwave_spec_random.jpg,139f9b536f9929820f194c72f6277f2f0a4b4f7fa1d7937493deddc8e9598c36,105688,image/jpeg,.jpg,image-or-media,FUNWAVE-TVD,True,no explicit vendor marker found; retained in denominator,False,False,False,False,False,False,False,False,False,True,False,_staging/total-read/records/binauto-code_FUNWAVE.jsonl,1,models/FUNWAVE/raw/source_code/FUNWAVE-TVD/simple_cases/IG_waves/spectral_data/plots/windwave_spec_random.jpg,
models/FUNWAVE/raw/source_code/FUNWAVE-TVD/simple_cases/IG_waves/spectral_data/spectrum_random_phase.txt,77f5cd388a68574a755b1c89d1096ff4cf61a010bbceeae69206d8c3b597206e,2692,text/plain,.txt,documentation-or-build-text,FUNWAVE-TVD,True,no explicit vendor marker found; retained in denominator,False,True,False,False,False,False,True,False,False,False,True,_staging/total-read/pending/reread-20260728/reread20260728-doc-FUNWAVE-004-codex-20260811T012315Z-faa39b6d/d271d7e0187af0ddbe991bfb9e1049df7176fe86e21b406427c87bff59cd527a.json,1,models/FUNWAVE/raw/source_code/FUNWAVE-TVD/simple_cases/IG_waves/spectral_data/spectrum_random_phase.txt,
models/FUNWAVE/raw/source_code/FUNWAVE-TVD/simple_cases/IG_waves/spectral_data/spectrum_windwave_only.txt,da3d66f68804363d01c20542bb149f628bb56dc443f242d8907582b1e7ec5db0,1645,text/plain,.txt,documentation-or-build-text,FUNWAVE-TVD,True,no explicit vendor marker found; retained in denominator,False,True,False,False,False,False,True,False,False,False,True,_staging/total-read/pending/reread-20260728/reread20260728-doc-FUNWAVE-004-codex-20260811T012315Z-faa39b6d/d7082ad53d79c1fdf07e9e1608655850fbb45f5c41eedd79a070c3b8ac1f48ef.json,1,models/FUNWAVE/raw/source_code/FUNWAVE-TVD/simple_cases/IG_waves/spectral_data/spectrum_windwave_only.txt,
models/FUNWAVE/raw/source_code/FUNWAVE-TVD/simple_cases/IG_waves/spectral_data/wvnum_omvec.m,74ab8fb7fbb92f8cc0545eb2b711dee39f510ea9da43f56a9ab0516d7a8e8d79,306,text/plain,.m,script-source,FUNWAVE-TVD,True,no explicit vendor marker found; retained in denominator,True,True,True,True,True,True,False,False,False,False,True,_staging/total-read/pending/reread-20260728/reread20260728-code-FUNWAVE-001-codexaudit-20260826T022957Z-e3a3d09e/6e9a06c2796430c6b14d0f36ed02b4133bf2d8b47ea13261af666c8ab19bc152.json | _staging/total-read/pending/reread-20260728/reread20260728-code-FUNWAVE-001-fable5-20260813T012841Z-2ec7b3b5/6e9a06c2796430c6b14d0f36ed02b4133bf2d8b47ea13261af666c8ab19bc152.json | _staging/total-read/records-crosswalk/reread-20260728/FUNWAVE-001/FUNWAVE__raw__source_code__FUNWAVE-TVD__simple_cases__IG_waves__spectral_data__wvnum_omvec.m.crosswalk.json,3,models/FUNWAVE/raw/source_code/FUNWAVE-TVD/simple_cases/IG_waves/2_wave_components/wvnum_omvec.m,models/FUNWAVE/raw/source_code/FUNWAVE-TVD/simple_cases/IG_waves/2_wave_components/wvnum_omvec.m | models/FUNWAVE/raw/source_code/FUNWAVE-TVD/simple_cases/IG_waves/spectral_data/wvnum_omvec.m | models/FUNWAVE/raw/source_code/FUNWAVE-TVD/simple_cases/vertical_velocity_structure/wvnum_omvec.m
models/FUNWAVE/raw/source_code/FUNWAVE-TVD/simple_cases/YourNamePBS.qs,c41d99e0c33d2311b788404a2f5acb94300a2155fd059e5a2c0a66288b6d041f,3280,text/plain,.qs,case-data-or-output,FUNWAVE-TVD,True,no explicit vendor marker found; retained in denominator,False,True,False,False,False,False,True,False,False,False,True,_staging/total-read/pending/reread-20260728/reread20260728-doc-FUNWAVE-004-codex-20260811T012315Z-faa39b6d/8ab6b79e2ed371ebc716545eddfae26b331648185e1f2954d401cf4ff7e2fb17.json,1,models/FUNWAVE/raw/source_code/FUNWAVE-TVD/simple_cases/YourNamePBS.qs,
models/FUNWAVE/raw/source_code/FUNWAVE-TVD/simple_cases/beach_2d/input_files/Makefile,0a6d33c4075bdb6841af71cab57f233364533ad3a32a7818f29596a343dfa3cb,4029,text/x-file,[none],documentation-or-build-text,FUNWAVE-TVD,True,no explicit vendor marker found; retained in denominator,False,True,False,False,False,False,True,False,False,False,True,_staging/total-read/pending/reread-20260728/reread20260728-doc-FUNWAVE-004-codex-20260811T012315Z-faa39b6d/e7478d04e854a21b54a866dab789b74b5fc794cd41e6524a3f2389a517ec68af.json,5,models/FUNWAVE/raw/source_code/FUNWAVE-TVD/simple_cases/beach_2d/input_files/Makefile,models/FUNWAVE/raw/source_code/FUNWAVE-TVD/simple_cases/beach_2d/input_files/Makefile | models/FUNWAVE/raw/source_code/FUNWAVE-TVD/simple_cases/inlet_shoal/input_files/Makefile | models/FUNWAVE/raw/source_code/FUNWAVE-TVD/simple_cases/levee_1d/input_files/Makefile | models/FUNWAVE/raw/source_code/FUNWAVE-TVD/simple_cases/rip_2d/work/Makefile | models/FUNWAVE/raw/source_code/FUNWAVE-TVD/simple_cases/surface_wave_1d/input_files/Makefile
models/FUNWAVE/raw/source_code/FUNWAVE-TVD/simple_cases/beach_2d/input_files/input.txt,8dc77d5b6704dfe1674f4d03872a178d7dbeed5b0842acaff47eefdb088da8c1,4749,text/plain,.txt,documentation-or-build-text,FUNWAVE-TVD,True,no explicit vendor marker found; retained in denominator,False,True,False,False,False,False,True,False,False,False,True,_staging/total-read/pending/reread-20260728/reread20260728-doc-FUNWAVE-004-codex-20260811T012315Z-faa39b6d/b5e9b067ecaab23a44c6bd716f84ab82c872ed36ec77c8d0dc266b5376370bb9.json,1,models/FUNWAVE/raw/source_code/FUNWAVE-TVD/simple_cases/beach_2d/input_files/input.txt,
models/FUNWAVE/raw/source_code/FUNWAVE-TVD/simple_cases/beach_2d/input_files/input_data.txt,d5b51184b0061b16d53d73da56dd7c0bf6ae6849144d066d1f115cef083ccbc0,4732,text/plain,.txt,documentation-or-build-text,FUNWAVE-TVD,True,no explicit vendor marker found; retained in denominator,False,True,False,False,False,False,True,False,False,False,True,_staging/total-read/pending/reread-20260728/reread20260728-doc-FUNWAVE-004-codex-20260811T012315Z-faa39b6d/b90d64577bb9d9179970b93bed4b72dc4052db82137aaa33b095c754fc41f27c.json,1,models/FUNWAVE/raw/source_code/FUNWAVE-TVD/simple_cases/beach_2d/input_files/input_data.txt,
models/FUNWAVE/raw/source_code/FUNWAVE-TVD/simple_cases/beach_2d/input_files/input_irr.txt,de6f7b321dc2fdc2d62ee8dcbaa2c5495aa5b824c1040a0684f4dec904a61261,4735,text/plain,.txt,documentation-or-build-text,FUNWAVE-TVD,True,no explicit vendor marker found; retained in denominator,False,True,False,False,False,False,True,False,False,False,True,_staging/total-read/pending/reread-20260728/reread20260728-doc-FUNWAVE-004-codex-20260811T012315Z-faa39b6d/f75db5e88c64b023d6528c33795d2005f91120c4072b4927354c275f64d7429a.json,1,models/FUNWAVE/raw/source_code/FUNWAVE-TVD/simple_cases/beach_2d/input_files/input_irr.txt,
models/FUNWAVE/raw/source_code/FUNWAVE-TVD/simple_cases/beach_2d/input_files/input_irr_30deg.txt,adb796b3f20dcbc675ce5cf311a2181d4ecd004d34aefa87e48b8cdd97b8aa63,4736,text/plain,.txt,documentation-or-build-text,FUNWAVE-TVD,True,no explicit vendor marker found; retained in denominator,False,True,False,False,False,False,True,False,False,False,True,_staging/total-read/pending/reread-20260728/reread20260728-doc-FUNWAVE-004-codex-20260811T012315Z-faa39b6d/600d00a082ff81e92d8b33a4c7a82fd465a7c0d7c7c292ca8c7a438a446fe26e.json,1,models/FUNWAVE/raw/source_code/FUNWAVE-TVD/simple_cases/beach_2d/input_files/input_irr_30deg.txt,
models/FUNWAVE/raw/source_code/FUNWAVE-TVD/simple_cases/beach_2d/input_files/input_irr_30deg_hotstart.txt,14a64c9899e6b266fa02be7089b6011cc12afb7103edf30e4704b669660286b5,5058,text/plain,.txt,documentation-or-build-text,FUNWAVE-TVD,True,no explicit vendor marker found; retained in denominator,False,True,False,False,False,False,True,False,False,False,True,_staging/total-read/pending/reread-20260728/reread20260728-doc-FUNWAVE-004-codex-20260811T012315Z-faa39b6d/f06040fe56179206eb877ca1ccb909f190568137b0d09b151269cd5bee486602.json,1,models/FUNWAVE/raw/source_code/FUNWAVE-TVD/simple_cases/beach_2d/input_files/input_irr_30deg_hotstart.txt,
models/FUNWAVE/raw/source_code/FUNWAVE-TVD/simple_cases/beach_2d/input_files/input_reg.txt,b727f0ebac24017fb707310e2cb10371738515013162615a5e84e489a7c34925,4675,text/plain,.txt,documentation-or-build-text,FUNWAVE-TVD,True,no explicit vendor marker found; retained in denominator,False,True,False,False,False,False,True,False,False,False,True,_staging/total-read/pending/reread-20260728/reread20260728-doc-FUNWAVE-005-codex-20260811T012257Z-f2ab7fc1/a3cac6950964ad6b0040aef5ca5db3414e87cdf0f7b6f9b2bc73cd0d4bc81511.json,1,models/FUNWAVE/raw/source_code/FUNWAVE-TVD/simple_cases/beach_2d/input_files/input_reg.txt,
models/FUNWAVE/raw/source_code/FUNWAVE-TVD/simple_cases/beach_2d/input_files/input_reg_30deg.txt,804c9c5454bdabd39a1d93a19a70096036a7694063835c82431ee97324d5fc73,4676,text/plain,.txt,documentation-or-build-text,FUNWAVE-TVD,True,no explicit vendor marker found; retained in denominator,False,True,False,False,False,False,True,False,False,False,True,_staging/total-read/pending/reread-20260728/reread20260728-doc-FUNWAVE-005-codex-20260811T012257Z-f2ab7fc1/19d390c45f1d3b0c9f765e8215de790ef8396cbb1404220c8c06600718f85c4a.json,1,models/FUNWAVE/raw/source_code/FUNWAVE-TVD/simple_cases/beach_2d/input_files/input_reg_30deg.txt,
models/FUNWAVE/raw/source_code/FUNWAVE-TVD/simple_cases/beach_2d/input_files/input_reg_hotstart.txt,9e4254e94178667de4fd115777b25b965a97363c0c0b539d271342834302d4a6,4996,text/plain,.txt,documentation-or-build-text,FUNWAVE-TVD,True,no explicit vendor marker found; retained in denominator,False,True,False,False,False,False,True,False,False,False,True,_staging/total-read/pending/reread-20260728/reread20260728-doc-FUNWAVE-005-codex-20260811T012257Z-f2ab7fc1/2b5b099c905c990ee8c6689ac7b3649eb50b323a7405358d5503c528b7f32e36.json,1,models/FUNWAVE/raw/source_code/FUNWAVE-TVD/simple_cases/beach_2d/input_files/input_reg_hotstart.txt,
models/FUNWAVE/raw/source_code/FUNWAVE-TVD/simple_cases/beach_2d/input_files/input_test_eta_screen.txt,176ff9ce8209a99245924030b097ad6dea2793dadb2271138ce380d1deb09b93,4690,text/plain,.txt,documentation-or-build-text,FUNWAVE-TVD,True,no explicit vendor marker found; retained in denominator,False,True,False,False,False,False,True,False,False,False,True,_staging/total-read/pending/reread-20260728/reread20260728-doc-FUNWAVE-005-codex-20260811T012257Z-f2ab7fc1/403c81ddfd8eb800609edb51cba78cc6b070168eb014d773cceece7c2de35206.json,1,models/FUNWAVE/raw/source_code/FUNWAVE-TVD/simple_cases/beach_2d/input_files/input_test_eta_screen.txt,
models/FUNWAVE/raw/source_code/FUNWAVE-TVD/simple_cases/beach_2d/postprocessing/curr_2d_wave.png,ae022bf22d1b302ead64ed54d0765338d01f7bd377fcab27665d87c509e83f84,289369,image/png,.png,image-or-media,FUNWAVE-TVD,True,no explicit vendor marker found; retained in denominator,False,False,False,False,False,False,False,False,False,True,False,_staging/total-read/records/binauto-code_FUNWAVE.jsonl,1,models/FUNWAVE/raw/source_code/FUNWAVE-TVD/simple_cases/beach_2d/postprocessing/curr_2d_wave.png,
models/FUNWAVE/raw/source_code/FUNWAVE-TVD/simple_cases/beach_2d/postprocessing/eta_2d_wave.png,ccbaa51abac3137dc5c434550a87d24573a1747ba34fb8eb5957e1cd1fcbf9ff,106139,image/png,.png,image-or-media,FUNWAVE-TVD,True,no explicit vendor marker found; retained in denominator,False,False,False,False,False,False,False,False,False,True,False,_staging/total-read/records/binauto-code_FUNWAVE.jsonl,1,models/FUNWAVE/raw/source_code/FUNWAVE-TVD/simple_cases/beach_2d/postprocessing/eta_2d_wave.png,
models/FUNWAVE/raw/source_code/FUNWAVE-TVD/simple_cases/beach_2d/postprocessing/plot_current.m,f8873aa5dc754205934753f09ebae65303c2c914ee15389b034533e526636b2e,1292,text/plain,.m,script-source,FUNWAVE-TVD,True,no explicit vendor marker found; retained in denominator,True,True,True,True,True,True,False,False,False,False,True,_staging/total-read/pending/reread-20260728/reread20260728-code-FUNWAVE-001-codexaudit-20260826T022957Z-e3a3d09e/9ae9950389e1485f2734869f22a3c37f51da0a15994f97eed7a8af594c709459.json | _staging/total-read/pending/reread-20260728/reread20260728-code-FUNWAVE-001-fable5-20260813T012841Z-2ec7b3b5/9ae9950389e1485f2734869f22a3c37f51da0a15994f97eed7a8af594c709459.json | _staging/total-read/records-crosswalk/reread-20260728/FUNWAVE-001/FUNWAVE__raw__source_code__FUNWAVE-TVD__simple_cases__beach_2d__postprocessing__plot_current.m.crosswalk.json,1,models/FUNWAVE/raw/source_code/FUNWAVE-TVD/simple_cases/beach_2d/postprocessing/plot_current.m,
models/FUNWAVE/raw/source_code/FUNWAVE-TVD/simple_cases/beach_2d/postprocessing/plot_current.py,31acb17b0524ed28d8f2c84ed2d04fdeb490c57bd9ab3dcd7d171add799cc2e2,2508,text/plain,.py,script-source,FUNWAVE-TVD,True,no explicit vendor marker found; retained in denominator,True,True,True,True,True,True,False,False,False,False,True,_staging/total-read/pending/reread-20260728/reread20260728-code-FUNWAVE-001-codexaudit-20260826T022957Z-e3a3d09e/a1c7d8ad3d2cf280d6f5526e491982cc15213d8bc84e8371f7d40a1822f24fe9.json | _staging/total-read/pending/reread-20260728/reread20260728-code-FUNWAVE-001-fable5-20260813T012841Z-2ec7b3b5/a1c7d8ad3d2cf280d6f5526e491982cc15213d8bc84e8371f7d40a1822f24fe9.json | _staging/total-read/records-crosswalk/reread-20260728/FUNWAVE-001/FUNWAVE__raw__source_code__FUNWAVE-TVD__simple_cases__beach_2d__postprocessing__plot_current.py.crosswalk.json,1,models/FUNWAVE/raw/source_code/FUNWAVE-TVD/simple_cases/beach_2d/postprocessing/plot_current.py,
models/FUNWAVE/raw/source_code/FUNWAVE-TVD/simple_cases/beach_2d/postprocessing/plot_current_commented.m,e5a5d92fef0db73ba3fc0519ec044c6bafdfe4bcf059509cb72e166e776c6631,2100,text/plain,.m,script-source,FUNWAVE-TVD,True,no explicit vendor marker found; retained in denominator,True,True,True,True,True,True,False,False,False,False,True,_staging/total-read/pending/reread-20260728/reread20260728-code-FUNWAVE-001-codexaudit-20260826T022957Z-e3a3d09e/297b17452576fe38ee8d8cafabcb1b7e55f215793210358edade934ab071d23f.json | _staging/total-read/pending/reread-20260728/reread20260728-code-FUNWAVE-001-fable5-20260813T012841Z-2ec7b3b5/297b17452576fe38ee8d8cafabcb1b7e55f215793210358edade934ab071d23f.json | _staging/total-read/records-crosswalk/reread-20260728/FUNWAVE-001/FUNWAVE__raw__source_code__FUNWAVE-TVD__simple_cases__beach_2d__postprocessing__plot_current_commented.m.crosswalk.json,1,models/FUNWAVE/raw/source_code/FUNWAVE-TVD/simple_cases/beach_2d/postprocessing/plot_current_commented.m,
models/FUNWAVE/raw/source_code/FUNWAVE-TVD/simple_cases/beach_2d/postprocessing/plot_wave.m,c60cba9d79f5795371363c0ea5c070a5668e190dba8c770f40d24b8dce6e6ee9,1129,text/plain,.m,script-source,FUNWAVE-TVD,True,no explicit vendor marker found; retained in denominator,True,True,True,True,True,True,False,False,False,False,True,_staging/total-read/pending/reread-20260728/reread20260728-code-FUNWAVE-001-codexaudit-20260826T022957Z-e3a3d09e/7a7e1cbe44642a2d13ed797d32d8283637a8b88a8dd5a12b7402e5969c3d5574.json | _staging/total-read/pending/reread-20260728/reread20260728-code-FUNWAVE-001-fable5-20260813T012841Z-2ec7b3b5/7a7e1cbe44642a2d13ed797d32d8283637a8b88a8dd5a12b7402e5969c3d5574.json | _staging/total-read/records-crosswalk/reread-20260728/FUNWAVE-001/FUNWAVE__raw__source_code__FUNWAVE-TVD__simple_cases__beach_2d__postprocessing__plot_wave.m.crosswalk.json,1,models/FUNWAVE/raw/source_code/FUNWAVE-TVD/simple_cases/beach_2d/postprocessing/plot_wave.m,
models/FUNWAVE/raw/source_code/FUNWAVE-TVD/simple_cases/beach_2d/postprocessing/plot_wave1d_test_screen.m,b4dde5c8db6233b4a7381914ebe94a62389b5a49292f3734edf77b3ce491db98,403,text/plain,.m,script-source,FUNWAVE-TVD,True,no explicit vendor marker found; retained in denominator,True,True,True,True,True,True,False,False,False,False,True,_staging/total-read/pending/reread-20260728/reread20260728-code-FUNWAVE-001-codexaudit-20260826T022957Z-e3a3d09e/e496edc0d6f81d4df91b2a9c7d34161b1926cd0e4939003e44873496736cbb43.json | _staging/total-read/pending/reread-20260728/reread20260728-code-FUNWAVE-001-fable5-20260813T012841Z-2ec7b3b5/e496edc0d6f81d4df91b2a9c7d34161b1926cd0e4939003e44873496736cbb43.json | _staging/total-read/records-crosswalk/reread-20260728/FUNWAVE-001/FUNWAVE__raw__source_code__FUNWAVE-TVD__simple_cases__beach_2d__postprocessing__plot_wave1d_test_screen.m.crosswalk.json,1,models/FUNWAVE/raw/source_code/FUNWAVE-TVD/simple_cases/beach_2d/postprocessing/plot_wave1d_test_screen.m,
models/FUNWAVE/raw/source_code/FUNWAVE-TVD/simple_cases/beach_2d/postprocessing/plot_wave2d_test_screen.m,0032bfe2b5f688be5baa4e9c77028f4a2259d922c16ae0de1c4fd154412355d7,445,text/plain,.m,script-source,FUNWAVE-TVD,True,no explicit vendor marker found; retained in denominator,True,True,True,True,True,True,False,False,False,False,True,_staging/total-read/pending/reread-20260728/reread20260728-code-FUNWAVE-001-codexaudit-20260826T022957Z-e3a3d09e/d74cfb32b2cb2bb3387fe34c1c40a6b19c9460ad1c1959bfe6f41747fcc5f9fd.json | _staging/total-read/pending/reread-20260728/reread20260728-code-FUNWAVE-001-fable5-20260813T012841Z-2ec7b3b5/d74cfb32b2cb2bb3387fe34c1c40a6b19c9460ad1c1959bfe6f41747fcc5f9fd.json | _staging/total-read/records-crosswalk/reread-20260728/FUNWAVE-001/FUNWAVE__raw__source_code__FUNWAVE-TVD__simple_cases__beach_2d__postprocessing__plot_wave2d_test_screen.m.crosswalk.json,1,models/FUNWAVE/raw/source_code/FUNWAVE-TVD/simple_cases/beach_2d/postprocessing/plot_wave2d_test_screen.m,
models/FUNWAVE/raw/source_code/FUNWAVE-TVD/simple_cases/beach_2d/postprocessing/plot_wave_2d.py,918e7b5b56505734bd33693d84babd2ddf67e83897bbf9cce382c514e88ec53b,1983,text/plain,.py,script-source,FUNWAVE-TVD,True,no explicit vendor marker found; retained in denominator,True,True,True,True,True,True,False,False,False,False,True,_staging/total-read/pending/reread-20260728/reread20260728-code-FUNWAVE-001-codexaudit-20260826T022957Z-e3a3d09e/9e87533d434f59054dfcfa789b070aa02971ca5e5541ee52fc3b642a77da7592.json | _staging/total-read/pending/reread-20260728/reread20260728-code-FUNWAVE-001-fable5-20260813T012841Z-2ec7b3b5/9e87533d434f59054dfcfa789b070aa02971ca5e5541ee52fc3b642a77da7592.json | _staging/total-read/records-crosswalk/reread-20260728/FUNWAVE-001/FUNWAVE__raw__source_code__FUNWAVE-TVD__simple_cases__beach_2d__postprocessing__plot_wave_2d.py.crosswalk.json,1,models/FUNWAVE/raw/source_code/FUNWAVE-TVD/simple_cases/beach_2d/postprocessing/plot_wave_2d.py,
models/FUNWAVE/raw/source_code/FUNWAVE-TVD/simple_cases/beach_2d/postprocessing/plot_wave_commented.m,d56c3974060c039f2410deb53553b644f2e2eafb945747d3c27a6a5f017845a3,2127,text/plain,.m,script-source,FUNWAVE-TVD,True,no explicit vendor marker found; retained in denominator,True,True,True,True,True,True,False,False,False,False,True,_staging/total-read/pending/reread-20260728/reread20260728-code-FUNWAVE-001-codexaudit-20260826T022957Z-e3a3d09e/de7bd71a3e205bf4a1698ebdf74fd04e3776b3daf0b5c4377ae67d24540e4420.json | _staging/total-read/pending/reread-20260728/reread20260728-code-FUNWAVE-001-fable5-20260813T012841Z-2ec7b3b5/de7bd71a3e205bf4a1698ebdf74fd04e3776b3daf0b5c4377ae67d24540e4420.json | _staging/total-read/records-crosswalk/reread-20260728/FUNWAVE-001/FUNWAVE__raw__source_code__FUNWAVE-TVD__simple_cases__beach_2d__postprocessing__plot_wave_commented.m.crosswalk.json,1,models/FUNWAVE/raw/source_code/FUNWAVE-TVD/simple_cases/beach_2d/postprocessing/plot_wave_commented.m,
models/FUNWAVE/raw/source_code/FUNWAVE-TVD/simple_cases/beach_2d/spectral_data/DATA/spectra_frf.txt,5de88ff6168f03d447891c27632e6a4e23b3432b52b1d5ad36399d1b0471c816,71496,text/plain,.txt,documentation-or-build-text,FUNWAVE-TVD,True,no explicit vendor marker found; retained in denominator,False,True,False,False,False,False,True,False,False,False,True,_staging/total-read/pending/reread-20260728/reread20260728-doc-FUNWAVE-005-codex-20260811T012257Z-f2ab7fc1/5f73931b8868b35bb8803386b25d47e979e32631030305c0dc3d65490080a918.json,1,models/FUNWAVE/raw/source_code/FUNWAVE-TVD/simple_cases/beach_2d/spectral_data/DATA/spectra_frf.txt,
models/FUNWAVE/raw/source_code/FUNWAVE-TVD/simple_cases/beach_2d/spectral_data/MATLAB/mk_2d_1d_spec_frf.m,870716085cda12b89c1c89873f8acf1d2cdac9ec301b29bd407d6ba5c70ab6ee,3452,text/plain,.m,script-source,FUNWAVE-TVD,True,no explicit vendor marker found; retained in denominator,True,True,True,True,True,True,False,False,False,False,True,_staging/total-read/pending/reread-20260728/reread20260728-code-FUNWAVE-001-codexaudit-20260826T022957Z-e3a3d09e/61f2c6619506c90041edf0d8949104fa8d401e4b9e2fb8dc1454d09d1de5591d.json | _staging/total-read/pending/reread-20260728/reread20260728-code-FUNWAVE-001-fable5-20260813T012841Z-2ec7b3b5/61f2c6619506c90041edf0d8949104fa8d401e4b9e2fb8dc1454d09d1de5591d.json | _staging/total-read/records-crosswalk/reread-20260728/FUNWAVE-001/FUNWAVE__raw__source_code__FUNWAVE-TVD__simple_cases__beach_2d__spectral_data__MATLAB__mk_2d_1d_spec_frf.m.crosswalk.json,1,models/FUNWAVE/raw/source_code/FUNWAVE-TVD/simple_cases/beach_2d/spectral_data/MATLAB/mk_2d_1d_spec_frf.m,
models/FUNWAVE/raw/source_code/FUNWAVE-TVD/simple_cases/beach_2d/spectral_data/MATLAB/show_tma.m,d8984b6cfacc653f2941c057d6bba7f8da275a48b9755eb21b02f89f822afcca,1544,text/plain,.m,script-source,FUNWAVE-TVD,True,no explicit vendor marker found; retained in denominator,True,True,True,True,True,True,False,False,False,False,True,_staging/total-read/pending/reread-20260728/reread20260728-code-FUNWAVE-001-codexaudit-20260826T022957Z-e3a3d09e/286995dc27d82252499b3bfc01019e1b4fe68fb91ee7558e7a2feeccedaceb9d.json | _staging/total-read/pending/reread-20260728/reread20260728-code-FUNWAVE-001-fable5-20260813T012841Z-2ec7b3b5/286995dc27d82252499b3bfc01019e1b4fe68fb91ee7558e7a2feeccedaceb9d.json | _staging/total-read/records-crosswalk/reread-20260728/FUNWAVE-001/FUNWAVE__raw__source_code__FUNWAVE-TVD__simple_cases__beach_2d__spectral_data__MATLAB__show_tma.m.crosswalk.json,1,models/FUNWAVE/raw/source_code/FUNWAVE-TVD/simple_cases/beach_2d/spectral_data/MATLAB/show_tma.m,
models/FUNWAVE/raw/source_code/FUNWAVE-TVD/simple_cases/beach_2d/spectral_data/MATLAB/spectrum.jpg,e93c498e6f726cb0212c6b452d80876e9c0588d4a9e378b3964a8abec9487da5,324687,image/jpeg,.jpg,image-or-media,FUNWAVE-TVD,True,no explicit vendor marker found; retained in denominator,False,False,False,False,False,False,False,False,False,True,False,_staging/total-read/records/binauto-code_FUNWAVE.jsonl,1,models/FUNWAVE/raw/source_code/FUNWAVE-TVD/simple_cases/beach_2d/spectral_data/MATLAB/spectrum.jpg,
models/FUNWAVE/raw/source_code/FUNWAVE-TVD/simple_cases/beach_2d/spectral_data/MATLAB/wave1d_frf.txt,58d7e8299aec1f1883bda5cab57064b544c4d52e7e55ad2758d93fa1c51106a0,1044,text/plain,.txt,documentation-or-build-text,FUNWAVE-TVD,True,no explicit vendor marker found; retained in denominator,False,True,False,False,False,False,True,False,False,False,True,_staging/total-read/pending/reread-20260728/reread20260728-doc-FUNWAVE-005-codex-20260811T012257Z-f2ab7fc1/49603225a6e4e0e4a195ae1b1d5470471c56e3c17a81c674b23c87ffb895fcc6.json,1,models/FUNWAVE/raw/source_code/FUNWAVE-TVD/simple_cases/beach_2d/spectral_data/MATLAB/wave1d_frf.txt,
models/FUNWAVE/raw/source_code/FUNWAVE-TVD/simple_cases/beach_2d/spectral_data/MATLAB/wave2d_frf.txt,d17575bac814793a98d771945f8f4a1f56adaa5056b2d8e5cc2d9c315c70f92e,14905,text/plain,.txt,documentation-or-build-text,FUNWAVE-TVD,True,no explicit vendor marker found; retained in denominator,False,True,False,False,False,False,True,False,False,False,True,_staging/total-read/pending/reread-20260728/reread20260728-doc-FUNWAVE-005-codex-20260811T012257Z-f2ab7fc1/95801b71d45c753f9179ac7c42587c188762b00f5b26774e9b518dd0e4ed7a39.json,1,models/FUNWAVE/raw/source_code/FUNWAVE-TVD/simple_cases/beach_2d/spectral_data/MATLAB/wave2d_frf.txt,
models/FUNWAVE/raw/source_code/FUNWAVE-TVD/simple_cases/beach_2d_radiation/.DS_Store,d65165279105ca6773180500688df4bdc69a2c7b771752f0a46ef120b7fd8ec3,6148,application/octet-stream,[none],other-binary-or-data,FUNWAVE-TVD,True,no explicit vendor marker found; retained in denominator,False,False,False,False,False,False,False,False,False,True,False,_staging/total-read/records/binauto-code_FUNWAVE.jsonl,14,models/FUNWAVE/raw/source_code/FUNWAVE-TVD/funwave-work/.DS_Store,models/FUNWAVE/raw/source_code/FUNWAVE-TVD/funwave-work/.DS_Store | models/FUNWAVE/raw/source_code/FUNWAVE-TVD/simple_cases/beach_2d_radiation/.DS_Store | models/FUNWAVE/raw/source_code/FUNWAVE-TVD/simple_cases/rain_on_hills/postprocessing/.DS_Store | models/FUNWAVE/raw/source_code/FUNWAVE-TVD/simple_cases/surface_wave_1d/input_files/.DS_Store | models/FUNWAVE/raw/source_code/FUNWAVE-TVD/simple_cases/tide_abs_1bc_constant/work/.DS_Store | models/FUNWAVE/raw/source_code/FUNWAVE-TVD/simple_cases/tide_abs_2bc_data/.DS_Store | models/FUNWAVE/raw/source_code/FUNWAVE-TVD/simple_cases/tide_frf_abc_data/plots/.DS_Store | models/FUNWAVE/raw/source_code/FUNWAVE-TVD/simple_cases/tide_gen_abs_data/.DS_Store | models/FUNWAVE/raw/source_code/FUNWAVE-TVD/simple_cases/tide_time_spectra/.DS_Store | models/FUNWAVE/raw/source_code/FUNWAVE-TVD/simple_cases/tohoku_tsunami/work/.DS_Store | models/FUNWAVE/raw/source_code/FUNWAVE-TVD/simple_cases/vertical_velocity_structure/plots/.DS_Store | models/FUNWAVE/raw/source_code/FUNWAVE-TVD/simple_cases/vessel_propeller_effect/vessel/.DS_Store | models/FUNWAVE/raw/source_code/FUNWAVE-TVD/simple_cases/vessel_propeller_effect/vessel_propeller/.DS_Store | models/FUNWAVE/raw/source_code/FUNWAVE-TVD/src/.DS_Store
models/FUNWAVE/raw/source_code/FUNWAVE-TVD/simple_cases/beach_2d_radiation/Grid_Range.out,9ed890974a15d2b4159c3eb460d63869969e7ff0cb8ec963fe90c763e576a9a2,178,text/plain,.out,case-data-or-output,FUNWAVE-TVD,True,no explicit vendor marker found; retained in denominator,False,True,False,False,False,False,True,False,False,False,True,_staging/total-read/pending/reread-20260728/reread20260728-doc-FUNWAVE-005-codex-20260811T012257Z-f2ab7fc1/bbe0cb95d776270581b913b03276a6bf5150c2dae205e2e6f5ce1ad2637c4eb7.json,1,models/FUNWAVE/raw/source_code/FUNWAVE-TVD/simple_cases/beach_2d_radiation/Grid_Range.out,
models/FUNWAVE/raw/source_code/FUNWAVE-TVD/simple_cases/beach_2d_radiation/Makefile,0362a3fa1c1c17f7528aca01523ae1293458162de4e0a79e4ccddcae51fcce60,4050,text/x-file,[none],documentation-or-build-text,FUNWAVE-TVD,True,no explicit vendor marker found; retained in denominator,False,True,False,False,False,False,True,False,False,False,True,_staging/total-read/pending/reread-20260728/reread20260728-doc-FUNWAVE-005-codex-20260811T012257Z-f2ab7fc1/41a007daba5913affd7b8e9633253370feabc5285f59c5fd97a980b3d1611eb0.json,2,models/FUNWAVE/raw/source_code/FUNWAVE-TVD/simple_cases/beach_2d_radiation/Makefile,models/FUNWAVE/raw/source_code/FUNWAVE-TVD/simple_cases/beach_2d_radiation/Makefile | models/FUNWAVE/raw/source_code/FUNWAVE-TVD/simple_cases/vertical_velocity_structure/Makefile
models/FUNWAVE/raw/source_code/FUNWAVE-TVD/simple_cases/beach_2d_radiation/balance.jpg,0d92290279b1f3d08df4a1398c3832a0b0a40732fe025e60d86146f6efef1e74,199602,image/jpeg,.jpg,image-or-media,FUNWAVE-TVD,True,no explicit vendor marker found; retained in denominator,False,False,False,False,False,False,False,False,False,True,False,_staging/total-read/records/binauto-code_FUNWAVE.jsonl,1,models/FUNWAVE/raw/source_code/FUNWAVE-TVD/simple_cases/beach_2d_radiation/balance.jpg,
models/FUNWAVE/raw/source_code/FUNWAVE-TVD/simple_cases/beach_2d_radiation/break_frc_avg.jpg,3a13cc88cd9999934aa75d8b16c70d7f957014b76f98c0d6a9ca9dd8d64c2d67,265402,image/jpeg,.jpg,image-or-media,FUNWAVE-TVD,True,no explicit vendor marker found; retained in denominator,False,False,False,False,False,False,False,False,False,True,False,_staging/total-read/records/binauto-code_FUNWAVE.jsonl,1,models/FUNWAVE/raw/source_code/FUNWAVE-TVD/simple_cases/beach_2d_radiation/break_frc_avg.jpg,
models/FUNWAVE/raw/source_code/FUNWAVE-TVD/simple_cases/beach_2d_radiation/break_frc_inst.jpg,7a480cea936287e3af2150b7e198d6620cbabf2c80ca864ed9e59e22c45625c0,257654,image/jpeg,.jpg,image-or-media,FUNWAVE-TVD,True,no explicit vendor marker found; retained in denominator,False,False,False,False,False,False,False,False,False,True,False,_staging/total-read/records/binauto-code_FUNWAVE.jsonl,1,models/FUNWAVE/raw/source_code/FUNWAVE-TVD/simple_cases/beach_2d_radiation/break_frc_inst.jpg,
models/FUNWAVE/raw/source_code/FUNWAVE-TVD/simple_cases/beach_2d_radiation/input.txt,d9f5f11954bb5abe6d353d89b80081ed2cf1f1cc0fc08919f66726b7247fd990,4748,text/plain,.txt,documentation-or-build-text,FUNWAVE-TVD,True,no explicit vendor marker found; retained in denominator,False,True,False,False,False,False,True,False,False,False,True,_staging/total-read/pending/reread-20260728/reread20260728-doc-FUNWAVE-005-codex-20260811T012257Z-f2ab7fc1/7039d39393e299fa47b45b90d2c246a7f6979ac2e8caadd13183d36b254c3a85.json,1,models/FUNWAVE/raw/source_code/FUNWAVE-TVD/simple_cases/beach_2d_radiation/input.txt,
models/FUNWAVE/raw/source_code/FUNWAVE-TVD/simple_cases/beach_2d_radiation/plot_balance.m,f380d6a2d0c00f8d7d09f23bc3425aea5b974a59f73b7e35eaa1ae177dbfa85d,1087,text/plain,.m,script-source,FUNWAVE-TVD,True,no explicit vendor marker found; retained in denominator,True,True,True,True,True,True,False,False,False,False,True,_staging/total-read/pending/reread-20260728/reread20260728-code-FUNWAVE-001-codexaudit-20260826T022957Z-e3a3d09e/31f75855e9b66c9a4eeccddd55cfd3416b6d8209718181ceabe595d6ab1469dd.json | _staging/total-read/pending/reread-20260728/reread20260728-code-FUNWAVE-001-fable5-20260813T012841Z-2ec7b3b5/31f75855e9b66c9a4eeccddd55cfd3416b6d8209718181ceabe595d6ab1469dd.json | _staging/total-read/records-crosswalk/reread-20260728/FUNWAVE-001/FUNWAVE__raw__source_code__FUNWAVE-TVD__simple_cases__beach_2d_radiation__plot_balance.m.crosswalk.json,1,models/FUNWAVE/raw/source_code/FUNWAVE-TVD/simple_cases/beach_2d_radiation/plot_balance.m,
models/FUNWAVE/raw/source_code/FUNWAVE-TVD/simple_cases/beach_2d_radiation/plot_frc_brk.m,07cc3d9a9a9c4f41db734c31f4d8a3f90dfab4e304c8c7fad80e3ce4bbeefe36,1627,text/plain,.m,script-source,FUNWAVE-TVD,True,no explicit vendor marker found; retained in denominator,True,True,True,True,True,True,False,False,False,False,True,_staging/total-read/pending/reread-20260728/reread20260728-code-FUNWAVE-002-codexaudit-20260826T022957Z-7b64342a/eaa5a2243cc2cea31a6dfdb1ce8acec6a113e26dbe4122a5dc21ef8af8df6b02.json | _staging/total-read/pending/reread-20260728/reread20260728-code-FUNWAVE-002-fable5-20260813T012841Z-ff3d40e9/eaa5a2243cc2cea31a6dfdb1ce8acec6a113e26dbe4122a5dc21ef8af8df6b02.json | _staging/total-read/records-crosswalk/reread-20260728/FUNWAVE-002/FUNWAVE__raw__source_code__FUNWAVE-TVD__simple_cases__beach_2d_radiation__plot_frc_brk.m.crosswalk.json,1,models/FUNWAVE/raw/source_code/FUNWAVE-TVD/simple_cases/beach_2d_radiation/plot_frc_brk.m,
models/FUNWAVE/raw/source_code/FUNWAVE-TVD/simple_cases/beach_2d_radiation/plot_vertical_profile.m,0b39085703842d67e5eb4cdf24dd87e432e6f36141bff59f7f5c5bf4790299ae,831,text/plain,.m,script-source,FUNWAVE-TVD,True,no explicit vendor marker found; retained in denominator,True,True,True,True,True,True,False,False,False,False,True,_staging/total-read/pending/reread-20260728/reread20260728-code-FUNWAVE-002-codexaudit-20260826T022957Z-7b64342a/e1ccdda6083e4403e89f01b02b625bed02aa2b4f0fd43cb277c97dfbaf859401.json | _staging/total-read/pending/reread-20260728/reread20260728-code-FUNWAVE-002-fable5-20260813T012841Z-ff3d40e9/e1ccdda6083e4403e89f01b02b625bed02aa2b4f0fd43cb277c97dfbaf859401.json | _staging/total-read/records-crosswalk/reread-20260728/FUNWAVE-002/FUNWAVE__raw__source_code__FUNWAVE-TVD__simple_cases__beach_2d_radiation__plot_vertical_profile.m.crosswalk.json,1,models/FUNWAVE/raw/source_code/FUNWAVE-TVD/simple_cases/beach_2d_radiation/plot_vertical_profile.m,
models/FUNWAVE/raw/source_code/FUNWAVE-TVD/simple_cases/beach_2d_radiation/time_dt.out,a4f1c518db81cd0085f0463064862d1b6e3e6e911c2ce705a71003beb091a48a,875,text/plain,.out,case-data-or-output,FUNWAVE-TVD,True,no explicit vendor marker found; retained in denominator,False,True,False,False,False,False,True,False,False,False,True,_staging/total-read/pending/reread-20260728/reread20260728-doc-FUNWAVE-005-codex-20260811T012257Z-f2ab7fc1/926174bc61bd14cdc8b353598ef2e59fa66f9b19558837d5f11f9f8480ecd4f8.json,1,models/FUNWAVE/raw/source_code/FUNWAVE-TVD/simple_cases/beach_2d_radiation/time_dt.out,
models/FUNWAVE/raw/source_code/FUNWAVE-TVD/simple_cases/inlet_shoal/bathy/brk_shoal_inlet.txt,6d35586dce7d9332d0269662f123a358bc3ae18947859894ac05bcd190a60eaf,6292480,text/plain,.txt,documentation-or-build-text,FUNWAVE-TVD,True,no explicit vendor marker found; retained in denominator,False,True,False,False,False,False,False,False,False,True,False,_staging/total-read/records/numgrid-FUNWAVE-20260728.jsonl,1,models/FUNWAVE/raw/source_code/FUNWAVE-TVD/simple_cases/inlet_shoal/bathy/brk_shoal_inlet.txt,
models/FUNWAVE/raw/source_code/FUNWAVE-TVD/simple_cases/inlet_shoal/bathy/dep_shoal_inlet.txt,8ac6256c46c1611322cbf667dc740d312c5b5fc5ffc1c5c14de6329b9dd928e7,6292480,text/plain,.txt,documentation-or-build-text,FUNWAVE-TVD,True,no explicit vendor marker found; retained in denominator,False,True,False,False,False,False,False,False,False,True,False,_staging/total-read/records/numgrid-FUNWAVE-20260728.jsonl,1,models/FUNWAVE/raw/source_code/FUNWAVE-TVD/simple_cases/inlet_shoal/bathy/dep_shoal_inlet.txt,
models/FUNWAVE/raw/source_code/FUNWAVE-TVD/simple_cases/inlet_shoal/bathy/dep_shoal_inlet_brk.txt,5b811aad1f411d37c9afabfd80de47958e59bf98ce2b39104ca358ddf7dd0816,6292480,text/plain,.txt,documentation-or-build-text,FUNWAVE-TVD,True,no explicit vendor marker found; retained in denominator,False,True,False,False,False,False,False,False,False,True,False,_staging/total-read/records/numgrid-FUNWAVE-20260728.jsonl,1,models/FUNWAVE/raw/source_code/FUNWAVE-TVD/simple_cases/inlet_shoal/bathy/dep_shoal_inlet_brk.txt,
models/FUNWAVE/raw/source_code/FUNWAVE-TVD/simple_cases/inlet_shoal/bathy/mkxyz_shoal_inlet_Uchannel.f,6baefa00385f3cef83e35bea04f1d4542dc491b7d836532a38a892cb7a629624,4001,text/plain,.f,solver-or-case-source,FUNWAVE-TVD,True,no explicit vendor marker found; retained in denominator,True,True,True,True,True,True,False,False,False,False,True,_staging/total-read/pending/reread-20260728/reread20260728-code-FUNWAVE-002-codexaudit-20260826T022957Z-7b64342a/6face14c3e1efb5d5b38ca9607e8c59b9688e7a19e7fb0078963e1828ece9e2d.json | _staging/total-read/pending/reread-20260728/reread20260728-code-FUNWAVE-002-fable5-20260813T012841Z-ff3d40e9/6face14c3e1efb5d5b38ca9607e8c59b9688e7a19e7fb0078963e1828ece9e2d.json | _staging/total-read/records-crosswalk/reread-20260728/FUNWAVE-002/FUNWAVE__raw__source_code__FUNWAVE-TVD__simple_cases__inlet_shoal__bathy__mkxyz_shoal_inlet_Uchannel.f.crosswalk.json,1,models/FUNWAVE/raw/source_code/FUNWAVE-TVD/simple_cases/inlet_shoal/bathy/mkxyz_shoal_inlet_Uchannel.f,
models/FUNWAVE/raw/source_code/FUNWAVE-TVD/simple_cases/inlet_shoal/bathy/obs_shoal_inlet.txt,689a97b50eb847d4431a1e59d6cedc9e7af1724f51586cbba06a3ecee420f0d8,1573888,text/plain,.txt,documentation-or-build-text,FUNWAVE-TVD,True,no explicit vendor marker found; retained in denominator,False,True,False,False,False,False,False,False,False,True,False,_staging/total-read/records/numgrid-FUNWAVE-20260728.jsonl,1,models/FUNWAVE/raw/source_code/FUNWAVE-TVD/simple_cases/inlet_shoal/bathy/obs_shoal_inlet.txt,
models/FUNWAVE/raw/source_code/FUNWAVE-TVD/simple_cases/inlet_shoal/bathy/x_shoal_inlet.txt,b964bef8e0386fc92fd7c52561de557fa5f59e7878d3ab62dad4bccdda1ade9b,6292480,text/plain,.txt,documentation-or-build-text,FUNWAVE-TVD,True,no explicit vendor marker found; retained in denominator,False,True,False,False,False,False,False,False,False,True,False,_staging/total-read/records/numgrid-FUNWAVE-20260728.jsonl,1,models/FUNWAVE/raw/source_code/FUNWAVE-TVD/simple_cases/inlet_shoal/bathy/x_shoal_inlet.txt,
models/FUNWAVE/raw/source_code/FUNWAVE-TVD/simple_cases/inlet_shoal/bathy/y_shoal_inlet.txt,082f614108ea053608015188a0bbb0bf3fb2ecd77f05ecb50c3d65b8d10a6e70,6292480,text/plain,.txt,documentation-or-build-text,FUNWAVE-TVD,True,no explicit vendor marker found; retained in denominator,False,True,False,False,False,False,False,False,False,True,False,_staging/total-read/records/numgrid-FUNWAVE-20260728.jsonl,1,models/FUNWAVE/raw/source_code/FUNWAVE-TVD/simple_cases/inlet_shoal/bathy/y_shoal_inlet.txt,
models/FUNWAVE/raw/source_code/FUNWAVE-TVD/simple_cases/inlet_shoal/input_files/Makefile,0a6d33c4075bdb6841af71cab57f233364533ad3a32a7818f29596a343dfa3cb,4029,text/x-file,[none],documentation-or-build-text,FUNWAVE-TVD,True,no explicit vendor marker found; retained in denominator,False,True,False,False,False,False,True,False,False,False,True,_staging/total-read/pending/reread-20260728/reread20260728-doc-FUNWAVE-005-codex-20260811T012257Z-f2ab7fc1/17ff6ffe98f0a65f8898e2f0d1d5c5d52a8397767ea0083d84dc9b4b676084c7.json,5,models/FUNWAVE/raw/source_code/FUNWAVE-TVD/simple_cases/beach_2d/input_files/Makefile,models/FUNWAVE/raw/source_code/FUNWAVE-TVD/simple_cases/beach_2d/input_files/Makefile | models/FUNWAVE/raw/source_code/FUNWAVE-TVD/simple_cases/inlet_shoal/input_files/Makefile | models/FUNWAVE/raw/source_code/FUNWAVE-TVD/simple_cases/levee_1d/input_files/Makefile | models/FUNWAVE/raw/source_code/FUNWAVE-TVD/simple_cases/rip_2d/work/Makefile | models/FUNWAVE/raw/source_code/FUNWAVE-TVD/simple_cases/surface_wave_1d/input_files/Makefile
models/FUNWAVE/raw/source_code/FUNWAVE-TVD/simple_cases/inlet_shoal/input_files/gauges.txt,3e3180af16d853c71d1e370dff784f92c01e4ec73b376e5528b7d5253546b733,29,text/plain,.txt,documentation-or-build-text,FUNWAVE-TVD,True,no explicit vendor marker found; retained in denominator,False,True,False,False,False,False,True,False,False,False,True,_staging/total-read/pending/reread-20260728/reread20260728-doc-FUNWAVE-005-codex-20260811T012257Z-f2ab7fc1/5b9e495022c91aae02302d8fe022b7df7b223eb4f7185439198375e77acf6f1b.json,1,models/FUNWAVE/raw/source_code/FUNWAVE-TVD/simple_cases/inlet_shoal/input_files/gauges.txt,
models/FUNWAVE/raw/source_code/FUNWAVE-TVD/simple_cases/inlet_shoal/input_files/input_irr.txt,93cce01fdfbc12747a029e2a26b519602e60df595586798312aeb5605e370f63,4892,text/plain,.txt,documentation-or-build-text,FUNWAVE-TVD,True,no explicit vendor marker found; retained in denominator,False,True,False,False,False,False,True,False,False,False,True,_staging/total-read/pending/reread-20260728/reread20260728-doc-FUNWAVE-005-codex-20260811T012257Z-f2ab7fc1/12a4d648a8c2936cd289e2e4a57ee8f16ec195d2adde7131c292a8f74f9d9ec8.json,1,models/FUNWAVE/raw/source_code/FUNWAVE-TVD/simple_cases/inlet_shoal/input_files/input_irr.txt,
models/FUNWAVE/raw/source_code/FUNWAVE-TVD/simple_cases/inlet_shoal/input_files/input_irr_30deg.txt,6af096318e1a11832b377efac1f375685defd7db0a7e17d8b29d6774ca894eba,4893,text/plain,.txt,documentation-or-build-text,FUNWAVE-TVD,True,no explicit vendor marker found; retained in denominator,False,True,False,False,False,False,True,False,False,False,True,_staging/total-read/pending/reread-20260728/reread20260728-doc-FUNWAVE-005-codex-20260811T012257Z-f2ab7fc1/9b51cde78dbdd3c7586d488903d07fa4d12e2b431090d9b55896faa509da7209.json,1,models/FUNWAVE/raw/source_code/FUNWAVE-TVD/simple_cases/inlet_shoal/input_files/input_irr_30deg.txt,
models/FUNWAVE/raw/source_code/FUNWAVE-TVD/simple_cases/inlet_shoal/input_files/input_irr_30deg_brkwtr.txt,2c980fd8a4833b856b5194a028ebbd5375a5adf09e31c6c7e90b91a2c646fa1c,4911,text/plain,.txt,documentation-or-build-text,FUNWAVE-TVD,True,no explicit vendor marker found; retained in denominator,False,True,False,False,False,False,True,False,False,False,True,_staging/total-read/pending/reread-20260728/reread20260728-doc-FUNWAVE-005-codex-20260811T012257Z-f2ab7fc1/7aca0ac795d32033e944993f696c9fd977ce98e8a30cc9c147f1a433a1dbd2fb.json,1,models/FUNWAVE/raw/source_code/FUNWAVE-TVD/simple_cases/inlet_shoal/input_files/input_irr_30deg_brkwtr.txt,
models/FUNWAVE/raw/source_code/FUNWAVE-TVD/simple_cases/inlet_shoal/input_files/input_irr_30deg_obs.txt,ff442ef3b42633fde185624bc641157f23eadeb2769ee048076645314e2ab0c4,4930,text/plain,.txt,documentation-or-build-text,FUNWAVE-TVD,True,no explicit vendor marker found; retained in denominator,False,True,False,False,False,False,True,False,False,False,True,_staging/total-read/pending/reread-20260728/reread20260728-doc-FUNWAVE-005-codex-20260811T012257Z-f2ab7fc1/092c8aad9d82298a62fd8520e2ada71ff87fb4ff4efd13e3ccec474b7921c091.json,1,models/FUNWAVE/raw/source_code/FUNWAVE-TVD/simple_cases/inlet_shoal/input_files/input_irr_30deg_obs.txt,
models/FUNWAVE/raw/source_code/FUNWAVE-TVD/simple_cases/inlet_shoal/input_files/input_irr_30deg_reso.txt,f1b27077b764ed1f019b67812c336be50888b69bf59b83840910f06d13904aa6,4934,text/plain,.txt,documentation-or-build-text,FUNWAVE-TVD,True,no explicit vendor marker found; retained in denominator,False,True,False,False,False,False,True,False,False,False,True,_staging/total-read/pending/reread-20260728/reread20260728-doc-FUNWAVE-005-codex-20260811T012257Z-f2ab7fc1/fbc8fca2bd56a960e4260a9ed69b849ca7a230d891d7d05c51d7eb916b32293c.json,1,models/FUNWAVE/raw/source_code/FUNWAVE-TVD/simple_cases/inlet_shoal/input_files/input_irr_30deg_reso.txt,
models/FUNWAVE/raw/source_code/FUNWAVE-TVD/simple_cases/inlet_shoal/input_files/input_irr_30deg_ship.txt,c1482c27ec96ab936717612392d280ea845c560796ad2403a4a78382dfe3c388,5025,text/plain,.txt,documentation-or-build-text,FUNWAVE-TVD,True,no explicit vendor marker found; retained in denominator,False,True,False,False,False,False,True,False,False,False,True,_staging/total-read/pending/reread-20260728/reread20260728-doc-FUNWAVE-005-codex-20260811T012257Z-f2ab7fc1/1d02d7e948ccc16cebc00dc89b9a1d17c75fa28066c6b2c0184938a50ced7cd6.json,1,models/FUNWAVE/raw/source_code/FUNWAVE-TVD/simple_cases/inlet_shoal/input_files/input_irr_30deg_ship.txt,
models/FUNWAVE/raw/source_code/FUNWAVE-TVD/simple_cases/inlet_shoal/input_files/input_reg.txt,0ec74e93210ebde0ade4b083cbd48ecdd1507b1a5abb2533c030d6684f361484,4544,text/plain,.txt,documentation-or-build-text,FUNWAVE-TVD,True,no explicit vendor marker found; retained in denominator,False,True,False,False,False,False,True,False,False,False,True,_staging/total-read/pending/reread-20260728/reread20260728-doc-FUNWAVE-005-codex-20260811T012257Z-f2ab7fc1/ff8a346ecf64d48f389678727ef17bb0c3753469dc765ed452fe72a05a6c5383.json,1,models/FUNWAVE/raw/source_code/FUNWAVE-TVD/simple_cases/inlet_shoal/input_files/input_reg.txt,
models/FUNWAVE/raw/source_code/FUNWAVE-TVD/simple_cases/inlet_shoal/input_files/input_reg_30deg.txt,cd8bf24f81e7a98ced7c9afc919c79011e8336b8f97859484d56657948a1c7f0,4671,text/plain,.txt,documentation-or-build-text,FUNWAVE-TVD,True,no explicit vendor marker found; retained in denominator,False,True,False,False,False,False,True,False,False,False,True,_staging/total-read/pending/reread-20260728/reread20260728-doc-FUNWAVE-005-codex-20260811T012257Z-f2ab7fc1/210a389108e90e08fb716f576752dcf91d5e0b037c7d5b3b9c16fcb735c75f20.json,1,models/FUNWAVE/raw/source_code/FUNWAVE-TVD/simple_cases/inlet_shoal/input_files/input_reg_30deg.txt,
models/FUNWAVE/raw/source_code/FUNWAVE-TVD/simple_cases/inlet_shoal/input_files/vessel_00001,206557e74751282754c89596c1f7b560fe116dfa3f26a4299f80dec1f79b3b15,242,text/plain,[none],other-text,FUNWAVE-TVD,True,no explicit vendor marker found; retained in denominator,False,True,False,False,False,False,True,False,False,False,True,_staging/total-read/pending/reread-20260728/reread20260728-doc-FUNWAVE-005-codex-20260811T012257Z-f2ab7fc1/478ebf412d2421a6150e8cb7130eb3f73ac7e57d97e98b25b2b5205b0a002ea8.json,1,models/FUNWAVE/raw/source_code/FUNWAVE-TVD/simple_cases/inlet_shoal/input_files/vessel_00001,
models/FUNWAVE/raw/source_code/FUNWAVE-TVD/simple_cases/inlet_shoal/postprocessing/eta_inlet_shoal.jpg,6c382830ec4b2ecffa2e1747388d22c167054bcb2dea0652a569c00a470a58fd,114781,image/jpeg,.jpg,image-or-media,FUNWAVE-TVD,True,no explicit vendor marker found; retained in denominator,False,False,False,False,False,False,False,False,False,True,False,_staging/total-read/records/binauto-code_FUNWAVE.jsonl,1,models/FUNWAVE/raw/source_code/FUNWAVE-TVD/simple_cases/inlet_shoal/postprocessing/eta_inlet_shoal.jpg,
models/FUNWAVE/raw/source_code/FUNWAVE-TVD/simple_cases/inlet_shoal/postprocessing/eta_inlet_shoal_irr.jpg,9fd23f4bbf6da135439c001e0208349a6de629fda16eddde6aca7e4ee3b0becb,121180,image/jpeg,.jpg,image-or-media,FUNWAVE-TVD,True,no explicit vendor marker found; retained in denominator,False,False,False,False,False,False,False,False,False,True,False,_staging/total-read/records/binauto-code_FUNWAVE.jsonl,1,models/FUNWAVE/raw/source_code/FUNWAVE-TVD/simple_cases/inlet_shoal/postprocessing/eta_inlet_shoal_irr.jpg,
models/FUNWAVE/raw/source_code/FUNWAVE-TVD/simple_cases/inlet_shoal/postprocessing/eta_inlet_shoal_irr_30deg.jpg,38f4da32211fe9104575014880adc095edbc96e408a27517e3bdcf34ceacae63,139196,image/jpeg,.jpg,image-or-media,FUNWAVE-TVD,True,no explicit vendor marker found; retained in denominator,False,False,False,False,False,False,False,False,False,True,False,_staging/total-read/records/binauto-code_FUNWAVE.jsonl,1,models/FUNWAVE/raw/source_code/FUNWAVE-TVD/simple_cases/inlet_shoal/postprocessing/eta_inlet_shoal_irr_30deg.jpg,
models/FUNWAVE/raw/source_code/FUNWAVE-TVD/simple_cases/inlet_shoal/postprocessing/eta_inlet_shoal_irr_30deg_brk.jpg,49e548990aa8012ca485bfb1ccf20f921b6e55a4ba27ba8c9d725afb66062f7a,137060,image/jpeg,.jpg,image-or-media,FUNWAVE-TVD,True,no explicit vendor marker found; retained in denominator,False,False,False,False,False,False,False,False,False,True,False,_staging/total-read/records/binauto-code_FUNWAVE.jsonl,1,models/FUNWAVE/raw/source_code/FUNWAVE-TVD/simple_cases/inlet_shoal/postprocessing/eta_inlet_shoal_irr_30deg_brk.jpg,
models/FUNWAVE/raw/source_code/FUNWAVE-TVD/simple_cases/inlet_shoal/postprocessing/eta_inlet_shoal_irr_30deg_brk_abs.jpg,605e221fbe3e3d3b8f23e7881fce3bb2ec8c2fc3085f4a7c15c9c8e67e60b46b,133574,image/jpeg,.jpg,image-or-media,FUNWAVE-TVD,True,no explicit vendor marker found; retained in denominator,False,False,False,False,False,False,False,False,False,True,False,_staging/total-read/records/binauto-code_FUNWAVE.jsonl,1,models/FUNWAVE/raw/source_code/FUNWAVE-TVD/simple_cases/inlet_shoal/postprocessing/eta_inlet_shoal_irr_30deg_brk_abs.jpg,
models/FUNWAVE/raw/source_code/FUNWAVE-TVD/simple_cases/inlet_shoal/postprocessing/eta_inlet_shoal_irr_30deg_obs.jpg,33794964ceeed65266b1237a0e8cf10090551ae369f52fa4bd65a3a1e0920106,135949,image/jpeg,.jpg,image-or-media,FUNWAVE-TVD,True,no explicit vendor marker found; retained in denominator,False,False,False,False,False,False,False,False,False,True,False,_staging/total-read/records/binauto-code_FUNWAVE.jsonl,1,models/FUNWAVE/raw/source_code/FUNWAVE-TVD/simple_cases/inlet_shoal/postprocessing/eta_inlet_shoal_irr_30deg_obs.jpg,
models/FUNWAVE/raw/source_code/FUNWAVE-TVD/simple_cases/inlet_shoal/postprocessing/eta_inlet_shoal_reg_30deg.jpg,f0c945f91b6cc84be05013b511bbc2bbb9c74b43ebff33825e095eae47ae569e,140365,image/jpeg,.jpg,image-or-media,FUNWAVE-TVD,True,no explicit vendor marker found; retained in denominator,False,False,False,False,False,False,False,False,False,True,False,_staging/total-read/records/binauto-code_FUNWAVE.jsonl,1,models/FUNWAVE/raw/source_code/FUNWAVE-TVD/simple_cases/inlet_shoal/postprocessing/eta_inlet_shoal_reg_30deg.jpg,
models/FUNWAVE/raw/source_code/FUNWAVE-TVD/simple_cases/inlet_shoal/postprocessing/inlet__shoal_bathy.png,22e4b28e760ee88b3880aa7f7912f50e95d7bf9567d3a9ab8de548f1b06f5637,77698,image/png,.png,image-or-media,FUNWAVE-TVD,True,no explicit vendor marker found; retained in denominator,False,False,False,False,False,False,False,False,False,True,False,_staging/total-read/records/binauto-code_FUNWAVE.jsonl,1,models/FUNWAVE/raw/source_code/FUNWAVE-TVD/simple_cases/inlet_shoal/postprocessing/inlet__shoal_bathy.png,
models/FUNWAVE/raw/source_code/FUNWAVE-TVD/simple_cases/inlet_shoal/postprocessing/inlet__shoal_wave.png,49f76a9446edd94e6ca471481be7347fa2d9fab763deadfef216b2598b879602,878788,image/png,.png,image-or-media,FUNWAVE-TVD,True,no explicit vendor marker found; retained in denominator,False,False,False,False,False,False,False,False,False,True,False,_staging/total-read/records/binauto-code_FUNWAVE.jsonl,1,models/FUNWAVE/raw/source_code/FUNWAVE-TVD/simple_cases/inlet_shoal/postprocessing/inlet__shoal_wave.png,
models/FUNWAVE/raw/source_code/FUNWAVE-TVD/simple_cases/inlet_shoal/postprocessing/inlet_shoal.jpg,5db99f76581ba8ae6380fe8da70d9766b1a7fa98271b776ce1afcf51f2927c29,55074,image/jpeg,.jpg,image-or-media,FUNWAVE-TVD,True,no explicit vendor marker found; retained in denominator,False,False,False,False,False,False,False,False,False,True,False,_staging/total-read/records/binauto-code_FUNWAVE.jsonl,1,models/FUNWAVE/raw/source_code/FUNWAVE-TVD/simple_cases/inlet_shoal/postprocessing/inlet_shoal.jpg,
models/FUNWAVE/raw/source_code/FUNWAVE-TVD/simple_cases/inlet_shoal/postprocessing/plot_bathy.m,2021e03190e432797bd01fc66fb91340fbc39bc5dbb6eda26bf2371d1c6bd77a,742,text/plain,.m,script-source,FUNWAVE-TVD,True,no explicit vendor marker found; retained in denominator,True,True,True,True,True,True,False,False,False,False,True,_staging/total-read/pending/reread-20260728/reread20260728-code-FUNWAVE-002-codexaudit-20260826T022957Z-7b64342a/1f7b00555e38634ea663bf1af32820e71a624e69115275768d871b0feef61165.json | _staging/total-read/pending/reread-20260728/reread20260728-code-FUNWAVE-002-fable5-20260813T012841Z-ff3d40e9/1f7b00555e38634ea663bf1af32820e71a624e69115275768d871b0feef61165.json | _staging/total-read/records-crosswalk/reread-20260728/FUNWAVE-002/FUNWAVE__raw__source_code__FUNWAVE-TVD__simple_cases__inlet_shoal__postprocessing__plot_bathy.m.crosswalk.json,1,models/FUNWAVE/raw/source_code/FUNWAVE-TVD/simple_cases/inlet_shoal/postprocessing/plot_bathy.m,
models/FUNWAVE/raw/source_code/FUNWAVE-TVD/simple_cases/inlet_shoal/postprocessing/plot_bathy_commented.m,d0b55a722cec5a8d183bea159fe80153c5743d852d8e7d6b28321dca2d4dcd3b,1282,text/plain,.m,script-source,FUNWAVE-TVD,True,no explicit vendor marker found; retained in denominator,True,True,True,True,True,True,False,False,False,False,True,_staging/total-read/pending/reread-20260728/reread20260728-code-FUNWAVE-002-codexaudit-20260826T022957Z-7b64342a/2522e0990211a0a30fd8bf3eac98e6c57e112d0727ecfc8e0bb935da37def2e2.json | _staging/total-read/pending/reread-20260728/reread20260728-code-FUNWAVE-002-fable5-20260813T012841Z-ff3d40e9/2522e0990211a0a30fd8bf3eac98e6c57e112d0727ecfc8e0bb935da37def2e2.json | _staging/total-read/records-crosswalk/reread-20260728/FUNWAVE-002/FUNWAVE__raw__source_code__FUNWAVE-TVD__simple_cases__inlet_shoal__postprocessing__plot_bathy_commented.m.crosswalk.json,1,models/FUNWAVE/raw/source_code/FUNWAVE-TVD/simple_cases/inlet_shoal/postprocessing/plot_bathy_commented.m,
models/FUNWAVE/raw/source_code/FUNWAVE-TVD/simple_cases/inlet_shoal/postprocessing/plot_bathy_inlet.py,51c4e013956c565597d02989c717ed5deeccd9fc1df1ec2168e94334acb38ce4,1409,text/plain,.py,script-source,FUNWAVE-TVD,True,no explicit vendor marker found; retained in denominator,True,True,True,True,True,True,False,False,False,False,True,_staging/total-read/pending/reread-20260728/reread20260728-code-FUNWAVE-002-codexaudit-20260826T022957Z-7b64342a/1c2af57d6541f2b034dbe303665e7685f8d0ba149219a1e67f0dfcb5a7f6fd39.json | _staging/total-read/pending/reread-20260728/reread20260728-code-FUNWAVE-002-fable5-20260813T012841Z-ff3d40e9/1c2af57d6541f2b034dbe303665e7685f8d0ba149219a1e67f0dfcb5a7f6fd39.json | _staging/total-read/records-crosswalk/reread-20260728/FUNWAVE-002/FUNWAVE__raw__source_code__FUNWAVE-TVD__simple_cases__inlet_shoal__postprocessing__plot_bathy_inlet.py.crosswalk.json,1,models/FUNWAVE/raw/source_code/FUNWAVE-TVD/simple_cases/inlet_shoal/postprocessing/plot_bathy_inlet.py,
models/FUNWAVE/raw/source_code/FUNWAVE-TVD/simple_cases/inlet_shoal/postprocessing/plot_wave.m,45ecd981db126af9bf8e44b867ba350992b85b81114e2790d18dc2c3d79f6768,1115,text/plain,.m,script-source,FUNWAVE-TVD,True,no explicit vendor marker found; retained in denominator,True,True,True,True,True,True,False,False,False,False,True,_staging/total-read/pending/reread-20260728/reread20260728-code-FUNWAVE-002-codexaudit-20260826T022957Z-7b64342a/4bffd4109d3a1c47961916ee3424bab6a28db37d040c7992cf46074f01a57b18.json | _staging/total-read/pending/reread-20260728/reread20260728-code-FUNWAVE-002-fable5-20260813T012841Z-ff3d40e9/4bffd4109d3a1c47961916ee3424bab6a28db37d040c7992cf46074f01a57b18.json | _staging/total-read/records-crosswalk/reread-20260728/FUNWAVE-002/FUNWAVE__raw__source_code__FUNWAVE-TVD__simple_cases__inlet_shoal__postprocessing__plot_wave.m.crosswalk.json,1,models/FUNWAVE/raw/source_code/FUNWAVE-TVD/simple_cases/inlet_shoal/postprocessing/plot_wave.m,
models/FUNWAVE/raw/source_code/FUNWAVE-TVD/simple_cases/inlet_shoal/postprocessing/plot_wave_commented.m,72df3c4bf72f4f244e0891f06dac11d2630d6d5ea00e9af26cd5bed178215c3f,2038,text/plain,.m,script-source,FUNWAVE-TVD,True,no explicit vendor marker found; retained in denominator,True,True,True,True,True,True,False,False,False,False,True,_staging/total-read/pending/reread-20260728/reread20260728-code-FUNWAVE-002-codexaudit-20260826T022957Z-7b64342a/9c80a9e90d717a790edaa2e8af98a1a94d2340d7f9c217c94ca9a45dcd0dccb5.json | _staging/total-read/pending/reread-20260728/reread20260728-code-FUNWAVE-002-fable5-20260813T012841Z-ff3d40e9/9c80a9e90d717a790edaa2e8af98a1a94d2340d7f9c217c94ca9a45dcd0dccb5.json | _staging/total-read/records-crosswalk/reread-20260728/FUNWAVE-002/FUNWAVE__raw__source_code__FUNWAVE-TVD__simple_cases__inlet_shoal__postprocessing__plot_wave_commented.m.crosswalk.json,1,models/FUNWAVE/raw/source_code/FUNWAVE-TVD/simple_cases/inlet_shoal/postprocessing/plot_wave_commented.m,
models/FUNWAVE/raw/source_code/FUNWAVE-TVD/simple_cases/inlet_shoal/postprocessing/plot_wave_inlet.py,c2b3bfae25a13b4505c9b8f81dcfe30ece7190a1c6d80016076e3d0f49de0966,2049,text/plain,.py,script-source,FUNWAVE-TVD,True,no explicit vendor marker found; retained in denominator,True,True,True,True,True,True,False,False,False,False,True,_staging/total-read/pending/reread-20260728/reread20260728-code-FUNWAVE-002-codexaudit-20260826T022957Z-7b64342a/b6185245be0fd2f0f6bde1efd84b1513eb49651a09e1cae9386e84c85668cbd7.json | _staging/total-read/pending/reread-20260728/reread20260728-code-FUNWAVE-002-fable5-20260813T012841Z-ff3d40e9/b6185245be0fd2f0f6bde1efd84b1513eb49651a09e1cae9386e84c85668cbd7.json | _staging/total-read/records-crosswalk/reread-20260728/FUNWAVE-002/FUNWAVE__raw__source_code__FUNWAVE-TVD__simple_cases__inlet_shoal__postprocessing__plot_wave_inlet.py.crosswalk.json,1,models/FUNWAVE/raw/source_code/FUNWAVE-TVD/simple_cases/inlet_shoal/postprocessing/plot_wave_inlet.py,
models/FUNWAVE/raw/source_code/FUNWAVE-TVD/simple_cases/inlet_shoal/postprocessing/resonance_workshop.m,62bb844598cdaa0a966245e8579775e77b68df624de68b07554f7da76a3cfd8d,618,text/plain,.m,script-source,FUNWAVE-TVD,True,no explicit vendor marker found; retained in denominator,True,True,True,True,True,True,False,False,False,False,True,_staging/total-read/pending/reread-20260728/reread20260728-code-FUNWAVE-002-codexaudit-20260826T022957Z-7b64342a/7f58fe3c25e13986855b5025a69df3fd05b8322c6aa32aa7809e036201622b5e.json | _staging/total-read/pending/reread-20260728/reread20260728-code-FUNWAVE-002-fable5-20260813T012841Z-ff3d40e9/7f58fe3c25e13986855b5025a69df3fd05b8322c6aa32aa7809e036201622b5e.json | _staging/total-read/records-crosswalk/reread-20260728/FUNWAVE-002/FUNWAVE__raw__source_code__FUNWAVE-TVD__simple_cases__inlet_shoal__postprocessing__resonance_workshop.m.crosswalk.json,1,models/FUNWAVE/raw/source_code/FUNWAVE-TVD/simple_cases/inlet_shoal/postprocessing/resonance_workshop.m,
models/FUNWAVE/raw/source_code/FUNWAVE-TVD/simple_cases/inlet_shoal/postprocessing/sdf.jpg,d7e62216521e0dc1f720141d6d36333396812861542b8467549bcec40254414e,97779,image/jpeg,.jpg,image-or-media,FUNWAVE-TVD,True,no explicit vendor marker found; retained in denominator,False,False,False,False,False,False,False,False,False,True,False,_staging/total-read/records/binauto-code_FUNWAVE.jsonl,1,models/FUNWAVE/raw/source_code/FUNWAVE-TVD/simple_cases/inlet_shoal/postprocessing/sdf.jpg,
models/FUNWAVE/raw/source_code/FUNWAVE-TVD/simple_cases/inlet_shoal/postprocessing/vessel.jpg,2c8f17ccb33a6b62ed61fd9f30f8f5049cc5c7551ccfee3f88ee76949bfb5097,124828,image/jpeg,.jpg,image-or-media,FUNWAVE-TVD,True,no explicit vendor marker found; retained in denominator,False,False,False,False,False,False,False,False,False,True,False,_staging/total-read/records/binauto-code_FUNWAVE.jsonl,1,models/FUNWAVE/raw/source_code/FUNWAVE-TVD/simple_cases/inlet_shoal/postprocessing/vessel.jpg,
models/FUNWAVE/raw/source_code/FUNWAVE-TVD/simple_cases/left_bc_wavemaker/Makefile,71534b59ce0b43ca61f5a721f44519f7407383fb2a92c8b006868e7796cead6a,4026,text/x-file,[none],documentation-or-build-text,FUNWAVE-TVD,True,no explicit vendor marker found; retained in denominator,False,True,False,False,False,False,True,False,False,False,True,_staging/total-read/pending/reread-20260728/reread20260728-doc-FUNWAVE-005-codex-20260811T012257Z-f2ab7fc1/bebb814c8f3cce3925963daa41903e92653df33810a305509784606e962f476e.json,2,models/FUNWAVE/raw/source_code/FUNWAVE-TVD/simple_cases/left_bc_wavemaker/Makefile,models/FUNWAVE/raw/source_code/FUNWAVE-TVD/simple_cases/left_bc_wavemaker/Makefile | models/FUNWAVE/raw/source_code/FUNWAVE-TVD/simple_cases/tide_gen_abs_data/Makefile
models/FUNWAVE/raw/source_code/FUNWAVE-TVD/simple_cases/left_bc_wavemaker/input_data.txt,339797a11f51d0664ecc6ad30778474714bdb189e2edf5cf19dff653d5db9967,4787,text/plain,.txt,documentation-or-build-text,FUNWAVE-TVD,True,no explicit vendor marker found; retained in denominator,False,True,False,False,False,False,True,False,False,False,True,_staging/total-read/pending/reread-20260728/reread20260728-doc-FUNWAVE-005-codex-20260811T012257Z-f2ab7fc1/5e09c1b1d3250fc7d7c94befa86b59148a7658b908d0865e4799624a148ea735.json,1,models/FUNWAVE/raw/source_code/FUNWAVE-TVD/simple_cases/left_bc_wavemaker/input_data.txt,
models/FUNWAVE/raw/source_code/FUNWAVE-TVD/simple_cases/left_bc_wavemaker/input_jon1d.txt,b3e11092162a2e4de5ffb8ec27c9818bb5778fa6e9749b92bb72942c8153981a,4789,text/plain,.txt,documentation-or-build-text,FUNWAVE-TVD,True,no explicit vendor marker found; retained in denominator,False,True,False,False,False,False,True,False,False,False,True,_staging/total-read/pending/reread-20260728/reread20260728-doc-FUNWAVE-005-codex-20260811T012257Z-f2ab7fc1/736b8f1022096d58841973c4d45db012355bc6f6ab7a21ad3ee7c6dd554aa49c.json,1,models/FUNWAVE/raw/source_code/FUNWAVE-TVD/simple_cases/left_bc_wavemaker/input_jon1d.txt,
models/FUNWAVE/raw/source_code/FUNWAVE-TVD/simple_cases/left_bc_wavemaker/input_jon2d.txt,5ad36f766d4f6a7ad0d51204c7e04c674a02460c659072092673a9f8374c3319,4789,text/plain,.txt,documentation-or-build-text,FUNWAVE-TVD,True,no explicit vendor marker found; retained in denominator,False,True,False,False,False,False,True,False,False,False,True,_staging/total-read/pending/reread-20260728/reread20260728-doc-FUNWAVE-005-codex-20260811T012257Z-f2ab7fc1/91d6ec931bc11b3c9f05dc6561626faf95f98cc5ca8fd8e200070a3dc35e5bb5.json,1,models/FUNWAVE/raw/source_code/FUNWAVE-TVD/simple_cases/left_bc_wavemaker/input_jon2d.txt,
models/FUNWAVE/raw/source_code/FUNWAVE-TVD/simple_cases/left_bc_wavemaker/wave_data.txt,2086f03a8b35aa421d16e92a7f4ca5d10ebabc2fa098006bc98eb5c550f253b6,20,text/plain,.txt,documentation-or-build-text,FUNWAVE-TVD,True,no explicit vendor marker found; retained in denominator,False,True,False,False,False,False,True,False,False,False,True,_staging/total-read/pending/reread-20260728/reread20260728-doc-FUNWAVE-005-codex-20260811T012257Z-f2ab7fc1/f8fd68bdca6888ffc170f1d3c52d2803f3b20ed687d4e08bcad3b4d92509a3d6.json,1,models/FUNWAVE/raw/source_code/FUNWAVE-TVD/simple_cases/left_bc_wavemaker/wave_data.txt,
models/FUNWAVE/raw/source_code/FUNWAVE-TVD/simple_cases/levee_1d/LOG.txt,e3b0c44298fc1c149afbf4c8996fb92427ae41e4649b934ca495991b7852b855,0,inode/x-empty,.txt,documentation-or-build-text,FUNWAVE-TVD,False,no explicit vendor marker found; retained in denominator,False,False,False,False,False,False,False,False,False,False,False,,11,models/FUNWAVE/raw/source_code/FUNWAVE-TVD/benchmarks/car_Nwave_statis/station.txt,models/FUNWAVE/raw/source_code/FUNWAVE-TVD/benchmarks/car_Nwave_statis/station.txt | models/FUNWAVE/raw/source_code/FUNWAVE-TVD/benchmarks/sph_monai_valley/work/depth_blowup.dat | models/FUNWAVE/raw/source_code/FUNWAVE-TVD/benchmarks/sph_sol_plane_mea/breaking/station.txt | models/FUNWAVE/raw/source_code/FUNWAVE-TVD/benchmarks/sph_sol_plane_mea/nonbreaking/station.txt | models/FUNWAVE/raw/source_code/FUNWAVE-TVD/simple_cases/levee_1d/LOG.txt | models/FUNWAVE/raw/source_code/FUNWAVE-TVD/simple_cases/levee_1d/time_dt.out | models/FUNWAVE/raw/source_code/FUNWAVE-TVD/simple_cases/sediment_rip/work/time_dt.out | models/FUNWAVE/raw/source_code/FUNWAVE-TVD/simple_cases/tide_time_spectra/fort.1 | models/FUNWAVE/raw/source_code/FUNWAVE-TVD/simple_cases/tide_time_spectra/fort.500 | models/FUNWAVE/raw/source_code/FUNWAVE-TVD/simple_cases/tohoku_tsunami/work/time_dt.out | models/FUNWAVE/raw/source_code/FUNWAVE-TVD/simple_cases/vertical_velocity_structure/time_dt.out
models/FUNWAVE/raw/source_code/FUNWAVE-TVD/simple_cases/levee_1d/bathy/depth_levee.txt,4c2350df52979c1c433cd4ebd873e82c6d4b3263063ccd9619f80d1926720783,24003,text/plain,.txt,documentation-or-build-text,FUNWAVE-TVD,True,no explicit vendor marker found; retained in denominator,False,True,False,False,False,False,True,False,False,False,True,_staging/total-read/pending/reread-20260728/reread20260728-doc-FUNWAVE-005-codex-20260811T012257Z-f2ab7fc1/f4ec54dc08544268e7b6e1f0f0d6d6365fc0240b176509329091b936bcca1587.json,1,models/FUNWAVE/raw/source_code/FUNWAVE-TVD/simple_cases/levee_1d/bathy/depth_levee.txt,
models/FUNWAVE/raw/source_code/FUNWAVE-TVD/simple_cases/levee_1d/input_files/Makefile,0a6d33c4075bdb6841af71cab57f233364533ad3a32a7818f29596a343dfa3cb,4029,text/x-file,[none],documentation-or-build-text,FUNWAVE-TVD,True,no explicit vendor marker found; retained in denominator,False,True,False,False,False,False,True,False,False,False,True,_staging/total-read/pending/reread-20260728/reread20260728-doc-FUNWAVE-005-codex-20260811T012257Z-f2ab7fc1/1764ac9fc47ada9bee2e84cd7acaca23c7898efa786da8a273d2795a7da9c714.json,5,models/FUNWAVE/raw/source_code/FUNWAVE-TVD/simple_cases/beach_2d/input_files/Makefile,models/FUNWAVE/raw/source_code/FUNWAVE-TVD/simple_cases/beach_2d/input_files/Makefile | models/FUNWAVE/raw/source_code/FUNWAVE-TVD/simple_cases/inlet_shoal/input_files/Makefile | models/FUNWAVE/raw/source_code/FUNWAVE-TVD/simple_cases/levee_1d/input_files/Makefile | models/FUNWAVE/raw/source_code/FUNWAVE-TVD/simple_cases/rip_2d/work/Makefile | models/FUNWAVE/raw/source_code/FUNWAVE-TVD/simple_cases/surface_wave_1d/input_files/Makefile
models/FUNWAVE/raw/source_code/FUNWAVE-TVD/simple_cases/levee_1d/input_files/input_solitary.txt,5954af93b754937e72970b783b47514cc941ec37e88bdde2702785444fae57ce,4278,text/plain,.txt,documentation-or-build-text,FUNWAVE-TVD,True,no explicit vendor marker found; retained in denominator,False,True,False,False,False,False,True,False,False,False,True,_staging/total-read/pending/reread-20260728/reread20260728-doc-FUNWAVE-005-codex-20260811T012257Z-f2ab7fc1/6b8b1d5b6e6a36d359669b25647af9b7819fa98d2185581dc02158a0f84e3282.json,1,models/FUNWAVE/raw/source_code/FUNWAVE-TVD/simple_cases/levee_1d/input_files/input_solitary.txt,
models/FUNWAVE/raw/source_code/FUNWAVE-TVD/simple_cases/levee_1d/postprocessing/plot_levee_solitary.m,f4fc81c22275f68f4a2c2841dcf0d293f6c2d0b16248a795330393e99e663895,1958,text/plain,.m,script-source,FUNWAVE-TVD,True,no explicit vendor marker found; retained in denominator,True,True,True,True,True,True,False,False,False,False,True,_staging/total-read/pending/reread-20260728/reread20260728-code-FUNWAVE-002-codexaudit-20260826T022957Z-7b64342a/9f8705b9b63aff9e8788257b2f1da13863e76de49fee16207252ae45a57155e8.json | _staging/total-read/pending/reread-20260728/reread20260728-code-FUNWAVE-002-fable5-20260813T012841Z-ff3d40e9/9f8705b9b63aff9e8788257b2f1da13863e76de49fee16207252ae45a57155e8.json | _staging/total-read/records-crosswalk/reread-20260728/FUNWAVE-002/FUNWAVE__raw__source_code__FUNWAVE-TVD__simple_cases__levee_1d__postprocessing__plot_levee_solitary.m.crosswalk.json,1,models/FUNWAVE/raw/source_code/FUNWAVE-TVD/simple_cases/levee_1d/postprocessing/plot_levee_solitary.m,
models/FUNWAVE/raw/source_code/FUNWAVE-TVD/simple_cases/levee_1d/postprocessing/plot_levee_solitary.py,2d2bfb82d91fbce60246e4529bfd6bcd1f795d0cf84a6fd1add29f0a18ba4440,2695,text/x-script.python,.py,script-source,FUNWAVE-TVD,True,no explicit vendor marker found; retained in denominator,True,True,True,True,True,True,False,False,False,False,True,_staging/total-read/pending/reread-20260728/reread20260728-code-FUNWAVE-002-codexaudit-20260826T022957Z-7b64342a/7f2d1cce8ff9e5ef2d5e296bf6068ae92c854ca9b592120098e2915a0bd95e94.json | _staging/total-read/pending/reread-20260728/reread20260728-code-FUNWAVE-002-fable5-20260813T012841Z-ff3d40e9/7f2d1cce8ff9e5ef2d5e296bf6068ae92c854ca9b592120098e2915a0bd95e94.json | _staging/total-read/records-crosswalk/reread-20260728/FUNWAVE-002/FUNWAVE__raw__source_code__FUNWAVE-TVD__simple_cases__levee_1d__postprocessing__plot_levee_solitary.py.crosswalk.json,1,models/FUNWAVE/raw/source_code/FUNWAVE-TVD/simple_cases/levee_1d/postprocessing/plot_levee_solitary.py,
models/FUNWAVE/raw/source_code/FUNWAVE-TVD/simple_cases/levee_1d/postprocessing/surf_00015.png,4e48c5cfebc41b90f72a4ec61f853b42856105e34267a630755f8cd46fff1fdc,29256,image/png,.png,image-or-media,FUNWAVE-TVD,True,no explicit vendor marker found; retained in denominator,False,False,False,False,False,False,False,False,False,True,False,_staging/total-read/records/binauto-code_FUNWAVE.jsonl,1,models/FUNWAVE/raw/source_code/FUNWAVE-TVD/simple_cases/levee_1d/postprocessing/surf_00015.png,
models/FUNWAVE/raw/source_code/FUNWAVE-TVD/simple_cases/levee_1d/time_dt.out,e3b0c44298fc1c149afbf4c8996fb92427ae41e4649b934ca495991b7852b855,0,inode/x-empty,.out,case-data-or-output,FUNWAVE-TVD,False,no explicit vendor marker found; retained in denominator,False,False,False,False,False,False,False,False,False,False,False,,11,models/FUNWAVE/raw/source_code/FUNWAVE-TVD/benchmarks/car_Nwave_statis/station.txt,models/FUNWAVE/raw/source_code/FUNWAVE-TVD/benchmarks/car_Nwave_statis/station.txt | models/FUNWAVE/raw/source_code/FUNWAVE-TVD/benchmarks/sph_monai_valley/work/depth_blowup.dat | models/FUNWAVE/raw/source_code/FUNWAVE-TVD/benchmarks/sph_sol_plane_mea/breaking/station.txt | models/FUNWAVE/raw/source_code/FUNWAVE-TVD/benchmarks/sph_sol_plane_mea/nonbreaking/station.txt | models/FUNWAVE/raw/source_code/FUNWAVE-TVD/simple_cases/levee_1d/LOG.txt | models/FUNWAVE/raw/source_code/FUNWAVE-TVD/simple_cases/levee_1d/time_dt.out | models/FUNWAVE/raw/source_code/FUNWAVE-TVD/simple_cases/sediment_rip/work/time_dt.out | models/FUNWAVE/raw/source_code/FUNWAVE-TVD/simple_cases/tide_time_spectra/fort.1 | models/FUNWAVE/raw/source_code/FUNWAVE-TVD/simple_cases/tide_time_spectra/fort.500 | models/FUNWAVE/raw/source_code/FUNWAVE-TVD/simple_cases/tohoku_tsunami/work/time_dt.out | models/FUNWAVE/raw/source_code/FUNWAVE-TVD/simple_cases/vertical_velocity_structure/time_dt.out
models/FUNWAVE/raw/source_code/FUNWAVE-TVD/simple_cases/meteo_tsunami/Makefile,a6dc7b58d09e460b439bda6daeb67268ccd1c0b7d4443e4bcf915539729f0312,4024,text/x-file,[none],documentation-or-build-text,FUNWAVE-TVD,True,no explicit vendor marker found; retained in denominator,False,True,False,False,False,False,True,False,False,False,True,_staging/total-read/pending/reread-20260728/reread20260728-doc-FUNWAVE-005-codex-20260811T012257Z-f2ab7fc1/35d01643d4ccc7eb3163859cedde2eb4c8ea58bcc3e722bfd88ccdf30e4704dc.json,1,models/FUNWAVE/raw/source_code/FUNWAVE-TVD/simple_cases/meteo_tsunami/Makefile,
models/FUNWAVE/raw/source_code/FUNWAVE-TVD/simple_cases/meteo_tsunami/input.txt,c1c34ec887dcbd81f752a057382ffb64418908dd437f6a89e404b5acb31aa267,2634,text/plain,.txt,documentation-or-build-text,FUNWAVE-TVD,True,no explicit vendor marker found; retained in denominator,False,True,False,False,False,False,True,False,False,False,True,_staging/total-read/pending/reread-20260728/reread20260728-doc-FUNWAVE-005-codex-20260811T012257Z-f2ab7fc1/95f4029bc2ca676434b282c86214b14a0cd08ed8869cecdf8d9730c16644b69e.json,1,models/FUNWAVE/raw/source_code/FUNWAVE-TVD/simple_cases/meteo_tsunami/input.txt,
models/FUNWAVE/raw/source_code/FUNWAVE-TVD/simple_cases/meteo_tsunami/meteo_data.txt,f8dfa713441e00c8632233dd3270e8b39272fab972c983af290131576631206e,184,text/plain,.txt,documentation-or-build-text,FUNWAVE-TVD,True,no explicit vendor marker found; retained in denominator,False,True,False,False,False,False,True,False,False,False,True,_staging/total-read/pending/reread-20260728/reread20260728-doc-FUNWAVE-005-codex-20260811T012257Z-f2ab7fc1/7ae5286837c62f8b0094123f248a417bc464d85e1c34da096b16eb0c09543037.json,1,models/FUNWAVE/raw/source_code/FUNWAVE-TVD/simple_cases/meteo_tsunami/meteo_data.txt,
models/FUNWAVE/raw/source_code/FUNWAVE-TVD/simple_cases/meteo_tsunami/meteo_layout.jpg,c2e8017488d592823d0efb2b5f25d7108542759501fd655cb284e59fbad822a3,42027,image/jpeg,.jpg,image-or-media,FUNWAVE-TVD,True,no explicit vendor marker found; retained in denominator,False,False,False,False,False,False,False,False,False,True,False,_staging/total-read/records/binauto-code_FUNWAVE.jsonl,1,models/FUNWAVE/raw/source_code/FUNWAVE-TVD/simple_cases/meteo_tsunami/meteo_layout.jpg,
models/FUNWAVE/raw/source_code/FUNWAVE-TVD/simple_cases/meteo_tsunami/plot_wave.m,a39303e3a0767f3bd588369a65e7852593767d5c93d79c37050a275bcd1950e5,679,text/plain,.m,script-source,FUNWAVE-TVD,True,no explicit vendor marker found; retained in denominator,True,True,True,True,True,True,False,False,False,False,True,_staging/total-read/pending/reread-20260728/reread20260728-code-FUNWAVE-002-codexaudit-20260826T022957Z-7b64342a/a94994398016dd7f5045da25c8d479d8930c7917c9ff10d13d6df894d60c9b13.json | _staging/total-read/pending/reread-20260728/reread20260728-code-FUNWAVE-002-fable5-20260813T012841Z-ff3d40e9/a94994398016dd7f5045da25c8d479d8930c7917c9ff10d13d6df894d60c9b13.json | _staging/total-read/records-crosswalk/reread-20260728/FUNWAVE-002/FUNWAVE__raw__source_code__FUNWAVE-TVD__simple_cases__meteo_tsunami__plot_wave.m.crosswalk.json,1,models/FUNWAVE/raw/source_code/FUNWAVE-TVD/simple_cases/meteo_tsunami/plot_wave.m,
models/FUNWAVE/raw/source_code/FUNWAVE-TVD/simple_cases/meteo_tsunami/wave_plt.jpg,e865c285289b706e5305a68c52de0b0bd2e6550913f6a914b52a111c008b39de,79161,image/jpeg,.jpg,image-or-media,FUNWAVE-TVD,True,no explicit vendor marker found; retained in denominator,False,False,False,False,False,False,False,False,False,True,False,_staging/total-read/records/binauto-code_FUNWAVE.jsonl,1,models/FUNWAVE/raw/source_code/FUNWAVE-TVD/simple_cases/meteo_tsunami/wave_plt.jpg,
models/FUNWAVE/raw/source_code/FUNWAVE-TVD/simple_cases/multi_vessel_morphology/Makefile,475a34ba101b280f2195ba427ce92fc8f58b1e0498b889ec66a80e1fbbfed337,4022,text/x-file,[none],documentation-or-build-text,FUNWAVE-TVD,True,no explicit vendor marker found; retained in denominator,False,True,False,False,False,False,True,False,False,False,True,_staging/total-read/pending/reread-20260728/reread20260728-doc-FUNWAVE-005-codex-20260811T012257Z-f2ab7fc1/8dff4177416534b8da6239f63843d08395e5fad706455dee2340d8b464b07cb5.json,1,models/FUNWAVE/raw/source_code/FUNWAVE-TVD/simple_cases/multi_vessel_morphology/Makefile,
models/FUNWAVE/raw/source_code/FUNWAVE-TVD/simple_cases/multi_vessel_morphology/bathy_param.txt,27e4145fa934bf50f5a7a31385d8450f6dec9bb5a9be4bd83588a5390eaeee33,111,text/plain,.txt,documentation-or-build-text,FUNWAVE-TVD,True,no explicit vendor marker found; retained in denominator,False,True,False,False,False,False,True,False,False,False,True,_staging/total-read/pending/reread-20260728/reread20260728-doc-FUNWAVE-005-codex-20260811T012257Z-f2ab7fc1/62d48fa74ecb21c80007bc40a39ecc1211a5a86b993e7deed0d82b808dd9204b.json,3,models/FUNWAVE/raw/source_code/FUNWAVE-TVD/simple_cases/multi_vessel_morphology/bathy_param.txt,models/FUNWAVE/raw/source_code/FUNWAVE-TVD/simple_cases/multi_vessel_morphology/bathy_param.txt | models/FUNWAVE/raw/source_code/FUNWAVE-TVD/simple_cases/single_vessel_cohesive/bathy_param.txt | models/FUNWAVE/raw/source_code/FUNWAVE-TVD/simple_cases/single_vessel_morphology/bathy_param.txt
models/FUNWAVE/raw/source_code/FUNWAVE-TVD/simple_cases/multi_vessel_morphology/input.txt,dbcc49b5856218d8eb8b9b3b2ca1654b640c0be335fa7df4056bae9032837a02,7796,text/plain,.txt,documentation-or-build-text,FUNWAVE-TVD,True,no explicit vendor marker found; retained in denominator,False,True,False,False,False,False,True,False,False,False,True,_staging/total-read/pending/reread-20260728/reread20260728-doc-FUNWAVE-005-codex-20260811T012257Z-f2ab7fc1/76d44d38d97be440410c33058e78d36585b275ef0f65da62fed237658142e042.json,1,models/FUNWAVE/raw/source_code/FUNWAVE-TVD/simple_cases/multi_vessel_morphology/input.txt,
models/FUNWAVE/raw/source_code/FUNWAVE-TVD/simple_cases/multi_vessel_morphology/mk_depth.F,8c7547c03ba58a60b5bc78ad80709de016e0226ea77200fbe598bd9e0df09d12,1131,text/plain,.f,solver-or-case-source,FUNWAVE-TVD,True,no explicit vendor marker found; retained in denominator,True,True,True,True,True,True,False,False,False,False,True,_staging/total-read/pending/reread-20260728/reread20260728-code-FUNWAVE-002-codexaudit-20260826T022957Z-7b64342a/0eeb215ced80686ff450c8b02429d112144ecadb6feda461279a886e248e6f33.json | _staging/total-read/pending/reread-20260728/reread20260728-code-FUNWAVE-002-fable5-20260813T012841Z-ff3d40e9/0eeb215ced80686ff450c8b02429d112144ecadb6feda461279a886e248e6f33.json | _staging/total-read/records-crosswalk/reread-20260728/FUNWAVE-002/FUNWAVE__raw__source_code__FUNWAVE-TVD__simple_cases__multi_vessel_morphology__mk_depth.F.crosswalk.json,4,models/FUNWAVE/raw/source_code/FUNWAVE-TVD/simple_cases/multi_vessel_morphology/mk_depth.F,models/FUNWAVE/raw/source_code/FUNWAVE-TVD/simple_cases/multi_vessel_morphology/mk_depth.F | models/FUNWAVE/raw/source_code/FUNWAVE-TVD/simple_cases/single_vessel_cohesive/mk_depth.F | models/FUNWAVE/raw/source_code/FUNWAVE-TVD/simple_cases/single_vessel_morphology/mk_depth.F | models/FUNWAVE/raw/source_code/FUNWAVE-TVD/simple_cases/single_vessel_short_channel/bathy/mk_depth.F
models/FUNWAVE/raw/source_code/FUNWAVE-TVD/simple_cases/multi_vessel_morphology/multi_wave_morpho.pdf,9abc59dba4050d64c14c408124d7f48fa77bef63867ccb7107ced3c75a449cc9,79210,application/pdf,.pdf,manual-or-paper-pdf,FUNWAVE-TVD,True,no explicit vendor marker found; retained in denominator,False,False,False,False,False,False,False,False,False,True,False,_staging/total-read/records/binauto-code_FUNWAVE.jsonl,1,models/FUNWAVE/raw/source_code/FUNWAVE-TVD/simple_cases/multi_vessel_morphology/multi_wave_morpho.pdf,
models/FUNWAVE/raw/source_code/FUNWAVE-TVD/simple_cases/multi_vessel_morphology/plot_morpho_avg_setup.m,71352572e11a951fec988744e7500eff354a645f297b2e8ca55436594bdf2d53,2804,text/plain,.m,script-source,FUNWAVE-TVD,True,no explicit vendor marker found; retained in denominator,True,True,True,True,True,True,False,False,False,False,True,_staging/total-read/pending/reread-20260728/reread20260728-code-FUNWAVE-002-codexaudit-20260826T022957Z-7b64342a/78e187fd5a5c7c5d28f79ed5d5c35a035e135f10cad1dffbca9b5af4189e334c.json | _staging/total-read/pending/reread-20260728/reread20260728-code-FUNWAVE-002-fable5-20260813T012841Z-ff3d40e9/78e187fd5a5c7c5d28f79ed5d5c35a035e135f10cad1dffbca9b5af4189e334c.json | _staging/total-read/records-crosswalk/reread-20260728/FUNWAVE-002/FUNWAVE__raw__source_code__FUNWAVE-TVD__simple_cases__multi_vessel_morphology__plot_morpho_avg_setup.m.crosswalk.json,1,models/FUNWAVE/raw/source_code/FUNWAVE-TVD/simple_cases/multi_vessel_morphology/plot_morpho_avg_setup.m,
models/FUNWAVE/raw/source_code/FUNWAVE-TVD/simple_cases/multi_vessel_morphology/plot_wave.m,538633d315a262e86c02c14709aefbf3d13a4f95ab81ece687ba56dddff24228,1471,text/plain,.m,script-source,FUNWAVE-TVD,True,no explicit vendor marker found; retained in denominator,True,True,True,True,True,True,False,False,False,False,True,_staging/total-read/pending/reread-20260728/reread20260728-code-FUNWAVE-002-codexaudit-20260826T022957Z-7b64342a/aea631cefa81661dcec1fc41fc7ba9ea002fc96d2c09d6779963cbff13785d11.json | _staging/total-read/pending/reread-20260728/reread20260728-code-FUNWAVE-002-fable5-20260813T012841Z-ff3d40e9/aea631cefa81661dcec1fc41fc7ba9ea002fc96d2c09d6779963cbff13785d11.json | _staging/total-read/records-crosswalk/reread-20260728/FUNWAVE-002/FUNWAVE__raw__source_code__FUNWAVE-TVD__simple_cases__multi_vessel_morphology__plot_wave.m.crosswalk.json,2,models/FUNWAVE/raw/source_code/FUNWAVE-TVD/simple_cases/multi_vessel_morphology/plot_wave.m,models/FUNWAVE/raw/source_code/FUNWAVE-TVD/simple_cases/multi_vessel_morphology/plot_wave.m | models/FUNWAVE/raw/source_code/FUNWAVE-TVD/simple_cases/single_vessel_morphology/plot_wave.m
models/FUNWAVE/raw/source_code/FUNWAVE-TVD/simple_cases/multi_vessel_morphology/profile.pdf,3edbf84ce9e9a18c196501a7b6a49269c90624951e20c59e28d7f9d7fbd3f0c4,41078,application/pdf,.pdf,manual-or-paper-pdf,FUNWAVE-TVD,True,no explicit vendor marker found; retained in denominator,False,False,False,False,False,False,False,False,False,True,False,_staging/total-read/records/binauto-code_FUNWAVE.jsonl,1,models/FUNWAVE/raw/source_code/FUNWAVE-TVD/simple_cases/multi_vessel_morphology/profile.pdf,
models/FUNWAVE/raw/source_code/FUNWAVE-TVD/simple_cases/multi_vessel_morphology/tight_subplot.m,2b3563bc685a7be74715e543f262448ce30c8df1348ef8f9e46c768a832bc103,2083,text/plain,.m,script-source,FUNWAVE-TVD,True,no explicit vendor marker found; retained in denominator,True,True,True,True,True,True,False,False,False,False,True,_staging/total-read/pending/reread-20260728/reread20260728-code-FUNWAVE-002-codexaudit-20260826T022957Z-7b64342a/752cff59716e349d821e8edce97c358f89ec43ae9ba495c575741bcd2072c43a.json | _staging/total-read/pending/reread-20260728/reread20260728-code-FUNWAVE-002-fable5-20260813T012841Z-ff3d40e9/752cff59716e349d821e8edce97c358f89ec43ae9ba495c575741bcd2072c43a.json | _staging/total-read/records-crosswalk/reread-20260728/FUNWAVE-002/FUNWAVE__raw__source_code__FUNWAVE-TVD__simple_cases__multi_vessel_morphology__tight_subplot.m.crosswalk.json,3,models/FUNWAVE/raw/source_code/FUNWAVE-TVD/simple_cases/multi_vessel_morphology/tight_subplot.m,models/FUNWAVE/raw/source_code/FUNWAVE-TVD/simple_cases/multi_vessel_morphology/tight_subplot.m | models/FUNWAVE/raw/source_code/FUNWAVE-TVD/simple_cases/single_vessel_cohesive/tight_subplot.m | models/FUNWAVE/raw/source_code/FUNWAVE-TVD/simple_cases/single_vessel_short_channel/postprocessing/tight_subplot.m
models/FUNWAVE/raw/source_code/FUNWAVE-TVD/simple_cases/multi_vessel_morphology/vessel/vessel_00001,02573d4eb5a46169a6398328dfc75a0d93e4f5d6f9c3dae773317ac33e1577ed,397,text/plain,[none],other-text,FUNWAVE-TVD,True,no explicit vendor marker found; retained in denominator,False,True,False,False,False,False,True,False,False,False,True,_staging/total-read/pending/reread-20260728/reread20260728-doc-FUNWAVE-005-codex-20260811T012257Z-f2ab7fc1/8b5feb2b7e86cb2b3d74a11fabd20764b22ef2379f2bde6ae68f02bebb71a152.json,3,models/FUNWAVE/raw/source_code/FUNWAVE-TVD/simple_cases/multi_vessel_morphology/vessel/vessel_00001,models/FUNWAVE/raw/source_code/FUNWAVE-TVD/simple_cases/multi_vessel_morphology/vessel/vessel_00001 | models/FUNWAVE/raw/source_code/FUNWAVE-TVD/simple_cases/single_vessel_cohesive/vessel_00001 | models/FUNWAVE/raw/source_code/FUNWAVE-TVD/simple_cases/single_vessel_morphology/vessel_00001
models/FUNWAVE/raw/source_code/FUNWAVE-TVD/simple_cases/multi_vessel_morphology/vessel/vessel_00002,77cc56eeb3cbc79066dd809800de412a666033a3b398f9ba23b0ad61ec882071,417,text/plain,[none],other-text,FUNWAVE-TVD,True,no explicit vendor marker found; retained in denominator,False,True,False,False,False,False,True,False,False,False,True,_staging/total-read/pending/reread-20260728/reread20260728-doc-FUNWAVE-005-codex-20260811T012257Z-f2ab7fc1/a8942be198e40196ed7e55b1026096515adf807e494c3d4d41a359749c8587ef.json,1,models/FUNWAVE/raw/source_code/FUNWAVE-TVD/simple_cases/multi_vessel_morphology/vessel/vessel_00002,
models/FUNWAVE/raw/source_code/FUNWAVE-TVD/simple_cases/multi_vessel_morphology/vessel/vessel_00003,9a64728ac7ede4b414f6766172b8a803f8780f4bb52a29fad03a738a2d7e33c5,417,text/plain,[none],other-text,FUNWAVE-TVD,True,no explicit vendor marker found; retained in denominator,False,True,False,False,False,False,True,False,False,False,True,_staging/total-read/pending/reread-20260728/reread20260728-doc-FUNWAVE-005-codex-20260811T012257Z-f2ab7fc1/08a44f2c70c42cf0ac65bbecb656b3d230c67238a192c68342a58261ffee1e8d.json,1,models/FUNWAVE/raw/source_code/FUNWAVE-TVD/simple_cases/multi_vessel_morphology/vessel/vessel_00003,
models/FUNWAVE/raw/source_code/FUNWAVE-TVD/simple_cases/multi_vessel_morphology/vessel/vessel_00004,26cc844f9f7bfbc740bbcb1259b07bd47e7edcff88971517b90c046e02c69022,417,text/plain,[none],other-text,FUNWAVE-TVD,True,no explicit vendor marker found; retained in denominator,False,True,False,False,False,False,True,False,False,False,True,_staging/total-read/pending/reread-20260728/reread20260728-doc-FUNWAVE-005-codex-20260811T012257Z-f2ab7fc1/565a9aebb7134860fc4cf2ca83ba865067af7d4d8aaadb09b9c72268d0f21ac2.json,1,models/FUNWAVE/raw/source_code/FUNWAVE-TVD/simple_cases/multi_vessel_morphology/vessel/vessel_00004,
models/FUNWAVE/raw/source_code/FUNWAVE-TVD/simple_cases/multi_vessel_morphology/vessel/vessel_00005,55eaa7a022f36c9b8c0b7a019af5b729fe4123754b9c00a08a04ddfb11c4026f,417,text/plain,[none],other-text,FUNWAVE-TVD,True,no explicit vendor marker found; retained in denominator,False,True,False,False,False,False,True,False,False,False,True,_staging/total-read/pending/reread-20260728/reread20260728-doc-FUNWAVE-005-codex-20260811T012257Z-f2ab7fc1/a93711b207506a895dffa35d2949c734e5a61488f5d4b43429645889da5feef0.json,1,models/FUNWAVE/raw/source_code/FUNWAVE-TVD/simple_cases/multi_vessel_morphology/vessel/vessel_00005,
models/FUNWAVE/raw/source_code/FUNWAVE-TVD/simple_cases/multi_vessel_morphology/vessel/vessel_00006,f18ce9dd8715305d0e7cf6df242554e698082d4078bce325d3ac793c6dd29c20,417,text/plain,[none],other-text,FUNWAVE-TVD,True,no explicit vendor marker found; retained in denominator,False,True,False,False,False,False,True,False,False,False,True,_staging/total-read/pending/reread-20260728/reread20260728-doc-FUNWAVE-006-codex-20260811T012329Z-fea9a40e/bba644092b4b1eed46078a2ebd89fe8b4ad76041d2f893bef2cf184ea4bec25f.json,1,models/FUNWAVE/raw/source_code/FUNWAVE-TVD/simple_cases/multi_vessel_morphology/vessel/vessel_00006,
models/FUNWAVE/raw/source_code/FUNWAVE-TVD/simple_cases/multi_vessel_morphology/vessel/vessel_00007,83139f26aa215ed8a7e5e4fd418c90e2ed3e28441f3ae04dc8a41fed58bb6d11,417,text/plain,[none],other-text,FUNWAVE-TVD,True,no explicit vendor marker found; retained in denominator,False,True,False,False,False,False,True,False,False,False,True,_staging/total-read/pending/reread-20260728/reread20260728-doc-FUNWAVE-006-codex-20260811T012329Z-fea9a40e/bb06c2e5dce1415dbd307b53a7d80f41a30f3fc2f40c82fea9bd795f2a402431.json,1,models/FUNWAVE/raw/source_code/FUNWAVE-TVD/simple_cases/multi_vessel_morphology/vessel/vessel_00007,
models/FUNWAVE/raw/source_code/FUNWAVE-TVD/simple_cases/multi_vessel_morphology/vessel/vessel_00008,ca720362ee06069f55d5d1eb6a1734d177183eefa18225870cc67b4ba34c62aa,419,text/plain,[none],other-text,FUNWAVE-TVD,True,no explicit vendor marker found; retained in denominator,False,True,False,False,False,False,True,False,False,False,True,_staging/total-read/pending/reread-20260728/reread20260728-doc-FUNWAVE-006-codex-20260811T012329Z-fea9a40e/5e2813b5e8705da8ee9a48873de934d5b228b8a504494be10b15c5e6874d88c3.json,1,models/FUNWAVE/raw/source_code/FUNWAVE-TVD/simple_cases/multi_vessel_morphology/vessel/vessel_00008,
models/FUNWAVE/raw/source_code/FUNWAVE-TVD/simple_cases/nesting_tools/coupling_file_multi_blocks.m,a0dcd72bc4cd77f7c15daba0835a5f535fca3469ca349e457ebd64d100e3e865,6697,text/plain,.m,script-source,FUNWAVE-TVD,True,no explicit vendor marker found; retained in denominator,True,True,True,True,True,True,False,False,False,False,True,_staging/total-read/pending/reread-20260728/reread20260728-code-FUNWAVE-002-codexaudit-20260826T022957Z-7b64342a/76b2a2dad38b5617266a7a858a7aa8e8cf261314110763121c7f92e3c2591532.json | _staging/total-read/pending/reread-20260728/reread20260728-code-FUNWAVE-002-fable5-20260813T012841Z-ff3d40e9/76b2a2dad38b5617266a7a858a7aa8e8cf261314110763121c7f92e3c2591532.json | _staging/total-read/records-crosswalk/reread-20260728/FUNWAVE-002/FUNWAVE__raw__source_code__FUNWAVE-TVD__simple_cases__nesting_tools__coupling_file_multi_blocks.m.crosswalk.json,1,models/FUNWAVE/raw/source_code/FUNWAVE-TVD/simple_cases/nesting_tools/coupling_file_multi_blocks.m,
models/FUNWAVE/raw/source_code/FUNWAVE-TVD/simple_cases/nesting_tools/coupling_file_single_block.m,d898e683771ab6c0315c94efa485253459c74b5b1c14d2ff42ad40c0be6356bb,6387,text/plain,.m,script-source,FUNWAVE-TVD,True,no explicit vendor marker found; retained in denominator,True,True,True,True,True,True,False,False,False,False,True,_staging/total-read/pending/reread-20260728/reread20260728-code-FUNWAVE-002-codexaudit-20260826T022957Z-7b64342a/8c33e53f94cd8f551d40443c5ad4f7374380ef7f09c6bdea3d0d320619708fe8.json | _staging/total-read/pending/reread-20260728/reread20260728-code-FUNWAVE-002-fable5-20260813T012841Z-ff3d40e9/8c33e53f94cd8f551d40443c5ad4f7374380ef7f09c6bdea3d0d320619708fe8.json | _staging/total-read/records-crosswalk/reread-20260728/FUNWAVE-002/FUNWAVE__raw__source_code__FUNWAVE-TVD__simple_cases__nesting_tools__coupling_file_single_block.m.crosswalk.json,1,models/FUNWAVE/raw/source_code/FUNWAVE-TVD/simple_cases/nesting_tools/coupling_file_single_block.m,
models/FUNWAVE/raw/source_code/FUNWAVE-TVD/simple_cases/nesting_tools/make_stations_multi_blocks.m,ad0e5ba16aa143e3226992ed7118c3d83e142e764ae2cd27c124fce27ffb7d23,3200,text/plain,.m,script-source,FUNWAVE-TVD,True,no explicit vendor marker found; retained in denominator,True,True,True,True,True,True,False,False,False,False,True,_staging/total-read/pending/reread-20260728/reread20260728-code-FUNWAVE-002-codexaudit-20260826T022957Z-7b64342a/904c247f48393c12d614ecf8a5ffb5cef30f1e50016a192f14360d9e62f69171.json | _staging/total-read/pending/reread-20260728/reread20260728-code-FUNWAVE-002-fable5-20260813T012841Z-ff3d40e9/904c247f48393c12d614ecf8a5ffb5cef30f1e50016a192f14360d9e62f69171.json | _staging/total-read/records-crosswalk/reread-20260728/FUNWAVE-002/FUNWAVE__raw__source_code__FUNWAVE-TVD__simple_cases__nesting_tools__make_stations_multi_blocks.m.crosswalk.json,1,models/FUNWAVE/raw/source_code/FUNWAVE-TVD/simple_cases/nesting_tools/make_stations_multi_blocks.m,
models/FUNWAVE/raw/source_code/FUNWAVE-TVD/simple_cases/nesting_tools/make_stations_single_block.m,32dbb91379a7c815a23ca5ad138c58c820dfc1b4d8ecf85f3fcdd2e70cdbf009,1087,text/plain,.m,script-source,FUNWAVE-TVD,True,no explicit vendor marker found; retained in denominator,True,True,True,True,True,True,False,False,False,False,True,_staging/total-read/pending/reread-20260728/reread20260728-code-FUNWAVE-002-codexaudit-20260826T022957Z-7b64342a/e39db61667f694b31abfdd281097bafc5178122bdb1d61119f185223039d95b9.json | _staging/total-read/pending/reread-20260728/reread20260728-code-FUNWAVE-002-fable5-20260813T012841Z-ff3d40e9/e39db61667f694b31abfdd281097bafc5178122bdb1d61119f185223039d95b9.json | _staging/total-read/records-crosswalk/reread-20260728/FUNWAVE-002/FUNWAVE__raw__source_code__FUNWAVE-TVD__simple_cases__nesting_tools__make_stations_single_block.m.crosswalk.json,1,models/FUNWAVE/raw/source_code/FUNWAVE-TVD/simple_cases/nesting_tools/make_stations_single_block.m,
models/FUNWAVE/raw/source_code/FUNWAVE-TVD/simple_cases/rain_on_hills/.DS_Store,af2ec2b9799e8a38f8d8f5ea6e1e274176a1525125e53bc7d2b240eafdd2f4b8,6148,application/octet-stream,[none],other-binary-or-data,FUNWAVE-TVD,True,no explicit vendor marker found; retained in denominator,False,False,False,False,False,False,False,False,False,True,False,_staging/total-read/records/binauto-code_FUNWAVE.jsonl,1,models/FUNWAVE/raw/source_code/FUNWAVE-TVD/simple_cases/rain_on_hills/.DS_Store,
models/FUNWAVE/raw/source_code/FUNWAVE-TVD/simple_cases/rain_on_hills/postprocessing/.DS_Store,d65165279105ca6773180500688df4bdc69a2c7b771752f0a46ef120b7fd8ec3,6148,application/octet-stream,[none],other-binary-or-data,FUNWAVE-TVD,True,no explicit vendor marker found; retained in denominator,False,False,False,False,False,False,False,False,False,True,False,_staging/total-read/records/binauto-code_FUNWAVE.jsonl,14,models/FUNWAVE/raw/source_code/FUNWAVE-TVD/funwave-work/.DS_Store,models/FUNWAVE/raw/source_code/FUNWAVE-TVD/funwave-work/.DS_Store | models/FUNWAVE/raw/source_code/FUNWAVE-TVD/simple_cases/beach_2d_radiation/.DS_Store | models/FUNWAVE/raw/source_code/FUNWAVE-TVD/simple_cases/rain_on_hills/postprocessing/.DS_Store | models/FUNWAVE/raw/source_code/FUNWAVE-TVD/simple_cases/surface_wave_1d/input_files/.DS_Store | models/FUNWAVE/raw/source_code/FUNWAVE-TVD/simple_cases/tide_abs_1bc_constant/work/.DS_Store | models/FUNWAVE/raw/source_code/FUNWAVE-TVD/simple_cases/tide_abs_2bc_data/.DS_Store | models/FUNWAVE/raw/source_code/FUNWAVE-TVD/simple_cases/tide_frf_abc_data/plots/.DS_Store | models/FUNWAVE/raw/source_code/FUNWAVE-TVD/simple_cases/tide_gen_abs_data/.DS_Store | models/FUNWAVE/raw/source_code/FUNWAVE-TVD/simple_cases/tide_time_spectra/.DS_Store | models/FUNWAVE/raw/source_code/FUNWAVE-TVD/simple_cases/tohoku_tsunami/work/.DS_Store | models/FUNWAVE/raw/source_code/FUNWAVE-TVD/simple_cases/vertical_velocity_structure/plots/.DS_Store | models/FUNWAVE/raw/source_code/FUNWAVE-TVD/simple_cases/vessel_propeller_effect/vessel/.DS_Store | models/FUNWAVE/raw/source_code/FUNWAVE-TVD/simple_cases/vessel_propeller_effect/vessel_propeller/.DS_Store | models/FUNWAVE/raw/source_code/FUNWAVE-TVD/src/.DS_Store
models/FUNWAVE/raw/source_code/FUNWAVE-TVD/simple_cases/rain_on_hills/postprocessing/depth_mesh.jpg,d6b148d46fe3fb1cc0f172382592583e2804c42b494769ef734dd60c238ba887,518280,image/jpeg,.jpg,image-or-media,FUNWAVE-TVD,True,no explicit vendor marker found; retained in denominator,False,False,False,False,False,False,False,False,False,True,False,_staging/total-read/records/binauto-code_FUNWAVE.jsonl,1,models/FUNWAVE/raw/source_code/FUNWAVE-TVD/simple_cases/rain_on_hills/postprocessing/depth_mesh.jpg,
models/FUNWAVE/raw/source_code/FUNWAVE-TVD/simple_cases/rain_on_hills/postprocessing/movie_uvz.m,d4dd8e788a1ab8484c4c3a47cbf8907ad0374016615a81108742e2030d9e1db5,2211,text/plain,.m,script-source,FUNWAVE-TVD,True,no explicit vendor marker found; retained in denominator,True,True,True,True,True,True,False,False,False,False,True,_staging/total-read/pending/reread-20260728/reread20260728-code-FUNWAVE-002-codexaudit-20260826T022957Z-7b64342a/77263262d598b251fb772b468162b4c614b90a696a6435f292f3ca913ff9f512.json | _staging/total-read/pending/reread-20260728/reread20260728-code-FUNWAVE-002-fable5-20260813T012841Z-ff3d40e9/77263262d598b251fb772b468162b4c614b90a696a6435f292f3ca913ff9f512.json | _staging/total-read/records-crosswalk/reread-20260728/FUNWAVE-002/FUNWAVE__raw__source_code__FUNWAVE-TVD__simple_cases__rain_on_hills__postprocessing__movie_uvz.m.crosswalk.json,1,models/FUNWAVE/raw/source_code/FUNWAVE-TVD/simple_cases/rain_on_hills/postprocessing/movie_uvz.m,
models/FUNWAVE/raw/source_code/FUNWAVE-TVD/simple_cases/rain_on_hills/postprocessing/plot_uv.m,0f260f33f3a13ed52a1efb62c681cd51b2a506a3cae5ec5a5518b5bb7bdad854,1429,text/plain,.m,script-source,FUNWAVE-TVD,True,no explicit vendor marker found; retained in denominator,True,True,True,True,True,True,False,False,False,False,True,_staging/total-read/pending/reread-20260728/reread20260728-code-FUNWAVE-002-codexaudit-20260826T022957Z-7b64342a/b523a212e0941eab0bfdff609ce469680f5086bf9df032096f26f5848396db51.json | _staging/total-read/pending/reread-20260728/reread20260728-code-FUNWAVE-002-fable5-20260813T012841Z-ff3d40e9/b523a212e0941eab0bfdff609ce469680f5086bf9df032096f26f5848396db51.json | _staging/total-read/records-crosswalk/reread-20260728/FUNWAVE-002/FUNWAVE__raw__source_code__FUNWAVE-TVD__simple_cases__rain_on_hills__postprocessing__plot_uv.m.crosswalk.json,1,models/FUNWAVE/raw/source_code/FUNWAVE-TVD/simple_cases/rain_on_hills/postprocessing/plot_uv.m,
models/FUNWAVE/raw/source_code/FUNWAVE-TVD/simple_cases/rain_on_hills/postprocessing/snap.jpg,49dc41419532534f232ce26cced6cd3868c67af4d45389d9eac53e39f1422d28,186455,image/jpeg,.jpg,image-or-media,FUNWAVE-TVD,True,no explicit vendor marker found; retained in denominator,False,False,False,False,False,False,False,False,False,True,False,_staging/total-read/records/binauto-code_FUNWAVE.jsonl,1,models/FUNWAVE/raw/source_code/FUNWAVE-TVD/simple_cases/rain_on_hills/postprocessing/snap.jpg,
models/FUNWAVE/raw/source_code/FUNWAVE-TVD/simple_cases/rain_on_hills/work/.DS_Store,b09bc7056ce451e62cbd04e1a58cb0384daa7a4088d7107e566fe8b9a6c33727,6148,application/octet-stream,[none],other-binary-or-data,FUNWAVE-TVD,True,no explicit vendor marker found; retained in denominator,False,False,False,False,False,False,False,False,False,True,False,_staging/total-read/records/binauto-code_FUNWAVE.jsonl,1,models/FUNWAVE/raw/source_code/FUNWAVE-TVD/simple_cases/rain_on_hills/work/.DS_Store,
models/FUNWAVE/raw/source_code/FUNWAVE-TVD/simple_cases/rain_on_hills/work/Makefile,c8e9139e54c570c78e8ee04d0d486f084b246a4022ff648c38e53054cfd9764f,4058,text/x-file,[none],documentation-or-build-text,FUNWAVE-TVD,True,no explicit vendor marker found; retained in denominator,False,True,False,False,False,False,True,False,False,False,True,_staging/total-read/pending/reread-20260728/reread20260728-doc-FUNWAVE-006-codex-20260811T012329Z-fea9a40e/349207307db3f280d15220bd714bc0dc61e17153adf994ffcb40bfa2fb1f6074.json,1,models/FUNWAVE/raw/source_code/FUNWAVE-TVD/simple_cases/rain_on_hills/work/Makefile,
models/FUNWAVE/raw/source_code/FUNWAVE-TVD/simple_cases/rain_on_hills/work/depth_656x200.txt,242bda0a861026228b6c4ee3f0319bdddf26f746c6c313346194535a52e138f0,2099400,text/plain,.txt,documentation-or-build-text,FUNWAVE-TVD,True,no explicit vendor marker found; retained in denominator,False,True,False,False,False,False,False,False,False,True,False,_staging/total-read/records/numgrid-FUNWAVE-20260728.jsonl,1,models/FUNWAVE/raw/source_code/FUNWAVE-TVD/simple_cases/rain_on_hills/work/depth_656x200.txt,
models/FUNWAVE/raw/source_code/FUNWAVE-TVD/simple_cases/rain_on_hills/work/input.txt,78943347b28229f9d3aec39ea5961166a76d967659a7bad6c203a5aaa4ca17f9,5040,text/plain,.txt,documentation-or-build-text,FUNWAVE-TVD,True,no explicit vendor marker found; retained in denominator,False,True,False,False,False,False,True,False,False,False,True,_staging/total-read/pending/reread-20260728/reread20260728-doc-FUNWAVE-006-codex-20260811T012329Z-fea9a40e/abcbb12cb4a04bfb67f48f7269ad36df051e35acc2541b86489634711b7dc90a.json,1,models/FUNWAVE/raw/source_code/FUNWAVE-TVD/simple_cases/rain_on_hills/work/input.txt,
models/FUNWAVE/raw/source_code/FUNWAVE-TVD/simple_cases/rain_on_hills/work/input_basic_test.txt,59bea3c156385d419478670d6847b5f55d7138935a11ea1a0d5e28ad695cb934,5010,text/plain,.txt,documentation-or-build-text,FUNWAVE-TVD,True,no explicit vendor marker found; retained in denominator,False,True,False,False,False,False,True,False,False,False,True,_staging/total-read/pending/reread-20260728/reread20260728-doc-FUNWAVE-006-codex-20260811T012329Z-fea9a40e/c8511992615cdff2de237330757dfa883cf9629413ed45dfade9550352798935.json,1,models/FUNWAVE/raw/source_code/FUNWAVE-TVD/simple_cases/rain_on_hills/work/input_basic_test.txt,
models/FUNWAVE/raw/source_code/FUNWAVE-TVD/simple_cases/rain_on_hills/work/mk_1_random_bathy.m,87663ff22bce5ad6702cf61f14d54e9eabf8129ca3e29bd3f41b9f5d258728e1,2032,text/plain,.m,script-source,FUNWAVE-TVD,True,no explicit vendor marker found; retained in denominator,True,True,True,True,True,True,False,False,False,False,True,_staging/total-read/pending/reread-20260728/reread20260728-code-FUNWAVE-002-codexaudit-20260826T022957Z-7b64342a/cf2aabfe0012b27a2daaf4b78c162e3b189e375196a6f78ffec5f0fa1b603f50.json | _staging/total-read/pending/reread-20260728/reread20260728-code-FUNWAVE-002-fable5-20260813T012841Z-ff3d40e9/cf2aabfe0012b27a2daaf4b78c162e3b189e375196a6f78ffec5f0fa1b603f50.json | _staging/total-read/records-crosswalk/reread-20260728/FUNWAVE-002/FUNWAVE__raw__source_code__FUNWAVE-TVD__simple_cases__rain_on_hills__work__mk_1_random_bathy.m.crosswalk.json,1,models/FUNWAVE/raw/source_code/FUNWAVE-TVD/simple_cases/rain_on_hills/work/mk_1_random_bathy.m,
models/FUNWAVE/raw/source_code/FUNWAVE-TVD/simple_cases/rain_on_hills/work/precipitation.txt,e8e8ad3a4cd0ce65f386409983e6dc01e9774f8e167a31970b2ddddc960670cc,162,text/plain,.txt,documentation-or-build-text,FUNWAVE-TVD,True,no explicit vendor marker found; retained in denominator,False,True,False,False,False,False,True,False,False,False,True,_staging/total-read/pending/reread-20260728/reread20260728-doc-FUNWAVE-006-codex-20260811T012329Z-fea9a40e/932968d08e586ec049b13b48e36632324d55a179f648b6c216ddf4dd6430e9cd.json,1,models/FUNWAVE/raw/source_code/FUNWAVE-TVD/simple_cases/rain_on_hills/work/precipitation.txt,
models/FUNWAVE/raw/source_code/FUNWAVE-TVD/simple_cases/rain_on_hills/work/rain_01.txt,4f728aa282e133fe0cc4c606e75bc099235d1f7b7a14e4718e649a472f01bcda,24,text/plain,.txt,documentation-or-build-text,FUNWAVE-TVD,True,no explicit vendor marker found; retained in denominator,False,True,False,False,False,False,True,False,False,False,True,_staging/total-read/pending/reread-20260728/reread20260728-doc-FUNWAVE-006-codex-20260811T012329Z-fea9a40e/a8c4ef69b32d319b011d184f6cda68cae6952f595867f6993e11fe60c750e7e5.json,1,models/FUNWAVE/raw/source_code/FUNWAVE-TVD/simple_cases/rain_on_hills/work/rain_01.txt,
models/FUNWAVE/raw/source_code/FUNWAVE-TVD/simple_cases/rain_on_hills/work/rain_02.txt,2649ea401f5df77c62c3810bf639676e2b43421e6b8bc46891e3d4b4a04eab28,23,text/plain,.txt,documentation-or-build-text,FUNWAVE-TVD,True,no explicit vendor marker found; retained in denominator,False,True,False,False,False,False,True,False,False,False,True,_staging/total-read/pending/reread-20260728/reread20260728-doc-FUNWAVE-006-codex-20260811T012329Z-fea9a40e/45a05795e0b1b63563b19acc5f62115d2b5cc710fa9c5549d384b4a8c4a3199d.json,1,models/FUNWAVE/raw/source_code/FUNWAVE-TVD/simple_cases/rain_on_hills/work/rain_02.txt,
models/FUNWAVE/raw/source_code/FUNWAVE-TVD/simple_cases/rip_2d/bathy/bathy.jpg,2569871688f1ac2404af71e6afbd2f9ccd7339c45dfa05514a463a6d027bdaf1,74162,image/jpeg,.jpg,image-or-media,FUNWAVE-TVD,True,no explicit vendor marker found; retained in denominator,False,False,False,False,False,False,False,False,False,True,False,_staging/total-read/records/binauto-code_FUNWAVE.jsonl,2,models/FUNWAVE/raw/source_code/FUNWAVE-TVD/simple_cases/rip_2d/bathy/bathy.jpg,models/FUNWAVE/raw/source_code/FUNWAVE-TVD/simple_cases/rip_2d/bathy/bathy.jpg | models/FUNWAVE/raw/source_code/FUNWAVE-TVD/simple_cases/rip_tracking/bathy/bathy.jpg
models/FUNWAVE/raw/source_code/FUNWAVE-TVD/simple_cases/rip_2d/bathy/depth_a15.txt,3cbe8c6cd54a71b19e57b1a2e6c242a944ecc48f3b63fb5986e8e6eb2068b9bb,2048250,text/plain,.txt,documentation-or-build-text,FUNWAVE-TVD,True,no explicit vendor marker found; retained in denominator,False,True,False,False,False,False,False,False,False,True,False,_staging/total-read/records/numgrid-FUNWAVE-20260728.jsonl,2,models/FUNWAVE/raw/source_code/FUNWAVE-TVD/simple_cases/rip_2d/bathy/depth_a15.txt,models/FUNWAVE/raw/source_code/FUNWAVE-TVD/simple_cases/rip_2d/bathy/depth_a15.txt | models/FUNWAVE/raw/source_code/FUNWAVE-TVD/simple_cases/rip_2d_foam/depth_a15.txt
models/FUNWAVE/raw/source_code/FUNWAVE-TVD/simple_cases/rip_2d/bathy/makebath.m,eaac66cf98db56ac4743e26f01041340c3bb9132a30fca9fcf99fc11120a2a3f,1158,text/plain,.m,script-source,FUNWAVE-TVD,True,no explicit vendor marker found; retained in denominator,True,True,True,True,True,True,False,False,False,False,True,_staging/total-read/pending/reread-20260728/reread20260728-code-FUNWAVE-002-codexaudit-20260826T022957Z-7b64342a/f903a8aae75ff20e9e350461f2a3b365034c28f66332fc17a66a4f7391550235.json | _staging/total-read/pending/reread-20260728/reread20260728-code-FUNWAVE-002-fable5-20260813T012841Z-ff3d40e9/f903a8aae75ff20e9e350461f2a3b365034c28f66332fc17a66a4f7391550235.json | _staging/total-read/records-crosswalk/reread-20260728/FUNWAVE-002/FUNWAVE__raw__source_code__FUNWAVE-TVD__simple_cases__rip_2d__bathy__makebath.m.crosswalk.json,1,models/FUNWAVE/raw/source_code/FUNWAVE-TVD/simple_cases/rip_2d/bathy/makebath.m,
models/FUNWAVE/raw/source_code/FUNWAVE-TVD/simple_cases/rip_2d/postprocessing/plot_eta_vor.m,5c54a4f7286c6791c4699fec7b7d9aae56bb6f3037685512b40aa239830888f4,1672,text/plain,.m,script-source,FUNWAVE-TVD,True,no explicit vendor marker found; retained in denominator,True,True,True,True,True,True,False,False,False,False,True,_staging/total-read/pending/reread-20260728/reread20260728-code-FUNWAVE-002-codexaudit-20260826T022957Z-7b64342a/74ca5e7e9c6d1d4c7a1bb5a6d6444659f7d79558408f08d8df1d65eada0889d4.json | _staging/total-read/pending/reread-20260728/reread20260728-code-FUNWAVE-002-fable5-20260813T012841Z-ff3d40e9/74ca5e7e9c6d1d4c7a1bb5a6d6444659f7d79558408f08d8df1d65eada0889d4.json | _staging/total-read/records-crosswalk/reread-20260728/FUNWAVE-002/FUNWAVE__raw__source_code__FUNWAVE-TVD__simple_cases__rip_2d__postprocessing__plot_eta_vor.m.crosswalk.json,1,models/FUNWAVE/raw/source_code/FUNWAVE-TVD/simple_cases/rip_2d/postprocessing/plot_eta_vor.m,
models/FUNWAVE/raw/source_code/FUNWAVE-TVD/simple_cases/rip_2d/postprocessing/plot_eta_vor_commented.m,3228fb138a8e17786d226ffd928b5537fced6d4bb5d97c1b8dde45202ea8124a,2178,text/plain,.m,script-source,FUNWAVE-TVD,True,no explicit vendor marker found; retained in denominator,True,True,True,True,True,True,False,False,False,False,True,_staging/total-read/pending/reread-20260728/reread20260728-code-FUNWAVE-002-codexaudit-20260826T022957Z-7b64342a/fe8979047f154f1214c4970bdb98493a456a2deb6a13eed9069092be083d1e0c.json | _staging/total-read/pending/reread-20260728/reread20260728-code-FUNWAVE-002-fable5-20260813T012841Z-ff3d40e9/fe8979047f154f1214c4970bdb98493a456a2deb6a13eed9069092be083d1e0c.json | _staging/total-read/records-crosswalk/reread-20260728/FUNWAVE-002/FUNWAVE__raw__source_code__FUNWAVE-TVD__simple_cases__rip_2d__postprocessing__plot_eta_vor_commented.m.crosswalk.json,1,models/FUNWAVE/raw/source_code/FUNWAVE-TVD/simple_cases/rip_2d/postprocessing/plot_eta_vor_commented.m,
models/FUNWAVE/raw/source_code/FUNWAVE-TVD/simple_cases/rip_2d/postprocessing/plot_eta_vor_commented.py,b59add9d08dcb6d9c2a8cdd694e0ea15b4bc5febf9c52561cd8ecea4b993f476,3038,text/x-file,.py,script-source,FUNWAVE-TVD,True,no explicit vendor marker found; retained in denominator,True,True,True,True,True,True,False,False,False,False,True,_staging/total-read/pending/reread-20260728/reread20260728-code-FUNWAVE-002-codexaudit-20260826T022957Z-7b64342a/0a44e53ed2f94f330fb61fba40ee462946d44121aa27cca8754d5302ba353a6c.json | _staging/total-read/pending/reread-20260728/reread20260728-code-FUNWAVE-002-fable5-20260813T012841Z-ff3d40e9/0a44e53ed2f94f330fb61fba40ee462946d44121aa27cca8754d5302ba353a6c.json | _staging/total-read/records-crosswalk/reread-20260728/FUNWAVE-002/FUNWAVE__raw__source_code__FUNWAVE-TVD__simple_cases__rip_2d__postprocessing__plot_eta_vor_commented.py.crosswalk.json,2,models/FUNWAVE/raw/source_code/FUNWAVE-TVD/simple_cases/rip_2d/postprocessing/plot_eta_vor_commented.py,models/FUNWAVE/raw/source_code/FUNWAVE-TVD/simple_cases/rip_2d/postprocessing/plot_eta_vor_commented.py | models/FUNWAVE/raw/source_code/FUNWAVE-TVD/simple_cases/rip_tracking/postprocessing/plot_eta_vor_commented.py
models/FUNWAVE/raw/source_code/FUNWAVE-TVD/simple_cases/rip_2d/postprocessing/rip_2d_2subplot_num_2.png,5352ec65d0b423d967736b01742d4dc5197a1f83ff4f81442ad687386c9357ab,616209,image/png,.png,image-or-media,FUNWAVE-TVD,True,no explicit vendor marker found; retained in denominator,False,False,False,False,False,False,False,False,False,True,False,_staging/total-read/records/binauto-code_FUNWAVE.jsonl,1,models/FUNWAVE/raw/source_code/FUNWAVE-TVD/simple_cases/rip_2d/postprocessing/rip_2d_2subplot_num_2.png,
models/FUNWAVE/raw/source_code/FUNWAVE-TVD/simple_cases/rip_2d/postprocessing/rip_2d_2subplot_num_3.png,e8978215bb44e7a8bfb1c10359754e6cc4c0c823f7ffde6a82ff9ded0b08eb57,616512,image/png,.png,image-or-media,FUNWAVE-TVD,True,no explicit vendor marker found; retained in denominator,False,False,False,False,False,False,False,False,False,True,False,_staging/total-read/records/binauto-code_FUNWAVE.jsonl,1,models/FUNWAVE/raw/source_code/FUNWAVE-TVD/simple_cases/rip_2d/postprocessing/rip_2d_2subplot_num_3.png,
models/FUNWAVE/raw/source_code/FUNWAVE-TVD/simple_cases/rip_2d/postprocessing/rip_vort.jpg,eadf9323babae0efde5a5c85e696bfe41d78d81846ee33bfe14f1a0f792fe1a7,146170,image/jpeg,.jpg,image-or-media,FUNWAVE-TVD,True,no explicit vendor marker found; retained in denominator,False,False,False,False,False,False,False,False,False,True,False,_staging/total-read/records/binauto-code_FUNWAVE.jsonl,1,models/FUNWAVE/raw/source_code/FUNWAVE-TVD/simple_cases/rip_2d/postprocessing/rip_vort.jpg,
models/FUNWAVE/raw/source_code/FUNWAVE-TVD/simple_cases/rip_2d/work/Makefile,0a6d33c4075bdb6841af71cab57f233364533ad3a32a7818f29596a343dfa3cb,4029,text/x-file,[none],documentation-or-build-text,FUNWAVE-TVD,True,no explicit vendor marker found; retained in denominator,False,True,False,False,False,False,True,False,False,False,True,_staging/total-read/pending/reread-20260728/reread20260728-doc-FUNWAVE-006-codex-20260811T012329Z-fea9a40e/a27e2da0401acad51b49068e447129a0f05dcd0643175a2512a1c470b0af66da.json,5,models/FUNWAVE/raw/source_code/FUNWAVE-TVD/simple_cases/beach_2d/input_files/Makefile,models/FUNWAVE/raw/source_code/FUNWAVE-TVD/simple_cases/beach_2d/input_files/Makefile | models/FUNWAVE/raw/source_code/FUNWAVE-TVD/simple_cases/inlet_shoal/input_files/Makefile | models/FUNWAVE/raw/source_code/FUNWAVE-TVD/simple_cases/levee_1d/input_files/Makefile | models/FUNWAVE/raw/source_code/FUNWAVE-TVD/simple_cases/rip_2d/work/Makefile | models/FUNWAVE/raw/source_code/FUNWAVE-TVD/simple_cases/surface_wave_1d/input_files/Makefile
models/FUNWAVE/raw/source_code/FUNWAVE-TVD/simple_cases/rip_2d/work/input.txt,598485db83138e9e8af85fa180dd672fd02ec46311089ddd47094f9de52850f5,4629,text/plain,.txt,documentation-or-build-text,FUNWAVE-TVD,True,no explicit vendor marker found; retained in denominator,False,True,False,False,False,False,True,False,False,False,True,_staging/total-read/pending/reread-20260728/reread20260728-doc-FUNWAVE-006-codex-20260811T012329Z-fea9a40e/f87b9dfae9a1ccdc321ab9bc61e82ef0a1df0d42cad122644fb7a07b28fa51a5.json,1,models/FUNWAVE/raw/source_code/FUNWAVE-TVD/simple_cases/rip_2d/work/input.txt,
models/FUNWAVE/raw/source_code/FUNWAVE-TVD/simple_cases/rip_2d_foam/.DS_Store,2c03b381e52832e4735a5c32ff7b9966ee2116e2a037c521a50e468ea33923a4,6148,application/octet-stream,[none],other-binary-or-data,FUNWAVE-TVD,True,no explicit vendor marker found; retained in denominator,False,False,False,False,False,False,False,False,False,True,False,_staging/total-read/records/binauto-code_FUNWAVE.jsonl,1,models/FUNWAVE/raw/source_code/FUNWAVE-TVD/simple_cases/rip_2d_foam/.DS_Store,
models/FUNWAVE/raw/source_code/FUNWAVE-TVD/simple_cases/rip_2d_foam/Grid_Range.out,8530df32c083658247b25380b69ec8b49b9c819fe1ddf7a080c2e3505b09a52b,178,text/plain,.out,case-data-or-output,FUNWAVE-TVD,True,no explicit vendor marker found; retained in denominator,False,True,False,False,False,False,True,False,False,False,True,_staging/total-read/pending/reread-20260728/reread20260728-doc-FUNWAVE-006-codex-20260811T012329Z-fea9a40e/01be98f9cfc3ddb700e3a5ebffa4a53c494a0434315a388d867ae59254221121.json,1,models/FUNWAVE/raw/source_code/FUNWAVE-TVD/simple_cases/rip_2d_foam/Grid_Range.out,
models/FUNWAVE/raw/source_code/FUNWAVE-TVD/simple_cases/rip_2d_foam/LOG.txt,0e9ace89eef20c1b014b8735200ba2d18f477ed3db1541e74955bc38601248df,95711,text/plain,.txt,documentation-or-build-text,FUNWAVE-TVD,True,no explicit vendor marker found; retained in denominator,False,True,False,False,False,False,True,False,False,False,True,_staging/total-read/pending/reread-20260728/reread20260728-doc-FUNWAVE-006-codex-20260811T012329Z-fea9a40e/c382ab7e3d748e91d051bbd15bbe2b70751dfee40d586e905b7931086a4c0311.json,1,models/FUNWAVE/raw/source_code/FUNWAVE-TVD/simple_cases/rip_2d_foam/LOG.txt,
models/FUNWAVE/raw/source_code/FUNWAVE-TVD/simple_cases/rip_2d_foam/Makefile,95403bc0b96bcc6daaefc9cb24bfd9f82f3860e9d0c77120dffe63fdadc9a6a6,4103,text/x-file,[none],documentation-or-build-text,FUNWAVE-TVD,True,no explicit vendor marker found; retained in denominator,False,True,False,False,False,False,True,False,False,False,True,_staging/total-read/pending/reread-20260728/reread20260728-doc-FUNWAVE-006-codex-20260811T012329Z-fea9a40e/b6d067f7557f61ade1456da61d47ec07d445c48590c4ebcc3f76d13733d7e2b4.json,1,models/FUNWAVE/raw/source_code/FUNWAVE-TVD/simple_cases/rip_2d_foam/Makefile,
models/FUNWAVE/raw/source_code/FUNWAVE-TVD/simple_cases/rip_2d_foam/depth_a15.txt,3cbe8c6cd54a71b19e57b1a2e6c242a944ecc48f3b63fb5986e8e6eb2068b9bb,2048250,text/plain,.txt,documentation-or-build-text,FUNWAVE-TVD,True,no explicit vendor marker found; retained in denominator,False,True,False,False,False,False,False,False,False,True,False,_staging/total-read/records/numgrid-FUNWAVE-20260728.jsonl,2,models/FUNWAVE/raw/source_code/FUNWAVE-TVD/simple_cases/rip_2d/bathy/depth_a15.txt,models/FUNWAVE/raw/source_code/FUNWAVE-TVD/simple_cases/rip_2d/bathy/depth_a15.txt | models/FUNWAVE/raw/source_code/FUNWAVE-TVD/simple_cases/rip_2d_foam/depth_a15.txt
models/FUNWAVE/raw/source_code/FUNWAVE-TVD/simple_cases/rip_2d_foam/eta_vor_foam.jpg,36e71aeb13c655353fe7916aeae0055d627b8a9bd2b8b453f06c774c884bd77c,794971,image/jpeg,.jpg,image-or-media,FUNWAVE-TVD,True,no explicit vendor marker found; retained in denominator,False,False,False,False,False,False,False,False,False,True,False,_staging/total-read/records/binauto-code_FUNWAVE.jsonl,1,models/FUNWAVE/raw/source_code/FUNWAVE-TVD/simple_cases/rip_2d_foam/eta_vor_foam.jpg,
models/FUNWAVE/raw/source_code/FUNWAVE-TVD/simple_cases/rip_2d_foam/input.txt,87d59c2cc33f117fd39db88de3dcd4f62677643fc6b4ab9c403a0fac5d33eb4e,4636,text/plain,.txt,documentation-or-build-text,FUNWAVE-TVD,True,no explicit vendor marker found; retained in denominator,False,True,False,False,False,False,True,False,False,False,True,_staging/total-read/pending/reread-20260728/reread20260728-doc-FUNWAVE-006-codex-20260811T012329Z-fea9a40e/f073399975dea030679a4cf605f1a45cb70b8be6074e6d578bbd9b6b06602c31.json,1,models/FUNWAVE/raw/source_code/FUNWAVE-TVD/simple_cases/rip_2d_foam/input.txt,
models/FUNWAVE/raw/source_code/FUNWAVE-TVD/simple_cases/rip_2d_foam/plot_eta_vor_foam.m,d8651bbb87223df11110fde2e21326a3b03a9e13a072eeb7f691873512863462,2312,text/plain,.m,script-source,FUNWAVE-TVD,True,no explicit vendor marker found; retained in denominator,True,True,True,True,True,True,False,False,False,False,True,_staging/total-read/pending/reread-20260728/reread20260728-code-FUNWAVE-002-codexaudit-20260826T022957Z-7b64342a/9b2e623a1940012cfb2e994cd2b6c6ec77756a120cf430224a5a53c15c9da70c.json | _staging/total-read/pending/reread-20260728/reread20260728-code-FUNWAVE-002-fable5-20260813T012841Z-ff3d40e9/9b2e623a1940012cfb2e994cd2b6c6ec77756a120cf430224a5a53c15c9da70c.json | _staging/total-read/records-crosswalk/reread-20260728/FUNWAVE-002/FUNWAVE__raw__source_code__FUNWAVE-TVD__simple_cases__rip_2d_foam__plot_eta_vor_foam.m.crosswalk.json,1,models/FUNWAVE/raw/source_code/FUNWAVE-TVD/simple_cases/rip_2d_foam/plot_eta_vor_foam.m,
models/FUNWAVE/raw/source_code/FUNWAVE-TVD/simple_cases/rip_2d_foam/time_dt.out,88c062ef8ee192a0d8b23dd38189439b1804c57d19c4a36fe124d2035934cbea,35,text/plain,.out,case-data-or-output,FUNWAVE-TVD,True,no explicit vendor marker found; retained in denominator,False,True,False,False,False,False,True,False,False,False,True,_staging/total-read/pending/reread-20260728/reread20260728-doc-FUNWAVE-006-codex-20260811T012329Z-fea9a40e/42663c35ac6c68c693f4069b375fe59a8dc3b468b14ad24fe3766d72de4b90ee.json,1,models/FUNWAVE/raw/source_code/FUNWAVE-TVD/simple_cases/rip_2d_foam/time_dt.out,
models/FUNWAVE/raw/source_code/FUNWAVE-TVD/simple_cases/rip_2d_foam/videoOut.mp4,864b9c860a8173b49211686827ac63900b6505331445d090ae2dfb00f7720648,13098033,video/mp4,.mp4,image-or-media,FUNWAVE-TVD,True,no explicit vendor marker found; retained in denominator,False,False,False,False,False,False,False,False,False,True,False,_staging/total-read/records/binauto-code_FUNWAVE.jsonl,1,models/FUNWAVE/raw/source_code/FUNWAVE-TVD/simple_cases/rip_2d_foam/videoOut.mp4,
models/FUNWAVE/raw/source_code/FUNWAVE-TVD/simple_cases/rip_tracking/bathy/bathy.jpg,2569871688f1ac2404af71e6afbd2f9ccd7339c45dfa05514a463a6d027bdaf1,74162,image/jpeg,.jpg,image-or-media,FUNWAVE-TVD,True,no explicit vendor marker found; retained in denominator,False,False,False,False,False,False,False,False,False,True,False,_staging/total-read/records/binauto-code_FUNWAVE.jsonl,2,models/FUNWAVE/raw/source_code/FUNWAVE-TVD/simple_cases/rip_2d/bathy/bathy.jpg,models/FUNWAVE/raw/source_code/FUNWAVE-TVD/simple_cases/rip_2d/bathy/bathy.jpg | models/FUNWAVE/raw/source_code/FUNWAVE-TVD/simple_cases/rip_tracking/bathy/bathy.jpg
models/FUNWAVE/raw/source_code/FUNWAVE-TVD/simple_cases/rip_tracking/bathy/depth_a15.txt,b0d7afbb3c6f635930f249f4ef4285cbea6c006484c80c15b71c9ef000140ef2,499300,text/plain,.txt,documentation-or-build-text,FUNWAVE-TVD,True,no explicit vendor marker found; retained in denominator,False,True,False,False,False,False,False,False,False,True,False,_staging/total-read/records/numgrid-FUNWAVE-20260728.jsonl,2,models/FUNWAVE/raw/source_code/FUNWAVE-TVD/simple_cases/rip_tracking/bathy/depth_a15.txt,models/FUNWAVE/raw/source_code/FUNWAVE-TVD/simple_cases/rip_tracking/bathy/depth_a15.txt | models/FUNWAVE/raw/source_code/FUNWAVE-TVD/simple_cases/sediment_rip/bathy/depth_a15.txt
models/FUNWAVE/raw/source_code/FUNWAVE-TVD/simple_cases/rip_tracking/bathy/makebath.m,5ea0e6d39cc24859946688a967955429b5672d85a3a554c1869aefb86ea6e6b9,1168,text/plain,.m,script-source,FUNWAVE-TVD,True,no explicit vendor marker found; retained in denominator,True,True,True,True,True,True,False,False,False,False,True,_staging/total-read/pending/reread-20260728/reread20260728-code-FUNWAVE-002-codexaudit-20260826T022957Z-7b64342a/e594ec4f8420be0228ddd26b3a3fa64c95eaf22fdae52340c0c77d2cb8bf3308.json | _staging/total-read/pending/reread-20260728/reread20260728-code-FUNWAVE-002-fable5-20260813T012841Z-ff3d40e9/e594ec4f8420be0228ddd26b3a3fa64c95eaf22fdae52340c0c77d2cb8bf3308.json | _staging/total-read/records-crosswalk/reread-20260728/FUNWAVE-002/FUNWAVE__raw__source_code__FUNWAVE-TVD__simple_cases__rip_tracking__bathy__makebath.m.crosswalk.json,2,models/FUNWAVE/raw/source_code/FUNWAVE-TVD/simple_cases/rip_tracking/bathy/makebath.m,models/FUNWAVE/raw/source_code/FUNWAVE-TVD/simple_cases/rip_tracking/bathy/makebath.m | models/FUNWAVE/raw/source_code/FUNWAVE-TVD/simple_cases/sediment_rip/bathy/makebath.m
models/FUNWAVE/raw/source_code/FUNWAVE-TVD/simple_cases/rip_tracking/postprocessing/bathy_tracer.pdf,286984e5167352f6b73f6387e3d1fd2092fbec389864dc3afa6b01cdf78d836f,93903,application/pdf,.pdf,manual-or-paper-pdf,FUNWAVE-TVD,True,no explicit vendor marker found; retained in denominator,False,False,False,False,False,False,False,False,False,True,False,_staging/total-read/records/binauto-code_FUNWAVE.jsonl,1,models/FUNWAVE/raw/source_code/FUNWAVE-TVD/simple_cases/rip_tracking/postprocessing/bathy_tracer.pdf,
models/FUNWAVE/raw/source_code/FUNWAVE-TVD/simple_cases/rip_tracking/postprocessing/bathy_tracer.png,2986f4aaf6b6f34136cf4a66240bb4dd8a9c727fe441694d231b032e4df04f3c,568104,image/png,.png,image-or-media,FUNWAVE-TVD,True,no explicit vendor marker found; retained in denominator,False,False,False,False,False,False,False,False,False,True,False,_staging/total-read/records/binauto-code_FUNWAVE.jsonl,1,models/FUNWAVE/raw/source_code/FUNWAVE-TVD/simple_cases/rip_tracking/postprocessing/bathy_tracer.png,
models/FUNWAVE/raw/source_code/FUNWAVE-TVD/simple_cases/rip_tracking/postprocessing/plot_eta_vor_commented.py,b59add9d08dcb6d9c2a8cdd694e0ea15b4bc5febf9c52561cd8ecea4b993f476,3038,text/x-file,.py,script-source,FUNWAVE-TVD,True,no explicit vendor marker found; retained in denominator,True,True,True,True,True,True,False,False,False,False,True,_staging/total-read/pending/reread-20260728/reread20260728-code-FUNWAVE-002-codexaudit-20260826T022957Z-7b64342a/ce4ee0462bb25eb2aebcbeb277fd91fb2169f69ffc37f4709ea2ef22593f7d8a.json | _staging/total-read/pending/reread-20260728/reread20260728-code-FUNWAVE-002-fable5-20260813T012841Z-ff3d40e9/ce4ee0462bb25eb2aebcbeb277fd91fb2169f69ffc37f4709ea2ef22593f7d8a.json | _staging/total-read/records-crosswalk/reread-20260728/FUNWAVE-002/FUNWAVE__raw__source_code__FUNWAVE-TVD__simple_cases__rip_tracking__postprocessing__plot_eta_vor_commented.py.crosswalk.json,2,models/FUNWAVE/raw/source_code/FUNWAVE-TVD/simple_cases/rip_2d/postprocessing/plot_eta_vor_commented.py,models/FUNWAVE/raw/source_code/FUNWAVE-TVD/simple_cases/rip_2d/postprocessing/plot_eta_vor_commented.py | models/FUNWAVE/raw/source_code/FUNWAVE-TVD/simple_cases/rip_tracking/postprocessing/plot_eta_vor_commented.py
models/FUNWAVE/raw/source_code/FUNWAVE-TVD/simple_cases/rip_tracking/postprocessing/plot_eta_vor_track.m,01f909a5ee82a7769d5d7c6591dc2d53e99e4ed1a4efeaaf7c2662e18b41c6e5,1955,text/plain,.m,script-source,FUNWAVE-TVD,True,no explicit vendor marker found; retained in denominator,True,True,True,True,True,True,False,False,False,False,True,_staging/total-read/pending/reread-20260728/reread20260728-code-FUNWAVE-002-codexaudit-20260826T022957Z-7b64342a/a3c13d4886160d37b026f329df7e9e68ee5bd84e628924d68a859b97bbcd949b.json | _staging/total-read/pending/reread-20260728/reread20260728-code-FUNWAVE-002-fable5-20260813T012841Z-ff3d40e9/a3c13d4886160d37b026f329df7e9e68ee5bd84e628924d68a859b97bbcd949b.json | _staging/total-read/records-crosswalk/reread-20260728/FUNWAVE-002/FUNWAVE__raw__source_code__FUNWAVE-TVD__simple_cases__rip_tracking__postprocessing__plot_eta_vor_track.m.crosswalk.json,1,models/FUNWAVE/raw/source_code/FUNWAVE-TVD/simple_cases/rip_tracking/postprocessing/plot_eta_vor_track.m,
models/FUNWAVE/raw/source_code/FUNWAVE-TVD/simple_cases/rip_tracking/postprocessing/rip_tracking.jpg,34377617b83e875e4cd4448e5f369ab0f1e2d13b22acbf6e81bcbfed69d3cc8a,459162,image/jpeg,.jpg,image-or-media,FUNWAVE-TVD,True,no explicit vendor marker found; retained in denominator,False,False,False,False,False,False,False,False,False,True,False,_staging/total-read/records/binauto-code_FUNWAVE.jsonl,1,models/FUNWAVE/raw/source_code/FUNWAVE-TVD/simple_cases/rip_tracking/postprocessing/rip_tracking.jpg,
models/FUNWAVE/raw/source_code/FUNWAVE-TVD/simple_cases/rip_tracking/work/Makefile,68ad2aa000abca6b2d45de8366c4eebc581717aa70c438acfbc89c439a5d6608,4028,text/x-file,[none],documentation-or-build-text,FUNWAVE-TVD,True,no explicit vendor marker found; retained in denominator,False,True,False,False,False,False,True,False,False,False,True,_staging/total-read/pending/reread-20260728/reread20260728-doc-FUNWAVE-006-codex-20260811T012329Z-fea9a40e/d7884ddc6c997c59368de7e5ac87db5f81263803b11b4c93e2e671e387773ce6.json,1,models/FUNWAVE/raw/source_code/FUNWAVE-TVD/simple_cases/rip_tracking/work/Makefile,
models/FUNWAVE/raw/source_code/FUNWAVE-TVD/simple_cases/rip_tracking/work/input.txt,404ed67a633fb4afe54758b6ee8e6da47dc8b763efd4bac140a4972b5221bc11,4680,text/plain,.txt,documentation-or-build-text,FUNWAVE-TVD,True,no explicit vendor marker found; retained in denominator,False,True,False,False,False,False,True,False,False,False,True,_staging/total-read/pending/reread-20260728/reread20260728-doc-FUNWAVE-006-codex-20260811T012329Z-fea9a40e/1d452202f21ae2b585156fadd588ce367521dda291cba70cad66a53f52a6fb55.json,1,models/FUNWAVE/raw/source_code/FUNWAVE-TVD/simple_cases/rip_tracking/work/input.txt,
models/FUNWAVE/raw/source_code/FUNWAVE-TVD/simple_cases/rip_tracking/work/input_largedomain.txt,62ce26452deb2b74148d89c2fc2f7e69541577c1f505b53341daf4b7c374cdee,4711,text/plain,.txt,documentation-or-build-text,FUNWAVE-TVD,True,no explicit vendor marker found; retained in denominator,False,True,False,False,False,False,True,False,False,False,True,_staging/total-read/pending/reread-20260728/reread20260728-doc-FUNWAVE-006-codex-20260811T012329Z-fea9a40e/9be0f993442076870c5ff67318edb06c82714350368e84e9e19ec1873f28a28d.json,1,models/FUNWAVE/raw/source_code/FUNWAVE-TVD/simple_cases/rip_tracking/work/input_largedomain.txt,
models/FUNWAVE/raw/source_code/FUNWAVE-TVD/simple_cases/rip_tracking/work/input_solitary.txt,4aa38f5a9b9cd227b1487212b6788e9fb662d4a4e0008e2927f3c66d877caa90,4673,text/plain,.txt,documentation-or-build-text,FUNWAVE-TVD,True,no explicit vendor marker found; retained in denominator,False,True,False,False,False,False,True,False,False,False,True,_staging/total-read/pending/reread-20260728/reread20260728-doc-FUNWAVE-006-codex-20260811T012329Z-fea9a40e/75410e6783b2b512ccd4d6eca4bcb8fb11384d9ac45194a186b22b53dbd5c3e4.json,1,models/FUNWAVE/raw/source_code/FUNWAVE-TVD/simple_cases/rip_tracking/work/input_solitary.txt,
models/FUNWAVE/raw/source_code/FUNWAVE-TVD/simple_cases/rip_tracking/work/tracers.txt,d62792c6c0f879264548090d350b4cebf7d98e67eca6696948ae286a09002491,154,text/plain,.txt,documentation-or-build-text,FUNWAVE-TVD,True,no explicit vendor marker found; retained in denominator,False,True,False,False,False,False,True,False,False,False,True,_staging/total-read/pending/reread-20260728/reread20260728-doc-FUNWAVE-006-codex-20260811T012329Z-fea9a40e/eea6f9ee2db111e73d818f5a9cd27e3ff734e662a0d1372c02c29b657df232d7.json,1,models/FUNWAVE/raw/source_code/FUNWAVE-TVD/simple_cases/rip_tracking/work/tracers.txt,
models/FUNWAVE/raw/source_code/FUNWAVE-TVD/simple_cases/sediment_rip/bathy/depth_2rip.jpg,87856770ac6d37f89dc70c7dc8640e948de2b64330b6362a183e9d00b6e62898,70417,image/jpeg,.jpg,image-or-media,FUNWAVE-TVD,True,no explicit vendor marker found; retained in denominator,False,False,False,False,False,False,False,False,False,True,False,_staging/total-read/records/binauto-code_FUNWAVE.jsonl,1,models/FUNWAVE/raw/source_code/FUNWAVE-TVD/simple_cases/sediment_rip/bathy/depth_2rip.jpg,
models/FUNWAVE/raw/source_code/FUNWAVE-TVD/simple_cases/sediment_rip/bathy/depth_a15.txt,b0d7afbb3c6f635930f249f4ef4285cbea6c006484c80c15b71c9ef000140ef2,499300,text/plain,.txt,documentation-or-build-text,FUNWAVE-TVD,True,no explicit vendor marker found; retained in denominator,False,True,False,False,False,False,False,False,False,True,False,_staging/total-read/records/numgrid-FUNWAVE-20260728.jsonl,2,models/FUNWAVE/raw/source_code/FUNWAVE-TVD/simple_cases/rip_tracking/bathy/depth_a15.txt,models/FUNWAVE/raw/source_code/FUNWAVE-TVD/simple_cases/rip_tracking/bathy/depth_a15.txt | models/FUNWAVE/raw/source_code/FUNWAVE-TVD/simple_cases/sediment_rip/bathy/depth_a15.txt
models/FUNWAVE/raw/source_code/FUNWAVE-TVD/simple_cases/sediment_rip/bathy/makebath.m,5ea0e6d39cc24859946688a967955429b5672d85a3a554c1869aefb86ea6e6b9,1168,text/plain,.m,script-source,FUNWAVE-TVD,True,no explicit vendor marker found; retained in denominator,True,True,True,True,True,True,False,False,False,False,True,_staging/total-read/pending/reread-20260728/reread20260728-code-FUNWAVE-002-codexaudit-20260826T022957Z-7b64342a/6506df38e92d12f9c7eb20e6d9a27e2be350f8c5ef028aa69f70d712133d2503.json | _staging/total-read/pending/reread-20260728/reread20260728-code-FUNWAVE-002-fable5-20260813T012841Z-ff3d40e9/6506df38e92d12f9c7eb20e6d9a27e2be350f8c5ef028aa69f70d712133d2503.json | _staging/total-read/records-crosswalk/reread-20260728/FUNWAVE-002/FUNWAVE__raw__source_code__FUNWAVE-TVD__simple_cases__sediment_rip__bathy__makebath.m.crosswalk.json,2,models/FUNWAVE/raw/source_code/FUNWAVE-TVD/simple_cases/rip_tracking/bathy/makebath.m,models/FUNWAVE/raw/source_code/FUNWAVE-TVD/simple_cases/rip_tracking/bathy/makebath.m | models/FUNWAVE/raw/source_code/FUNWAVE-TVD/simple_cases/sediment_rip/bathy/makebath.m
models/FUNWAVE/raw/source_code/FUNWAVE-TVD/simple_cases/sediment_rip/postprocessing/eta_c_dep.jpg,ca6a1b8d8f5ff99145e8e8d2c84641e16f37085edc68aa4d7fb2bee25fcaabdc,96172,image/jpeg,.jpg,image-or-media,FUNWAVE-TVD,True,no explicit vendor marker found; retained in denominator,False,False,False,False,False,False,False,False,False,True,False,_staging/total-read/records/binauto-code_FUNWAVE.jsonl,1,models/FUNWAVE/raw/source_code/FUNWAVE-TVD/simple_cases/sediment_rip/postprocessing/eta_c_dep.jpg,
models/FUNWAVE/raw/source_code/FUNWAVE-TVD/simple_cases/sediment_rip/postprocessing/plot_eta_c_dep.m,13a26d15a1ae1f928cc45847a360fbe87d53b590ff948b2546dd4bf7fbedf516,2160,text/plain,.m,script-source,FUNWAVE-TVD,True,no explicit vendor marker found; retained in denominator,True,True,True,True,True,True,False,False,False,False,True,_staging/total-read/pending/reread-20260728/reread20260728-code-FUNWAVE-002-codexaudit-20260826T022957Z-7b64342a/454c1b240924add8de508b1c4dd368c3c04cde14ec11953fcab644f5f6c38f1a.json | _staging/total-read/pending/reread-20260728/reread20260728-code-FUNWAVE-002-fable5-20260813T012841Z-ff3d40e9/454c1b240924add8de508b1c4dd368c3c04cde14ec11953fcab644f5f6c38f1a.json | _staging/total-read/records-crosswalk/reread-20260728/FUNWAVE-002/FUNWAVE__raw__source_code__FUNWAVE-TVD__simple_cases__sediment_rip__postprocessing__plot_eta_c_dep.m.crosswalk.json,1,models/FUNWAVE/raw/source_code/FUNWAVE-TVD/simple_cases/sediment_rip/postprocessing/plot_eta_c_dep.m,
models/FUNWAVE/raw/source_code/FUNWAVE-TVD/simple_cases/sediment_rip/postprocessing/plot_eta_c_dep.py,088b7738a8d498b2071bc222064ea555b89c73074c27ce42138d26085fa500fa,4523,text/x-file,.py,script-source,FUNWAVE-TVD,True,no explicit vendor marker found; retained in denominator,True,True,True,True,True,True,False,False,False,False,True,_staging/total-read/pending/reread-20260728/reread20260728-code-FUNWAVE-002-codexaudit-20260826T022957Z-7b64342a/6b5f2eee25568f93af88d7950180a7bb144b5c9f0c6a4c7342ff5b2929518272.json | _staging/total-read/pending/reread-20260728/reread20260728-code-FUNWAVE-002-fable5-20260813T012841Z-ff3d40e9/6b5f2eee25568f93af88d7950180a7bb144b5c9f0c6a4c7342ff5b2929518272.json | _staging/total-read/records-crosswalk/reread-20260728/FUNWAVE-002/FUNWAVE__raw__source_code__FUNWAVE-TVD__simple_cases__sediment_rip__postprocessing__plot_eta_c_dep.py.crosswalk.json,1,models/FUNWAVE/raw/source_code/FUNWAVE-TVD/simple_cases/sediment_rip/postprocessing/plot_eta_c_dep.py,
models/FUNWAVE/raw/source_code/FUNWAVE-TVD/simple_cases/sediment_rip/work/Grid_Range.out,585c76f5f0d8126d4b8b3209d29ac0e97c9efd22af6f44f98b8fde045a0dba94,108,text/plain,.out,case-data-or-output,FUNWAVE-TVD,True,no explicit vendor marker found; retained in denominator,False,True,False,False,False,False,True,False,False,False,True,_staging/total-read/pending/reread-20260728/reread20260728-doc-FUNWAVE-006-codex-20260811T012329Z-fea9a40e/e53d235300e935b8475e427cfcfc59c356f7eb4b0847380913685fd42af02ef0.json,1,models/FUNWAVE/raw/source_code/FUNWAVE-TVD/simple_cases/sediment_rip/work/Grid_Range.out,
models/FUNWAVE/raw/source_code/FUNWAVE-TVD/simple_cases/sediment_rip/work/LOG.txt,010a5aee6b23e163a6b36e3d77ab34f3a52cd3e4ae97b9f883201ae15a61bf6f,8621,text/plain,.txt,documentation-or-build-text,FUNWAVE-TVD,True,no explicit vendor marker found; retained in denominator,False,True,False,False,False,False,True,False,False,False,True,_staging/total-read/pending/reread-20260728/reread20260728-doc-FUNWAVE-006-codex-20260811T012329Z-fea9a40e/5afb62a50dec04fb5170fd74721e02144823afeed67b063f6cbeb3cf11b95f99.json,1,models/FUNWAVE/raw/source_code/FUNWAVE-TVD/simple_cases/sediment_rip/work/LOG.txt,
models/FUNWAVE/raw/source_code/FUNWAVE-TVD/simple_cases/sediment_rip/work/Makefile,e55223b2a7d1e77b45ab3d46b99b8134b22829fecbd0ca066e67c0e7b1906e7b,4028,text/x-file,[none],documentation-or-build-text,FUNWAVE-TVD,True,no explicit vendor marker found; retained in denominator,False,True,False,False,False,False,True,False,False,False,True,_staging/total-read/pending/reread-20260728/reread20260728-doc-FUNWAVE-006-codex-20260811T012329Z-fea9a40e/898317a59974101cf577d5ad75e50bed22cd4aa2e0fb63860536280bb57f3d15.json,1,models/FUNWAVE/raw/source_code/FUNWAVE-TVD/simple_cases/sediment_rip/work/Makefile,
models/FUNWAVE/raw/source_code/FUNWAVE-TVD/simple_cases/sediment_rip/work/input.txt,8101daee89d1ba9084fe76840207d4f52f65aa736affca20771dd2bf50b96ed0,4654,text/plain,.txt,documentation-or-build-text,FUNWAVE-TVD,True,no explicit vendor marker found; retained in denominator,False,True,False,False,False,False,True,False,False,False,True,_staging/total-read/pending/reread-20260728/reread20260728-doc-FUNWAVE-006-codex-20260811T012329Z-fea9a40e/7b60833ab6ee115b902858147f22bba877f08f69c5d1786b1117fabcf5e0477d.json,1,models/FUNWAVE/raw/source_code/FUNWAVE-TVD/simple_cases/sediment_rip/work/input.txt,
models/FUNWAVE/raw/source_code/FUNWAVE-TVD/simple_cases/sediment_rip/work/time_dt.out,e3b0c44298fc1c149afbf4c8996fb92427ae41e4649b934ca495991b7852b855,0,inode/x-empty,.out,case-data-or-output,FUNWAVE-TVD,True,no explicit vendor marker found; retained in denominator,False,False,False,False,False,False,False,False,False,False,False,,11,models/FUNWAVE/raw/source_code/FUNWAVE-TVD/benchmarks/car_Nwave_statis/station.txt,models/FUNWAVE/raw/source_code/FUNWAVE-TVD/benchmarks/car_Nwave_statis/station.txt | models/FUNWAVE/raw/source_code/FUNWAVE-TVD/benchmarks/sph_monai_valley/work/depth_blowup.dat | models/FUNWAVE/raw/source_code/FUNWAVE-TVD/benchmarks/sph_sol_plane_mea/breaking/station.txt | models/FUNWAVE/raw/source_code/FUNWAVE-TVD/benchmarks/sph_sol_plane_mea/nonbreaking/station.txt | models/FUNWAVE/raw/source_code/FUNWAVE-TVD/simple_cases/levee_1d/LOG.txt | models/FUNWAVE/raw/source_code/FUNWAVE-TVD/simple_cases/levee_1d/time_dt.out | models/FUNWAVE/raw/source_code/FUNWAVE-TVD/simple_cases/sediment_rip/work/time_dt.out | models/FUNWAVE/raw/source_code/FUNWAVE-TVD/simple_cases/tide_time_spectra/fort.1 | models/FUNWAVE/raw/source_code/FUNWAVE-TVD/simple_cases/tide_time_spectra/fort.500 | models/FUNWAVE/raw/source_code/FUNWAVE-TVD/simple_cases/tohoku_tsunami/work/time_dt.out | models/FUNWAVE/raw/source_code/FUNWAVE-TVD/simple_cases/vertical_velocity_structure/time_dt.out
models/FUNWAVE/raw/source_code/FUNWAVE-TVD/simple_cases/short_crest_radiation/LOG.txt,2a8350d95734910bc8468860796e5e16f9120de6d49fec844433e45094547222,18255,text/plain,.txt,documentation-or-build-text,FUNWAVE-TVD,True,no explicit vendor marker found; retained in denominator,False,True,False,False,False,False,True,False,False,False,True,_staging/total-read/pending/reread-20260728/reread20260728-doc-FUNWAVE-006-codex-20260811T012329Z-fea9a40e/5fda48be2cf838a2b670b16d03881c11416a5b8a06329e19e3c0f7479dbbe134.json,1,models/FUNWAVE/raw/source_code/FUNWAVE-TVD/simple_cases/short_crest_radiation/LOG.txt,
models/FUNWAVE/raw/source_code/FUNWAVE-TVD/simple_cases/short_crest_radiation/fyshi_plane.qs,b1a9f4e86f5fb9b037a1250ebdc0ebcbeb3d85914a470762685102a47859737a,650,text/x-shellscript,.qs,case-data-or-output,FUNWAVE-TVD,True,no explicit vendor marker found; retained in denominator,False,True,False,False,False,False,True,False,False,False,True,_staging/total-read/pending/reread-20260728/reread20260728-doc-FUNWAVE-006-codex-20260811T012329Z-fea9a40e/bf5f555f22f85ae25f5b0d7a038ee7278fcbbb3c5d0ab77664657c2ccb680145.json,1,models/FUNWAVE/raw/source_code/FUNWAVE-TVD/simple_cases/short_crest_radiation/fyshi_plane.qs,
models/FUNWAVE/raw/source_code/FUNWAVE-TVD/simple_cases/short_crest_radiation/ideal_4_frame_4prof_st_360_av_240.jpg,a73f55ac7bc82e41ee36b9c87e2405c1e7c3e4c2132ce6812b6c301a1e8902e9,187612,image/jpeg,.jpg,image-or-media,FUNWAVE-TVD,True,no explicit vendor marker found; retained in denominator,False,False,False,False,False,False,False,False,False,True,False,_staging/total-read/records/binauto-code_FUNWAVE.jsonl,1,models/FUNWAVE/raw/source_code/FUNWAVE-TVD/simple_cases/short_crest_radiation/ideal_4_frame_4prof_st_360_av_240.jpg,
models/FUNWAVE/raw/source_code/FUNWAVE-TVD/simple_cases/short_crest_radiation/input.txt,086b4f80953dcf416abb01f8166e3104e08ee4ebd621a85ab13755836b2fbc72,5077,text/plain,.txt,documentation-or-build-text,FUNWAVE-TVD,True,no explicit vendor marker found; retained in denominator,False,True,False,False,False,False,True,False,False,False,True,_staging/total-read/pending/reread-20260728/reread20260728-doc-FUNWAVE-006-codex-20260811T012329Z-fea9a40e/4bab77d464811e1dc9d6176b009d38dcde05101508939d2177ebbe2a029574ab.json,1,models/FUNWAVE/raw/source_code/FUNWAVE-TVD/simple_cases/short_crest_radiation/input.txt,
models/FUNWAVE/raw/source_code/FUNWAVE-TVD/simple_cases/short_crest_radiation/momentum_xy1_st_360_av_240.jpg,3d2c202a924cd10891a3865bf1cfca9c128c6c6c7bd4c884aaecea2a124e5a18,227848,image/jpeg,.jpg,image-or-media,FUNWAVE-TVD,True,no explicit vendor marker found; retained in denominator,False,False,False,False,False,False,False,False,False,True,False,_staging/total-read/records/binauto-code_FUNWAVE.jsonl,1,models/FUNWAVE/raw/source_code/FUNWAVE-TVD/simple_cases/short_crest_radiation/momentum_xy1_st_360_av_240.jpg,
models/FUNWAVE/raw/source_code/FUNWAVE-TVD/simple_cases/short_crest_radiation/momentum_xy2_st_360_av_240.jpg,58426eb49e2c27e3705dce2e1a220b0dc953c1dcb32142c479c7a3c24e2fa040,219052,image/jpeg,.jpg,image-or-media,FUNWAVE-TVD,True,no explicit vendor marker found; retained in denominator,False,False,False,False,False,False,False,False,False,True,False,_staging/total-read/records/binauto-code_FUNWAVE.jsonl,1,models/FUNWAVE/raw/source_code/FUNWAVE-TVD/simple_cases/short_crest_radiation/momentum_xy2_st_360_av_240.jpg,
models/FUNWAVE/raw/source_code/FUNWAVE-TVD/simple_cases/short_crest_radiation/two_components.txt,b56d7e16e36c81c75ffd8b83ef5b6b6ee4fa0b9809626dc2b81ccc50640605ce,38,text/plain,.txt,documentation-or-build-text,FUNWAVE-TVD,True,no explicit vendor marker found; retained in denominator,False,True,False,False,False,False,True,False,False,False,True,_staging/total-read/pending/reread-20260728/reread20260728-doc-FUNWAVE-006-codex-20260811T012329Z-fea9a40e/c466c1f21a001aeee2287b231e64f83d128509bd465d28ac4c559f13231574ad.json,1,models/FUNWAVE/raw/source_code/FUNWAVE-TVD/simple_cases/short_crest_radiation/two_components.txt,
models/FUNWAVE/raw/source_code/FUNWAVE-TVD/simple_cases/short_crest_radiation/zhang_etal_2022_plot.m,b5953b16877a8c95b43ec627695cae417f68e8ae5521e75bfcc6dffd817bb61e,12692,text/plain,.m,script-source,FUNWAVE-TVD,True,no explicit vendor marker found; retained in denominator,True,True,True,True,True,True,False,False,False,False,True,_staging/total-read/pending/reread-20260728/reread20260728-code-FUNWAVE-002-codexaudit-20260826T022957Z-7b64342a/b132cee9f9aab10acedabbba6fbe2862ac4cb98e10add8c272d0f64311618317.json | _staging/total-read/pending/reread-20260728/reread20260728-code-FUNWAVE-002-fable5-20260813T012841Z-ff3d40e9/b132cee9f9aab10acedabbba6fbe2862ac4cb98e10add8c272d0f64311618317.json | _staging/total-read/records-crosswalk/reread-20260728/FUNWAVE-002/FUNWAVE__raw__source_code__FUNWAVE-TVD__simple_cases__short_crest_radiation__zhang_etal_2022_plot.m.crosswalk.json,1,models/FUNWAVE/raw/source_code/FUNWAVE-TVD/simple_cases/short_crest_radiation/zhang_etal_2022_plot.m,
models/FUNWAVE/raw/source_code/FUNWAVE-TVD/simple_cases/single_vessel_cohesive/Makefile,078e6ee7ce3908fc7a2ce367934b5a3827ba7ff4b77df8725fb7af0cf9a12ad6,4024,text/x-file,[none],documentation-or-build-text,FUNWAVE-TVD,True,no explicit vendor marker found; retained in denominator,False,True,False,False,False,False,True,False,False,False,True,_staging/total-read/pending/reread-20260728/reread20260728-doc-FUNWAVE-006-codex-20260811T012329Z-fea9a40e/97cbf060cb265ccbb2cfa85157c1e5a1333e68083accbcb2b927cd388f73e726.json,2,models/FUNWAVE/raw/source_code/FUNWAVE-TVD/simple_cases/single_vessel_cohesive/Makefile,models/FUNWAVE/raw/source_code/FUNWAVE-TVD/simple_cases/single_vessel_cohesive/Makefile | models/FUNWAVE/raw/source_code/FUNWAVE-TVD/simple_cases/single_vessel_morphology/Makefile
models/FUNWAVE/raw/source_code/FUNWAVE-TVD/simple_cases/single_vessel_cohesive/bathy_param.txt,27e4145fa934bf50f5a7a31385d8450f6dec9bb5a9be4bd83588a5390eaeee33,111,text/plain,.txt,documentation-or-build-text,FUNWAVE-TVD,True,no explicit vendor marker found; retained in denominator,False,True,False,False,False,False,True,False,False,False,True,_staging/total-read/pending/reread-20260728/reread20260728-doc-FUNWAVE-006-codex-20260811T012329Z-fea9a40e/cdf16624cc8357c074cfd5e2f1094bd8909dab70d6eef05648d3a404e277b20f.json,3,models/FUNWAVE/raw/source_code/FUNWAVE-TVD/simple_cases/multi_vessel_morphology/bathy_param.txt,models/FUNWAVE/raw/source_code/FUNWAVE-TVD/simple_cases/multi_vessel_morphology/bathy_param.txt | models/FUNWAVE/raw/source_code/FUNWAVE-TVD/simple_cases/single_vessel_cohesive/bathy_param.txt | models/FUNWAVE/raw/source_code/FUNWAVE-TVD/simple_cases/single_vessel_morphology/bathy_param.txt
models/FUNWAVE/raw/source_code/FUNWAVE-TVD/simple_cases/single_vessel_cohesive/input.txt,e4ec3e74e8610a6f7bd9386e54aff6e648a25e9d5b05d4eac4377ad1172c99e5,7875,text/plain,.txt,documentation-or-build-text,FUNWAVE-TVD,True,no explicit vendor marker found; retained in denominator,False,True,False,False,False,False,True,False,False,False,True,_staging/total-read/pending/reread-20260728/reread20260728-doc-FUNWAVE-006-codex-20260811T012329Z-fea9a40e/2419a8cbc206c97947e08f1458cf6eb097e57b53439b29f1bcce47bfc075faa7.json,1,models/FUNWAVE/raw/source_code/FUNWAVE-TVD/simple_cases/single_vessel_cohesive/input.txt,
models/FUNWAVE/raw/source_code/FUNWAVE-TVD/simple_cases/single_vessel_cohesive/mk_depth.F,8c7547c03ba58a60b5bc78ad80709de016e0226ea77200fbe598bd9e0df09d12,1131,text/plain,.f,solver-or-case-source,FUNWAVE-TVD,True,no explicit vendor marker found; retained in denominator,True,True,True,True,True,True,False,False,False,False,True,_staging/total-read/pending/reread-20260728/reread20260728-code-FUNWAVE-002-codexaudit-20260826T022957Z-7b64342a/a02cf452f4c1b5457386eef4cf779e2242006e883083bb536d838bac593020a3.json | _staging/total-read/pending/reread-20260728/reread20260728-code-FUNWAVE-002-fable5-20260813T012841Z-ff3d40e9/a02cf452f4c1b5457386eef4cf779e2242006e883083bb536d838bac593020a3.json | _staging/total-read/records-crosswalk/reread-20260728/FUNWAVE-002/FUNWAVE__raw__source_code__FUNWAVE-TVD__simple_cases__single_vessel_cohesive__mk_depth.F.crosswalk.json,4,models/FUNWAVE/raw/source_code/FUNWAVE-TVD/simple_cases/multi_vessel_morphology/mk_depth.F,models/FUNWAVE/raw/source_code/FUNWAVE-TVD/simple_cases/multi_vessel_morphology/mk_depth.F | models/FUNWAVE/raw/source_code/FUNWAVE-TVD/simple_cases/single_vessel_cohesive/mk_depth.F | models/FUNWAVE/raw/source_code/FUNWAVE-TVD/simple_cases/single_vessel_morphology/mk_depth.F | models/FUNWAVE/raw/source_code/FUNWAVE-TVD/simple_cases/single_vessel_short_channel/bathy/mk_depth.F
models/FUNWAVE/raw/source_code/FUNWAVE-TVD/simple_cases/single_vessel_cohesive/plot_morpho_avg_setup.m,329270e0f6dcc8a4cd98d13455f25a0d4208cd273133b0aa3a1249f283e5ceb4,1879,text/plain,.m,script-source,FUNWAVE-TVD,True,no explicit vendor marker found; retained in denominator,True,True,True,True,True,True,False,False,False,False,True,_staging/total-read/pending/reread-20260728/reread20260728-code-FUNWAVE-002-codexaudit-20260826T022957Z-7b64342a/7fb26cab3885fe79a175c513ef2395daa466290f51bfde978357934718079eda.json | _staging/total-read/pending/reread-20260728/reread20260728-code-FUNWAVE-002-fable5-20260813T012841Z-ff3d40e9/7fb26cab3885fe79a175c513ef2395daa466290f51bfde978357934718079eda.json | _staging/total-read/records-crosswalk/reread-20260728/FUNWAVE-002/FUNWAVE__raw__source_code__FUNWAVE-TVD__simple_cases__single_vessel_cohesive__plot_morpho_avg_setup.m.crosswalk.json,1,models/FUNWAVE/raw/source_code/FUNWAVE-TVD/simple_cases/single_vessel_cohesive/plot_morpho_avg_setup.m,
models/FUNWAVE/raw/source_code/FUNWAVE-TVD/simple_cases/single_vessel_cohesive/plot_wakes_sed.m,ccbf6a1edb164029c9501cff0aab037327360769d524fb67b3e4a7eedb02ad14,1225,text/plain,.m,script-source,FUNWAVE-TVD,True,no explicit vendor marker found; retained in denominator,True,True,True,True,True,True,False,False,False,False,True,_staging/total-read/pending/reread-20260728/reread20260728-code-FUNWAVE-002-codexaudit-20260826T022957Z-7b64342a/4f38f7b4590833d1f2e382da4b101d34431654ec66b36544b6c5636dc67287e9.json | _staging/total-read/pending/reread-20260728/reread20260728-code-FUNWAVE-002-fable5-20260813T012841Z-ff3d40e9/4f38f7b4590833d1f2e382da4b101d34431654ec66b36544b6c5636dc67287e9.json | _staging/total-read/records-crosswalk/reread-20260728/FUNWAVE-002/FUNWAVE__raw__source_code__FUNWAVE-TVD__simple_cases__single_vessel_cohesive__plot_wakes_sed.m.crosswalk.json,1,models/FUNWAVE/raw/source_code/FUNWAVE-TVD/simple_cases/single_vessel_cohesive/plot_wakes_sed.m,
models/FUNWAVE/raw/source_code/FUNWAVE-TVD/simple_cases/single_vessel_cohesive/section_mean_wave_morpho.jpg,f69f8e009e250e944ecb110d1864f8582d56ac246fa86c7fb16ed567c512460d,159885,image/jpeg,.jpg,image-or-media,FUNWAVE-TVD,True,no explicit vendor marker found; retained in denominator,False,False,False,False,False,False,False,False,False,True,False,_staging/total-read/records/binauto-code_FUNWAVE.jsonl,1,models/FUNWAVE/raw/source_code/FUNWAVE-TVD/simple_cases/single_vessel_cohesive/section_mean_wave_morpho.jpg,
models/FUNWAVE/raw/source_code/FUNWAVE-TVD/simple_cases/single_vessel_cohesive/tight_subplot.m,2b3563bc685a7be74715e543f262448ce30c8df1348ef8f9e46c768a832bc103,2083,text/plain,.m,script-source,FUNWAVE-TVD,True,no explicit vendor marker found; retained in denominator,True,True,True,True,True,True,False,False,False,False,True,_staging/total-read/pending/reread-20260728/reread20260728-code-FUNWAVE-002-codexaudit-20260826T022957Z-7b64342a/b6a41f4ba98106f42bf1cf970b1583b6728e496d9247a3cea2f7b70d0dfd147e.json | _staging/total-read/pending/reread-20260728/reread20260728-code-FUNWAVE-002-fable5-20260813T012841Z-ff3d40e9/b6a41f4ba98106f42bf1cf970b1583b6728e496d9247a3cea2f7b70d0dfd147e.json | _staging/total-read/records-crosswalk/reread-20260728/FUNWAVE-002/FUNWAVE__raw__source_code__FUNWAVE-TVD__simple_cases__single_vessel_cohesive__tight_subplot.m.crosswalk.json,3,models/FUNWAVE/raw/source_code/FUNWAVE-TVD/simple_cases/multi_vessel_morphology/tight_subplot.m,models/FUNWAVE/raw/source_code/FUNWAVE-TVD/simple_cases/multi_vessel_morphology/tight_subplot.m | models/FUNWAVE/raw/source_code/FUNWAVE-TVD/simple_cases/single_vessel_cohesive/tight_subplot.m | models/FUNWAVE/raw/source_code/FUNWAVE-TVD/simple_cases/single_vessel_short_channel/postprocessing/tight_subplot.m
models/FUNWAVE/raw/source_code/FUNWAVE-TVD/simple_cases/single_vessel_cohesive/vessel_00001,02573d4eb5a46169a6398328dfc75a0d93e4f5d6f9c3dae773317ac33e1577ed,397,text/plain,[none],other-text,FUNWAVE-TVD,True,no explicit vendor marker found; retained in denominator,False,True,False,False,False,False,True,False,False,False,True,_staging/total-read/pending/reread-20260728/reread20260728-doc-FUNWAVE-006-codex-20260811T012329Z-fea9a40e/c72070e0754385f10df2bf23eb2037b3b3c3fe7ad38f05ba693890f09a2fdb76.json,3,models/FUNWAVE/raw/source_code/FUNWAVE-TVD/simple_cases/multi_vessel_morphology/vessel/vessel_00001,models/FUNWAVE/raw/source_code/FUNWAVE-TVD/simple_cases/multi_vessel_morphology/vessel/vessel_00001 | models/FUNWAVE/raw/source_code/FUNWAVE-TVD/simple_cases/single_vessel_cohesive/vessel_00001 | models/FUNWAVE/raw/source_code/FUNWAVE-TVD/simple_cases/single_vessel_morphology/vessel_00001
models/FUNWAVE/raw/source_code/FUNWAVE-TVD/simple_cases/single_vessel_cohesive/wakes_cohesive_morpho.jpg,0c9597fd6ea0f496b8bbf41d7f18ff6fe8dff3001859974401509b510502605f,249226,image/jpeg,.jpg,image-or-media,FUNWAVE-TVD,True,no explicit vendor marker found; retained in denominator,False,False,False,False,False,False,False,False,False,True,False,_staging/total-read/records/binauto-code_FUNWAVE.jsonl,1,models/FUNWAVE/raw/source_code/FUNWAVE-TVD/simple_cases/single_vessel_cohesive/wakes_cohesive_morpho.jpg,
models/FUNWAVE/raw/source_code/FUNWAVE-TVD/simple_cases/single_vessel_cohesive/wakes_cohesive_sed.jpg,619b822d5dda85553128d7431ce08309eda0d1df7268cec73ee6114caf06b5d1,421821,image/jpeg,.jpg,image-or-media,FUNWAVE-TVD,True,no explicit vendor marker found; retained in denominator,False,False,False,False,False,False,False,False,False,True,False,_staging/total-read/records/binauto-code_FUNWAVE.jsonl,1,models/FUNWAVE/raw/source_code/FUNWAVE-TVD/simple_cases/single_vessel_cohesive/wakes_cohesive_sed.jpg,
models/FUNWAVE/raw/source_code/FUNWAVE-TVD/simple_cases/single_vessel_morphology/Makefile,078e6ee7ce3908fc7a2ce367934b5a3827ba7ff4b77df8725fb7af0cf9a12ad6,4024,text/x-file,[none],documentation-or-build-text,FUNWAVE-TVD,True,no explicit vendor marker found; retained in denominator,False,True,False,False,False,False,True,False,False,False,True,_staging/total-read/pending/reread-20260728/reread20260728-doc-FUNWAVE-006-codex-20260811T012329Z-fea9a40e/e961bb721f5ba0021428b13d64ea45686e2cd4c642972332404fc26024bff443.json,2,models/FUNWAVE/raw/source_code/FUNWAVE-TVD/simple_cases/single_vessel_cohesive/Makefile,models/FUNWAVE/raw/source_code/FUNWAVE-TVD/simple_cases/single_vessel_cohesive/Makefile | models/FUNWAVE/raw/source_code/FUNWAVE-TVD/simple_cases/single_vessel_morphology/Makefile
models/FUNWAVE/raw/source_code/FUNWAVE-TVD/simple_cases/single_vessel_morphology/bathy_param.txt,27e4145fa934bf50f5a7a31385d8450f6dec9bb5a9be4bd83588a5390eaeee33,111,text/plain,.txt,documentation-or-build-text,FUNWAVE-TVD,True,no explicit vendor marker found; retained in denominator,False,True,False,False,False,False,True,False,False,False,True,_staging/total-read/pending/reread-20260728/reread20260728-doc-FUNWAVE-006-codex-20260811T012329Z-fea9a40e/d089a79ce7e928263550310199d4c92e15750f502bc37574b4294bf62ee534a9.json,3,models/FUNWAVE/raw/source_code/FUNWAVE-TVD/simple_cases/multi_vessel_morphology/bathy_param.txt,models/FUNWAVE/raw/source_code/FUNWAVE-TVD/simple_cases/multi_vessel_morphology/bathy_param.txt | models/FUNWAVE/raw/source_code/FUNWAVE-TVD/simple_cases/single_vessel_cohesive/bathy_param.txt | models/FUNWAVE/raw/source_code/FUNWAVE-TVD/simple_cases/single_vessel_morphology/bathy_param.txt
models/FUNWAVE/raw/source_code/FUNWAVE-TVD/simple_cases/single_vessel_morphology/input.txt,1a6747019e3948c063a675fe63c7a624bb7a97aff8742a996344e669c9663c29,7791,text/plain,.txt,documentation-or-build-text,FUNWAVE-TVD,True,no explicit vendor marker found; retained in denominator,False,True,False,False,False,False,True,False,False,False,True,_staging/total-read/pending/reread-20260728/reread20260728-doc-FUNWAVE-006-codex-20260811T012329Z-fea9a40e/26f31087c9f390236053dcf1db94ff867641c44f86642631dc1fe57e11485c39.json,1,models/FUNWAVE/raw/source_code/FUNWAVE-TVD/simple_cases/single_vessel_morphology/input.txt,
models/FUNWAVE/raw/source_code/FUNWAVE-TVD/simple_cases/single_vessel_morphology/mk_depth.F,8c7547c03ba58a60b5bc78ad80709de016e0226ea77200fbe598bd9e0df09d12,1131,text/plain,.f,solver-or-case-source,FUNWAVE-TVD,True,no explicit vendor marker found; retained in denominator,True,True,True,True,True,True,False,False,False,False,True,_staging/total-read/pending/reread-20260728/reread20260728-code-FUNWAVE-002-codexaudit-20260826T022957Z-7b64342a/c761a5b7feeeb62565a19b408b9966cceb0997550971e558bb26d3c2c9bdf2f4.json | _staging/total-read/pending/reread-20260728/reread20260728-code-FUNWAVE-002-fable5-20260813T012841Z-ff3d40e9/c761a5b7feeeb62565a19b408b9966cceb0997550971e558bb26d3c2c9bdf2f4.json | _staging/total-read/records-crosswalk/reread-20260728/FUNWAVE-002/FUNWAVE__raw__source_code__FUNWAVE-TVD__simple_cases__single_vessel_morphology__mk_depth.F.crosswalk.json,4,models/FUNWAVE/raw/source_code/FUNWAVE-TVD/simple_cases/multi_vessel_morphology/mk_depth.F,models/FUNWAVE/raw/source_code/FUNWAVE-TVD/simple_cases/multi_vessel_morphology/mk_depth.F | models/FUNWAVE/raw/source_code/FUNWAVE-TVD/simple_cases/single_vessel_cohesive/mk_depth.F | models/FUNWAVE/raw/source_code/FUNWAVE-TVD/simple_cases/single_vessel_morphology/mk_depth.F | models/FUNWAVE/raw/source_code/FUNWAVE-TVD/simple_cases/single_vessel_short_channel/bathy/mk_depth.F
models/FUNWAVE/raw/source_code/FUNWAVE-TVD/simple_cases/single_vessel_morphology/plot_wave.m,538633d315a262e86c02c14709aefbf3d13a4f95ab81ece687ba56dddff24228,1471,text/plain,.m,script-source,FUNWAVE-TVD,True,no explicit vendor marker found; retained in denominator,True,True,True,True,True,True,False,False,False,False,True,_staging/total-read/pending/reread-20260728/reread20260728-code-FUNWAVE-002-codexaudit-20260826T022957Z-7b64342a/5389d89337413078a21df8e7c8ccebcf6a3cec23e2eea5910d31a79e60a7ec5f.json | _staging/total-read/pending/reread-20260728/reread20260728-code-FUNWAVE-002-fable5-20260813T012841Z-ff3d40e9/5389d89337413078a21df8e7c8ccebcf6a3cec23e2eea5910d31a79e60a7ec5f.json | _staging/total-read/records-crosswalk/reread-20260728/FUNWAVE-002/FUNWAVE__raw__source_code__FUNWAVE-TVD__simple_cases__single_vessel_morphology__plot_wave.m.crosswalk.json,2,models/FUNWAVE/raw/source_code/FUNWAVE-TVD/simple_cases/multi_vessel_morphology/plot_wave.m,models/FUNWAVE/raw/source_code/FUNWAVE-TVD/simple_cases/multi_vessel_morphology/plot_wave.m | models/FUNWAVE/raw/source_code/FUNWAVE-TVD/simple_cases/single_vessel_morphology/plot_wave.m
models/FUNWAVE/raw/source_code/FUNWAVE-TVD/simple_cases/single_vessel_morphology/single_morpho.pdf,4cdb0ceae28d5a2cfca366d6500918f2cfce9170fde660718dd6124d535e6c15,108527,application/pdf,.pdf,manual-or-paper-pdf,FUNWAVE-TVD,True,no explicit vendor marker found; retained in denominator,False,False,False,False,False,False,False,False,False,True,False,_staging/total-read/records/binauto-code_FUNWAVE.jsonl,1,models/FUNWAVE/raw/source_code/FUNWAVE-TVD/simple_cases/single_vessel_morphology/single_morpho.pdf,
models/FUNWAVE/raw/source_code/FUNWAVE-TVD/simple_cases/single_vessel_morphology/single_wave_conc.pdf,9f3e0faac759bef9d56788e4205f1cb840b677acffd48a44385cce079c9973a8,170652,application/pdf,.pdf,manual-or-paper-pdf,FUNWAVE-TVD,True,no explicit vendor marker found; retained in denominator,False,False,False,False,False,False,False,False,False,True,False,_staging/total-read/records/binauto-code_FUNWAVE.jsonl,1,models/FUNWAVE/raw/source_code/FUNWAVE-TVD/simple_cases/single_vessel_morphology/single_wave_conc.pdf,
models/FUNWAVE/raw/source_code/FUNWAVE-TVD/simple_cases/single_vessel_morphology/vessel_00001,02573d4eb5a46169a6398328dfc75a0d93e4f5d6f9c3dae773317ac33e1577ed,397,text/plain,[none],other-text,FUNWAVE-TVD,True,no explicit vendor marker found; retained in denominator,False,True,False,False,False,False,True,False,False,False,True,_staging/total-read/pending/reread-20260728/reread20260728-doc-FUNWAVE-006-codex-20260811T012329Z-fea9a40e/623331fa7633a3408a830f8453f5cc05330cb378be22ace9fe76b19f31d419f5.json,3,models/FUNWAVE/raw/source_code/FUNWAVE-TVD/simple_cases/multi_vessel_morphology/vessel/vessel_00001,models/FUNWAVE/raw/source_code/FUNWAVE-TVD/simple_cases/multi_vessel_morphology/vessel/vessel_00001 | models/FUNWAVE/raw/source_code/FUNWAVE-TVD/simple_cases/single_vessel_cohesive/vessel_00001 | models/FUNWAVE/raw/source_code/FUNWAVE-TVD/simple_cases/single_vessel_morphology/vessel_00001
models/FUNWAVE/raw/source_code/FUNWAVE-TVD/simple_cases/single_vessel_short_channel/bathy/bathy_param.txt,1501afd747a027ddee4b1ae1c874963d5562312aca6e51dd162f84c6b3de9f1e,110,text/plain,.txt,documentation-or-build-text,FUNWAVE-TVD,True,no explicit vendor marker found; retained in denominator,False,True,False,False,False,False,True,False,False,False,True,_staging/total-read/pending/reread-20260728/reread20260728-doc-FUNWAVE-006-codex-20260811T012329Z-fea9a40e/61012e9620b506c0e6bcd92877ed6769a9cd149c659e7c2b1e2250863e6cf446.json,1,models/FUNWAVE/raw/source_code/FUNWAVE-TVD/simple_cases/single_vessel_short_channel/bathy/bathy_param.txt,
models/FUNWAVE/raw/source_code/FUNWAVE-TVD/simple_cases/single_vessel_short_channel/bathy/depth.txt,e462d1ff1f0b970c1e88a48a5dbe36f8b51bee0f1f481dbb6c8ccf6d0d573697,864120,text/plain,.txt,documentation-or-build-text,FUNWAVE-TVD,True,no explicit vendor marker found; retained in denominator,False,True,False,False,False,False,False,False,False,True,False,_staging/total-read/records/numgrid-FUNWAVE-20260728.jsonl,1,models/FUNWAVE/raw/source_code/FUNWAVE-TVD/simple_cases/single_vessel_short_channel/bathy/depth.txt,
models/FUNWAVE/raw/source_code/FUNWAVE-TVD/simple_cases/single_vessel_short_channel/bathy/mk_depth.F,8c7547c03ba58a60b5bc78ad80709de016e0226ea77200fbe598bd9e0df09d12,1131,text/plain,.f,solver-or-case-source,FUNWAVE-TVD,True,no explicit vendor marker found; retained in denominator,True,True,True,True,True,True,False,False,False,False,True,_staging/total-read/pending/reread-20260728/reread20260728-code-FUNWAVE-002-codexaudit-20260826T022957Z-7b64342a/17b7e1b72ae97bba5d8e74ecbb212d38571fb964ce2d28bb9a1f985ea11df3c6.json | _staging/total-read/pending/reread-20260728/reread20260728-code-FUNWAVE-002-fable5-20260813T012841Z-ff3d40e9/17b7e1b72ae97bba5d8e74ecbb212d38571fb964ce2d28bb9a1f985ea11df3c6.json | _staging/total-read/records-crosswalk/reread-20260728/FUNWAVE-002/FUNWAVE__raw__source_code__FUNWAVE-TVD__simple_cases__single_vessel_short_channel__bathy__mk_depth.F.crosswalk.json,4,models/FUNWAVE/raw/source_code/FUNWAVE-TVD/simple_cases/multi_vessel_morphology/mk_depth.F,models/FUNWAVE/raw/source_code/FUNWAVE-TVD/simple_cases/multi_vessel_morphology/mk_depth.F | models/FUNWAVE/raw/source_code/FUNWAVE-TVD/simple_cases/single_vessel_cohesive/mk_depth.F | models/FUNWAVE/raw/source_code/FUNWAVE-TVD/simple_cases/single_vessel_morphology/mk_depth.F | models/FUNWAVE/raw/source_code/FUNWAVE-TVD/simple_cases/single_vessel_short_channel/bathy/mk_depth.F
models/FUNWAVE/raw/source_code/FUNWAVE-TVD/simple_cases/single_vessel_short_channel/postprocessing/plot_vessel_morpho.ipynb,94ccd8e88c127991f82f3db7e5a77a404766d83a69faac0ed2968198e7964268,6361,application/json,.ipynb,other-binary-or-data,FUNWAVE-TVD,True,no explicit vendor marker found; retained in denominator,False,True,False,False,False,False,True,False,False,False,True,_staging/total-read/pending/reread-20260728/reread20260728-doc-FUNWAVE-006-codex-20260811T012329Z-fea9a40e/be5385f7d76bdabcce13d68a47a87bf405d7e4ed11ed170f12ab17b5e4ead007.json,1,models/FUNWAVE/raw/source_code/FUNWAVE-TVD/simple_cases/single_vessel_short_channel/postprocessing/plot_vessel_morpho.ipynb,
models/FUNWAVE/raw/source_code/FUNWAVE-TVD/simple_cases/single_vessel_short_channel/postprocessing/plot_vessel_morpho.m,fab361596ac2c4fdfbcc609443005c97d85d1bf2ed3310185f9f104a40fb7007,1936,text/plain,.m,script-source,FUNWAVE-TVD,True,no explicit vendor marker found; retained in denominator,True,True,True,True,True,True,False,False,False,False,True,_staging/total-read/pending/reread-20260728/reread20260728-code-FUNWAVE-002-codexaudit-20260826T022957Z-7b64342a/96f414fb7984394841688a2b95e1cf6ec92db9c1ffd4e52545a489eb6f018bdb.json | _staging/total-read/pending/reread-20260728/reread20260728-code-FUNWAVE-002-fable5-20260813T012841Z-ff3d40e9/96f414fb7984394841688a2b95e1cf6ec92db9c1ffd4e52545a489eb6f018bdb.json | _staging/total-read/records-crosswalk/reread-20260728/FUNWAVE-002/FUNWAVE__raw__source_code__FUNWAVE-TVD__simple_cases__single_vessel_short_channel__postprocessing__plot_vessel_morpho.m.crosswalk.json,1,models/FUNWAVE/raw/source_code/FUNWAVE-TVD/simple_cases/single_vessel_short_channel/postprocessing/plot_vessel_morpho.m,
models/FUNWAVE/raw/source_code/FUNWAVE-TVD/simple_cases/single_vessel_short_channel/postprocessing/plot_vessel_morpho.py,456e07552bf75e45c0f374df4ed987c1fbeb8357061ce654200da08fd73d0b7b,3663,text/x-script.python,.py,script-source,FUNWAVE-TVD,True,no explicit vendor marker found; retained in denominator,True,True,True,True,True,True,False,False,False,False,True,_staging/total-read/pending/reread-20260728/reread20260728-code-FUNWAVE-002-codexaudit-20260826T022957Z-7b64342a/d54e46bb52b2331767d9d9ac3bfc33d8b9b1b284216ac7d4b3f21fe4dfeb624c.json | _staging/total-read/pending/reread-20260728/reread20260728-code-FUNWAVE-002-fable5-20260813T012841Z-ff3d40e9/d54e46bb52b2331767d9d9ac3bfc33d8b9b1b284216ac7d4b3f21fe4dfeb624c.json | _staging/total-read/records-crosswalk/reread-20260728/FUNWAVE-002/FUNWAVE__raw__source_code__FUNWAVE-TVD__simple_cases__single_vessel_short_channel__postprocessing__plot_vessel_morpho.py.crosswalk.json,1,models/FUNWAVE/raw/source_code/FUNWAVE-TVD/simple_cases/single_vessel_short_channel/postprocessing/plot_vessel_morpho.py,
models/FUNWAVE/raw/source_code/FUNWAVE-TVD/simple_cases/single_vessel_short_channel/postprocessing/tight_subplot.m,2b3563bc685a7be74715e543f262448ce30c8df1348ef8f9e46c768a832bc103,2083,text/plain,.m,script-source,FUNWAVE-TVD,True,no explicit vendor marker found; retained in denominator,True,True,True,True,True,True,False,False,False,False,True,_staging/total-read/pending/reread-20260728/reread20260728-code-FUNWAVE-002-codexaudit-20260826T022957Z-7b64342a/cd96ffdf41890e5374f873bccd0cc8f68537ffc45f5670ab3c913097354aaed9.json | _staging/total-read/pending/reread-20260728/reread20260728-code-FUNWAVE-002-fable5-20260813T012841Z-ff3d40e9/cd96ffdf41890e5374f873bccd0cc8f68537ffc45f5670ab3c913097354aaed9.json | _staging/total-read/records-crosswalk/reread-20260728/FUNWAVE-002/FUNWAVE__raw__source_code__FUNWAVE-TVD__simple_cases__single_vessel_short_channel__postprocessing__tight_subplot.m.crosswalk.json,3,models/FUNWAVE/raw/source_code/FUNWAVE-TVD/simple_cases/multi_vessel_morphology/tight_subplot.m,models/FUNWAVE/raw/source_code/FUNWAVE-TVD/simple_cases/multi_vessel_morphology/tight_subplot.m | models/FUNWAVE/raw/source_code/FUNWAVE-TVD/simple_cases/single_vessel_cohesive/tight_subplot.m | models/FUNWAVE/raw/source_code/FUNWAVE-TVD/simple_cases/single_vessel_short_channel/postprocessing/tight_subplot.m
models/FUNWAVE/raw/source_code/FUNWAVE-TVD/simple_cases/single_vessel_short_channel/postprocessing/vessel_bedchg_20.jpg,64de8ed766637db4f1ab5dc94d54e2c89cada266ad1b3f216b02eda2b89fd7a2,104084,image/jpeg,.jpg,image-or-media,FUNWAVE-TVD,True,no explicit vendor marker found; retained in denominator,False,False,False,False,False,False,False,False,False,True,False,_staging/total-read/records/binauto-code_FUNWAVE.jsonl,1,models/FUNWAVE/raw/source_code/FUNWAVE-TVD/simple_cases/single_vessel_short_channel/postprocessing/vessel_bedchg_20.jpg,
models/FUNWAVE/raw/source_code/FUNWAVE-TVD/simple_cases/single_vessel_short_channel/postprocessing/vessel_eta_c_dz_20.jpg,afdb16d7ae71135cb6f649949d119005d44263f54d59b375ae6cac21f5948eb8,131641,image/jpeg,.jpg,image-or-media,FUNWAVE-TVD,True,no explicit vendor marker found; retained in denominator,False,False,False,False,False,False,False,False,False,True,False,_staging/total-read/records/binauto-code_FUNWAVE.jsonl,1,models/FUNWAVE/raw/source_code/FUNWAVE-TVD/simple_cases/single_vessel_short_channel/postprocessing/vessel_eta_c_dz_20.jpg,
models/FUNWAVE/raw/source_code/FUNWAVE-TVD/simple_cases/single_vessel_short_channel/work/Makefile,1c7a693918085e50fcdfa68dcddb7ff15e720dd31fb86eb878a6fca510e27ce7,4028,text/x-file,[none],documentation-or-build-text,FUNWAVE-TVD,True,no explicit vendor marker found; retained in denominator,False,True,False,False,False,False,True,False,False,False,True,_staging/total-read/pending/reread-20260728/reread20260728-doc-FUNWAVE-006-codex-20260811T012329Z-fea9a40e/3a5f831200b44da5b6ccc19cf3dbc000fbc078cf9c955b5eba78319e783ed091.json,1,models/FUNWAVE/raw/source_code/FUNWAVE-TVD/simple_cases/single_vessel_short_channel/work/Makefile,
models/FUNWAVE/raw/source_code/FUNWAVE-TVD/simple_cases/single_vessel_short_channel/work/input.txt,f62814893e015936c22cf4e33b242f013f97846076bb9e05d2611a6b031b96d8,3340,text/plain,.txt,documentation-or-build-text,FUNWAVE-TVD,True,no explicit vendor marker found; retained in denominator,False,True,False,False,False,False,True,False,False,False,True,_staging/total-read/pending/reread-20260728/reread20260728-doc-FUNWAVE-006-codex-20260811T012329Z-fea9a40e/5617b856385f89f4be22a61b14b175f108288ff04171f09dfd15d48d93401389.json,1,models/FUNWAVE/raw/source_code/FUNWAVE-TVD/simple_cases/single_vessel_short_channel/work/input.txt,
models/FUNWAVE/raw/source_code/FUNWAVE-TVD/simple_cases/single_vessel_short_channel/work/vessel_00001,b30278c5f2982949f154d6bef9832e9dcfa7a42941fc0c8535d462419ebfc9e5,397,text/plain,[none],other-text,FUNWAVE-TVD,True,no explicit vendor marker found; retained in denominator,False,True,False,False,False,False,True,False,False,False,True,_staging/total-read/pending/reread-20260728/reread20260728-doc-FUNWAVE-007-codex-20260811T012316Z-41512fd5/17d4a4a6134dc99831e2a481aa845af3646a0c69f452f247f43d8096307c4d2e.json,1,models/FUNWAVE/raw/source_code/FUNWAVE-TVD/simple_cases/single_vessel_short_channel/work/vessel_00001,
models/FUNWAVE/raw/source_code/FUNWAVE-TVD/simple_cases/subgrid_blocks_beach/.DS_Store,86704fe137b8b6032901d04b8e888064ec20be47c02ade0f530893cac4b015db,6148,application/octet-stream,[none],other-binary-or-data,FUNWAVE-TVD,True,no explicit vendor marker found; retained in denominator,False,False,False,False,False,False,False,False,False,True,False,_staging/total-read/records/binauto-code_FUNWAVE.jsonl,1,models/FUNWAVE/raw/source_code/FUNWAVE-TVD/simple_cases/subgrid_blocks_beach/.DS_Store,
models/FUNWAVE/raw/source_code/FUNWAVE-TVD/simple_cases/subgrid_blocks_beach/LOG.txt,2d472e7be050c3f8266b3edc6782e3a52608f75c84d8a631c7c0540f20a3d305,43484,text/plain,.txt,documentation-or-build-text,FUNWAVE-TVD,True,no explicit vendor marker found; retained in denominator,False,True,False,False,False,False,True,False,False,False,True,_staging/total-read/pending/reread-20260728/reread20260728-doc-FUNWAVE-007-codex-20260811T012316Z-41512fd5/c5668233b898a4174740d7ba689b89264b5a23d077910ac79b927625acad8cce.json,1,models/FUNWAVE/raw/source_code/FUNWAVE-TVD/simple_cases/subgrid_blocks_beach/LOG.txt,
models/FUNWAVE/raw/source_code/FUNWAVE-TVD/simple_cases/subgrid_blocks_beach/Makefile,80952e536d4118ae1ecb60139d406dc36248d226f22114eb788bd66af9b22ae1,4048,text/x-file,[none],documentation-or-build-text,FUNWAVE-TVD,True,no explicit vendor marker found; retained in denominator,False,True,False,False,False,False,True,False,False,False,True,_staging/total-read/pending/reread-20260728/reread20260728-doc-FUNWAVE-007-codex-20260811T012316Z-41512fd5/4fb26a7438b48c85c13cec9a73103e09dae63f3d56a7428ae74d625c40890716.json,1,models/FUNWAVE/raw/source_code/FUNWAVE-TVD/simple_cases/subgrid_blocks_beach/Makefile,
models/FUNWAVE/raw/source_code/FUNWAVE-TVD/simple_cases/subgrid_blocks_beach/input.txt,e65e7579cb818479dc44951ae9b9500d1aa6ee9ad8a84da7f4e8bac4a8a9198f,4975,text/plain,.txt,documentation-or-build-text,FUNWAVE-TVD,True,no explicit vendor marker found; retained in denominator,False,True,False,False,False,False,True,False,False,False,True,_staging/total-read/pending/reread-20260728/reread20260728-doc-FUNWAVE-007-codex-20260811T012316Z-41512fd5/6e33266cb139110ffe1edd1f068388ecd6bb96752824f00f7cbdc85bd5a2b3bb.json,1,models/FUNWAVE/raw/source_code/FUNWAVE-TVD/simple_cases/subgrid_blocks_beach/input.txt,
models/FUNWAVE/raw/source_code/FUNWAVE-TVD/simple_cases/subgrid_blocks_beach/mk_depth.m,f0dafffe80180293508a335112fe797fa6eea9ecba1f7b2ef869f78dcba63782,2136,text/plain,.m,script-source,FUNWAVE-TVD,True,no explicit vendor marker found; retained in denominator,True,True,True,True,True,True,False,False,False,False,True,_staging/total-read/pending/reread-20260728/reread20260728-code-FUNWAVE-002-codexaudit-20260826T022957Z-7b64342a/cc135af0371fc9f108a60de0ee3482d1c1afa0fbc3ea45d822bdf4a285d32f25.json | _staging/total-read/pending/reread-20260728/reread20260728-code-FUNWAVE-002-fable5-20260813T012841Z-ff3d40e9/cc135af0371fc9f108a60de0ee3482d1c1afa0fbc3ea45d822bdf4a285d32f25.json | _staging/total-read/records-crosswalk/reread-20260728/FUNWAVE-002/FUNWAVE__raw__source_code__FUNWAVE-TVD__simple_cases__subgrid_blocks_beach__mk_depth.m.crosswalk.json,1,models/FUNWAVE/raw/source_code/FUNWAVE-TVD/simple_cases/subgrid_blocks_beach/mk_depth.m,
models/FUNWAVE/raw/source_code/FUNWAVE-TVD/simple_cases/subgrid_blocks_beach/plots/full_grid_2d.jpg,6a7800f7cdd3fbe2fd639fd41781d12e800f3509c2532e2d60139d5d7377c0ff,59491,image/jpeg,.jpg,image-or-media,FUNWAVE-TVD,True,no explicit vendor marker found; retained in denominator,False,False,False,False,False,False,False,False,False,True,False,_staging/total-read/records/binauto-code_FUNWAVE.jsonl,1,models/FUNWAVE/raw/source_code/FUNWAVE-TVD/simple_cases/subgrid_blocks_beach/plots/full_grid_2d.jpg,
models/FUNWAVE/raw/source_code/FUNWAVE-TVD/simple_cases/subgrid_blocks_beach/plots/sub_grid_2d.jpg,dea5e0283638c042f1c21f2bb60c96cedc7e83d57d0cf2ad3866d607d1667cfe,161245,image/jpeg,.jpg,image-or-media,FUNWAVE-TVD,True,no explicit vendor marker found; retained in denominator,False,False,False,False,False,False,False,False,False,True,False,_staging/total-read/records/binauto-code_FUNWAVE.jsonl,1,models/FUNWAVE/raw/source_code/FUNWAVE-TVD/simple_cases/subgrid_blocks_beach/plots/sub_grid_2d.jpg,
models/FUNWAVE/raw/source_code/FUNWAVE-TVD/simple_cases/subgrid_blocks_beach/time_dt.out,9dac7caf38532bab9de3dc697c4e4daa3ea222bef6054f146fd67d3be991b879,2625,text/plain,.out,case-data-or-output,FUNWAVE-TVD,True,no explicit vendor marker found; retained in denominator,False,True,False,False,False,False,True,False,False,False,True,_staging/total-read/pending/reread-20260728/reread20260728-doc-FUNWAVE-007-codex-20260811T012316Z-41512fd5/77c215b3af65aa3fe9394b7f9eef1d0dfe34c5d5c91426cdf0425d84d622ed73.json,1,models/FUNWAVE/raw/source_code/FUNWAVE-TVD/simple_cases/subgrid_blocks_beach/time_dt.out,
models/FUNWAVE/raw/source_code/FUNWAVE-TVD/simple_cases/surface_wave_1d/input_files/.DS_Store,d65165279105ca6773180500688df4bdc69a2c7b771752f0a46ef120b7fd8ec3,6148,application/octet-stream,[none],other-binary-or-data,FUNWAVE-TVD,True,no explicit vendor marker found; retained in denominator,False,False,False,False,False,False,False,False,False,True,False,_staging/total-read/records/binauto-code_FUNWAVE.jsonl,14,models/FUNWAVE/raw/source_code/FUNWAVE-TVD/funwave-work/.DS_Store,models/FUNWAVE/raw/source_code/FUNWAVE-TVD/funwave-work/.DS_Store | models/FUNWAVE/raw/source_code/FUNWAVE-TVD/simple_cases/beach_2d_radiation/.DS_Store | models/FUNWAVE/raw/source_code/FUNWAVE-TVD/simple_cases/rain_on_hills/postprocessing/.DS_Store | models/FUNWAVE/raw/source_code/FUNWAVE-TVD/simple_cases/surface_wave_1d/input_files/.DS_Store | models/FUNWAVE/raw/source_code/FUNWAVE-TVD/simple_cases/tide_abs_1bc_constant/work/.DS_Store | models/FUNWAVE/raw/source_code/FUNWAVE-TVD/simple_cases/tide_abs_2bc_data/.DS_Store | models/FUNWAVE/raw/source_code/FUNWAVE-TVD/simple_cases/tide_frf_abc_data/plots/.DS_Store | models/FUNWAVE/raw/source_code/FUNWAVE-TVD/simple_cases/tide_gen_abs_data/.DS_Store | models/FUNWAVE/raw/source_code/FUNWAVE-TVD/simple_cases/tide_time_spectra/.DS_Store | models/FUNWAVE/raw/source_code/FUNWAVE-TVD/simple_cases/tohoku_tsunami/work/.DS_Store | models/FUNWAVE/raw/source_code/FUNWAVE-TVD/simple_cases/vertical_velocity_structure/plots/.DS_Store | models/FUNWAVE/raw/source_code/FUNWAVE-TVD/simple_cases/vessel_propeller_effect/vessel/.DS_Store | models/FUNWAVE/raw/source_code/FUNWAVE-TVD/simple_cases/vessel_propeller_effect/vessel_propeller/.DS_Store | models/FUNWAVE/raw/source_code/FUNWAVE-TVD/src/.DS_Store
models/FUNWAVE/raw/source_code/FUNWAVE-TVD/simple_cases/surface_wave_1d/input_files/Grid_Range.out,53cb88363dceeda858d73fc526d1307fc8dfef29dee93e433487e5928e22efef,178,text/plain,.out,case-data-or-output,FUNWAVE-TVD,True,no explicit vendor marker found; retained in denominator,False,True,False,False,False,False,True,False,False,False,True,_staging/total-read/pending/reread-20260728/reread20260728-doc-FUNWAVE-007-codex-20260811T012316Z-41512fd5/1c27608c225d9da3f8e780448357bde74888f57fb735f4a22d3f3b18ba38b9ef.json,1,models/FUNWAVE/raw/source_code/FUNWAVE-TVD/simple_cases/surface_wave_1d/input_files/Grid_Range.out,
models/FUNWAVE/raw/source_code/FUNWAVE-TVD/simple_cases/surface_wave_1d/input_files/LOG.txt,4e0f555fe0a343904129d6cf219159d57e3bf299a405fa630697cd46ad05e91c,15853,text/plain,.txt,documentation-or-build-text,FUNWAVE-TVD,True,no explicit vendor marker found; retained in denominator,False,True,False,False,False,False,True,False,False,False,True,_staging/total-read/pending/reread-20260728/reread20260728-doc-FUNWAVE-007-codex-20260811T012316Z-41512fd5/a6ec6c8d849ca17941f8ed3206a70ddad434907202592e7e1472fd98830bc758.json,1,models/FUNWAVE/raw/source_code/FUNWAVE-TVD/simple_cases/surface_wave_1d/input_files/LOG.txt,
models/FUNWAVE/raw/source_code/FUNWAVE-TVD/simple_cases/surface_wave_1d/input_files/Makefile,0a6d33c4075bdb6841af71cab57f233364533ad3a32a7818f29596a343dfa3cb,4029,text/x-file,[none],documentation-or-build-text,FUNWAVE-TVD,True,no explicit vendor marker found; retained in denominator,False,True,False,False,False,False,True,False,False,False,True,_staging/total-read/pending/reread-20260728/reread20260728-doc-FUNWAVE-007-codex-20260811T012316Z-41512fd5/888253a831644d626ab59416e43b04882a97ccb82b73b738340218a07eb6d446.json,5,models/FUNWAVE/raw/source_code/FUNWAVE-TVD/simple_cases/beach_2d/input_files/Makefile,models/FUNWAVE/raw/source_code/FUNWAVE-TVD/simple_cases/beach_2d/input_files/Makefile | models/FUNWAVE/raw/source_code/FUNWAVE-TVD/simple_cases/inlet_shoal/input_files/Makefile | models/FUNWAVE/raw/source_code/FUNWAVE-TVD/simple_cases/levee_1d/input_files/Makefile | models/FUNWAVE/raw/source_code/FUNWAVE-TVD/simple_cases/rip_2d/work/Makefile | models/FUNWAVE/raw/source_code/FUNWAVE-TVD/simple_cases/surface_wave_1d/input_files/Makefile
models/FUNWAVE/raw/source_code/FUNWAVE-TVD/simple_cases/surface_wave_1d/input_files/input.txt,df9e2cf44df52cd189b8c3c698cbd3d64896e0741ddf0a7b5567e546471deea7,4449,text/plain,.txt,documentation-or-build-text,FUNWAVE-TVD,True,no explicit vendor marker found; retained in denominator,False,True,False,False,False,False,True,False,False,False,True,_staging/total-read/pending/reread-20260728/reread20260728-doc-FUNWAVE-007-codex-20260811T012316Z-41512fd5/d5b0dfc72e0ff2f30f5c96d6532f623ebf3d165258ff78def7c85f20c86e6d1a.json,2,models/FUNWAVE/raw/source_code/FUNWAVE-TVD/simple_cases/surface_wave_1d/input_files/input.txt,models/FUNWAVE/raw/source_code/FUNWAVE-TVD/simple_cases/surface_wave_1d/input_files/input.txt | models/FUNWAVE/raw/source_code/FUNWAVE-TVD/simple_cases/surface_wave_1d/input_files/input_irr.txt
models/FUNWAVE/raw/source_code/FUNWAVE-TVD/simple_cases/surface_wave_1d/input_files/input_irr.txt,df9e2cf44df52cd189b8c3c698cbd3d64896e0741ddf0a7b5567e546471deea7,4449,text/plain,.txt,documentation-or-build-text,FUNWAVE-TVD,True,no explicit vendor marker found; retained in denominator,False,True,False,False,False,False,True,False,False,False,True,_staging/total-read/pending/reread-20260728/reread20260728-doc-FUNWAVE-007-codex-20260811T012316Z-41512fd5/dec3f56f589443bb8756c0de26121b2c5813ea2a04f282e822880e59387f1beb.json,2,models/FUNWAVE/raw/source_code/FUNWAVE-TVD/simple_cases/surface_wave_1d/input_files/input.txt,models/FUNWAVE/raw/source_code/FUNWAVE-TVD/simple_cases/surface_wave_1d/input_files/input.txt | models/FUNWAVE/raw/source_code/FUNWAVE-TVD/simple_cases/surface_wave_1d/input_files/input_irr.txt
models/FUNWAVE/raw/source_code/FUNWAVE-TVD/simple_cases/surface_wave_1d/input_files/input_reg.txt,f853336c833f1ebe531a6645ebbc0ff220982115a94d76091863b7b307223b3d,4487,text/plain,.txt,documentation-or-build-text,FUNWAVE-TVD,True,no explicit vendor marker found; retained in denominator,False,True,False,False,False,False,True,False,False,False,True,_staging/total-read/pending/reread-20260728/reread20260728-doc-FUNWAVE-007-codex-20260811T012316Z-41512fd5/bd88d8230c1e144ad32e17f5fd412ce8fc1ea466db2ab5d91d5c36c94de4a8f9.json,1,models/FUNWAVE/raw/source_code/FUNWAVE-TVD/simple_cases/surface_wave_1d/input_files/input_reg.txt,
models/FUNWAVE/raw/source_code/FUNWAVE-TVD/simple_cases/surface_wave_1d/input_files/input_solitary.txt,6f6f65dc651eb227b8103d48b64962a2365a9f72539cad8f76ccd7c53a399c1b,4409,text/plain,.txt,documentation-or-build-text,FUNWAVE-TVD,True,no explicit vendor marker found; retained in denominator,False,True,False,False,False,False,True,False,False,False,True,_staging/total-read/pending/reread-20260728/reread20260728-doc-FUNWAVE-007-codex-20260811T012316Z-41512fd5/e8365cf30d66cad96444095d3c2cd15238e0f881bec030370ac49bfa31aed892.json,1,models/FUNWAVE/raw/source_code/FUNWAVE-TVD/simple_cases/surface_wave_1d/input_files/input_solitary.txt,
models/FUNWAVE/raw/source_code/FUNWAVE-TVD/simple_cases/surface_wave_1d/input_files/time_dt.out,c644960d00b31df5e900e83888e886ce4268c9640c94fe282f4137f3a9c51498,700,text/plain,.out,case-data-or-output,FUNWAVE-TVD,True,no explicit vendor marker found; retained in denominator,False,True,False,False,False,False,True,False,False,False,True,_staging/total-read/pending/reread-20260728/reread20260728-doc-FUNWAVE-007-codex-20260811T012316Z-41512fd5/fafac6a268100b43e4bdccddbbc730b26c265fad64fbb4cb4ee0b8c3faa36357.json,1,models/FUNWAVE/raw/source_code/FUNWAVE-TVD/simple_cases/surface_wave_1d/input_files/time_dt.out,
models/FUNWAVE/raw/source_code/FUNWAVE-TVD/simple_cases/surface_wave_1d/postprocessing/eta_1d_irr.jpg,dc4a6f90e2c389795ebe0a9c32e29a97de5bbc042f2025fca18cbf97aa13ee31,94215,image/jpeg,.jpg,image-or-media,FUNWAVE-TVD,True,no explicit vendor marker found; retained in denominator,False,False,False,False,False,False,False,False,False,True,False,_staging/total-read/records/binauto-code_FUNWAVE.jsonl,1,models/FUNWAVE/raw/source_code/FUNWAVE-TVD/simple_cases/surface_wave_1d/postprocessing/eta_1d_irr.jpg,
models/FUNWAVE/raw/source_code/FUNWAVE-TVD/simple_cases/surface_wave_1d/postprocessing/eta_1d_reg.jpg,2fa96a1a7c8a624d5b159d3cb3d4e3ec90605b25e6c02d54c84959368e304c85,110388,image/jpeg,.jpg,image-or-media,FUNWAVE-TVD,True,no explicit vendor marker found; retained in denominator,False,False,False,False,False,False,False,False,False,True,False,_staging/total-read/records/binauto-code_FUNWAVE.jsonl,1,models/FUNWAVE/raw/source_code/FUNWAVE-TVD/simple_cases/surface_wave_1d/postprocessing/eta_1d_reg.jpg,
models/FUNWAVE/raw/source_code/FUNWAVE-TVD/simple_cases/surface_wave_1d/postprocessing/eta_1d_solitary.jpg,b6be9a5bc6c665990c5e037302847046342e997e3f793e9d0a47da342fb56198,105672,image/jpeg,.jpg,image-or-media,FUNWAVE-TVD,True,no explicit vendor marker found; retained in denominator,False,False,False,False,False,False,False,False,False,True,False,_staging/total-read/records/binauto-code_FUNWAVE.jsonl,1,models/FUNWAVE/raw/source_code/FUNWAVE-TVD/simple_cases/surface_wave_1d/postprocessing/eta_1d_solitary.jpg,
models/FUNWAVE/raw/source_code/FUNWAVE-TVD/simple_cases/surface_wave_1d/postprocessing/eta_1d_solitary.png,430c18ec1abb0b73b234d6ef4683203aefe960b137d2bd8a2bdb0c5a2d0ce4f5,349793,image/png,.png,image-or-media,FUNWAVE-TVD,True,no explicit vendor marker found; retained in denominator,False,False,False,False,False,False,False,False,False,True,False,_staging/total-read/records/binauto-code_FUNWAVE.jsonl,1,models/FUNWAVE/raw/source_code/FUNWAVE-TVD/simple_cases/surface_wave_1d/postprocessing/eta_1d_solitary.png,
models/FUNWAVE/raw/source_code/FUNWAVE-TVD/simple_cases/surface_wave_1d/postprocessing/eta_1d_wave.png,dd8aa6befc901ffb25ed905264b4bdc9fb43d5edfab497552a817660df2b5184,476425,image/png,.png,image-or-media,FUNWAVE-TVD,True,no explicit vendor marker found; retained in denominator,False,False,False,False,False,False,False,False,False,True,False,_staging/total-read/records/binauto-code_FUNWAVE.jsonl,1,models/FUNWAVE/raw/source_code/FUNWAVE-TVD/simple_cases/surface_wave_1d/postprocessing/eta_1d_wave.png,
models/FUNWAVE/raw/source_code/FUNWAVE-TVD/simple_cases/surface_wave_1d/postprocessing/plot_solitary.m,205327f89aac39f532c5abbd91c5a1a67321061eb5013052392d65fcd91552ba,644,text/plain,.m,script-source,FUNWAVE-TVD,True,no explicit vendor marker found; retained in denominator,True,True,True,True,True,True,False,False,False,False,True,_staging/total-read/pending/reread-20260728/reread20260728-code-FUNWAVE-002-codexaudit-20260826T022957Z-7b64342a/b39c05fa90a0e82c4bc862ef25b35e38c3bb88635e5828b115580b0d9e36baaf.json | _staging/total-read/pending/reread-20260728/reread20260728-code-FUNWAVE-002-fable5-20260813T012841Z-ff3d40e9/b39c05fa90a0e82c4bc862ef25b35e38c3bb88635e5828b115580b0d9e36baaf.json | _staging/total-read/records-crosswalk/reread-20260728/FUNWAVE-002/FUNWAVE__raw__source_code__FUNWAVE-TVD__simple_cases__surface_wave_1d__postprocessing__plot_solitary.m.crosswalk.json,1,models/FUNWAVE/raw/source_code/FUNWAVE-TVD/simple_cases/surface_wave_1d/postprocessing/plot_solitary.m,
models/FUNWAVE/raw/source_code/FUNWAVE-TVD/simple_cases/surface_wave_1d/postprocessing/plot_solitary.py,cc83a8ab9e7c9c7c46c1f246bda9ffd6a34b977e076bcb446e1ee85a62718bf1,1341,text/plain,.py,script-source,FUNWAVE-TVD,True,no explicit vendor marker found; retained in denominator,True,True,True,True,True,True,False,False,False,False,True,_staging/total-read/pending/reread-20260728/reread20260728-code-FUNWAVE-002-codexaudit-20260826T022957Z-7b64342a/41ee0641d7e27d8f9718e31aed7f99c596c5ce5caae155935668b061db4ee1fc.json | _staging/total-read/pending/reread-20260728/reread20260728-code-FUNWAVE-002-fable5-20260813T012841Z-ff3d40e9/41ee0641d7e27d8f9718e31aed7f99c596c5ce5caae155935668b061db4ee1fc.json | _staging/total-read/records-crosswalk/reread-20260728/FUNWAVE-002/FUNWAVE__raw__source_code__FUNWAVE-TVD__simple_cases__surface_wave_1d__postprocessing__plot_solitary.py.crosswalk.json,1,models/FUNWAVE/raw/source_code/FUNWAVE-TVD/simple_cases/surface_wave_1d/postprocessing/plot_solitary.py,
models/FUNWAVE/raw/source_code/FUNWAVE-TVD/simple_cases/surface_wave_1d/postprocessing/plot_solitary_commented.m,741d719eb7d5d072ade1e53fb17a0bc40a5d1a0b571e68f126858a1c39a220e6,1067,text/plain,.m,script-source,FUNWAVE-TVD,True,no explicit vendor marker found; retained in denominator,True,True,True,True,True,True,False,False,False,False,True,_staging/total-read/pending/reread-20260728/reread20260728-code-FUNWAVE-003-codexaudit-20260826T022957Z-453e6221/1d3cbcc70e5e84341e6db46bf69153c4b460659ee1428c17c2dfcd9e155de0f7.json | _staging/total-read/pending/reread-20260728/reread20260728-code-FUNWAVE-003-fable5-20260813T012841Z-7a6fa701/1d3cbcc70e5e84341e6db46bf69153c4b460659ee1428c17c2dfcd9e155de0f7.json | _staging/total-read/records-crosswalk/reread-20260728/FUNWAVE-003/FUNWAVE__raw__source_code__FUNWAVE-TVD__simple_cases__surface_wave_1d__postprocessing__plot_solitary_commented.m.crosswalk.json,1,models/FUNWAVE/raw/source_code/FUNWAVE-TVD/simple_cases/surface_wave_1d/postprocessing/plot_solitary_commented.m,
models/FUNWAVE/raw/source_code/FUNWAVE-TVD/simple_cases/surface_wave_1d/postprocessing/plot_wave.m,8e54e9e07f2c47eaf310c634e1a8a7367b45b660db888e42a641f1b69c08f7bc,737,text/plain,.m,script-source,FUNWAVE-TVD,True,no explicit vendor marker found; retained in denominator,True,True,True,True,True,True,False,False,False,False,True,_staging/total-read/pending/reread-20260728/reread20260728-code-FUNWAVE-003-codexaudit-20260826T022957Z-453e6221/eb8a3bfcb688b9bb0074fb136adf31130dcea0a15fecb995f7dc2aaea56f77a7.json | _staging/total-read/pending/reread-20260728/reread20260728-code-FUNWAVE-003-fable5-20260813T012841Z-7a6fa701/eb8a3bfcb688b9bb0074fb136adf31130dcea0a15fecb995f7dc2aaea56f77a7.json | _staging/total-read/records-crosswalk/reread-20260728/FUNWAVE-003/FUNWAVE__raw__source_code__FUNWAVE-TVD__simple_cases__surface_wave_1d__postprocessing__plot_wave.m.crosswalk.json,1,models/FUNWAVE/raw/source_code/FUNWAVE-TVD/simple_cases/surface_wave_1d/postprocessing/plot_wave.m,
models/FUNWAVE/raw/source_code/FUNWAVE-TVD/simple_cases/surface_wave_1d/postprocessing/plot_wave.py,fc6d9a96a7be449dfe91c388dfe4800e10924a3d58f008ca72caec0f445b3d37,1537,text/plain,.py,script-source,FUNWAVE-TVD,True,no explicit vendor marker found; retained in denominator,True,True,True,True,True,True,False,False,False,False,True,_staging/total-read/pending/reread-20260728/reread20260728-code-FUNWAVE-003-codexaudit-20260826T022957Z-453e6221/0120e2e29318fda3be2dd6f74dc07ef325496b15c1aab221c3505de3a3a63978.json | _staging/total-read/pending/reread-20260728/reread20260728-code-FUNWAVE-003-fable5-20260813T012841Z-7a6fa701/0120e2e29318fda3be2dd6f74dc07ef325496b15c1aab221c3505de3a3a63978.json | _staging/total-read/records-crosswalk/reread-20260728/FUNWAVE-003/FUNWAVE__raw__source_code__FUNWAVE-TVD__simple_cases__surface_wave_1d__postprocessing__plot_wave.py.crosswalk.json,1,models/FUNWAVE/raw/source_code/FUNWAVE-TVD/simple_cases/surface_wave_1d/postprocessing/plot_wave.py,
models/FUNWAVE/raw/source_code/FUNWAVE-TVD/simple_cases/surface_wave_1d/postprocessing/plot_wave_commented.m,300971fed5c2089da47373b7f6b2af8fa51ebd242c69a931a66b93d2cc42088f,1371,text/plain,.m,script-source,FUNWAVE-TVD,True,no explicit vendor marker found; retained in denominator,True,True,True,True,True,True,False,False,False,False,True,_staging/total-read/pending/reread-20260728/reread20260728-code-FUNWAVE-003-codexaudit-20260826T022957Z-453e6221/ee1cba0ab1d1488cc10d584ddd6b436a5c6297e28ee1d1dae489cec25f0cdaeb.json | _staging/total-read/pending/reread-20260728/reread20260728-code-FUNWAVE-003-fable5-20260813T012841Z-7a6fa701/ee1cba0ab1d1488cc10d584ddd6b436a5c6297e28ee1d1dae489cec25f0cdaeb.json | _staging/total-read/records-crosswalk/reread-20260728/FUNWAVE-003/FUNWAVE__raw__source_code__FUNWAVE-TVD__simple_cases__surface_wave_1d__postprocessing__plot_wave_commented.m.crosswalk.json,1,models/FUNWAVE/raw/source_code/FUNWAVE-TVD/simple_cases/surface_wave_1d/postprocessing/plot_wave_commented.m,
models/FUNWAVE/raw/source_code/FUNWAVE-TVD/simple_cases/tide_abs_1bc_constant/postprocessing/movie.avi,c98a1aae01246410055f48d230db86357ab370e493a17c64346dec85129bbf5c,113160,video/x-msvideo,.avi,image-or-media,FUNWAVE-TVD,True,no explicit vendor marker found; retained in denominator,False,False,False,False,False,False,False,False,False,True,False,_staging/total-read/records/binauto-code_FUNWAVE.jsonl,1,models/FUNWAVE/raw/source_code/FUNWAVE-TVD/simple_cases/tide_abs_1bc_constant/postprocessing/movie.avi,
models/FUNWAVE/raw/source_code/FUNWAVE-TVD/simple_cases/tide_abs_1bc_constant/postprocessing/plot_wave.m,ea017845c504bbca675daae3b768ef1ecfb66b4310db2e7b0f7695dabfd82717,1207,text/plain,.m,script-source,FUNWAVE-TVD,True,no explicit vendor marker found; retained in denominator,True,True,True,True,True,True,False,False,False,False,True,_staging/total-read/pending/reread-20260728/reread20260728-code-FUNWAVE-003-codexaudit-20260826T022957Z-453e6221/9133581d03424d184832d29717d3ea1fc7f6f6ab10592a8e7e7b4f403fceb360.json | _staging/total-read/pending/reread-20260728/reread20260728-code-FUNWAVE-003-fable5-20260813T012841Z-7a6fa701/9133581d03424d184832d29717d3ea1fc7f6f6ab10592a8e7e7b4f403fceb360.json | _staging/total-read/records-crosswalk/reread-20260728/FUNWAVE-003/FUNWAVE__raw__source_code__FUNWAVE-TVD__simple_cases__tide_abs_1bc_constant__postprocessing__plot_wave.m.crosswalk.json,1,models/FUNWAVE/raw/source_code/FUNWAVE-TVD/simple_cases/tide_abs_1bc_constant/postprocessing/plot_wave.m,
models/FUNWAVE/raw/source_code/FUNWAVE-TVD/simple_cases/tide_abs_1bc_constant/postprocessing/tide_snap.jpg,d54ae977d1c1a6ec29c0a461d3814aaf89dafb66b591a97457463ea13463dfc7,232490,image/jpeg,.jpg,image-or-media,FUNWAVE-TVD,True,no explicit vendor marker found; retained in denominator,False,False,False,False,False,False,False,False,False,True,False,_staging/total-read/records/binauto-code_FUNWAVE.jsonl,1,models/FUNWAVE/raw/source_code/FUNWAVE-TVD/simple_cases/tide_abs_1bc_constant/postprocessing/tide_snap.jpg,
models/FUNWAVE/raw/source_code/FUNWAVE-TVD/simple_cases/tide_abs_1bc_constant/work/.DS_Store,d65165279105ca6773180500688df4bdc69a2c7b771752f0a46ef120b7fd8ec3,6148,application/octet-stream,[none],other-binary-or-data,FUNWAVE-TVD,True,no explicit vendor marker found; retained in denominator,False,False,False,False,False,False,False,False,False,True,False,_staging/total-read/records/binauto-code_FUNWAVE.jsonl,14,models/FUNWAVE/raw/source_code/FUNWAVE-TVD/funwave-work/.DS_Store,models/FUNWAVE/raw/source_code/FUNWAVE-TVD/funwave-work/.DS_Store | models/FUNWAVE/raw/source_code/FUNWAVE-TVD/simple_cases/beach_2d_radiation/.DS_Store | models/FUNWAVE/raw/source_code/FUNWAVE-TVD/simple_cases/rain_on_hills/postprocessing/.DS_Store | models/FUNWAVE/raw/source_code/FUNWAVE-TVD/simple_cases/surface_wave_1d/input_files/.DS_Store | models/FUNWAVE/raw/source_code/FUNWAVE-TVD/simple_cases/tide_abs_1bc_constant/work/.DS_Store | models/FUNWAVE/raw/source_code/FUNWAVE-TVD/simple_cases/tide_abs_2bc_data/.DS_Store | models/FUNWAVE/raw/source_code/FUNWAVE-TVD/simple_cases/tide_frf_abc_data/plots/.DS_Store | models/FUNWAVE/raw/source_code/FUNWAVE-TVD/simple_cases/tide_gen_abs_data/.DS_Store | models/FUNWAVE/raw/source_code/FUNWAVE-TVD/simple_cases/tide_time_spectra/.DS_Store | models/FUNWAVE/raw/source_code/FUNWAVE-TVD/simple_cases/tohoku_tsunami/work/.DS_Store | models/FUNWAVE/raw/source_code/FUNWAVE-TVD/simple_cases/vertical_velocity_structure/plots/.DS_Store | models/FUNWAVE/raw/source_code/FUNWAVE-TVD/simple_cases/vessel_propeller_effect/vessel/.DS_Store | models/FUNWAVE/raw/source_code/FUNWAVE-TVD/simple_cases/vessel_propeller_effect/vessel_propeller/.DS_Store | models/FUNWAVE/raw/source_code/FUNWAVE-TVD/src/.DS_Store
models/FUNWAVE/raw/source_code/FUNWAVE-TVD/simple_cases/tide_abs_1bc_constant/work/Grid_Range.out,31620db32559ed1b0dc160a4f613d8f10c5cd49779ee7385ed114c90dc15b5b9,108,text/plain,.out,case-data-or-output,FUNWAVE-TVD,True,no explicit vendor marker found; retained in denominator,False,True,False,False,False,False,True,False,False,False,True,_staging/total-read/pending/reread-20260728/reread20260728-doc-FUNWAVE-007-codex-20260811T012316Z-41512fd5/4603c5af20249b91c074c0a35171d5aa306bdee218c16a0416da8e69a40e19d5.json,1,models/FUNWAVE/raw/source_code/FUNWAVE-TVD/simple_cases/tide_abs_1bc_constant/work/Grid_Range.out,
models/FUNWAVE/raw/source_code/FUNWAVE-TVD/simple_cases/tide_abs_1bc_constant/work/LOG.txt,ff19d00e99b800083f4a9cd00dceaf6207cf49efec068e6842c8373e067d3b7a,85593,text/plain,.txt,documentation-or-build-text,FUNWAVE-TVD,True,no explicit vendor marker found; retained in denominator,False,True,False,False,False,False,True,False,False,False,True,_staging/total-read/pending/reread-20260728/reread20260728-doc-FUNWAVE-007-codex-20260811T012316Z-41512fd5/effa1a3018dfca11e56f00905c059559921b897c85fbed48645d18217e2fefc0.json,1,models/FUNWAVE/raw/source_code/FUNWAVE-TVD/simple_cases/tide_abs_1bc_constant/work/LOG.txt,
models/FUNWAVE/raw/source_code/FUNWAVE-TVD/simple_cases/tide_abs_1bc_constant/work/Makefile,85795637417d7b54812e4cd78b54a124002a19fcb28d0ec168e3fc91fc884315,4064,text/x-file,[none],documentation-or-build-text,FUNWAVE-TVD,True,no explicit vendor marker found; retained in denominator,False,True,False,False,False,False,True,False,False,False,True,_staging/total-read/pending/reread-20260728/reread20260728-doc-FUNWAVE-007-codex-20260811T012316Z-41512fd5/39f8880b0dc4f46ae6897072505fd307b1d949fd47c52603778874f253b7c7d7.json,1,models/FUNWAVE/raw/source_code/FUNWAVE-TVD/simple_cases/tide_abs_1bc_constant/work/Makefile,
models/FUNWAVE/raw/source_code/FUNWAVE-TVD/simple_cases/tide_abs_1bc_constant/work/gauges.txt,73c4082e85b33b3c0ac8977e145137c4b14302756e887118607f132702cc6066,11,text/plain,.txt,documentation-or-build-text,FUNWAVE-TVD,True,no explicit vendor marker found; retained in denominator,False,True,False,False,False,False,True,False,False,False,True,_staging/total-read/pending/reread-20260728/reread20260728-doc-FUNWAVE-007-codex-20260811T012316Z-41512fd5/2acafb446bf2823e9e6f9da369285d68e82bc39d4798c1b420b3765bb3534b28.json,1,models/FUNWAVE/raw/source_code/FUNWAVE-TVD/simple_cases/tide_abs_1bc_constant/work/gauges.txt,
models/FUNWAVE/raw/source_code/FUNWAVE-TVD/simple_cases/tide_abs_1bc_constant/work/input.txt,da4b3859845532e19ce8593df27ce939bf8be048cffac4e0005035eae89ac5b8,4831,text/plain,.txt,documentation-or-build-text,FUNWAVE-TVD,True,no explicit vendor marker found; retained in denominator,False,True,False,False,False,False,True,False,False,False,True,_staging/total-read/pending/reread-20260728/reread20260728-doc-FUNWAVE-007-codex-20260811T012316Z-41512fd5/8d3f4099bf540a90e95e8c210280dbe1eadac83274d340e41547adc4595bcd94.json,1,models/FUNWAVE/raw/source_code/FUNWAVE-TVD/simple_cases/tide_abs_1bc_constant/work/input.txt,
models/FUNWAVE/raw/source_code/FUNWAVE-TVD/simple_cases/tide_abs_1bc_constant/work/time_dt.out,01c3e0fc60deb35b28b7aeaff8ecda3e5caa0c3d380f6ca80e8dec3f8068fed5,7000,text/plain,.out,case-data-or-output,FUNWAVE-TVD,True,no explicit vendor marker found; retained in denominator,False,True,False,False,False,False,True,False,False,False,True,_staging/total-read/pending/reread-20260728/reread20260728-doc-FUNWAVE-007-codex-20260811T012316Z-41512fd5/7bc314a68cf9d2ae8f8345755b1eb9c4bd0cff4417fe94aa8f8dbcdb39789785.json,1,models/FUNWAVE/raw/source_code/FUNWAVE-TVD/simple_cases/tide_abs_1bc_constant/work/time_dt.out,
models/FUNWAVE/raw/source_code/FUNWAVE-TVD/simple_cases/tide_abs_2bc_data/.DS_Store,d65165279105ca6773180500688df4bdc69a2c7b771752f0a46ef120b7fd8ec3,6148,application/octet-stream,[none],other-binary-or-data,FUNWAVE-TVD,True,no explicit vendor marker found; retained in denominator,False,False,False,False,False,False,False,False,False,True,False,_staging/total-read/records/binauto-code_FUNWAVE.jsonl,14,models/FUNWAVE/raw/source_code/FUNWAVE-TVD/funwave-work/.DS_Store,models/FUNWAVE/raw/source_code/FUNWAVE-TVD/funwave-work/.DS_Store | models/FUNWAVE/raw/source_code/FUNWAVE-TVD/simple_cases/beach_2d_radiation/.DS_Store | models/FUNWAVE/raw/source_code/FUNWAVE-TVD/simple_cases/rain_on_hills/postprocessing/.DS_Store | models/FUNWAVE/raw/source_code/FUNWAVE-TVD/simple_cases/surface_wave_1d/input_files/.DS_Store | models/FUNWAVE/raw/source_code/FUNWAVE-TVD/simple_cases/tide_abs_1bc_constant/work/.DS_Store | models/FUNWAVE/raw/source_code/FUNWAVE-TVD/simple_cases/tide_abs_2bc_data/.DS_Store | models/FUNWAVE/raw/source_code/FUNWAVE-TVD/simple_cases/tide_frf_abc_data/plots/.DS_Store | models/FUNWAVE/raw/source_code/FUNWAVE-TVD/simple_cases/tide_gen_abs_data/.DS_Store | models/FUNWAVE/raw/source_code/FUNWAVE-TVD/simple_cases/tide_time_spectra/.DS_Store | models/FUNWAVE/raw/source_code/FUNWAVE-TVD/simple_cases/tohoku_tsunami/work/.DS_Store | models/FUNWAVE/raw/source_code/FUNWAVE-TVD/simple_cases/vertical_velocity_structure/plots/.DS_Store | models/FUNWAVE/raw/source_code/FUNWAVE-TVD/simple_cases/vessel_propeller_effect/vessel/.DS_Store | models/FUNWAVE/raw/source_code/FUNWAVE-TVD/simple_cases/vessel_propeller_effect/vessel_propeller/.DS_Store | models/FUNWAVE/raw/source_code/FUNWAVE-TVD/src/.DS_Store
models/FUNWAVE/raw/source_code/FUNWAVE-TVD/simple_cases/tide_abs_2bc_data/Grid_Range.out,614cd95510029b498098b51b04251695336dd4f569ebe3b4357880cf8700026b,178,text/plain,.out,case-data-or-output,FUNWAVE-TVD,True,no explicit vendor marker found; retained in denominator,False,True,False,False,False,False,True,False,False,False,True,_staging/total-read/pending/reread-20260728/reread20260728-doc-FUNWAVE-007-codex-20260811T012316Z-41512fd5/e8ae06da9cbf7da6d7c5fef296ce3984d7d3d57a0bdb583d3b941fff2a022289.json,3,models/FUNWAVE/raw/source_code/FUNWAVE-TVD/simple_cases/tide_abs_2bc_data/Grid_Range.out,models/FUNWAVE/raw/source_code/FUNWAVE-TVD/simple_cases/tide_abs_2bc_data/Grid_Range.out | models/FUNWAVE/raw/source_code/FUNWAVE-TVD/simple_cases/tide_gen_abs_data/Grid_Range.out | models/FUNWAVE/raw/source_code/FUNWAVE-TVD/simple_cases/tide_time_spectra/Grid_Range.out
models/FUNWAVE/raw/source_code/FUNWAVE-TVD/simple_cases/tide_abs_2bc_data/LOG.txt,47677e2cfdb87c316145bcd2a4853d54b4a2df1eaba3245870d3ae9c4bad74ea,105412,text/plain,.txt,documentation-or-build-text,FUNWAVE-TVD,True,no explicit vendor marker found; retained in denominator,False,True,False,False,False,False,True,False,False,False,True,_staging/total-read/pending/reread-20260728/reread20260728-doc-FUNWAVE-007-codex-20260811T012316Z-41512fd5/0815d7157a601ac3e318c11bd41bedff2f496f41e2525a77549edafc4a8b9eba.json,1,models/FUNWAVE/raw/source_code/FUNWAVE-TVD/simple_cases/tide_abs_2bc_data/LOG.txt,
models/FUNWAVE/raw/source_code/FUNWAVE-TVD/simple_cases/tide_abs_2bc_data/Makefile,def06624a8d1295da19afa341a319b32fbaf3289299e89251633129d2b9748a1,4061,text/x-file,[none],documentation-or-build-text,FUNWAVE-TVD,True,no explicit vendor marker found; retained in denominator,False,True,False,False,False,False,True,False,False,False,True,_staging/total-read/pending/reread-20260728/reread20260728-doc-FUNWAVE-007-codex-20260811T012316Z-41512fd5/2248a6bb699478ba0801ae0e91c16308b7b45265b8aed79469802b5cb139e8f0.json,1,models/FUNWAVE/raw/source_code/FUNWAVE-TVD/simple_cases/tide_abs_2bc_data/Makefile,
models/FUNWAVE/raw/source_code/FUNWAVE-TVD/simple_cases/tide_abs_2bc_data/input.txt,e4836ce7f2bb106d43ecc256785f565ee8c471f17d73c6508d9d0f6727805b43,4926,text/plain,.txt,documentation-or-build-text,FUNWAVE-TVD,True,no explicit vendor marker found; retained in denominator,False,True,False,False,False,False,True,False,False,False,True,_staging/total-read/pending/reread-20260728/reread20260728-doc-FUNWAVE-007-codex-20260811T012316Z-41512fd5/7825a6f73fe6ee15e11452dd7140f8b989a24c65d752424c2a06ebd756056fa9.json,1,models/FUNWAVE/raw/source_code/FUNWAVE-TVD/simple_cases/tide_abs_2bc_data/input.txt,
models/FUNWAVE/raw/source_code/FUNWAVE-TVD/simple_cases/tide_abs_2bc_data/plot_wave.m,f911ef837eb5a0094079f7a66a2cfbc99e607286ef35d24a730b8d4733d7e413,1175,text/plain,.m,script-source,FUNWAVE-TVD,True,no explicit vendor marker found; retained in denominator,True,True,True,True,True,True,False,False,False,False,True,_staging/total-read/pending/reread-20260728/reread20260728-code-FUNWAVE-003-codexaudit-20260826T022957Z-453e6221/54232edd492dd173323021dfdaeda20714eaaffb3b73236cd9f6f9dc1b636002.json | _staging/total-read/pending/reread-20260728/reread20260728-code-FUNWAVE-003-fable5-20260813T012841Z-7a6fa701/54232edd492dd173323021dfdaeda20714eaaffb3b73236cd9f6f9dc1b636002.json | _staging/total-read/records-crosswalk/reread-20260728/FUNWAVE-003/FUNWAVE__raw__source_code__FUNWAVE-TVD__simple_cases__tide_abs_2bc_data__plot_wave.m.crosswalk.json,1,models/FUNWAVE/raw/source_code/FUNWAVE-TVD/simple_cases/tide_abs_2bc_data/plot_wave.m,
models/FUNWAVE/raw/source_code/FUNWAVE-TVD/simple_cases/tide_abs_2bc_data/tide_data_east.txt,75abd789110739bf4661e374b0148c4c89c3cd58bb9265fc0c2ef8d80193a436,158,text/plain,.txt,documentation-or-build-text,FUNWAVE-TVD,True,no explicit vendor marker found; retained in denominator,False,True,False,False,False,False,True,False,False,False,True,_staging/total-read/pending/reread-20260728/reread20260728-doc-FUNWAVE-007-codex-20260811T012316Z-41512fd5/f02b605949c59e5bd8b76da4e592684128b821b97920df9dab6d5083e9d9e7e9.json,1,models/FUNWAVE/raw/source_code/FUNWAVE-TVD/simple_cases/tide_abs_2bc_data/tide_data_east.txt,
models/FUNWAVE/raw/source_code/FUNWAVE-TVD/simple_cases/tide_abs_2bc_data/tide_data_west.txt,85d9d23b923f3a83aa2609b8c9d8e8717ef123b11f9c8d0cb74e2f81724467a5,154,text/plain,.txt,documentation-or-build-text,FUNWAVE-TVD,True,no explicit vendor marker found; retained in denominator,False,True,False,False,False,False,True,False,False,False,True,_staging/total-read/pending/reread-20260728/reread20260728-doc-FUNWAVE-007-codex-20260811T012316Z-41512fd5/72fafcbc1e1781c73350c9bd6c1e9e68be5d56db66280da4de9c7acb0db10e53.json,2,models/FUNWAVE/raw/source_code/FUNWAVE-TVD/simple_cases/tide_abs_2bc_data/tide_data_west.txt,models/FUNWAVE/raw/source_code/FUNWAVE-TVD/simple_cases/tide_abs_2bc_data/tide_data_west.txt | models/FUNWAVE/raw/source_code/FUNWAVE-TVD/simple_cases/tide_gen_abs_data/tide_data_west.txt
models/FUNWAVE/raw/source_code/FUNWAVE-TVD/simple_cases/tide_abs_2bc_data/time_dt.out,bc6788bdbf1609ec95ad8a5b4bafe71d693e3b739805ae5631b47a603036a142,7000,text/plain,.out,case-data-or-output,FUNWAVE-TVD,True,no explicit vendor marker found; retained in denominator,False,True,False,False,False,False,True,False,False,False,True,_staging/total-read/pending/reread-20260728/reread20260728-doc-FUNWAVE-007-codex-20260811T012316Z-41512fd5/5eff97ddc025ce5db5a713c036896f8d5116e51380e4b0936f5b911fe1894929.json,1,models/FUNWAVE/raw/source_code/FUNWAVE-TVD/simple_cases/tide_abs_2bc_data/time_dt.out,
models/FUNWAVE/raw/source_code/FUNWAVE-TVD/simple_cases/tide_abs_2bc_data/videoOut.mp4,0a7447e3ed25a1fbe438100abc5f8ed766dc01cae601e3a15776b7774a1de7a0,2919137,video/mp4,.mp4,image-or-media,FUNWAVE-TVD,True,no explicit vendor marker found; retained in denominator,False,False,False,False,False,False,False,False,False,True,False,_staging/total-read/records/binauto-code_FUNWAVE.jsonl,1,models/FUNWAVE/raw/source_code/FUNWAVE-TVD/simple_cases/tide_abs_2bc_data/videoOut.mp4,
models/FUNWAVE/raw/source_code/FUNWAVE-TVD/simple_cases/tide_frf_abc_data/.DS_Store,a781a7d9790b73971006ede3ff69409f6cf96e2b25a68624407ba161292235cc,6148,application/octet-stream,[none],other-binary-or-data,FUNWAVE-TVD,True,no explicit vendor marker found; retained in denominator,False,False,False,False,False,False,False,False,False,True,False,_staging/total-read/records/binauto-code_FUNWAVE.jsonl,1,models/FUNWAVE/raw/source_code/FUNWAVE-TVD/simple_cases/tide_frf_abc_data/.DS_Store,
models/FUNWAVE/raw/source_code/FUNWAVE-TVD/simple_cases/tide_frf_abc_data/plots/.DS_Store,d65165279105ca6773180500688df4bdc69a2c7b771752f0a46ef120b7fd8ec3,6148,application/octet-stream,[none],other-binary-or-data,FUNWAVE-TVD,True,no explicit vendor marker found; retained in denominator,False,False,False,False,False,False,False,False,False,True,False,_staging/total-read/records/binauto-code_FUNWAVE.jsonl,14,models/FUNWAVE/raw/source_code/FUNWAVE-TVD/funwave-work/.DS_Store,models/FUNWAVE/raw/source_code/FUNWAVE-TVD/funwave-work/.DS_Store | models/FUNWAVE/raw/source_code/FUNWAVE-TVD/simple_cases/beach_2d_radiation/.DS_Store | models/FUNWAVE/raw/source_code/FUNWAVE-TVD/simple_cases/rain_on_hills/postprocessing/.DS_Store | models/FUNWAVE/raw/source_code/FUNWAVE-TVD/simple_cases/surface_wave_1d/input_files/.DS_Store | models/FUNWAVE/raw/source_code/FUNWAVE-TVD/simple_cases/tide_abs_1bc_constant/work/.DS_Store | models/FUNWAVE/raw/source_code/FUNWAVE-TVD/simple_cases/tide_abs_2bc_data/.DS_Store | models/FUNWAVE/raw/source_code/FUNWAVE-TVD/simple_cases/tide_frf_abc_data/plots/.DS_Store | models/FUNWAVE/raw/source_code/FUNWAVE-TVD/simple_cases/tide_gen_abs_data/.DS_Store | models/FUNWAVE/raw/source_code/FUNWAVE-TVD/simple_cases/tide_time_spectra/.DS_Store | models/FUNWAVE/raw/source_code/FUNWAVE-TVD/simple_cases/tohoku_tsunami/work/.DS_Store | models/FUNWAVE/raw/source_code/FUNWAVE-TVD/simple_cases/vertical_velocity_structure/plots/.DS_Store | models/FUNWAVE/raw/source_code/FUNWAVE-TVD/simple_cases/vessel_propeller_effect/vessel/.DS_Store | models/FUNWAVE/raw/source_code/FUNWAVE-TVD/simple_cases/vessel_propeller_effect/vessel_propeller/.DS_Store | models/FUNWAVE/raw/source_code/FUNWAVE-TVD/src/.DS_Store
models/FUNWAVE/raw/source_code/FUNWAVE-TVD/simple_cases/tide_frf_abc_data/plots/depth_station.jpg,c69e9206dfb6d080d1a0bfe952e019153ac18a1c9ed9b8d46a2c04d03a1cbe7f,270301,image/jpeg,.jpg,image-or-media,FUNWAVE-TVD,True,no explicit vendor marker found; retained in denominator,False,False,False,False,False,False,False,False,False,True,False,_staging/total-read/records/binauto-code_FUNWAVE.jsonl,1,models/FUNWAVE/raw/source_code/FUNWAVE-TVD/simple_cases/tide_frf_abc_data/plots/depth_station.jpg,
models/FUNWAVE/raw/source_code/FUNWAVE-TVD/simple_cases/tide_frf_abc_data/plots/depth_station_less.jpg,dced866e6b8c517fa6be69c1759d9452ffcf43690f45a7dc8867bdbf396a7448,260559,image/jpeg,.jpg,image-or-media,FUNWAVE-TVD,True,no explicit vendor marker found; retained in denominator,False,False,False,False,False,False,False,False,False,True,False,_staging/total-read/records/binauto-code_FUNWAVE.jsonl,1,models/FUNWAVE/raw/source_code/FUNWAVE-TVD/simple_cases/tide_frf_abc_data/plots/depth_station_less.jpg,
models/FUNWAVE/raw/source_code/FUNWAVE-TVD/simple_cases/tide_frf_abc_data/plots/frame6_breaking.jpg,beace07022db45221e05ecb3819f4d0f4b73a84616f5b7a59f856eae3187a2b5,1065955,image/jpeg,.jpg,image-or-media,FUNWAVE-TVD,True,no explicit vendor marker found; retained in denominator,False,False,False,False,False,False,False,False,False,True,False,_staging/total-read/records/binauto-code_FUNWAVE.jsonl,1,models/FUNWAVE/raw/source_code/FUNWAVE-TVD/simple_cases/tide_frf_abc_data/plots/frame6_breaking.jpg,
models/FUNWAVE/raw/source_code/FUNWAVE-TVD/simple_cases/tide_frf_abc_data/plots/time_ser_less.jpg,2844d4feb9d7709d7d30280107ba357c58c12db896eafafa78b396d53d6c44af,488299,image/jpeg,.jpg,image-or-media,FUNWAVE-TVD,True,no explicit vendor marker found; retained in denominator,False,False,False,False,False,False,False,False,False,True,False,_staging/total-read/records/binauto-code_FUNWAVE.jsonl,1,models/FUNWAVE/raw/source_code/FUNWAVE-TVD/simple_cases/tide_frf_abc_data/plots/time_ser_less.jpg,
models/FUNWAVE/raw/source_code/FUNWAVE-TVD/simple_cases/tide_frf_abc_data/postprocessing/frf_03.jpg,db7af80c16a6084a96a599567dd23314ec4d2fecddf6a1a74b78003998752a7a,214916,image/jpeg,.jpg,image-or-media,FUNWAVE-TVD,True,no explicit vendor marker found; retained in denominator,False,False,False,False,False,False,False,False,False,True,False,_staging/total-read/records/binauto-code_FUNWAVE.jsonl,1,models/FUNWAVE/raw/source_code/FUNWAVE-TVD/simple_cases/tide_frf_abc_data/postprocessing/frf_03.jpg,
models/FUNWAVE/raw/source_code/FUNWAVE-TVD/simple_cases/tide_frf_abc_data/postprocessing/movie_eta_foam.m,3945b48632a93cb3a2ffebb8097412ca63eeffd7e586d576f24cb90d183f14d0,2610,text/plain,.m,script-source,FUNWAVE-TVD,True,no explicit vendor marker found; retained in denominator,True,True,True,True,True,True,False,False,False,False,True,_staging/total-read/pending/reread-20260728/reread20260728-code-FUNWAVE-003-codexaudit-20260826T022957Z-453e6221/da58f3f4d8ff714e01a051fb684193bc0f281abd93ad424fa513e29e5b5bc203.json | _staging/total-read/pending/reread-20260728/reread20260728-code-FUNWAVE-003-fable5-20260813T012841Z-7a6fa701/da58f3f4d8ff714e01a051fb684193bc0f281abd93ad424fa513e29e5b5bc203.json | _staging/total-read/records-crosswalk/reread-20260728/FUNWAVE-003/FUNWAVE__raw__source_code__FUNWAVE-TVD__simple_cases__tide_frf_abc_data__postprocessing__movie_eta_foam.m.crosswalk.json,1,models/FUNWAVE/raw/source_code/FUNWAVE-TVD/simple_cases/tide_frf_abc_data/postprocessing/movie_eta_foam.m,
models/FUNWAVE/raw/source_code/FUNWAVE-TVD/simple_cases/tide_frf_abc_data/postprocessing/movie_mean_values.m,d72a661b5fe0670005689f7efe19585a3693a3c8511b86d01390a16bac500dce,2202,text/plain,.m,script-source,FUNWAVE-TVD,True,no explicit vendor marker found; retained in denominator,True,True,True,True,True,True,False,False,False,False,True,_staging/total-read/pending/reread-20260728/reread20260728-code-FUNWAVE-003-codexaudit-20260826T022957Z-453e6221/d1396a38d87ae9f0a068493ae89299f4ad0902b3b6d0728ada1790f5f58c2f8a.json | _staging/total-read/pending/reread-20260728/reread20260728-code-FUNWAVE-003-fable5-20260813T012841Z-7a6fa701/d1396a38d87ae9f0a068493ae89299f4ad0902b3b6d0728ada1790f5f58c2f8a.json | _staging/total-read/records-crosswalk/reread-20260728/FUNWAVE-003/FUNWAVE__raw__source_code__FUNWAVE-TVD__simple_cases__tide_frf_abc_data__postprocessing__movie_mean_values.m.crosswalk.json,1,models/FUNWAVE/raw/source_code/FUNWAVE-TVD/simple_cases/tide_frf_abc_data/postprocessing/movie_mean_values.m,
models/FUNWAVE/raw/source_code/FUNWAVE-TVD/simple_cases/tide_frf_abc_data/postprocessing/plot_bathy_stations.m,f1608c122d154c5a412f719fe7ac9311d52c0e471d240d172dde433c449a0527,1377,text/plain,.m,script-source,FUNWAVE-TVD,True,no explicit vendor marker found; retained in denominator,True,True,True,True,True,True,False,False,False,False,True,_staging/total-read/pending/reread-20260728/reread20260728-code-FUNWAVE-003-codexaudit-20260826T022957Z-453e6221/dfcfd5f45619c9ca0b9af238666c7152003089b71dffd8c55fa1c4a08ac62668.json | _staging/total-read/pending/reread-20260728/reread20260728-code-FUNWAVE-003-fable5-20260813T012841Z-7a6fa701/dfcfd5f45619c9ca0b9af238666c7152003089b71dffd8c55fa1c4a08ac62668.json | _staging/total-read/records-crosswalk/reread-20260728/FUNWAVE-003/FUNWAVE__raw__source_code__FUNWAVE-TVD__simple_cases__tide_frf_abc_data__postprocessing__plot_bathy_stations.m.crosswalk.json,1,models/FUNWAVE/raw/source_code/FUNWAVE-TVD/simple_cases/tide_frf_abc_data/postprocessing/plot_bathy_stations.m,
models/FUNWAVE/raw/source_code/FUNWAVE-TVD/simple_cases/tide_frf_abc_data/postprocessing/plot_bathy_stations_less.m,cffd485f0b3e20dc798784f0a75be4f4da445a5033a2785660c9781661d24ba8,1434,text/plain,.m,script-source,FUNWAVE-TVD,True,no explicit vendor marker found; retained in denominator,True,True,True,True,True,True,False,False,False,False,True,_staging/total-read/pending/reread-20260728/reread20260728-code-FUNWAVE-003-codexaudit-20260826T022957Z-453e6221/7c88cb758509daf632883d92acdb740f962a95830621f1c4d67ef7e180ce36dd.json | _staging/total-read/pending/reread-20260728/reread20260728-code-FUNWAVE-003-fable5-20260813T012841Z-7a6fa701/7c88cb758509daf632883d92acdb740f962a95830621f1c4d67ef7e180ce36dd.json | _staging/total-read/records-crosswalk/reread-20260728/FUNWAVE-003/FUNWAVE__raw__source_code__FUNWAVE-TVD__simple_cases__tide_frf_abc_data__postprocessing__plot_bathy_stations_less.m.crosswalk.json,1,models/FUNWAVE/raw/source_code/FUNWAVE-TVD/simple_cases/tide_frf_abc_data/postprocessing/plot_bathy_stations_less.m,
models/FUNWAVE/raw/source_code/FUNWAVE-TVD/simple_cases/tide_frf_abc_data/postprocessing/plot_eta_foam.m,6d4eb9372a9a032b5ac271caec918ad6a935169b122c0575ac12265db8fb01de,2386,text/plain,.m,script-source,FUNWAVE-TVD,True,no explicit vendor marker found; retained in denominator,True,True,True,True,True,True,False,False,False,False,True,_staging/total-read/pending/reread-20260728/reread20260728-code-FUNWAVE-003-codexaudit-20260826T022957Z-453e6221/1983234b95c518994d828f6af2800057fdc2fbd291a197c4dafe62328a338c92.json | _staging/total-read/pending/reread-20260728/reread20260728-code-FUNWAVE-003-fable5-20260813T012841Z-7a6fa701/1983234b95c518994d828f6af2800057fdc2fbd291a197c4dafe62328a338c92.json | _staging/total-read/records-crosswalk/reread-20260728/FUNWAVE-003/FUNWAVE__raw__source_code__FUNWAVE-TVD__simple_cases__tide_frf_abc_data__postprocessing__plot_eta_foam.m.crosswalk.json,1,models/FUNWAVE/raw/source_code/FUNWAVE-TVD/simple_cases/tide_frf_abc_data/postprocessing/plot_eta_foam.m,
models/FUNWAVE/raw/source_code/FUNWAVE-TVD/simple_cases/tide_frf_abc_data/postprocessing/plot_time_series.m,609b72534110371bdb844e1c5d8ba611eb7e577dad6c01cbb8456c4b531aa0d0,804,text/plain,.m,script-source,FUNWAVE-TVD,True,no explicit vendor marker found; retained in denominator,True,True,True,True,True,True,False,False,False,False,True,_staging/total-read/pending/reread-20260728/reread20260728-code-FUNWAVE-003-codexaudit-20260826T022957Z-453e6221/7d85af91f05bdab1f6ba9b8a288d93f6389f65973bbce578b96a10893b7c6cd9.json | _staging/total-read/pending/reread-20260728/reread20260728-code-FUNWAVE-003-fable5-20260813T012841Z-7a6fa701/7d85af91f05bdab1f6ba9b8a288d93f6389f65973bbce578b96a10893b7c6cd9.json | _staging/total-read/records-crosswalk/reread-20260728/FUNWAVE-003/FUNWAVE__raw__source_code__FUNWAVE-TVD__simple_cases__tide_frf_abc_data__postprocessing__plot_time_series.m.crosswalk.json,1,models/FUNWAVE/raw/source_code/FUNWAVE-TVD/simple_cases/tide_frf_abc_data/postprocessing/plot_time_series.m,
models/FUNWAVE/raw/source_code/FUNWAVE-TVD/simple_cases/tide_frf_abc_data/postprocessing/plot_time_series_less.m,ca2cd60c463426bdb979ba7bf83affb45e30c524c7cea54991bdb4de8878bc06,806,text/plain,.m,script-source,FUNWAVE-TVD,True,no explicit vendor marker found; retained in denominator,True,True,True,True,True,True,False,False,False,False,True,_staging/total-read/pending/reread-20260728/reread20260728-code-FUNWAVE-003-codexaudit-20260826T022957Z-453e6221/49ab6b67dc5ba25c5cd1faef0dff03286b477c9240af1e348dc8a0d13ad6e2a1.json | _staging/total-read/pending/reread-20260728/reread20260728-code-FUNWAVE-003-fable5-20260813T012841Z-7a6fa701/49ab6b67dc5ba25c5cd1faef0dff03286b477c9240af1e348dc8a0d13ad6e2a1.json | _staging/total-read/records-crosswalk/reread-20260728/FUNWAVE-003/FUNWAVE__raw__source_code__FUNWAVE-TVD__simple_cases__tide_frf_abc_data__postprocessing__plot_time_series_less.m.crosswalk.json,1,models/FUNWAVE/raw/source_code/FUNWAVE-TVD/simple_cases/tide_frf_abc_data/postprocessing/plot_time_series_less.m,
models/FUNWAVE/raw/source_code/FUNWAVE-TVD/simple_cases/tide_frf_abc_data/work/LOG.txt,a07c05f1f63523eeef32015f5b8db9457b95a29aece4f45da797616de2dfdd3a,101245,text/plain,.txt,documentation-or-build-text,FUNWAVE-TVD,True,no explicit vendor marker found; retained in denominator,False,True,False,False,False,False,True,False,False,False,True,_staging/total-read/pending/reread-20260728/reread20260728-doc-FUNWAVE-007-codex-20260811T012316Z-41512fd5/77fb150f4c74e2769a123207a511c57b5663fbfaeae20b4adec3b1c2c10c4b3d.json,1,models/FUNWAVE/raw/source_code/FUNWAVE-TVD/simple_cases/tide_frf_abc_data/work/LOG.txt,
models/FUNWAVE/raw/source_code/FUNWAVE-TVD/simple_cases/tide_frf_abc_data/work/Makefile,5b85edb3017dde5550b66c5e8b5cff75320d00801a6074f7f412713e2c6d144d,4107,text/x-file,[none],documentation-or-build-text,FUNWAVE-TVD,True,no explicit vendor marker found; retained in denominator,False,True,False,False,False,False,True,False,False,False,True,_staging/total-read/pending/reread-20260728/reread20260728-doc-FUNWAVE-007-codex-20260811T012316Z-41512fd5/a6292ffa0dda4b115dce1e8cfc3be12c340d8e8cef71bdba8ad5dc983c81e51b.json,1,models/FUNWAVE/raw/source_code/FUNWAVE-TVD/simple_cases/tide_frf_abc_data/work/Makefile,
models/FUNWAVE/raw/source_code/FUNWAVE-TVD/simple_cases/tide_frf_abc_data/work/depth_1mx2m.txt,6fda7d00e44c3bb894f4df0aff558b7d7ec81dcb6331ad447d7eb5ebd424612e,8472177,text/plain,.txt,documentation-or-build-text,FUNWAVE-TVD,True,no explicit vendor marker found; retained in denominator,False,True,False,False,False,False,False,False,False,True,False,_staging/total-read/records/numgrid-FUNWAVE-20260728.jsonl,2,models/FUNWAVE/raw/source_code/FUNWAVE-TVD/simple_cases/tide_frf_abc_data/work/depth_1mx2m.txt,models/FUNWAVE/raw/source_code/FUNWAVE-TVD/simple_cases/tide_frf_abc_data/work/depth_1mx2m.txt | models/FUNWAVE/raw/source_code/FUNWAVE-TVD/test_bathy/depth_1mx2m.txt
models/FUNWAVE/raw/source_code/FUNWAVE-TVD/simple_cases/tide_frf_abc_data/work/fyshi_funwave.qs,15496deef508e7d9fd506cbbc04cd4ae703a3ca48676d4f1344d80152adef23f,633,text/x-shellscript,.qs,case-data-or-output,FUNWAVE-TVD,True,no explicit vendor marker found; retained in denominator,False,True,False,False,False,False,True,False,False,False,True,_staging/total-read/pending/reread-20260728/reread20260728-doc-FUNWAVE-007-codex-20260811T012316Z-41512fd5/755a7aa22a244fcc7d2983550142a7c705d46b8b7966f071bd90ef95f8b8112b.json,1,models/FUNWAVE/raw/source_code/FUNWAVE-TVD/simple_cases/tide_frf_abc_data/work/fyshi_funwave.qs,
models/FUNWAVE/raw/source_code/FUNWAVE-TVD/simple_cases/tide_frf_abc_data/work/generate_tide_data.m,7fd82a8a0fa24a25cf4172381ae1df79155d53a40dbd565e70d17862f06d42f3,353,text/plain,.m,script-source,FUNWAVE-TVD,True,no explicit vendor marker found; retained in denominator,True,True,True,True,True,True,False,False,False,False,True,_staging/total-read/pending/reread-20260728/reread20260728-code-FUNWAVE-003-codexaudit-20260826T022957Z-453e6221/356ab1a05ddfb630e9969e86567f659b0dddcbfd11aa8e1cf70b0939443cb6f2.json | _staging/total-read/pending/reread-20260728/reread20260728-code-FUNWAVE-003-fable5-20260813T012841Z-7a6fa701/356ab1a05ddfb630e9969e86567f659b0dddcbfd11aa8e1cf70b0939443cb6f2.json | _staging/total-read/records-crosswalk/reread-20260728/FUNWAVE-003/FUNWAVE__raw__source_code__FUNWAVE-TVD__simple_cases__tide_frf_abc_data__work__generate_tide_data.m.crosswalk.json,1,models/FUNWAVE/raw/source_code/FUNWAVE-TVD/simple_cases/tide_frf_abc_data/work/generate_tide_data.m,
models/FUNWAVE/raw/source_code/FUNWAVE-TVD/simple_cases/tide_frf_abc_data/work/input.txt,c5381da80e3d976223d91e181cfabc2d787b9e452793412acc833c5751bf435f,7659,text/plain,.txt,documentation-or-build-text,FUNWAVE-TVD,True,no explicit vendor marker found; retained in denominator,False,True,False,False,False,False,True,False,False,False,True,_staging/total-read/pending/reread-20260728/reread20260728-doc-FUNWAVE-007-codex-20260811T012316Z-41512fd5/a3358bdac5250bf2acf98be030dacf5fbd42fddd727a374128affd16b1299232.json,1,models/FUNWAVE/raw/source_code/FUNWAVE-TVD/simple_cases/tide_frf_abc_data/work/input.txt,
models/FUNWAVE/raw/source_code/FUNWAVE-TVD/simple_cases/tide_frf_abc_data/work/station.txt,be57b168957ac0c4f7bc096ba0b5aec8fea9a2b1e92dd17647474f293d14aa0a,104,text/plain,.txt,documentation-or-build-text,FUNWAVE-TVD,True,no explicit vendor marker found; retained in denominator,False,True,False,False,False,False,True,False,False,False,True,_staging/total-read/pending/reread-20260728/reread20260728-doc-FUNWAVE-007-codex-20260811T012316Z-41512fd5/874e47d50950ef7055d4396d98bc0abe9097791c887485ec0325d555e88061a4.json,1,models/FUNWAVE/raw/source_code/FUNWAVE-TVD/simple_cases/tide_frf_abc_data/work/station.txt,
models/FUNWAVE/raw/source_code/FUNWAVE-TVD/simple_cases/tide_frf_abc_data/work/tide_data_west.txt,c7145cdfd9a4054d2703590ee92827ec7149562d294f4d15112b07421d5c961a,2035,text/plain,.txt,documentation-or-build-text,FUNWAVE-TVD,True,no explicit vendor marker found; retained in denominator,False,True,False,False,False,False,True,False,False,False,True,_staging/total-read/pending/reread-20260728/reread20260728-doc-FUNWAVE-007-codex-20260811T012316Z-41512fd5/bd1c69d5627a75d18aece76719eec749612add6d9246fa8279d4d7f834ce1a0b.json,1,models/FUNWAVE/raw/source_code/FUNWAVE-TVD/simple_cases/tide_frf_abc_data/work/tide_data_west.txt,
models/FUNWAVE/raw/source_code/FUNWAVE-TVD/simple_cases/tide_frf_abc_data/work/wave_data.txt,0548f28eecfd6be47e282016b5892f96bb24f0188db615f46dc95727940b333c,23,text/plain,.txt,documentation-or-build-text,FUNWAVE-TVD,True,no explicit vendor marker found; retained in denominator,False,True,False,False,False,False,True,False,False,False,True,_staging/total-read/pending/reread-20260728/reread20260728-doc-FUNWAVE-007-codex-20260811T012316Z-41512fd5/3a7ec9c4e33dcdc072aac6eefc64302314f411120671ee756d5c51a52487e76e.json,1,models/FUNWAVE/raw/source_code/FUNWAVE-TVD/simple_cases/tide_frf_abc_data/work/wave_data.txt,
models/FUNWAVE/raw/source_code/FUNWAVE-TVD/simple_cases/tide_gen_abs_data/.DS_Store,d65165279105ca6773180500688df4bdc69a2c7b771752f0a46ef120b7fd8ec3,6148,application/octet-stream,[none],other-binary-or-data,FUNWAVE-TVD,True,no explicit vendor marker found; retained in denominator,False,False,False,False,False,False,False,False,False,True,False,_staging/total-read/records/binauto-code_FUNWAVE.jsonl,14,models/FUNWAVE/raw/source_code/FUNWAVE-TVD/funwave-work/.DS_Store,models/FUNWAVE/raw/source_code/FUNWAVE-TVD/funwave-work/.DS_Store | models/FUNWAVE/raw/source_code/FUNWAVE-TVD/simple_cases/beach_2d_radiation/.DS_Store | models/FUNWAVE/raw/source_code/FUNWAVE-TVD/simple_cases/rain_on_hills/postprocessing/.DS_Store | models/FUNWAVE/raw/source_code/FUNWAVE-TVD/simple_cases/surface_wave_1d/input_files/.DS_Store | models/FUNWAVE/raw/source_code/FUNWAVE-TVD/simple_cases/tide_abs_1bc_constant/work/.DS_Store | models/FUNWAVE/raw/source_code/FUNWAVE-TVD/simple_cases/tide_abs_2bc_data/.DS_Store | models/FUNWAVE/raw/source_code/FUNWAVE-TVD/simple_cases/tide_frf_abc_data/plots/.DS_Store | models/FUNWAVE/raw/source_code/FUNWAVE-TVD/simple_cases/tide_gen_abs_data/.DS_Store | models/FUNWAVE/raw/source_code/FUNWAVE-TVD/simple_cases/tide_time_spectra/.DS_Store | models/FUNWAVE/raw/source_code/FUNWAVE-TVD/simple_cases/tohoku_tsunami/work/.DS_Store | models/FUNWAVE/raw/source_code/FUNWAVE-TVD/simple_cases/vertical_velocity_structure/plots/.DS_Store | models/FUNWAVE/raw/source_code/FUNWAVE-TVD/simple_cases/vessel_propeller_effect/vessel/.DS_Store | models/FUNWAVE/raw/source_code/FUNWAVE-TVD/simple_cases/vessel_propeller_effect/vessel_propeller/.DS_Store | models/FUNWAVE/raw/source_code/FUNWAVE-TVD/src/.DS_Store
models/FUNWAVE/raw/source_code/FUNWAVE-TVD/simple_cases/tide_gen_abs_data/.output/cd_breakwater.out,d5ac3c99b1bfb2f73849b05468dd60a63b1ab6df6286d931af7bee66ffb6497a,400100,text/plain,.out,case-data-or-output,FUNWAVE-TVD,True,no explicit vendor marker found; retained in denominator,False,True,False,False,False,False,False,False,False,True,False,_staging/total-read/records/numgrid-FUNWAVE-20260728.jsonl,2,models/FUNWAVE/raw/source_code/FUNWAVE-TVD/simple_cases/tide_gen_abs_data/.output/cd_breakwater.out,models/FUNWAVE/raw/source_code/FUNWAVE-TVD/simple_cases/tide_gen_abs_data/.output/cd_breakwater.out | models/FUNWAVE/raw/source_code/FUNWAVE-TVD/simple_cases/tide_time_spectra/.output/cd_breakwater.out
models/FUNWAVE/raw/source_code/FUNWAVE-TVD/simple_cases/tide_gen_abs_data/.output/dep.out,06f1cadb59a5ee3b78ca573e041571c39e380b2d0e6ad805adfec998f914e233,400100,text/plain,.out,case-data-or-output,FUNWAVE-TVD,True,no explicit vendor marker found; retained in denominator,False,True,False,False,False,False,False,False,False,True,False,_staging/total-read/records/numgrid-FUNWAVE-20260728.jsonl,2,models/FUNWAVE/raw/source_code/FUNWAVE-TVD/simple_cases/tide_gen_abs_data/.output/dep.out,models/FUNWAVE/raw/source_code/FUNWAVE-TVD/simple_cases/tide_gen_abs_data/.output/dep.out | models/FUNWAVE/raw/source_code/FUNWAVE-TVD/simple_cases/tide_time_spectra/.output/dep.out
models/FUNWAVE/raw/source_code/FUNWAVE-TVD/simple_cases/tide_gen_abs_data/.output/eta_00000,63485e43008c30c340adb6253321ee6362817f546023636f6c203040fd74d6eb,400100,text/plain,[none],case-data-or-output,FUNWAVE-TVD,True,no explicit vendor marker found; retained in denominator,False,True,False,False,False,False,False,False,False,True,False,_staging/total-read/records/numgrid-FUNWAVE-20260728.jsonl,2,models/FUNWAVE/raw/source_code/FUNWAVE-TVD/simple_cases/tide_gen_abs_data/.output/eta_00000,models/FUNWAVE/raw/source_code/FUNWAVE-TVD/simple_cases/tide_gen_abs_data/.output/eta_00000 | models/FUNWAVE/raw/source_code/FUNWAVE-TVD/simple_cases/tide_time_spectra/.output/eta_00000
models/FUNWAVE/raw/source_code/FUNWAVE-TVD/simple_cases/tide_gen_abs_data/.output/eta_00001,3f3a57dfea4163660ae33d25ba1c24f2782ca04f33c61ce9c312ef7d364af293,400100,text/plain,[none],case-data-or-output,FUNWAVE-TVD,True,no explicit vendor marker found; retained in denominator,False,True,False,False,False,False,False,False,False,True,False,_staging/total-read/records/numgrid-FUNWAVE-20260728.jsonl,2,models/FUNWAVE/raw/source_code/FUNWAVE-TVD/simple_cases/tide_gen_abs_data/.output/eta_00001,models/FUNWAVE/raw/source_code/FUNWAVE-TVD/simple_cases/tide_gen_abs_data/.output/eta_00001 | models/FUNWAVE/raw/source_code/FUNWAVE-TVD/simple_cases/tide_time_spectra/.output/eta_00001
models/FUNWAVE/raw/source_code/FUNWAVE-TVD/simple_cases/tide_gen_abs_data/.output/eta_00002,f8d30194ae2f60c870d2c2f7c3680e6ab8139dab52c354c3c92ee26d1df0a0a2,400100,text/plain,[none],case-data-or-output,FUNWAVE-TVD,True,no explicit vendor marker found; retained in denominator,False,True,False,False,False,False,False,False,False,True,False,_staging/total-read/records/numgrid-FUNWAVE-20260728.jsonl,2,models/FUNWAVE/raw/source_code/FUNWAVE-TVD/simple_cases/tide_gen_abs_data/.output/eta_00002,models/FUNWAVE/raw/source_code/FUNWAVE-TVD/simple_cases/tide_gen_abs_data/.output/eta_00002 | models/FUNWAVE/raw/source_code/FUNWAVE-TVD/simple_cases/tide_time_spectra/.output/eta_00002
models/FUNWAVE/raw/source_code/FUNWAVE-TVD/simple_cases/tide_gen_abs_data/.output/eta_00003,ed004fd9f084aa2abb864922cb23cb2f9b5543a1375ce27ba66a2b0e2677e7e3,400100,text/plain,[none],case-data-or-output,FUNWAVE-TVD,True,no explicit vendor marker found; retained in denominator,False,True,False,False,False,False,False,False,False,True,False,_staging/total-read/records/numgrid-FUNWAVE-20260728.jsonl,2,models/FUNWAVE/raw/source_code/FUNWAVE-TVD/simple_cases/tide_gen_abs_data/.output/eta_00003,models/FUNWAVE/raw/source_code/FUNWAVE-TVD/simple_cases/tide_gen_abs_data/.output/eta_00003 | models/FUNWAVE/raw/source_code/FUNWAVE-TVD/simple_cases/tide_time_spectra/.output/eta_00003
models/FUNWAVE/raw/source_code/FUNWAVE-TVD/simple_cases/tide_gen_abs_data/.output/eta_00004,9606a7109cd177590ff432123c45591c1ceea115b114718eca38b02e961f98b9,400100,text/plain,[none],case-data-or-output,FUNWAVE-TVD,True,no explicit vendor marker found; retained in denominator,False,True,False,False,False,False,False,False,False,True,False,_staging/total-read/records/numgrid-FUNWAVE-20260728.jsonl,2,models/FUNWAVE/raw/source_code/FUNWAVE-TVD/simple_cases/tide_gen_abs_data/.output/eta_00004,models/FUNWAVE/raw/source_code/FUNWAVE-TVD/simple_cases/tide_gen_abs_data/.output/eta_00004 | models/FUNWAVE/raw/source_code/FUNWAVE-TVD/simple_cases/tide_time_spectra/.output/eta_00004
models/FUNWAVE/raw/source_code/FUNWAVE-TVD/simple_cases/tide_gen_abs_data/.output/eta_00005,f9261067f0262ea0431f997a16387f0ccbb99bfe5244748c467334778bd169b9,400100,text/plain,[none],case-data-or-output,FUNWAVE-TVD,True,no explicit vendor marker found; retained in denominator,False,True,False,False,False,False,False,False,False,True,False,_staging/total-read/records/numgrid-FUNWAVE-20260728.jsonl,2,models/FUNWAVE/raw/source_code/FUNWAVE-TVD/simple_cases/tide_gen_abs_data/.output/eta_00005,models/FUNWAVE/raw/source_code/FUNWAVE-TVD/simple_cases/tide_gen_abs_data/.output/eta_00005 | models/FUNWAVE/raw/source_code/FUNWAVE-TVD/simple_cases/tide_time_spectra/.output/eta_00005
models/FUNWAVE/raw/source_code/FUNWAVE-TVD/simple_cases/tide_gen_abs_data/.output/eta_00006,fe6b871b194e7a09fc00ebe429be39047cc31f4355e5108777ec3d27dfc81b59,400100,text/plain,[none],case-data-or-output,FUNWAVE-TVD,True,no explicit vendor marker found; retained in denominator,False,True,False,False,False,False,False,False,False,True,False,_staging/total-read/records/numgrid-FUNWAVE-20260728.jsonl,2,models/FUNWAVE/raw/source_code/FUNWAVE-TVD/simple_cases/tide_gen_abs_data/.output/eta_00006,models/FUNWAVE/raw/source_code/FUNWAVE-TVD/simple_cases/tide_gen_abs_data/.output/eta_00006 | models/FUNWAVE/raw/source_code/FUNWAVE-TVD/simple_cases/tide_time_spectra/.output/eta_00006
models/FUNWAVE/raw/source_code/FUNWAVE-TVD/simple_cases/tide_gen_abs_data/.output/eta_00007,89b3e969cc4fe0a7d4586de7a67d00b72222fbbdb2da2fd39fa0d56e049b6187,400100,text/plain,[none],case-data-or-output,FUNWAVE-TVD,True,no explicit vendor marker found; retained in denominator,False,True,False,False,False,False,False,False,False,True,False,_staging/total-read/records/numgrid-FUNWAVE-20260728.jsonl,2,models/FUNWAVE/raw/source_code/FUNWAVE-TVD/simple_cases/tide_gen_abs_data/.output/eta_00007,models/FUNWAVE/raw/source_code/FUNWAVE-TVD/simple_cases/tide_gen_abs_data/.output/eta_00007 | models/FUNWAVE/raw/source_code/FUNWAVE-TVD/simple_cases/tide_time_spectra/.output/eta_00007
models/FUNWAVE/raw/source_code/FUNWAVE-TVD/simple_cases/tide_gen_abs_data/.output/eta_00008,6803538e15cef23f8b4b556a4425c555770c37417c1641ca4b2f34b1df1a470a,400100,text/plain,[none],case-data-or-output,FUNWAVE-TVD,True,no explicit vendor marker found; retained in denominator,False,True,False,False,False,False,False,False,False,True,False,_staging/total-read/records/numgrid-FUNWAVE-20260728.jsonl,2,models/FUNWAVE/raw/source_code/FUNWAVE-TVD/simple_cases/tide_gen_abs_data/.output/eta_00008,models/FUNWAVE/raw/source_code/FUNWAVE-TVD/simple_cases/tide_gen_abs_data/.output/eta_00008 | models/FUNWAVE/raw/source_code/FUNWAVE-TVD/simple_cases/tide_time_spectra/.output/eta_00008
models/FUNWAVE/raw/source_code/FUNWAVE-TVD/simple_cases/tide_gen_abs_data/.output/eta_00009,ca0b3f26d89c9205ee35edba0a1641943166ad0a4da9338773e8f787eb4f5900,400100,text/plain,[none],case-data-or-output,FUNWAVE-TVD,True,no explicit vendor marker found; retained in denominator,False,True,False,False,False,False,False,False,False,True,False,_staging/total-read/records/numgrid-FUNWAVE-20260728.jsonl,2,models/FUNWAVE/raw/source_code/FUNWAVE-TVD/simple_cases/tide_gen_abs_data/.output/eta_00009,models/FUNWAVE/raw/source_code/FUNWAVE-TVD/simple_cases/tide_gen_abs_data/.output/eta_00009 | models/FUNWAVE/raw/source_code/FUNWAVE-TVD/simple_cases/tide_time_spectra/.output/eta_00009
models/FUNWAVE/raw/source_code/FUNWAVE-TVD/simple_cases/tide_gen_abs_data/.output/eta_00010,7d6cf2ec4653d16935f86405b3ebab5b0180ea119219ab81ee16b94d8f6f0747,400100,text/plain,[none],case-data-or-output,FUNWAVE-TVD,True,no explicit vendor marker found; retained in denominator,False,True,False,False,False,False,False,False,False,True,False,_staging/total-read/records/numgrid-FUNWAVE-20260728.jsonl,2,models/FUNWAVE/raw/source_code/FUNWAVE-TVD/simple_cases/tide_gen_abs_data/.output/eta_00010,models/FUNWAVE/raw/source_code/FUNWAVE-TVD/simple_cases/tide_gen_abs_data/.output/eta_00010 | models/FUNWAVE/raw/source_code/FUNWAVE-TVD/simple_cases/tide_time_spectra/.output/eta_00010
models/FUNWAVE/raw/source_code/FUNWAVE-TVD/simple_cases/tide_gen_abs_data/.output/eta_00011,5c7f315b9ebc195ba7e93abf434fe0dcbff2524982732e7192f62c070f55ca75,400100,text/plain,[none],case-data-or-output,FUNWAVE-TVD,True,no explicit vendor marker found; retained in denominator,False,True,False,False,False,False,False,False,False,True,False,_staging/total-read/records/numgrid-FUNWAVE-20260728.jsonl,2,models/FUNWAVE/raw/source_code/FUNWAVE-TVD/simple_cases/tide_gen_abs_data/.output/eta_00011,models/FUNWAVE/raw/source_code/FUNWAVE-TVD/simple_cases/tide_gen_abs_data/.output/eta_00011 | models/FUNWAVE/raw/source_code/FUNWAVE-TVD/simple_cases/tide_time_spectra/.output/eta_00011
models/FUNWAVE/raw/source_code/FUNWAVE-TVD/simple_cases/tide_gen_abs_data/.output/eta_00012,cb54c0520fba65e0d73305cb981ddab9b7e52df42a936aa1c076b4cb87b78a6c,400100,text/plain,[none],case-data-or-output,FUNWAVE-TVD,True,no explicit vendor marker found; retained in denominator,False,True,False,False,False,False,False,False,False,True,False,_staging/total-read/records/numgrid-FUNWAVE-20260728.jsonl,2,models/FUNWAVE/raw/source_code/FUNWAVE-TVD/simple_cases/tide_gen_abs_data/.output/eta_00012,models/FUNWAVE/raw/source_code/FUNWAVE-TVD/simple_cases/tide_gen_abs_data/.output/eta_00012 | models/FUNWAVE/raw/source_code/FUNWAVE-TVD/simple_cases/tide_time_spectra/.output/eta_00012
models/FUNWAVE/raw/source_code/FUNWAVE-TVD/simple_cases/tide_gen_abs_data/.output/eta_00013,76bbc82c82d5ac712952bbd18de13d461152cf63143af51f97a148b20bd5f80e,400100,text/plain,[none],case-data-or-output,FUNWAVE-TVD,True,no explicit vendor marker found; retained in denominator,False,True,False,False,False,False,False,False,False,True,False,_staging/total-read/records/numgrid-FUNWAVE-20260728.jsonl,2,models/FUNWAVE/raw/source_code/FUNWAVE-TVD/simple_cases/tide_gen_abs_data/.output/eta_00013,models/FUNWAVE/raw/source_code/FUNWAVE-TVD/simple_cases/tide_gen_abs_data/.output/eta_00013 | models/FUNWAVE/raw/source_code/FUNWAVE-TVD/simple_cases/tide_time_spectra/.output/eta_00013
models/FUNWAVE/raw/source_code/FUNWAVE-TVD/simple_cases/tide_gen_abs_data/.output/eta_00014,0acdc301eb2a5e1fe5dd525bd96afa0afb4f437aa6670c05cf7818dde45315f6,400100,text/plain,[none],case-data-or-output,FUNWAVE-TVD,True,no explicit vendor marker found; retained in denominator,False,True,False,False,False,False,False,False,False,True,False,_staging/total-read/records/numgrid-FUNWAVE-20260728.jsonl,2,models/FUNWAVE/raw/source_code/FUNWAVE-TVD/simple_cases/tide_gen_abs_data/.output/eta_00014,models/FUNWAVE/raw/source_code/FUNWAVE-TVD/simple_cases/tide_gen_abs_data/.output/eta_00014 | models/FUNWAVE/raw/source_code/FUNWAVE-TVD/simple_cases/tide_time_spectra/.output/eta_00014
models/FUNWAVE/raw/source_code/FUNWAVE-TVD/simple_cases/tide_gen_abs_data/.output/eta_00015,2eab83529addfd01f8468bc2e46824c88d7b25d5e3f2b8fcb4c5312336a611e8,400100,text/plain,[none],case-data-or-output,FUNWAVE-TVD,True,no explicit vendor marker found; retained in denominator,False,True,False,False,False,False,False,False,False,True,False,_staging/total-read/records/numgrid-FUNWAVE-20260728.jsonl,2,models/FUNWAVE/raw/source_code/FUNWAVE-TVD/simple_cases/tide_gen_abs_data/.output/eta_00015,models/FUNWAVE/raw/source_code/FUNWAVE-TVD/simple_cases/tide_gen_abs_data/.output/eta_00015 | models/FUNWAVE/raw/source_code/FUNWAVE-TVD/simple_cases/tide_time_spectra/.output/eta_00015
models/FUNWAVE/raw/source_code/FUNWAVE-TVD/simple_cases/tide_gen_abs_data/.output/eta_00016,b63efd132ab6c87ecd27c277a485b51f3d777ee018eb061edf1918397b009072,400100,text/plain,[none],case-data-or-output,FUNWAVE-TVD,True,no explicit vendor marker found; retained in denominator,False,True,False,False,False,False,False,False,False,True,False,_staging/total-read/records/numgrid-FUNWAVE-20260728.jsonl,2,models/FUNWAVE/raw/source_code/FUNWAVE-TVD/simple_cases/tide_gen_abs_data/.output/eta_00016,models/FUNWAVE/raw/source_code/FUNWAVE-TVD/simple_cases/tide_gen_abs_data/.output/eta_00016 | models/FUNWAVE/raw/source_code/FUNWAVE-TVD/simple_cases/tide_time_spectra/.output/eta_00016
models/FUNWAVE/raw/source_code/FUNWAVE-TVD/simple_cases/tide_gen_abs_data/.output/eta_00017,188362a285041ab152f81f39f7742066197cb7bdf858db6ffacf9575a52128a9,400100,text/plain,[none],case-data-or-output,FUNWAVE-TVD,True,no explicit vendor marker found; retained in denominator,False,True,False,False,False,False,False,False,False,True,False,_staging/total-read/records/numgrid-FUNWAVE-20260728.jsonl,2,models/FUNWAVE/raw/source_code/FUNWAVE-TVD/simple_cases/tide_gen_abs_data/.output/eta_00017,models/FUNWAVE/raw/source_code/FUNWAVE-TVD/simple_cases/tide_gen_abs_data/.output/eta_00017 | models/FUNWAVE/raw/source_code/FUNWAVE-TVD/simple_cases/tide_time_spectra/.output/eta_00017
models/FUNWAVE/raw/source_code/FUNWAVE-TVD/simple_cases/tide_gen_abs_data/.output/eta_00018,ce649138ef217c9a1d2eb2915fc2204b39d8359bfc60694d2feb987181089bbb,400100,text/plain,[none],case-data-or-output,FUNWAVE-TVD,True,no explicit vendor marker found; retained in denominator,False,True,False,False,False,False,False,False,False,True,False,_staging/total-read/records/numgrid-FUNWAVE-20260728.jsonl,2,models/FUNWAVE/raw/source_code/FUNWAVE-TVD/simple_cases/tide_gen_abs_data/.output/eta_00018,models/FUNWAVE/raw/source_code/FUNWAVE-TVD/simple_cases/tide_gen_abs_data/.output/eta_00018 | models/FUNWAVE/raw/source_code/FUNWAVE-TVD/simple_cases/tide_time_spectra/.output/eta_00018
models/FUNWAVE/raw/source_code/FUNWAVE-TVD/simple_cases/tide_gen_abs_data/.output/eta_00019,b569098c143e106cf728fb52ef751d489d43540dbe63fcf1d33b417bfd38d969,400100,text/plain,[none],case-data-or-output,FUNWAVE-TVD,True,no explicit vendor marker found; retained in denominator,False,True,False,False,False,False,False,False,False,True,False,_staging/total-read/records/numgrid-FUNWAVE-20260728.jsonl,2,models/FUNWAVE/raw/source_code/FUNWAVE-TVD/simple_cases/tide_gen_abs_data/.output/eta_00019,models/FUNWAVE/raw/source_code/FUNWAVE-TVD/simple_cases/tide_gen_abs_data/.output/eta_00019 | models/FUNWAVE/raw/source_code/FUNWAVE-TVD/simple_cases/tide_time_spectra/.output/eta_00019
models/FUNWAVE/raw/source_code/FUNWAVE-TVD/simple_cases/tide_gen_abs_data/.output/eta_00020,a07a390af98134e66f4c0b8bd1dfd64fa7f50b739e5721b910b4887c3f553552,400100,text/plain,[none],case-data-or-output,FUNWAVE-TVD,True,no explicit vendor marker found; retained in denominator,False,True,False,False,False,False,False,False,False,True,False,_staging/total-read/records/numgrid-FUNWAVE-20260728.jsonl,2,models/FUNWAVE/raw/source_code/FUNWAVE-TVD/simple_cases/tide_gen_abs_data/.output/eta_00020,models/FUNWAVE/raw/source_code/FUNWAVE-TVD/simple_cases/tide_gen_abs_data/.output/eta_00020 | models/FUNWAVE/raw/source_code/FUNWAVE-TVD/simple_cases/tide_time_spectra/.output/eta_00020
models/FUNWAVE/raw/source_code/FUNWAVE-TVD/simple_cases/tide_gen_abs_data/.output/eta_00021,d62faf0409953a462f5a565f977d3b3570e96c8fd147b9b7f512ce30252b5932,400100,text/plain,[none],case-data-or-output,FUNWAVE-TVD,True,no explicit vendor marker found; retained in denominator,False,True,False,False,False,False,False,False,False,True,False,_staging/total-read/records/numgrid-FUNWAVE-20260728.jsonl,2,models/FUNWAVE/raw/source_code/FUNWAVE-TVD/simple_cases/tide_gen_abs_data/.output/eta_00021,models/FUNWAVE/raw/source_code/FUNWAVE-TVD/simple_cases/tide_gen_abs_data/.output/eta_00021 | models/FUNWAVE/raw/source_code/FUNWAVE-TVD/simple_cases/tide_time_spectra/.output/eta_00021
models/FUNWAVE/raw/source_code/FUNWAVE-TVD/simple_cases/tide_gen_abs_data/.output/eta_00022,fc4d73f9e2a717be54b842e398093d81f1f4da8df0b25f036b46e78742058ceb,400100,text/plain,[none],case-data-or-output,FUNWAVE-TVD,True,no explicit vendor marker found; retained in denominator,False,True,False,False,False,False,False,False,False,True,False,_staging/total-read/records/numgrid-FUNWAVE-20260728.jsonl,2,models/FUNWAVE/raw/source_code/FUNWAVE-TVD/simple_cases/tide_gen_abs_data/.output/eta_00022,models/FUNWAVE/raw/source_code/FUNWAVE-TVD/simple_cases/tide_gen_abs_data/.output/eta_00022 | models/FUNWAVE/raw/source_code/FUNWAVE-TVD/simple_cases/tide_time_spectra/.output/eta_00022
models/FUNWAVE/raw/source_code/FUNWAVE-TVD/simple_cases/tide_gen_abs_data/.output/eta_00023,7f943d8a30e06d809e58f7b1564f7c3246e86fdcfd45a154c22a38710ff62d0a,400100,text/plain,[none],case-data-or-output,FUNWAVE-TVD,True,no explicit vendor marker found; retained in denominator,False,True,False,False,False,False,False,False,False,True,False,_staging/total-read/records/numgrid-FUNWAVE-20260728.jsonl,2,models/FUNWAVE/raw/source_code/FUNWAVE-TVD/simple_cases/tide_gen_abs_data/.output/eta_00023,models/FUNWAVE/raw/source_code/FUNWAVE-TVD/simple_cases/tide_gen_abs_data/.output/eta_00023 | models/FUNWAVE/raw/source_code/FUNWAVE-TVD/simple_cases/tide_time_spectra/.output/eta_00023
models/FUNWAVE/raw/source_code/FUNWAVE-TVD/simple_cases/tide_gen_abs_data/.output/eta_00024,9a8de8c9218b620b29d2166b7eace7a6d4a87f5224efe0a12155dabf2e3cc7d4,400100,text/plain,[none],case-data-or-output,FUNWAVE-TVD,True,no explicit vendor marker found; retained in denominator,False,True,False,False,False,False,False,False,False,True,False,_staging/total-read/records/numgrid-FUNWAVE-20260728.jsonl,2,models/FUNWAVE/raw/source_code/FUNWAVE-TVD/simple_cases/tide_gen_abs_data/.output/eta_00024,models/FUNWAVE/raw/source_code/FUNWAVE-TVD/simple_cases/tide_gen_abs_data/.output/eta_00024 | models/FUNWAVE/raw/source_code/FUNWAVE-TVD/simple_cases/tide_time_spectra/.output/eta_00024
models/FUNWAVE/raw/source_code/FUNWAVE-TVD/simple_cases/tide_gen_abs_data/.output/eta_00025,3b12b4112ac3aa0a6fedff247a139657ce13e181ce8da3842e0ddb18a64b715f,400100,text/plain,[none],case-data-or-output,FUNWAVE-TVD,True,no explicit vendor marker found; retained in denominator,False,True,False,False,False,False,False,False,False,True,False,_staging/total-read/records/numgrid-FUNWAVE-20260728.jsonl,2,models/FUNWAVE/raw/source_code/FUNWAVE-TVD/simple_cases/tide_gen_abs_data/.output/eta_00025,models/FUNWAVE/raw/source_code/FUNWAVE-TVD/simple_cases/tide_gen_abs_data/.output/eta_00025 | models/FUNWAVE/raw/source_code/FUNWAVE-TVD/simple_cases/tide_time_spectra/.output/eta_00025
models/FUNWAVE/raw/source_code/FUNWAVE-TVD/simple_cases/tide_gen_abs_data/.output/eta_00026,4fe150238908f352ed2865939f2f932981929ebb7d4e765860dfccd7628dfd29,400100,text/plain,[none],case-data-or-output,FUNWAVE-TVD,True,no explicit vendor marker found; retained in denominator,False,True,False,False,False,False,False,False,False,True,False,_staging/total-read/records/numgrid-FUNWAVE-20260728.jsonl,2,models/FUNWAVE/raw/source_code/FUNWAVE-TVD/simple_cases/tide_gen_abs_data/.output/eta_00026,models/FUNWAVE/raw/source_code/FUNWAVE-TVD/simple_cases/tide_gen_abs_data/.output/eta_00026 | models/FUNWAVE/raw/source_code/FUNWAVE-TVD/simple_cases/tide_time_spectra/.output/eta_00026
models/FUNWAVE/raw/source_code/FUNWAVE-TVD/simple_cases/tide_gen_abs_data/.output/eta_00027,62a75b23349ce6ef893a0b47399e93daa1c52ff285595424ed6974005fc20034,400100,text/plain,[none],case-data-or-output,FUNWAVE-TVD,True,no explicit vendor marker found; retained in denominator,False,True,False,False,False,False,False,False,False,True,False,_staging/total-read/records/numgrid-FUNWAVE-20260728.jsonl,2,models/FUNWAVE/raw/source_code/FUNWAVE-TVD/simple_cases/tide_gen_abs_data/.output/eta_00027,models/FUNWAVE/raw/source_code/FUNWAVE-TVD/simple_cases/tide_gen_abs_data/.output/eta_00027 | models/FUNWAVE/raw/source_code/FUNWAVE-TVD/simple_cases/tide_time_spectra/.output/eta_00027
models/FUNWAVE/raw/source_code/FUNWAVE-TVD/simple_cases/tide_gen_abs_data/.output/eta_00028,7dffc8cf6cec324a6db30dab62aa3ac410d3dcc9c10e274d5e8e4c5a10a85cff,400100,text/plain,[none],case-data-or-output,FUNWAVE-TVD,True,no explicit vendor marker found; retained in denominator,False,True,False,False,False,False,False,False,False,True,False,_staging/total-read/records/numgrid-FUNWAVE-20260728.jsonl,2,models/FUNWAVE/raw/source_code/FUNWAVE-TVD/simple_cases/tide_gen_abs_data/.output/eta_00028,models/FUNWAVE/raw/source_code/FUNWAVE-TVD/simple_cases/tide_gen_abs_data/.output/eta_00028 | models/FUNWAVE/raw/source_code/FUNWAVE-TVD/simple_cases/tide_time_spectra/.output/eta_00028
models/FUNWAVE/raw/source_code/FUNWAVE-TVD/simple_cases/tide_gen_abs_data/.output/eta_00029,6b5019a6fb52290c1de4eb41fb7558b4492d673a2d0d756eaf92f9c01ae589df,400100,text/plain,[none],case-data-or-output,FUNWAVE-TVD,True,no explicit vendor marker found; retained in denominator,False,True,False,False,False,False,False,False,False,True,False,_staging/total-read/records/numgrid-FUNWAVE-20260728.jsonl,2,models/FUNWAVE/raw/source_code/FUNWAVE-TVD/simple_cases/tide_gen_abs_data/.output/eta_00029,models/FUNWAVE/raw/source_code/FUNWAVE-TVD/simple_cases/tide_gen_abs_data/.output/eta_00029 | models/FUNWAVE/raw/source_code/FUNWAVE-TVD/simple_cases/tide_time_spectra/.output/eta_00029
models/FUNWAVE/raw/source_code/FUNWAVE-TVD/simple_cases/tide_gen_abs_data/.output/eta_00030,be2828d73d8ca31fa4a69ce94b6198b302384d4de9e49eb35104463ad79ce537,400100,text/plain,[none],case-data-or-output,FUNWAVE-TVD,True,no explicit vendor marker found; retained in denominator,False,True,False,False,False,False,False,False,False,True,False,_staging/total-read/records/numgrid-FUNWAVE-20260728.jsonl,2,models/FUNWAVE/raw/source_code/FUNWAVE-TVD/simple_cases/tide_gen_abs_data/.output/eta_00030,models/FUNWAVE/raw/source_code/FUNWAVE-TVD/simple_cases/tide_gen_abs_data/.output/eta_00030 | models/FUNWAVE/raw/source_code/FUNWAVE-TVD/simple_cases/tide_time_spectra/.output/eta_00030
models/FUNWAVE/raw/source_code/FUNWAVE-TVD/simple_cases/tide_gen_abs_data/.output/eta_00031,0eed6b24fb2b06f45e7ae1db688ad58dbc4051f37a319535ad5f6fad37534cd6,400100,text/plain,[none],case-data-or-output,FUNWAVE-TVD,True,no explicit vendor marker found; retained in denominator,False,True,False,False,False,False,False,False,False,True,False,_staging/total-read/records/numgrid-FUNWAVE-20260728.jsonl,2,models/FUNWAVE/raw/source_code/FUNWAVE-TVD/simple_cases/tide_gen_abs_data/.output/eta_00031,models/FUNWAVE/raw/source_code/FUNWAVE-TVD/simple_cases/tide_gen_abs_data/.output/eta_00031 | models/FUNWAVE/raw/source_code/FUNWAVE-TVD/simple_cases/tide_time_spectra/.output/eta_00031
models/FUNWAVE/raw/source_code/FUNWAVE-TVD/simple_cases/tide_gen_abs_data/.output/eta_00032,8a34027aad4e90aab0a16444f9dca6fe4b5eec3632642e5a3fccdb443546e5ac,400100,text/plain,[none],case-data-or-output,FUNWAVE-TVD,True,no explicit vendor marker found; retained in denominator,False,True,False,False,False,False,False,False,False,True,False,_staging/total-read/records/numgrid-FUNWAVE-20260728.jsonl,2,models/FUNWAVE/raw/source_code/FUNWAVE-TVD/simple_cases/tide_gen_abs_data/.output/eta_00032,models/FUNWAVE/raw/source_code/FUNWAVE-TVD/simple_cases/tide_gen_abs_data/.output/eta_00032 | models/FUNWAVE/raw/source_code/FUNWAVE-TVD/simple_cases/tide_time_spectra/.output/eta_00032
models/FUNWAVE/raw/source_code/FUNWAVE-TVD/simple_cases/tide_gen_abs_data/.output/eta_00033,efe325ba6fc07a2d98ef265981ddf481b3c9876f8e289f4eeade527fc24b5422,400100,text/plain,[none],case-data-or-output,FUNWAVE-TVD,True,no explicit vendor marker found; retained in denominator,False,True,False,False,False,False,False,False,False,True,False,_staging/total-read/records/numgrid-FUNWAVE-20260728.jsonl,2,models/FUNWAVE/raw/source_code/FUNWAVE-TVD/simple_cases/tide_gen_abs_data/.output/eta_00033,models/FUNWAVE/raw/source_code/FUNWAVE-TVD/simple_cases/tide_gen_abs_data/.output/eta_00033 | models/FUNWAVE/raw/source_code/FUNWAVE-TVD/simple_cases/tide_time_spectra/.output/eta_00033
models/FUNWAVE/raw/source_code/FUNWAVE-TVD/simple_cases/tide_gen_abs_data/.output/eta_00034,0be39e6496f17797a94c8aa535f670de50814723a19bc28b65c1905fd26d58ab,400100,text/plain,[none],case-data-or-output,FUNWAVE-TVD,True,no explicit vendor marker found; retained in denominator,False,True,False,False,False,False,False,False,False,True,False,_staging/total-read/records/numgrid-FUNWAVE-20260728.jsonl,2,models/FUNWAVE/raw/source_code/FUNWAVE-TVD/simple_cases/tide_gen_abs_data/.output/eta_00034,models/FUNWAVE/raw/source_code/FUNWAVE-TVD/simple_cases/tide_gen_abs_data/.output/eta_00034 | models/FUNWAVE/raw/source_code/FUNWAVE-TVD/simple_cases/tide_time_spectra/.output/eta_00034
models/FUNWAVE/raw/source_code/FUNWAVE-TVD/simple_cases/tide_gen_abs_data/.output/eta_00035,45de1e6364674c772f973495db2452a73f92e96cbd4525c5ffa2bd9d39210ad7,400100,text/plain,[none],case-data-or-output,FUNWAVE-TVD,True,no explicit vendor marker found; retained in denominator,False,True,False,False,False,False,False,False,False,True,False,_staging/total-read/records/numgrid-FUNWAVE-20260728.jsonl,2,models/FUNWAVE/raw/source_code/FUNWAVE-TVD/simple_cases/tide_gen_abs_data/.output/eta_00035,models/FUNWAVE/raw/source_code/FUNWAVE-TVD/simple_cases/tide_gen_abs_data/.output/eta_00035 | models/FUNWAVE/raw/source_code/FUNWAVE-TVD/simple_cases/tide_time_spectra/.output/eta_00035
models/FUNWAVE/raw/source_code/FUNWAVE-TVD/simple_cases/tide_gen_abs_data/.output/eta_00036,89b9b8eeeaea2f07eb67cefef51ee8c92c903f08dc4eb7b60b4c1aa918d51064,400100,text/plain,[none],case-data-or-output,FUNWAVE-TVD,True,no explicit vendor marker found; retained in denominator,False,True,False,False,False,False,False,False,False,True,False,_staging/total-read/records/numgrid-FUNWAVE-20260728.jsonl,2,models/FUNWAVE/raw/source_code/FUNWAVE-TVD/simple_cases/tide_gen_abs_data/.output/eta_00036,models/FUNWAVE/raw/source_code/FUNWAVE-TVD/simple_cases/tide_gen_abs_data/.output/eta_00036 | models/FUNWAVE/raw/source_code/FUNWAVE-TVD/simple_cases/tide_time_spectra/.output/eta_00036
models/FUNWAVE/raw/source_code/FUNWAVE-TVD/simple_cases/tide_gen_abs_data/.output/eta_00037,3119da612c3679f7fc2c9510b1d1fb84d2a16efb0954954a0a06d22454fcb929,400100,text/plain,[none],case-data-or-output,FUNWAVE-TVD,True,no explicit vendor marker found; retained in denominator,False,True,False,False,False,False,False,False,False,True,False,_staging/total-read/records/numgrid-FUNWAVE-20260728.jsonl,2,models/FUNWAVE/raw/source_code/FUNWAVE-TVD/simple_cases/tide_gen_abs_data/.output/eta_00037,models/FUNWAVE/raw/source_code/FUNWAVE-TVD/simple_cases/tide_gen_abs_data/.output/eta_00037 | models/FUNWAVE/raw/source_code/FUNWAVE-TVD/simple_cases/tide_time_spectra/.output/eta_00037
models/FUNWAVE/raw/source_code/FUNWAVE-TVD/simple_cases/tide_gen_abs_data/.output/eta_00038,28b6193d55958444cc500fe51915f88761b2a04a6e82b6abdea3ec7665d28614,400100,text/plain,[none],case-data-or-output,FUNWAVE-TVD,True,no explicit vendor marker found; retained in denominator,False,True,False,False,False,False,False,False,False,True,False,_staging/total-read/records/numgrid-FUNWAVE-20260728.jsonl,2,models/FUNWAVE/raw/source_code/FUNWAVE-TVD/simple_cases/tide_gen_abs_data/.output/eta_00038,models/FUNWAVE/raw/source_code/FUNWAVE-TVD/simple_cases/tide_gen_abs_data/.output/eta_00038 | models/FUNWAVE/raw/source_code/FUNWAVE-TVD/simple_cases/tide_time_spectra/.output/eta_00038
models/FUNWAVE/raw/source_code/FUNWAVE-TVD/simple_cases/tide_gen_abs_data/.output/eta_00039,7a4e110c06347b7f2e7b8eb65a2db546ec7356ac845e9d839791ea292ff03504,400100,text/plain,[none],case-data-or-output,FUNWAVE-TVD,True,no explicit vendor marker found; retained in denominator,False,True,False,False,False,False,False,False,False,True,False,_staging/total-read/records/numgrid-FUNWAVE-20260728.jsonl,2,models/FUNWAVE/raw/source_code/FUNWAVE-TVD/simple_cases/tide_gen_abs_data/.output/eta_00039,models/FUNWAVE/raw/source_code/FUNWAVE-TVD/simple_cases/tide_gen_abs_data/.output/eta_00039 | models/FUNWAVE/raw/source_code/FUNWAVE-TVD/simple_cases/tide_time_spectra/.output/eta_00039
models/FUNWAVE/raw/source_code/FUNWAVE-TVD/simple_cases/tide_gen_abs_data/.output/eta_00040,f058d5dbcbf309bd0de83e23a7918be39f42213e4a834943233882c6e36f1363,400100,text/plain,[none],case-data-or-output,FUNWAVE-TVD,True,no explicit vendor marker found; retained in denominator,False,True,False,False,False,False,False,False,False,True,False,_staging/total-read/records/numgrid-FUNWAVE-20260728.jsonl,2,models/FUNWAVE/raw/source_code/FUNWAVE-TVD/simple_cases/tide_gen_abs_data/.output/eta_00040,models/FUNWAVE/raw/source_code/FUNWAVE-TVD/simple_cases/tide_gen_abs_data/.output/eta_00040 | models/FUNWAVE/raw/source_code/FUNWAVE-TVD/simple_cases/tide_time_spectra/.output/eta_00040
models/FUNWAVE/raw/source_code/FUNWAVE-TVD/simple_cases/tide_gen_abs_data/.output/eta_00041,65dd7e052652547351b8cbf180ea00f6bc2f6a6a67149b82e03ff499f7e52ac4,400100,text/plain,[none],case-data-or-output,FUNWAVE-TVD,True,no explicit vendor marker found; retained in denominator,False,True,False,False,False,False,False,False,False,True,False,_staging/total-read/records/numgrid-FUNWAVE-20260728.jsonl,2,models/FUNWAVE/raw/source_code/FUNWAVE-TVD/simple_cases/tide_gen_abs_data/.output/eta_00041,models/FUNWAVE/raw/source_code/FUNWAVE-TVD/simple_cases/tide_gen_abs_data/.output/eta_00041 | models/FUNWAVE/raw/source_code/FUNWAVE-TVD/simple_cases/tide_time_spectra/.output/eta_00041
models/FUNWAVE/raw/source_code/FUNWAVE-TVD/simple_cases/tide_gen_abs_data/.output/eta_00042,ad3eb8f4c2b8cc168c54e74d5b01191791ad04f84b7e2ff339f1b51fe276dae1,400100,text/plain,[none],case-data-or-output,FUNWAVE-TVD,True,no explicit vendor marker found; retained in denominator,False,True,False,False,False,False,False,False,False,True,False,_staging/total-read/records/numgrid-FUNWAVE-20260728.jsonl,2,models/FUNWAVE/raw/source_code/FUNWAVE-TVD/simple_cases/tide_gen_abs_data/.output/eta_00042,models/FUNWAVE/raw/source_code/FUNWAVE-TVD/simple_cases/tide_gen_abs_data/.output/eta_00042 | models/FUNWAVE/raw/source_code/FUNWAVE-TVD/simple_cases/tide_time_spectra/.output/eta_00042
models/FUNWAVE/raw/source_code/FUNWAVE-TVD/simple_cases/tide_gen_abs_data/.output/eta_00043,e6a71c49a7627b7eab5fdf7d19ce7a0bf8104303f5463c790fc934ce6e0040a7,400100,text/plain,[none],case-data-or-output,FUNWAVE-TVD,True,no explicit vendor marker found; retained in denominator,False,True,False,False,False,False,False,False,False,True,False,_staging/total-read/records/numgrid-FUNWAVE-20260728.jsonl,2,models/FUNWAVE/raw/source_code/FUNWAVE-TVD/simple_cases/tide_gen_abs_data/.output/eta_00043,models/FUNWAVE/raw/source_code/FUNWAVE-TVD/simple_cases/tide_gen_abs_data/.output/eta_00043 | models/FUNWAVE/raw/source_code/FUNWAVE-TVD/simple_cases/tide_time_spectra/.output/eta_00043
models/FUNWAVE/raw/source_code/FUNWAVE-TVD/simple_cases/tide_gen_abs_data/.output/eta_00044,f5d51d612501f3e80e4260a8c89a831489ad1f8b97df96b176859f0a9af5fd7f,400100,text/plain,[none],case-data-or-output,FUNWAVE-TVD,True,no explicit vendor marker found; retained in denominator,False,True,False,False,False,False,False,False,False,True,False,_staging/total-read/records/numgrid-FUNWAVE-20260728.jsonl,2,models/FUNWAVE/raw/source_code/FUNWAVE-TVD/simple_cases/tide_gen_abs_data/.output/eta_00044,models/FUNWAVE/raw/source_code/FUNWAVE-TVD/simple_cases/tide_gen_abs_data/.output/eta_00044 | models/FUNWAVE/raw/source_code/FUNWAVE-TVD/simple_cases/tide_time_spectra/.output/eta_00044
models/FUNWAVE/raw/source_code/FUNWAVE-TVD/simple_cases/tide_gen_abs_data/.output/eta_00045,179502a01c57a10c19808ac854752c53843aebf0f80e0a81d5177b0c094aca98,400100,text/plain,[none],case-data-or-output,FUNWAVE-TVD,True,no explicit vendor marker found; retained in denominator,False,True,False,False,False,False,False,False,False,True,False,_staging/total-read/records/numgrid-FUNWAVE-20260728.jsonl,2,models/FUNWAVE/raw/source_code/FUNWAVE-TVD/simple_cases/tide_gen_abs_data/.output/eta_00045,models/FUNWAVE/raw/source_code/FUNWAVE-TVD/simple_cases/tide_gen_abs_data/.output/eta_00045 | models/FUNWAVE/raw/source_code/FUNWAVE-TVD/simple_cases/tide_time_spectra/.output/eta_00045
models/FUNWAVE/raw/source_code/FUNWAVE-TVD/simple_cases/tide_gen_abs_data/.output/eta_00046,7efd173355aadfcdac0a3d566ee51af1ee6b43b95a769942227c851aee265d38,400100,text/plain,[none],case-data-or-output,FUNWAVE-TVD,True,no explicit vendor marker found; retained in denominator,False,True,False,False,False,False,False,False,False,True,False,_staging/total-read/records/numgrid-FUNWAVE-20260728.jsonl,2,models/FUNWAVE/raw/source_code/FUNWAVE-TVD/simple_cases/tide_gen_abs_data/.output/eta_00046,models/FUNWAVE/raw/source_code/FUNWAVE-TVD/simple_cases/tide_gen_abs_data/.output/eta_00046 | models/FUNWAVE/raw/source_code/FUNWAVE-TVD/simple_cases/tide_time_spectra/.output/eta_00046
models/FUNWAVE/raw/source_code/FUNWAVE-TVD/simple_cases/tide_gen_abs_data/.output/eta_00047,61393b620e37f94b4c3d4f1ae87f6041b6d1ef879761bb4828c4b8dae26e5225,400100,text/plain,[none],case-data-or-output,FUNWAVE-TVD,True,no explicit vendor marker found; retained in denominator,False,True,False,False,False,False,False,False,False,True,False,_staging/total-read/records/numgrid-FUNWAVE-20260728.jsonl,2,models/FUNWAVE/raw/source_code/FUNWAVE-TVD/simple_cases/tide_gen_abs_data/.output/eta_00047,models/FUNWAVE/raw/source_code/FUNWAVE-TVD/simple_cases/tide_gen_abs_data/.output/eta_00047 | models/FUNWAVE/raw/source_code/FUNWAVE-TVD/simple_cases/tide_time_spectra/.output/eta_00047
models/FUNWAVE/raw/source_code/FUNWAVE-TVD/simple_cases/tide_gen_abs_data/.output/eta_00048,b3308c002ac7d657f835aab256f5d488fcd0a6c56e0efc392a3d3aec85235cef,400100,text/plain,[none],case-data-or-output,FUNWAVE-TVD,True,no explicit vendor marker found; retained in denominator,False,True,False,False,False,False,False,False,False,True,False,_staging/total-read/records/numgrid-FUNWAVE-20260728.jsonl,2,models/FUNWAVE/raw/source_code/FUNWAVE-TVD/simple_cases/tide_gen_abs_data/.output/eta_00048,models/FUNWAVE/raw/source_code/FUNWAVE-TVD/simple_cases/tide_gen_abs_data/.output/eta_00048 | models/FUNWAVE/raw/source_code/FUNWAVE-TVD/simple_cases/tide_time_spectra/.output/eta_00048
models/FUNWAVE/raw/source_code/FUNWAVE-TVD/simple_cases/tide_gen_abs_data/.output/eta_00049,20016135c57ac27fd8dfe0c5c3205cbc77c489bbe187606addaa1e6d71510220,400100,text/plain,[none],case-data-or-output,FUNWAVE-TVD,True,no explicit vendor marker found; retained in denominator,False,True,False,False,False,False,False,False,False,True,False,_staging/total-read/records/numgrid-FUNWAVE-20260728.jsonl,2,models/FUNWAVE/raw/source_code/FUNWAVE-TVD/simple_cases/tide_gen_abs_data/.output/eta_00049,models/FUNWAVE/raw/source_code/FUNWAVE-TVD/simple_cases/tide_gen_abs_data/.output/eta_00049 | models/FUNWAVE/raw/source_code/FUNWAVE-TVD/simple_cases/tide_time_spectra/.output/eta_00049
models/FUNWAVE/raw/source_code/FUNWAVE-TVD/simple_cases/tide_gen_abs_data/.output/eta_00050,59dbec885b6003dc0f5af643753a934d994a3e977ab8e1cc1a08e124cb7f1a76,400100,text/plain,[none],case-data-or-output,FUNWAVE-TVD,True,no explicit vendor marker found; retained in denominator,False,True,False,False,False,False,False,False,False,True,False,_staging/total-read/records/numgrid-FUNWAVE-20260728.jsonl,2,models/FUNWAVE/raw/source_code/FUNWAVE-TVD/simple_cases/tide_gen_abs_data/.output/eta_00050,models/FUNWAVE/raw/source_code/FUNWAVE-TVD/simple_cases/tide_gen_abs_data/.output/eta_00050 | models/FUNWAVE/raw/source_code/FUNWAVE-TVD/simple_cases/tide_time_spectra/.output/eta_00050
models/FUNWAVE/raw/source_code/FUNWAVE-TVD/simple_cases/tide_gen_abs_data/.output/eta_00051,0b8c3defc8bd4a9962f74a5a27a9140ba9357bbe66a98eb0b303f57d5f5eaeb5,400100,text/plain,[none],case-data-or-output,FUNWAVE-TVD,True,no explicit vendor marker found; retained in denominator,False,True,False,False,False,False,False,False,False,True,False,_staging/total-read/records/numgrid-FUNWAVE-20260728.jsonl,2,models/FUNWAVE/raw/source_code/FUNWAVE-TVD/simple_cases/tide_gen_abs_data/.output/eta_00051,models/FUNWAVE/raw/source_code/FUNWAVE-TVD/simple_cases/tide_gen_abs_data/.output/eta_00051 | models/FUNWAVE/raw/source_code/FUNWAVE-TVD/simple_cases/tide_time_spectra/.output/eta_00051
models/FUNWAVE/raw/source_code/FUNWAVE-TVD/simple_cases/tide_gen_abs_data/.output/eta_00052,fae5f7701972b760913265a0ae88b23b3aee20e0c65189c65b6ddf18f51857f9,400100,text/plain,[none],case-data-or-output,FUNWAVE-TVD,True,no explicit vendor marker found; retained in denominator,False,True,False,False,False,False,False,False,False,True,False,_staging/total-read/records/numgrid-FUNWAVE-20260728.jsonl,2,models/FUNWAVE/raw/source_code/FUNWAVE-TVD/simple_cases/tide_gen_abs_data/.output/eta_00052,models/FUNWAVE/raw/source_code/FUNWAVE-TVD/simple_cases/tide_gen_abs_data/.output/eta_00052 | models/FUNWAVE/raw/source_code/FUNWAVE-TVD/simple_cases/tide_time_spectra/.output/eta_00052
models/FUNWAVE/raw/source_code/FUNWAVE-TVD/simple_cases/tide_gen_abs_data/.output/eta_00053,f739029e64df76d9725e62ed8074eb0966e00d1f77230dd44c70493a7d02611e,400100,text/plain,[none],case-data-or-output,FUNWAVE-TVD,True,no explicit vendor marker found; retained in denominator,False,True,False,False,False,False,False,False,False,True,False,_staging/total-read/records/numgrid-FUNWAVE-20260728.jsonl,2,models/FUNWAVE/raw/source_code/FUNWAVE-TVD/simple_cases/tide_gen_abs_data/.output/eta_00053,models/FUNWAVE/raw/source_code/FUNWAVE-TVD/simple_cases/tide_gen_abs_data/.output/eta_00053 | models/FUNWAVE/raw/source_code/FUNWAVE-TVD/simple_cases/tide_time_spectra/.output/eta_00053
models/FUNWAVE/raw/source_code/FUNWAVE-TVD/simple_cases/tide_gen_abs_data/.output/eta_00054,3c831d0d2008bf67b9467441d8eb17c497758098c1e55b4be61e99f99236a4fc,400100,text/plain,[none],case-data-or-output,FUNWAVE-TVD,True,no explicit vendor marker found; retained in denominator,False,True,False,False,False,False,False,False,False,True,False,_staging/total-read/records/numgrid-FUNWAVE-20260728.jsonl,2,models/FUNWAVE/raw/source_code/FUNWAVE-TVD/simple_cases/tide_gen_abs_data/.output/eta_00054,models/FUNWAVE/raw/source_code/FUNWAVE-TVD/simple_cases/tide_gen_abs_data/.output/eta_00054 | models/FUNWAVE/raw/source_code/FUNWAVE-TVD/simple_cases/tide_time_spectra/.output/eta_00054
models/FUNWAVE/raw/source_code/FUNWAVE-TVD/simple_cases/tide_gen_abs_data/.output/eta_00055,6f03dea5711fc0c49b02902bcd5b01ee8c7795bc1353ddd6c9afdc1b89a68463,400100,text/plain,[none],case-data-or-output,FUNWAVE-TVD,True,no explicit vendor marker found; retained in denominator,False,True,False,False,False,False,False,False,False,True,False,_staging/total-read/records/numgrid-FUNWAVE-20260728.jsonl,2,models/FUNWAVE/raw/source_code/FUNWAVE-TVD/simple_cases/tide_gen_abs_data/.output/eta_00055,models/FUNWAVE/raw/source_code/FUNWAVE-TVD/simple_cases/tide_gen_abs_data/.output/eta_00055 | models/FUNWAVE/raw/source_code/FUNWAVE-TVD/simple_cases/tide_time_spectra/.output/eta_00055
models/FUNWAVE/raw/source_code/FUNWAVE-TVD/simple_cases/tide_gen_abs_data/.output/eta_00056,1343a840b47ede6f48a2a63edf87b7ac4bc63f9f6a8e8b30aae5c8e6dbb98e12,400100,text/plain,[none],case-data-or-output,FUNWAVE-TVD,True,no explicit vendor marker found; retained in denominator,False,True,False,False,False,False,False,False,False,True,False,_staging/total-read/records/numgrid-FUNWAVE-20260728.jsonl,2,models/FUNWAVE/raw/source_code/FUNWAVE-TVD/simple_cases/tide_gen_abs_data/.output/eta_00056,models/FUNWAVE/raw/source_code/FUNWAVE-TVD/simple_cases/tide_gen_abs_data/.output/eta_00056 | models/FUNWAVE/raw/source_code/FUNWAVE-TVD/simple_cases/tide_time_spectra/.output/eta_00056
models/FUNWAVE/raw/source_code/FUNWAVE-TVD/simple_cases/tide_gen_abs_data/.output/eta_00057,21f7e003efb12ea0271a86b527bb4ef10ebb4c13ad0c2fda64a5521ed2a442f2,400100,text/plain,[none],case-data-or-output,FUNWAVE-TVD,True,no explicit vendor marker found; retained in denominator,False,True,False,False,False,False,False,False,False,True,False,_staging/total-read/records/numgrid-FUNWAVE-20260728.jsonl,2,models/FUNWAVE/raw/source_code/FUNWAVE-TVD/simple_cases/tide_gen_abs_data/.output/eta_00057,models/FUNWAVE/raw/source_code/FUNWAVE-TVD/simple_cases/tide_gen_abs_data/.output/eta_00057 | models/FUNWAVE/raw/source_code/FUNWAVE-TVD/simple_cases/tide_time_spectra/.output/eta_00057
models/FUNWAVE/raw/source_code/FUNWAVE-TVD/simple_cases/tide_gen_abs_data/.output/eta_00058,ba6e698edab4d18f54d134ae69b4248791874b4e914cf04ad62dbd26bf4d104b,400100,text/plain,[none],case-data-or-output,FUNWAVE-TVD,True,no explicit vendor marker found; retained in denominator,False,True,False,False,False,False,False,False,False,True,False,_staging/total-read/records/numgrid-FUNWAVE-20260728.jsonl,2,models/FUNWAVE/raw/source_code/FUNWAVE-TVD/simple_cases/tide_gen_abs_data/.output/eta_00058,models/FUNWAVE/raw/source_code/FUNWAVE-TVD/simple_cases/tide_gen_abs_data/.output/eta_00058 | models/FUNWAVE/raw/source_code/FUNWAVE-TVD/simple_cases/tide_time_spectra/.output/eta_00058
models/FUNWAVE/raw/source_code/FUNWAVE-TVD/simple_cases/tide_gen_abs_data/.output/mask_00000,89dacb629ba121b594bb475e111ab6b9c7f43c399468e6eab520b8d56640ab32,400100,text/plain,[none],other-text,FUNWAVE-TVD,True,no explicit vendor marker found; retained in denominator,False,True,False,False,False,False,False,False,False,True,False,_staging/total-read/records/numgrid-FUNWAVE-20260728.jsonl,10,models/FUNWAVE/raw/source_code/FUNWAVE-TVD/simple_cases/tide_gen_abs_data/.output/mask_00000,models/FUNWAVE/raw/source_code/FUNWAVE-TVD/simple_cases/tide_gen_abs_data/.output/mask_00000 | models/FUNWAVE/raw/source_code/FUNWAVE-TVD/simple_cases/tide_gen_abs_data/.output/mask_00015 | models/FUNWAVE/raw/source_code/FUNWAVE-TVD/simple_cases/tide_gen_abs_data/.output/mask_00028 | models/FUNWAVE/raw/source_code/FUNWAVE-TVD/simple_cases/tide_gen_abs_data/.output/mask_00029 | models/FUNWAVE/raw/source_code/FUNWAVE-TVD/simple_cases/tide_gen_abs_data/.output/mask_00030 | models/FUNWAVE/raw/source_code/FUNWAVE-TVD/simple_cases/tide_time_spectra/.output/mask_00000 | models/FUNWAVE/raw/source_code/FUNWAVE-TVD/simple_cases/tide_time_spectra/.output/mask_00015 | models/FUNWAVE/raw/source_code/FUNWAVE-TVD/simple_cases/tide_time_spectra/.output/mask_00028 | models/FUNWAVE/raw/source_code/FUNWAVE-TVD/simple_cases/tide_time_spectra/.output/mask_00029 | models/FUNWAVE/raw/source_code/FUNWAVE-TVD/simple_cases/tide_time_spectra/.output/mask_00030
models/FUNWAVE/raw/source_code/FUNWAVE-TVD/simple_cases/tide_gen_abs_data/.output/mask_00001,6b52906f147cd4af94494711e7b859064284ad5bc6d0fb7bc786f4e8783cff72,400100,text/plain,[none],other-text,FUNWAVE-TVD,True,no explicit vendor marker found; retained in denominator,False,True,False,False,False,False,False,False,False,True,False,_staging/total-read/records/numgrid-FUNWAVE-20260728.jsonl,2,models/FUNWAVE/raw/source_code/FUNWAVE-TVD/simple_cases/tide_gen_abs_data/.output/mask_00001,models/FUNWAVE/raw/source_code/FUNWAVE-TVD/simple_cases/tide_gen_abs_data/.output/mask_00001 | models/FUNWAVE/raw/source_code/FUNWAVE-TVD/simple_cases/tide_time_spectra/.output/mask_00001
models/FUNWAVE/raw/source_code/FUNWAVE-TVD/simple_cases/tide_gen_abs_data/.output/mask_00002,7bce56c7e0b261d0a49ec443bf25ef2d9ad627c7e9d48ab481e381353b76a6b2,400100,text/plain,[none],other-text,FUNWAVE-TVD,True,no explicit vendor marker found; retained in denominator,False,True,False,False,False,False,False,False,False,True,False,_staging/total-read/records/numgrid-FUNWAVE-20260728.jsonl,2,models/FUNWAVE/raw/source_code/FUNWAVE-TVD/simple_cases/tide_gen_abs_data/.output/mask_00002,models/FUNWAVE/raw/source_code/FUNWAVE-TVD/simple_cases/tide_gen_abs_data/.output/mask_00002 | models/FUNWAVE/raw/source_code/FUNWAVE-TVD/simple_cases/tide_time_spectra/.output/mask_00002
models/FUNWAVE/raw/source_code/FUNWAVE-TVD/simple_cases/tide_gen_abs_data/.output/mask_00003,7bf17411be496d19f47d7cfa945281582029a1f5f821221f3d1eccb26d56891a,400100,text/plain,[none],other-text,FUNWAVE-TVD,True,no explicit vendor marker found; retained in denominator,False,True,False,False,False,False,False,False,False,True,False,_staging/total-read/records/numgrid-FUNWAVE-20260728.jsonl,2,models/FUNWAVE/raw/source_code/FUNWAVE-TVD/simple_cases/tide_gen_abs_data/.output/mask_00003,models/FUNWAVE/raw/source_code/FUNWAVE-TVD/simple_cases/tide_gen_abs_data/.output/mask_00003 | models/FUNWAVE/raw/source_code/FUNWAVE-TVD/simple_cases/tide_time_spectra/.output/mask_00003
models/FUNWAVE/raw/source_code/FUNWAVE-TVD/simple_cases/tide_gen_abs_data/.output/mask_00004,476f777ed7c19a406ac64829ee7ad27721f7628d6500afea356386e233249943,400100,text/plain,[none],other-text,FUNWAVE-TVD,True,no explicit vendor marker found; retained in denominator,False,True,False,False,False,False,False,False,False,True,False,_staging/total-read/records/numgrid-FUNWAVE-20260728.jsonl,2,models/FUNWAVE/raw/source_code/FUNWAVE-TVD/simple_cases/tide_gen_abs_data/.output/mask_00004,models/FUNWAVE/raw/source_code/FUNWAVE-TVD/simple_cases/tide_gen_abs_data/.output/mask_00004 | models/FUNWAVE/raw/source_code/FUNWAVE-TVD/simple_cases/tide_time_spectra/.output/mask_00004
models/FUNWAVE/raw/source_code/FUNWAVE-TVD/simple_cases/tide_gen_abs_data/.output/mask_00005,5ed80a5d824180882140e0768043daf297c9afbe7d7d8fe2a6403bb440461566,400100,text/plain,[none],other-text,FUNWAVE-TVD,True,no explicit vendor marker found; retained in denominator,False,True,False,False,False,False,False,False,False,True,False,_staging/total-read/records/numgrid-FUNWAVE-20260728.jsonl,2,models/FUNWAVE/raw/source_code/FUNWAVE-TVD/simple_cases/tide_gen_abs_data/.output/mask_00005,models/FUNWAVE/raw/source_code/FUNWAVE-TVD/simple_cases/tide_gen_abs_data/.output/mask_00005 | models/FUNWAVE/raw/source_code/FUNWAVE-TVD/simple_cases/tide_time_spectra/.output/mask_00005
models/FUNWAVE/raw/source_code/FUNWAVE-TVD/simple_cases/tide_gen_abs_data/.output/mask_00006,eb61d0e5293293d59fe3c17bc4f5596c7ef4706ec1d3daa879097f56761eb14b,400100,text/plain,[none],other-text,FUNWAVE-TVD,True,no explicit vendor marker found; retained in denominator,False,True,False,False,False,False,False,False,False,True,False,_staging/total-read/records/numgrid-FUNWAVE-20260728.jsonl,2,models/FUNWAVE/raw/source_code/FUNWAVE-TVD/simple_cases/tide_gen_abs_data/.output/mask_00006,models/FUNWAVE/raw/source_code/FUNWAVE-TVD/simple_cases/tide_gen_abs_data/.output/mask_00006 | models/FUNWAVE/raw/source_code/FUNWAVE-TVD/simple_cases/tide_time_spectra/.output/mask_00006
models/FUNWAVE/raw/source_code/FUNWAVE-TVD/simple_cases/tide_gen_abs_data/.output/mask_00007,74cebc2bfafe038e3b1bd0b47f33e1830c766e1c64c60615076caa275927f152,400100,text/plain,[none],other-text,FUNWAVE-TVD,True,no explicit vendor marker found; retained in denominator,False,True,False,False,False,False,False,False,False,True,False,_staging/total-read/records/numgrid-FUNWAVE-20260728.jsonl,2,models/FUNWAVE/raw/source_code/FUNWAVE-TVD/simple_cases/tide_gen_abs_data/.output/mask_00007,models/FUNWAVE/raw/source_code/FUNWAVE-TVD/simple_cases/tide_gen_abs_data/.output/mask_00007 | models/FUNWAVE/raw/source_code/FUNWAVE-TVD/simple_cases/tide_time_spectra/.output/mask_00007
models/FUNWAVE/raw/source_code/FUNWAVE-TVD/simple_cases/tide_gen_abs_data/.output/mask_00008,c673e221f46da77d918326d980c38935facd8944cfc5f134a401283e23c23d74,400100,text/plain,[none],other-text,FUNWAVE-TVD,True,no explicit vendor marker found; retained in denominator,False,True,False,False,False,False,False,False,False,True,False,_staging/total-read/records/numgrid-FUNWAVE-20260728.jsonl,4,models/FUNWAVE/raw/source_code/FUNWAVE-TVD/simple_cases/tide_gen_abs_data/.output/mask_00008,models/FUNWAVE/raw/source_code/FUNWAVE-TVD/simple_cases/tide_gen_abs_data/.output/mask_00008 | models/FUNWAVE/raw/source_code/FUNWAVE-TVD/simple_cases/tide_gen_abs_data/.output/mask_00009 | models/FUNWAVE/raw/source_code/FUNWAVE-TVD/simple_cases/tide_time_spectra/.output/mask_00008 | models/FUNWAVE/raw/source_code/FUNWAVE-TVD/simple_cases/tide_time_spectra/.output/mask_00009
models/FUNWAVE/raw/source_code/FUNWAVE-TVD/simple_cases/tide_gen_abs_data/.output/mask_00009,c673e221f46da77d918326d980c38935facd8944cfc5f134a401283e23c23d74,400100,text/plain,[none],other-text,FUNWAVE-TVD,True,no explicit vendor marker found; retained in denominator,False,True,False,False,False,False,False,False,False,True,False,_staging/total-read/records/numgrid-FUNWAVE-20260728.jsonl,4,models/FUNWAVE/raw/source_code/FUNWAVE-TVD/simple_cases/tide_gen_abs_data/.output/mask_00008,models/FUNWAVE/raw/source_code/FUNWAVE-TVD/simple_cases/tide_gen_abs_data/.output/mask_00008 | models/FUNWAVE/raw/source_code/FUNWAVE-TVD/simple_cases/tide_gen_abs_data/.output/mask_00009 | models/FUNWAVE/raw/source_code/FUNWAVE-TVD/simple_cases/tide_time_spectra/.output/mask_00008 | models/FUNWAVE/raw/source_code/FUNWAVE-TVD/simple_cases/tide_time_spectra/.output/mask_00009
models/FUNWAVE/raw/source_code/FUNWAVE-TVD/simple_cases/tide_gen_abs_data/.output/mask_00010,6cc47a956e27d70fc3525cea3d15dbfb9fef901ae9113977c033c2b73574d9b4,400100,text/plain,[none],other-text,FUNWAVE-TVD,True,no explicit vendor marker found; retained in denominator,False,True,False,False,False,False,False,False,False,True,False,_staging/total-read/records/numgrid-FUNWAVE-20260728.jsonl,2,models/FUNWAVE/raw/source_code/FUNWAVE-TVD/simple_cases/tide_gen_abs_data/.output/mask_00010,models/FUNWAVE/raw/source_code/FUNWAVE-TVD/simple_cases/tide_gen_abs_data/.output/mask_00010 | models/FUNWAVE/raw/source_code/FUNWAVE-TVD/simple_cases/tide_time_spectra/.output/mask_00010
models/FUNWAVE/raw/source_code/FUNWAVE-TVD/simple_cases/tide_gen_abs_data/.output/mask_00011,6cc6aae715b27bc3bfa8a43f8c26bbfb3dc7a670cf45370e9c82a48bf3a51e08,400100,text/plain,[none],other-text,FUNWAVE-TVD,True,no explicit vendor marker found; retained in denominator,False,True,False,False,False,False,False,False,False,True,False,_staging/total-read/records/numgrid-FUNWAVE-20260728.jsonl,2,models/FUNWAVE/raw/source_code/FUNWAVE-TVD/simple_cases/tide_gen_abs_data/.output/mask_00011,models/FUNWAVE/raw/source_code/FUNWAVE-TVD/simple_cases/tide_gen_abs_data/.output/mask_00011 | models/FUNWAVE/raw/source_code/FUNWAVE-TVD/simple_cases/tide_time_spectra/.output/mask_00011
models/FUNWAVE/raw/source_code/FUNWAVE-TVD/simple_cases/tide_gen_abs_data/.output/mask_00012,d1fafa788850d5171806049d4f921d7f9e6e9bd6bac62e573d48009425d65575,400100,text/plain,[none],other-text,FUNWAVE-TVD,True,no explicit vendor marker found; retained in denominator,False,True,False,False,False,False,False,False,False,True,False,_staging/total-read/records/numgrid-FUNWAVE-20260728.jsonl,2,models/FUNWAVE/raw/source_code/FUNWAVE-TVD/simple_cases/tide_gen_abs_data/.output/mask_00012,models/FUNWAVE/raw/source_code/FUNWAVE-TVD/simple_cases/tide_gen_abs_data/.output/mask_00012 | models/FUNWAVE/raw/source_code/FUNWAVE-TVD/simple_cases/tide_time_spectra/.output/mask_00012
models/FUNWAVE/raw/source_code/FUNWAVE-TVD/simple_cases/tide_gen_abs_data/.output/mask_00013,9f61236398c57b844842195760535dc131bfa35f5a884363887ce7b9bbb57cc4,400100,text/plain,[none],other-text,FUNWAVE-TVD,True,no explicit vendor marker found; retained in denominator,False,True,False,False,False,False,False,False,False,True,False,_staging/total-read/records/numgrid-FUNWAVE-20260728.jsonl,2,models/FUNWAVE/raw/source_code/FUNWAVE-TVD/simple_cases/tide_gen_abs_data/.output/mask_00013,models/FUNWAVE/raw/source_code/FUNWAVE-TVD/simple_cases/tide_gen_abs_data/.output/mask_00013 | models/FUNWAVE/raw/source_code/FUNWAVE-TVD/simple_cases/tide_time_spectra/.output/mask_00013
models/FUNWAVE/raw/source_code/FUNWAVE-TVD/simple_cases/tide_gen_abs_data/.output/mask_00014,f5aa5e902a029ed67f35c2e4c29430dc0ea9a7fcce6d7432e0602ed77834d90c,400100,text/plain,[none],other-text,FUNWAVE-TVD,True,no explicit vendor marker found; retained in denominator,False,True,False,False,False,False,False,False,False,True,False,_staging/total-read/records/numgrid-FUNWAVE-20260728.jsonl,2,models/FUNWAVE/raw/source_code/FUNWAVE-TVD/simple_cases/tide_gen_abs_data/.output/mask_00014,models/FUNWAVE/raw/source_code/FUNWAVE-TVD/simple_cases/tide_gen_abs_data/.output/mask_00014 | models/FUNWAVE/raw/source_code/FUNWAVE-TVD/simple_cases/tide_time_spectra/.output/mask_00014
models/FUNWAVE/raw/source_code/FUNWAVE-TVD/simple_cases/tide_gen_abs_data/.output/mask_00015,89dacb629ba121b594bb475e111ab6b9c7f43c399468e6eab520b8d56640ab32,400100,text/plain,[none],other-text,FUNWAVE-TVD,True,no explicit vendor marker found; retained in denominator,False,True,False,False,False,False,False,False,False,True,False,_staging/total-read/records/numgrid-FUNWAVE-20260728.jsonl,10,models/FUNWAVE/raw/source_code/FUNWAVE-TVD/simple_cases/tide_gen_abs_data/.output/mask_00000,models/FUNWAVE/raw/source_code/FUNWAVE-TVD/simple_cases/tide_gen_abs_data/.output/mask_00000 | models/FUNWAVE/raw/source_code/FUNWAVE-TVD/simple_cases/tide_gen_abs_data/.output/mask_00015 | models/FUNWAVE/raw/source_code/FUNWAVE-TVD/simple_cases/tide_gen_abs_data/.output/mask_00028 | models/FUNWAVE/raw/source_code/FUNWAVE-TVD/simple_cases/tide_gen_abs_data/.output/mask_00029 | models/FUNWAVE/raw/source_code/FUNWAVE-TVD/simple_cases/tide_gen_abs_data/.output/mask_00030 | models/FUNWAVE/raw/source_code/FUNWAVE-TVD/simple_cases/tide_time_spectra/.output/mask_00000 | models/FUNWAVE/raw/source_code/FUNWAVE-TVD/simple_cases/tide_time_spectra/.output/mask_00015 | models/FUNWAVE/raw/source_code/FUNWAVE-TVD/simple_cases/tide_time_spectra/.output/mask_00028 | models/FUNWAVE/raw/source_code/FUNWAVE-TVD/simple_cases/tide_time_spectra/.output/mask_00029 | models/FUNWAVE/raw/source_code/FUNWAVE-TVD/simple_cases/tide_time_spectra/.output/mask_00030
models/FUNWAVE/raw/source_code/FUNWAVE-TVD/simple_cases/tide_gen_abs_data/.output/mask_00016,c58a30c2ae3245630995b8f32913c97cfa1bd9bbcff66f30767d121b65d7453d,400100,text/plain,[none],other-text,FUNWAVE-TVD,True,no explicit vendor marker found; retained in denominator,False,True,False,False,False,False,False,False,False,True,False,_staging/total-read/records/numgrid-FUNWAVE-20260728.jsonl,4,models/FUNWAVE/raw/source_code/FUNWAVE-TVD/simple_cases/tide_gen_abs_data/.output/mask_00016,models/FUNWAVE/raw/source_code/FUNWAVE-TVD/simple_cases/tide_gen_abs_data/.output/mask_00016 | models/FUNWAVE/raw/source_code/FUNWAVE-TVD/simple_cases/tide_gen_abs_data/.output/mask_00017 | models/FUNWAVE/raw/source_code/FUNWAVE-TVD/simple_cases/tide_time_spectra/.output/mask_00016 | models/FUNWAVE/raw/source_code/FUNWAVE-TVD/simple_cases/tide_time_spectra/.output/mask_00017
models/FUNWAVE/raw/source_code/FUNWAVE-TVD/simple_cases/tide_gen_abs_data/.output/mask_00017,c58a30c2ae3245630995b8f32913c97cfa1bd9bbcff66f30767d121b65d7453d,400100,text/plain,[none],other-text,FUNWAVE-TVD,True,no explicit vendor marker found; retained in denominator,False,True,False,False,False,False,False,False,False,True,False,_staging/total-read/records/numgrid-FUNWAVE-20260728.jsonl,4,models/FUNWAVE/raw/source_code/FUNWAVE-TVD/simple_cases/tide_gen_abs_data/.output/mask_00016,models/FUNWAVE/raw/source_code/FUNWAVE-TVD/simple_cases/tide_gen_abs_data/.output/mask_00016 | models/FUNWAVE/raw/source_code/FUNWAVE-TVD/simple_cases/tide_gen_abs_data/.output/mask_00017 | models/FUNWAVE/raw/source_code/FUNWAVE-TVD/simple_cases/tide_time_spectra/.output/mask_00016 | models/FUNWAVE/raw/source_code/FUNWAVE-TVD/simple_cases/tide_time_spectra/.output/mask_00017
models/FUNWAVE/raw/source_code/FUNWAVE-TVD/simple_cases/tide_gen_abs_data/.output/mask_00018,6bef8f5f17175d4bc6e1055c0a722c893d213ed310265a58a328bc2a34eb3d83,400100,text/plain,[none],other-text,FUNWAVE-TVD,True,no explicit vendor marker found; retained in denominator,False,True,False,False,False,False,False,False,False,True,False,_staging/total-read/records/numgrid-FUNWAVE-20260728.jsonl,2,models/FUNWAVE/raw/source_code/FUNWAVE-TVD/simple_cases/tide_gen_abs_data/.output/mask_00018,models/FUNWAVE/raw/source_code/FUNWAVE-TVD/simple_cases/tide_gen_abs_data/.output/mask_00018 | models/FUNWAVE/raw/source_code/FUNWAVE-TVD/simple_cases/tide_time_spectra/.output/mask_00018
models/FUNWAVE/raw/source_code/FUNWAVE-TVD/simple_cases/tide_gen_abs_data/.output/mask_00019,12521d9043f2f3b6908d61d893e70ebeb3ccbd3f11c89d155f2295ac086123c3,400100,text/plain,[none],other-text,FUNWAVE-TVD,True,no explicit vendor marker found; retained in denominator,False,True,False,False,False,False,False,False,False,True,False,_staging/total-read/records/numgrid-FUNWAVE-20260728.jsonl,2,models/FUNWAVE/raw/source_code/FUNWAVE-TVD/simple_cases/tide_gen_abs_data/.output/mask_00019,models/FUNWAVE/raw/source_code/FUNWAVE-TVD/simple_cases/tide_gen_abs_data/.output/mask_00019 | models/FUNWAVE/raw/source_code/FUNWAVE-TVD/simple_cases/tide_time_spectra/.output/mask_00019
models/FUNWAVE/raw/source_code/FUNWAVE-TVD/simple_cases/tide_gen_abs_data/.output/mask_00020,ea827d78e542d4cb66278ba80e1c7ac75e963378b90e266310c512ff7c531385,400100,text/plain,[none],other-text,FUNWAVE-TVD,True,no explicit vendor marker found; retained in denominator,False,True,False,False,False,False,False,False,False,True,False,_staging/total-read/records/numgrid-FUNWAVE-20260728.jsonl,2,models/FUNWAVE/raw/source_code/FUNWAVE-TVD/simple_cases/tide_gen_abs_data/.output/mask_00020,models/FUNWAVE/raw/source_code/FUNWAVE-TVD/simple_cases/tide_gen_abs_data/.output/mask_00020 | models/FUNWAVE/raw/source_code/FUNWAVE-TVD/simple_cases/tide_time_spectra/.output/mask_00020
models/FUNWAVE/raw/source_code/FUNWAVE-TVD/simple_cases/tide_gen_abs_data/.output/mask_00021,76da429e42f14d5cedcd8712b2a4234140758cbe419018345a3b9f447f902813,400100,text/plain,[none],other-text,FUNWAVE-TVD,True,no explicit vendor marker found; retained in denominator,False,True,False,False,False,False,False,False,False,True,False,_staging/total-read/records/numgrid-FUNWAVE-20260728.jsonl,2,models/FUNWAVE/raw/source_code/FUNWAVE-TVD/simple_cases/tide_gen_abs_data/.output/mask_00021,models/FUNWAVE/raw/source_code/FUNWAVE-TVD/simple_cases/tide_gen_abs_data/.output/mask_00021 | models/FUNWAVE/raw/source_code/FUNWAVE-TVD/simple_cases/tide_time_spectra/.output/mask_00021
models/FUNWAVE/raw/source_code/FUNWAVE-TVD/simple_cases/tide_gen_abs_data/.output/mask_00022,2d3fb197d7b0fb1c3a30a33742f0e012417f68abaa8d434eaa4b6edfaed71c2d,400100,text/plain,[none],other-text,FUNWAVE-TVD,True,no explicit vendor marker found; retained in denominator,False,True,False,False,False,False,False,False,False,True,False,_staging/total-read/records/numgrid-FUNWAVE-20260728.jsonl,2,models/FUNWAVE/raw/source_code/FUNWAVE-TVD/simple_cases/tide_gen_abs_data/.output/mask_00022,models/FUNWAVE/raw/source_code/FUNWAVE-TVD/simple_cases/tide_gen_abs_data/.output/mask_00022 | models/FUNWAVE/raw/source_code/FUNWAVE-TVD/simple_cases/tide_time_spectra/.output/mask_00022
models/FUNWAVE/raw/source_code/FUNWAVE-TVD/simple_cases/tide_gen_abs_data/.output/mask_00023,2cf57c41928741d6ae710838cbca2ed7c0c10277037940f39695188e50b2a0ae,400100,text/plain,[none],other-text,FUNWAVE-TVD,True,no explicit vendor marker found; retained in denominator,False,True,False,False,False,False,False,False,False,True,False,_staging/total-read/records/numgrid-FUNWAVE-20260728.jsonl,2,models/FUNWAVE/raw/source_code/FUNWAVE-TVD/simple_cases/tide_gen_abs_data/.output/mask_00023,models/FUNWAVE/raw/source_code/FUNWAVE-TVD/simple_cases/tide_gen_abs_data/.output/mask_00023 | models/FUNWAVE/raw/source_code/FUNWAVE-TVD/simple_cases/tide_time_spectra/.output/mask_00023
models/FUNWAVE/raw/source_code/FUNWAVE-TVD/simple_cases/tide_gen_abs_data/.output/mask_00024,6536a36f9ff299bf9bcaa104126ac6ef8b0e795f7ed3b5390325e49431cb6f7a,400100,text/plain,[none],other-text,FUNWAVE-TVD,True,no explicit vendor marker found; retained in denominator,False,True,False,False,False,False,False,False,False,True,False,_staging/total-read/records/numgrid-FUNWAVE-20260728.jsonl,2,models/FUNWAVE/raw/source_code/FUNWAVE-TVD/simple_cases/tide_gen_abs_data/.output/mask_00024,models/FUNWAVE/raw/source_code/FUNWAVE-TVD/simple_cases/tide_gen_abs_data/.output/mask_00024 | models/FUNWAVE/raw/source_code/FUNWAVE-TVD/simple_cases/tide_time_spectra/.output/mask_00024
models/FUNWAVE/raw/source_code/FUNWAVE-TVD/simple_cases/tide_gen_abs_data/.output/mask_00025,a9fbbcb6ff042ab291da191ec24a40ca73e3f2664615e5f19c3dd10200257061,400100,text/plain,[none],other-text,FUNWAVE-TVD,True,no explicit vendor marker found; retained in denominator,False,True,False,False,False,False,False,False,False,True,False,_staging/total-read/records/numgrid-FUNWAVE-20260728.jsonl,2,models/FUNWAVE/raw/source_code/FUNWAVE-TVD/simple_cases/tide_gen_abs_data/.output/mask_00025,models/FUNWAVE/raw/source_code/FUNWAVE-TVD/simple_cases/tide_gen_abs_data/.output/mask_00025 | models/FUNWAVE/raw/source_code/FUNWAVE-TVD/simple_cases/tide_time_spectra/.output/mask_00025
models/FUNWAVE/raw/source_code/FUNWAVE-TVD/simple_cases/tide_gen_abs_data/.output/mask_00026,31d9ab101013745719939cbe7f67b4b0f14a28ae6e6afd293839fd593718289a,400100,text/plain,[none],other-text,FUNWAVE-TVD,True,no explicit vendor marker found; retained in denominator,False,True,False,False,False,False,False,False,False,True,False,_staging/total-read/records/numgrid-FUNWAVE-20260728.jsonl,2,models/FUNWAVE/raw/source_code/FUNWAVE-TVD/simple_cases/tide_gen_abs_data/.output/mask_00026,models/FUNWAVE/raw/source_code/FUNWAVE-TVD/simple_cases/tide_gen_abs_data/.output/mask_00026 | models/FUNWAVE/raw/source_code/FUNWAVE-TVD/simple_cases/tide_time_spectra/.output/mask_00026
models/FUNWAVE/raw/source_code/FUNWAVE-TVD/simple_cases/tide_gen_abs_data/.output/mask_00027,5a2cd4c776f6ced1e4927174c9d0700efab2313174393934039ad2cd61179e9a,400100,text/plain,[none],other-text,FUNWAVE-TVD,True,no explicit vendor marker found; retained in denominator,False,True,False,False,False,False,False,False,False,True,False,_staging/total-read/records/numgrid-FUNWAVE-20260728.jsonl,2,models/FUNWAVE/raw/source_code/FUNWAVE-TVD/simple_cases/tide_gen_abs_data/.output/mask_00027,models/FUNWAVE/raw/source_code/FUNWAVE-TVD/simple_cases/tide_gen_abs_data/.output/mask_00027 | models/FUNWAVE/raw/source_code/FUNWAVE-TVD/simple_cases/tide_time_spectra/.output/mask_00027
models/FUNWAVE/raw/source_code/FUNWAVE-TVD/simple_cases/tide_gen_abs_data/.output/mask_00028,89dacb629ba121b594bb475e111ab6b9c7f43c399468e6eab520b8d56640ab32,400100,text/plain,[none],other-text,FUNWAVE-TVD,True,no explicit vendor marker found; retained in denominator,False,True,False,False,False,False,False,False,False,True,False,_staging/total-read/records/numgrid-FUNWAVE-20260728.jsonl,10,models/FUNWAVE/raw/source_code/FUNWAVE-TVD/simple_cases/tide_gen_abs_data/.output/mask_00000,models/FUNWAVE/raw/source_code/FUNWAVE-TVD/simple_cases/tide_gen_abs_data/.output/mask_00000 | models/FUNWAVE/raw/source_code/FUNWAVE-TVD/simple_cases/tide_gen_abs_data/.output/mask_00015 | models/FUNWAVE/raw/source_code/FUNWAVE-TVD/simple_cases/tide_gen_abs_data/.output/mask_00028 | models/FUNWAVE/raw/source_code/FUNWAVE-TVD/simple_cases/tide_gen_abs_data/.output/mask_00029 | models/FUNWAVE/raw/source_code/FUNWAVE-TVD/simple_cases/tide_gen_abs_data/.output/mask_00030 | models/FUNWAVE/raw/source_code/FUNWAVE-TVD/simple_cases/tide_time_spectra/.output/mask_00000 | models/FUNWAVE/raw/source_code/FUNWAVE-TVD/simple_cases/tide_time_spectra/.output/mask_00015 | models/FUNWAVE/raw/source_code/FUNWAVE-TVD/simple_cases/tide_time_spectra/.output/mask_00028 | models/FUNWAVE/raw/source_code/FUNWAVE-TVD/simple_cases/tide_time_spectra/.output/mask_00029 | models/FUNWAVE/raw/source_code/FUNWAVE-TVD/simple_cases/tide_time_spectra/.output/mask_00030
models/FUNWAVE/raw/source_code/FUNWAVE-TVD/simple_cases/tide_gen_abs_data/.output/mask_00029,89dacb629ba121b594bb475e111ab6b9c7f43c399468e6eab520b8d56640ab32,400100,text/plain,[none],other-text,FUNWAVE-TVD,True,no explicit vendor marker found; retained in denominator,False,True,False,False,False,False,False,False,False,True,False,_staging/total-read/records/numgrid-FUNWAVE-20260728.jsonl,10,models/FUNWAVE/raw/source_code/FUNWAVE-TVD/simple_cases/tide_gen_abs_data/.output/mask_00000,models/FUNWAVE/raw/source_code/FUNWAVE-TVD/simple_cases/tide_gen_abs_data/.output/mask_00000 | models/FUNWAVE/raw/source_code/FUNWAVE-TVD/simple_cases/tide_gen_abs_data/.output/mask_00015 | models/FUNWAVE/raw/source_code/FUNWAVE-TVD/simple_cases/tide_gen_abs_data/.output/mask_00028 | models/FUNWAVE/raw/source_code/FUNWAVE-TVD/simple_cases/tide_gen_abs_data/.output/mask_00029 | models/FUNWAVE/raw/source_code/FUNWAVE-TVD/simple_cases/tide_gen_abs_data/.output/mask_00030 | models/FUNWAVE/raw/source_code/FUNWAVE-TVD/simple_cases/tide_time_spectra/.output/mask_00000 | models/FUNWAVE/raw/source_code/FUNWAVE-TVD/simple_cases/tide_time_spectra/.output/mask_00015 | models/FUNWAVE/raw/source_code/FUNWAVE-TVD/simple_cases/tide_time_spectra/.output/mask_00028 | models/FUNWAVE/raw/source_code/FUNWAVE-TVD/simple_cases/tide_time_spectra/.output/mask_00029 | models/FUNWAVE/raw/source_code/FUNWAVE-TVD/simple_cases/tide_time_spectra/.output/mask_00030
models/FUNWAVE/raw/source_code/FUNWAVE-TVD/simple_cases/tide_gen_abs_data/.output/mask_00030,89dacb629ba121b594bb475e111ab6b9c7f43c399468e6eab520b8d56640ab32,400100,text/plain,[none],other-text,FUNWAVE-TVD,True,no explicit vendor marker found; retained in denominator,False,True,False,False,False,False,False,False,False,True,False,_staging/total-read/records/numgrid-FUNWAVE-20260728.jsonl,10,models/FUNWAVE/raw/source_code/FUNWAVE-TVD/simple_cases/tide_gen_abs_data/.output/mask_00000,models/FUNWAVE/raw/source_code/FUNWAVE-TVD/simple_cases/tide_gen_abs_data/.output/mask_00000 | models/FUNWAVE/raw/source_code/FUNWAVE-TVD/simple_cases/tide_gen_abs_data/.output/mask_00015 | models/FUNWAVE/raw/source_code/FUNWAVE-TVD/simple_cases/tide_gen_abs_data/.output/mask_00028 | models/FUNWAVE/raw/source_code/FUNWAVE-TVD/simple_cases/tide_gen_abs_data/.output/mask_00029 | models/FUNWAVE/raw/source_code/FUNWAVE-TVD/simple_cases/tide_gen_abs_data/.output/mask_00030 | models/FUNWAVE/raw/source_code/FUNWAVE-TVD/simple_cases/tide_time_spectra/.output/mask_00000 | models/FUNWAVE/raw/source_code/FUNWAVE-TVD/simple_cases/tide_time_spectra/.output/mask_00015 | models/FUNWAVE/raw/source_code/FUNWAVE-TVD/simple_cases/tide_time_spectra/.output/mask_00028 | models/FUNWAVE/raw/source_code/FUNWAVE-TVD/simple_cases/tide_time_spectra/.output/mask_00029 | models/FUNWAVE/raw/source_code/FUNWAVE-TVD/simple_cases/tide_time_spectra/.output/mask_00030
models/FUNWAVE/raw/source_code/FUNWAVE-TVD/simple_cases/tide_gen_abs_data/.output/mask_00031,4d9873767e16605926bc3ea48a17681c7744df47b27c868d263b735c951fd6d0,400100,text/plain,[none],other-text,FUNWAVE-TVD,True,no explicit vendor marker found; retained in denominator,False,True,False,False,False,False,False,False,False,True,False,_staging/total-read/records/numgrid-FUNWAVE-20260728.jsonl,2,models/FUNWAVE/raw/source_code/FUNWAVE-TVD/simple_cases/tide_gen_abs_data/.output/mask_00031,models/FUNWAVE/raw/source_code/FUNWAVE-TVD/simple_cases/tide_gen_abs_data/.output/mask_00031 | models/FUNWAVE/raw/source_code/FUNWAVE-TVD/simple_cases/tide_time_spectra/.output/mask_00031
models/FUNWAVE/raw/source_code/FUNWAVE-TVD/simple_cases/tide_gen_abs_data/.output/mask_00032,d0ae02710499845815528714fea79c9136aac81dd56c1d57595d151df6aaffe3,400100,text/plain,[none],other-text,FUNWAVE-TVD,True,no explicit vendor marker found; retained in denominator,False,True,False,False,False,False,False,False,False,True,False,_staging/total-read/records/numgrid-FUNWAVE-20260728.jsonl,2,models/FUNWAVE/raw/source_code/FUNWAVE-TVD/simple_cases/tide_gen_abs_data/.output/mask_00032,models/FUNWAVE/raw/source_code/FUNWAVE-TVD/simple_cases/tide_gen_abs_data/.output/mask_00032 | models/FUNWAVE/raw/source_code/FUNWAVE-TVD/simple_cases/tide_time_spectra/.output/mask_00032
models/FUNWAVE/raw/source_code/FUNWAVE-TVD/simple_cases/tide_gen_abs_data/.output/mask_00033,47cc6414389cc098c22d5898660647af02645c7882e6d202873affd267614634,400100,text/plain,[none],other-text,FUNWAVE-TVD,True,no explicit vendor marker found; retained in denominator,False,True,False,False,False,False,False,False,False,True,False,_staging/total-read/records/numgrid-FUNWAVE-20260728.jsonl,2,models/FUNWAVE/raw/source_code/FUNWAVE-TVD/simple_cases/tide_gen_abs_data/.output/mask_00033,models/FUNWAVE/raw/source_code/FUNWAVE-TVD/simple_cases/tide_gen_abs_data/.output/mask_00033 | models/FUNWAVE/raw/source_code/FUNWAVE-TVD/simple_cases/tide_time_spectra/.output/mask_00033
models/FUNWAVE/raw/source_code/FUNWAVE-TVD/simple_cases/tide_gen_abs_data/.output/mask_00034,21f73304de3d75a06bc34f3529d20fd755e1e3fffde2fd104d988afe31a41455,400100,text/plain,[none],other-text,FUNWAVE-TVD,True,no explicit vendor marker found; retained in denominator,False,True,False,False,False,False,False,False,False,True,False,_staging/total-read/records/numgrid-FUNWAVE-20260728.jsonl,2,models/FUNWAVE/raw/source_code/FUNWAVE-TVD/simple_cases/tide_gen_abs_data/.output/mask_00034,models/FUNWAVE/raw/source_code/FUNWAVE-TVD/simple_cases/tide_gen_abs_data/.output/mask_00034 | models/FUNWAVE/raw/source_code/FUNWAVE-TVD/simple_cases/tide_time_spectra/.output/mask_00034
models/FUNWAVE/raw/source_code/FUNWAVE-TVD/simple_cases/tide_gen_abs_data/.output/mask_00035,b9d9e75ca37fb61dc7d6666159f7d10de021ad3d2e7e47adfa22b7db99bdbace,400100,text/plain,[none],other-text,FUNWAVE-TVD,True,no explicit vendor marker found; retained in denominator,False,True,False,False,False,False,False,False,False,True,False,_staging/total-read/records/numgrid-FUNWAVE-20260728.jsonl,2,models/FUNWAVE/raw/source_code/FUNWAVE-TVD/simple_cases/tide_gen_abs_data/.output/mask_00035,models/FUNWAVE/raw/source_code/FUNWAVE-TVD/simple_cases/tide_gen_abs_data/.output/mask_00035 | models/FUNWAVE/raw/source_code/FUNWAVE-TVD/simple_cases/tide_time_spectra/.output/mask_00035
models/FUNWAVE/raw/source_code/FUNWAVE-TVD/simple_cases/tide_gen_abs_data/.output/mask_00036,8a47e4ae89392c350f9e8bbb20af8880d387011668e1c7e8539ee8d5585e30be,400100,text/plain,[none],other-text,FUNWAVE-TVD,True,no explicit vendor marker found; retained in denominator,False,True,False,False,False,False,False,False,False,True,False,_staging/total-read/records/numgrid-FUNWAVE-20260728.jsonl,2,models/FUNWAVE/raw/source_code/FUNWAVE-TVD/simple_cases/tide_gen_abs_data/.output/mask_00036,models/FUNWAVE/raw/source_code/FUNWAVE-TVD/simple_cases/tide_gen_abs_data/.output/mask_00036 | models/FUNWAVE/raw/source_code/FUNWAVE-TVD/simple_cases/tide_time_spectra/.output/mask_00036
models/FUNWAVE/raw/source_code/FUNWAVE-TVD/simple_cases/tide_gen_abs_data/.output/mask_00037,90eba11f1ebab1c1fa70fc82c27cb0074251e8b3b42c722cfd5c2a565d2f5e6b,400100,text/plain,[none],other-text,FUNWAVE-TVD,True,no explicit vendor marker found; retained in denominator,False,True,False,False,False,False,False,False,False,True,False,_staging/total-read/records/numgrid-FUNWAVE-20260728.jsonl,2,models/FUNWAVE/raw/source_code/FUNWAVE-TVD/simple_cases/tide_gen_abs_data/.output/mask_00037,models/FUNWAVE/raw/source_code/FUNWAVE-TVD/simple_cases/tide_gen_abs_data/.output/mask_00037 | models/FUNWAVE/raw/source_code/FUNWAVE-TVD/simple_cases/tide_time_spectra/.output/mask_00037
models/FUNWAVE/raw/source_code/FUNWAVE-TVD/simple_cases/tide_gen_abs_data/.output/mask_00038,f256e48c6d8c5816ca9ced7a3146c78793bf1044182f76e07f02f4cb6e28831a,400100,text/plain,[none],other-text,FUNWAVE-TVD,True,no explicit vendor marker found; retained in denominator,False,True,False,False,False,False,False,False,False,True,False,_staging/total-read/records/numgrid-FUNWAVE-20260728.jsonl,2,models/FUNWAVE/raw/source_code/FUNWAVE-TVD/simple_cases/tide_gen_abs_data/.output/mask_00038,models/FUNWAVE/raw/source_code/FUNWAVE-TVD/simple_cases/tide_gen_abs_data/.output/mask_00038 | models/FUNWAVE/raw/source_code/FUNWAVE-TVD/simple_cases/tide_time_spectra/.output/mask_00038
models/FUNWAVE/raw/source_code/FUNWAVE-TVD/simple_cases/tide_gen_abs_data/.output/mask_00039,0c02791cbd9d50cf1ec651f484374179fe26ee6b946686f1f82d440f777676f1,400100,text/plain,[none],other-text,FUNWAVE-TVD,True,no explicit vendor marker found; retained in denominator,False,True,False,False,False,False,False,False,False,True,False,_staging/total-read/records/numgrid-FUNWAVE-20260728.jsonl,2,models/FUNWAVE/raw/source_code/FUNWAVE-TVD/simple_cases/tide_gen_abs_data/.output/mask_00039,models/FUNWAVE/raw/source_code/FUNWAVE-TVD/simple_cases/tide_gen_abs_data/.output/mask_00039 | models/FUNWAVE/raw/source_code/FUNWAVE-TVD/simple_cases/tide_time_spectra/.output/mask_00039
models/FUNWAVE/raw/source_code/FUNWAVE-TVD/simple_cases/tide_gen_abs_data/.output/mask_00040,6d4e776d7034640bf5b6190e1fe8c1953a23f4118ac2bd15b6b91d44142d9d87,400100,text/plain,[none],other-text,FUNWAVE-TVD,True,no explicit vendor marker found; retained in denominator,False,True,False,False,False,False,False,False,False,True,False,_staging/total-read/records/numgrid-FUNWAVE-20260728.jsonl,2,models/FUNWAVE/raw/source_code/FUNWAVE-TVD/simple_cases/tide_gen_abs_data/.output/mask_00040,models/FUNWAVE/raw/source_code/FUNWAVE-TVD/simple_cases/tide_gen_abs_data/.output/mask_00040 | models/FUNWAVE/raw/source_code/FUNWAVE-TVD/simple_cases/tide_time_spectra/.output/mask_00040
models/FUNWAVE/raw/source_code/FUNWAVE-TVD/simple_cases/tide_gen_abs_data/.output/mask_00041,ec7e0199d48ac83a61851b7aa26282ed48d7b7bdd37f410ac973835713bc14da,400100,text/plain,[none],other-text,FUNWAVE-TVD,True,no explicit vendor marker found; retained in denominator,False,True,False,False,False,False,False,False,False,True,False,_staging/total-read/records/numgrid-FUNWAVE-20260728.jsonl,2,models/FUNWAVE/raw/source_code/FUNWAVE-TVD/simple_cases/tide_gen_abs_data/.output/mask_00041,models/FUNWAVE/raw/source_code/FUNWAVE-TVD/simple_cases/tide_gen_abs_data/.output/mask_00041 | models/FUNWAVE/raw/source_code/FUNWAVE-TVD/simple_cases/tide_time_spectra/.output/mask_00041
models/FUNWAVE/raw/source_code/FUNWAVE-TVD/simple_cases/tide_gen_abs_data/.output/mask_00042,4262fe97fc61c7f1453324bd7534eda6451b45f04efb76857fb6a634c46d0fab,400100,text/plain,[none],other-text,FUNWAVE-TVD,True,no explicit vendor marker found; retained in denominator,False,True,False,False,False,False,False,False,False,True,False,_staging/total-read/records/numgrid-FUNWAVE-20260728.jsonl,4,models/FUNWAVE/raw/source_code/FUNWAVE-TVD/simple_cases/tide_gen_abs_data/.output/mask_00042,models/FUNWAVE/raw/source_code/FUNWAVE-TVD/simple_cases/tide_gen_abs_data/.output/mask_00042 | models/FUNWAVE/raw/source_code/FUNWAVE-TVD/simple_cases/tide_gen_abs_data/.output/mask_00043 | models/FUNWAVE/raw/source_code/FUNWAVE-TVD/simple_cases/tide_time_spectra/.output/mask_00042 | models/FUNWAVE/raw/source_code/FUNWAVE-TVD/simple_cases/tide_time_spectra/.output/mask_00043
models/FUNWAVE/raw/source_code/FUNWAVE-TVD/simple_cases/tide_gen_abs_data/.output/mask_00043,4262fe97fc61c7f1453324bd7534eda6451b45f04efb76857fb6a634c46d0fab,400100,text/plain,[none],other-text,FUNWAVE-TVD,True,no explicit vendor marker found; retained in denominator,False,True,False,False,False,False,False,False,False,True,False,_staging/total-read/records/numgrid-FUNWAVE-20260728.jsonl,4,models/FUNWAVE/raw/source_code/FUNWAVE-TVD/simple_cases/tide_gen_abs_data/.output/mask_00042,models/FUNWAVE/raw/source_code/FUNWAVE-TVD/simple_cases/tide_gen_abs_data/.output/mask_00042 | models/FUNWAVE/raw/source_code/FUNWAVE-TVD/simple_cases/tide_gen_abs_data/.output/mask_00043 | models/FUNWAVE/raw/source_code/FUNWAVE-TVD/simple_cases/tide_time_spectra/.output/mask_00042 | models/FUNWAVE/raw/source_code/FUNWAVE-TVD/simple_cases/tide_time_spectra/.output/mask_00043
models/FUNWAVE/raw/source_code/FUNWAVE-TVD/simple_cases/tide_gen_abs_data/.output/mask_00044,8554d008b28c7335e7ae4a91c2258290c987eea7db70fcc18fa828864f1e821e,400100,text/plain,[none],other-text,FUNWAVE-TVD,True,no explicit vendor marker found; retained in denominator,False,True,False,False,False,False,False,False,False,True,False,_staging/total-read/records/numgrid-FUNWAVE-20260728.jsonl,6,models/FUNWAVE/raw/source_code/FUNWAVE-TVD/simple_cases/tide_gen_abs_data/.output/mask_00044,models/FUNWAVE/raw/source_code/FUNWAVE-TVD/simple_cases/tide_gen_abs_data/.output/mask_00044 | models/FUNWAVE/raw/source_code/FUNWAVE-TVD/simple_cases/tide_gen_abs_data/.output/mask_00045 | models/FUNWAVE/raw/source_code/FUNWAVE-TVD/simple_cases/tide_gen_abs_data/.output/mask_00046 | models/FUNWAVE/raw/source_code/FUNWAVE-TVD/simple_cases/tide_time_spectra/.output/mask_00044 | models/FUNWAVE/raw/source_code/FUNWAVE-TVD/simple_cases/tide_time_spectra/.output/mask_00045 | models/FUNWAVE/raw/source_code/FUNWAVE-TVD/simple_cases/tide_time_spectra/.output/mask_00046
models/FUNWAVE/raw/source_code/FUNWAVE-TVD/simple_cases/tide_gen_abs_data/.output/mask_00045,8554d008b28c7335e7ae4a91c2258290c987eea7db70fcc18fa828864f1e821e,400100,text/plain,[none],other-text,FUNWAVE-TVD,True,no explicit vendor marker found; retained in denominator,False,True,False,False,False,False,False,False,False,True,False,_staging/total-read/records/numgrid-FUNWAVE-20260728.jsonl,6,models/FUNWAVE/raw/source_code/FUNWAVE-TVD/simple_cases/tide_gen_abs_data/.output/mask_00044,models/FUNWAVE/raw/source_code/FUNWAVE-TVD/simple_cases/tide_gen_abs_data/.output/mask_00044 | models/FUNWAVE/raw/source_code/FUNWAVE-TVD/simple_cases/tide_gen_abs_data/.output/mask_00045 | models/FUNWAVE/raw/source_code/FUNWAVE-TVD/simple_cases/tide_gen_abs_data/.output/mask_00046 | models/FUNWAVE/raw/source_code/FUNWAVE-TVD/simple_cases/tide_time_spectra/.output/mask_00044 | models/FUNWAVE/raw/source_code/FUNWAVE-TVD/simple_cases/tide_time_spectra/.output/mask_00045 | models/FUNWAVE/raw/source_code/FUNWAVE-TVD/simple_cases/tide_time_spectra/.output/mask_00046
models/FUNWAVE/raw/source_code/FUNWAVE-TVD/simple_cases/tide_gen_abs_data/.output/mask_00046,8554d008b28c7335e7ae4a91c2258290c987eea7db70fcc18fa828864f1e821e,400100,text/plain,[none],other-text,FUNWAVE-TVD,True,no explicit vendor marker found; retained in denominator,False,True,False,False,False,False,False,False,False,True,False,_staging/total-read/records/numgrid-FUNWAVE-20260728.jsonl,6,models/FUNWAVE/raw/source_code/FUNWAVE-TVD/simple_cases/tide_gen_abs_data/.output/mask_00044,models/FUNWAVE/raw/source_code/FUNWAVE-TVD/simple_cases/tide_gen_abs_data/.output/mask_00044 | models/FUNWAVE/raw/source_code/FUNWAVE-TVD/simple_cases/tide_gen_abs_data/.output/mask_00045 | models/FUNWAVE/raw/source_code/FUNWAVE-TVD/simple_cases/tide_gen_abs_data/.output/mask_00046 | models/FUNWAVE/raw/source_code/FUNWAVE-TVD/simple_cases/tide_time_spectra/.output/mask_00044 | models/FUNWAVE/raw/source_code/FUNWAVE-TVD/simple_cases/tide_time_spectra/.output/mask_00045 | models/FUNWAVE/raw/source_code/FUNWAVE-TVD/simple_cases/tide_time_spectra/.output/mask_00046
models/FUNWAVE/raw/source_code/FUNWAVE-TVD/simple_cases/tide_gen_abs_data/.output/mask_00047,10b100a85b5ea56901dd00a91257025dd6b863a20b4bef508db6b72868ee568b,400100,text/plain,[none],other-text,FUNWAVE-TVD,True,no explicit vendor marker found; retained in denominator,False,True,False,False,False,False,False,False,False,True,False,_staging/total-read/records/numgrid-FUNWAVE-20260728.jsonl,2,models/FUNWAVE/raw/source_code/FUNWAVE-TVD/simple_cases/tide_gen_abs_data/.output/mask_00047,models/FUNWAVE/raw/source_code/FUNWAVE-TVD/simple_cases/tide_gen_abs_data/.output/mask_00047 | models/FUNWAVE/raw/source_code/FUNWAVE-TVD/simple_cases/tide_time_spectra/.output/mask_00047
models/FUNWAVE/raw/source_code/FUNWAVE-TVD/simple_cases/tide_gen_abs_data/.output/mask_00048,a24ce193f993e90305ceccd7d916a64a9dcb70e57114e88d4432179c7bc1a4ef,400100,text/plain,[none],other-text,FUNWAVE-TVD,True,no explicit vendor marker found; retained in denominator,False,True,False,False,False,False,False,False,False,True,False,_staging/total-read/records/numgrid-FUNWAVE-20260728.jsonl,2,models/FUNWAVE/raw/source_code/FUNWAVE-TVD/simple_cases/tide_gen_abs_data/.output/mask_00048,models/FUNWAVE/raw/source_code/FUNWAVE-TVD/simple_cases/tide_gen_abs_data/.output/mask_00048 | models/FUNWAVE/raw/source_code/FUNWAVE-TVD/simple_cases/tide_time_spectra/.output/mask_00048
models/FUNWAVE/raw/source_code/FUNWAVE-TVD/simple_cases/tide_gen_abs_data/.output/mask_00049,38fec7761014f0fe08bdf27ce8494ef399db85f14d312d2f5f7c739365d639fa,400100,text/plain,[none],other-text,FUNWAVE-TVD,True,no explicit vendor marker found; retained in denominator,False,True,False,False,False,False,False,False,False,True,False,_staging/total-read/records/numgrid-FUNWAVE-20260728.jsonl,2,models/FUNWAVE/raw/source_code/FUNWAVE-TVD/simple_cases/tide_gen_abs_data/.output/mask_00049,models/FUNWAVE/raw/source_code/FUNWAVE-TVD/simple_cases/tide_gen_abs_data/.output/mask_00049 | models/FUNWAVE/raw/source_code/FUNWAVE-TVD/simple_cases/tide_time_spectra/.output/mask_00049
models/FUNWAVE/raw/source_code/FUNWAVE-TVD/simple_cases/tide_gen_abs_data/.output/mask_00050,7482b51ce65e240a07b987c80e61ead8ab7756eb077e948164ded950905f8a5e,400100,text/plain,[none],other-text,FUNWAVE-TVD,True,no explicit vendor marker found; retained in denominator,False,True,False,False,False,False,False,False,False,True,False,_staging/total-read/records/numgrid-FUNWAVE-20260728.jsonl,2,models/FUNWAVE/raw/source_code/FUNWAVE-TVD/simple_cases/tide_gen_abs_data/.output/mask_00050,models/FUNWAVE/raw/source_code/FUNWAVE-TVD/simple_cases/tide_gen_abs_data/.output/mask_00050 | models/FUNWAVE/raw/source_code/FUNWAVE-TVD/simple_cases/tide_time_spectra/.output/mask_00050
models/FUNWAVE/raw/source_code/FUNWAVE-TVD/simple_cases/tide_gen_abs_data/.output/mask_00051,17a759df8bff124a9737d024e4982af981d3bffc8d1bb328c7118214fb70c933,400100,text/plain,[none],other-text,FUNWAVE-TVD,True,no explicit vendor marker found; retained in denominator,False,True,False,False,False,False,False,False,False,True,False,_staging/total-read/records/numgrid-FUNWAVE-20260728.jsonl,2,models/FUNWAVE/raw/source_code/FUNWAVE-TVD/simple_cases/tide_gen_abs_data/.output/mask_00051,models/FUNWAVE/raw/source_code/FUNWAVE-TVD/simple_cases/tide_gen_abs_data/.output/mask_00051 | models/FUNWAVE/raw/source_code/FUNWAVE-TVD/simple_cases/tide_time_spectra/.output/mask_00051
models/FUNWAVE/raw/source_code/FUNWAVE-TVD/simple_cases/tide_gen_abs_data/.output/mask_00052,32729289f6627381a744aacac09c2d7819bc4591fd22d2fb854a873b8c07394c,400100,text/plain,[none],other-text,FUNWAVE-TVD,True,no explicit vendor marker found; retained in denominator,False,True,False,False,False,False,False,False,False,True,False,_staging/total-read/records/numgrid-FUNWAVE-20260728.jsonl,2,models/FUNWAVE/raw/source_code/FUNWAVE-TVD/simple_cases/tide_gen_abs_data/.output/mask_00052,models/FUNWAVE/raw/source_code/FUNWAVE-TVD/simple_cases/tide_gen_abs_data/.output/mask_00052 | models/FUNWAVE/raw/source_code/FUNWAVE-TVD/simple_cases/tide_time_spectra/.output/mask_00052
models/FUNWAVE/raw/source_code/FUNWAVE-TVD/simple_cases/tide_gen_abs_data/.output/mask_00053,54bb360fb3e196960c3766302c054109c5cb35b91424436b23f377858f853b6c,400100,text/plain,[none],other-text,FUNWAVE-TVD,True,no explicit vendor marker found; retained in denominator,False,True,False,False,False,False,False,False,False,True,False,_staging/total-read/records/numgrid-FUNWAVE-20260728.jsonl,2,models/FUNWAVE/raw/source_code/FUNWAVE-TVD/simple_cases/tide_gen_abs_data/.output/mask_00053,models/FUNWAVE/raw/source_code/FUNWAVE-TVD/simple_cases/tide_gen_abs_data/.output/mask_00053 | models/FUNWAVE/raw/source_code/FUNWAVE-TVD/simple_cases/tide_time_spectra/.output/mask_00053
models/FUNWAVE/raw/source_code/FUNWAVE-TVD/simple_cases/tide_gen_abs_data/.output/mask_00054,9cb6b7f44c503e0de9fdfac6253cbb7d69e5f40cb7ac647c112772588d6229f2,400100,text/plain,[none],other-text,FUNWAVE-TVD,True,no explicit vendor marker found; retained in denominator,False,True,False,False,False,False,False,False,False,True,False,_staging/total-read/records/numgrid-FUNWAVE-20260728.jsonl,2,models/FUNWAVE/raw/source_code/FUNWAVE-TVD/simple_cases/tide_gen_abs_data/.output/mask_00054,models/FUNWAVE/raw/source_code/FUNWAVE-TVD/simple_cases/tide_gen_abs_data/.output/mask_00054 | models/FUNWAVE/raw/source_code/FUNWAVE-TVD/simple_cases/tide_time_spectra/.output/mask_00054
models/FUNWAVE/raw/source_code/FUNWAVE-TVD/simple_cases/tide_gen_abs_data/.output/mask_00055,96283a7afc484f2af7b32b706cf8edbfeb61ef57e43b111acadc61721b8bd3c1,400100,text/plain,[none],other-text,FUNWAVE-TVD,True,no explicit vendor marker found; retained in denominator,False,True,False,False,False,False,False,False,False,True,False,_staging/total-read/records/numgrid-FUNWAVE-20260728.jsonl,2,models/FUNWAVE/raw/source_code/FUNWAVE-TVD/simple_cases/tide_gen_abs_data/.output/mask_00055,models/FUNWAVE/raw/source_code/FUNWAVE-TVD/simple_cases/tide_gen_abs_data/.output/mask_00055 | models/FUNWAVE/raw/source_code/FUNWAVE-TVD/simple_cases/tide_time_spectra/.output/mask_00055
models/FUNWAVE/raw/source_code/FUNWAVE-TVD/simple_cases/tide_gen_abs_data/.output/mask_00056,f1d7bdcc90aefe500bd297427733bde90d32db21595dd8304d98174c6844f41d,400100,text/plain,[none],other-text,FUNWAVE-TVD,True,no explicit vendor marker found; retained in denominator,False,True,False,False,False,False,False,False,False,True,False,_staging/total-read/records/numgrid-FUNWAVE-20260728.jsonl,2,models/FUNWAVE/raw/source_code/FUNWAVE-TVD/simple_cases/tide_gen_abs_data/.output/mask_00056,models/FUNWAVE/raw/source_code/FUNWAVE-TVD/simple_cases/tide_gen_abs_data/.output/mask_00056 | models/FUNWAVE/raw/source_code/FUNWAVE-TVD/simple_cases/tide_time_spectra/.output/mask_00056
models/FUNWAVE/raw/source_code/FUNWAVE-TVD/simple_cases/tide_gen_abs_data/.output/mask_00057,f60305a96e6c8de8b27844fec560582b8b35349c11c7552bdd894a86aebdebe3,400100,text/plain,[none],other-text,FUNWAVE-TVD,True,no explicit vendor marker found; retained in denominator,False,True,False,False,False,False,False,False,False,True,False,_staging/total-read/records/numgrid-FUNWAVE-20260728.jsonl,2,models/FUNWAVE/raw/source_code/FUNWAVE-TVD/simple_cases/tide_gen_abs_data/.output/mask_00057,models/FUNWAVE/raw/source_code/FUNWAVE-TVD/simple_cases/tide_gen_abs_data/.output/mask_00057 | models/FUNWAVE/raw/source_code/FUNWAVE-TVD/simple_cases/tide_time_spectra/.output/mask_00057
models/FUNWAVE/raw/source_code/FUNWAVE-TVD/simple_cases/tide_gen_abs_data/.output/mask_00058,43d6b479cacc3a127f2291b9ab169b9fb1fcfecaabb6e3fe039236eedae80489,400100,text/plain,[none],other-text,FUNWAVE-TVD,True,no explicit vendor marker found; retained in denominator,False,True,False,False,False,False,False,False,False,True,False,_staging/total-read/records/numgrid-FUNWAVE-20260728.jsonl,2,models/FUNWAVE/raw/source_code/FUNWAVE-TVD/simple_cases/tide_gen_abs_data/.output/mask_00058,models/FUNWAVE/raw/source_code/FUNWAVE-TVD/simple_cases/tide_gen_abs_data/.output/mask_00058 | models/FUNWAVE/raw/source_code/FUNWAVE-TVD/simple_cases/tide_time_spectra/.output/mask_00058
models/FUNWAVE/raw/source_code/FUNWAVE-TVD/simple_cases/tide_gen_abs_data/Grid_Range.out,614cd95510029b498098b51b04251695336dd4f569ebe3b4357880cf8700026b,178,text/plain,.out,case-data-or-output,FUNWAVE-TVD,True,no explicit vendor marker found; retained in denominator,False,True,False,False,False,False,True,False,False,False,True,_staging/total-read/pending/reread-20260728/reread20260728-doc-FUNWAVE-010-codex-20260811T023042Z-a9f1a2f7/83fe7d6370b3f59652aa780f14f62923cf072c2390e5f4c71b9ac58d7db9d9b4.json,3,models/FUNWAVE/raw/source_code/FUNWAVE-TVD/simple_cases/tide_abs_2bc_data/Grid_Range.out,models/FUNWAVE/raw/source_code/FUNWAVE-TVD/simple_cases/tide_abs_2bc_data/Grid_Range.out | models/FUNWAVE/raw/source_code/FUNWAVE-TVD/simple_cases/tide_gen_abs_data/Grid_Range.out | models/FUNWAVE/raw/source_code/FUNWAVE-TVD/simple_cases/tide_time_spectra/Grid_Range.out
models/FUNWAVE/raw/source_code/FUNWAVE-TVD/simple_cases/tide_gen_abs_data/LOG.txt,434dba67586409336d91fdf672901cf34d31e4fbd34a26f25a78bc11cf6d010f,55153,text/plain,.txt,documentation-or-build-text,FUNWAVE-TVD,True,no explicit vendor marker found; retained in denominator,False,True,False,False,False,False,True,False,False,False,True,_staging/total-read/pending/reread-20260728/reread20260728-doc-FUNWAVE-010-codex-20260811T023042Z-a9f1a2f7/eda0c476878570d216bda489daa86e3cf5b4f1b3ca66b927cd1b75eee395c4cb.json,1,models/FUNWAVE/raw/source_code/FUNWAVE-TVD/simple_cases/tide_gen_abs_data/LOG.txt,
models/FUNWAVE/raw/source_code/FUNWAVE-TVD/simple_cases/tide_gen_abs_data/Makefile,71534b59ce0b43ca61f5a721f44519f7407383fb2a92c8b006868e7796cead6a,4026,text/x-file,[none],documentation-or-build-text,FUNWAVE-TVD,True,no explicit vendor marker found; retained in denominator,False,True,False,False,False,False,True,False,False,False,True,_staging/total-read/pending/reread-20260728/reread20260728-doc-FUNWAVE-010-codex-20260811T023042Z-a9f1a2f7/77d00d4610dd840015ae5be3e20bc9d96d043d57fb8602c360123c4faff7ca39.json,2,models/FUNWAVE/raw/source_code/FUNWAVE-TVD/simple_cases/left_bc_wavemaker/Makefile,models/FUNWAVE/raw/source_code/FUNWAVE-TVD/simple_cases/left_bc_wavemaker/Makefile | models/FUNWAVE/raw/source_code/FUNWAVE-TVD/simple_cases/tide_gen_abs_data/Makefile
models/FUNWAVE/raw/source_code/FUNWAVE-TVD/simple_cases/tide_gen_abs_data/input.txt,98f0fd631447359f6e06feb1f78a6ada32f9c08efcc8ee4c12c1890d2b43dc95,4890,text/plain,.txt,documentation-or-build-text,FUNWAVE-TVD,True,no explicit vendor marker found; retained in denominator,False,True,False,False,False,False,True,False,False,False,True,_staging/total-read/pending/reread-20260728/reread20260728-doc-FUNWAVE-010-codex-20260811T023042Z-a9f1a2f7/0025ae786cc3f4555bb624271d4d1550f0bb558f9553688d490a690ac7af7efc.json,2,models/FUNWAVE/raw/source_code/FUNWAVE-TVD/simple_cases/tide_gen_abs_data/input.txt,models/FUNWAVE/raw/source_code/FUNWAVE-TVD/simple_cases/tide_gen_abs_data/input.txt | models/FUNWAVE/raw/source_code/FUNWAVE-TVD/test_bathy/input.txt
models/FUNWAVE/raw/source_code/FUNWAVE-TVD/simple_cases/tide_gen_abs_data/plot_wave.m,51a24eef67bf6e435bd4ea5b8da07b2d22fe01f1f4c09e841a5b26e4ae1a89e6,1336,text/plain,.m,script-source,FUNWAVE-TVD,True,no explicit vendor marker found; retained in denominator,True,True,True,True,True,True,False,False,False,False,True,_staging/total-read/pending/reread-20260728/reread20260728-code-FUNWAVE-003-codexaudit-20260826T022957Z-453e6221/08a536dbc7041f430d0e5ccaf7fa14276aeb68b1c5edda2eda444e38717c0a03.json | _staging/total-read/pending/reread-20260728/reread20260728-code-FUNWAVE-003-fable5-20260813T012841Z-7a6fa701/08a536dbc7041f430d0e5ccaf7fa14276aeb68b1c5edda2eda444e38717c0a03.json | _staging/total-read/records-crosswalk/reread-20260728/FUNWAVE-003/FUNWAVE__raw__source_code__FUNWAVE-TVD__simple_cases__tide_gen_abs_data__plot_wave.m.crosswalk.json,1,models/FUNWAVE/raw/source_code/FUNWAVE-TVD/simple_cases/tide_gen_abs_data/plot_wave.m,
models/FUNWAVE/raw/source_code/FUNWAVE-TVD/simple_cases/tide_gen_abs_data/tide_data_west.txt,85d9d23b923f3a83aa2609b8c9d8e8717ef123b11f9c8d0cb74e2f81724467a5,154,text/plain,.txt,documentation-or-build-text,FUNWAVE-TVD,True,no explicit vendor marker found; retained in denominator,False,True,False,False,False,False,True,False,False,False,True,_staging/total-read/pending/reread-20260728/reread20260728-doc-FUNWAVE-010-codex-20260811T023042Z-a9f1a2f7/a4afb68053788e121380b5ad1122e9353eced63c1b3942f42c2b7e900c78037b.json,2,models/FUNWAVE/raw/source_code/FUNWAVE-TVD/simple_cases/tide_abs_2bc_data/tide_data_west.txt,models/FUNWAVE/raw/source_code/FUNWAVE-TVD/simple_cases/tide_abs_2bc_data/tide_data_west.txt | models/FUNWAVE/raw/source_code/FUNWAVE-TVD/simple_cases/tide_gen_abs_data/tide_data_west.txt
models/FUNWAVE/raw/source_code/FUNWAVE-TVD/simple_cases/tide_gen_abs_data/time_dt.out,25f4847068c3bc1b433b11e0639289d79a9b39908b9b8bbd282f9e7cdbf2ec60,3500,text/plain,.out,case-data-or-output,FUNWAVE-TVD,True,no explicit vendor marker found; retained in denominator,False,True,False,False,False,False,True,False,False,False,True,_staging/total-read/pending/reread-20260728/reread20260728-doc-FUNWAVE-010-codex-20260811T023042Z-a9f1a2f7/cb5511f6a755d186de746aa1d516ab1ad3b1cb02d1480d31d35280d82ac27e6f.json,1,models/FUNWAVE/raw/source_code/FUNWAVE-TVD/simple_cases/tide_gen_abs_data/time_dt.out,
models/FUNWAVE/raw/source_code/FUNWAVE-TVD/simple_cases/tide_gen_abs_data/videoOut.mp4,b885edb883214bfc8723798522664ecbf57c75f71d81f2d68417ba1bd3b2e138,2790553,video/mp4,.mp4,image-or-media,FUNWAVE-TVD,True,no explicit vendor marker found; retained in denominator,False,False,False,False,False,False,False,False,False,True,False,_staging/total-read/records/binauto-code_FUNWAVE.jsonl,1,models/FUNWAVE/raw/source_code/FUNWAVE-TVD/simple_cases/tide_gen_abs_data/videoOut.mp4,
models/FUNWAVE/raw/source_code/FUNWAVE-TVD/simple_cases/tide_gen_abs_data/wave_data.txt,d1b1686202bd0e64659023368a054ea725062528e02f299f1f664a468ddacb6a,20,text/plain,.txt,documentation-or-build-text,FUNWAVE-TVD,True,no explicit vendor marker found; retained in denominator,False,True,False,False,False,False,True,False,False,False,True,_staging/total-read/pending/reread-20260728/reread20260728-doc-FUNWAVE-010-codex-20260811T023042Z-a9f1a2f7/c9da20e007b134c37ec10bf25cd49cfc6dc9b87a2cbad5fb50f2c4aabfd445c6.json,1,models/FUNWAVE/raw/source_code/FUNWAVE-TVD/simple_cases/tide_gen_abs_data/wave_data.txt,
models/FUNWAVE/raw/source_code/FUNWAVE-TVD/simple_cases/tide_time_spectra/.DS_Store,d65165279105ca6773180500688df4bdc69a2c7b771752f0a46ef120b7fd8ec3,6148,application/octet-stream,[none],other-binary-or-data,FUNWAVE-TVD,True,no explicit vendor marker found; retained in denominator,False,False,False,False,False,False,False,False,False,True,False,_staging/total-read/records/binauto-code_FUNWAVE.jsonl,14,models/FUNWAVE/raw/source_code/FUNWAVE-TVD/funwave-work/.DS_Store,models/FUNWAVE/raw/source_code/FUNWAVE-TVD/funwave-work/.DS_Store | models/FUNWAVE/raw/source_code/FUNWAVE-TVD/simple_cases/beach_2d_radiation/.DS_Store | models/FUNWAVE/raw/source_code/FUNWAVE-TVD/simple_cases/rain_on_hills/postprocessing/.DS_Store | models/FUNWAVE/raw/source_code/FUNWAVE-TVD/simple_cases/surface_wave_1d/input_files/.DS_Store | models/FUNWAVE/raw/source_code/FUNWAVE-TVD/simple_cases/tide_abs_1bc_constant/work/.DS_Store | models/FUNWAVE/raw/source_code/FUNWAVE-TVD/simple_cases/tide_abs_2bc_data/.DS_Store | models/FUNWAVE/raw/source_code/FUNWAVE-TVD/simple_cases/tide_frf_abc_data/plots/.DS_Store | models/FUNWAVE/raw/source_code/FUNWAVE-TVD/simple_cases/tide_gen_abs_data/.DS_Store | models/FUNWAVE/raw/source_code/FUNWAVE-TVD/simple_cases/tide_time_spectra/.DS_Store | models/FUNWAVE/raw/source_code/FUNWAVE-TVD/simple_cases/tohoku_tsunami/work/.DS_Store | models/FUNWAVE/raw/source_code/FUNWAVE-TVD/simple_cases/vertical_velocity_structure/plots/.DS_Store | models/FUNWAVE/raw/source_code/FUNWAVE-TVD/simple_cases/vessel_propeller_effect/vessel/.DS_Store | models/FUNWAVE/raw/source_code/FUNWAVE-TVD/simple_cases/vessel_propeller_effect/vessel_propeller/.DS_Store | models/FUNWAVE/raw/source_code/FUNWAVE-TVD/src/.DS_Store
models/FUNWAVE/raw/source_code/FUNWAVE-TVD/simple_cases/tide_time_spectra/.output/cd_breakwater.out,d5ac3c99b1bfb2f73849b05468dd60a63b1ab6df6286d931af7bee66ffb6497a,400100,text/plain,.out,case-data-or-output,FUNWAVE-TVD,True,no explicit vendor marker found; retained in denominator,False,True,False,False,False,False,False,False,False,True,False,_staging/total-read/records/numgrid-FUNWAVE-20260728.jsonl,2,models/FUNWAVE/raw/source_code/FUNWAVE-TVD/simple_cases/tide_gen_abs_data/.output/cd_breakwater.out,models/FUNWAVE/raw/source_code/FUNWAVE-TVD/simple_cases/tide_gen_abs_data/.output/cd_breakwater.out | models/FUNWAVE/raw/source_code/FUNWAVE-TVD/simple_cases/tide_time_spectra/.output/cd_breakwater.out
models/FUNWAVE/raw/source_code/FUNWAVE-TVD/simple_cases/tide_time_spectra/.output/dep.out,06f1cadb59a5ee3b78ca573e041571c39e380b2d0e6ad805adfec998f914e233,400100,text/plain,.out,case-data-or-output,FUNWAVE-TVD,True,no explicit vendor marker found; retained in denominator,False,True,False,False,False,False,False,False,False,True,False,_staging/total-read/records/numgrid-FUNWAVE-20260728.jsonl,2,models/FUNWAVE/raw/source_code/FUNWAVE-TVD/simple_cases/tide_gen_abs_data/.output/dep.out,models/FUNWAVE/raw/source_code/FUNWAVE-TVD/simple_cases/tide_gen_abs_data/.output/dep.out | models/FUNWAVE/raw/source_code/FUNWAVE-TVD/simple_cases/tide_time_spectra/.output/dep.out
models/FUNWAVE/raw/source_code/FUNWAVE-TVD/simple_cases/tide_time_spectra/.output/eta_00000,63485e43008c30c340adb6253321ee6362817f546023636f6c203040fd74d6eb,400100,text/plain,[none],case-data-or-output,FUNWAVE-TVD,True,no explicit vendor marker found; retained in denominator,False,True,False,False,False,False,False,False,False,True,False,_staging/total-read/records/numgrid-FUNWAVE-20260728.jsonl,2,models/FUNWAVE/raw/source_code/FUNWAVE-TVD/simple_cases/tide_gen_abs_data/.output/eta_00000,models/FUNWAVE/raw/source_code/FUNWAVE-TVD/simple_cases/tide_gen_abs_data/.output/eta_00000 | models/FUNWAVE/raw/source_code/FUNWAVE-TVD/simple_cases/tide_time_spectra/.output/eta_00000
models/FUNWAVE/raw/source_code/FUNWAVE-TVD/simple_cases/tide_time_spectra/.output/eta_00001,3f3a57dfea4163660ae33d25ba1c24f2782ca04f33c61ce9c312ef7d364af293,400100,text/plain,[none],case-data-or-output,FUNWAVE-TVD,True,no explicit vendor marker found; retained in denominator,False,True,False,False,False,False,False,False,False,True,False,_staging/total-read/records/numgrid-FUNWAVE-20260728.jsonl,2,models/FUNWAVE/raw/source_code/FUNWAVE-TVD/simple_cases/tide_gen_abs_data/.output/eta_00001,models/FUNWAVE/raw/source_code/FUNWAVE-TVD/simple_cases/tide_gen_abs_data/.output/eta_00001 | models/FUNWAVE/raw/source_code/FUNWAVE-TVD/simple_cases/tide_time_spectra/.output/eta_00001
models/FUNWAVE/raw/source_code/FUNWAVE-TVD/simple_cases/tide_time_spectra/.output/eta_00002,f8d30194ae2f60c870d2c2f7c3680e6ab8139dab52c354c3c92ee26d1df0a0a2,400100,text/plain,[none],case-data-or-output,FUNWAVE-TVD,True,no explicit vendor marker found; retained in denominator,False,True,False,False,False,False,False,False,False,True,False,_staging/total-read/records/numgrid-FUNWAVE-20260728.jsonl,2,models/FUNWAVE/raw/source_code/FUNWAVE-TVD/simple_cases/tide_gen_abs_data/.output/eta_00002,models/FUNWAVE/raw/source_code/FUNWAVE-TVD/simple_cases/tide_gen_abs_data/.output/eta_00002 | models/FUNWAVE/raw/source_code/FUNWAVE-TVD/simple_cases/tide_time_spectra/.output/eta_00002
models/FUNWAVE/raw/source_code/FUNWAVE-TVD/simple_cases/tide_time_spectra/.output/eta_00003,ed004fd9f084aa2abb864922cb23cb2f9b5543a1375ce27ba66a2b0e2677e7e3,400100,text/plain,[none],case-data-or-output,FUNWAVE-TVD,True,no explicit vendor marker found; retained in denominator,False,True,False,False,False,False,False,False,False,True,False,_staging/total-read/records/numgrid-FUNWAVE-20260728.jsonl,2,models/FUNWAVE/raw/source_code/FUNWAVE-TVD/simple_cases/tide_gen_abs_data/.output/eta_00003,models/FUNWAVE/raw/source_code/FUNWAVE-TVD/simple_cases/tide_gen_abs_data/.output/eta_00003 | models/FUNWAVE/raw/source_code/FUNWAVE-TVD/simple_cases/tide_time_spectra/.output/eta_00003
models/FUNWAVE/raw/source_code/FUNWAVE-TVD/simple_cases/tide_time_spectra/.output/eta_00004,9606a7109cd177590ff432123c45591c1ceea115b114718eca38b02e961f98b9,400100,text/plain,[none],case-data-or-output,FUNWAVE-TVD,True,no explicit vendor marker found; retained in denominator,False,True,False,False,False,False,False,False,False,True,False,_staging/total-read/records/numgrid-FUNWAVE-20260728.jsonl,2,models/FUNWAVE/raw/source_code/FUNWAVE-TVD/simple_cases/tide_gen_abs_data/.output/eta_00004,models/FUNWAVE/raw/source_code/FUNWAVE-TVD/simple_cases/tide_gen_abs_data/.output/eta_00004 | models/FUNWAVE/raw/source_code/FUNWAVE-TVD/simple_cases/tide_time_spectra/.output/eta_00004
models/FUNWAVE/raw/source_code/FUNWAVE-TVD/simple_cases/tide_time_spectra/.output/eta_00005,f9261067f0262ea0431f997a16387f0ccbb99bfe5244748c467334778bd169b9,400100,text/plain,[none],case-data-or-output,FUNWAVE-TVD,True,no explicit vendor marker found; retained in denominator,False,True,False,False,False,False,False,False,False,True,False,_staging/total-read/records/numgrid-FUNWAVE-20260728.jsonl,2,models/FUNWAVE/raw/source_code/FUNWAVE-TVD/simple_cases/tide_gen_abs_data/.output/eta_00005,models/FUNWAVE/raw/source_code/FUNWAVE-TVD/simple_cases/tide_gen_abs_data/.output/eta_00005 | models/FUNWAVE/raw/source_code/FUNWAVE-TVD/simple_cases/tide_time_spectra/.output/eta_00005
models/FUNWAVE/raw/source_code/FUNWAVE-TVD/simple_cases/tide_time_spectra/.output/eta_00006,fe6b871b194e7a09fc00ebe429be39047cc31f4355e5108777ec3d27dfc81b59,400100,text/plain,[none],case-data-or-output,FUNWAVE-TVD,True,no explicit vendor marker found; retained in denominator,False,True,False,False,False,False,False,False,False,True,False,_staging/total-read/records/numgrid-FUNWAVE-20260728.jsonl,2,models/FUNWAVE/raw/source_code/FUNWAVE-TVD/simple_cases/tide_gen_abs_data/.output/eta_00006,models/FUNWAVE/raw/source_code/FUNWAVE-TVD/simple_cases/tide_gen_abs_data/.output/eta_00006 | models/FUNWAVE/raw/source_code/FUNWAVE-TVD/simple_cases/tide_time_spectra/.output/eta_00006
models/FUNWAVE/raw/source_code/FUNWAVE-TVD/simple_cases/tide_time_spectra/.output/eta_00007,89b3e969cc4fe0a7d4586de7a67d00b72222fbbdb2da2fd39fa0d56e049b6187,400100,text/plain,[none],case-data-or-output,FUNWAVE-TVD,True,no explicit vendor marker found; retained in denominator,False,True,False,False,False,False,False,False,False,True,False,_staging/total-read/records/numgrid-FUNWAVE-20260728.jsonl,2,models/FUNWAVE/raw/source_code/FUNWAVE-TVD/simple_cases/tide_gen_abs_data/.output/eta_00007,models/FUNWAVE/raw/source_code/FUNWAVE-TVD/simple_cases/tide_gen_abs_data/.output/eta_00007 | models/FUNWAVE/raw/source_code/FUNWAVE-TVD/simple_cases/tide_time_spectra/.output/eta_00007
models/FUNWAVE/raw/source_code/FUNWAVE-TVD/simple_cases/tide_time_spectra/.output/eta_00008,6803538e15cef23f8b4b556a4425c555770c37417c1641ca4b2f34b1df1a470a,400100,text/plain,[none],case-data-or-output,FUNWAVE-TVD,True,no explicit vendor marker found; retained in denominator,False,True,False,False,False,False,False,False,False,True,False,_staging/total-read/records/numgrid-FUNWAVE-20260728.jsonl,2,models/FUNWAVE/raw/source_code/FUNWAVE-TVD/simple_cases/tide_gen_abs_data/.output/eta_00008,models/FUNWAVE/raw/source_code/FUNWAVE-TVD/simple_cases/tide_gen_abs_data/.output/eta_00008 | models/FUNWAVE/raw/source_code/FUNWAVE-TVD/simple_cases/tide_time_spectra/.output/eta_00008
models/FUNWAVE/raw/source_code/FUNWAVE-TVD/simple_cases/tide_time_spectra/.output/eta_00009,ca0b3f26d89c9205ee35edba0a1641943166ad0a4da9338773e8f787eb4f5900,400100,text/plain,[none],case-data-or-output,FUNWAVE-TVD,True,no explicit vendor marker found; retained in denominator,False,True,False,False,False,False,False,False,False,True,False,_staging/total-read/records/numgrid-FUNWAVE-20260728.jsonl,2,models/FUNWAVE/raw/source_code/FUNWAVE-TVD/simple_cases/tide_gen_abs_data/.output/eta_00009,models/FUNWAVE/raw/source_code/FUNWAVE-TVD/simple_cases/tide_gen_abs_data/.output/eta_00009 | models/FUNWAVE/raw/source_code/FUNWAVE-TVD/simple_cases/tide_time_spectra/.output/eta_00009
models/FUNWAVE/raw/source_code/FUNWAVE-TVD/simple_cases/tide_time_spectra/.output/eta_00010,7d6cf2ec4653d16935f86405b3ebab5b0180ea119219ab81ee16b94d8f6f0747,400100,text/plain,[none],case-data-or-output,FUNWAVE-TVD,True,no explicit vendor marker found; retained in denominator,False,True,False,False,False,False,False,False,False,True,False,_staging/total-read/records/numgrid-FUNWAVE-20260728.jsonl,2,models/FUNWAVE/raw/source_code/FUNWAVE-TVD/simple_cases/tide_gen_abs_data/.output/eta_00010,models/FUNWAVE/raw/source_code/FUNWAVE-TVD/simple_cases/tide_gen_abs_data/.output/eta_00010 | models/FUNWAVE/raw/source_code/FUNWAVE-TVD/simple_cases/tide_time_spectra/.output/eta_00010
models/FUNWAVE/raw/source_code/FUNWAVE-TVD/simple_cases/tide_time_spectra/.output/eta_00011,5c7f315b9ebc195ba7e93abf434fe0dcbff2524982732e7192f62c070f55ca75,400100,text/plain,[none],case-data-or-output,FUNWAVE-TVD,True,no explicit vendor marker found; retained in denominator,False,True,False,False,False,False,False,False,False,True,False,_staging/total-read/records/numgrid-FUNWAVE-20260728.jsonl,2,models/FUNWAVE/raw/source_code/FUNWAVE-TVD/simple_cases/tide_gen_abs_data/.output/eta_00011,models/FUNWAVE/raw/source_code/FUNWAVE-TVD/simple_cases/tide_gen_abs_data/.output/eta_00011 | models/FUNWAVE/raw/source_code/FUNWAVE-TVD/simple_cases/tide_time_spectra/.output/eta_00011
models/FUNWAVE/raw/source_code/FUNWAVE-TVD/simple_cases/tide_time_spectra/.output/eta_00012,cb54c0520fba65e0d73305cb981ddab9b7e52df42a936aa1c076b4cb87b78a6c,400100,text/plain,[none],case-data-or-output,FUNWAVE-TVD,True,no explicit vendor marker found; retained in denominator,False,True,False,False,False,False,False,False,False,True,False,_staging/total-read/records/numgrid-FUNWAVE-20260728.jsonl,2,models/FUNWAVE/raw/source_code/FUNWAVE-TVD/simple_cases/tide_gen_abs_data/.output/eta_00012,models/FUNWAVE/raw/source_code/FUNWAVE-TVD/simple_cases/tide_gen_abs_data/.output/eta_00012 | models/FUNWAVE/raw/source_code/FUNWAVE-TVD/simple_cases/tide_time_spectra/.output/eta_00012
models/FUNWAVE/raw/source_code/FUNWAVE-TVD/simple_cases/tide_time_spectra/.output/eta_00013,76bbc82c82d5ac712952bbd18de13d461152cf63143af51f97a148b20bd5f80e,400100,text/plain,[none],case-data-or-output,FUNWAVE-TVD,True,no explicit vendor marker found; retained in denominator,False,True,False,False,False,False,False,False,False,True,False,_staging/total-read/records/numgrid-FUNWAVE-20260728.jsonl,2,models/FUNWAVE/raw/source_code/FUNWAVE-TVD/simple_cases/tide_gen_abs_data/.output/eta_00013,models/FUNWAVE/raw/source_code/FUNWAVE-TVD/simple_cases/tide_gen_abs_data/.output/eta_00013 | models/FUNWAVE/raw/source_code/FUNWAVE-TVD/simple_cases/tide_time_spectra/.output/eta_00013
models/FUNWAVE/raw/source_code/FUNWAVE-TVD/simple_cases/tide_time_spectra/.output/eta_00014,0acdc301eb2a5e1fe5dd525bd96afa0afb4f437aa6670c05cf7818dde45315f6,400100,text/plain,[none],case-data-or-output,FUNWAVE-TVD,True,no explicit vendor marker found; retained in denominator,False,True,False,False,False,False,False,False,False,True,False,_staging/total-read/records/numgrid-FUNWAVE-20260728.jsonl,2,models/FUNWAVE/raw/source_code/FUNWAVE-TVD/simple_cases/tide_gen_abs_data/.output/eta_00014,models/FUNWAVE/raw/source_code/FUNWAVE-TVD/simple_cases/tide_gen_abs_data/.output/eta_00014 | models/FUNWAVE/raw/source_code/FUNWAVE-TVD/simple_cases/tide_time_spectra/.output/eta_00014
models/FUNWAVE/raw/source_code/FUNWAVE-TVD/simple_cases/tide_time_spectra/.output/eta_00015,2eab83529addfd01f8468bc2e46824c88d7b25d5e3f2b8fcb4c5312336a611e8,400100,text/plain,[none],case-data-or-output,FUNWAVE-TVD,True,no explicit vendor marker found; retained in denominator,False,True,False,False,False,False,False,False,False,True,False,_staging/total-read/records/numgrid-FUNWAVE-20260728.jsonl,2,models/FUNWAVE/raw/source_code/FUNWAVE-TVD/simple_cases/tide_gen_abs_data/.output/eta_00015,models/FUNWAVE/raw/source_code/FUNWAVE-TVD/simple_cases/tide_gen_abs_data/.output/eta_00015 | models/FUNWAVE/raw/source_code/FUNWAVE-TVD/simple_cases/tide_time_spectra/.output/eta_00015
models/FUNWAVE/raw/source_code/FUNWAVE-TVD/simple_cases/tide_time_spectra/.output/eta_00016,b63efd132ab6c87ecd27c277a485b51f3d777ee018eb061edf1918397b009072,400100,text/plain,[none],case-data-or-output,FUNWAVE-TVD,True,no explicit vendor marker found; retained in denominator,False,True,False,False,False,False,False,False,False,True,False,_staging/total-read/records/numgrid-FUNWAVE-20260728.jsonl,2,models/FUNWAVE/raw/source_code/FUNWAVE-TVD/simple_cases/tide_gen_abs_data/.output/eta_00016,models/FUNWAVE/raw/source_code/FUNWAVE-TVD/simple_cases/tide_gen_abs_data/.output/eta_00016 | models/FUNWAVE/raw/source_code/FUNWAVE-TVD/simple_cases/tide_time_spectra/.output/eta_00016
models/FUNWAVE/raw/source_code/FUNWAVE-TVD/simple_cases/tide_time_spectra/.output/eta_00017,188362a285041ab152f81f39f7742066197cb7bdf858db6ffacf9575a52128a9,400100,text/plain,[none],case-data-or-output,FUNWAVE-TVD,True,no explicit vendor marker found; retained in denominator,False,True,False,False,False,False,False,False,False,True,False,_staging/total-read/records/numgrid-FUNWAVE-20260728.jsonl,2,models/FUNWAVE/raw/source_code/FUNWAVE-TVD/simple_cases/tide_gen_abs_data/.output/eta_00017,models/FUNWAVE/raw/source_code/FUNWAVE-TVD/simple_cases/tide_gen_abs_data/.output/eta_00017 | models/FUNWAVE/raw/source_code/FUNWAVE-TVD/simple_cases/tide_time_spectra/.output/eta_00017
models/FUNWAVE/raw/source_code/FUNWAVE-TVD/simple_cases/tide_time_spectra/.output/eta_00018,ce649138ef217c9a1d2eb2915fc2204b39d8359bfc60694d2feb987181089bbb,400100,text/plain,[none],case-data-or-output,FUNWAVE-TVD,True,no explicit vendor marker found; retained in denominator,False,True,False,False,False,False,False,False,False,True,False,_staging/total-read/records/numgrid-FUNWAVE-20260728.jsonl,2,models/FUNWAVE/raw/source_code/FUNWAVE-TVD/simple_cases/tide_gen_abs_data/.output/eta_00018,models/FUNWAVE/raw/source_code/FUNWAVE-TVD/simple_cases/tide_gen_abs_data/.output/eta_00018 | models/FUNWAVE/raw/source_code/FUNWAVE-TVD/simple_cases/tide_time_spectra/.output/eta_00018
models/FUNWAVE/raw/source_code/FUNWAVE-TVD/simple_cases/tide_time_spectra/.output/eta_00019,b569098c143e106cf728fb52ef751d489d43540dbe63fcf1d33b417bfd38d969,400100,text/plain,[none],case-data-or-output,FUNWAVE-TVD,True,no explicit vendor marker found; retained in denominator,False,True,False,False,False,False,False,False,False,True,False,_staging/total-read/records/numgrid-FUNWAVE-20260728.jsonl,2,models/FUNWAVE/raw/source_code/FUNWAVE-TVD/simple_cases/tide_gen_abs_data/.output/eta_00019,models/FUNWAVE/raw/source_code/FUNWAVE-TVD/simple_cases/tide_gen_abs_data/.output/eta_00019 | models/FUNWAVE/raw/source_code/FUNWAVE-TVD/simple_cases/tide_time_spectra/.output/eta_00019
models/FUNWAVE/raw/source_code/FUNWAVE-TVD/simple_cases/tide_time_spectra/.output/eta_00020,a07a390af98134e66f4c0b8bd1dfd64fa7f50b739e5721b910b4887c3f553552,400100,text/plain,[none],case-data-or-output,FUNWAVE-TVD,True,no explicit vendor marker found; retained in denominator,False,True,False,False,False,False,False,False,False,True,False,_staging/total-read/records/numgrid-FUNWAVE-20260728.jsonl,2,models/FUNWAVE/raw/source_code/FUNWAVE-TVD/simple_cases/tide_gen_abs_data/.output/eta_00020,models/FUNWAVE/raw/source_code/FUNWAVE-TVD/simple_cases/tide_gen_abs_data/.output/eta_00020 | models/FUNWAVE/raw/source_code/FUNWAVE-TVD/simple_cases/tide_time_spectra/.output/eta_00020
models/FUNWAVE/raw/source_code/FUNWAVE-TVD/simple_cases/tide_time_spectra/.output/eta_00021,d62faf0409953a462f5a565f977d3b3570e96c8fd147b9b7f512ce30252b5932,400100,text/plain,[none],case-data-or-output,FUNWAVE-TVD,True,no explicit vendor marker found; retained in denominator,False,True,False,False,False,False,False,False,False,True,False,_staging/total-read/records/numgrid-FUNWAVE-20260728.jsonl,2,models/FUNWAVE/raw/source_code/FUNWAVE-TVD/simple_cases/tide_gen_abs_data/.output/eta_00021,models/FUNWAVE/raw/source_code/FUNWAVE-TVD/simple_cases/tide_gen_abs_data/.output/eta_00021 | models/FUNWAVE/raw/source_code/FUNWAVE-TVD/simple_cases/tide_time_spectra/.output/eta_00021
models/FUNWAVE/raw/source_code/FUNWAVE-TVD/simple_cases/tide_time_spectra/.output/eta_00022,fc4d73f9e2a717be54b842e398093d81f1f4da8df0b25f036b46e78742058ceb,400100,text/plain,[none],case-data-or-output,FUNWAVE-TVD,True,no explicit vendor marker found; retained in denominator,False,True,False,False,False,False,False,False,False,True,False,_staging/total-read/records/numgrid-FUNWAVE-20260728.jsonl,2,models/FUNWAVE/raw/source_code/FUNWAVE-TVD/simple_cases/tide_gen_abs_data/.output/eta_00022,models/FUNWAVE/raw/source_code/FUNWAVE-TVD/simple_cases/tide_gen_abs_data/.output/eta_00022 | models/FUNWAVE/raw/source_code/FUNWAVE-TVD/simple_cases/tide_time_spectra/.output/eta_00022
models/FUNWAVE/raw/source_code/FUNWAVE-TVD/simple_cases/tide_time_spectra/.output/eta_00023,7f943d8a30e06d809e58f7b1564f7c3246e86fdcfd45a154c22a38710ff62d0a,400100,text/plain,[none],case-data-or-output,FUNWAVE-TVD,True,no explicit vendor marker found; retained in denominator,False,True,False,False,False,False,False,False,False,True,False,_staging/total-read/records/numgrid-FUNWAVE-20260728.jsonl,2,models/FUNWAVE/raw/source_code/FUNWAVE-TVD/simple_cases/tide_gen_abs_data/.output/eta_00023,models/FUNWAVE/raw/source_code/FUNWAVE-TVD/simple_cases/tide_gen_abs_data/.output/eta_00023 | models/FUNWAVE/raw/source_code/FUNWAVE-TVD/simple_cases/tide_time_spectra/.output/eta_00023
models/FUNWAVE/raw/source_code/FUNWAVE-TVD/simple_cases/tide_time_spectra/.output/eta_00024,9a8de8c9218b620b29d2166b7eace7a6d4a87f5224efe0a12155dabf2e3cc7d4,400100,text/plain,[none],case-data-or-output,FUNWAVE-TVD,True,no explicit vendor marker found; retained in denominator,False,True,False,False,False,False,False,False,False,True,False,_staging/total-read/records/numgrid-FUNWAVE-20260728.jsonl,2,models/FUNWAVE/raw/source_code/FUNWAVE-TVD/simple_cases/tide_gen_abs_data/.output/eta_00024,models/FUNWAVE/raw/source_code/FUNWAVE-TVD/simple_cases/tide_gen_abs_data/.output/eta_00024 | models/FUNWAVE/raw/source_code/FUNWAVE-TVD/simple_cases/tide_time_spectra/.output/eta_00024
models/FUNWAVE/raw/source_code/FUNWAVE-TVD/simple_cases/tide_time_spectra/.output/eta_00025,3b12b4112ac3aa0a6fedff247a139657ce13e181ce8da3842e0ddb18a64b715f,400100,text/plain,[none],case-data-or-output,FUNWAVE-TVD,True,no explicit vendor marker found; retained in denominator,False,True,False,False,False,False,False,False,False,True,False,_staging/total-read/records/numgrid-FUNWAVE-20260728.jsonl,2,models/FUNWAVE/raw/source_code/FUNWAVE-TVD/simple_cases/tide_gen_abs_data/.output/eta_00025,models/FUNWAVE/raw/source_code/FUNWAVE-TVD/simple_cases/tide_gen_abs_data/.output/eta_00025 | models/FUNWAVE/raw/source_code/FUNWAVE-TVD/simple_cases/tide_time_spectra/.output/eta_00025
models/FUNWAVE/raw/source_code/FUNWAVE-TVD/simple_cases/tide_time_spectra/.output/eta_00026,4fe150238908f352ed2865939f2f932981929ebb7d4e765860dfccd7628dfd29,400100,text/plain,[none],case-data-or-output,FUNWAVE-TVD,True,no explicit vendor marker found; retained in denominator,False,True,False,False,False,False,False,False,False,True,False,_staging/total-read/records/numgrid-FUNWAVE-20260728.jsonl,2,models/FUNWAVE/raw/source_code/FUNWAVE-TVD/simple_cases/tide_gen_abs_data/.output/eta_00026,models/FUNWAVE/raw/source_code/FUNWAVE-TVD/simple_cases/tide_gen_abs_data/.output/eta_00026 | models/FUNWAVE/raw/source_code/FUNWAVE-TVD/simple_cases/tide_time_spectra/.output/eta_00026
models/FUNWAVE/raw/source_code/FUNWAVE-TVD/simple_cases/tide_time_spectra/.output/eta_00027,62a75b23349ce6ef893a0b47399e93daa1c52ff285595424ed6974005fc20034,400100,text/plain,[none],case-data-or-output,FUNWAVE-TVD,True,no explicit vendor marker found; retained in denominator,False,True,False,False,False,False,False,False,False,True,False,_staging/total-read/records/numgrid-FUNWAVE-20260728.jsonl,2,models/FUNWAVE/raw/source_code/FUNWAVE-TVD/simple_cases/tide_gen_abs_data/.output/eta_00027,models/FUNWAVE/raw/source_code/FUNWAVE-TVD/simple_cases/tide_gen_abs_data/.output/eta_00027 | models/FUNWAVE/raw/source_code/FUNWAVE-TVD/simple_cases/tide_time_spectra/.output/eta_00027
models/FUNWAVE/raw/source_code/FUNWAVE-TVD/simple_cases/tide_time_spectra/.output/eta_00028,7dffc8cf6cec324a6db30dab62aa3ac410d3dcc9c10e274d5e8e4c5a10a85cff,400100,text/plain,[none],case-data-or-output,FUNWAVE-TVD,True,no explicit vendor marker found; retained in denominator,False,True,False,False,False,False,False,False,False,True,False,_staging/total-read/records/numgrid-FUNWAVE-20260728.jsonl,2,models/FUNWAVE/raw/source_code/FUNWAVE-TVD/simple_cases/tide_gen_abs_data/.output/eta_00028,models/FUNWAVE/raw/source_code/FUNWAVE-TVD/simple_cases/tide_gen_abs_data/.output/eta_00028 | models/FUNWAVE/raw/source_code/FUNWAVE-TVD/simple_cases/tide_time_spectra/.output/eta_00028
models/FUNWAVE/raw/source_code/FUNWAVE-TVD/simple_cases/tide_time_spectra/.output/eta_00029,6b5019a6fb52290c1de4eb41fb7558b4492d673a2d0d756eaf92f9c01ae589df,400100,text/plain,[none],case-data-or-output,FUNWAVE-TVD,True,no explicit vendor marker found; retained in denominator,False,True,False,False,False,False,False,False,False,True,False,_staging/total-read/records/numgrid-FUNWAVE-20260728.jsonl,2,models/FUNWAVE/raw/source_code/FUNWAVE-TVD/simple_cases/tide_gen_abs_data/.output/eta_00029,models/FUNWAVE/raw/source_code/FUNWAVE-TVD/simple_cases/tide_gen_abs_data/.output/eta_00029 | models/FUNWAVE/raw/source_code/FUNWAVE-TVD/simple_cases/tide_time_spectra/.output/eta_00029
models/FUNWAVE/raw/source_code/FUNWAVE-TVD/simple_cases/tide_time_spectra/.output/eta_00030,be2828d73d8ca31fa4a69ce94b6198b302384d4de9e49eb35104463ad79ce537,400100,text/plain,[none],case-data-or-output,FUNWAVE-TVD,True,no explicit vendor marker found; retained in denominator,False,True,False,False,False,False,False,False,False,True,False,_staging/total-read/records/numgrid-FUNWAVE-20260728.jsonl,2,models/FUNWAVE/raw/source_code/FUNWAVE-TVD/simple_cases/tide_gen_abs_data/.output/eta_00030,models/FUNWAVE/raw/source_code/FUNWAVE-TVD/simple_cases/tide_gen_abs_data/.output/eta_00030 | models/FUNWAVE/raw/source_code/FUNWAVE-TVD/simple_cases/tide_time_spectra/.output/eta_00030
models/FUNWAVE/raw/source_code/FUNWAVE-TVD/simple_cases/tide_time_spectra/.output/eta_00031,0eed6b24fb2b06f45e7ae1db688ad58dbc4051f37a319535ad5f6fad37534cd6,400100,text/plain,[none],case-data-or-output,FUNWAVE-TVD,True,no explicit vendor marker found; retained in denominator,False,True,False,False,False,False,False,False,False,True,False,_staging/total-read/records/numgrid-FUNWAVE-20260728.jsonl,2,models/FUNWAVE/raw/source_code/FUNWAVE-TVD/simple_cases/tide_gen_abs_data/.output/eta_00031,models/FUNWAVE/raw/source_code/FUNWAVE-TVD/simple_cases/tide_gen_abs_data/.output/eta_00031 | models/FUNWAVE/raw/source_code/FUNWAVE-TVD/simple_cases/tide_time_spectra/.output/eta_00031
models/FUNWAVE/raw/source_code/FUNWAVE-TVD/simple_cases/tide_time_spectra/.output/eta_00032,8a34027aad4e90aab0a16444f9dca6fe4b5eec3632642e5a3fccdb443546e5ac,400100,text/plain,[none],case-data-or-output,FUNWAVE-TVD,True,no explicit vendor marker found; retained in denominator,False,True,False,False,False,False,False,False,False,True,False,_staging/total-read/records/numgrid-FUNWAVE-20260728.jsonl,2,models/FUNWAVE/raw/source_code/FUNWAVE-TVD/simple_cases/tide_gen_abs_data/.output/eta_00032,models/FUNWAVE/raw/source_code/FUNWAVE-TVD/simple_cases/tide_gen_abs_data/.output/eta_00032 | models/FUNWAVE/raw/source_code/FUNWAVE-TVD/simple_cases/tide_time_spectra/.output/eta_00032
models/FUNWAVE/raw/source_code/FUNWAVE-TVD/simple_cases/tide_time_spectra/.output/eta_00033,efe325ba6fc07a2d98ef265981ddf481b3c9876f8e289f4eeade527fc24b5422,400100,text/plain,[none],case-data-or-output,FUNWAVE-TVD,True,no explicit vendor marker found; retained in denominator,False,True,False,False,False,False,False,False,False,True,False,_staging/total-read/records/numgrid-FUNWAVE-20260728.jsonl,2,models/FUNWAVE/raw/source_code/FUNWAVE-TVD/simple_cases/tide_gen_abs_data/.output/eta_00033,models/FUNWAVE/raw/source_code/FUNWAVE-TVD/simple_cases/tide_gen_abs_data/.output/eta_00033 | models/FUNWAVE/raw/source_code/FUNWAVE-TVD/simple_cases/tide_time_spectra/.output/eta_00033
models/FUNWAVE/raw/source_code/FUNWAVE-TVD/simple_cases/tide_time_spectra/.output/eta_00034,0be39e6496f17797a94c8aa535f670de50814723a19bc28b65c1905fd26d58ab,400100,text/plain,[none],case-data-or-output,FUNWAVE-TVD,True,no explicit vendor marker found; retained in denominator,False,True,False,False,False,False,False,False,False,True,False,_staging/total-read/records/numgrid-FUNWAVE-20260728.jsonl,2,models/FUNWAVE/raw/source_code/FUNWAVE-TVD/simple_cases/tide_gen_abs_data/.output/eta_00034,models/FUNWAVE/raw/source_code/FUNWAVE-TVD/simple_cases/tide_gen_abs_data/.output/eta_00034 | models/FUNWAVE/raw/source_code/FUNWAVE-TVD/simple_cases/tide_time_spectra/.output/eta_00034
models/FUNWAVE/raw/source_code/FUNWAVE-TVD/simple_cases/tide_time_spectra/.output/eta_00035,45de1e6364674c772f973495db2452a73f92e96cbd4525c5ffa2bd9d39210ad7,400100,text/plain,[none],case-data-or-output,FUNWAVE-TVD,True,no explicit vendor marker found; retained in denominator,False,True,False,False,False,False,False,False,False,True,False,_staging/total-read/records/numgrid-FUNWAVE-20260728.jsonl,2,models/FUNWAVE/raw/source_code/FUNWAVE-TVD/simple_cases/tide_gen_abs_data/.output/eta_00035,models/FUNWAVE/raw/source_code/FUNWAVE-TVD/simple_cases/tide_gen_abs_data/.output/eta_00035 | models/FUNWAVE/raw/source_code/FUNWAVE-TVD/simple_cases/tide_time_spectra/.output/eta_00035
models/FUNWAVE/raw/source_code/FUNWAVE-TVD/simple_cases/tide_time_spectra/.output/eta_00036,89b9b8eeeaea2f07eb67cefef51ee8c92c903f08dc4eb7b60b4c1aa918d51064,400100,text/plain,[none],case-data-or-output,FUNWAVE-TVD,True,no explicit vendor marker found; retained in denominator,False,True,False,False,False,False,False,False,False,True,False,_staging/total-read/records/numgrid-FUNWAVE-20260728.jsonl,2,models/FUNWAVE/raw/source_code/FUNWAVE-TVD/simple_cases/tide_gen_abs_data/.output/eta_00036,models/FUNWAVE/raw/source_code/FUNWAVE-TVD/simple_cases/tide_gen_abs_data/.output/eta_00036 | models/FUNWAVE/raw/source_code/FUNWAVE-TVD/simple_cases/tide_time_spectra/.output/eta_00036
models/FUNWAVE/raw/source_code/FUNWAVE-TVD/simple_cases/tide_time_spectra/.output/eta_00037,3119da612c3679f7fc2c9510b1d1fb84d2a16efb0954954a0a06d22454fcb929,400100,text/plain,[none],case-data-or-output,FUNWAVE-TVD,True,no explicit vendor marker found; retained in denominator,False,True,False,False,False,False,False,False,False,True,False,_staging/total-read/records/numgrid-FUNWAVE-20260728.jsonl,2,models/FUNWAVE/raw/source_code/FUNWAVE-TVD/simple_cases/tide_gen_abs_data/.output/eta_00037,models/FUNWAVE/raw/source_code/FUNWAVE-TVD/simple_cases/tide_gen_abs_data/.output/eta_00037 | models/FUNWAVE/raw/source_code/FUNWAVE-TVD/simple_cases/tide_time_spectra/.output/eta_00037
models/FUNWAVE/raw/source_code/FUNWAVE-TVD/simple_cases/tide_time_spectra/.output/eta_00038,28b6193d55958444cc500fe51915f88761b2a04a6e82b6abdea3ec7665d28614,400100,text/plain,[none],case-data-or-output,FUNWAVE-TVD,True,no explicit vendor marker found; retained in denominator,False,True,False,False,False,False,False,False,False,True,False,_staging/total-read/records/numgrid-FUNWAVE-20260728.jsonl,2,models/FUNWAVE/raw/source_code/FUNWAVE-TVD/simple_cases/tide_gen_abs_data/.output/eta_00038,models/FUNWAVE/raw/source_code/FUNWAVE-TVD/simple_cases/tide_gen_abs_data/.output/eta_00038 | models/FUNWAVE/raw/source_code/FUNWAVE-TVD/simple_cases/tide_time_spectra/.output/eta_00038
models/FUNWAVE/raw/source_code/FUNWAVE-TVD/simple_cases/tide_time_spectra/.output/eta_00039,7a4e110c06347b7f2e7b8eb65a2db546ec7356ac845e9d839791ea292ff03504,400100,text/plain,[none],case-data-or-output,FUNWAVE-TVD,True,no explicit vendor marker found; retained in denominator,False,True,False,False,False,False,False,False,False,True,False,_staging/total-read/records/numgrid-FUNWAVE-20260728.jsonl,2,models/FUNWAVE/raw/source_code/FUNWAVE-TVD/simple_cases/tide_gen_abs_data/.output/eta_00039,models/FUNWAVE/raw/source_code/FUNWAVE-TVD/simple_cases/tide_gen_abs_data/.output/eta_00039 | models/FUNWAVE/raw/source_code/FUNWAVE-TVD/simple_cases/tide_time_spectra/.output/eta_00039
models/FUNWAVE/raw/source_code/FUNWAVE-TVD/simple_cases/tide_time_spectra/.output/eta_00040,f058d5dbcbf309bd0de83e23a7918be39f42213e4a834943233882c6e36f1363,400100,text/plain,[none],case-data-or-output,FUNWAVE-TVD,True,no explicit vendor marker found; retained in denominator,False,True,False,False,False,False,False,False,False,True,False,_staging/total-read/records/numgrid-FUNWAVE-20260728.jsonl,2,models/FUNWAVE/raw/source_code/FUNWAVE-TVD/simple_cases/tide_gen_abs_data/.output/eta_00040,models/FUNWAVE/raw/source_code/FUNWAVE-TVD/simple_cases/tide_gen_abs_data/.output/eta_00040 | models/FUNWAVE/raw/source_code/FUNWAVE-TVD/simple_cases/tide_time_spectra/.output/eta_00040
models/FUNWAVE/raw/source_code/FUNWAVE-TVD/simple_cases/tide_time_spectra/.output/eta_00041,65dd7e052652547351b8cbf180ea00f6bc2f6a6a67149b82e03ff499f7e52ac4,400100,text/plain,[none],case-data-or-output,FUNWAVE-TVD,True,no explicit vendor marker found; retained in denominator,False,True,False,False,False,False,False,False,False,True,False,_staging/total-read/records/numgrid-FUNWAVE-20260728.jsonl,2,models/FUNWAVE/raw/source_code/FUNWAVE-TVD/simple_cases/tide_gen_abs_data/.output/eta_00041,models/FUNWAVE/raw/source_code/FUNWAVE-TVD/simple_cases/tide_gen_abs_data/.output/eta_00041 | models/FUNWAVE/raw/source_code/FUNWAVE-TVD/simple_cases/tide_time_spectra/.output/eta_00041
models/FUNWAVE/raw/source_code/FUNWAVE-TVD/simple_cases/tide_time_spectra/.output/eta_00042,ad3eb8f4c2b8cc168c54e74d5b01191791ad04f84b7e2ff339f1b51fe276dae1,400100,text/plain,[none],case-data-or-output,FUNWAVE-TVD,True,no explicit vendor marker found; retained in denominator,False,True,False,False,False,False,False,False,False,True,False,_staging/total-read/records/numgrid-FUNWAVE-20260728.jsonl,2,models/FUNWAVE/raw/source_code/FUNWAVE-TVD/simple_cases/tide_gen_abs_data/.output/eta_00042,models/FUNWAVE/raw/source_code/FUNWAVE-TVD/simple_cases/tide_gen_abs_data/.output/eta_00042 | models/FUNWAVE/raw/source_code/FUNWAVE-TVD/simple_cases/tide_time_spectra/.output/eta_00042
models/FUNWAVE/raw/source_code/FUNWAVE-TVD/simple_cases/tide_time_spectra/.output/eta_00043,e6a71c49a7627b7eab5fdf7d19ce7a0bf8104303f5463c790fc934ce6e0040a7,400100,text/plain,[none],case-data-or-output,FUNWAVE-TVD,True,no explicit vendor marker found; retained in denominator,False,True,False,False,False,False,False,False,False,True,False,_staging/total-read/records/numgrid-FUNWAVE-20260728.jsonl,2,models/FUNWAVE/raw/source_code/FUNWAVE-TVD/simple_cases/tide_gen_abs_data/.output/eta_00043,models/FUNWAVE/raw/source_code/FUNWAVE-TVD/simple_cases/tide_gen_abs_data/.output/eta_00043 | models/FUNWAVE/raw/source_code/FUNWAVE-TVD/simple_cases/tide_time_spectra/.output/eta_00043
models/FUNWAVE/raw/source_code/FUNWAVE-TVD/simple_cases/tide_time_spectra/.output/eta_00044,f5d51d612501f3e80e4260a8c89a831489ad1f8b97df96b176859f0a9af5fd7f,400100,text/plain,[none],case-data-or-output,FUNWAVE-TVD,True,no explicit vendor marker found; retained in denominator,False,True,False,False,False,False,False,False,False,True,False,_staging/total-read/records/numgrid-FUNWAVE-20260728.jsonl,2,models/FUNWAVE/raw/source_code/FUNWAVE-TVD/simple_cases/tide_gen_abs_data/.output/eta_00044,models/FUNWAVE/raw/source_code/FUNWAVE-TVD/simple_cases/tide_gen_abs_data/.output/eta_00044 | models/FUNWAVE/raw/source_code/FUNWAVE-TVD/simple_cases/tide_time_spectra/.output/eta_00044
models/FUNWAVE/raw/source_code/FUNWAVE-TVD/simple_cases/tide_time_spectra/.output/eta_00045,179502a01c57a10c19808ac854752c53843aebf0f80e0a81d5177b0c094aca98,400100,text/plain,[none],case-data-or-output,FUNWAVE-TVD,True,no explicit vendor marker found; retained in denominator,False,True,False,False,False,False,False,False,False,True,False,_staging/total-read/records/numgrid-FUNWAVE-20260728.jsonl,2,models/FUNWAVE/raw/source_code/FUNWAVE-TVD/simple_cases/tide_gen_abs_data/.output/eta_00045,models/FUNWAVE/raw/source_code/FUNWAVE-TVD/simple_cases/tide_gen_abs_data/.output/eta_00045 | models/FUNWAVE/raw/source_code/FUNWAVE-TVD/simple_cases/tide_time_spectra/.output/eta_00045
models/FUNWAVE/raw/source_code/FUNWAVE-TVD/simple_cases/tide_time_spectra/.output/eta_00046,7efd173355aadfcdac0a3d566ee51af1ee6b43b95a769942227c851aee265d38,400100,text/plain,[none],case-data-or-output,FUNWAVE-TVD,True,no explicit vendor marker found; retained in denominator,False,True,False,False,False,False,False,False,False,True,False,_staging/total-read/records/numgrid-FUNWAVE-20260728.jsonl,2,models/FUNWAVE/raw/source_code/FUNWAVE-TVD/simple_cases/tide_gen_abs_data/.output/eta_00046,models/FUNWAVE/raw/source_code/FUNWAVE-TVD/simple_cases/tide_gen_abs_data/.output/eta_00046 | models/FUNWAVE/raw/source_code/FUNWAVE-TVD/simple_cases/tide_time_spectra/.output/eta_00046
models/FUNWAVE/raw/source_code/FUNWAVE-TVD/simple_cases/tide_time_spectra/.output/eta_00047,61393b620e37f94b4c3d4f1ae87f6041b6d1ef879761bb4828c4b8dae26e5225,400100,text/plain,[none],case-data-or-output,FUNWAVE-TVD,True,no explicit vendor marker found; retained in denominator,False,True,False,False,False,False,False,False,False,True,False,_staging/total-read/records/numgrid-FUNWAVE-20260728.jsonl,2,models/FUNWAVE/raw/source_code/FUNWAVE-TVD/simple_cases/tide_gen_abs_data/.output/eta_00047,models/FUNWAVE/raw/source_code/FUNWAVE-TVD/simple_cases/tide_gen_abs_data/.output/eta_00047 | models/FUNWAVE/raw/source_code/FUNWAVE-TVD/simple_cases/tide_time_spectra/.output/eta_00047
models/FUNWAVE/raw/source_code/FUNWAVE-TVD/simple_cases/tide_time_spectra/.output/eta_00048,b3308c002ac7d657f835aab256f5d488fcd0a6c56e0efc392a3d3aec85235cef,400100,text/plain,[none],case-data-or-output,FUNWAVE-TVD,True,no explicit vendor marker found; retained in denominator,False,True,False,False,False,False,False,False,False,True,False,_staging/total-read/records/numgrid-FUNWAVE-20260728.jsonl,2,models/FUNWAVE/raw/source_code/FUNWAVE-TVD/simple_cases/tide_gen_abs_data/.output/eta_00048,models/FUNWAVE/raw/source_code/FUNWAVE-TVD/simple_cases/tide_gen_abs_data/.output/eta_00048 | models/FUNWAVE/raw/source_code/FUNWAVE-TVD/simple_cases/tide_time_spectra/.output/eta_00048
models/FUNWAVE/raw/source_code/FUNWAVE-TVD/simple_cases/tide_time_spectra/.output/eta_00049,20016135c57ac27fd8dfe0c5c3205cbc77c489bbe187606addaa1e6d71510220,400100,text/plain,[none],case-data-or-output,FUNWAVE-TVD,True,no explicit vendor marker found; retained in denominator,False,True,False,False,False,False,False,False,False,True,False,_staging/total-read/records/numgrid-FUNWAVE-20260728.jsonl,2,models/FUNWAVE/raw/source_code/FUNWAVE-TVD/simple_cases/tide_gen_abs_data/.output/eta_00049,models/FUNWAVE/raw/source_code/FUNWAVE-TVD/simple_cases/tide_gen_abs_data/.output/eta_00049 | models/FUNWAVE/raw/source_code/FUNWAVE-TVD/simple_cases/tide_time_spectra/.output/eta_00049
models/FUNWAVE/raw/source_code/FUNWAVE-TVD/simple_cases/tide_time_spectra/.output/eta_00050,59dbec885b6003dc0f5af643753a934d994a3e977ab8e1cc1a08e124cb7f1a76,400100,text/plain,[none],case-data-or-output,FUNWAVE-TVD,True,no explicit vendor marker found; retained in denominator,False,True,False,False,False,False,False,False,False,True,False,_staging/total-read/records/numgrid-FUNWAVE-20260728.jsonl,2,models/FUNWAVE/raw/source_code/FUNWAVE-TVD/simple_cases/tide_gen_abs_data/.output/eta_00050,models/FUNWAVE/raw/source_code/FUNWAVE-TVD/simple_cases/tide_gen_abs_data/.output/eta_00050 | models/FUNWAVE/raw/source_code/FUNWAVE-TVD/simple_cases/tide_time_spectra/.output/eta_00050
models/FUNWAVE/raw/source_code/FUNWAVE-TVD/simple_cases/tide_time_spectra/.output/eta_00051,0b8c3defc8bd4a9962f74a5a27a9140ba9357bbe66a98eb0b303f57d5f5eaeb5,400100,text/plain,[none],case-data-or-output,FUNWAVE-TVD,True,no explicit vendor marker found; retained in denominator,False,True,False,False,False,False,False,False,False,True,False,_staging/total-read/records/numgrid-FUNWAVE-20260728.jsonl,2,models/FUNWAVE/raw/source_code/FUNWAVE-TVD/simple_cases/tide_gen_abs_data/.output/eta_00051,models/FUNWAVE/raw/source_code/FUNWAVE-TVD/simple_cases/tide_gen_abs_data/.output/eta_00051 | models/FUNWAVE/raw/source_code/FUNWAVE-TVD/simple_cases/tide_time_spectra/.output/eta_00051
models/FUNWAVE/raw/source_code/FUNWAVE-TVD/simple_cases/tide_time_spectra/.output/eta_00052,fae5f7701972b760913265a0ae88b23b3aee20e0c65189c65b6ddf18f51857f9,400100,text/plain,[none],case-data-or-output,FUNWAVE-TVD,True,no explicit vendor marker found; retained in denominator,False,True,False,False,False,False,False,False,False,True,False,_staging/total-read/records/numgrid-FUNWAVE-20260728.jsonl,2,models/FUNWAVE/raw/source_code/FUNWAVE-TVD/simple_cases/tide_gen_abs_data/.output/eta_00052,models/FUNWAVE/raw/source_code/FUNWAVE-TVD/simple_cases/tide_gen_abs_data/.output/eta_00052 | models/FUNWAVE/raw/source_code/FUNWAVE-TVD/simple_cases/tide_time_spectra/.output/eta_00052
models/FUNWAVE/raw/source_code/FUNWAVE-TVD/simple_cases/tide_time_spectra/.output/eta_00053,f739029e64df76d9725e62ed8074eb0966e00d1f77230dd44c70493a7d02611e,400100,text/plain,[none],case-data-or-output,FUNWAVE-TVD,True,no explicit vendor marker found; retained in denominator,False,True,False,False,False,False,False,False,False,True,False,_staging/total-read/records/numgrid-FUNWAVE-20260728.jsonl,2,models/FUNWAVE/raw/source_code/FUNWAVE-TVD/simple_cases/tide_gen_abs_data/.output/eta_00053,models/FUNWAVE/raw/source_code/FUNWAVE-TVD/simple_cases/tide_gen_abs_data/.output/eta_00053 | models/FUNWAVE/raw/source_code/FUNWAVE-TVD/simple_cases/tide_time_spectra/.output/eta_00053
models/FUNWAVE/raw/source_code/FUNWAVE-TVD/simple_cases/tide_time_spectra/.output/eta_00054,3c831d0d2008bf67b9467441d8eb17c497758098c1e55b4be61e99f99236a4fc,400100,text/plain,[none],case-data-or-output,FUNWAVE-TVD,True,no explicit vendor marker found; retained in denominator,False,True,False,False,False,False,False,False,False,True,False,_staging/total-read/records/numgrid-FUNWAVE-20260728.jsonl,2,models/FUNWAVE/raw/source_code/FUNWAVE-TVD/simple_cases/tide_gen_abs_data/.output/eta_00054,models/FUNWAVE/raw/source_code/FUNWAVE-TVD/simple_cases/tide_gen_abs_data/.output/eta_00054 | models/FUNWAVE/raw/source_code/FUNWAVE-TVD/simple_cases/tide_time_spectra/.output/eta_00054
models/FUNWAVE/raw/source_code/FUNWAVE-TVD/simple_cases/tide_time_spectra/.output/eta_00055,6f03dea5711fc0c49b02902bcd5b01ee8c7795bc1353ddd6c9afdc1b89a68463,400100,text/plain,[none],case-data-or-output,FUNWAVE-TVD,True,no explicit vendor marker found; retained in denominator,False,True,False,False,False,False,False,False,False,True,False,_staging/total-read/records/numgrid-FUNWAVE-20260728.jsonl,2,models/FUNWAVE/raw/source_code/FUNWAVE-TVD/simple_cases/tide_gen_abs_data/.output/eta_00055,models/FUNWAVE/raw/source_code/FUNWAVE-TVD/simple_cases/tide_gen_abs_data/.output/eta_00055 | models/FUNWAVE/raw/source_code/FUNWAVE-TVD/simple_cases/tide_time_spectra/.output/eta_00055
models/FUNWAVE/raw/source_code/FUNWAVE-TVD/simple_cases/tide_time_spectra/.output/eta_00056,1343a840b47ede6f48a2a63edf87b7ac4bc63f9f6a8e8b30aae5c8e6dbb98e12,400100,text/plain,[none],case-data-or-output,FUNWAVE-TVD,True,no explicit vendor marker found; retained in denominator,False,True,False,False,False,False,False,False,False,True,False,_staging/total-read/records/numgrid-FUNWAVE-20260728.jsonl,2,models/FUNWAVE/raw/source_code/FUNWAVE-TVD/simple_cases/tide_gen_abs_data/.output/eta_00056,models/FUNWAVE/raw/source_code/FUNWAVE-TVD/simple_cases/tide_gen_abs_data/.output/eta_00056 | models/FUNWAVE/raw/source_code/FUNWAVE-TVD/simple_cases/tide_time_spectra/.output/eta_00056
models/FUNWAVE/raw/source_code/FUNWAVE-TVD/simple_cases/tide_time_spectra/.output/eta_00057,21f7e003efb12ea0271a86b527bb4ef10ebb4c13ad0c2fda64a5521ed2a442f2,400100,text/plain,[none],case-data-or-output,FUNWAVE-TVD,True,no explicit vendor marker found; retained in denominator,False,True,False,False,False,False,False,False,False,True,False,_staging/total-read/records/numgrid-FUNWAVE-20260728.jsonl,2,models/FUNWAVE/raw/source_code/FUNWAVE-TVD/simple_cases/tide_gen_abs_data/.output/eta_00057,models/FUNWAVE/raw/source_code/FUNWAVE-TVD/simple_cases/tide_gen_abs_data/.output/eta_00057 | models/FUNWAVE/raw/source_code/FUNWAVE-TVD/simple_cases/tide_time_spectra/.output/eta_00057
models/FUNWAVE/raw/source_code/FUNWAVE-TVD/simple_cases/tide_time_spectra/.output/eta_00058,ba6e698edab4d18f54d134ae69b4248791874b4e914cf04ad62dbd26bf4d104b,400100,text/plain,[none],case-data-or-output,FUNWAVE-TVD,True,no explicit vendor marker found; retained in denominator,False,True,False,False,False,False,False,False,False,True,False,_staging/total-read/records/numgrid-FUNWAVE-20260728.jsonl,2,models/FUNWAVE/raw/source_code/FUNWAVE-TVD/simple_cases/tide_gen_abs_data/.output/eta_00058,models/FUNWAVE/raw/source_code/FUNWAVE-TVD/simple_cases/tide_gen_abs_data/.output/eta_00058 | models/FUNWAVE/raw/source_code/FUNWAVE-TVD/simple_cases/tide_time_spectra/.output/eta_00058
models/FUNWAVE/raw/source_code/FUNWAVE-TVD/simple_cases/tide_time_spectra/.output/mask_00000,89dacb629ba121b594bb475e111ab6b9c7f43c399468e6eab520b8d56640ab32,400100,text/plain,[none],other-text,FUNWAVE-TVD,True,no explicit vendor marker found; retained in denominator,False,True,False,False,False,False,False,False,False,True,False,_staging/total-read/records/numgrid-FUNWAVE-20260728.jsonl,10,models/FUNWAVE/raw/source_code/FUNWAVE-TVD/simple_cases/tide_gen_abs_data/.output/mask_00000,models/FUNWAVE/raw/source_code/FUNWAVE-TVD/simple_cases/tide_gen_abs_data/.output/mask_00000 | models/FUNWAVE/raw/source_code/FUNWAVE-TVD/simple_cases/tide_gen_abs_data/.output/mask_00015 | models/FUNWAVE/raw/source_code/FUNWAVE-TVD/simple_cases/tide_gen_abs_data/.output/mask_00028 | models/FUNWAVE/raw/source_code/FUNWAVE-TVD/simple_cases/tide_gen_abs_data/.output/mask_00029 | models/FUNWAVE/raw/source_code/FUNWAVE-TVD/simple_cases/tide_gen_abs_data/.output/mask_00030 | models/FUNWAVE/raw/source_code/FUNWAVE-TVD/simple_cases/tide_time_spectra/.output/mask_00000 | models/FUNWAVE/raw/source_code/FUNWAVE-TVD/simple_cases/tide_time_spectra/.output/mask_00015 | models/FUNWAVE/raw/source_code/FUNWAVE-TVD/simple_cases/tide_time_spectra/.output/mask_00028 | models/FUNWAVE/raw/source_code/FUNWAVE-TVD/simple_cases/tide_time_spectra/.output/mask_00029 | models/FUNWAVE/raw/source_code/FUNWAVE-TVD/simple_cases/tide_time_spectra/.output/mask_00030
models/FUNWAVE/raw/source_code/FUNWAVE-TVD/simple_cases/tide_time_spectra/.output/mask_00001,6b52906f147cd4af94494711e7b859064284ad5bc6d0fb7bc786f4e8783cff72,400100,text/plain,[none],other-text,FUNWAVE-TVD,True,no explicit vendor marker found; retained in denominator,False,True,False,False,False,False,False,False,False,True,False,_staging/total-read/records/numgrid-FUNWAVE-20260728.jsonl,2,models/FUNWAVE/raw/source_code/FUNWAVE-TVD/simple_cases/tide_gen_abs_data/.output/mask_00001,models/FUNWAVE/raw/source_code/FUNWAVE-TVD/simple_cases/tide_gen_abs_data/.output/mask_00001 | models/FUNWAVE/raw/source_code/FUNWAVE-TVD/simple_cases/tide_time_spectra/.output/mask_00001
models/FUNWAVE/raw/source_code/FUNWAVE-TVD/simple_cases/tide_time_spectra/.output/mask_00002,7bce56c7e0b261d0a49ec443bf25ef2d9ad627c7e9d48ab481e381353b76a6b2,400100,text/plain,[none],other-text,FUNWAVE-TVD,True,no explicit vendor marker found; retained in denominator,False,True,False,False,False,False,False,False,False,True,False,_staging/total-read/records/numgrid-FUNWAVE-20260728.jsonl,2,models/FUNWAVE/raw/source_code/FUNWAVE-TVD/simple_cases/tide_gen_abs_data/.output/mask_00002,models/FUNWAVE/raw/source_code/FUNWAVE-TVD/simple_cases/tide_gen_abs_data/.output/mask_00002 | models/FUNWAVE/raw/source_code/FUNWAVE-TVD/simple_cases/tide_time_spectra/.output/mask_00002
models/FUNWAVE/raw/source_code/FUNWAVE-TVD/simple_cases/tide_time_spectra/.output/mask_00003,7bf17411be496d19f47d7cfa945281582029a1f5f821221f3d1eccb26d56891a,400100,text/plain,[none],other-text,FUNWAVE-TVD,True,no explicit vendor marker found; retained in denominator,False,True,False,False,False,False,False,False,False,True,False,_staging/total-read/records/numgrid-FUNWAVE-20260728.jsonl,2,models/FUNWAVE/raw/source_code/FUNWAVE-TVD/simple_cases/tide_gen_abs_data/.output/mask_00003,models/FUNWAVE/raw/source_code/FUNWAVE-TVD/simple_cases/tide_gen_abs_data/.output/mask_00003 | models/FUNWAVE/raw/source_code/FUNWAVE-TVD/simple_cases/tide_time_spectra/.output/mask_00003
models/FUNWAVE/raw/source_code/FUNWAVE-TVD/simple_cases/tide_time_spectra/.output/mask_00004,476f777ed7c19a406ac64829ee7ad27721f7628d6500afea356386e233249943,400100,text/plain,[none],other-text,FUNWAVE-TVD,True,no explicit vendor marker found; retained in denominator,False,True,False,False,False,False,False,False,False,True,False,_staging/total-read/records/numgrid-FUNWAVE-20260728.jsonl,2,models/FUNWAVE/raw/source_code/FUNWAVE-TVD/simple_cases/tide_gen_abs_data/.output/mask_00004,models/FUNWAVE/raw/source_code/FUNWAVE-TVD/simple_cases/tide_gen_abs_data/.output/mask_00004 | models/FUNWAVE/raw/source_code/FUNWAVE-TVD/simple_cases/tide_time_spectra/.output/mask_00004
models/FUNWAVE/raw/source_code/FUNWAVE-TVD/simple_cases/tide_time_spectra/.output/mask_00005,5ed80a5d824180882140e0768043daf297c9afbe7d7d8fe2a6403bb440461566,400100,text/plain,[none],other-text,FUNWAVE-TVD,True,no explicit vendor marker found; retained in denominator,False,True,False,False,False,False,False,False,False,True,False,_staging/total-read/records/numgrid-FUNWAVE-20260728.jsonl,2,models/FUNWAVE/raw/source_code/FUNWAVE-TVD/simple_cases/tide_gen_abs_data/.output/mask_00005,models/FUNWAVE/raw/source_code/FUNWAVE-TVD/simple_cases/tide_gen_abs_data/.output/mask_00005 | models/FUNWAVE/raw/source_code/FUNWAVE-TVD/simple_cases/tide_time_spectra/.output/mask_00005
models/FUNWAVE/raw/source_code/FUNWAVE-TVD/simple_cases/tide_time_spectra/.output/mask_00006,eb61d0e5293293d59fe3c17bc4f5596c7ef4706ec1d3daa879097f56761eb14b,400100,text/plain,[none],other-text,FUNWAVE-TVD,True,no explicit vendor marker found; retained in denominator,False,True,False,False,False,False,False,False,False,True,False,_staging/total-read/records/numgrid-FUNWAVE-20260728.jsonl,2,models/FUNWAVE/raw/source_code/FUNWAVE-TVD/simple_cases/tide_gen_abs_data/.output/mask_00006,models/FUNWAVE/raw/source_code/FUNWAVE-TVD/simple_cases/tide_gen_abs_data/.output/mask_00006 | models/FUNWAVE/raw/source_code/FUNWAVE-TVD/simple_cases/tide_time_spectra/.output/mask_00006
models/FUNWAVE/raw/source_code/FUNWAVE-TVD/simple_cases/tide_time_spectra/.output/mask_00007,74cebc2bfafe038e3b1bd0b47f33e1830c766e1c64c60615076caa275927f152,400100,text/plain,[none],other-text,FUNWAVE-TVD,True,no explicit vendor marker found; retained in denominator,False,True,False,False,False,False,False,False,False,True,False,_staging/total-read/records/numgrid-FUNWAVE-20260728.jsonl,2,models/FUNWAVE/raw/source_code/FUNWAVE-TVD/simple_cases/tide_gen_abs_data/.output/mask_00007,models/FUNWAVE/raw/source_code/FUNWAVE-TVD/simple_cases/tide_gen_abs_data/.output/mask_00007 | models/FUNWAVE/raw/source_code/FUNWAVE-TVD/simple_cases/tide_time_spectra/.output/mask_00007
models/FUNWAVE/raw/source_code/FUNWAVE-TVD/simple_cases/tide_time_spectra/.output/mask_00008,c673e221f46da77d918326d980c38935facd8944cfc5f134a401283e23c23d74,400100,text/plain,[none],other-text,FUNWAVE-TVD,True,no explicit vendor marker found; retained in denominator,False,True,False,False,False,False,False,False,False,True,False,_staging/total-read/records/numgrid-FUNWAVE-20260728.jsonl,4,models/FUNWAVE/raw/source_code/FUNWAVE-TVD/simple_cases/tide_gen_abs_data/.output/mask_00008,models/FUNWAVE/raw/source_code/FUNWAVE-TVD/simple_cases/tide_gen_abs_data/.output/mask_00008 | models/FUNWAVE/raw/source_code/FUNWAVE-TVD/simple_cases/tide_gen_abs_data/.output/mask_00009 | models/FUNWAVE/raw/source_code/FUNWAVE-TVD/simple_cases/tide_time_spectra/.output/mask_00008 | models/FUNWAVE/raw/source_code/FUNWAVE-TVD/simple_cases/tide_time_spectra/.output/mask_00009
models/FUNWAVE/raw/source_code/FUNWAVE-TVD/simple_cases/tide_time_spectra/.output/mask_00009,c673e221f46da77d918326d980c38935facd8944cfc5f134a401283e23c23d74,400100,text/plain,[none],other-text,FUNWAVE-TVD,True,no explicit vendor marker found; retained in denominator,False,True,False,False,False,False,False,False,False,True,False,_staging/total-read/records/numgrid-FUNWAVE-20260728.jsonl,4,models/FUNWAVE/raw/source_code/FUNWAVE-TVD/simple_cases/tide_gen_abs_data/.output/mask_00008,models/FUNWAVE/raw/source_code/FUNWAVE-TVD/simple_cases/tide_gen_abs_data/.output/mask_00008 | models/FUNWAVE/raw/source_code/FUNWAVE-TVD/simple_cases/tide_gen_abs_data/.output/mask_00009 | models/FUNWAVE/raw/source_code/FUNWAVE-TVD/simple_cases/tide_time_spectra/.output/mask_00008 | models/FUNWAVE/raw/source_code/FUNWAVE-TVD/simple_cases/tide_time_spectra/.output/mask_00009
models/FUNWAVE/raw/source_code/FUNWAVE-TVD/simple_cases/tide_time_spectra/.output/mask_00010,6cc47a956e27d70fc3525cea3d15dbfb9fef901ae9113977c033c2b73574d9b4,400100,text/plain,[none],other-text,FUNWAVE-TVD,True,no explicit vendor marker found; retained in denominator,False,True,False,False,False,False,False,False,False,True,False,_staging/total-read/records/numgrid-FUNWAVE-20260728.jsonl,2,models/FUNWAVE/raw/source_code/FUNWAVE-TVD/simple_cases/tide_gen_abs_data/.output/mask_00010,models/FUNWAVE/raw/source_code/FUNWAVE-TVD/simple_cases/tide_gen_abs_data/.output/mask_00010 | models/FUNWAVE/raw/source_code/FUNWAVE-TVD/simple_cases/tide_time_spectra/.output/mask_00010
models/FUNWAVE/raw/source_code/FUNWAVE-TVD/simple_cases/tide_time_spectra/.output/mask_00011,6cc6aae715b27bc3bfa8a43f8c26bbfb3dc7a670cf45370e9c82a48bf3a51e08,400100,text/plain,[none],other-text,FUNWAVE-TVD,True,no explicit vendor marker found; retained in denominator,False,True,False,False,False,False,False,False,False,True,False,_staging/total-read/records/numgrid-FUNWAVE-20260728.jsonl,2,models/FUNWAVE/raw/source_code/FUNWAVE-TVD/simple_cases/tide_gen_abs_data/.output/mask_00011,models/FUNWAVE/raw/source_code/FUNWAVE-TVD/simple_cases/tide_gen_abs_data/.output/mask_00011 | models/FUNWAVE/raw/source_code/FUNWAVE-TVD/simple_cases/tide_time_spectra/.output/mask_00011
models/FUNWAVE/raw/source_code/FUNWAVE-TVD/simple_cases/tide_time_spectra/.output/mask_00012,d1fafa788850d5171806049d4f921d7f9e6e9bd6bac62e573d48009425d65575,400100,text/plain,[none],other-text,FUNWAVE-TVD,True,no explicit vendor marker found; retained in denominator,False,True,False,False,False,False,False,False,False,True,False,_staging/total-read/records/numgrid-FUNWAVE-20260728.jsonl,2,models/FUNWAVE/raw/source_code/FUNWAVE-TVD/simple_cases/tide_gen_abs_data/.output/mask_00012,models/FUNWAVE/raw/source_code/FUNWAVE-TVD/simple_cases/tide_gen_abs_data/.output/mask_00012 | models/FUNWAVE/raw/source_code/FUNWAVE-TVD/simple_cases/tide_time_spectra/.output/mask_00012
models/FUNWAVE/raw/source_code/FUNWAVE-TVD/simple_cases/tide_time_spectra/.output/mask_00013,9f61236398c57b844842195760535dc131bfa35f5a884363887ce7b9bbb57cc4,400100,text/plain,[none],other-text,FUNWAVE-TVD,True,no explicit vendor marker found; retained in denominator,False,True,False,False,False,False,False,False,False,True,False,_staging/total-read/records/numgrid-FUNWAVE-20260728.jsonl,2,models/FUNWAVE/raw/source_code/FUNWAVE-TVD/simple_cases/tide_gen_abs_data/.output/mask_00013,models/FUNWAVE/raw/source_code/FUNWAVE-TVD/simple_cases/tide_gen_abs_data/.output/mask_00013 | models/FUNWAVE/raw/source_code/FUNWAVE-TVD/simple_cases/tide_time_spectra/.output/mask_00013
models/FUNWAVE/raw/source_code/FUNWAVE-TVD/simple_cases/tide_time_spectra/.output/mask_00014,f5aa5e902a029ed67f35c2e4c29430dc0ea9a7fcce6d7432e0602ed77834d90c,400100,text/plain,[none],other-text,FUNWAVE-TVD,True,no explicit vendor marker found; retained in denominator,False,True,False,False,False,False,False,False,False,True,False,_staging/total-read/records/numgrid-FUNWAVE-20260728.jsonl,2,models/FUNWAVE/raw/source_code/FUNWAVE-TVD/simple_cases/tide_gen_abs_data/.output/mask_00014,models/FUNWAVE/raw/source_code/FUNWAVE-TVD/simple_cases/tide_gen_abs_data/.output/mask_00014 | models/FUNWAVE/raw/source_code/FUNWAVE-TVD/simple_cases/tide_time_spectra/.output/mask_00014
models/FUNWAVE/raw/source_code/FUNWAVE-TVD/simple_cases/tide_time_spectra/.output/mask_00015,89dacb629ba121b594bb475e111ab6b9c7f43c399468e6eab520b8d56640ab32,400100,text/plain,[none],other-text,FUNWAVE-TVD,True,no explicit vendor marker found; retained in denominator,False,True,False,False,False,False,False,False,False,True,False,_staging/total-read/records/numgrid-FUNWAVE-20260728.jsonl,10,models/FUNWAVE/raw/source_code/FUNWAVE-TVD/simple_cases/tide_gen_abs_data/.output/mask_00000,models/FUNWAVE/raw/source_code/FUNWAVE-TVD/simple_cases/tide_gen_abs_data/.output/mask_00000 | models/FUNWAVE/raw/source_code/FUNWAVE-TVD/simple_cases/tide_gen_abs_data/.output/mask_00015 | models/FUNWAVE/raw/source_code/FUNWAVE-TVD/simple_cases/tide_gen_abs_data/.output/mask_00028 | models/FUNWAVE/raw/source_code/FUNWAVE-TVD/simple_cases/tide_gen_abs_data/.output/mask_00029 | models/FUNWAVE/raw/source_code/FUNWAVE-TVD/simple_cases/tide_gen_abs_data/.output/mask_00030 | models/FUNWAVE/raw/source_code/FUNWAVE-TVD/simple_cases/tide_time_spectra/.output/mask_00000 | models/FUNWAVE/raw/source_code/FUNWAVE-TVD/simple_cases/tide_time_spectra/.output/mask_00015 | models/FUNWAVE/raw/source_code/FUNWAVE-TVD/simple_cases/tide_time_spectra/.output/mask_00028 | models/FUNWAVE/raw/source_code/FUNWAVE-TVD/simple_cases/tide_time_spectra/.output/mask_00029 | models/FUNWAVE/raw/source_code/FUNWAVE-TVD/simple_cases/tide_time_spectra/.output/mask_00030
models/FUNWAVE/raw/source_code/FUNWAVE-TVD/simple_cases/tide_time_spectra/.output/mask_00016,c58a30c2ae3245630995b8f32913c97cfa1bd9bbcff66f30767d121b65d7453d,400100,text/plain,[none],other-text,FUNWAVE-TVD,True,no explicit vendor marker found; retained in denominator,False,True,False,False,False,False,False,False,False,True,False,_staging/total-read/records/numgrid-FUNWAVE-20260728.jsonl,4,models/FUNWAVE/raw/source_code/FUNWAVE-TVD/simple_cases/tide_gen_abs_data/.output/mask_00016,models/FUNWAVE/raw/source_code/FUNWAVE-TVD/simple_cases/tide_gen_abs_data/.output/mask_00016 | models/FUNWAVE/raw/source_code/FUNWAVE-TVD/simple_cases/tide_gen_abs_data/.output/mask_00017 | models/FUNWAVE/raw/source_code/FUNWAVE-TVD/simple_cases/tide_time_spectra/.output/mask_00016 | models/FUNWAVE/raw/source_code/FUNWAVE-TVD/simple_cases/tide_time_spectra/.output/mask_00017
models/FUNWAVE/raw/source_code/FUNWAVE-TVD/simple_cases/tide_time_spectra/.output/mask_00017,c58a30c2ae3245630995b8f32913c97cfa1bd9bbcff66f30767d121b65d7453d,400100,text/plain,[none],other-text,FUNWAVE-TVD,True,no explicit vendor marker found; retained in denominator,False,True,False,False,False,False,False,False,False,True,False,_staging/total-read/records/numgrid-FUNWAVE-20260728.jsonl,4,models/FUNWAVE/raw/source_code/FUNWAVE-TVD/simple_cases/tide_gen_abs_data/.output/mask_00016,models/FUNWAVE/raw/source_code/FUNWAVE-TVD/simple_cases/tide_gen_abs_data/.output/mask_00016 | models/FUNWAVE/raw/source_code/FUNWAVE-TVD/simple_cases/tide_gen_abs_data/.output/mask_00017 | models/FUNWAVE/raw/source_code/FUNWAVE-TVD/simple_cases/tide_time_spectra/.output/mask_00016 | models/FUNWAVE/raw/source_code/FUNWAVE-TVD/simple_cases/tide_time_spectra/.output/mask_00017
models/FUNWAVE/raw/source_code/FUNWAVE-TVD/simple_cases/tide_time_spectra/.output/mask_00018,6bef8f5f17175d4bc6e1055c0a722c893d213ed310265a58a328bc2a34eb3d83,400100,text/plain,[none],other-text,FUNWAVE-TVD,True,no explicit vendor marker found; retained in denominator,False,True,False,False,False,False,False,False,False,True,False,_staging/total-read/records/numgrid-FUNWAVE-20260728.jsonl,2,models/FUNWAVE/raw/source_code/FUNWAVE-TVD/simple_cases/tide_gen_abs_data/.output/mask_00018,models/FUNWAVE/raw/source_code/FUNWAVE-TVD/simple_cases/tide_gen_abs_data/.output/mask_00018 | models/FUNWAVE/raw/source_code/FUNWAVE-TVD/simple_cases/tide_time_spectra/.output/mask_00018
models/FUNWAVE/raw/source_code/FUNWAVE-TVD/simple_cases/tide_time_spectra/.output/mask_00019,12521d9043f2f3b6908d61d893e70ebeb3ccbd3f11c89d155f2295ac086123c3,400100,text/plain,[none],other-text,FUNWAVE-TVD,True,no explicit vendor marker found; retained in denominator,False,True,False,False,False,False,False,False,False,True,False,_staging/total-read/records/numgrid-FUNWAVE-20260728.jsonl,2,models/FUNWAVE/raw/source_code/FUNWAVE-TVD/simple_cases/tide_gen_abs_data/.output/mask_00019,models/FUNWAVE/raw/source_code/FUNWAVE-TVD/simple_cases/tide_gen_abs_data/.output/mask_00019 | models/FUNWAVE/raw/source_code/FUNWAVE-TVD/simple_cases/tide_time_spectra/.output/mask_00019
models/FUNWAVE/raw/source_code/FUNWAVE-TVD/simple_cases/tide_time_spectra/.output/mask_00020,ea827d78e542d4cb66278ba80e1c7ac75e963378b90e266310c512ff7c531385,400100,text/plain,[none],other-text,FUNWAVE-TVD,True,no explicit vendor marker found; retained in denominator,False,True,False,False,False,False,False,False,False,True,False,_staging/total-read/records/numgrid-FUNWAVE-20260728.jsonl,2,models/FUNWAVE/raw/source_code/FUNWAVE-TVD/simple_cases/tide_gen_abs_data/.output/mask_00020,models/FUNWAVE/raw/source_code/FUNWAVE-TVD/simple_cases/tide_gen_abs_data/.output/mask_00020 | models/FUNWAVE/raw/source_code/FUNWAVE-TVD/simple_cases/tide_time_spectra/.output/mask_00020
models/FUNWAVE/raw/source_code/FUNWAVE-TVD/simple_cases/tide_time_spectra/.output/mask_00021,76da429e42f14d5cedcd8712b2a4234140758cbe419018345a3b9f447f902813,400100,text/plain,[none],other-text,FUNWAVE-TVD,True,no explicit vendor marker found; retained in denominator,False,True,False,False,False,False,False,False,False,True,False,_staging/total-read/records/numgrid-FUNWAVE-20260728.jsonl,2,models/FUNWAVE/raw/source_code/FUNWAVE-TVD/simple_cases/tide_gen_abs_data/.output/mask_00021,models/FUNWAVE/raw/source_code/FUNWAVE-TVD/simple_cases/tide_gen_abs_data/.output/mask_00021 | models/FUNWAVE/raw/source_code/FUNWAVE-TVD/simple_cases/tide_time_spectra/.output/mask_00021
models/FUNWAVE/raw/source_code/FUNWAVE-TVD/simple_cases/tide_time_spectra/.output/mask_00022,2d3fb197d7b0fb1c3a30a33742f0e012417f68abaa8d434eaa4b6edfaed71c2d,400100,text/plain,[none],other-text,FUNWAVE-TVD,True,no explicit vendor marker found; retained in denominator,False,True,False,False,False,False,False,False,False,True,False,_staging/total-read/records/numgrid-FUNWAVE-20260728.jsonl,2,models/FUNWAVE/raw/source_code/FUNWAVE-TVD/simple_cases/tide_gen_abs_data/.output/mask_00022,models/FUNWAVE/raw/source_code/FUNWAVE-TVD/simple_cases/tide_gen_abs_data/.output/mask_00022 | models/FUNWAVE/raw/source_code/FUNWAVE-TVD/simple_cases/tide_time_spectra/.output/mask_00022
models/FUNWAVE/raw/source_code/FUNWAVE-TVD/simple_cases/tide_time_spectra/.output/mask_00023,2cf57c41928741d6ae710838cbca2ed7c0c10277037940f39695188e50b2a0ae,400100,text/plain,[none],other-text,FUNWAVE-TVD,True,no explicit vendor marker found; retained in denominator,False,True,False,False,False,False,False,False,False,True,False,_staging/total-read/records/numgrid-FUNWAVE-20260728.jsonl,2,models/FUNWAVE/raw/source_code/FUNWAVE-TVD/simple_cases/tide_gen_abs_data/.output/mask_00023,models/FUNWAVE/raw/source_code/FUNWAVE-TVD/simple_cases/tide_gen_abs_data/.output/mask_00023 | models/FUNWAVE/raw/source_code/FUNWAVE-TVD/simple_cases/tide_time_spectra/.output/mask_00023
models/FUNWAVE/raw/source_code/FUNWAVE-TVD/simple_cases/tide_time_spectra/.output/mask_00024,6536a36f9ff299bf9bcaa104126ac6ef8b0e795f7ed3b5390325e49431cb6f7a,400100,text/plain,[none],other-text,FUNWAVE-TVD,True,no explicit vendor marker found; retained in denominator,False,True,False,False,False,False,False,False,False,True,False,_staging/total-read/records/numgrid-FUNWAVE-20260728.jsonl,2,models/FUNWAVE/raw/source_code/FUNWAVE-TVD/simple_cases/tide_gen_abs_data/.output/mask_00024,models/FUNWAVE/raw/source_code/FUNWAVE-TVD/simple_cases/tide_gen_abs_data/.output/mask_00024 | models/FUNWAVE/raw/source_code/FUNWAVE-TVD/simple_cases/tide_time_spectra/.output/mask_00024
models/FUNWAVE/raw/source_code/FUNWAVE-TVD/simple_cases/tide_time_spectra/.output/mask_00025,a9fbbcb6ff042ab291da191ec24a40ca73e3f2664615e5f19c3dd10200257061,400100,text/plain,[none],other-text,FUNWAVE-TVD,True,no explicit vendor marker found; retained in denominator,False,True,False,False,False,False,False,False,False,True,False,_staging/total-read/records/numgrid-FUNWAVE-20260728.jsonl,2,models/FUNWAVE/raw/source_code/FUNWAVE-TVD/simple_cases/tide_gen_abs_data/.output/mask_00025,models/FUNWAVE/raw/source_code/FUNWAVE-TVD/simple_cases/tide_gen_abs_data/.output/mask_00025 | models/FUNWAVE/raw/source_code/FUNWAVE-TVD/simple_cases/tide_time_spectra/.output/mask_00025
models/FUNWAVE/raw/source_code/FUNWAVE-TVD/simple_cases/tide_time_spectra/.output/mask_00026,31d9ab101013745719939cbe7f67b4b0f14a28ae6e6afd293839fd593718289a,400100,text/plain,[none],other-text,FUNWAVE-TVD,True,no explicit vendor marker found; retained in denominator,False,True,False,False,False,False,False,False,False,True,False,_staging/total-read/records/numgrid-FUNWAVE-20260728.jsonl,2,models/FUNWAVE/raw/source_code/FUNWAVE-TVD/simple_cases/tide_gen_abs_data/.output/mask_00026,models/FUNWAVE/raw/source_code/FUNWAVE-TVD/simple_cases/tide_gen_abs_data/.output/mask_00026 | models/FUNWAVE/raw/source_code/FUNWAVE-TVD/simple_cases/tide_time_spectra/.output/mask_00026
models/FUNWAVE/raw/source_code/FUNWAVE-TVD/simple_cases/tide_time_spectra/.output/mask_00027,5a2cd4c776f6ced1e4927174c9d0700efab2313174393934039ad2cd61179e9a,400100,text/plain,[none],other-text,FUNWAVE-TVD,True,no explicit vendor marker found; retained in denominator,False,True,False,False,False,False,False,False,False,True,False,_staging/total-read/records/numgrid-FUNWAVE-20260728.jsonl,2,models/FUNWAVE/raw/source_code/FUNWAVE-TVD/simple_cases/tide_gen_abs_data/.output/mask_00027,models/FUNWAVE/raw/source_code/FUNWAVE-TVD/simple_cases/tide_gen_abs_data/.output/mask_00027 | models/FUNWAVE/raw/source_code/FUNWAVE-TVD/simple_cases/tide_time_spectra/.output/mask_00027
models/FUNWAVE/raw/source_code/FUNWAVE-TVD/simple_cases/tide_time_spectra/.output/mask_00028,89dacb629ba121b594bb475e111ab6b9c7f43c399468e6eab520b8d56640ab32,400100,text/plain,[none],other-text,FUNWAVE-TVD,True,no explicit vendor marker found; retained in denominator,False,True,False,False,False,False,False,False,False,True,False,_staging/total-read/records/numgrid-FUNWAVE-20260728.jsonl,10,models/FUNWAVE/raw/source_code/FUNWAVE-TVD/simple_cases/tide_gen_abs_data/.output/mask_00000,models/FUNWAVE/raw/source_code/FUNWAVE-TVD/simple_cases/tide_gen_abs_data/.output/mask_00000 | models/FUNWAVE/raw/source_code/FUNWAVE-TVD/simple_cases/tide_gen_abs_data/.output/mask_00015 | models/FUNWAVE/raw/source_code/FUNWAVE-TVD/simple_cases/tide_gen_abs_data/.output/mask_00028 | models/FUNWAVE/raw/source_code/FUNWAVE-TVD/simple_cases/tide_gen_abs_data/.output/mask_00029 | models/FUNWAVE/raw/source_code/FUNWAVE-TVD/simple_cases/tide_gen_abs_data/.output/mask_00030 | models/FUNWAVE/raw/source_code/FUNWAVE-TVD/simple_cases/tide_time_spectra/.output/mask_00000 | models/FUNWAVE/raw/source_code/FUNWAVE-TVD/simple_cases/tide_time_spectra/.output/mask_00015 | models/FUNWAVE/raw/source_code/FUNWAVE-TVD/simple_cases/tide_time_spectra/.output/mask_00028 | models/FUNWAVE/raw/source_code/FUNWAVE-TVD/simple_cases/tide_time_spectra/.output/mask_00029 | models/FUNWAVE/raw/source_code/FUNWAVE-TVD/simple_cases/tide_time_spectra/.output/mask_00030
models/FUNWAVE/raw/source_code/FUNWAVE-TVD/simple_cases/tide_time_spectra/.output/mask_00029,89dacb629ba121b594bb475e111ab6b9c7f43c399468e6eab520b8d56640ab32,400100,text/plain,[none],other-text,FUNWAVE-TVD,True,no explicit vendor marker found; retained in denominator,False,True,False,False,False,False,False,False,False,True,False,_staging/total-read/records/numgrid-FUNWAVE-20260728.jsonl,10,models/FUNWAVE/raw/source_code/FUNWAVE-TVD/simple_cases/tide_gen_abs_data/.output/mask_00000,models/FUNWAVE/raw/source_code/FUNWAVE-TVD/simple_cases/tide_gen_abs_data/.output/mask_00000 | models/FUNWAVE/raw/source_code/FUNWAVE-TVD/simple_cases/tide_gen_abs_data/.output/mask_00015 | models/FUNWAVE/raw/source_code/FUNWAVE-TVD/simple_cases/tide_gen_abs_data/.output/mask_00028 | models/FUNWAVE/raw/source_code/FUNWAVE-TVD/simple_cases/tide_gen_abs_data/.output/mask_00029 | models/FUNWAVE/raw/source_code/FUNWAVE-TVD/simple_cases/tide_gen_abs_data/.output/mask_00030 | models/FUNWAVE/raw/source_code/FUNWAVE-TVD/simple_cases/tide_time_spectra/.output/mask_00000 | models/FUNWAVE/raw/source_code/FUNWAVE-TVD/simple_cases/tide_time_spectra/.output/mask_00015 | models/FUNWAVE/raw/source_code/FUNWAVE-TVD/simple_cases/tide_time_spectra/.output/mask_00028 | models/FUNWAVE/raw/source_code/FUNWAVE-TVD/simple_cases/tide_time_spectra/.output/mask_00029 | models/FUNWAVE/raw/source_code/FUNWAVE-TVD/simple_cases/tide_time_spectra/.output/mask_00030
models/FUNWAVE/raw/source_code/FUNWAVE-TVD/simple_cases/tide_time_spectra/.output/mask_00030,89dacb629ba121b594bb475e111ab6b9c7f43c399468e6eab520b8d56640ab32,400100,text/plain,[none],other-text,FUNWAVE-TVD,True,no explicit vendor marker found; retained in denominator,False,True,False,False,False,False,False,False,False,True,False,_staging/total-read/records/numgrid-FUNWAVE-20260728.jsonl,10,models/FUNWAVE/raw/source_code/FUNWAVE-TVD/simple_cases/tide_gen_abs_data/.output/mask_00000,models/FUNWAVE/raw/source_code/FUNWAVE-TVD/simple_cases/tide_gen_abs_data/.output/mask_00000 | models/FUNWAVE/raw/source_code/FUNWAVE-TVD/simple_cases/tide_gen_abs_data/.output/mask_00015 | models/FUNWAVE/raw/source_code/FUNWAVE-TVD/simple_cases/tide_gen_abs_data/.output/mask_00028 | models/FUNWAVE/raw/source_code/FUNWAVE-TVD/simple_cases/tide_gen_abs_data/.output/mask_00029 | models/FUNWAVE/raw/source_code/FUNWAVE-TVD/simple_cases/tide_gen_abs_data/.output/mask_00030 | models/FUNWAVE/raw/source_code/FUNWAVE-TVD/simple_cases/tide_time_spectra/.output/mask_00000 | models/FUNWAVE/raw/source_code/FUNWAVE-TVD/simple_cases/tide_time_spectra/.output/mask_00015 | models/FUNWAVE/raw/source_code/FUNWAVE-TVD/simple_cases/tide_time_spectra/.output/mask_00028 | models/FUNWAVE/raw/source_code/FUNWAVE-TVD/simple_cases/tide_time_spectra/.output/mask_00029 | models/FUNWAVE/raw/source_code/FUNWAVE-TVD/simple_cases/tide_time_spectra/.output/mask_00030
models/FUNWAVE/raw/source_code/FUNWAVE-TVD/simple_cases/tide_time_spectra/.output/mask_00031,4d9873767e16605926bc3ea48a17681c7744df47b27c868d263b735c951fd6d0,400100,text/plain,[none],other-text,FUNWAVE-TVD,True,no explicit vendor marker found; retained in denominator,False,True,False,False,False,False,False,False,False,True,False,_staging/total-read/records/numgrid-FUNWAVE-20260728.jsonl,2,models/FUNWAVE/raw/source_code/FUNWAVE-TVD/simple_cases/tide_gen_abs_data/.output/mask_00031,models/FUNWAVE/raw/source_code/FUNWAVE-TVD/simple_cases/tide_gen_abs_data/.output/mask_00031 | models/FUNWAVE/raw/source_code/FUNWAVE-TVD/simple_cases/tide_time_spectra/.output/mask_00031
models/FUNWAVE/raw/source_code/FUNWAVE-TVD/simple_cases/tide_time_spectra/.output/mask_00032,d0ae02710499845815528714fea79c9136aac81dd56c1d57595d151df6aaffe3,400100,text/plain,[none],other-text,FUNWAVE-TVD,True,no explicit vendor marker found; retained in denominator,False,True,False,False,False,False,False,False,False,True,False,_staging/total-read/records/numgrid-FUNWAVE-20260728.jsonl,2,models/FUNWAVE/raw/source_code/FUNWAVE-TVD/simple_cases/tide_gen_abs_data/.output/mask_00032,models/FUNWAVE/raw/source_code/FUNWAVE-TVD/simple_cases/tide_gen_abs_data/.output/mask_00032 | models/FUNWAVE/raw/source_code/FUNWAVE-TVD/simple_cases/tide_time_spectra/.output/mask_00032
models/FUNWAVE/raw/source_code/FUNWAVE-TVD/simple_cases/tide_time_spectra/.output/mask_00033,47cc6414389cc098c22d5898660647af02645c7882e6d202873affd267614634,400100,text/plain,[none],other-text,FUNWAVE-TVD,True,no explicit vendor marker found; retained in denominator,False,True,False,False,False,False,False,False,False,True,False,_staging/total-read/records/numgrid-FUNWAVE-20260728.jsonl,2,models/FUNWAVE/raw/source_code/FUNWAVE-TVD/simple_cases/tide_gen_abs_data/.output/mask_00033,models/FUNWAVE/raw/source_code/FUNWAVE-TVD/simple_cases/tide_gen_abs_data/.output/mask_00033 | models/FUNWAVE/raw/source_code/FUNWAVE-TVD/simple_cases/tide_time_spectra/.output/mask_00033
models/FUNWAVE/raw/source_code/FUNWAVE-TVD/simple_cases/tide_time_spectra/.output/mask_00034,21f73304de3d75a06bc34f3529d20fd755e1e3fffde2fd104d988afe31a41455,400100,text/plain,[none],other-text,FUNWAVE-TVD,True,no explicit vendor marker found; retained in denominator,False,True,False,False,False,False,False,False,False,True,False,_staging/total-read/records/numgrid-FUNWAVE-20260728.jsonl,2,models/FUNWAVE/raw/source_code/FUNWAVE-TVD/simple_cases/tide_gen_abs_data/.output/mask_00034,models/FUNWAVE/raw/source_code/FUNWAVE-TVD/simple_cases/tide_gen_abs_data/.output/mask_00034 | models/FUNWAVE/raw/source_code/FUNWAVE-TVD/simple_cases/tide_time_spectra/.output/mask_00034
models/FUNWAVE/raw/source_code/FUNWAVE-TVD/simple_cases/tide_time_spectra/.output/mask_00035,b9d9e75ca37fb61dc7d6666159f7d10de021ad3d2e7e47adfa22b7db99bdbace,400100,text/plain,[none],other-text,FUNWAVE-TVD,True,no explicit vendor marker found; retained in denominator,False,True,False,False,False,False,False,False,False,True,False,_staging/total-read/records/numgrid-FUNWAVE-20260728.jsonl,2,models/FUNWAVE/raw/source_code/FUNWAVE-TVD/simple_cases/tide_gen_abs_data/.output/mask_00035,models/FUNWAVE/raw/source_code/FUNWAVE-TVD/simple_cases/tide_gen_abs_data/.output/mask_00035 | models/FUNWAVE/raw/source_code/FUNWAVE-TVD/simple_cases/tide_time_spectra/.output/mask_00035
models/FUNWAVE/raw/source_code/FUNWAVE-TVD/simple_cases/tide_time_spectra/.output/mask_00036,8a47e4ae89392c350f9e8bbb20af8880d387011668e1c7e8539ee8d5585e30be,400100,text/plain,[none],other-text,FUNWAVE-TVD,True,no explicit vendor marker found; retained in denominator,False,True,False,False,False,False,False,False,False,True,False,_staging/total-read/records/numgrid-FUNWAVE-20260728.jsonl,2,models/FUNWAVE/raw/source_code/FUNWAVE-TVD/simple_cases/tide_gen_abs_data/.output/mask_00036,models/FUNWAVE/raw/source_code/FUNWAVE-TVD/simple_cases/tide_gen_abs_data/.output/mask_00036 | models/FUNWAVE/raw/source_code/FUNWAVE-TVD/simple_cases/tide_time_spectra/.output/mask_00036
models/FUNWAVE/raw/source_code/FUNWAVE-TVD/simple_cases/tide_time_spectra/.output/mask_00037,90eba11f1ebab1c1fa70fc82c27cb0074251e8b3b42c722cfd5c2a565d2f5e6b,400100,text/plain,[none],other-text,FUNWAVE-TVD,True,no explicit vendor marker found; retained in denominator,False,True,False,False,False,False,False,False,False,True,False,_staging/total-read/records/numgrid-FUNWAVE-20260728.jsonl,2,models/FUNWAVE/raw/source_code/FUNWAVE-TVD/simple_cases/tide_gen_abs_data/.output/mask_00037,models/FUNWAVE/raw/source_code/FUNWAVE-TVD/simple_cases/tide_gen_abs_data/.output/mask_00037 | models/FUNWAVE/raw/source_code/FUNWAVE-TVD/simple_cases/tide_time_spectra/.output/mask_00037
models/FUNWAVE/raw/source_code/FUNWAVE-TVD/simple_cases/tide_time_spectra/.output/mask_00038,f256e48c6d8c5816ca9ced7a3146c78793bf1044182f76e07f02f4cb6e28831a,400100,text/plain,[none],other-text,FUNWAVE-TVD,True,no explicit vendor marker found; retained in denominator,False,True,False,False,False,False,False,False,False,True,False,_staging/total-read/records/numgrid-FUNWAVE-20260728.jsonl,2,models/FUNWAVE/raw/source_code/FUNWAVE-TVD/simple_cases/tide_gen_abs_data/.output/mask_00038,models/FUNWAVE/raw/source_code/FUNWAVE-TVD/simple_cases/tide_gen_abs_data/.output/mask_00038 | models/FUNWAVE/raw/source_code/FUNWAVE-TVD/simple_cases/tide_time_spectra/.output/mask_00038
models/FUNWAVE/raw/source_code/FUNWAVE-TVD/simple_cases/tide_time_spectra/.output/mask_00039,0c02791cbd9d50cf1ec651f484374179fe26ee6b946686f1f82d440f777676f1,400100,text/plain,[none],other-text,FUNWAVE-TVD,True,no explicit vendor marker found; retained in denominator,False,True,False,False,False,False,False,False,False,True,False,_staging/total-read/records/numgrid-FUNWAVE-20260728.jsonl,2,models/FUNWAVE/raw/source_code/FUNWAVE-TVD/simple_cases/tide_gen_abs_data/.output/mask_00039,models/FUNWAVE/raw/source_code/FUNWAVE-TVD/simple_cases/tide_gen_abs_data/.output/mask_00039 | models/FUNWAVE/raw/source_code/FUNWAVE-TVD/simple_cases/tide_time_spectra/.output/mask_00039
models/FUNWAVE/raw/source_code/FUNWAVE-TVD/simple_cases/tide_time_spectra/.output/mask_00040,6d4e776d7034640bf5b6190e1fe8c1953a23f4118ac2bd15b6b91d44142d9d87,400100,text/plain,[none],other-text,FUNWAVE-TVD,True,no explicit vendor marker found; retained in denominator,False,True,False,False,False,False,False,False,False,True,False,_staging/total-read/records/numgrid-FUNWAVE-20260728.jsonl,2,models/FUNWAVE/raw/source_code/FUNWAVE-TVD/simple_cases/tide_gen_abs_data/.output/mask_00040,models/FUNWAVE/raw/source_code/FUNWAVE-TVD/simple_cases/tide_gen_abs_data/.output/mask_00040 | models/FUNWAVE/raw/source_code/FUNWAVE-TVD/simple_cases/tide_time_spectra/.output/mask_00040
models/FUNWAVE/raw/source_code/FUNWAVE-TVD/simple_cases/tide_time_spectra/.output/mask_00041,ec7e0199d48ac83a61851b7aa26282ed48d7b7bdd37f410ac973835713bc14da,400100,text/plain,[none],other-text,FUNWAVE-TVD,True,no explicit vendor marker found; retained in denominator,False,True,False,False,False,False,False,False,False,True,False,_staging/total-read/records/numgrid-FUNWAVE-20260728.jsonl,2,models/FUNWAVE/raw/source_code/FUNWAVE-TVD/simple_cases/tide_gen_abs_data/.output/mask_00041,models/FUNWAVE/raw/source_code/FUNWAVE-TVD/simple_cases/tide_gen_abs_data/.output/mask_00041 | models/FUNWAVE/raw/source_code/FUNWAVE-TVD/simple_cases/tide_time_spectra/.output/mask_00041
models/FUNWAVE/raw/source_code/FUNWAVE-TVD/simple_cases/tide_time_spectra/.output/mask_00042,4262fe97fc61c7f1453324bd7534eda6451b45f04efb76857fb6a634c46d0fab,400100,text/plain,[none],other-text,FUNWAVE-TVD,True,no explicit vendor marker found; retained in denominator,False,True,False,False,False,False,False,False,False,True,False,_staging/total-read/records/numgrid-FUNWAVE-20260728.jsonl,4,models/FUNWAVE/raw/source_code/FUNWAVE-TVD/simple_cases/tide_gen_abs_data/.output/mask_00042,models/FUNWAVE/raw/source_code/FUNWAVE-TVD/simple_cases/tide_gen_abs_data/.output/mask_00042 | models/FUNWAVE/raw/source_code/FUNWAVE-TVD/simple_cases/tide_gen_abs_data/.output/mask_00043 | models/FUNWAVE/raw/source_code/FUNWAVE-TVD/simple_cases/tide_time_spectra/.output/mask_00042 | models/FUNWAVE/raw/source_code/FUNWAVE-TVD/simple_cases/tide_time_spectra/.output/mask_00043
models/FUNWAVE/raw/source_code/FUNWAVE-TVD/simple_cases/tide_time_spectra/.output/mask_00043,4262fe97fc61c7f1453324bd7534eda6451b45f04efb76857fb6a634c46d0fab,400100,text/plain,[none],other-text,FUNWAVE-TVD,True,no explicit vendor marker found; retained in denominator,False,True,False,False,False,False,False,False,False,True,False,_staging/total-read/records/numgrid-FUNWAVE-20260728.jsonl,4,models/FUNWAVE/raw/source_code/FUNWAVE-TVD/simple_cases/tide_gen_abs_data/.output/mask_00042,models/FUNWAVE/raw/source_code/FUNWAVE-TVD/simple_cases/tide_gen_abs_data/.output/mask_00042 | models/FUNWAVE/raw/source_code/FUNWAVE-TVD/simple_cases/tide_gen_abs_data/.output/mask_00043 | models/FUNWAVE/raw/source_code/FUNWAVE-TVD/simple_cases/tide_time_spectra/.output/mask_00042 | models/FUNWAVE/raw/source_code/FUNWAVE-TVD/simple_cases/tide_time_spectra/.output/mask_00043
models/FUNWAVE/raw/source_code/FUNWAVE-TVD/simple_cases/tide_time_spectra/.output/mask_00044,8554d008b28c7335e7ae4a91c2258290c987eea7db70fcc18fa828864f1e821e,400100,text/plain,[none],other-text,FUNWAVE-TVD,True,no explicit vendor marker found; retained in denominator,False,True,False,False,False,False,False,False,False,True,False,_staging/total-read/records/numgrid-FUNWAVE-20260728.jsonl,6,models/FUNWAVE/raw/source_code/FUNWAVE-TVD/simple_cases/tide_gen_abs_data/.output/mask_00044,models/FUNWAVE/raw/source_code/FUNWAVE-TVD/simple_cases/tide_gen_abs_data/.output/mask_00044 | models/FUNWAVE/raw/source_code/FUNWAVE-TVD/simple_cases/tide_gen_abs_data/.output/mask_00045 | models/FUNWAVE/raw/source_code/FUNWAVE-TVD/simple_cases/tide_gen_abs_data/.output/mask_00046 | models/FUNWAVE/raw/source_code/FUNWAVE-TVD/simple_cases/tide_time_spectra/.output/mask_00044 | models/FUNWAVE/raw/source_code/FUNWAVE-TVD/simple_cases/tide_time_spectra/.output/mask_00045 | models/FUNWAVE/raw/source_code/FUNWAVE-TVD/simple_cases/tide_time_spectra/.output/mask_00046
models/FUNWAVE/raw/source_code/FUNWAVE-TVD/simple_cases/tide_time_spectra/.output/mask_00045,8554d008b28c7335e7ae4a91c2258290c987eea7db70fcc18fa828864f1e821e,400100,text/plain,[none],other-text,FUNWAVE-TVD,True,no explicit vendor marker found; retained in denominator,False,True,False,False,False,False,False,False,False,True,False,_staging/total-read/records/numgrid-FUNWAVE-20260728.jsonl,6,models/FUNWAVE/raw/source_code/FUNWAVE-TVD/simple_cases/tide_gen_abs_data/.output/mask_00044,models/FUNWAVE/raw/source_code/FUNWAVE-TVD/simple_cases/tide_gen_abs_data/.output/mask_00044 | models/FUNWAVE/raw/source_code/FUNWAVE-TVD/simple_cases/tide_gen_abs_data/.output/mask_00045 | models/FUNWAVE/raw/source_code/FUNWAVE-TVD/simple_cases/tide_gen_abs_data/.output/mask_00046 | models/FUNWAVE/raw/source_code/FUNWAVE-TVD/simple_cases/tide_time_spectra/.output/mask_00044 | models/FUNWAVE/raw/source_code/FUNWAVE-TVD/simple_cases/tide_time_spectra/.output/mask_00045 | models/FUNWAVE/raw/source_code/FUNWAVE-TVD/simple_cases/tide_time_spectra/.output/mask_00046
models/FUNWAVE/raw/source_code/FUNWAVE-TVD/simple_cases/tide_time_spectra/.output/mask_00046,8554d008b28c7335e7ae4a91c2258290c987eea7db70fcc18fa828864f1e821e,400100,text/plain,[none],other-text,FUNWAVE-TVD,True,no explicit vendor marker found; retained in denominator,False,True,False,False,False,False,False,False,False,True,False,_staging/total-read/records/numgrid-FUNWAVE-20260728.jsonl,6,models/FUNWAVE/raw/source_code/FUNWAVE-TVD/simple_cases/tide_gen_abs_data/.output/mask_00044,models/FUNWAVE/raw/source_code/FUNWAVE-TVD/simple_cases/tide_gen_abs_data/.output/mask_00044 | models/FUNWAVE/raw/source_code/FUNWAVE-TVD/simple_cases/tide_gen_abs_data/.output/mask_00045 | models/FUNWAVE/raw/source_code/FUNWAVE-TVD/simple_cases/tide_gen_abs_data/.output/mask_00046 | models/FUNWAVE/raw/source_code/FUNWAVE-TVD/simple_cases/tide_time_spectra/.output/mask_00044 | models/FUNWAVE/raw/source_code/FUNWAVE-TVD/simple_cases/tide_time_spectra/.output/mask_00045 | models/FUNWAVE/raw/source_code/FUNWAVE-TVD/simple_cases/tide_time_spectra/.output/mask_00046
models/FUNWAVE/raw/source_code/FUNWAVE-TVD/simple_cases/tide_time_spectra/.output/mask_00047,10b100a85b5ea56901dd00a91257025dd6b863a20b4bef508db6b72868ee568b,400100,text/plain,[none],other-text,FUNWAVE-TVD,True,no explicit vendor marker found; retained in denominator,False,True,False,False,False,False,False,False,False,True,False,_staging/total-read/records/numgrid-FUNWAVE-20260728.jsonl,2,models/FUNWAVE/raw/source_code/FUNWAVE-TVD/simple_cases/tide_gen_abs_data/.output/mask_00047,models/FUNWAVE/raw/source_code/FUNWAVE-TVD/simple_cases/tide_gen_abs_data/.output/mask_00047 | models/FUNWAVE/raw/source_code/FUNWAVE-TVD/simple_cases/tide_time_spectra/.output/mask_00047
models/FUNWAVE/raw/source_code/FUNWAVE-TVD/simple_cases/tide_time_spectra/.output/mask_00048,a24ce193f993e90305ceccd7d916a64a9dcb70e57114e88d4432179c7bc1a4ef,400100,text/plain,[none],other-text,FUNWAVE-TVD,True,no explicit vendor marker found; retained in denominator,False,True,False,False,False,False,False,False,False,True,False,_staging/total-read/records/numgrid-FUNWAVE-20260728.jsonl,2,models/FUNWAVE/raw/source_code/FUNWAVE-TVD/simple_cases/tide_gen_abs_data/.output/mask_00048,models/FUNWAVE/raw/source_code/FUNWAVE-TVD/simple_cases/tide_gen_abs_data/.output/mask_00048 | models/FUNWAVE/raw/source_code/FUNWAVE-TVD/simple_cases/tide_time_spectra/.output/mask_00048
models/FUNWAVE/raw/source_code/FUNWAVE-TVD/simple_cases/tide_time_spectra/.output/mask_00049,38fec7761014f0fe08bdf27ce8494ef399db85f14d312d2f5f7c739365d639fa,400100,text/plain,[none],other-text,FUNWAVE-TVD,True,no explicit vendor marker found; retained in denominator,False,True,False,False,False,False,False,False,False,True,False,_staging/total-read/records/numgrid-FUNWAVE-20260728.jsonl,2,models/FUNWAVE/raw/source_code/FUNWAVE-TVD/simple_cases/tide_gen_abs_data/.output/mask_00049,models/FUNWAVE/raw/source_code/FUNWAVE-TVD/simple_cases/tide_gen_abs_data/.output/mask_00049 | models/FUNWAVE/raw/source_code/FUNWAVE-TVD/simple_cases/tide_time_spectra/.output/mask_00049
models/FUNWAVE/raw/source_code/FUNWAVE-TVD/simple_cases/tide_time_spectra/.output/mask_00050,7482b51ce65e240a07b987c80e61ead8ab7756eb077e948164ded950905f8a5e,400100,text/plain,[none],other-text,FUNWAVE-TVD,True,no explicit vendor marker found; retained in denominator,False,True,False,False,False,False,False,False,False,True,False,_staging/total-read/records/numgrid-FUNWAVE-20260728.jsonl,2,models/FUNWAVE/raw/source_code/FUNWAVE-TVD/simple_cases/tide_gen_abs_data/.output/mask_00050,models/FUNWAVE/raw/source_code/FUNWAVE-TVD/simple_cases/tide_gen_abs_data/.output/mask_00050 | models/FUNWAVE/raw/source_code/FUNWAVE-TVD/simple_cases/tide_time_spectra/.output/mask_00050
models/FUNWAVE/raw/source_code/FUNWAVE-TVD/simple_cases/tide_time_spectra/.output/mask_00051,17a759df8bff124a9737d024e4982af981d3bffc8d1bb328c7118214fb70c933,400100,text/plain,[none],other-text,FUNWAVE-TVD,True,no explicit vendor marker found; retained in denominator,False,True,False,False,False,False,False,False,False,True,False,_staging/total-read/records/numgrid-FUNWAVE-20260728.jsonl,2,models/FUNWAVE/raw/source_code/FUNWAVE-TVD/simple_cases/tide_gen_abs_data/.output/mask_00051,models/FUNWAVE/raw/source_code/FUNWAVE-TVD/simple_cases/tide_gen_abs_data/.output/mask_00051 | models/FUNWAVE/raw/source_code/FUNWAVE-TVD/simple_cases/tide_time_spectra/.output/mask_00051
models/FUNWAVE/raw/source_code/FUNWAVE-TVD/simple_cases/tide_time_spectra/.output/mask_00052,32729289f6627381a744aacac09c2d7819bc4591fd22d2fb854a873b8c07394c,400100,text/plain,[none],other-text,FUNWAVE-TVD,True,no explicit vendor marker found; retained in denominator,False,True,False,False,False,False,False,False,False,True,False,_staging/total-read/records/numgrid-FUNWAVE-20260728.jsonl,2,models/FUNWAVE/raw/source_code/FUNWAVE-TVD/simple_cases/tide_gen_abs_data/.output/mask_00052,models/FUNWAVE/raw/source_code/FUNWAVE-TVD/simple_cases/tide_gen_abs_data/.output/mask_00052 | models/FUNWAVE/raw/source_code/FUNWAVE-TVD/simple_cases/tide_time_spectra/.output/mask_00052
models/FUNWAVE/raw/source_code/FUNWAVE-TVD/simple_cases/tide_time_spectra/.output/mask_00053,54bb360fb3e196960c3766302c054109c5cb35b91424436b23f377858f853b6c,400100,text/plain,[none],other-text,FUNWAVE-TVD,True,no explicit vendor marker found; retained in denominator,False,True,False,False,False,False,False,False,False,True,False,_staging/total-read/records/numgrid-FUNWAVE-20260728.jsonl,2,models/FUNWAVE/raw/source_code/FUNWAVE-TVD/simple_cases/tide_gen_abs_data/.output/mask_00053,models/FUNWAVE/raw/source_code/FUNWAVE-TVD/simple_cases/tide_gen_abs_data/.output/mask_00053 | models/FUNWAVE/raw/source_code/FUNWAVE-TVD/simple_cases/tide_time_spectra/.output/mask_00053
models/FUNWAVE/raw/source_code/FUNWAVE-TVD/simple_cases/tide_time_spectra/.output/mask_00054,9cb6b7f44c503e0de9fdfac6253cbb7d69e5f40cb7ac647c112772588d6229f2,400100,text/plain,[none],other-text,FUNWAVE-TVD,True,no explicit vendor marker found; retained in denominator,False,True,False,False,False,False,False,False,False,True,False,_staging/total-read/records/numgrid-FUNWAVE-20260728.jsonl,2,models/FUNWAVE/raw/source_code/FUNWAVE-TVD/simple_cases/tide_gen_abs_data/.output/mask_00054,models/FUNWAVE/raw/source_code/FUNWAVE-TVD/simple_cases/tide_gen_abs_data/.output/mask_00054 | models/FUNWAVE/raw/source_code/FUNWAVE-TVD/simple_cases/tide_time_spectra/.output/mask_00054
models/FUNWAVE/raw/source_code/FUNWAVE-TVD/simple_cases/tide_time_spectra/.output/mask_00055,96283a7afc484f2af7b32b706cf8edbfeb61ef57e43b111acadc61721b8bd3c1,400100,text/plain,[none],other-text,FUNWAVE-TVD,True,no explicit vendor marker found; retained in denominator,False,True,False,False,False,False,False,False,False,True,False,_staging/total-read/records/numgrid-FUNWAVE-20260728.jsonl,2,models/FUNWAVE/raw/source_code/FUNWAVE-TVD/simple_cases/tide_gen_abs_data/.output/mask_00055,models/FUNWAVE/raw/source_code/FUNWAVE-TVD/simple_cases/tide_gen_abs_data/.output/mask_00055 | models/FUNWAVE/raw/source_code/FUNWAVE-TVD/simple_cases/tide_time_spectra/.output/mask_00055
models/FUNWAVE/raw/source_code/FUNWAVE-TVD/simple_cases/tide_time_spectra/.output/mask_00056,f1d7bdcc90aefe500bd297427733bde90d32db21595dd8304d98174c6844f41d,400100,text/plain,[none],other-text,FUNWAVE-TVD,True,no explicit vendor marker found; retained in denominator,False,True,False,False,False,False,False,False,False,True,False,_staging/total-read/records/numgrid-FUNWAVE-20260728.jsonl,2,models/FUNWAVE/raw/source_code/FUNWAVE-TVD/simple_cases/tide_gen_abs_data/.output/mask_00056,models/FUNWAVE/raw/source_code/FUNWAVE-TVD/simple_cases/tide_gen_abs_data/.output/mask_00056 | models/FUNWAVE/raw/source_code/FUNWAVE-TVD/simple_cases/tide_time_spectra/.output/mask_00056
models/FUNWAVE/raw/source_code/FUNWAVE-TVD/simple_cases/tide_time_spectra/.output/mask_00057,f60305a96e6c8de8b27844fec560582b8b35349c11c7552bdd894a86aebdebe3,400100,text/plain,[none],other-text,FUNWAVE-TVD,True,no explicit vendor marker found; retained in denominator,False,True,False,False,False,False,False,False,False,True,False,_staging/total-read/records/numgrid-FUNWAVE-20260728.jsonl,2,models/FUNWAVE/raw/source_code/FUNWAVE-TVD/simple_cases/tide_gen_abs_data/.output/mask_00057,models/FUNWAVE/raw/source_code/FUNWAVE-TVD/simple_cases/tide_gen_abs_data/.output/mask_00057 | models/FUNWAVE/raw/source_code/FUNWAVE-TVD/simple_cases/tide_time_spectra/.output/mask_00057
models/FUNWAVE/raw/source_code/FUNWAVE-TVD/simple_cases/tide_time_spectra/.output/mask_00058,43d6b479cacc3a127f2291b9ab169b9fb1fcfecaabb6e3fe039236eedae80489,400100,text/plain,[none],other-text,FUNWAVE-TVD,True,no explicit vendor marker found; retained in denominator,False,True,False,False,False,False,False,False,False,True,False,_staging/total-read/records/numgrid-FUNWAVE-20260728.jsonl,2,models/FUNWAVE/raw/source_code/FUNWAVE-TVD/simple_cases/tide_gen_abs_data/.output/mask_00058,models/FUNWAVE/raw/source_code/FUNWAVE-TVD/simple_cases/tide_gen_abs_data/.output/mask_00058 | models/FUNWAVE/raw/source_code/FUNWAVE-TVD/simple_cases/tide_time_spectra/.output/mask_00058
models/FUNWAVE/raw/source_code/FUNWAVE-TVD/simple_cases/tide_time_spectra/Grid_Range.out,614cd95510029b498098b51b04251695336dd4f569ebe3b4357880cf8700026b,178,text/plain,.out,case-data-or-output,FUNWAVE-TVD,True,no explicit vendor marker found; retained in denominator,False,True,False,False,False,False,True,False,False,False,True,_staging/total-read/pending/reread-20260728/reread20260728-doc-FUNWAVE-013-codex-20260811T021150Z-b62f7865/74da35006364296dcf7b4282af8db4c5075f1eb622863d9d7fb3c0459e0df7a9.json,3,models/FUNWAVE/raw/source_code/FUNWAVE-TVD/simple_cases/tide_abs_2bc_data/Grid_Range.out,models/FUNWAVE/raw/source_code/FUNWAVE-TVD/simple_cases/tide_abs_2bc_data/Grid_Range.out | models/FUNWAVE/raw/source_code/FUNWAVE-TVD/simple_cases/tide_gen_abs_data/Grid_Range.out | models/FUNWAVE/raw/source_code/FUNWAVE-TVD/simple_cases/tide_time_spectra/Grid_Range.out
models/FUNWAVE/raw/source_code/FUNWAVE-TVD/simple_cases/tide_time_spectra/LOG.txt,17cf852a1258006ead57966c385f867fcb8006eee7913b3531ce1746b9934d16,228749,text/plain,.txt,documentation-or-build-text,FUNWAVE-TVD,True,no explicit vendor marker found; retained in denominator,False,True,False,False,False,False,True,False,False,False,True,_staging/total-read/pending/reread-20260728/reread20260728-doc-FUNWAVE-013-codex-20260811T021150Z-b62f7865/c57a92feb1ca2c52a4d279a8ea66931004983fe4461a772736f92d1e2faf0756.json,1,models/FUNWAVE/raw/source_code/FUNWAVE-TVD/simple_cases/tide_time_spectra/LOG.txt,
models/FUNWAVE/raw/source_code/FUNWAVE-TVD/simple_cases/tide_time_spectra/Makefile,2d54314ca233d7bc44cc3101cfa2f417c01d5468947736f3c73e08bf99246dc6,4046,text/x-file,[none],documentation-or-build-text,FUNWAVE-TVD,True,no explicit vendor marker found; retained in denominator,False,True,False,False,False,False,True,False,False,False,True,_staging/total-read/pending/reread-20260728/reread20260728-doc-FUNWAVE-013-codex-20260811T021150Z-b62f7865/6b98c3312b501d32d5994b05091023639ac531a77240fdafbec0df06891a9666.json,1,models/FUNWAVE/raw/source_code/FUNWAVE-TVD/simple_cases/tide_time_spectra/Makefile,
models/FUNWAVE/raw/source_code/FUNWAVE-TVD/simple_cases/tide_time_spectra/fort.1,e3b0c44298fc1c149afbf4c8996fb92427ae41e4649b934ca495991b7852b855,0,inode/x-empty,.1,other-binary-or-data,FUNWAVE-TVD,True,no explicit vendor marker found; retained in denominator,False,False,False,False,False,False,False,False,False,False,False,,11,models/FUNWAVE/raw/source_code/FUNWAVE-TVD/benchmarks/car_Nwave_statis/station.txt,models/FUNWAVE/raw/source_code/FUNWAVE-TVD/benchmarks/car_Nwave_statis/station.txt | models/FUNWAVE/raw/source_code/FUNWAVE-TVD/benchmarks/sph_monai_valley/work/depth_blowup.dat | models/FUNWAVE/raw/source_code/FUNWAVE-TVD/benchmarks/sph_sol_plane_mea/breaking/station.txt | models/FUNWAVE/raw/source_code/FUNWAVE-TVD/benchmarks/sph_sol_plane_mea/nonbreaking/station.txt | models/FUNWAVE/raw/source_code/FUNWAVE-TVD/simple_cases/levee_1d/LOG.txt | models/FUNWAVE/raw/source_code/FUNWAVE-TVD/simple_cases/levee_1d/time_dt.out | models/FUNWAVE/raw/source_code/FUNWAVE-TVD/simple_cases/sediment_rip/work/time_dt.out | models/FUNWAVE/raw/source_code/FUNWAVE-TVD/simple_cases/tide_time_spectra/fort.1 | models/FUNWAVE/raw/source_code/FUNWAVE-TVD/simple_cases/tide_time_spectra/fort.500 | models/FUNWAVE/raw/source_code/FUNWAVE-TVD/simple_cases/tohoku_tsunami/work/time_dt.out | models/FUNWAVE/raw/source_code/FUNWAVE-TVD/simple_cases/vertical_velocity_structure/time_dt.out
models/FUNWAVE/raw/source_code/FUNWAVE-TVD/simple_cases/tide_time_spectra/fort.500,e3b0c44298fc1c149afbf4c8996fb92427ae41e4649b934ca495991b7852b855,0,inode/x-empty,.500,other-binary-or-data,FUNWAVE-TVD,True,no explicit vendor marker found; retained in denominator,False,False,False,False,False,False,False,False,False,False,False,,11,models/FUNWAVE/raw/source_code/FUNWAVE-TVD/benchmarks/car_Nwave_statis/station.txt,models/FUNWAVE/raw/source_code/FUNWAVE-TVD/benchmarks/car_Nwave_statis/station.txt | models/FUNWAVE/raw/source_code/FUNWAVE-TVD/benchmarks/sph_monai_valley/work/depth_blowup.dat | models/FUNWAVE/raw/source_code/FUNWAVE-TVD/benchmarks/sph_sol_plane_mea/breaking/station.txt | models/FUNWAVE/raw/source_code/FUNWAVE-TVD/benchmarks/sph_sol_plane_mea/nonbreaking/station.txt | models/FUNWAVE/raw/source_code/FUNWAVE-TVD/simple_cases/levee_1d/LOG.txt | models/FUNWAVE/raw/source_code/FUNWAVE-TVD/simple_cases/levee_1d/time_dt.out | models/FUNWAVE/raw/source_code/FUNWAVE-TVD/simple_cases/sediment_rip/work/time_dt.out | models/FUNWAVE/raw/source_code/FUNWAVE-TVD/simple_cases/tide_time_spectra/fort.1 | models/FUNWAVE/raw/source_code/FUNWAVE-TVD/simple_cases/tide_time_spectra/fort.500 | models/FUNWAVE/raw/source_code/FUNWAVE-TVD/simple_cases/tohoku_tsunami/work/time_dt.out | models/FUNWAVE/raw/source_code/FUNWAVE-TVD/simple_cases/vertical_velocity_structure/time_dt.out
models/FUNWAVE/raw/source_code/FUNWAVE-TVD/simple_cases/tide_time_spectra/input.txt,c04264de5ac823f6f9c56c7a19fee929a1fb8a90bbf9c83c0fb8725e06018488,4724,text/plain,.txt,documentation-or-build-text,FUNWAVE-TVD,True,no explicit vendor marker found; retained in denominator,False,True,False,False,False,False,True,False,False,False,True,_staging/total-read/pending/reread-20260728/reread20260728-doc-FUNWAVE-013-codex-20260811T021150Z-b62f7865/de233b948f9ea8a7c11610030bd18a688fa6dd55d3a92947d49f99ba1524fd3e.json,1,models/FUNWAVE/raw/source_code/FUNWAVE-TVD/simple_cases/tide_time_spectra/input.txt,
models/FUNWAVE/raw/source_code/FUNWAVE-TVD/simple_cases/tide_time_spectra/plot_wave.m,d319c9d973d5d1268f4d97d432a968bcd7b8db56e2271f245b1d080944592949,1377,text/plain,.m,script-source,FUNWAVE-TVD,True,no explicit vendor marker found; retained in denominator,True,True,True,True,True,True,False,False,False,False,True,_staging/total-read/pending/reread-20260728/reread20260728-code-FUNWAVE-003-codexaudit-20260826T022957Z-453e6221/5cfca6992e9e9fe74f4c8ca253b06d8e239375b5244f1f2b53db2e0fc6aaeb22.json | _staging/total-read/pending/reread-20260728/reread20260728-code-FUNWAVE-003-fable5-20260813T012841Z-7a6fa701/5cfca6992e9e9fe74f4c8ca253b06d8e239375b5244f1f2b53db2e0fc6aaeb22.json | _staging/total-read/records-crosswalk/reread-20260728/FUNWAVE-003/FUNWAVE__raw__source_code__FUNWAVE-TVD__simple_cases__tide_time_spectra__plot_wave.m.crosswalk.json,1,models/FUNWAVE/raw/source_code/FUNWAVE-TVD/simple_cases/tide_time_spectra/plot_wave.m,
models/FUNWAVE/raw/source_code/FUNWAVE-TVD/simple_cases/tide_time_spectra/spectra_data_1.txt,d2cbad71ff333de67d07ec676e352ab7f38248eb69c942950157220607c55e84,3,text/plain,.txt,documentation-or-build-text,FUNWAVE-TVD,True,no explicit vendor marker found; retained in denominator,False,True,False,False,False,False,True,False,False,False,True,_staging/total-read/pending/reread-20260728/reread20260728-doc-FUNWAVE-013-codex-20260811T021150Z-b62f7865/da82e18213763f503e297707d7dde08832b5fa07b51ec485bc9db006a40a4fbd.json,1,models/FUNWAVE/raw/source_code/FUNWAVE-TVD/simple_cases/tide_time_spectra/spectra_data_1.txt,
models/FUNWAVE/raw/source_code/FUNWAVE-TVD/simple_cases/tide_time_spectra/spectra_data_2.txt,ce5d3aa79ae56155078af52e8fac68eb2d0a78489f82bc26c1e1bbc667ba9fde,4,text/plain,.txt,documentation-or-build-text,FUNWAVE-TVD,True,no explicit vendor marker found; retained in denominator,False,True,False,False,False,False,True,False,False,False,True,_staging/total-read/pending/reread-20260728/reread20260728-doc-FUNWAVE-013-codex-20260811T021150Z-b62f7865/9e4bc9371d6b382e8876c0a1bb21ffc6a9617417f5bb5d4fed85f1bf6c0a7f0f.json,1,models/FUNWAVE/raw/source_code/FUNWAVE-TVD/simple_cases/tide_time_spectra/spectra_data_2.txt,
models/FUNWAVE/raw/source_code/FUNWAVE-TVD/simple_cases/tide_time_spectra/spectra_data_3.txt,d0ff5974b6aa52cf562bea5921840c032a860a91a3512f7fe8f768f6bbe005f6,3,text/plain,.txt,documentation-or-build-text,FUNWAVE-TVD,True,no explicit vendor marker found; retained in denominator,False,True,False,False,False,False,True,False,False,False,True,_staging/total-read/pending/reread-20260728/reread20260728-doc-FUNWAVE-013-codex-20260811T021150Z-b62f7865/53a4156af277224b8eb76f45b6251f20cb159699264bf921ab89cb459151ef0f.json,1,models/FUNWAVE/raw/source_code/FUNWAVE-TVD/simple_cases/tide_time_spectra/spectra_data_3.txt,
models/FUNWAVE/raw/source_code/FUNWAVE-TVD/simple_cases/tide_time_spectra/spectra_file.txt,17eb090a7a7d410b429eb7623f9509df1e9619a349988a3f734a3473a6392027,350,text/plain,.txt,documentation-or-build-text,FUNWAVE-TVD,True,no explicit vendor marker found; retained in denominator,False,True,False,False,False,False,True,False,False,False,True,_staging/total-read/pending/reread-20260728/reread20260728-doc-FUNWAVE-013-codex-20260811T021150Z-b62f7865/6aefd74dfa0a5c2f6a3a5112f516ff622131f9fe2aea88e07b506b23696c846d.json,1,models/FUNWAVE/raw/source_code/FUNWAVE-TVD/simple_cases/tide_time_spectra/spectra_file.txt,
models/FUNWAVE/raw/source_code/FUNWAVE-TVD/simple_cases/tide_time_spectra/tide_data_west.txt,2105e142a55d4094f1c0c0aae80287b6365f052f943a636a2e95dd36d78814fe,154,text/plain,.txt,documentation-or-build-text,FUNWAVE-TVD,True,no explicit vendor marker found; retained in denominator,False,True,False,False,False,False,True,False,False,False,True,_staging/total-read/pending/reread-20260728/reread20260728-doc-FUNWAVE-013-codex-20260811T021150Z-b62f7865/01496c80592e413d2a7a4d11e127302097937d15b2d45cad82c3d73f40a6e7a1.json,1,models/FUNWAVE/raw/source_code/FUNWAVE-TVD/simple_cases/tide_time_spectra/tide_data_west.txt,
models/FUNWAVE/raw/source_code/FUNWAVE-TVD/simple_cases/tide_time_spectra/time_dt.out,ecf87c3dfa3850ec8bd4f4273bef9c7b908dbb5b683406f0ccfc5edc8b3e8638,3500,text/plain,.out,case-data-or-output,FUNWAVE-TVD,True,no explicit vendor marker found; retained in denominator,False,True,False,False,False,False,True,False,False,False,True,_staging/total-read/pending/reread-20260728/reread20260728-doc-FUNWAVE-013-codex-20260811T021150Z-b62f7865/170adb58e54e0bedcdddf305b701b5be86709522fd080423c3114405b63644b0.json,1,models/FUNWAVE/raw/source_code/FUNWAVE-TVD/simple_cases/tide_time_spectra/time_dt.out,
models/FUNWAVE/raw/source_code/FUNWAVE-TVD/simple_cases/tide_time_spectra/videoOut.mp4,bf830d095b24a2825dec3aa96c9e144a093d6c9a0ee043c33163fd5762bbda13,3140421,video/mp4,.mp4,image-or-media,FUNWAVE-TVD,True,no explicit vendor marker found; retained in denominator,False,False,False,False,False,False,False,False,False,True,False,_staging/total-read/records/binauto-code_FUNWAVE.jsonl,1,models/FUNWAVE/raw/source_code/FUNWAVE-TVD/simple_cases/tide_time_spectra/videoOut.mp4,
models/FUNWAVE/raw/source_code/FUNWAVE-TVD/simple_cases/tide_time_spectra/wave_198s.jpg,46b5194a29411beab4bcabcd13e1f217c43f4fd37e8360a778fb8b5586819311,218490,image/jpeg,.jpg,image-or-media,FUNWAVE-TVD,True,no explicit vendor marker found; retained in denominator,False,False,False,False,False,False,False,False,False,True,False,_staging/total-read/records/binauto-code_FUNWAVE.jsonl,1,models/FUNWAVE/raw/source_code/FUNWAVE-TVD/simple_cases/tide_time_spectra/wave_198s.jpg,
models/FUNWAVE/raw/source_code/FUNWAVE-TVD/simple_cases/tohoku_tsunami/external_files/ETA_30min.txt,aa01cdf2c0f66663ea3d99800f1db2c79b16ca2365071b07c03159eb9834f4ac,921840,text/plain,.txt,documentation-or-build-text,FUNWAVE-TVD,True,no explicit vendor marker found; retained in denominator,False,True,False,False,False,False,False,False,False,True,False,_staging/total-read/records/numgrid-FUNWAVE-20260728.jsonl,1,models/FUNWAVE/raw/source_code/FUNWAVE-TVD/simple_cases/tohoku_tsunami/external_files/ETA_30min.txt,
models/FUNWAVE/raw/source_code/FUNWAVE-TVD/simple_cases/tohoku_tsunami/external_files/U_30min.txt,4c8b9adbbeee1e325f6a06629c7e1b572c2f856254ed74bb47c6cff4f8603ec1,921840,text/plain,.txt,documentation-or-build-text,FUNWAVE-TVD,True,no explicit vendor marker found; retained in denominator,False,True,False,False,False,False,False,False,False,True,False,_staging/total-read/records/numgrid-FUNWAVE-20260728.jsonl,1,models/FUNWAVE/raw/source_code/FUNWAVE-TVD/simple_cases/tohoku_tsunami/external_files/U_30min.txt,
models/FUNWAVE/raw/source_code/FUNWAVE-TVD/simple_cases/tohoku_tsunami/external_files/V_30min.txt,9bcbc09e95534eb7809789234742c12606952b57de008f5f3bfd04d618126597,921840,text/plain,.txt,documentation-or-build-text,FUNWAVE-TVD,True,no explicit vendor marker found; retained in denominator,False,True,False,False,False,False,False,False,False,True,False,_staging/total-read/records/numgrid-FUNWAVE-20260728.jsonl,1,models/FUNWAVE/raw/source_code/FUNWAVE-TVD/simple_cases/tohoku_tsunami/external_files/V_30min.txt,
models/FUNWAVE/raw/source_code/FUNWAVE-TVD/simple_cases/tohoku_tsunami/external_files/depth_30min.txt,477a9cd3012fd1fb1c7cc42a74a1255c95010a173436b49f5414c0cad9b5c402,921840,text/plain,.txt,documentation-or-build-text,FUNWAVE-TVD,True,no explicit vendor marker found; retained in denominator,False,True,False,False,False,False,False,False,False,True,False,_staging/total-read/records/numgrid-FUNWAVE-20260728.jsonl,1,models/FUNWAVE/raw/source_code/FUNWAVE-TVD/simple_cases/tohoku_tsunami/external_files/depth_30min.txt,
models/FUNWAVE/raw/source_code/FUNWAVE-TVD/simple_cases/tohoku_tsunami/postprocessing/depth_30min.txt,8087c4a388d6f284a3be8d3505f2b01043c4e89ada0aaeda51a3aea4843f8ce4,921837,text/plain,.txt,documentation-or-build-text,FUNWAVE-TVD,True,no explicit vendor marker found; retained in denominator,False,True,False,False,False,False,False,False,False,True,False,_staging/total-read/records/numgrid-FUNWAVE-20260728.jsonl,1,models/FUNWAVE/raw/source_code/FUNWAVE-TVD/simple_cases/tohoku_tsunami/postprocessing/depth_30min.txt,
models/FUNWAVE/raw/source_code/FUNWAVE-TVD/simple_cases/tohoku_tsunami/postprocessing/eta_tsunami.png,649220c8447bc3f0fa4b08cd934addba381264e9cb9ea8dfb3907b79e9ddf703,125058,image/png,.png,image-or-media,FUNWAVE-TVD,True,no explicit vendor marker found; retained in denominator,False,False,False,False,False,False,False,False,False,True,False,_staging/total-read/records/binauto-code_FUNWAVE.jsonl,1,models/FUNWAVE/raw/source_code/FUNWAVE-TVD/simple_cases/tohoku_tsunami/postprocessing/eta_tsunami.png,
models/FUNWAVE/raw/source_code/FUNWAVE-TVD/simple_cases/tohoku_tsunami/postprocessing/plot_bathy.m,6a15c82df7124f7661fe1a107d07332d80f555464f16eeb93bb3f1b5d02a2a86,471,text/plain,.m,script-source,FUNWAVE-TVD,True,no explicit vendor marker found; retained in denominator,True,True,True,True,True,True,False,False,False,False,True,_staging/total-read/pending/reread-20260728/reread20260728-code-FUNWAVE-003-codexaudit-20260826T022957Z-453e6221/a88b9e3361b931eb6d81358b23afc8a35f2913b28433e45a7dd095a2ff139945.json | _staging/total-read/pending/reread-20260728/reread20260728-code-FUNWAVE-003-fable5-20260813T012841Z-7a6fa701/a88b9e3361b931eb6d81358b23afc8a35f2913b28433e45a7dd095a2ff139945.json | _staging/total-read/records-crosswalk/reread-20260728/FUNWAVE-003/FUNWAVE__raw__source_code__FUNWAVE-TVD__simple_cases__tohoku_tsunami__postprocessing__plot_bathy.m.crosswalk.json,1,models/FUNWAVE/raw/source_code/FUNWAVE-TVD/simple_cases/tohoku_tsunami/postprocessing/plot_bathy.m,
models/FUNWAVE/raw/source_code/FUNWAVE-TVD/simple_cases/tohoku_tsunami/postprocessing/plot_bathy_commented.m,05a5052c853a523ce713681320de8bcbb10d8595f82ff5e5322a7a20cc9cb113,1048,text/plain,.m,script-source,FUNWAVE-TVD,True,no explicit vendor marker found; retained in denominator,True,True,True,True,True,True,False,False,False,False,True,_staging/total-read/pending/reread-20260728/reread20260728-code-FUNWAVE-003-codexaudit-20260826T022957Z-453e6221/fa01f6fbc965e896b1e6a21a30481e735323e8a9f7f708fd332f0e5ef3a09544.json | _staging/total-read/pending/reread-20260728/reread20260728-code-FUNWAVE-003-fable5-20260813T012841Z-7a6fa701/fa01f6fbc965e896b1e6a21a30481e735323e8a9f7f708fd332f0e5ef3a09544.json | _staging/total-read/records-crosswalk/reread-20260728/FUNWAVE-003/FUNWAVE__raw__source_code__FUNWAVE-TVD__simple_cases__tohoku_tsunami__postprocessing__plot_bathy_commented.m.crosswalk.json,1,models/FUNWAVE/raw/source_code/FUNWAVE-TVD/simple_cases/tohoku_tsunami/postprocessing/plot_bathy_commented.m,
models/FUNWAVE/raw/source_code/FUNWAVE-TVD/simple_cases/tohoku_tsunami/postprocessing/plot_bathy_tsunami.py,13ee721878f43e2cf48565d7b72a230b197a813e8442c77409ba8689edc45aef,999,text/plain,.py,script-source,FUNWAVE-TVD,True,no explicit vendor marker found; retained in denominator,True,True,True,True,True,True,False,False,False,False,True,_staging/total-read/pending/reread-20260728/reread20260728-code-FUNWAVE-003-codexaudit-20260826T022957Z-453e6221/b632e81a7644f6efb2d42d8140293d2984de5076d056cee86464fb8013517e33.json | _staging/total-read/pending/reread-20260728/reread20260728-code-FUNWAVE-003-fable5-20260813T012841Z-7a6fa701/b632e81a7644f6efb2d42d8140293d2984de5076d056cee86464fb8013517e33.json | _staging/total-read/records-crosswalk/reread-20260728/FUNWAVE-003/FUNWAVE__raw__source_code__FUNWAVE-TVD__simple_cases__tohoku_tsunami__postprocessing__plot_bathy_tsunami.py.crosswalk.json,1,models/FUNWAVE/raw/source_code/FUNWAVE-TVD/simple_cases/tohoku_tsunami/postprocessing/plot_bathy_tsunami.py,
models/FUNWAVE/raw/source_code/FUNWAVE-TVD/simple_cases/tohoku_tsunami/postprocessing/plot_surface.m,702b77b55422cd8d29cce582b8a522e79d95b7473d57a72681fb14cabdc20f03,817,text/plain,.m,script-source,FUNWAVE-TVD,True,no explicit vendor marker found; retained in denominator,True,True,True,True,True,True,False,False,False,False,True,_staging/total-read/pending/reread-20260728/reread20260728-code-FUNWAVE-003-codexaudit-20260826T022957Z-453e6221/980cbb6fb9f0b3a51dcf6f07c04c68be3cc80c68abef0579dd338cf6bbd2ef5c.json | _staging/total-read/pending/reread-20260728/reread20260728-code-FUNWAVE-003-fable5-20260813T012841Z-7a6fa701/980cbb6fb9f0b3a51dcf6f07c04c68be3cc80c68abef0579dd338cf6bbd2ef5c.json | _staging/total-read/records-crosswalk/reread-20260728/FUNWAVE-003/FUNWAVE__raw__source_code__FUNWAVE-TVD__simple_cases__tohoku_tsunami__postprocessing__plot_surface.m.crosswalk.json,1,models/FUNWAVE/raw/source_code/FUNWAVE-TVD/simple_cases/tohoku_tsunami/postprocessing/plot_surface.m,
models/FUNWAVE/raw/source_code/FUNWAVE-TVD/simple_cases/tohoku_tsunami/postprocessing/plot_surface.py,acb228a60461b7f9a13e6143ce601796e90d1e903845c0c7164f69db1dea038d,1596,text/plain,.py,script-source,FUNWAVE-TVD,True,no explicit vendor marker found; retained in denominator,True,True,True,True,True,True,False,False,False,False,True,_staging/total-read/pending/reread-20260728/reread20260728-code-FUNWAVE-003-codexaudit-20260826T022957Z-453e6221/8fda2b8840d7afbf90dea5e654f70cd9b902b42c92a1c092eee989c927663e71.json | _staging/total-read/pending/reread-20260728/reread20260728-code-FUNWAVE-003-fable5-20260813T012841Z-7a6fa701/8fda2b8840d7afbf90dea5e654f70cd9b902b42c92a1c092eee989c927663e71.json | _staging/total-read/records-crosswalk/reread-20260728/FUNWAVE-003/FUNWAVE__raw__source_code__FUNWAVE-TVD__simple_cases__tohoku_tsunami__postprocessing__plot_surface.py.crosswalk.json,1,models/FUNWAVE/raw/source_code/FUNWAVE-TVD/simple_cases/tohoku_tsunami/postprocessing/plot_surface.py,
models/FUNWAVE/raw/source_code/FUNWAVE-TVD/simple_cases/tohoku_tsunami/postprocessing/plot_surface_commented.m,4a147a22a2b85b78f36ee2f888327635a64ef2572cd5156b26f72ec014f07cdf,1477,text/plain,.m,script-source,FUNWAVE-TVD,True,no explicit vendor marker found; retained in denominator,True,True,True,True,True,True,False,False,False,False,True,_staging/total-read/pending/reread-20260728/reread20260728-code-FUNWAVE-003-codexaudit-20260826T022957Z-453e6221/30a72d946af639b81503880aaac1d83948b8883965a36f09c824ef720fb24036.json | _staging/total-read/pending/reread-20260728/reread20260728-code-FUNWAVE-003-fable5-20260813T012841Z-7a6fa701/30a72d946af639b81503880aaac1d83948b8883965a36f09c824ef720fb24036.json | _staging/total-read/records-crosswalk/reread-20260728/FUNWAVE-003/FUNWAVE__raw__source_code__FUNWAVE-TVD__simple_cases__tohoku_tsunami__postprocessing__plot_surface_commented.m.crosswalk.json,1,models/FUNWAVE/raw/source_code/FUNWAVE-TVD/simple_cases/tohoku_tsunami/postprocessing/plot_surface_commented.m,
models/FUNWAVE/raw/source_code/FUNWAVE-TVD/simple_cases/tohoku_tsunami/postprocessing/tohoku_dem.jpg,5a938b5ef92a24e692e175ccd4f61a874142d690062b4b269101f4be0a25f89e,68747,image/jpeg,.jpg,image-or-media,FUNWAVE-TVD,True,no explicit vendor marker found; retained in denominator,False,False,False,False,False,False,False,False,False,True,False,_staging/total-read/records/binauto-code_FUNWAVE.jsonl,1,models/FUNWAVE/raw/source_code/FUNWAVE-TVD/simple_cases/tohoku_tsunami/postprocessing/tohoku_dem.jpg,
models/FUNWAVE/raw/source_code/FUNWAVE-TVD/simple_cases/tohoku_tsunami/postprocessing/tohoku_surface.jpg,61248d7081a6ff25d8d1ed62ee1660e1c5fb25d120bef99af98185b104cff687,57055,image/jpeg,.jpg,image-or-media,FUNWAVE-TVD,True,no explicit vendor marker found; retained in denominator,False,False,False,False,False,False,False,False,False,True,False,_staging/total-read/records/binauto-code_FUNWAVE.jsonl,1,models/FUNWAVE/raw/source_code/FUNWAVE-TVD/simple_cases/tohoku_tsunami/postprocessing/tohoku_surface.jpg,
models/FUNWAVE/raw/source_code/FUNWAVE-TVD/simple_cases/tohoku_tsunami/postprocessing/tsunami_bathy.png,7a7d0c989c81aed22139fce2bd71ccd4a64dc0f37e762bfb38c81c8b234d6710,224189,image/png,.png,image-or-media,FUNWAVE-TVD,True,no explicit vendor marker found; retained in denominator,False,False,False,False,False,False,False,False,False,True,False,_staging/total-read/records/binauto-code_FUNWAVE.jsonl,1,models/FUNWAVE/raw/source_code/FUNWAVE-TVD/simple_cases/tohoku_tsunami/postprocessing/tsunami_bathy.png,
models/FUNWAVE/raw/source_code/FUNWAVE-TVD/simple_cases/tohoku_tsunami/work/.DS_Store,d65165279105ca6773180500688df4bdc69a2c7b771752f0a46ef120b7fd8ec3,6148,application/octet-stream,[none],other-binary-or-data,FUNWAVE-TVD,True,no explicit vendor marker found; retained in denominator,False,False,False,False,False,False,False,False,False,True,False,_staging/total-read/records/binauto-code_FUNWAVE.jsonl,14,models/FUNWAVE/raw/source_code/FUNWAVE-TVD/funwave-work/.DS_Store,models/FUNWAVE/raw/source_code/FUNWAVE-TVD/funwave-work/.DS_Store | models/FUNWAVE/raw/source_code/FUNWAVE-TVD/simple_cases/beach_2d_radiation/.DS_Store | models/FUNWAVE/raw/source_code/FUNWAVE-TVD/simple_cases/rain_on_hills/postprocessing/.DS_Store | models/FUNWAVE/raw/source_code/FUNWAVE-TVD/simple_cases/surface_wave_1d/input_files/.DS_Store | models/FUNWAVE/raw/source_code/FUNWAVE-TVD/simple_cases/tide_abs_1bc_constant/work/.DS_Store | models/FUNWAVE/raw/source_code/FUNWAVE-TVD/simple_cases/tide_abs_2bc_data/.DS_Store | models/FUNWAVE/raw/source_code/FUNWAVE-TVD/simple_cases/tide_frf_abc_data/plots/.DS_Store | models/FUNWAVE/raw/source_code/FUNWAVE-TVD/simple_cases/tide_gen_abs_data/.DS_Store | models/FUNWAVE/raw/source_code/FUNWAVE-TVD/simple_cases/tide_time_spectra/.DS_Store | models/FUNWAVE/raw/source_code/FUNWAVE-TVD/simple_cases/tohoku_tsunami/work/.DS_Store | models/FUNWAVE/raw/source_code/FUNWAVE-TVD/simple_cases/vertical_velocity_structure/plots/.DS_Store | models/FUNWAVE/raw/source_code/FUNWAVE-TVD/simple_cases/vessel_propeller_effect/vessel/.DS_Store | models/FUNWAVE/raw/source_code/FUNWAVE-TVD/simple_cases/vessel_propeller_effect/vessel_propeller/.DS_Store | models/FUNWAVE/raw/source_code/FUNWAVE-TVD/src/.DS_Store
models/FUNWAVE/raw/source_code/FUNWAVE-TVD/simple_cases/tohoku_tsunami/work/Grid_Range.out,07e146ce1a9feaba003c2edd632624e9044eb12c981f5d6b3ac44ad7d2254e20,178,text/plain,.out,case-data-or-output,FUNWAVE-TVD,True,no explicit vendor marker found; retained in denominator,False,True,False,False,False,False,True,False,False,False,True,_staging/total-read/pending/reread-20260728/reread20260728-doc-FUNWAVE-013-codex-20260811T021150Z-b62f7865/d0be0a35830b01f0ddf8779eb721d9daa1090364160a9ba271a7a4dedf81f97a.json,1,models/FUNWAVE/raw/source_code/FUNWAVE-TVD/simple_cases/tohoku_tsunami/work/Grid_Range.out,
models/FUNWAVE/raw/source_code/FUNWAVE-TVD/simple_cases/tohoku_tsunami/work/LOG.txt,3437c081856f732ce59398588a1369f2dbe399259d42cb55a27a540c587fdd4a,4350,text/plain,.txt,documentation-or-build-text,FUNWAVE-TVD,True,no explicit vendor marker found; retained in denominator,False,True,False,False,False,False,True,False,False,False,True,_staging/total-read/pending/reread-20260728/reread20260728-doc-FUNWAVE-013-codex-20260811T021150Z-b62f7865/cff91eab1d65c5823ad6d0ce961a6a7fa52567867c3ce62287041866ef3da00e.json,1,models/FUNWAVE/raw/source_code/FUNWAVE-TVD/simple_cases/tohoku_tsunami/work/LOG.txt,
models/FUNWAVE/raw/source_code/FUNWAVE-TVD/simple_cases/tohoku_tsunami/work/Makefile,16a61bbfb711a1ab41c0db136f8913f20bbcdeafd58a35ab9efe372c6ba80e5a,4028,text/x-file,[none],documentation-or-build-text,FUNWAVE-TVD,True,no explicit vendor marker found; retained in denominator,False,True,False,False,False,False,True,False,False,False,True,_staging/total-read/pending/reread-20260728/reread20260728-doc-FUNWAVE-013-codex-20260811T021150Z-b62f7865/9a69c177f469b41c79eb351b9638d9f73a48f36bbbf59080f57c524a77e7416c.json,1,models/FUNWAVE/raw/source_code/FUNWAVE-TVD/simple_cases/tohoku_tsunami/work/Makefile,
models/FUNWAVE/raw/source_code/FUNWAVE-TVD/simple_cases/tohoku_tsunami/work/Makefile_gcc10,874780771d7562c507621257e38aebeaa14426a24189594a25bb70b0ebfa4ff0,4034,text/x-file,[none],documentation-or-build-text,FUNWAVE-TVD,True,no explicit vendor marker found; retained in denominator,False,True,False,False,False,False,True,False,False,False,True,_staging/total-read/pending/reread-20260728/reread20260728-doc-FUNWAVE-013-codex-20260811T021150Z-b62f7865/fdb6523405c13865a94033749e0ea22062696d6d9a7e0689a471f30ba3decf71.json,1,models/FUNWAVE/raw/source_code/FUNWAVE-TVD/simple_cases/tohoku_tsunami/work/Makefile_gcc10,
models/FUNWAVE/raw/source_code/FUNWAVE-TVD/simple_cases/tohoku_tsunami/work/Makefile_sediment,cd3279befa2573fd4570455d00a9556a557c9e5a025263f05e2e9f90f28358e5,4028,text/x-file,[none],documentation-or-build-text,FUNWAVE-TVD,True,no explicit vendor marker found; retained in denominator,False,True,False,False,False,False,True,False,False,False,True,_staging/total-read/pending/reread-20260728/reread20260728-doc-FUNWAVE-013-codex-20260811T021150Z-b62f7865/0a633457b7f1af770246766673ffc2f84a1cb8243e8cf4c804852fce19327c42.json,1,models/FUNWAVE/raw/source_code/FUNWAVE-TVD/simple_cases/tohoku_tsunami/work/Makefile_sediment,
models/FUNWAVE/raw/source_code/FUNWAVE-TVD/simple_cases/tohoku_tsunami/work/input.txt,d6996ebdde3e1316f4d2a54b6b9fbe947c4f7e88e1eca1bf6183ec79171dd7eb,2597,text/plain,.txt,documentation-or-build-text,FUNWAVE-TVD,True,no explicit vendor marker found; retained in denominator,False,True,False,False,False,False,True,False,False,False,True,_staging/total-read/pending/reread-20260728/reread20260728-doc-FUNWAVE-013-codex-20260811T021150Z-b62f7865/4280ac2350d38874e3c0b44e1a677966df037d354e0353508342d46140396b34.json,1,models/FUNWAVE/raw/source_code/FUNWAVE-TVD/simple_cases/tohoku_tsunami/work/input.txt,
models/FUNWAVE/raw/source_code/FUNWAVE-TVD/simple_cases/tohoku_tsunami/work/input_sediment.txt,1c109afe1fe7d5e49f2bd05b18ab7081e61b8c28a82ae0ba53a6900a1b506509,2814,text/plain,.txt,documentation-or-build-text,FUNWAVE-TVD,True,no explicit vendor marker found; retained in denominator,False,True,False,False,False,False,True,False,False,False,True,_staging/total-read/pending/reread-20260728/reread20260728-doc-FUNWAVE-013-codex-20260811T021150Z-b62f7865/23b5f339ca7d1684a6ae1ca4a9cadefcb47348bc03d2490286ab4fccdf6533f3.json,1,models/FUNWAVE/raw/source_code/FUNWAVE-TVD/simple_cases/tohoku_tsunami/work/input_sediment.txt,
models/FUNWAVE/raw/source_code/FUNWAVE-TVD/simple_cases/tohoku_tsunami/work/readme.txt,39c1c76e952d7deb641038deabfb31188843125c2426dc33261b7498f678504e,89,text/plain,.txt,documentation-or-build-text,FUNWAVE-TVD,True,no explicit vendor marker found; retained in denominator,False,True,False,False,False,False,True,False,False,False,True,_staging/total-read/pending/reread-20260728/reread20260728-doc-FUNWAVE-013-codex-20260811T021150Z-b62f7865/87c876a75a801ef00a83a165255d96ad094b100e72aad14016c689179d14bbf2.json,1,models/FUNWAVE/raw/source_code/FUNWAVE-TVD/simple_cases/tohoku_tsunami/work/readme.txt,
models/FUNWAVE/raw/source_code/FUNWAVE-TVD/simple_cases/tohoku_tsunami/work/stations-pacific.txt,5f8d8757d5108be5416d34fda14819ec11d32a9295516249da7b1ed681071acf,1326,text/plain,.txt,documentation-or-build-text,FUNWAVE-TVD,True,no explicit vendor marker found; retained in denominator,False,True,False,False,False,False,True,False,False,False,True,_staging/total-read/pending/reread-20260728/reread20260728-doc-FUNWAVE-013-codex-20260811T021150Z-b62f7865/c640a2d97f39de0e2550d90dc4ceab7c6e5628492446e847fd3167f5ec450328.json,1,models/FUNWAVE/raw/source_code/FUNWAVE-TVD/simple_cases/tohoku_tsunami/work/stations-pacific.txt,
models/FUNWAVE/raw/source_code/FUNWAVE-TVD/simple_cases/tohoku_tsunami/work/time_dt.out,e3b0c44298fc1c149afbf4c8996fb92427ae41e4649b934ca495991b7852b855,0,inode/x-empty,.out,case-data-or-output,FUNWAVE-TVD,True,no explicit vendor marker found; retained in denominator,False,False,False,False,False,False,False,False,False,False,False,,11,models/FUNWAVE/raw/source_code/FUNWAVE-TVD/benchmarks/car_Nwave_statis/station.txt,models/FUNWAVE/raw/source_code/FUNWAVE-TVD/benchmarks/car_Nwave_statis/station.txt | models/FUNWAVE/raw/source_code/FUNWAVE-TVD/benchmarks/sph_monai_valley/work/depth_blowup.dat | models/FUNWAVE/raw/source_code/FUNWAVE-TVD/benchmarks/sph_sol_plane_mea/breaking/station.txt | models/FUNWAVE/raw/source_code/FUNWAVE-TVD/benchmarks/sph_sol_plane_mea/nonbreaking/station.txt | models/FUNWAVE/raw/source_code/FUNWAVE-TVD/simple_cases/levee_1d/LOG.txt | models/FUNWAVE/raw/source_code/FUNWAVE-TVD/simple_cases/levee_1d/time_dt.out | models/FUNWAVE/raw/source_code/FUNWAVE-TVD/simple_cases/sediment_rip/work/time_dt.out | models/FUNWAVE/raw/source_code/FUNWAVE-TVD/simple_cases/tide_time_spectra/fort.1 | models/FUNWAVE/raw/source_code/FUNWAVE-TVD/simple_cases/tide_time_spectra/fort.500 | models/FUNWAVE/raw/source_code/FUNWAVE-TVD/simple_cases/tohoku_tsunami/work/time_dt.out | models/FUNWAVE/raw/source_code/FUNWAVE-TVD/simple_cases/vertical_velocity_structure/time_dt.out
models/FUNWAVE/raw/source_code/FUNWAVE-TVD/simple_cases/vertical_velocity_structure/.DS_Store,90d8b8df35574c656dd48f6ef3aa6a222aad012ed11ca7482e6b53d3c043230b,6148,application/octet-stream,[none],other-binary-or-data,FUNWAVE-TVD,True,no explicit vendor marker found; retained in denominator,False,False,False,False,False,False,False,False,False,True,False,_staging/total-read/records/binauto-code_FUNWAVE.jsonl,1,models/FUNWAVE/raw/source_code/FUNWAVE-TVD/simple_cases/vertical_velocity_structure/.DS_Store,
models/FUNWAVE/raw/source_code/FUNWAVE-TVD/simple_cases/vertical_velocity_structure/LOG.txt,8d398c670a17229384464cb7f82524c6ae249a3b6d6b3e3494e8c3d44187ae19,4430,text/plain,.txt,documentation-or-build-text,FUNWAVE-TVD,False,no explicit vendor marker found; retained in denominator,False,True,False,False,False,False,True,False,False,False,True,_staging/total-read/pending/reread-20260728/reread20260728-doc-FUNWAVE-013-codex-20260811T021150Z-b62f7865/db4f90f0ca18b5d6679f9d06418afae6b5c6d67840cc9b8b7ef1a650ad715291.json,1,models/FUNWAVE/raw/source_code/FUNWAVE-TVD/simple_cases/vertical_velocity_structure/LOG.txt,
models/FUNWAVE/raw/source_code/FUNWAVE-TVD/simple_cases/vertical_velocity_structure/Makefile,0362a3fa1c1c17f7528aca01523ae1293458162de4e0a79e4ccddcae51fcce60,4050,text/x-file,[none],documentation-or-build-text,FUNWAVE-TVD,True,no explicit vendor marker found; retained in denominator,False,True,False,False,False,False,True,False,False,False,True,_staging/total-read/pending/reread-20260728/reread20260728-doc-FUNWAVE-013-codex-20260811T021150Z-b62f7865/e1350a1a5753d1ae02fb12f6853b2397e6c469df216badb6e0bb786c98f7f5c9.json,2,models/FUNWAVE/raw/source_code/FUNWAVE-TVD/simple_cases/beach_2d_radiation/Makefile,models/FUNWAVE/raw/source_code/FUNWAVE-TVD/simple_cases/beach_2d_radiation/Makefile | models/FUNWAVE/raw/source_code/FUNWAVE-TVD/simple_cases/vertical_velocity_structure/Makefile
models/FUNWAVE/raw/source_code/FUNWAVE-TVD/simple_cases/vertical_velocity_structure/input.txt,b6be553804d894c406078229c84dea2c930b073bde0c394cb99c7bc4bc3588bc,4754,text/plain,.txt,documentation-or-build-text,FUNWAVE-TVD,True,no explicit vendor marker found; retained in denominator,False,True,False,False,False,False,True,False,False,False,True,_staging/total-read/pending/reread-20260728/reread20260728-doc-FUNWAVE-013-codex-20260811T021150Z-b62f7865/c7f314b8494468ccf67cefdadab814be8af77078ad018fef11fc24e67d58d85f.json,1,models/FUNWAVE/raw/source_code/FUNWAVE-TVD/simple_cases/vertical_velocity_structure/input.txt,
models/FUNWAVE/raw/source_code/FUNWAVE-TVD/simple_cases/vertical_velocity_structure/input_3s_6s.txt,96201ee4caf838b2ece80d7e3562869e35da2f720c5b017ca5488394d2d21192,4753,text/plain,.txt,documentation-or-build-text,FUNWAVE-TVD,True,no explicit vendor marker found; retained in denominator,False,True,False,False,False,False,True,False,False,False,True,_staging/total-read/pending/reread-20260728/reread20260728-doc-FUNWAVE-013-codex-20260811T021150Z-b62f7865/1bf04281fde5181e4a5347f2f00bb1d300ba5db07f83821c79ec1c715c21d883.json,1,models/FUNWAVE/raw/source_code/FUNWAVE-TVD/simple_cases/vertical_velocity_structure/input_3s_6s.txt,
models/FUNWAVE/raw/source_code/FUNWAVE-TVD/simple_cases/vertical_velocity_structure/plot_vertical_profile_paper.m,548f1ac93ea11eb8be2ac66d3978ddd084e7a3a0e42320bcf7935e803f410783,1816,text/plain,.m,script-source,FUNWAVE-TVD,True,no explicit vendor marker found; retained in denominator,True,True,True,True,True,True,False,False,False,False,True,_staging/total-read/pending/reread-20260728/reread20260728-code-FUNWAVE-003-codexaudit-20260826T022957Z-453e6221/3401a9fc3a34aa858dcf25d576e3b14d5759a56983b66d8897842e0242e4610e.json | _staging/total-read/pending/reread-20260728/reread20260728-code-FUNWAVE-003-fable5-20260813T012841Z-7a6fa701/3401a9fc3a34aa858dcf25d576e3b14d5759a56983b66d8897842e0242e4610e.json | _staging/total-read/records-crosswalk/reread-20260728/FUNWAVE-003/FUNWAVE__raw__source_code__FUNWAVE-TVD__simple_cases__vertical_velocity_structure__plot_vertical_profile_paper.m.crosswalk.json,1,models/FUNWAVE/raw/source_code/FUNWAVE-TVD/simple_cases/vertical_velocity_structure/plot_vertical_profile_paper.m,
models/FUNWAVE/raw/source_code/FUNWAVE-TVD/simple_cases/vertical_velocity_structure/plots/.DS_Store,d65165279105ca6773180500688df4bdc69a2c7b771752f0a46ef120b7fd8ec3,6148,application/octet-stream,[none],other-binary-or-data,FUNWAVE-TVD,True,no explicit vendor marker found; retained in denominator,False,False,False,False,False,False,False,False,False,True,False,_staging/total-read/records/binauto-code_FUNWAVE.jsonl,14,models/FUNWAVE/raw/source_code/FUNWAVE-TVD/funwave-work/.DS_Store,models/FUNWAVE/raw/source_code/FUNWAVE-TVD/funwave-work/.DS_Store | models/FUNWAVE/raw/source_code/FUNWAVE-TVD/simple_cases/beach_2d_radiation/.DS_Store | models/FUNWAVE/raw/source_code/FUNWAVE-TVD/simple_cases/rain_on_hills/postprocessing/.DS_Store | models/FUNWAVE/raw/source_code/FUNWAVE-TVD/simple_cases/surface_wave_1d/input_files/.DS_Store | models/FUNWAVE/raw/source_code/FUNWAVE-TVD/simple_cases/tide_abs_1bc_constant/work/.DS_Store | models/FUNWAVE/raw/source_code/FUNWAVE-TVD/simple_cases/tide_abs_2bc_data/.DS_Store | models/FUNWAVE/raw/source_code/FUNWAVE-TVD/simple_cases/tide_frf_abc_data/plots/.DS_Store | models/FUNWAVE/raw/source_code/FUNWAVE-TVD/simple_cases/tide_gen_abs_data/.DS_Store | models/FUNWAVE/raw/source_code/FUNWAVE-TVD/simple_cases/tide_time_spectra/.DS_Store | models/FUNWAVE/raw/source_code/FUNWAVE-TVD/simple_cases/tohoku_tsunami/work/.DS_Store | models/FUNWAVE/raw/source_code/FUNWAVE-TVD/simple_cases/vertical_velocity_structure/plots/.DS_Store | models/FUNWAVE/raw/source_code/FUNWAVE-TVD/simple_cases/vessel_propeller_effect/vessel/.DS_Store | models/FUNWAVE/raw/source_code/FUNWAVE-TVD/simple_cases/vessel_propeller_effect/vessel_propeller/.DS_Store | models/FUNWAVE/raw/source_code/FUNWAVE-TVD/src/.DS_Store
models/FUNWAVE/raw/source_code/FUNWAVE-TVD/simple_cases/vertical_velocity_structure/plots/compare.jpg,56a3722e6160cf9971510333fd224158107d28ff20fc4511331e80e220c34fe2,113703,image/jpeg,.jpg,image-or-media,FUNWAVE-TVD,True,no explicit vendor marker found; retained in denominator,False,False,False,False,False,False,False,False,False,True,False,_staging/total-read/records/binauto-code_FUNWAVE.jsonl,1,models/FUNWAVE/raw/source_code/FUNWAVE-TVD/simple_cases/vertical_velocity_structure/plots/compare.jpg,
models/FUNWAVE/raw/source_code/FUNWAVE-TVD/simple_cases/vertical_velocity_structure/time_dt.out,e3b0c44298fc1c149afbf4c8996fb92427ae41e4649b934ca495991b7852b855,0,inode/x-empty,.out,case-data-or-output,FUNWAVE-TVD,False,no explicit vendor marker found; retained in denominator,False,False,False,False,False,False,False,False,False,False,False,,11,models/FUNWAVE/raw/source_code/FUNWAVE-TVD/benchmarks/car_Nwave_statis/station.txt,models/FUNWAVE/raw/source_code/FUNWAVE-TVD/benchmarks/car_Nwave_statis/station.txt | models/FUNWAVE/raw/source_code/FUNWAVE-TVD/benchmarks/sph_monai_valley/work/depth_blowup.dat | models/FUNWAVE/raw/source_code/FUNWAVE-TVD/benchmarks/sph_sol_plane_mea/breaking/station.txt | models/FUNWAVE/raw/source_code/FUNWAVE-TVD/benchmarks/sph_sol_plane_mea/nonbreaking/station.txt | models/FUNWAVE/raw/source_code/FUNWAVE-TVD/simple_cases/levee_1d/LOG.txt | models/FUNWAVE/raw/source_code/FUNWAVE-TVD/simple_cases/levee_1d/time_dt.out | models/FUNWAVE/raw/source_code/FUNWAVE-TVD/simple_cases/sediment_rip/work/time_dt.out | models/FUNWAVE/raw/source_code/FUNWAVE-TVD/simple_cases/tide_time_spectra/fort.1 | models/FUNWAVE/raw/source_code/FUNWAVE-TVD/simple_cases/tide_time_spectra/fort.500 | models/FUNWAVE/raw/source_code/FUNWAVE-TVD/simple_cases/tohoku_tsunami/work/time_dt.out | models/FUNWAVE/raw/source_code/FUNWAVE-TVD/simple_cases/vertical_velocity_structure/time_dt.out
models/FUNWAVE/raw/source_code/FUNWAVE-TVD/simple_cases/vertical_velocity_structure/wvnum_omvec.m,74ab8fb7fbb92f8cc0545eb2b711dee39f510ea9da43f56a9ab0516d7a8e8d79,306,text/plain,.m,script-source,FUNWAVE-TVD,True,no explicit vendor marker found; retained in denominator,True,True,True,True,True,True,False,False,False,False,True,_staging/total-read/pending/reread-20260728/reread20260728-code-FUNWAVE-003-codexaudit-20260826T022957Z-453e6221/68d28939d2a9d4d066ff7627feddc84b782c257e3d9be5e8b5336f1da6f865a4.json | _staging/total-read/pending/reread-20260728/reread20260728-code-FUNWAVE-003-fable5-20260813T012841Z-7a6fa701/68d28939d2a9d4d066ff7627feddc84b782c257e3d9be5e8b5336f1da6f865a4.json | _staging/total-read/records-crosswalk/reread-20260728/FUNWAVE-003/FUNWAVE__raw__source_code__FUNWAVE-TVD__simple_cases__vertical_velocity_structure__wvnum_omvec.m.crosswalk.json,3,models/FUNWAVE/raw/source_code/FUNWAVE-TVD/simple_cases/IG_waves/2_wave_components/wvnum_omvec.m,models/FUNWAVE/raw/source_code/FUNWAVE-TVD/simple_cases/IG_waves/2_wave_components/wvnum_omvec.m | models/FUNWAVE/raw/source_code/FUNWAVE-TVD/simple_cases/IG_waves/spectral_data/wvnum_omvec.m | models/FUNWAVE/raw/source_code/FUNWAVE-TVD/simple_cases/vertical_velocity_structure/wvnum_omvec.m
models/FUNWAVE/raw/source_code/FUNWAVE-TVD/simple_cases/vessel_deep_draft/input.txt,8f0d39308555b2a63f94765bfa8902124c87c839b178bd9ba4adbda83edf4bb3,2022,text/plain,.txt,documentation-or-build-text,FUNWAVE-TVD,True,no explicit vendor marker found; retained in denominator,False,True,False,False,False,False,True,False,False,False,True,_staging/total-read/pending/reread-20260728/reread20260728-doc-FUNWAVE-013-codex-20260811T021150Z-b62f7865/4a944ebef5bcfc30e729b16a95ddad1c14924fc48780595892fb7888bc1765ca.json,1,models/FUNWAVE/raw/source_code/FUNWAVE-TVD/simple_cases/vessel_deep_draft/input.txt,
models/FUNWAVE/raw/source_code/FUNWAVE-TVD/simple_cases/vessel_deep_draft/strong_test_20m_1d_2d.jpg,95abfa294e3de26d11f4c85ee8ca6458a18bf0ed106c9413f419db9735d45fb5,147486,image/jpeg,.jpg,image-or-media,FUNWAVE-TVD,True,no explicit vendor marker found; retained in denominator,False,False,False,False,False,False,False,False,False,True,False,_staging/total-read/records/binauto-code_FUNWAVE.jsonl,1,models/FUNWAVE/raw/source_code/FUNWAVE-TVD/simple_cases/vessel_deep_draft/strong_test_20m_1d_2d.jpg,
models/FUNWAVE/raw/source_code/FUNWAVE-TVD/simple_cases/vessel_deep_draft/vessel_draft_15m,2320c9a6317db48488f31ca735d81dccfc3b0f25b3b96a7e68d05ab319480112,225,text/plain,[none],other-text,FUNWAVE-TVD,True,no explicit vendor marker found; retained in denominator,False,True,False,False,False,False,True,False,False,False,True,_staging/total-read/pending/reread-20260728/reread20260728-doc-FUNWAVE-013-codex-20260811T021150Z-b62f7865/4ab7c3514bf7aec70f9099abda005cbe370818652023767d6337cacaa004c721.json,1,models/FUNWAVE/raw/source_code/FUNWAVE-TVD/simple_cases/vessel_deep_draft/vessel_draft_15m,
models/FUNWAVE/raw/source_code/FUNWAVE-TVD/simple_cases/vessel_deep_draft/vessel_draft_17m,9ddb53b55f7dc89d188319abb7e5b1952188dddbd1cd4245041e24a20dc61972,225,text/plain,[none],other-text,FUNWAVE-TVD,True,no explicit vendor marker found; retained in denominator,False,True,False,False,False,False,True,False,False,False,True,_staging/total-read/pending/reread-20260728/reread20260728-doc-FUNWAVE-013-codex-20260811T021150Z-b62f7865/fc28af66651943f561df9d48adea6af2f7de0dcae4f8cf95a7144478956fc5f6.json,1,models/FUNWAVE/raw/source_code/FUNWAVE-TVD/simple_cases/vessel_deep_draft/vessel_draft_17m,
models/FUNWAVE/raw/source_code/FUNWAVE-TVD/simple_cases/vessel_deep_draft/vessel_draft_18m,7eb7d74669bbbead5573a95a28f5efcde9e626febb2082940c6f5bb967c98ba4,225,text/plain,[none],other-text,FUNWAVE-TVD,True,no explicit vendor marker found; retained in denominator,False,True,False,False,False,False,True,False,False,False,True,_staging/total-read/pending/reread-20260728/reread20260728-doc-FUNWAVE-013-codex-20260811T021150Z-b62f7865/ac97c5b8c02dbd7346df6a4aa0baf485b7bf8dc20487c3f45a8372e00a13e51d.json,1,models/FUNWAVE/raw/source_code/FUNWAVE-TVD/simple_cases/vessel_deep_draft/vessel_draft_18m,
models/FUNWAVE/raw/source_code/FUNWAVE-TVD/simple_cases/vessel_deep_draft/vessel_draft_20m,67eac8769b71754c79200c8632cf21415eb7188cbdc8bd7dd08283c4cffcb740,225,text/plain,[none],other-text,FUNWAVE-TVD,True,no explicit vendor marker found; retained in denominator,False,True,False,False,False,False,True,False,False,False,True,_staging/total-read/pending/reread-20260728/reread20260728-doc-FUNWAVE-013-codex-20260811T021150Z-b62f7865/56af29edfc27fcb67d2147f9d4685e56420f921540c28417b3fb484c5387b800.json,1,models/FUNWAVE/raw/source_code/FUNWAVE-TVD/simple_cases/vessel_deep_draft/vessel_draft_20m,
models/FUNWAVE/raw/source_code/FUNWAVE-TVD/simple_cases/vessel_flat_bottom/Makefile,945073685489ca1d29f975bf5057390cf69da7718084eb94805bc0da69ba85a4,4025,text/x-file,[none],documentation-or-build-text,FUNWAVE-TVD,True,no explicit vendor marker found; retained in denominator,False,True,False,False,False,False,True,False,False,False,True,_staging/total-read/pending/reread-20260728/reread20260728-doc-FUNWAVE-013-codex-20260811T021150Z-b62f7865/98cd226cb186623a4b112b000cff34d58501cbf7f7b797aa9c44127a5fea262c.json,3,models/FUNWAVE/raw/source_code/FUNWAVE-TVD/simple_cases/vessel_flat_bottom/Makefile,models/FUNWAVE/raw/source_code/FUNWAVE-TVD/simple_cases/vessel_flat_bottom/Makefile | models/FUNWAVE/raw/source_code/FUNWAVE-TVD/simple_cases/vessel_island_beach/Makefile | models/FUNWAVE/raw/source_code/FUNWAVE-TVD/simple_cases/vessel_types_compare/Makefile
models/FUNWAVE/raw/source_code/FUNWAVE-TVD/simple_cases/vessel_flat_bottom/input.txt,c1c59e318a6043ee0a29e9da3aa78d7bf9c3e6b3577c432922948bc1647bec01,1679,text/plain,.txt,documentation-or-build-text,FUNWAVE-TVD,True,no explicit vendor marker found; retained in denominator,False,True,False,False,False,False,True,False,False,False,True,_staging/total-read/pending/reread-20260728/reread20260728-doc-FUNWAVE-013-codex-20260811T021150Z-b62f7865/bfa546bc4db56a9215281e01ee5f847cd38dec50becf71973cd9e4eed2836988.json,1,models/FUNWAVE/raw/source_code/FUNWAVE-TVD/simple_cases/vessel_flat_bottom/input.txt,
models/FUNWAVE/raw/source_code/FUNWAVE-TVD/simple_cases/vessel_flat_bottom/postprocessing/eta_flat_vessel.png,9f3b44d61951878dfef2ca640330ba9ac347be078fe3e5507239c8cc751b257b,211215,image/png,.png,image-or-media,FUNWAVE-TVD,True,no explicit vendor marker found; retained in denominator,False,False,False,False,False,False,False,False,False,True,False,_staging/total-read/records/binauto-code_FUNWAVE.jsonl,2,models/FUNWAVE/raw/source_code/FUNWAVE-TVD/simple_cases/vessel_flat_bottom/postprocessing/eta_flat_vessel.png,models/FUNWAVE/raw/source_code/FUNWAVE-TVD/simple_cases/vessel_flat_bottom/postprocessing/eta_flat_vessel.png | models/FUNWAVE/raw/source_code/FUNWAVE-TVD/simple_cases/vessel_types_compare/postprocessing/eta_flat_vessel.png
models/FUNWAVE/raw/source_code/FUNWAVE-TVD/simple_cases/vessel_flat_bottom/postprocessing/plot_wave_vessel.m,eecb563392b66db319c8a573692c6e9a1a268d6068ae0d336fcc47c1a5042fff,628,text/plain,.m,script-source,FUNWAVE-TVD,True,no explicit vendor marker found; retained in denominator,True,True,True,True,True,True,False,False,False,False,True,_staging/total-read/pending/reread-20260728/reread20260728-code-FUNWAVE-003-codexaudit-20260826T022957Z-453e6221/da77b00ebc0c39b157bd68445a5e55ea4ffe76bd25728ed90d188fe45ca69cb7.json | _staging/total-read/pending/reread-20260728/reread20260728-code-FUNWAVE-003-fable5-20260813T012841Z-7a6fa701/da77b00ebc0c39b157bd68445a5e55ea4ffe76bd25728ed90d188fe45ca69cb7.json | _staging/total-read/records-crosswalk/reread-20260728/FUNWAVE-003/FUNWAVE__raw__source_code__FUNWAVE-TVD__simple_cases__vessel_flat_bottom__postprocessing__plot_wave_vessel.m.crosswalk.json,1,models/FUNWAVE/raw/source_code/FUNWAVE-TVD/simple_cases/vessel_flat_bottom/postprocessing/plot_wave_vessel.m,
models/FUNWAVE/raw/source_code/FUNWAVE-TVD/simple_cases/vessel_flat_bottom/postprocessing/plot_wave_vessel.py,fe6e190a91abaccca43abddccf406d37b0cef4d8643e5a986fae2ee97a979b2c,1373,text/plain,.py,script-source,FUNWAVE-TVD,True,no explicit vendor marker found; retained in denominator,True,True,True,True,True,True,False,False,False,False,True,_staging/total-read/pending/reread-20260728/reread20260728-code-FUNWAVE-003-codexaudit-20260826T022957Z-453e6221/68242b593f576a9068df351f7cf0a2c7a258ace9a5fd4c3b4a94d12e30e79c61.json | _staging/total-read/pending/reread-20260728/reread20260728-code-FUNWAVE-003-fable5-20260813T012841Z-7a6fa701/68242b593f576a9068df351f7cf0a2c7a258ace9a5fd4c3b4a94d12e30e79c61.json | _staging/total-read/records-crosswalk/reread-20260728/FUNWAVE-003/FUNWAVE__raw__source_code__FUNWAVE-TVD__simple_cases__vessel_flat_bottom__postprocessing__plot_wave_vessel.py.crosswalk.json,2,models/FUNWAVE/raw/source_code/FUNWAVE-TVD/simple_cases/vessel_flat_bottom/postprocessing/plot_wave_vessel.py,models/FUNWAVE/raw/source_code/FUNWAVE-TVD/simple_cases/vessel_flat_bottom/postprocessing/plot_wave_vessel.py | models/FUNWAVE/raw/source_code/FUNWAVE-TVD/simple_cases/vessel_types_compare/postprocessing/plot_wave_vessel.py
models/FUNWAVE/raw/source_code/FUNWAVE-TVD/simple_cases/vessel_flat_bottom/postprocessing/plot_wave_vessel_commented.m,bcd6ed6b5cf95ea1e6f2f87b4a8205d2c73dba0b2eeb1ae2e38f060905a31b5b,1117,text/plain,.m,script-source,FUNWAVE-TVD,True,no explicit vendor marker found; retained in denominator,True,True,True,True,True,True,False,False,False,False,True,_staging/total-read/pending/reread-20260728/reread20260728-code-FUNWAVE-003-codexaudit-20260826T022957Z-453e6221/7e88827a7f651b296e1dff3cb0eee08afcd42da2cf786e4e0612425f7aee8137.json | _staging/total-read/pending/reread-20260728/reread20260728-code-FUNWAVE-003-fable5-20260813T012841Z-7a6fa701/7e88827a7f651b296e1dff3cb0eee08afcd42da2cf786e4e0612425f7aee8137.json | _staging/total-read/records-crosswalk/reread-20260728/FUNWAVE-003/FUNWAVE__raw__source_code__FUNWAVE-TVD__simple_cases__vessel_flat_bottom__postprocessing__plot_wave_vessel_commented.m.crosswalk.json,2,models/FUNWAVE/raw/source_code/FUNWAVE-TVD/simple_cases/vessel_flat_bottom/postprocessing/plot_wave_vessel_commented.m,models/FUNWAVE/raw/source_code/FUNWAVE-TVD/simple_cases/vessel_flat_bottom/postprocessing/plot_wave_vessel_commented.m | models/FUNWAVE/raw/source_code/FUNWAVE-TVD/simple_cases/vessel_types_compare/postprocessing/plot_wave_vessel_commented.m
models/FUNWAVE/raw/source_code/FUNWAVE-TVD/simple_cases/vessel_flat_bottom/vessel_00001,adc17bc45aaeba3cf37c06439b535fa21f999892964ac242949bfd150a8cba56,219,text/plain,[none],other-text,FUNWAVE-TVD,True,no explicit vendor marker found; retained in denominator,False,True,False,False,False,False,True,False,False,False,True,_staging/total-read/pending/reread-20260728/reread20260728-doc-FUNWAVE-013-codex-20260811T021150Z-b62f7865/cd4f79ed9c2f4cd9d3dfb6810355c7b2be43bcb0567bb8cf7099e78b634e3e6b.json,1,models/FUNWAVE/raw/source_code/FUNWAVE-TVD/simple_cases/vessel_flat_bottom/vessel_00001,
models/FUNWAVE/raw/source_code/FUNWAVE-TVD/simple_cases/vessel_flat_bottom/vessel_00002,c7e5acd75c7bee4a35569bbf8e264b653aeee8af6e5355407c779fd87c195543,217,text/plain,[none],other-text,FUNWAVE-TVD,True,no explicit vendor marker found; retained in denominator,False,True,False,False,False,False,True,False,False,False,True,_staging/total-read/pending/reread-20260728/reread20260728-doc-FUNWAVE-013-codex-20260811T021150Z-b62f7865/2ad82a3c8a243dff8ac6af556b5983b913541c7ae06d74fd24174515bb865030.json,1,models/FUNWAVE/raw/source_code/FUNWAVE-TVD/simple_cases/vessel_flat_bottom/vessel_00002,
models/FUNWAVE/raw/source_code/FUNWAVE-TVD/simple_cases/vessel_island_beach/Makefile,945073685489ca1d29f975bf5057390cf69da7718084eb94805bc0da69ba85a4,4025,text/x-file,[none],documentation-or-build-text,FUNWAVE-TVD,True,no explicit vendor marker found; retained in denominator,False,True,False,False,False,False,True,False,False,False,True,_staging/total-read/pending/reread-20260728/reread20260728-doc-FUNWAVE-013-codex-20260811T021150Z-b62f7865/28fe76b340b182ed1e5f361f93ce09c1c863a8d9caf949b39173e3e0048d38cf.json,3,models/FUNWAVE/raw/source_code/FUNWAVE-TVD/simple_cases/vessel_flat_bottom/Makefile,models/FUNWAVE/raw/source_code/FUNWAVE-TVD/simple_cases/vessel_flat_bottom/Makefile | models/FUNWAVE/raw/source_code/FUNWAVE-TVD/simple_cases/vessel_island_beach/Makefile | models/FUNWAVE/raw/source_code/FUNWAVE-TVD/simple_cases/vessel_types_compare/Makefile
models/FUNWAVE/raw/source_code/FUNWAVE-TVD/simple_cases/vessel_island_beach/depth.txt,82240f4e164363c22aa63e3574969c4717aeabc7e4f31e3fadec157332560807,4000500,text/plain,.txt,documentation-or-build-text,FUNWAVE-TVD,True,no explicit vendor marker found; retained in denominator,False,True,False,False,False,False,False,False,False,True,False,_staging/total-read/records/numgrid-FUNWAVE-20260728.jsonl,1,models/FUNWAVE/raw/source_code/FUNWAVE-TVD/simple_cases/vessel_island_beach/depth.txt,
models/FUNWAVE/raw/source_code/FUNWAVE-TVD/simple_cases/vessel_island_beach/input.txt,5dde1f7c0ffcd69df203ff744e42ac776b62f3c41d24ab97acf3e23bbd62f9e6,1700,text/plain,.txt,documentation-or-build-text,FUNWAVE-TVD,True,no explicit vendor marker found; retained in denominator,False,True,False,False,False,False,True,False,False,False,True,_staging/total-read/pending/reread-20260728/reread20260728-doc-FUNWAVE-013-codex-20260811T021150Z-b62f7865/19cbb189f031466aa1addd9cfd070e331b12aee8310987c8516bd7e24a8db68a.json,1,models/FUNWAVE/raw/source_code/FUNWAVE-TVD/simple_cases/vessel_island_beach/input.txt,
models/FUNWAVE/raw/source_code/FUNWAVE-TVD/simple_cases/vessel_island_beach/postprocessing/depth.txt,8296a75b2ad78b6cbf2b0407a416623d430b7e4be991198664e9990cc5313d14,6312844,text/plain,.txt,documentation-or-build-text,FUNWAVE-TVD,True,no explicit vendor marker found; retained in denominator,False,True,False,False,False,False,False,False,False,True,False,_staging/total-read/records/numgrid-FUNWAVE-20260728.jsonl,1,models/FUNWAVE/raw/source_code/FUNWAVE-TVD/simple_cases/vessel_island_beach/postprocessing/depth.txt,
models/FUNWAVE/raw/source_code/FUNWAVE-TVD/simple_cases/vessel_island_beach/postprocessing/fig_eta_0031.jpg,f45b9e20c4dd59dca233ee3451bc021e1da32ae1f14a0f13ed1d864ad47b3135,137286,image/jpeg,.jpg,image-or-media,FUNWAVE-TVD,True,no explicit vendor marker found; retained in denominator,False,False,False,False,False,False,False,False,False,True,False,_staging/total-read/records/binauto-code_FUNWAVE.jsonl,1,models/FUNWAVE/raw/source_code/FUNWAVE-TVD/simple_cases/vessel_island_beach/postprocessing/fig_eta_0031.jpg,
models/FUNWAVE/raw/source_code/FUNWAVE-TVD/simple_cases/vessel_island_beach/postprocessing/mk_depth.m,25224cf7470806674e0cae6575cc4e1f0e715adc0c3ba601c85709c172acc769,1088,text/plain,.m,script-source,FUNWAVE-TVD,True,no explicit vendor marker found; retained in denominator,True,True,True,True,True,True,False,False,False,False,True,_staging/total-read/pending/reread-20260728/reread20260728-code-FUNWAVE-003-codexaudit-20260826T022957Z-453e6221/1ac51103b152c420ebc8cf8c4768d559c8b6eb92aaa71f61e5a2ecaedc4c54e5.json | _staging/total-read/pending/reread-20260728/reread20260728-code-FUNWAVE-003-fable5-20260813T012841Z-7a6fa701/1ac51103b152c420ebc8cf8c4768d559c8b6eb92aaa71f61e5a2ecaedc4c54e5.json | _staging/total-read/records-crosswalk/reread-20260728/FUNWAVE-003/FUNWAVE__raw__source_code__FUNWAVE-TVD__simple_cases__vessel_island_beach__postprocessing__mk_depth.m.crosswalk.json,1,models/FUNWAVE/raw/source_code/FUNWAVE-TVD/simple_cases/vessel_island_beach/postprocessing/mk_depth.m,
models/FUNWAVE/raw/source_code/FUNWAVE-TVD/simple_cases/vessel_island_beach/postprocessing/mk_depth.png,b5051437232b17b1605dfb2a6d319d45c1caeb2e2c0dc92b86b69c579a1ba5f3,140082,image/png,.png,image-or-media,FUNWAVE-TVD,True,no explicit vendor marker found; retained in denominator,False,False,False,False,False,False,False,False,False,True,False,_staging/total-read/records/binauto-code_FUNWAVE.jsonl,1,models/FUNWAVE/raw/source_code/FUNWAVE-TVD/simple_cases/vessel_island_beach/postprocessing/mk_depth.png,
models/FUNWAVE/raw/source_code/FUNWAVE-TVD/simple_cases/vessel_island_beach/postprocessing/mk_depth.py,e4e39faa6ab4fe52a2fdb1498707514888df35830231c2bd19707dc4557afa93,2065,text/plain,.py,script-source,FUNWAVE-TVD,True,no explicit vendor marker found; retained in denominator,True,True,True,True,True,True,False,False,False,False,True,_staging/total-read/pending/reread-20260728/reread20260728-code-FUNWAVE-003-codexaudit-20260826T022957Z-453e6221/bb57eca2ea0f581ecf54e7615048dd6edf2be3e79aeb530ac79f4c7ad7beadc9.json | _staging/total-read/pending/reread-20260728/reread20260728-code-FUNWAVE-003-fable5-20260813T012841Z-7a6fa701/bb57eca2ea0f581ecf54e7615048dd6edf2be3e79aeb530ac79f4c7ad7beadc9.json | _staging/total-read/records-crosswalk/reread-20260728/FUNWAVE-003/FUNWAVE__raw__source_code__FUNWAVE-TVD__simple_cases__vessel_island_beach__postprocessing__mk_depth.py.crosswalk.json,1,models/FUNWAVE/raw/source_code/FUNWAVE-TVD/simple_cases/vessel_island_beach/postprocessing/mk_depth.py,
models/FUNWAVE/raw/source_code/FUNWAVE-TVD/simple_cases/vessel_island_beach/postprocessing/mk_depth_commented.m,7bec7eb3a3bba1125d79af49b4cce680af25f3fea69e66c2d1effb3cd631ce92,2054,text/plain,.m,script-source,FUNWAVE-TVD,True,no explicit vendor marker found; retained in denominator,True,True,True,True,True,True,False,False,False,False,True,_staging/total-read/pending/reread-20260728/reread20260728-code-FUNWAVE-003-codexaudit-20260826T022957Z-453e6221/4c5900a8c5976d0bca5dff9c167ccbb5aa004180e5c0e215577e6ce9930df586.json | _staging/total-read/pending/reread-20260728/reread20260728-code-FUNWAVE-003-fable5-20260813T012841Z-7a6fa701/4c5900a8c5976d0bca5dff9c167ccbb5aa004180e5c0e215577e6ce9930df586.json | _staging/total-read/records-crosswalk/reread-20260728/FUNWAVE-003/FUNWAVE__raw__source_code__FUNWAVE-TVD__simple_cases__vessel_island_beach__postprocessing__mk_depth_commented.m.crosswalk.json,1,models/FUNWAVE/raw/source_code/FUNWAVE-TVD/simple_cases/vessel_island_beach/postprocessing/mk_depth_commented.m,
models/FUNWAVE/raw/source_code/FUNWAVE-TVD/simple_cases/vessel_island_beach/postprocessing/plot_wave_vessel_island.m,43a141a2aac6654aecfc3dbd486867baefcdca2ca237a533fd82d0637cc7eb4c,1109,text/plain,.m,script-source,FUNWAVE-TVD,True,no explicit vendor marker found; retained in denominator,True,True,True,True,True,True,False,False,False,False,True,_staging/total-read/pending/reread-20260728/reread20260728-code-FUNWAVE-003-codexaudit-20260826T022957Z-453e6221/82a0d39b8068b2b50900f0eb8a428d2fba88b3303ec93cca28aa8c53ac427914.json | _staging/total-read/pending/reread-20260728/reread20260728-code-FUNWAVE-003-fable5-20260813T012841Z-7a6fa701/82a0d39b8068b2b50900f0eb8a428d2fba88b3303ec93cca28aa8c53ac427914.json | _staging/total-read/records-crosswalk/reread-20260728/FUNWAVE-003/FUNWAVE__raw__source_code__FUNWAVE-TVD__simple_cases__vessel_island_beach__postprocessing__plot_wave_vessel_island.m.crosswalk.json,1,models/FUNWAVE/raw/source_code/FUNWAVE-TVD/simple_cases/vessel_island_beach/postprocessing/plot_wave_vessel_island.m,
models/FUNWAVE/raw/source_code/FUNWAVE-TVD/simple_cases/vessel_island_beach/postprocessing/plot_wave_vessel_island.py,27cbd7a5cb3d293e3e1fa7d2dfdd1f04727559beae0b976afa062f2f96272897,1633,text/plain,.py,script-source,FUNWAVE-TVD,True,no explicit vendor marker found; retained in denominator,True,True,True,True,True,True,False,False,False,False,True,_staging/total-read/pending/reread-20260728/reread20260728-code-FUNWAVE-003-codexaudit-20260826T022957Z-453e6221/826403e9e5281a0ebefd786c618e8cc754140b721b84a491a4b55e305b750c49.json | _staging/total-read/pending/reread-20260728/reread20260728-code-FUNWAVE-003-fable5-20260813T012841Z-7a6fa701/826403e9e5281a0ebefd786c618e8cc754140b721b84a491a4b55e305b750c49.json | _staging/total-read/records-crosswalk/reread-20260728/FUNWAVE-003/FUNWAVE__raw__source_code__FUNWAVE-TVD__simple_cases__vessel_island_beach__postprocessing__plot_wave_vessel_island.py.crosswalk.json,1,models/FUNWAVE/raw/source_code/FUNWAVE-TVD/simple_cases/vessel_island_beach/postprocessing/plot_wave_vessel_island.py,
models/FUNWAVE/raw/source_code/FUNWAVE-TVD/simple_cases/vessel_island_beach/postprocessing/plot_wave_vessel_island_commented.m,fd8b9a4ec611c26135f9b9c401e03231f7509938e6b747b93ae086c8378e0b6d,1918,text/plain,.m,script-source,FUNWAVE-TVD,True,no explicit vendor marker found; retained in denominator,True,True,True,True,True,True,False,False,False,False,True,_staging/total-read/pending/reread-20260728/reread20260728-code-FUNWAVE-003-codexaudit-20260826T022957Z-453e6221/318dc9ae4fee910a697f2c6f41f65609179714ac31cc239a45e9dd373ae3095f.json | _staging/total-read/pending/reread-20260728/reread20260728-code-FUNWAVE-003-fable5-20260813T012841Z-7a6fa701/318dc9ae4fee910a697f2c6f41f65609179714ac31cc239a45e9dd373ae3095f.json | _staging/total-read/records-crosswalk/reread-20260728/FUNWAVE-003/FUNWAVE__raw__source_code__FUNWAVE-TVD__simple_cases__vessel_island_beach__postprocessing__plot_wave_vessel_island_commented.m.crosswalk.json,1,models/FUNWAVE/raw/source_code/FUNWAVE-TVD/simple_cases/vessel_island_beach/postprocessing/plot_wave_vessel_island_commented.m,
models/FUNWAVE/raw/source_code/FUNWAVE-TVD/simple_cases/vessel_island_beach/vessel_00001,fa77d05ee0eb3cab83238775a02ab20b4bca4d021e66f5a313d303d73550faa8,14871,text/plain,[none],other-text,FUNWAVE-TVD,True,no explicit vendor marker found; retained in denominator,False,True,False,False,False,False,True,False,False,False,True,_staging/total-read/pending/reread-20260728/reread20260728-doc-FUNWAVE-013-codex-20260811T021150Z-b62f7865/50c98e8d3537601a2f2cc737f8317f8191358d956fee531d1482cd62e8bf1da0.json,1,models/FUNWAVE/raw/source_code/FUNWAVE-TVD/simple_cases/vessel_island_beach/vessel_00001,
models/FUNWAVE/raw/source_code/FUNWAVE-TVD/simple_cases/vessel_propeller_effect/.DS_Store,678f29088fa69b3e8f1523d02e9df0b3195bed15e6032d5874179a7ab629249e,6148,application/octet-stream,[none],other-binary-or-data,FUNWAVE-TVD,True,no explicit vendor marker found; retained in denominator,False,False,False,False,False,False,False,False,False,True,False,_staging/total-read/records/binauto-code_FUNWAVE.jsonl,1,models/FUNWAVE/raw/source_code/FUNWAVE-TVD/simple_cases/vessel_propeller_effect/.DS_Store,
models/FUNWAVE/raw/source_code/FUNWAVE-TVD/simple_cases/vessel_propeller_effect/Grid_Range.out,8c5f29acb83f54464bc3a52559ca641a9a9536e6fec3f1eb1b1dda6cd21b20c4,178,text/plain,.out,case-data-or-output,FUNWAVE-TVD,True,no explicit vendor marker found; retained in denominator,False,True,False,False,False,False,True,False,False,False,True,_staging/total-read/pending/reread-20260728/reread20260728-doc-FUNWAVE-013-codex-20260811T021150Z-b62f7865/641bed5fff1b63d586a1ed673f32c85148a9a8ed4bfc9e9e28bfa62829fc2643.json,1,models/FUNWAVE/raw/source_code/FUNWAVE-TVD/simple_cases/vessel_propeller_effect/Grid_Range.out,
models/FUNWAVE/raw/source_code/FUNWAVE-TVD/simple_cases/vessel_propeller_effect/LOG.txt,5172f2995879dcb1010b68410827a3befa72041f35d53afcaa912f6360e61614,19051,text/plain,.txt,documentation-or-build-text,FUNWAVE-TVD,True,no explicit vendor marker found; retained in denominator,False,True,False,False,False,False,True,False,False,False,True,_staging/total-read/pending/reread-20260728/reread20260728-doc-FUNWAVE-013-codex-20260811T021150Z-b62f7865/0775ac63876ee18107a6c47550616920f549eddd73e3e0ba8ee26c9896dc493c.json,1,models/FUNWAVE/raw/source_code/FUNWAVE-TVD/simple_cases/vessel_propeller_effect/LOG.txt,
models/FUNWAVE/raw/source_code/FUNWAVE-TVD/simple_cases/vessel_propeller_effect/Makefile,eafd1c53815064c29b058a143c55827b9f7c01fc12aa8cdbfdb05bb1f9f422bf,4044,text/x-file,[none],documentation-or-build-text,FUNWAVE-TVD,True,no explicit vendor marker found; retained in denominator,False,True,False,False,False,False,True,False,False,False,True,_staging/total-read/pending/reread-20260728/reread20260728-doc-FUNWAVE-013-codex-20260811T021150Z-b62f7865/f429a63826fc3dd3d0e5f64c2bdfb991ce15230339249827dbdcdc78126825fb.json,1,models/FUNWAVE/raw/source_code/FUNWAVE-TVD/simple_cases/vessel_propeller_effect/Makefile,
models/FUNWAVE/raw/source_code/FUNWAVE-TVD/simple_cases/vessel_propeller_effect/compare_propeller.jpg,0646ebcdb78b3357ec7371b17aa5cd53e8a17cc9c19fb6706b7d7bc783c38e95,576680,image/jpeg,.jpg,image-or-media,FUNWAVE-TVD,True,no explicit vendor marker found; retained in denominator,False,False,False,False,False,False,False,False,False,True,False,_staging/total-read/records/binauto-code_FUNWAVE.jsonl,1,models/FUNWAVE/raw/source_code/FUNWAVE-TVD/simple_cases/vessel_propeller_effect/compare_propeller.jpg,
models/FUNWAVE/raw/source_code/FUNWAVE-TVD/simple_cases/vessel_propeller_effect/input.txt,334a57a27a7213426256ec8bcc71be1fce183e676f8230ab3cc8ff7821f86e63,8027,text/plain,.txt,documentation-or-build-text,FUNWAVE-TVD,True,no explicit vendor marker found; retained in denominator,False,True,False,False,False,False,True,False,False,False,True,_staging/total-read/pending/reread-20260728/reread20260728-doc-FUNWAVE-014-codex-20260811T022237Z-ac043304/edbe743ff62927b9ae37a5bd78bab440c697ac83a3b3b597aaffe7fcf1cc7318.json,1,models/FUNWAVE/raw/source_code/FUNWAVE-TVD/simple_cases/vessel_propeller_effect/input.txt,
models/FUNWAVE/raw/source_code/FUNWAVE-TVD/simple_cases/vessel_propeller_effect/input_nopropeller.txt,73d7f1d39acf319d58f983e1d5b82656919e0b9922e4a02a916cd50db6cda2ea,8017,text/plain,.txt,documentation-or-build-text,FUNWAVE-TVD,True,no explicit vendor marker found; retained in denominator,False,True,False,False,False,False,True,False,False,False,True,_staging/total-read/pending/reread-20260728/reread20260728-doc-FUNWAVE-014-codex-20260811T022237Z-ac043304/9152a0dbff78d24f7fdab7499a9dfd95fae17c3890a2cf28263b3548085c1287.json,1,models/FUNWAVE/raw/source_code/FUNWAVE-TVD/simple_cases/vessel_propeller_effect/input_nopropeller.txt,
models/FUNWAVE/raw/source_code/FUNWAVE-TVD/simple_cases/vessel_propeller_effect/movie_wave_morph.m,7dd5eceb050ac0624da4d4c0d72d70e71cd2c207643402eff997c0c6c73664e5,1618,text/plain,.m,script-source,FUNWAVE-TVD,True,no explicit vendor marker found; retained in denominator,True,True,True,True,True,True,False,False,False,False,True,_staging/total-read/pending/reread-20260728/reread20260728-code-FUNWAVE-003-codexaudit-20260826T022957Z-453e6221/bf3a7d9f27d8b47f037f9e7f207955b5b0a2e3d65bda3bbd6a3f57e2b07dd03c.json | _staging/total-read/pending/reread-20260728/reread20260728-code-FUNWAVE-003-fable5-20260813T012841Z-7a6fa701/bf3a7d9f27d8b47f037f9e7f207955b5b0a2e3d65bda3bbd6a3f57e2b07dd03c.json | _staging/total-read/records-crosswalk/reread-20260728/FUNWAVE-003/FUNWAVE__raw__source_code__FUNWAVE-TVD__simple_cases__vessel_propeller_effect__movie_wave_morph.m.crosswalk.json,1,models/FUNWAVE/raw/source_code/FUNWAVE-TVD/simple_cases/vessel_propeller_effect/movie_wave_morph.m,
models/FUNWAVE/raw/source_code/FUNWAVE-TVD/simple_cases/vessel_propeller_effect/plot_wave.m,dcafa61d3a7beab5390a2ed7e3c04699d7fdb803a68fc9de543c50ce04372501,2214,text/plain,.m,script-source,FUNWAVE-TVD,True,no explicit vendor marker found; retained in denominator,True,True,True,True,True,True,False,False,False,False,True,_staging/total-read/pending/reread-20260728/reread20260728-code-FUNWAVE-003-codexaudit-20260826T022957Z-453e6221/85de64567999116a2904eaa4d1abb53d97d9ecc10c72b4c841c0a09791ed7ee5.json | _staging/total-read/pending/reread-20260728/reread20260728-code-FUNWAVE-003-fable5-20260813T012841Z-7a6fa701/85de64567999116a2904eaa4d1abb53d97d9ecc10c72b4c841c0a09791ed7ee5.json | _staging/total-read/records-crosswalk/reread-20260728/FUNWAVE-003/FUNWAVE__raw__source_code__FUNWAVE-TVD__simple_cases__vessel_propeller_effect__plot_wave.m.crosswalk.json,1,models/FUNWAVE/raw/source_code/FUNWAVE-TVD/simple_cases/vessel_propeller_effect/plot_wave.m,
models/FUNWAVE/raw/source_code/FUNWAVE-TVD/simple_cases/vessel_propeller_effect/time_dt.out,1451f0cf89065700f3d169ba046acdadf8865d5876d71a32c49384cd2a055816,2800,text/plain,.out,case-data-or-output,FUNWAVE-TVD,True,no explicit vendor marker found; retained in denominator,False,True,False,False,False,False,True,False,False,False,True,_staging/total-read/pending/reread-20260728/reread20260728-doc-FUNWAVE-014-codex-20260811T022237Z-ac043304/00b43e9ae96c9a6e4754b00e5e7760d5372435b4d0f1776d0af5578e51ea752d.json,1,models/FUNWAVE/raw/source_code/FUNWAVE-TVD/simple_cases/vessel_propeller_effect/time_dt.out,
models/FUNWAVE/raw/source_code/FUNWAVE-TVD/simple_cases/vessel_propeller_effect/vessel/.DS_Store,d65165279105ca6773180500688df4bdc69a2c7b771752f0a46ef120b7fd8ec3,6148,application/octet-stream,[none],other-binary-or-data,FUNWAVE-TVD,True,no explicit vendor marker found; retained in denominator,False,False,False,False,False,False,False,False,False,True,False,_staging/total-read/records/binauto-code_FUNWAVE.jsonl,14,models/FUNWAVE/raw/source_code/FUNWAVE-TVD/funwave-work/.DS_Store,models/FUNWAVE/raw/source_code/FUNWAVE-TVD/funwave-work/.DS_Store | models/FUNWAVE/raw/source_code/FUNWAVE-TVD/simple_cases/beach_2d_radiation/.DS_Store | models/FUNWAVE/raw/source_code/FUNWAVE-TVD/simple_cases/rain_on_hills/postprocessing/.DS_Store | models/FUNWAVE/raw/source_code/FUNWAVE-TVD/simple_cases/surface_wave_1d/input_files/.DS_Store | models/FUNWAVE/raw/source_code/FUNWAVE-TVD/simple_cases/tide_abs_1bc_constant/work/.DS_Store | models/FUNWAVE/raw/source_code/FUNWAVE-TVD/simple_cases/tide_abs_2bc_data/.DS_Store | models/FUNWAVE/raw/source_code/FUNWAVE-TVD/simple_cases/tide_frf_abc_data/plots/.DS_Store | models/FUNWAVE/raw/source_code/FUNWAVE-TVD/simple_cases/tide_gen_abs_data/.DS_Store | models/FUNWAVE/raw/source_code/FUNWAVE-TVD/simple_cases/tide_time_spectra/.DS_Store | models/FUNWAVE/raw/source_code/FUNWAVE-TVD/simple_cases/tohoku_tsunami/work/.DS_Store | models/FUNWAVE/raw/source_code/FUNWAVE-TVD/simple_cases/vertical_velocity_structure/plots/.DS_Store | models/FUNWAVE/raw/source_code/FUNWAVE-TVD/simple_cases/vessel_propeller_effect/vessel/.DS_Store | models/FUNWAVE/raw/source_code/FUNWAVE-TVD/simple_cases/vessel_propeller_effect/vessel_propeller/.DS_Store | models/FUNWAVE/raw/source_code/FUNWAVE-TVD/src/.DS_Store
models/FUNWAVE/raw/source_code/FUNWAVE-TVD/simple_cases/vessel_propeller_effect/vessel/vessel_00001,d9d1ef119a4c65d1aa520a72eba4c9c91337507bd9f4e3ad1ed41ce70bb0427d,397,text/plain,[none],other-text,FUNWAVE-TVD,True,no explicit vendor marker found; retained in denominator,False,True,False,False,False,False,True,False,False,False,True,_staging/total-read/pending/reread-20260728/reread20260728-doc-FUNWAVE-014-codex-20260811T022237Z-ac043304/119f71646895fb633a604ec03c7148481a7f3480110d5f2eead394712590a995.json,1,models/FUNWAVE/raw/source_code/FUNWAVE-TVD/simple_cases/vessel_propeller_effect/vessel/vessel_00001,
models/FUNWAVE/raw/source_code/FUNWAVE-TVD/simple_cases/vessel_propeller_effect/vessel/vessel_00002,130616e4bc4e3bf1985d6ef1b256b498a85b99039a724dec356b76b1e70b7fd6,395,text/plain,[none],other-text,FUNWAVE-TVD,True,no explicit vendor marker found; retained in denominator,False,True,False,False,False,False,True,False,False,False,True,_staging/total-read/pending/reread-20260728/reread20260728-doc-FUNWAVE-014-codex-20260811T022237Z-ac043304/dfc38d8ad2292c0779241fd2fb8604d74ddaeca4e626836304ae58175cd80e4c.json,1,models/FUNWAVE/raw/source_code/FUNWAVE-TVD/simple_cases/vessel_propeller_effect/vessel/vessel_00002,
models/FUNWAVE/raw/source_code/FUNWAVE-TVD/simple_cases/vessel_propeller_effect/vessel_propeller/.DS_Store,d65165279105ca6773180500688df4bdc69a2c7b771752f0a46ef120b7fd8ec3,6148,application/octet-stream,[none],other-binary-or-data,FUNWAVE-TVD,True,no explicit vendor marker found; retained in denominator,False,False,False,False,False,False,False,False,False,True,False,_staging/total-read/records/binauto-code_FUNWAVE.jsonl,14,models/FUNWAVE/raw/source_code/FUNWAVE-TVD/funwave-work/.DS_Store,models/FUNWAVE/raw/source_code/FUNWAVE-TVD/funwave-work/.DS_Store | models/FUNWAVE/raw/source_code/FUNWAVE-TVD/simple_cases/beach_2d_radiation/.DS_Store | models/FUNWAVE/raw/source_code/FUNWAVE-TVD/simple_cases/rain_on_hills/postprocessing/.DS_Store | models/FUNWAVE/raw/source_code/FUNWAVE-TVD/simple_cases/surface_wave_1d/input_files/.DS_Store | models/FUNWAVE/raw/source_code/FUNWAVE-TVD/simple_cases/tide_abs_1bc_constant/work/.DS_Store | models/FUNWAVE/raw/source_code/FUNWAVE-TVD/simple_cases/tide_abs_2bc_data/.DS_Store | models/FUNWAVE/raw/source_code/FUNWAVE-TVD/simple_cases/tide_frf_abc_data/plots/.DS_Store | models/FUNWAVE/raw/source_code/FUNWAVE-TVD/simple_cases/tide_gen_abs_data/.DS_Store | models/FUNWAVE/raw/source_code/FUNWAVE-TVD/simple_cases/tide_time_spectra/.DS_Store | models/FUNWAVE/raw/source_code/FUNWAVE-TVD/simple_cases/tohoku_tsunami/work/.DS_Store | models/FUNWAVE/raw/source_code/FUNWAVE-TVD/simple_cases/vertical_velocity_structure/plots/.DS_Store | models/FUNWAVE/raw/source_code/FUNWAVE-TVD/simple_cases/vessel_propeller_effect/vessel/.DS_Store | models/FUNWAVE/raw/source_code/FUNWAVE-TVD/simple_cases/vessel_propeller_effect/vessel_propeller/.DS_Store | models/FUNWAVE/raw/source_code/FUNWAVE-TVD/src/.DS_Store
models/FUNWAVE/raw/source_code/FUNWAVE-TVD/simple_cases/vessel_propeller_effect/vessel_propeller/vessel_00001,6ddd3608f82427daf7863fce136a4c7102657bb771faa298b7cea624cd5e945c,504,text/plain,[none],other-text,FUNWAVE-TVD,True,no explicit vendor marker found; retained in denominator,False,True,False,False,False,False,True,False,False,False,True,_staging/total-read/pending/reread-20260728/reread20260728-doc-FUNWAVE-014-codex-20260811T022237Z-ac043304/4c95cb5965fb1f0f87e9d165277dca6c62200f9ca5aeba0f1913e3613067479e.json,1,models/FUNWAVE/raw/source_code/FUNWAVE-TVD/simple_cases/vessel_propeller_effect/vessel_propeller/vessel_00001,
models/FUNWAVE/raw/source_code/FUNWAVE-TVD/simple_cases/vessel_propeller_effect/vessel_propeller/vessel_00002,20c8c8529f551d6c007503bcacce4b51bfd25f60ddd902239e2cfe4bc5e8b4d2,502,text/plain,[none],other-text,FUNWAVE-TVD,True,no explicit vendor marker found; retained in denominator,False,True,False,False,False,False,True,False,False,False,True,_staging/total-read/pending/reread-20260728/reread20260728-doc-FUNWAVE-014-codex-20260811T022237Z-ac043304/1aceda6e2d098c77e5de95aeb5727da25bc5fe05d3f9dabfcbadde7c59b05d79.json,1,models/FUNWAVE/raw/source_code/FUNWAVE-TVD/simple_cases/vessel_propeller_effect/vessel_propeller/vessel_00002,
models/FUNWAVE/raw/source_code/FUNWAVE-TVD/simple_cases/vessel_types_compare/Makefile,945073685489ca1d29f975bf5057390cf69da7718084eb94805bc0da69ba85a4,4025,text/x-file,[none],documentation-or-build-text,FUNWAVE-TVD,True,no explicit vendor marker found; retained in denominator,False,True,False,False,False,False,True,False,False,False,True,_staging/total-read/pending/reread-20260728/reread20260728-doc-FUNWAVE-014-codex-20260811T022237Z-ac043304/d37dc29d361bdb4431d3aa817eda5cf3c8b47c7cc1e0342240c90f2132a54e95.json,3,models/FUNWAVE/raw/source_code/FUNWAVE-TVD/simple_cases/vessel_flat_bottom/Makefile,models/FUNWAVE/raw/source_code/FUNWAVE-TVD/simple_cases/vessel_flat_bottom/Makefile | models/FUNWAVE/raw/source_code/FUNWAVE-TVD/simple_cases/vessel_island_beach/Makefile | models/FUNWAVE/raw/source_code/FUNWAVE-TVD/simple_cases/vessel_types_compare/Makefile
models/FUNWAVE/raw/source_code/FUNWAVE-TVD/simple_cases/vessel_types_compare/input.txt,2ce382e796f171524f2860105b3f26c5ba232454a3e733dcfd99bf3fdc446352,1679,text/plain,.txt,documentation-or-build-text,FUNWAVE-TVD,True,no explicit vendor marker found; retained in denominator,False,True,False,False,False,False,True,False,False,False,True,_staging/total-read/pending/reread-20260728/reread20260728-doc-FUNWAVE-014-codex-20260811T022237Z-ac043304/ff844ee7b55332b2c860407fbc097dbe52e0fb011209b3fc313ba2a78a4fbbf0.json,1,models/FUNWAVE/raw/source_code/FUNWAVE-TVD/simple_cases/vessel_types_compare/input.txt,
models/FUNWAVE/raw/source_code/FUNWAVE-TVD/simple_cases/vessel_types_compare/postprocessing/5_vessels.jpg,3467ca807e06d45355869ac89e30ee180e73bf3aff2556841bb3131448716a37,64400,image/jpeg,.jpg,image-or-media,FUNWAVE-TVD,True,no explicit vendor marker found; retained in denominator,False,False,False,False,False,False,False,False,False,True,False,_staging/total-read/records/binauto-code_FUNWAVE.jsonl,1,models/FUNWAVE/raw/source_code/FUNWAVE-TVD/simple_cases/vessel_types_compare/postprocessing/5_vessels.jpg,
models/FUNWAVE/raw/source_code/FUNWAVE-TVD/simple_cases/vessel_types_compare/postprocessing/eta_flat_vessel.png,9f3b44d61951878dfef2ca640330ba9ac347be078fe3e5507239c8cc751b257b,211215,image/png,.png,image-or-media,FUNWAVE-TVD,True,no explicit vendor marker found; retained in denominator,False,False,False,False,False,False,False,False,False,True,False,_staging/total-read/records/binauto-code_FUNWAVE.jsonl,2,models/FUNWAVE/raw/source_code/FUNWAVE-TVD/simple_cases/vessel_flat_bottom/postprocessing/eta_flat_vessel.png,models/FUNWAVE/raw/source_code/FUNWAVE-TVD/simple_cases/vessel_flat_bottom/postprocessing/eta_flat_vessel.png | models/FUNWAVE/raw/source_code/FUNWAVE-TVD/simple_cases/vessel_types_compare/postprocessing/eta_flat_vessel.png
models/FUNWAVE/raw/source_code/FUNWAVE-TVD/simple_cases/vessel_types_compare/postprocessing/plot_wave_vessel.m,839c9efd2d3739a06a52f4edffa8ccbed6ff9c9ed535d0770ecf87d89824a07c,629,text/plain,.m,script-source,FUNWAVE-TVD,True,no explicit vendor marker found; retained in denominator,True,True,True,True,True,True,False,False,False,False,True,_staging/total-read/pending/reread-20260728/reread20260728-code-FUNWAVE-003-codexaudit-20260826T022957Z-453e6221/bde5decd0b52b7d8fb108c79e887f6a5b38cd699bdd2619765f7b928732ea546.json | _staging/total-read/pending/reread-20260728/reread20260728-code-FUNWAVE-003-fable5-20260813T012841Z-7a6fa701/bde5decd0b52b7d8fb108c79e887f6a5b38cd699bdd2619765f7b928732ea546.json | _staging/total-read/records-crosswalk/reread-20260728/FUNWAVE-003/FUNWAVE__raw__source_code__FUNWAVE-TVD__simple_cases__vessel_types_compare__postprocessing__plot_wave_vessel.m.crosswalk.json,1,models/FUNWAVE/raw/source_code/FUNWAVE-TVD/simple_cases/vessel_types_compare/postprocessing/plot_wave_vessel.m,
models/FUNWAVE/raw/source_code/FUNWAVE-TVD/simple_cases/vessel_types_compare/postprocessing/plot_wave_vessel.py,fe6e190a91abaccca43abddccf406d37b0cef4d8643e5a986fae2ee97a979b2c,1373,text/plain,.py,script-source,FUNWAVE-TVD,True,no explicit vendor marker found; retained in denominator,True,True,True,True,True,True,False,False,False,False,True,_staging/total-read/pending/reread-20260728/reread20260728-code-FUNWAVE-003-codexaudit-20260826T022957Z-453e6221/5200a81890ae782da196a7e993d4c9ed76189f9cc590e405067c4bca400487c0.json | _staging/total-read/pending/reread-20260728/reread20260728-code-FUNWAVE-003-fable5-20260813T012841Z-7a6fa701/5200a81890ae782da196a7e993d4c9ed76189f9cc590e405067c4bca400487c0.json | _staging/total-read/records-crosswalk/reread-20260728/FUNWAVE-003/FUNWAVE__raw__source_code__FUNWAVE-TVD__simple_cases__vessel_types_compare__postprocessing__plot_wave_vessel.py.crosswalk.json,2,models/FUNWAVE/raw/source_code/FUNWAVE-TVD/simple_cases/vessel_flat_bottom/postprocessing/plot_wave_vessel.py,models/FUNWAVE/raw/source_code/FUNWAVE-TVD/simple_cases/vessel_flat_bottom/postprocessing/plot_wave_vessel.py | models/FUNWAVE/raw/source_code/FUNWAVE-TVD/simple_cases/vessel_types_compare/postprocessing/plot_wave_vessel.py
models/FUNWAVE/raw/source_code/FUNWAVE-TVD/simple_cases/vessel_types_compare/postprocessing/plot_wave_vessel_commented.m,bcd6ed6b5cf95ea1e6f2f87b4a8205d2c73dba0b2eeb1ae2e38f060905a31b5b,1117,text/plain,.m,script-source,FUNWAVE-TVD,True,no explicit vendor marker found; retained in denominator,True,True,True,True,True,True,False,False,False,False,True,_staging/total-read/pending/reread-20260728/reread20260728-code-FUNWAVE-003-codexaudit-20260826T022957Z-453e6221/39976160fb34fba09d1867115497b69762b65e3ca251ff7af353b235f0c6d78d.json | _staging/total-read/pending/reread-20260728/reread20260728-code-FUNWAVE-003-fable5-20260813T012841Z-7a6fa701/39976160fb34fba09d1867115497b69762b65e3ca251ff7af353b235f0c6d78d.json | _staging/total-read/records-crosswalk/reread-20260728/FUNWAVE-003/FUNWAVE__raw__source_code__FUNWAVE-TVD__simple_cases__vessel_types_compare__postprocessing__plot_wave_vessel_commented.m.crosswalk.json,2,models/FUNWAVE/raw/source_code/FUNWAVE-TVD/simple_cases/vessel_flat_bottom/postprocessing/plot_wave_vessel_commented.m,models/FUNWAVE/raw/source_code/FUNWAVE-TVD/simple_cases/vessel_flat_bottom/postprocessing/plot_wave_vessel_commented.m | models/FUNWAVE/raw/source_code/FUNWAVE-TVD/simple_cases/vessel_types_compare/postprocessing/plot_wave_vessel_commented.m
models/FUNWAVE/raw/source_code/FUNWAVE-TVD/simple_cases/vessel_types_compare/vessel_00001,29e3a4ee41fa6be2fa8cb533102f9dbc4d68ca1b660bd4c42ad79c113b1deac8,205,text/plain,[none],other-text,FUNWAVE-TVD,True,no explicit vendor marker found; retained in denominator,False,True,False,False,False,False,True,False,False,False,True,_staging/total-read/pending/reread-20260728/reread20260728-doc-FUNWAVE-014-codex-20260811T022237Z-ac043304/b23ad0f1c29fbe5f021c4ad0c01518ca7c974a37c203cc55345e8ce9f77d2526.json,1,models/FUNWAVE/raw/source_code/FUNWAVE-TVD/simple_cases/vessel_types_compare/vessel_00001,
models/FUNWAVE/raw/source_code/FUNWAVE-TVD/simple_cases/vessel_types_compare/vessel_00002,9d4b1f7d2af1dfe73d84a04a96d5724312f27ed30bb44557a14272564233fb1b,208,text/plain,[none],other-text,FUNWAVE-TVD,True,no explicit vendor marker found; retained in denominator,False,True,False,False,False,False,True,False,False,False,True,_staging/total-read/pending/reread-20260728/reread20260728-doc-FUNWAVE-014-codex-20260811T022237Z-ac043304/5063fc5283200bc8ad15f39f161eb3893f36e4515b720d67475c602b4664f5bc.json,1,models/FUNWAVE/raw/source_code/FUNWAVE-TVD/simple_cases/vessel_types_compare/vessel_00002,
models/FUNWAVE/raw/source_code/FUNWAVE-TVD/simple_cases/vessel_types_compare/vessel_00003,d92559601aee7b71eeee1e1de171d74b05e3577d663010134eb2fe9808e69084,197,text/plain,[none],other-text,FUNWAVE-TVD,True,no explicit vendor marker found; retained in denominator,False,True,False,False,False,False,True,False,False,False,True,_staging/total-read/pending/reread-20260728/reread20260728-doc-FUNWAVE-014-codex-20260811T022237Z-ac043304/381af851a11e7107b0be2f2cb627fb824c7a9a6f6b372cc67c2bcec7a1fe3562.json,1,models/FUNWAVE/raw/source_code/FUNWAVE-TVD/simple_cases/vessel_types_compare/vessel_00003,
models/FUNWAVE/raw/source_code/FUNWAVE-TVD/simple_cases/vessel_types_compare/vessel_00004,17342c2c3dd964a8f7be120a89475ed5c6dd1ca60969aac3bcc0f1ecf0d058ff,211,text/plain,[none],other-text,FUNWAVE-TVD,True,no explicit vendor marker found; retained in denominator,False,True,False,False,False,False,True,False,False,False,True,_staging/total-read/pending/reread-20260728/reread20260728-doc-FUNWAVE-014-codex-20260811T022237Z-ac043304/d54c9c6294ef06e06569e16caadade082878e5ccdc817c7c25d4df194ffea296.json,1,models/FUNWAVE/raw/source_code/FUNWAVE-TVD/simple_cases/vessel_types_compare/vessel_00004,
models/FUNWAVE/raw/source_code/FUNWAVE-TVD/simple_cases/vessel_types_compare/vessel_00005,7899c2d26e74f2a5cf849805b5a1c79a174663dcd9f834e877d41843b2953d5d,211,text/plain,[none],other-text,FUNWAVE-TVD,True,no explicit vendor marker found; retained in denominator,False,True,False,False,False,False,True,False,False,False,True,_staging/total-read/pending/reread-20260728/reread20260728-doc-FUNWAVE-014-codex-20260811T022237Z-ac043304/94614f7bb4744d42581e1970e4acda58872fb58079e67035d703df6718f4fdf5.json,1,models/FUNWAVE/raw/source_code/FUNWAVE-TVD/simple_cases/vessel_types_compare/vessel_00005,
models/FUNWAVE/raw/source_code/FUNWAVE-TVD/simple_cases/wave_coherence/Case_DATA2D_000_Spectrum/LOG.txt,063b23d4c3158990aa70c5091f81fde27b5800547156d612e4200d18da5dc03e,124869,text/plain,.txt,documentation-or-build-text,FUNWAVE-TVD,True,no explicit vendor marker found; retained in denominator,False,True,False,False,False,False,True,False,False,False,True,_staging/total-read/pending/reread-20260728/reread20260728-doc-FUNWAVE-014-codex-20260811T022237Z-ac043304/fb96a166e0c03b527398587e01c99bef2fe16e5270a0abc52d78da47c1aa1281.json,1,models/FUNWAVE/raw/source_code/FUNWAVE-TVD/simple_cases/wave_coherence/Case_DATA2D_000_Spectrum/LOG.txt,
models/FUNWAVE/raw/source_code/FUNWAVE-TVD/simple_cases/wave_coherence/Case_DATA2D_000_Spectrum/figures/2D_Spectrum.png,67012775d62b6b197f84343c2aeb27fca796b0b0dc46588adaf668c2d68b056d,47958,image/png,.png,image-or-media,FUNWAVE-TVD,True,no explicit vendor marker found; retained in denominator,False,False,False,False,False,False,False,False,False,True,False,_staging/total-read/records/binauto-code_FUNWAVE.jsonl,1,models/FUNWAVE/raw/source_code/FUNWAVE-TVD/simple_cases/wave_coherence/Case_DATA2D_000_Spectrum/figures/2D_Spectrum.png,
models/FUNWAVE/raw/source_code/FUNWAVE-TVD/simple_cases/wave_coherence/Case_DATA2D_000_Spectrum/figures/2D_Spectrum_detail.png,211e4a77ab215a3f802046bfd02086ababfc8bd6b56a01a88992a0a08e67a214,26748,image/png,.png,image-or-media,FUNWAVE-TVD,True,no explicit vendor marker found; retained in denominator,False,False,False,False,False,False,False,False,False,True,False,_staging/total-read/records/binauto-code_FUNWAVE.jsonl,1,models/FUNWAVE/raw/source_code/FUNWAVE-TVD/simple_cases/wave_coherence/Case_DATA2D_000_Spectrum/figures/2D_Spectrum_detail.png,
models/FUNWAVE/raw/source_code/FUNWAVE-TVD/simple_cases/wave_coherence/Case_DATA2D_000_Spectrum/figures/Hrms.jpg,81a3529cef01d112a8ec0cfc6c259a6c7813ba4dcdbe764bc7520ab63e295735,180752,image/jpeg,.jpg,image-or-media,FUNWAVE-TVD,True,no explicit vendor marker found; retained in denominator,False,False,False,False,False,False,False,False,False,True,False,_staging/total-read/records/binauto-code_FUNWAVE.jsonl,1,models/FUNWAVE/raw/source_code/FUNWAVE-TVD/simple_cases/wave_coherence/Case_DATA2D_000_Spectrum/figures/Hrms.jpg,
models/FUNWAVE/raw/source_code/FUNWAVE-TVD/simple_cases/wave_coherence/Case_DATA2D_000_Spectrum/figures/current.jpg,41ec8aabc89119ac6fb9e8a7fb2aba89b8c2c8ae782beb2069b7a2731b36b40a,298198,image/jpeg,.jpg,image-or-media,FUNWAVE-TVD,True,no explicit vendor marker found; retained in denominator,False,False,False,False,False,False,False,False,False,True,False,_staging/total-read/records/binauto-code_FUNWAVE.jsonl,1,models/FUNWAVE/raw/source_code/FUNWAVE-TVD/simple_cases/wave_coherence/Case_DATA2D_000_Spectrum/figures/current.jpg,
models/FUNWAVE/raw/source_code/FUNWAVE-TVD/simple_cases/wave_coherence/Case_DATA2D_000_Spectrum/figures/eta_fileno_00005.jpg,7a8c9db58281da533d9f23ff75b3de4d4b2e7455dbd5665fe173e53ed84b0c32,285430,image/jpeg,.jpg,image-or-media,FUNWAVE-TVD,True,no explicit vendor marker found; retained in denominator,False,False,False,False,False,False,False,False,False,True,False,_staging/total-read/records/binauto-code_FUNWAVE.jsonl,1,models/FUNWAVE/raw/source_code/FUNWAVE-TVD/simple_cases/wave_coherence/Case_DATA2D_000_Spectrum/figures/eta_fileno_00005.jpg,
models/FUNWAVE/raw/source_code/FUNWAVE-TVD/simple_cases/wave_coherence/Case_DATA2D_000_Spectrum/input.txt,b738170eb45b2f7ec41f515e82597dbc56ce3d955b68b37b2d81cae03774a7f1,4740,text/plain,.txt,documentation-or-build-text,FUNWAVE-TVD,True,no explicit vendor marker found; retained in denominator,False,True,False,False,False,False,True,False,False,False,True,_staging/total-read/pending/reread-20260728/reread20260728-doc-FUNWAVE-014-codex-20260811T022237Z-ac043304/ab68589e2414386c15f4537c1e225bcb0756bfb74222fac2d0dea9f674f8805a.json,1,models/FUNWAVE/raw/source_code/FUNWAVE-TVD/simple_cases/wave_coherence/Case_DATA2D_000_Spectrum/input.txt,
models/FUNWAVE/raw/source_code/FUNWAVE-TVD/simple_cases/wave_coherence/Case_DATA2D_000_Spectrum/wave2d_000p.txt,ce9b01a32aa4032041bf19051ad618cd5c1d917366cf432a3de3fbb4a7b4a134,94548,text/plain,.txt,documentation-or-build-text,FUNWAVE-TVD,True,no explicit vendor marker found; retained in denominator,False,True,False,False,False,False,True,False,False,False,True,_staging/total-read/pending/reread-20260728/reread20260728-doc-FUNWAVE-014-codex-20260811T022237Z-ac043304/2276f941ac600d0d9491d7e79a776ac6cf11a3c5abd67bc941af1c70f9655e29.json,1,models/FUNWAVE/raw/source_code/FUNWAVE-TVD/simple_cases/wave_coherence/Case_DATA2D_000_Spectrum/wave2d_000p.txt,
models/FUNWAVE/raw/source_code/FUNWAVE-TVD/simple_cases/wave_coherence/Case_DATA2D_050_Spectrum/LOG.txt,79a28da86eaccfa5da0f843b9befe7e7beeb7d0211892e84dd5d12bdb3f962c7,124869,text/plain,.txt,documentation-or-build-text,FUNWAVE-TVD,True,no explicit vendor marker found; retained in denominator,False,True,False,False,False,False,True,False,False,False,True,_staging/total-read/pending/reread-20260728/reread20260728-doc-FUNWAVE-014-codex-20260811T022237Z-ac043304/a86fb2d61d4951831ea3a2c8ca728ed361cd7c930fe20ce0b1f593c4b5a38a47.json,1,models/FUNWAVE/raw/source_code/FUNWAVE-TVD/simple_cases/wave_coherence/Case_DATA2D_050_Spectrum/LOG.txt,
models/FUNWAVE/raw/source_code/FUNWAVE-TVD/simple_cases/wave_coherence/Case_DATA2D_050_Spectrum/figures/2D_Spectrum.png,714bf35bea704bd2ea0a032fdce8d50cafa4fd0aed47a55cd33d226fbf18b2b9,51275,image/png,.png,image-or-media,FUNWAVE-TVD,True,no explicit vendor marker found; retained in denominator,False,False,False,False,False,False,False,False,False,True,False,_staging/total-read/records/binauto-code_FUNWAVE.jsonl,1,models/FUNWAVE/raw/source_code/FUNWAVE-TVD/simple_cases/wave_coherence/Case_DATA2D_050_Spectrum/figures/2D_Spectrum.png,
models/FUNWAVE/raw/source_code/FUNWAVE-TVD/simple_cases/wave_coherence/Case_DATA2D_050_Spectrum/figures/2D_Spectrum_detail.png,253a916af510985d48f7ccca3df3f7532d8062e375a274a7e45bbede7e9fcdc4,26702,image/png,.png,image-or-media,FUNWAVE-TVD,True,no explicit vendor marker found; retained in denominator,False,False,False,False,False,False,False,False,False,True,False,_staging/total-read/records/binauto-code_FUNWAVE.jsonl,1,models/FUNWAVE/raw/source_code/FUNWAVE-TVD/simple_cases/wave_coherence/Case_DATA2D_050_Spectrum/figures/2D_Spectrum_detail.png,
models/FUNWAVE/raw/source_code/FUNWAVE-TVD/simple_cases/wave_coherence/Case_DATA2D_050_Spectrum/figures/Hrms.jpg,6f94943a18323c1344a10030555cce9a3b6e263dcc8d5e574d3d44f623214bfc,183797,image/jpeg,.jpg,image-or-media,FUNWAVE-TVD,True,no explicit vendor marker found; retained in denominator,False,False,False,False,False,False,False,False,False,True,False,_staging/total-read/records/binauto-code_FUNWAVE.jsonl,1,models/FUNWAVE/raw/source_code/FUNWAVE-TVD/simple_cases/wave_coherence/Case_DATA2D_050_Spectrum/figures/Hrms.jpg,
models/FUNWAVE/raw/source_code/FUNWAVE-TVD/simple_cases/wave_coherence/Case_DATA2D_050_Spectrum/figures/current.jpg,0ed5fde4c18713f7979800ccb00d9c68ab78043e71257f40bdcaaa3e3440bca9,318396,image/jpeg,.jpg,image-or-media,FUNWAVE-TVD,True,no explicit vendor marker found; retained in denominator,False,False,False,False,False,False,False,False,False,True,False,_staging/total-read/records/binauto-code_FUNWAVE.jsonl,1,models/FUNWAVE/raw/source_code/FUNWAVE-TVD/simple_cases/wave_coherence/Case_DATA2D_050_Spectrum/figures/current.jpg,
models/FUNWAVE/raw/source_code/FUNWAVE-TVD/simple_cases/wave_coherence/Case_DATA2D_050_Spectrum/figures/eta_fileno_00005.jpg,f07c372332522d2caf3a2f445be723949b5d6cff16aee28d89d5154e209b88e9,285214,image/jpeg,.jpg,image-or-media,FUNWAVE-TVD,True,no explicit vendor marker found; retained in denominator,False,False,False,False,False,False,False,False,False,True,False,_staging/total-read/records/binauto-code_FUNWAVE.jsonl,1,models/FUNWAVE/raw/source_code/FUNWAVE-TVD/simple_cases/wave_coherence/Case_DATA2D_050_Spectrum/figures/eta_fileno_00005.jpg,
models/FUNWAVE/raw/source_code/FUNWAVE-TVD/simple_cases/wave_coherence/Case_DATA2D_050_Spectrum/input.txt,83814c8ee05f54eef9c632f16acb1821cecc5680814fd9c960ca361b13836728,4740,text/plain,.txt,documentation-or-build-text,FUNWAVE-TVD,True,no explicit vendor marker found; retained in denominator,False,True,False,False,False,False,True,False,False,False,True,_staging/total-read/pending/reread-20260728/reread20260728-doc-FUNWAVE-014-codex-20260811T022237Z-ac043304/118cd2b6327e438a83347f6d7e637911443cea644e66e784f64e532d60c18960.json,1,models/FUNWAVE/raw/source_code/FUNWAVE-TVD/simple_cases/wave_coherence/Case_DATA2D_050_Spectrum/input.txt,
models/FUNWAVE/raw/source_code/FUNWAVE-TVD/simple_cases/wave_coherence/Case_DATA2D_050_Spectrum/wave2d_050p.txt,f77d1cf3134e79e4736ef8e486ab12317d41ac0944ab0339bb2bbf8aaedada25,94548,text/plain,.txt,documentation-or-build-text,FUNWAVE-TVD,True,no explicit vendor marker found; retained in denominator,False,True,False,False,False,False,True,False,False,False,True,_staging/total-read/pending/reread-20260728/reread20260728-doc-FUNWAVE-014-codex-20260811T022237Z-ac043304/70d9b1cd6c0d7b5e49e3220cd704c17feb1438fba588b2d2f3a98b2857a0a9de.json,1,models/FUNWAVE/raw/source_code/FUNWAVE-TVD/simple_cases/wave_coherence/Case_DATA2D_050_Spectrum/wave2d_050p.txt,
models/FUNWAVE/raw/source_code/FUNWAVE-TVD/simple_cases/wave_coherence/Case_DATA2D_100_Spectrum/LOG.txt,77d39edb9b959e5b4c6ec04a4a964973f4a2183b931bae24c51154c11f282c60,124869,text/plain,.txt,documentation-or-build-text,FUNWAVE-TVD,True,no explicit vendor marker found; retained in denominator,False,True,False,False,False,False,True,False,False,False,True,_staging/total-read/pending/reread-20260728/reread20260728-doc-FUNWAVE-014-codex-20260811T022237Z-ac043304/ed5c8859596314ecbde42c5ada357b077b32324caa940b8e711006b32691bf76.json,1,models/FUNWAVE/raw/source_code/FUNWAVE-TVD/simple_cases/wave_coherence/Case_DATA2D_100_Spectrum/LOG.txt,
models/FUNWAVE/raw/source_code/FUNWAVE-TVD/simple_cases/wave_coherence/Case_DATA2D_100_Spectrum/figures/2D_Spectrum.png,0f14766b294b560f748ee3afbe25c16e00001f776d591bf595866ed9ef3ccfcf,39879,image/png,.png,image-or-media,FUNWAVE-TVD,True,no explicit vendor marker found; retained in denominator,False,False,False,False,False,False,False,False,False,True,False,_staging/total-read/records/binauto-code_FUNWAVE.jsonl,1,models/FUNWAVE/raw/source_code/FUNWAVE-TVD/simple_cases/wave_coherence/Case_DATA2D_100_Spectrum/figures/2D_Spectrum.png,
models/FUNWAVE/raw/source_code/FUNWAVE-TVD/simple_cases/wave_coherence/Case_DATA2D_100_Spectrum/figures/2D_Spectrum_detail.png,afe33d8aa4369025b9bf518d62829f07cf748a54992df9334763295c3bf73f00,24411,image/png,.png,image-or-media,FUNWAVE-TVD,True,no explicit vendor marker found; retained in denominator,False,False,False,False,False,False,False,False,False,True,False,_staging/total-read/records/binauto-code_FUNWAVE.jsonl,1,models/FUNWAVE/raw/source_code/FUNWAVE-TVD/simple_cases/wave_coherence/Case_DATA2D_100_Spectrum/figures/2D_Spectrum_detail.png,
models/FUNWAVE/raw/source_code/FUNWAVE-TVD/simple_cases/wave_coherence/Case_DATA2D_100_Spectrum/figures/Hrms.jpg,c3a1f5c92a01bcb45310a0c05cc5ab89f6c643a4c3ca76873997846ada2cc32e,195874,image/jpeg,.jpg,image-or-media,FUNWAVE-TVD,True,no explicit vendor marker found; retained in denominator,False,False,False,False,False,False,False,False,False,True,False,_staging/total-read/records/binauto-code_FUNWAVE.jsonl,1,models/FUNWAVE/raw/source_code/FUNWAVE-TVD/simple_cases/wave_coherence/Case_DATA2D_100_Spectrum/figures/Hrms.jpg,
models/FUNWAVE/raw/source_code/FUNWAVE-TVD/simple_cases/wave_coherence/Case_DATA2D_100_Spectrum/figures/current.jpg,e8985f7ec0f4681dd6abda1c6cc298d074598009c91f98c0e8758afc09f91cd1,385795,image/jpeg,.jpg,image-or-media,FUNWAVE-TVD,True,no explicit vendor marker found; retained in denominator,False,False,False,False,False,False,False,False,False,True,False,_staging/total-read/records/binauto-code_FUNWAVE.jsonl,1,models/FUNWAVE/raw/source_code/FUNWAVE-TVD/simple_cases/wave_coherence/Case_DATA2D_100_Spectrum/figures/current.jpg,
models/FUNWAVE/raw/source_code/FUNWAVE-TVD/simple_cases/wave_coherence/Case_DATA2D_100_Spectrum/figures/eta_fileno_00005.jpg,7157cf3c54119e91352c3b46dd5ab5e3b2911f9c14d1f58c2d582f67691485c7,300756,image/jpeg,.jpg,image-or-media,FUNWAVE-TVD,True,no explicit vendor marker found; retained in denominator,False,False,False,False,False,False,False,False,False,True,False,_staging/total-read/records/binauto-code_FUNWAVE.jsonl,1,models/FUNWAVE/raw/source_code/FUNWAVE-TVD/simple_cases/wave_coherence/Case_DATA2D_100_Spectrum/figures/eta_fileno_00005.jpg,
models/FUNWAVE/raw/source_code/FUNWAVE-TVD/simple_cases/wave_coherence/Case_DATA2D_100_Spectrum/input.txt,aaa953d99dd6a9f4c0f7722d5b7b2d1e959e9bcbea8fd9533f07bf78a371e007,4740,text/plain,.txt,documentation-or-build-text,FUNWAVE-TVD,True,no explicit vendor marker found; retained in denominator,False,True,False,False,False,False,True,False,False,False,True,_staging/total-read/pending/reread-20260728/reread20260728-doc-FUNWAVE-014-codex-20260811T022237Z-ac043304/d64927cef3993bc5dcf9276df61aacf3d03c7fca32dea94413948aedda70e796.json,1,models/FUNWAVE/raw/source_code/FUNWAVE-TVD/simple_cases/wave_coherence/Case_DATA2D_100_Spectrum/input.txt,
models/FUNWAVE/raw/source_code/FUNWAVE-TVD/simple_cases/wave_coherence/Case_DATA2D_100_Spectrum/wave2d_100p.txt,4329be4ce422e7d1d4b24a928e74ac28087e3b91b2e97e8ce503b5a1bae0ef32,94548,text/plain,.txt,documentation-or-build-text,FUNWAVE-TVD,True,no explicit vendor marker found; retained in denominator,False,True,False,False,False,False,True,False,False,False,True,_staging/total-read/pending/reread-20260728/reread20260728-doc-FUNWAVE-014-codex-20260811T022237Z-ac043304/73fcbae0d586f333c57f7a289b774e076d77689ce139c5306ff567bef76e309a.json,1,models/FUNWAVE/raw/source_code/FUNWAVE-TVD/simple_cases/wave_coherence/Case_DATA2D_100_Spectrum/wave2d_100p.txt,
models/FUNWAVE/raw/source_code/FUNWAVE-TVD/simple_cases/wave_coherence/Case_DATA2D_1Wave/LOG.txt,aec647078dc08ce4dca4684c398290c7669500ff67c9b26c27e3c192b44c001e,7887,text/plain,.txt,documentation-or-build-text,FUNWAVE-TVD,True,no explicit vendor marker found; retained in denominator,False,True,False,False,False,False,True,False,False,False,True,_staging/total-read/pending/reread-20260728/reread20260728-doc-FUNWAVE-014-codex-20260811T022237Z-ac043304/8107081e2dd4b9ca2af89d0bfc77ea5ea210b46c2795dfc1a16b911fabbfa19c.json,1,models/FUNWAVE/raw/source_code/FUNWAVE-TVD/simple_cases/wave_coherence/Case_DATA2D_1Wave/LOG.txt,
models/FUNWAVE/raw/source_code/FUNWAVE-TVD/simple_cases/wave_coherence/Case_DATA2D_1Wave/figures/Hrms.jpg,78db9064663f34daf989b313c7f7887c981e8959990c273d896195cd59c6b745,200621,image/jpeg,.jpg,image-or-media,FUNWAVE-TVD,True,no explicit vendor marker found; retained in denominator,False,False,False,False,False,False,False,False,False,True,False,_staging/total-read/records/binauto-code_FUNWAVE.jsonl,1,models/FUNWAVE/raw/source_code/FUNWAVE-TVD/simple_cases/wave_coherence/Case_DATA2D_1Wave/figures/Hrms.jpg,
models/FUNWAVE/raw/source_code/FUNWAVE-TVD/simple_cases/wave_coherence/Case_DATA2D_1Wave/figures/current.jpg,3b16eb1c2b1e1ac619df9b52aed99199032120a95a5edd4ce1dd491396d47a6f,309117,image/jpeg,.jpg,image-or-media,FUNWAVE-TVD,True,no explicit vendor marker found; retained in denominator,False,False,False,False,False,False,False,False,False,True,False,_staging/total-read/records/binauto-code_FUNWAVE.jsonl,1,models/FUNWAVE/raw/source_code/FUNWAVE-TVD/simple_cases/wave_coherence/Case_DATA2D_1Wave/figures/current.jpg,
models/FUNWAVE/raw/source_code/FUNWAVE-TVD/simple_cases/wave_coherence/Case_DATA2D_1Wave/figures/eta_fileno_00005.jpg,ac7a624989e413751241eacbc4fa133e17052c7a4b46bbb96c0335b6ae035f5c,298354,image/jpeg,.jpg,image-or-media,FUNWAVE-TVD,True,no explicit vendor marker found; retained in denominator,False,False,False,False,False,False,False,False,False,True,False,_staging/total-read/records/binauto-code_FUNWAVE.jsonl,1,models/FUNWAVE/raw/source_code/FUNWAVE-TVD/simple_cases/wave_coherence/Case_DATA2D_1Wave/figures/eta_fileno_00005.jpg,
models/FUNWAVE/raw/source_code/FUNWAVE-TVD/simple_cases/wave_coherence/Case_DATA2D_1Wave/input.txt,5591e110bb95039eb93289a30188780eb209ecdbe41755cb3768f2c309d11152,4721,text/plain,.txt,documentation-or-build-text,FUNWAVE-TVD,True,no explicit vendor marker found; retained in denominator,False,True,False,False,False,False,True,False,False,False,True,_staging/total-read/pending/reread-20260728/reread20260728-doc-FUNWAVE-014-codex-20260811T022237Z-ac043304/c97de3a8dab92c49c479372014a2b8b22f548b6a757365dadebc81489aad6b14.json,1,models/FUNWAVE/raw/source_code/FUNWAVE-TVD/simple_cases/wave_coherence/Case_DATA2D_1Wave/input.txt,
models/FUNWAVE/raw/source_code/FUNWAVE-TVD/simple_cases/wave_coherence/Case_DATA2D_1Wave/wave2d.txt,a5387d66bf2b4fdf145c468a02ee6416297e708ded2d7bcda494619116b2c3f9,98,text/plain,.txt,documentation-or-build-text,FUNWAVE-TVD,True,no explicit vendor marker found; retained in denominator,False,True,False,False,False,False,True,False,False,False,True,_staging/total-read/pending/reread-20260728/reread20260728-doc-FUNWAVE-014-codex-20260811T022237Z-ac043304/7dd8da04f378384378faa472b99bbf7197afcf03d11db3f38a50925fc5446522.json,1,models/FUNWAVE/raw/source_code/FUNWAVE-TVD/simple_cases/wave_coherence/Case_DATA2D_1Wave/wave2d.txt,
models/FUNWAVE/raw/source_code/FUNWAVE-TVD/simple_cases/wave_coherence/Case_DATA2D_1Wave/wave2d_phase.txt,93d038bb858a9841ec1b386225d4c1dc82e4824f409bb30d87b11abb67286064,117,text/plain,.txt,documentation-or-build-text,FUNWAVE-TVD,True,no explicit vendor marker found; retained in denominator,False,True,False,False,False,False,True,False,False,False,True,_staging/total-read/pending/reread-20260728/reread20260728-doc-FUNWAVE-014-codex-20260811T022237Z-ac043304/8683a7ea7a8ec1b123873e16f52fe5fb382e6a602ffc1a3cbbca16523aea3f45.json,1,models/FUNWAVE/raw/source_code/FUNWAVE-TVD/simple_cases/wave_coherence/Case_DATA2D_1Wave/wave2d_phase.txt,
models/FUNWAVE/raw/source_code/FUNWAVE-TVD/simple_cases/wave_coherence/Case_DATA2D_2Waves/LOG.txt,abf06dad0a8d479135b6a610a59be8ec01d15749591a09628b451fc97ab2962e,7990,text/plain,.txt,documentation-or-build-text,FUNWAVE-TVD,True,no explicit vendor marker found; retained in denominator,False,True,False,False,False,False,True,False,False,False,True,_staging/total-read/pending/reread-20260728/reread20260728-doc-FUNWAVE-014-codex-20260811T022237Z-ac043304/1c59cacdc109fbee5b5b65fb4a133564395624d74ced6ec07d561f513aed2f9c.json,1,models/FUNWAVE/raw/source_code/FUNWAVE-TVD/simple_cases/wave_coherence/Case_DATA2D_2Waves/LOG.txt,
models/FUNWAVE/raw/source_code/FUNWAVE-TVD/simple_cases/wave_coherence/Case_DATA2D_2Waves/figures/Hrms.jpg,a0e0d5163f4811801fd065b8c26be625599e239e343026382389bee1ec3139a2,253186,image/jpeg,.jpg,image-or-media,FUNWAVE-TVD,True,no explicit vendor marker found; retained in denominator,False,False,False,False,False,False,False,False,False,True,False,_staging/total-read/records/binauto-code_FUNWAVE.jsonl,1,models/FUNWAVE/raw/source_code/FUNWAVE-TVD/simple_cases/wave_coherence/Case_DATA2D_2Waves/figures/Hrms.jpg,
models/FUNWAVE/raw/source_code/FUNWAVE-TVD/simple_cases/wave_coherence/Case_DATA2D_2Waves/figures/current.jpg,224c6732748978bea29fa3ad9652a12dc994d6f2b618e6d8688d6ef6152ebb0d,413430,image/jpeg,.jpg,image-or-media,FUNWAVE-TVD,True,no explicit vendor marker found; retained in denominator,False,False,False,False,False,False,False,False,False,True,False,_staging/total-read/records/binauto-code_FUNWAVE.jsonl,1,models/FUNWAVE/raw/source_code/FUNWAVE-TVD/simple_cases/wave_coherence/Case_DATA2D_2Waves/figures/current.jpg,
models/FUNWAVE/raw/source_code/FUNWAVE-TVD/simple_cases/wave_coherence/Case_DATA2D_2Waves/figures/eta_fileno_00005.jpg,88a4df1e8d64ef2a4a055f0dd90c1a8a48a1debba2855803d3e92a49fb5bb9b2,330053,image/jpeg,.jpg,image-or-media,FUNWAVE-TVD,True,no explicit vendor marker found; retained in denominator,False,False,False,False,False,False,False,False,False,True,False,_staging/total-read/records/binauto-code_FUNWAVE.jsonl,1,models/FUNWAVE/raw/source_code/FUNWAVE-TVD/simple_cases/wave_coherence/Case_DATA2D_2Waves/figures/eta_fileno_00005.jpg,
models/FUNWAVE/raw/source_code/FUNWAVE-TVD/simple_cases/wave_coherence/Case_DATA2D_2Waves/input.txt,457c26945f74ec140370952d45d079ddbbf909e4a5e0cdc03c1c5de63352c50c,4722,text/plain,.txt,documentation-or-build-text,FUNWAVE-TVD,True,no explicit vendor marker found; retained in denominator,False,True,False,False,False,False,True,False,False,False,True,_staging/total-read/pending/reread-20260728/reread20260728-doc-FUNWAVE-014-codex-20260811T022237Z-ac043304/94e566a758374b6dd471b96c58f9cd65737ce14a68c4c8584ea77f66db6bd7c0.json,1,models/FUNWAVE/raw/source_code/FUNWAVE-TVD/simple_cases/wave_coherence/Case_DATA2D_2Waves/input.txt,
models/FUNWAVE/raw/source_code/FUNWAVE-TVD/simple_cases/wave_coherence/Case_DATA2D_2Waves/wave2d.txt,9a9ef0bef731162efe0ff06c59f4147fdcfde5344dd8ad5e0988a7c84bf6262d,149,text/plain,.txt,documentation-or-build-text,FUNWAVE-TVD,True,no explicit vendor marker found; retained in denominator,False,True,False,False,False,False,True,False,False,False,True,_staging/total-read/pending/reread-20260728/reread20260728-doc-FUNWAVE-014-codex-20260811T022237Z-ac043304/553a72486dec68a75e2acde9c4ded9bfc7161d6300270bf416037cdc06db7d4c.json,1,models/FUNWAVE/raw/source_code/FUNWAVE-TVD/simple_cases/wave_coherence/Case_DATA2D_2Waves/wave2d.txt,
models/FUNWAVE/raw/source_code/FUNWAVE-TVD/simple_cases/wave_coherence/Case_DATA2D_2Waves/wave2d_phase.txt,ed1e610c0a175f67e56f4a5c0c6f0dd40ee80933d6bbad53d3c78d772c7eede3,185,text/plain,.txt,documentation-or-build-text,FUNWAVE-TVD,True,no explicit vendor marker found; retained in denominator,False,True,False,False,False,False,True,False,False,False,True,_staging/total-read/pending/reread-20260728/reread20260728-doc-FUNWAVE-014-codex-20260811T022237Z-ac043304/034c8294ec409cdea034edbb5d74ce3ee7b58797598f970c2a4c12733367160b.json,1,models/FUNWAVE/raw/source_code/FUNWAVE-TVD/simple_cases/wave_coherence/Case_DATA2D_2Waves/wave2d_phase.txt,
models/FUNWAVE/raw/source_code/FUNWAVE-TVD/simple_cases/wave_coherence/Case_NEWIRR_000P_Coherence/LOG.txt,2bf2ea4ac13b16e63a2dd22d2249bed00900848be87b924777bd26142af22c6b,125140,text/plain,.txt,documentation-or-build-text,FUNWAVE-TVD,True,no explicit vendor marker found; retained in denominator,False,True,False,False,False,False,True,False,False,False,True,_staging/total-read/pending/reread-20260728/reread20260728-doc-FUNWAVE-014-codex-20260811T022237Z-ac043304/bcaffa11dabb0a43169537c9c6f892c1f097d764797560ab11b3091777ecd343.json,1,models/FUNWAVE/raw/source_code/FUNWAVE-TVD/simple_cases/wave_coherence/Case_NEWIRR_000P_Coherence/LOG.txt,
models/FUNWAVE/raw/source_code/FUNWAVE-TVD/simple_cases/wave_coherence/Case_NEWIRR_000P_Coherence/figures/2D_Spectrum.png,6b9645577e37aeaf97de7b3ba064477ca1a174ca152666d08fce8088f2dbf290,47876,image/png,.png,image-or-media,FUNWAVE-TVD,True,no explicit vendor marker found; retained in denominator,False,False,False,False,False,False,False,False,False,True,False,_staging/total-read/records/binauto-code_FUNWAVE.jsonl,1,models/FUNWAVE/raw/source_code/FUNWAVE-TVD/simple_cases/wave_coherence/Case_NEWIRR_000P_Coherence/figures/2D_Spectrum.png,
models/FUNWAVE/raw/source_code/FUNWAVE-TVD/simple_cases/wave_coherence/Case_NEWIRR_000P_Coherence/figures/2D_Spectrum_detail.png,d3e215d861b65270dc8cb24eb9a5d9f878df5932f5615a77543b729f6db67dbd,26700,image/png,.png,image-or-media,FUNWAVE-TVD,True,no explicit vendor marker found; retained in denominator,False,False,False,False,False,False,False,False,False,True,False,_staging/total-read/records/binauto-code_FUNWAVE.jsonl,1,models/FUNWAVE/raw/source_code/FUNWAVE-TVD/simple_cases/wave_coherence/Case_NEWIRR_000P_Coherence/figures/2D_Spectrum_detail.png,
models/FUNWAVE/raw/source_code/FUNWAVE-TVD/simple_cases/wave_coherence/Case_NEWIRR_000P_Coherence/figures/Hrms.jpg,7bbc124434047b1d4a0618bcd6108bb1abfe6e2f29077b98de5ea86978907fef,180826,image/jpeg,.jpg,image-or-media,FUNWAVE-TVD,True,no explicit vendor marker found; retained in denominator,False,False,False,False,False,False,False,False,False,True,False,_staging/total-read/records/binauto-code_FUNWAVE.jsonl,1,models/FUNWAVE/raw/source_code/FUNWAVE-TVD/simple_cases/wave_coherence/Case_NEWIRR_000P_Coherence/figures/Hrms.jpg,
models/FUNWAVE/raw/source_code/FUNWAVE-TVD/simple_cases/wave_coherence/Case_NEWIRR_000P_Coherence/figures/current.jpg,3e5384012b10ba139d6e771b00e2e0ad67565f81eb9518b1f38c07303152aa95,297003,image/jpeg,.jpg,image-or-media,FUNWAVE-TVD,True,no explicit vendor marker found; retained in denominator,False,False,False,False,False,False,False,False,False,True,False,_staging/total-read/records/binauto-code_FUNWAVE.jsonl,1,models/FUNWAVE/raw/source_code/FUNWAVE-TVD/simple_cases/wave_coherence/Case_NEWIRR_000P_Coherence/figures/current.jpg,
models/FUNWAVE/raw/source_code/FUNWAVE-TVD/simple_cases/wave_coherence/Case_NEWIRR_000P_Coherence/figures/eta_fileno_00005.jpg,f5e067efe43f847d51dcbfdbcc125ea95dd94a4c74c9503d863e32f4f9c45ec9,284216,image/jpeg,.jpg,image-or-media,FUNWAVE-TVD,True,no explicit vendor marker found; retained in denominator,False,False,False,False,False,False,False,False,False,True,False,_staging/total-read/records/binauto-code_FUNWAVE.jsonl,1,models/FUNWAVE/raw/source_code/FUNWAVE-TVD/simple_cases/wave_coherence/Case_NEWIRR_000P_Coherence/figures/eta_fileno_00005.jpg,
models/FUNWAVE/raw/source_code/FUNWAVE-TVD/simple_cases/wave_coherence/Case_NEWIRR_000P_Coherence/input.txt,8d9206add2dfd46ceed3a9edd0cf5c62c8d746142b7ff023a5a66fd0aa31b910,4942,text/plain,.txt,documentation-or-build-text,FUNWAVE-TVD,True,no explicit vendor marker found; retained in denominator,False,True,False,False,False,False,True,False,False,False,True,_staging/total-read/pending/reread-20260728/reread20260728-doc-FUNWAVE-014-codex-20260811T022237Z-ac043304/1bd68f22d0950be94d829cf8c926cac326c113d7ff057d262bbcd528e87d030e.json,1,models/FUNWAVE/raw/source_code/FUNWAVE-TVD/simple_cases/wave_coherence/Case_NEWIRR_000P_Coherence/input.txt,
models/FUNWAVE/raw/source_code/FUNWAVE-TVD/simple_cases/wave_coherence/Case_NEWIRR_050P_Coherence/LOG.txt,a292b00d506422fa009bef41386d885049f137522e6be345e5353d22e9c9f828,125089,text/plain,.txt,documentation-or-build-text,FUNWAVE-TVD,True,no explicit vendor marker found; retained in denominator,False,True,False,False,False,False,True,False,False,False,True,_staging/total-read/pending/reread-20260728/reread20260728-doc-FUNWAVE-014-codex-20260811T022237Z-ac043304/1299891bf666494b34318aa71efe47def6af0fe47963a015944f4d7e47a81141.json,1,models/FUNWAVE/raw/source_code/FUNWAVE-TVD/simple_cases/wave_coherence/Case_NEWIRR_050P_Coherence/LOG.txt,
models/FUNWAVE/raw/source_code/FUNWAVE-TVD/simple_cases/wave_coherence/Case_NEWIRR_050P_Coherence/figures/2D_Spectrum.png,f7ac5a870408ef889e08562c3981b70d7747516cb8dc31fcb67d71cdbe819eae,51237,image/png,.png,image-or-media,FUNWAVE-TVD,True,no explicit vendor marker found; retained in denominator,False,False,False,False,False,False,False,False,False,True,False,_staging/total-read/records/binauto-code_FUNWAVE.jsonl,1,models/FUNWAVE/raw/source_code/FUNWAVE-TVD/simple_cases/wave_coherence/Case_NEWIRR_050P_Coherence/figures/2D_Spectrum.png,
models/FUNWAVE/raw/source_code/FUNWAVE-TVD/simple_cases/wave_coherence/Case_NEWIRR_050P_Coherence/figures/2D_Spectrum_detail.png,4d96550465466e1c0b5f5479542a006525bf4a813b8a04cc3752da651199ea8f,26693,image/png,.png,image-or-media,FUNWAVE-TVD,True,no explicit vendor marker found; retained in denominator,False,False,False,False,False,False,False,False,False,True,False,_staging/total-read/records/binauto-code_FUNWAVE.jsonl,1,models/FUNWAVE/raw/source_code/FUNWAVE-TVD/simple_cases/wave_coherence/Case_NEWIRR_050P_Coherence/figures/2D_Spectrum_detail.png,
models/FUNWAVE/raw/source_code/FUNWAVE-TVD/simple_cases/wave_coherence/Case_NEWIRR_050P_Coherence/figures/Hrms.jpg,765bd5804b5ba837132c44de16561009013e4750b6c947e33f11835cf2b4ade2,184848,image/jpeg,.jpg,image-or-media,FUNWAVE-TVD,True,no explicit vendor marker found; retained in denominator,False,False,False,False,False,False,False,False,False,True,False,_staging/total-read/records/binauto-code_FUNWAVE.jsonl,1,models/FUNWAVE/raw/source_code/FUNWAVE-TVD/simple_cases/wave_coherence/Case_NEWIRR_050P_Coherence/figures/Hrms.jpg,
models/FUNWAVE/raw/source_code/FUNWAVE-TVD/simple_cases/wave_coherence/Case_NEWIRR_050P_Coherence/figures/current.jpg,b6c67fd4d3a8d84ea268a655d8d1ad578b6e3b372d3ef70eafd6e7b0448d1ef5,318772,image/jpeg,.jpg,image-or-media,FUNWAVE-TVD,True,no explicit vendor marker found; retained in denominator,False,False,False,False,False,False,False,False,False,True,False,_staging/total-read/records/binauto-code_FUNWAVE.jsonl,1,models/FUNWAVE/raw/source_code/FUNWAVE-TVD/simple_cases/wave_coherence/Case_NEWIRR_050P_Coherence/figures/current.jpg,
models/FUNWAVE/raw/source_code/FUNWAVE-TVD/simple_cases/wave_coherence/Case_NEWIRR_050P_Coherence/figures/eta_fileno_00005.jpg,dd2cfa06b548da3eca73ed7a41026ea1b5c69c7dbf0b0505606b9437dc51a325,280548,image/jpeg,.jpg,image-or-media,FUNWAVE-TVD,True,no explicit vendor marker found; retained in denominator,False,False,False,False,False,False,False,False,False,True,False,_staging/total-read/records/binauto-code_FUNWAVE.jsonl,1,models/FUNWAVE/raw/source_code/FUNWAVE-TVD/simple_cases/wave_coherence/Case_NEWIRR_050P_Coherence/figures/eta_fileno_00005.jpg,
models/FUNWAVE/raw/source_code/FUNWAVE-TVD/simple_cases/wave_coherence/Case_NEWIRR_050P_Coherence/input.txt,d102faad0619f083260c35a10e6d5c989b1eeb6831aff8a5fa7292a31f6de37a,5009,text/plain,.txt,documentation-or-build-text,FUNWAVE-TVD,True,no explicit vendor marker found; retained in denominator,False,True,False,False,False,False,True,False,False,False,True,_staging/total-read/pending/reread-20260728/reread20260728-doc-FUNWAVE-014-codex-20260811T022237Z-ac043304/53a7b4c8fc5f9f784d495700d4640c0a873efd02bc0201aae8ba23ee45f5fef6.json,1,models/FUNWAVE/raw/source_code/FUNWAVE-TVD/simple_cases/wave_coherence/Case_NEWIRR_050P_Coherence/input.txt,
models/FUNWAVE/raw/source_code/FUNWAVE-TVD/simple_cases/wave_coherence/Case_NEWIRR_100P_Coherence/LOG.txt,6158ea13ab75a19cd0940ee00042d503d3680686be9f9934bd4f33c4fdbf459b,125089,text/plain,.txt,documentation-or-build-text,FUNWAVE-TVD,True,no explicit vendor marker found; retained in denominator,False,True,False,False,False,False,True,False,False,False,True,_staging/total-read/pending/reread-20260728/reread20260728-doc-FUNWAVE-014-codex-20260811T022237Z-ac043304/e8a709b2a15914d7ab34650a22f8b91b73b858c20dfe861ec4dac2abe0b6a7d0.json,1,models/FUNWAVE/raw/source_code/FUNWAVE-TVD/simple_cases/wave_coherence/Case_NEWIRR_100P_Coherence/LOG.txt,
models/FUNWAVE/raw/source_code/FUNWAVE-TVD/simple_cases/wave_coherence/Case_NEWIRR_100P_Coherence/figures/2D_Spectrum.png,47d6b2b14408f575b5f3d0f9bc3f11592f6a3ff641da883669e7048422d63daf,40657,image/png,.png,image-or-media,FUNWAVE-TVD,True,no explicit vendor marker found; retained in denominator,False,False,False,False,False,False,False,False,False,True,False,_staging/total-read/records/binauto-code_FUNWAVE.jsonl,1,models/FUNWAVE/raw/source_code/FUNWAVE-TVD/simple_cases/wave_coherence/Case_NEWIRR_100P_Coherence/figures/2D_Spectrum.png,
models/FUNWAVE/raw/source_code/FUNWAVE-TVD/simple_cases/wave_coherence/Case_NEWIRR_100P_Coherence/figures/2D_Spectrum_detail.png,59c62ebd04d08742af08586bc7c23c4cd767c05255ec7b67dd2e763f3212bb50,24467,image/png,.png,image-or-media,FUNWAVE-TVD,True,no explicit vendor marker found; retained in denominator,False,False,False,False,False,False,False,False,False,True,False,_staging/total-read/records/binauto-code_FUNWAVE.jsonl,1,models/FUNWAVE/raw/source_code/FUNWAVE-TVD/simple_cases/wave_coherence/Case_NEWIRR_100P_Coherence/figures/2D_Spectrum_detail.png,
models/FUNWAVE/raw/source_code/FUNWAVE-TVD/simple_cases/wave_coherence/Case_NEWIRR_100P_Coherence/figures/Hrms.jpg,edd5c3c2dbf5b7fcd21277d85ea94a9f95ac7c738da7080a2aaddb15c96c6f39,196968,image/jpeg,.jpg,image-or-media,FUNWAVE-TVD,True,no explicit vendor marker found; retained in denominator,False,False,False,False,False,False,False,False,False,True,False,_staging/total-read/records/binauto-code_FUNWAVE.jsonl,1,models/FUNWAVE/raw/source_code/FUNWAVE-TVD/simple_cases/wave_coherence/Case_NEWIRR_100P_Coherence/figures/Hrms.jpg,
models/FUNWAVE/raw/source_code/FUNWAVE-TVD/simple_cases/wave_coherence/Case_NEWIRR_100P_Coherence/figures/current.jpg,e8dcda17ab2b6b06b84eef07c849866e04aa3580aa6dd56660407e751cddb72c,382661,image/jpeg,.jpg,image-or-media,FUNWAVE-TVD,True,no explicit vendor marker found; retained in denominator,False,False,False,False,False,False,False,False,False,True,False,_staging/total-read/records/binauto-code_FUNWAVE.jsonl,1,models/FUNWAVE/raw/source_code/FUNWAVE-TVD/simple_cases/wave_coherence/Case_NEWIRR_100P_Coherence/figures/current.jpg,
models/FUNWAVE/raw/source_code/FUNWAVE-TVD/simple_cases/wave_coherence/Case_NEWIRR_100P_Coherence/figures/eta_fileno_00005.jpg,1b98c9f6be5b54536a6259e58d586ea56ddca9ba80155d0576e090d44940fd16,296084,image/jpeg,.jpg,image-or-media,FUNWAVE-TVD,True,no explicit vendor marker found; retained in denominator,False,False,False,False,False,False,False,False,False,True,False,_staging/total-read/records/binauto-code_FUNWAVE.jsonl,1,models/FUNWAVE/raw/source_code/FUNWAVE-TVD/simple_cases/wave_coherence/Case_NEWIRR_100P_Coherence/figures/eta_fileno_00005.jpg,
models/FUNWAVE/raw/source_code/FUNWAVE-TVD/simple_cases/wave_coherence/Case_NEWIRR_100P_Coherence/input.txt,e92e0d7ddfbc46e11ae4a110f302a21b24154c11e4f9407e15ef222b84b0ac34,5010,text/plain,.txt,documentation-or-build-text,FUNWAVE-TVD,True,no explicit vendor marker found; retained in denominator,False,True,False,False,False,False,True,False,False,False,True,_staging/total-read/pending/reread-20260728/reread20260728-doc-FUNWAVE-014-codex-20260811T022237Z-ac043304/bbc4a2a0e6ed479c7755a62c727f8cbfa8c31c6f3d7339d273dfb2279b1fb2ca.json,1,models/FUNWAVE/raw/source_code/FUNWAVE-TVD/simple_cases/wave_coherence/Case_NEWIRR_100P_Coherence/input.txt,
models/FUNWAVE/raw/source_code/FUNWAVE-TVD/simple_cases/wave_coherence/PostProcessing/LOG_READ.m,c8c33e56225798be31da12fbe8d22c13b0ba0709c14aeec161ecf0ccb1ffbb41,1489,text/plain,.m,script-source,FUNWAVE-TVD,True,no explicit vendor marker found; retained in denominator,True,True,True,True,True,True,False,False,False,False,True,_staging/total-read/pending/reread-20260728/reread20260728-code-FUNWAVE-003-codexaudit-20260826T022957Z-453e6221/f6b00136e6caed7bd3d717e3d2fd87e84e18cb3da346e686bcb03df2a3c8c672.json | _staging/total-read/pending/reread-20260728/reread20260728-code-FUNWAVE-003-fable5-20260813T012841Z-7a6fa701/f6b00136e6caed7bd3d717e3d2fd87e84e18cb3da346e686bcb03df2a3c8c672.json | _staging/total-read/records-crosswalk/reread-20260728/FUNWAVE-003/FUNWAVE__raw__source_code__FUNWAVE-TVD__simple_cases__wave_coherence__PostProcessing__LOG_READ.m.crosswalk.json,1,models/FUNWAVE/raw/source_code/FUNWAVE-TVD/simple_cases/wave_coherence/PostProcessing/LOG_READ.m,
models/FUNWAVE/raw/source_code/FUNWAVE-TVD/simple_cases/wave_coherence/PostProcessing/Plot_Current.m,9c794341df0937c807e23acfc6fbaac11304d9fc4f8376479ece1f0109b0b22a,1185,text/plain,.m,script-source,FUNWAVE-TVD,True,no explicit vendor marker found; retained in denominator,True,True,True,True,True,True,False,False,False,False,True,_staging/total-read/pending/reread-20260728/reread20260728-code-FUNWAVE-003-codexaudit-20260826T022957Z-453e6221/21767300c62305bce7dc85fc0eccf903e4eecc6cdbd0d26b88c2e1a818c6760f.json | _staging/total-read/pending/reread-20260728/reread20260728-code-FUNWAVE-003-fable5-20260813T012841Z-7a6fa701/21767300c62305bce7dc85fc0eccf903e4eecc6cdbd0d26b88c2e1a818c6760f.json | _staging/total-read/records-crosswalk/reread-20260728/FUNWAVE-003/FUNWAVE__raw__source_code__FUNWAVE-TVD__simple_cases__wave_coherence__PostProcessing__Plot_Current.m.crosswalk.json,1,models/FUNWAVE/raw/source_code/FUNWAVE-TVD/simple_cases/wave_coherence/PostProcessing/Plot_Current.m,
models/FUNWAVE/raw/source_code/FUNWAVE-TVD/simple_cases/wave_coherence/PostProcessing/Plot_H.m,8f2452910f59bb2bbaea14e461f8c50450cf1fa6020827e285cf6be9c5ddcff4,790,text/plain,.m,script-source,FUNWAVE-TVD,True,no explicit vendor marker found; retained in denominator,True,True,True,True,True,True,False,False,False,False,True,_staging/total-read/pending/reread-20260728/reread20260728-code-FUNWAVE-003-codexaudit-20260826T022957Z-453e6221/13ab5be8c00dca25373f76ba135d8a7a8fc2b3fee731b5e7de1fd28705159cb9.json | _staging/total-read/pending/reread-20260728/reread20260728-code-FUNWAVE-003-fable5-20260813T012841Z-7a6fa701/13ab5be8c00dca25373f76ba135d8a7a8fc2b3fee731b5e7de1fd28705159cb9.json | _staging/total-read/records-crosswalk/reread-20260728/FUNWAVE-003/FUNWAVE__raw__source_code__FUNWAVE-TVD__simple_cases__wave_coherence__PostProcessing__Plot_H.m.crosswalk.json,1,models/FUNWAVE/raw/source_code/FUNWAVE-TVD/simple_cases/wave_coherence/PostProcessing/Plot_H.m,
models/FUNWAVE/raw/source_code/FUNWAVE-TVD/simple_cases/wave_coherence/PostProcessing/Plot_eta.m,5179b734c47ee120ca3bbe83b6b8d51efea0af1cdd253d1767624d390f2d9fe9,848,text/plain,.m,script-source,FUNWAVE-TVD,True,no explicit vendor marker found; retained in denominator,True,True,True,True,True,True,False,False,False,False,True,_staging/total-read/pending/reread-20260728/reread20260728-code-FUNWAVE-003-codexaudit-20260826T022957Z-453e6221/2164bdc649637a5eef4bcc6e44b5bb176a91fa489cf9a44f1759fb72c4bba6e7.json | _staging/total-read/pending/reread-20260728/reread20260728-code-FUNWAVE-003-fable5-20260813T012841Z-7a6fa701/2164bdc649637a5eef4bcc6e44b5bb176a91fa489cf9a44f1759fb72c4bba6e7.json | _staging/total-read/records-crosswalk/reread-20260728/FUNWAVE-003/FUNWAVE__raw__source_code__FUNWAVE-TVD__simple_cases__wave_coherence__PostProcessing__Plot_eta.m.crosswalk.json,1,models/FUNWAVE/raw/source_code/FUNWAVE-TVD/simple_cases/wave_coherence/PostProcessing/Plot_eta.m,
models/FUNWAVE/raw/source_code/FUNWAVE-TVD/simple_cases/wave_coherence/Spectrum_Generator_for_WKDATA2D/Coherence_Spectrum.m,9dc84b339198760677417dfb4cc5bf61cf478b76a478e2bd7f8ea88432f95d6f,3215,text/plain,.m,script-source,FUNWAVE-TVD,True,no explicit vendor marker found; retained in denominator,True,True,True,True,True,True,False,False,False,False,True,_staging/total-read/pending/reread-20260728/reread20260728-code-FUNWAVE-003-codexaudit-20260826T022957Z-453e6221/fe47e0edfddff33562dac0fb44d4c1a38c2d9872252712ea6561c0066749ff2e.json | _staging/total-read/pending/reread-20260728/reread20260728-code-FUNWAVE-003-fable5-20260813T012841Z-7a6fa701/fe47e0edfddff33562dac0fb44d4c1a38c2d9872252712ea6561c0066749ff2e.json | _staging/total-read/records-crosswalk/reread-20260728/FUNWAVE-003/FUNWAVE__raw__source_code__FUNWAVE-TVD__simple_cases__wave_coherence__Spectrum_Generator_for_WKDATA2D__Coherence_Spectrum.m.crosswalk.json,1,models/FUNWAVE/raw/source_code/FUNWAVE-TVD/simple_cases/wave_coherence/Spectrum_Generator_for_WKDATA2D/Coherence_Spectrum.m,
models/FUNWAVE/raw/source_code/FUNWAVE-TVD/simple_cases/wave_coherence/Spectrum_Generator_for_WKDATA2D/Get_Inputs.m,0b18bb8e5669ccac2c3e4e3dadd24f8e570a1bf9683e24d662e082f3767f245e,890,text/plain,.m,script-source,FUNWAVE-TVD,True,no explicit vendor marker found; retained in denominator,True,True,True,True,True,True,False,False,False,False,True,_staging/total-read/pending/reread-20260728/reread20260728-code-FUNWAVE-003-codexaudit-20260826T022957Z-453e6221/4cc14bea8f592afd61cbf5daef098fb36027502735bd379e467ccc41a9f5db9e.json | _staging/total-read/pending/reread-20260728/reread20260728-code-FUNWAVE-003-fable5-20260813T012841Z-7a6fa701/4cc14bea8f592afd61cbf5daef098fb36027502735bd379e467ccc41a9f5db9e.json | _staging/total-read/records-crosswalk/reread-20260728/FUNWAVE-003/FUNWAVE__raw__source_code__FUNWAVE-TVD__simple_cases__wave_coherence__Spectrum_Generator_for_WKDATA2D__Get_Inputs.m.crosswalk.json,1,models/FUNWAVE/raw/source_code/FUNWAVE-TVD/simple_cases/wave_coherence/Spectrum_Generator_for_WKDATA2D/Get_Inputs.m,
models/FUNWAVE/raw/source_code/FUNWAVE-TVD/simple_cases/wave_coherence/Spectrum_Generator_for_WKDATA2D/Main.m,da4bcc585403d157d46cd4cda3a52e5965b8b91c326f2ae9b60b617c81af962c,1227,text/plain,.m,script-source,FUNWAVE-TVD,True,no explicit vendor marker found; retained in denominator,True,True,True,True,True,True,False,False,False,False,True,_staging/total-read/pending/reread-20260728/reread20260728-code-FUNWAVE-003-codexaudit-20260826T022957Z-453e6221/498d95e560867f0cf85fde930ac40f83eab0698fede2b5794850ad9ad4f338cc.json | _staging/total-read/pending/reread-20260728/reread20260728-code-FUNWAVE-003-fable5-20260813T012841Z-7a6fa701/498d95e560867f0cf85fde930ac40f83eab0698fede2b5794850ad9ad4f338cc.json | _staging/total-read/records-crosswalk/reread-20260728/FUNWAVE-003/FUNWAVE__raw__source_code__FUNWAVE-TVD__simple_cases__wave_coherence__Spectrum_Generator_for_WKDATA2D__Main.m.crosswalk.json,1,models/FUNWAVE/raw/source_code/FUNWAVE-TVD/simple_cases/wave_coherence/Spectrum_Generator_for_WKDATA2D/Main.m,
models/FUNWAVE/raw/source_code/FUNWAVE-TVD/simple_cases/wave_coherence/Spectrum_Generator_for_WKDATA2D/Plot_1Df.m,22437d5b3e6a46796865077cd52ae8dd3c3acbd7ac55da7d968e9cbb41c48204,1722,text/plain,.m,script-source,FUNWAVE-TVD,True,no explicit vendor marker found; retained in denominator,True,True,True,True,True,True,False,False,False,False,True,_staging/total-read/pending/reread-20260728/reread20260728-code-FUNWAVE-003-codexaudit-20260826T022957Z-453e6221/0d7084f79cffaa96284148ec48663630c8af975142506cb3e8c17037a508d31b.json | _staging/total-read/pending/reread-20260728/reread20260728-code-FUNWAVE-003-fable5-20260813T012841Z-7a6fa701/0d7084f79cffaa96284148ec48663630c8af975142506cb3e8c17037a508d31b.json | _staging/total-read/records-crosswalk/reread-20260728/FUNWAVE-003/FUNWAVE__raw__source_code__FUNWAVE-TVD__simple_cases__wave_coherence__Spectrum_Generator_for_WKDATA2D__Plot_1Df.m.crosswalk.json,1,models/FUNWAVE/raw/source_code/FUNWAVE-TVD/simple_cases/wave_coherence/Spectrum_Generator_for_WKDATA2D/Plot_1Df.m,
models/FUNWAVE/raw/source_code/FUNWAVE-TVD/simple_cases/wave_coherence/Spectrum_Generator_for_WKDATA2D/Plot_1Dth.m,121e7a9178c9d4169e7aa61cad940a3c24095f479aa1177a5c1b3c63e64c7096,1355,text/plain,.m,script-source,FUNWAVE-TVD,True,no explicit vendor marker found; retained in denominator,True,True,True,True,True,True,False,False,False,False,True,_staging/total-read/pending/reread-20260728/reread20260728-code-FUNWAVE-003-codexaudit-20260826T022957Z-453e6221/295ac3d46b112744f3f92f7b52949046ca42c41db9780ce72a142dde05eb6aa0.json | _staging/total-read/pending/reread-20260728/reread20260728-code-FUNWAVE-003-fable5-20260813T012841Z-7a6fa701/295ac3d46b112744f3f92f7b52949046ca42c41db9780ce72a142dde05eb6aa0.json | _staging/total-read/records-crosswalk/reread-20260728/FUNWAVE-003/FUNWAVE__raw__source_code__FUNWAVE-TVD__simple_cases__wave_coherence__Spectrum_Generator_for_WKDATA2D__Plot_1Dth.m.crosswalk.json,1,models/FUNWAVE/raw/source_code/FUNWAVE-TVD/simple_cases/wave_coherence/Spectrum_Generator_for_WKDATA2D/Plot_1Dth.m,
models/FUNWAVE/raw/source_code/FUNWAVE-TVD/simple_cases/wave_coherence/Spectrum_Generator_for_WKDATA2D/Plot_2D.m,34ca037ac3f8fedb726260d0cf4cb8c53885d675ed95e59a736b40672e967487,775,text/plain,.m,script-source,FUNWAVE-TVD,True,no explicit vendor marker found; retained in denominator,True,True,True,True,True,True,False,False,False,False,True,_staging/total-read/pending/reread-20260728/reread20260728-code-FUNWAVE-003-codexaudit-20260826T022957Z-453e6221/c2f287f2d309ce3af76d3c8ba7b7e2b75d35ea6eb5f817ec0d5abcc492671bcb.json | _staging/total-read/pending/reread-20260728/reread20260728-code-FUNWAVE-003-fable5-20260813T012841Z-7a6fa701/c2f287f2d309ce3af76d3c8ba7b7e2b75d35ea6eb5f817ec0d5abcc492671bcb.json | _staging/total-read/records-crosswalk/reread-20260728/FUNWAVE-003/FUNWAVE__raw__source_code__FUNWAVE-TVD__simple_cases__wave_coherence__Spectrum_Generator_for_WKDATA2D__Plot_2D.m.crosswalk.json,1,models/FUNWAVE/raw/source_code/FUNWAVE-TVD/simple_cases/wave_coherence/Spectrum_Generator_for_WKDATA2D/Plot_2D.m,
models/FUNWAVE/raw/source_code/FUNWAVE-TVD/simple_cases/wave_coherence/Spectrum_Generator_for_WKDATA2D/Write_to_file.m,933941ec1f3666d4263984c43aaf0e35494b2bbc57a714970eac625a0237056f,1079,text/plain,.m,script-source,FUNWAVE-TVD,True,no explicit vendor marker found; retained in denominator,True,True,True,True,True,True,False,False,False,False,True,_staging/total-read/pending/reread-20260728/reread20260728-code-FUNWAVE-004-codexaudit-20260826T022957Z-8833a3a8/b340c3797fce3603cc9f7b62903b9dd12939823418da7e234c22e9e420f10ce5.json | _staging/total-read/pending/reread-20260728/reread20260728-code-FUNWAVE-004-fable5-20260813T012841Z-cf6786b6/b340c3797fce3603cc9f7b62903b9dd12939823418da7e234c22e9e420f10ce5.json | _staging/total-read/records-crosswalk/reread-20260728/FUNWAVE-004/FUNWAVE__raw__source_code__FUNWAVE-TVD__simple_cases__wave_coherence__Spectrum_Generator_for_WKDATA2D__Write_to_file.m.crosswalk.json,1,models/FUNWAVE/raw/source_code/FUNWAVE-TVD/simple_cases/wave_coherence/Spectrum_Generator_for_WKDATA2D/Write_to_file.m,
models/FUNWAVE/raw/source_code/FUNWAVE-TVD/simple_cases/wave_coherence/Spectrum_Generator_for_WKDATA2D/Zero_Coherence_Spectrum.m,dfd24477c6405e86bd7fdd54e45028ace783679688def64565d894b4ce29997e,2377,text/plain,.m,script-source,FUNWAVE-TVD,True,no explicit vendor marker found; retained in denominator,True,True,True,True,True,True,False,False,False,False,True,_staging/total-read/pending/reread-20260728/reread20260728-code-FUNWAVE-004-codexaudit-20260826T022957Z-8833a3a8/eebf150c9d96d8c2ebd7d8b7c968a9e95990c15e56072be40d755245e68d14b1.json | _staging/total-read/pending/reread-20260728/reread20260728-code-FUNWAVE-004-fable5-20260813T012841Z-cf6786b6/eebf150c9d96d8c2ebd7d8b7c968a9e95990c15e56072be40d755245e68d14b1.json | _staging/total-read/records-crosswalk/reread-20260728/FUNWAVE-004/FUNWAVE__raw__source_code__FUNWAVE-TVD__simple_cases__wave_coherence__Spectrum_Generator_for_WKDATA2D__Zero_Coherence_Spectrum.m.crosswalk.json,1,models/FUNWAVE/raw/source_code/FUNWAVE-TVD/simple_cases/wave_coherence/Spectrum_Generator_for_WKDATA2D/Zero_Coherence_Spectrum.m,
models/FUNWAVE/raw/source_code/FUNWAVE-TVD/simple_cases/wave_coherence/Spectrum_Generator_for_WKDATA2D/figures/2D_Spectrum_0p.png,112802b90a2b9b2dc67e76d7ca495ba7613ad9d8d95cc65668652f1c9fb74427,112609,image/png,.png,image-or-media,FUNWAVE-TVD,True,no explicit vendor marker found; retained in denominator,False,False,False,False,False,False,False,False,False,True,False,_staging/total-read/records/binauto-code_FUNWAVE.jsonl,1,models/FUNWAVE/raw/source_code/FUNWAVE-TVD/simple_cases/wave_coherence/Spectrum_Generator_for_WKDATA2D/figures/2D_Spectrum_0p.png,
models/FUNWAVE/raw/source_code/FUNWAVE-TVD/simple_cases/wave_coherence/Spectrum_Generator_for_WKDATA2D/figures/2D_Spectrum_100p.png,44ae92dd8bfc728f6163dc022311958e67aff638969ca65f5b187c512c62c8ea,97501,image/png,.png,image-or-media,FUNWAVE-TVD,True,no explicit vendor marker found; retained in denominator,False,False,False,False,False,False,False,False,False,True,False,_staging/total-read/records/binauto-code_FUNWAVE.jsonl,1,models/FUNWAVE/raw/source_code/FUNWAVE-TVD/simple_cases/wave_coherence/Spectrum_Generator_for_WKDATA2D/figures/2D_Spectrum_100p.png,
models/FUNWAVE/raw/source_code/FUNWAVE-TVD/simple_cases/wave_coherence/Spectrum_Generator_for_WKDATA2D/figures/2D_Spectrum_50p.png,b74fc1cdc34d535962f78fd6253691babd1c4f2277add574403decde09da4db4,126420,image/png,.png,image-or-media,FUNWAVE-TVD,True,no explicit vendor marker found; retained in denominator,False,False,False,False,False,False,False,False,False,True,False,_staging/total-read/records/binauto-code_FUNWAVE.jsonl,1,models/FUNWAVE/raw/source_code/FUNWAVE-TVD/simple_cases/wave_coherence/Spectrum_Generator_for_WKDATA2D/figures/2D_Spectrum_50p.png,
models/FUNWAVE/raw/source_code/FUNWAVE-TVD/simple_cases/wave_coherence/Spectrum_Generator_for_WKDATA2D/figures/2D_Spectrum_detail_0p.png,2ea412198e5c195ac441782195bb7ea522bf1957684095412ddc7d5a68d6c30f,46419,image/png,.png,image-or-media,FUNWAVE-TVD,True,no explicit vendor marker found; retained in denominator,False,False,False,False,False,False,False,False,False,True,False,_staging/total-read/records/binauto-code_FUNWAVE.jsonl,1,models/FUNWAVE/raw/source_code/FUNWAVE-TVD/simple_cases/wave_coherence/Spectrum_Generator_for_WKDATA2D/figures/2D_Spectrum_detail_0p.png,
models/FUNWAVE/raw/source_code/FUNWAVE-TVD/simple_cases/wave_coherence/Spectrum_Generator_for_WKDATA2D/figures/2D_Spectrum_detail_100p.png,451afcbaa2a864b578a8365bd4e55e8a0ed615457b536ae1fca1a1f43463b73a,40551,image/png,.png,image-or-media,FUNWAVE-TVD,True,no explicit vendor marker found; retained in denominator,False,False,False,False,False,False,False,False,False,True,False,_staging/total-read/records/binauto-code_FUNWAVE.jsonl,1,models/FUNWAVE/raw/source_code/FUNWAVE-TVD/simple_cases/wave_coherence/Spectrum_Generator_for_WKDATA2D/figures/2D_Spectrum_detail_100p.png,
models/FUNWAVE/raw/source_code/FUNWAVE-TVD/simple_cases/wave_coherence/Spectrum_Generator_for_WKDATA2D/figures/2D_Spectrum_detail_50p.png,794b3b750272d52051f41664d97e00e93d0358368039c55cae8e52c3d7d3fae9,48137,image/png,.png,image-or-media,FUNWAVE-TVD,True,no explicit vendor marker found; retained in denominator,False,False,False,False,False,False,False,False,False,True,False,_staging/total-read/records/binauto-code_FUNWAVE.jsonl,1,models/FUNWAVE/raw/source_code/FUNWAVE-TVD/simple_cases/wave_coherence/Spectrum_Generator_for_WKDATA2D/figures/2D_Spectrum_detail_50p.png,
models/FUNWAVE/raw/source_code/FUNWAVE-TVD/simple_cases/wave_coherence/Spectrum_Generator_for_WKDATA2D/generate_data2d_input_from_wknewirr_LOG.m,2be37033851f10f97fb9b8fe8a5498c86c90b52516a014cbe4865933fe95b29c,1353,text/plain,.m,script-source,FUNWAVE-TVD,True,no explicit vendor marker found; retained in denominator,True,True,True,True,True,True,False,False,False,False,True,_staging/total-read/pending/reread-20260728/reread20260728-code-FUNWAVE-004-codexaudit-20260826T022957Z-8833a3a8/8b0781b08b934ac26ca66a74946ec4777c403786ab244e331b6a148d8c9408c3.json | _staging/total-read/pending/reread-20260728/reread20260728-code-FUNWAVE-004-fable5-20260813T012841Z-cf6786b6/8b0781b08b934ac26ca66a74946ec4777c403786ab244e331b6a148d8c9408c3.json | _staging/total-read/records-crosswalk/reread-20260728/FUNWAVE-004/FUNWAVE__raw__source_code__FUNWAVE-TVD__simple_cases__wave_coherence__Spectrum_Generator_for_WKDATA2D__generate_data2d_input_from_wknewirr_LOG.m.crosswalk.json,1,models/FUNWAVE/raw/source_code/FUNWAVE-TVD/simple_cases/wave_coherence/Spectrum_Generator_for_WKDATA2D/generate_data2d_input_from_wknewirr_LOG.m,
models/FUNWAVE/raw/source_code/FUNWAVE-TVD/simple_cases/wave_coherence/Spectrum_Generator_for_WKDATA2D/inputs.mat,59929328de9c4f611ba1fbbec91f8afc56568ad7057f3b3fa08e15d94888116e,862,application/x-matlab-data,.mat,case-data-or-output,FUNWAVE-TVD,True,no explicit vendor marker found; retained in denominator,False,False,False,False,False,False,False,False,False,True,False,_staging/total-read/records/binauto-code_FUNWAVE.jsonl,1,models/FUNWAVE/raw/source_code/FUNWAVE-TVD/simple_cases/wave_coherence/Spectrum_Generator_for_WKDATA2D/inputs.mat,
models/FUNWAVE/raw/source_code/FUNWAVE-TVD/src/.DS_Store,d65165279105ca6773180500688df4bdc69a2c7b771752f0a46ef120b7fd8ec3,6148,application/octet-stream,[none],other-binary-or-data,FUNWAVE-TVD,True,no explicit vendor marker found; retained in denominator,False,False,False,False,False,False,False,False,False,True,False,_staging/total-read/records/binauto-code_FUNWAVE.jsonl,14,models/FUNWAVE/raw/source_code/FUNWAVE-TVD/funwave-work/.DS_Store,models/FUNWAVE/raw/source_code/FUNWAVE-TVD/funwave-work/.DS_Store | models/FUNWAVE/raw/source_code/FUNWAVE-TVD/simple_cases/beach_2d_radiation/.DS_Store | models/FUNWAVE/raw/source_code/FUNWAVE-TVD/simple_cases/rain_on_hills/postprocessing/.DS_Store | models/FUNWAVE/raw/source_code/FUNWAVE-TVD/simple_cases/surface_wave_1d/input_files/.DS_Store | models/FUNWAVE/raw/source_code/FUNWAVE-TVD/simple_cases/tide_abs_1bc_constant/work/.DS_Store | models/FUNWAVE/raw/source_code/FUNWAVE-TVD/simple_cases/tide_abs_2bc_data/.DS_Store | models/FUNWAVE/raw/source_code/FUNWAVE-TVD/simple_cases/tide_frf_abc_data/plots/.DS_Store | models/FUNWAVE/raw/source_code/FUNWAVE-TVD/simple_cases/tide_gen_abs_data/.DS_Store | models/FUNWAVE/raw/source_code/FUNWAVE-TVD/simple_cases/tide_time_spectra/.DS_Store | models/FUNWAVE/raw/source_code/FUNWAVE-TVD/simple_cases/tohoku_tsunami/work/.DS_Store | models/FUNWAVE/raw/source_code/FUNWAVE-TVD/simple_cases/vertical_velocity_structure/plots/.DS_Store | models/FUNWAVE/raw/source_code/FUNWAVE-TVD/simple_cases/vessel_propeller_effect/vessel/.DS_Store | models/FUNWAVE/raw/source_code/FUNWAVE-TVD/simple_cases/vessel_propeller_effect/vessel_propeller/.DS_Store | models/FUNWAVE/raw/source_code/FUNWAVE-TVD/src/.DS_Store
models/FUNWAVE/raw/source_code/FUNWAVE-TVD/src/Makefile-Jim-SGI,110e2e72ebb86b5b8048f5fc48fc5845be50eb5797849ca490bba0afbeea381c,4240,text/x-file,[none],documentation-or-build-text,FUNWAVE-TVD,True,no explicit vendor marker found; retained in denominator,False,True,False,False,False,False,True,False,False,False,True,_staging/total-read/pending/reread-20260728/reread20260728-doc-FUNWAVE-014-codex-20260811T022237Z-ac043304/aff89866471a692d3655decafa12560fbdb5baa2a5d64e9ab5ed316769d53df7.json,2,models/FUNWAVE/raw/source_code/FUNWAVE-TVD/GNUMake/Old_Version_Makefiles/Makefile-Jim-SGI,models/FUNWAVE/raw/source_code/FUNWAVE-TVD/GNUMake/Old_Version_Makefiles/Makefile-Jim-SGI | models/FUNWAVE/raw/source_code/FUNWAVE-TVD/src/Makefile-Jim-SGI
models/FUNWAVE/raw/source_code/FUNWAVE-TVD/src/Makefile-Jim-intel,5aca9f12769060a12442fb66f6fe633bc12b01864b9b1f6dadd216b261a6f342,4238,text/x-file,[none],documentation-or-build-text,FUNWAVE-TVD,True,no explicit vendor marker found; retained in denominator,False,True,False,False,False,False,True,False,False,False,True,_staging/total-read/pending/reread-20260728/reread20260728-doc-FUNWAVE-014-codex-20260811T022237Z-ac043304/777a7e8a2efc9986a33c39aaf442b4107f1b0a24283c8845fed70c24989c6969.json,2,models/FUNWAVE/raw/source_code/FUNWAVE-TVD/GNUMake/Old_Version_Makefiles/Makefile-Jim-intel,models/FUNWAVE/raw/source_code/FUNWAVE-TVD/GNUMake/Old_Version_Makefiles/Makefile-Jim-intel | models/FUNWAVE/raw/source_code/FUNWAVE-TVD/src/Makefile-Jim-intel
models/FUNWAVE/raw/source_code/FUNWAVE-TVD/src/bc.F,e8639ff41047888ae04988bb743bd5d2b1629ff374014643a017bceda0b203d8,32127,text/plain,.f,solver-or-case-source,FUNWAVE-TVD,True,no explicit vendor marker found; retained in denominator,True,True,True,True,True,True,False,False,False,False,True,_staging/total-read/pending/reread-20260728/reread20260728-code-FUNWAVE-004-codexaudit-20260826T022957Z-8833a3a8/69c75f4b8bb91d239ded4d9f3775da3e5aae4fea657cedc07d86c69a69b40877.json | _staging/total-read/pending/reread-20260728/reread20260728-code-FUNWAVE-004-fable5-20260813T012841Z-cf6786b6/69c75f4b8bb91d239ded4d9f3775da3e5aae4fea657cedc07d86c69a69b40877.json | _staging/total-read/records-crosswalk/reread-20260728/FUNWAVE-004/FUNWAVE__raw__source_code__FUNWAVE-TVD__src__bc.F.crosswalk.json,1,models/FUNWAVE/raw/source_code/FUNWAVE-TVD/src/bc.F,
models/FUNWAVE/raw/source_code/FUNWAVE-TVD/src/breaker.F,b1c2ee621eb61091288b3d3f139493607a49d377fbd73ba5be4303c5cce3bb10,11613,text/plain,.f,solver-or-case-source,FUNWAVE-TVD,True,no explicit vendor marker found; retained in denominator,True,True,True,True,True,True,False,False,False,False,True,_staging/total-read/pending/reread-20260728/reread20260728-code-FUNWAVE-004-codexaudit-20260826T022957Z-8833a3a8/42f7dc76abdfdd390b820ec7824e050a714b46694b9f2e7e0e040f2270179e95.json | _staging/total-read/pending/reread-20260728/reread20260728-code-FUNWAVE-004-fable5-20260813T012841Z-cf6786b6/42f7dc76abdfdd390b820ec7824e050a714b46694b9f2e7e0e040f2270179e95.json | _staging/total-read/records-crosswalk/reread-20260728/FUNWAVE-004/FUNWAVE__raw__source_code__FUNWAVE-TVD__src__breaker.F.crosswalk.json,1,models/FUNWAVE/raw/source_code/FUNWAVE-TVD/src/breaker.F,
models/FUNWAVE/raw/source_code/FUNWAVE-TVD/src/derivatives.F,d53019e11741de38138f16de47704786d9b116f2c9a90bd5c72c6101b0c4b53e,14293,text/plain,.f,solver-or-case-source,FUNWAVE-TVD,True,no explicit vendor marker found; retained in denominator,True,True,True,True,True,True,False,False,False,False,True,_staging/total-read/pending/reread-20260728/reread20260728-code-FUNWAVE-004-codexaudit-20260826T022957Z-8833a3a8/321c2b67b15496a2e43274dc73689cd5024d5b54cb2f4244ba1f39d1659a2b00.json | _staging/total-read/pending/reread-20260728/reread20260728-code-FUNWAVE-004-fable5-20260813T012841Z-cf6786b6/321c2b67b15496a2e43274dc73689cd5024d5b54cb2f4244ba1f39d1659a2b00.json | _staging/total-read/records-crosswalk/reread-20260728/FUNWAVE-004/FUNWAVE__raw__source_code__FUNWAVE-TVD__src__derivatives.F.crosswalk.json,2,models/FUNWAVE/raw/source_code/FUNWAVE-GPU/src/derivatives.F,models/FUNWAVE/raw/source_code/FUNWAVE-GPU/src/derivatives.F | models/FUNWAVE/raw/source_code/FUNWAVE-TVD/src/derivatives.F
models/FUNWAVE/raw/source_code/FUNWAVE-TVD/src/dispersion.F,fbd39b2ae8c34b6708815aea9627406acd0824aecceed6df35d094ed77940d45,18721,text/plain,.f,solver-or-case-source,FUNWAVE-TVD,True,no explicit vendor marker found; retained in denominator,True,True,True,True,True,True,False,False,False,False,True,_staging/total-read/pending/reread-20260728/reread20260728-code-FUNWAVE-004-codexaudit-20260826T022957Z-8833a3a8/b1124416cc2df0aea1844b47e9c50b1b9e25d2fcc342e6e2622575c9928123e5.json | _staging/total-read/pending/reread-20260728/reread20260728-code-FUNWAVE-004-fable5-20260813T012841Z-cf6786b6/b1124416cc2df0aea1844b47e9c50b1b9e25d2fcc342e6e2622575c9928123e5.json | _staging/total-read/records-crosswalk/reread-20260728/FUNWAVE-004/FUNWAVE__raw__source_code__FUNWAVE-TVD__src__dispersion.F.crosswalk.json,1,models/FUNWAVE/raw/source_code/FUNWAVE-TVD/src/dispersion.F,
models/FUNWAVE/raw/source_code/FUNWAVE-TVD/src/etauv_solver.F,2701f3b31405ba66650d907268afb70a4103c574f5174a5d18a446cd794fc3b0,19770,text/plain,.f,solver-or-case-source,FUNWAVE-TVD,True,no explicit vendor marker found; retained in denominator,True,True,True,True,True,True,False,False,False,False,True,_staging/total-read/pending/reread-20260728/reread20260728-code-FUNWAVE-004-codexaudit-20260826T022957Z-8833a3a8/01855c8f6d7deaec9b716275caece275038814933b48202f9583806a6bea5608.json | _staging/total-read/pending/reread-20260728/reread20260728-code-FUNWAVE-004-fable5-20260813T012841Z-cf6786b6/01855c8f6d7deaec9b716275caece275038814933b48202f9583806a6bea5608.json | _staging/total-read/records-crosswalk/reread-20260728/FUNWAVE-004/FUNWAVE__raw__source_code__FUNWAVE-TVD__src__etauv_solver.F.crosswalk.json,1,models/FUNWAVE/raw/source_code/FUNWAVE-TVD/src/etauv_solver.F,
models/FUNWAVE/raw/source_code/FUNWAVE-TVD/src/files.txt,90789a22dd66a2ab3a47ee4f3871d8aacbe40ab613770672acbcc99f46080592,6552,text/plain,.txt,documentation-or-build-text,FUNWAVE-TVD,True,no explicit vendor marker found; retained in denominator,False,True,False,False,False,False,True,False,False,False,True,_staging/total-read/pending/reread-20260728/reread20260728-doc-FUNWAVE-014-codex-20260811T022237Z-ac043304/f871c43d3761ba283fec603ec46f9243242d9cab3cb87d0ac6a578cfbf390d69.json,1,models/FUNWAVE/raw/source_code/FUNWAVE-TVD/src/files.txt,
models/FUNWAVE/raw/source_code/FUNWAVE-TVD/src/fluxes.F,349f400afcc35d62b681002fcb2417014c019793c713800710c70d522a6050c1,88196,text/plain,.f,solver-or-case-source,FUNWAVE-TVD,True,no explicit vendor marker found; retained in denominator,True,True,True,True,True,True,False,False,False,False,True,_staging/total-read/pending/reread-20260728/reread20260728-code-FUNWAVE-004-codexaudit-20260826T022957Z-8833a3a8/87252ada30770063aa59bf90c0ac7ec61770a0d7bc3782171fc6a6ab69d1e81a.json | _staging/total-read/pending/reread-20260728/reread20260728-code-FUNWAVE-004-fable5-20260813T012841Z-cf6786b6/87252ada30770063aa59bf90c0ac7ec61770a0d7bc3782171fc6a6ab69d1e81a.json | _staging/total-read/records-crosswalk/reread-20260728/FUNWAVE-004/FUNWAVE__raw__source_code__FUNWAVE-TVD__src__fluxes.F.crosswalk.json,1,models/FUNWAVE/raw/source_code/FUNWAVE-TVD/src/fluxes.F,
models/FUNWAVE/raw/source_code/FUNWAVE-TVD/src/fluxes_21v.F,3af62b15bbaafde1983374096d354225c1f70f93fa0cf16f5978aa8d1b92e19b,40899,text/plain,.f,solver-or-case-source,FUNWAVE-TVD,True,no explicit vendor marker found; retained in denominator,True,True,True,True,True,True,False,False,False,False,True,_staging/total-read/pending/reread-20260728/reread20260728-code-FUNWAVE-004-codexaudit-20260826T022957Z-8833a3a8/30e11b3b79ebe8cbc27609157a8a485ddfd39d5bd9c7188d8bd60416429c95c2.json | _staging/total-read/pending/reread-20260728/reread20260728-code-FUNWAVE-004-fable5-20260813T012841Z-cf6786b6/30e11b3b79ebe8cbc27609157a8a485ddfd39d5bd9c7188d8bd60416429c95c2.json | _staging/total-read/records-crosswalk/reread-20260728/FUNWAVE-004/FUNWAVE__raw__source_code__FUNWAVE-TVD__src__fluxes_21v.F.crosswalk.json,1,models/FUNWAVE/raw/source_code/FUNWAVE-TVD/src/fluxes_21v.F,
models/FUNWAVE/raw/source_code/FUNWAVE-TVD/src/fluxes_33v.F,28bd475a041b1612f064e9272c54ccb347f03c3e7c4ad7de6fdc0cdd15721a77,58671,text/plain,.f,solver-or-case-source,FUNWAVE-TVD,True,no explicit vendor marker found; retained in denominator,True,True,True,True,True,True,False,False,False,False,True,_staging/total-read/pending/reread-20260728/reread20260728-code-FUNWAVE-004-codexaudit-20260826T022957Z-8833a3a8/6390e1cbff69bc4a2e3ed4bd5df41b12861ddffbe7dacaefb14b8b8a5903dadc.json | _staging/total-read/pending/reread-20260728/reread20260728-code-FUNWAVE-004-fable5-20260813T012841Z-cf6786b6/6390e1cbff69bc4a2e3ed4bd5df41b12861ddffbe7dacaefb14b8b8a5903dadc.json | _staging/total-read/records-crosswalk/reread-20260728/FUNWAVE-004/FUNWAVE__raw__source_code__FUNWAVE-TVD__src__fluxes_33v.F.crosswalk.json,1,models/FUNWAVE/raw/source_code/FUNWAVE-TVD/src/fluxes_33v.F,
models/FUNWAVE/raw/source_code/FUNWAVE-TVD/src/init.F,e70758ebe753622c73eca2d61f4254db85b04a14547cfadc6c3d01b06ac587c4,38416,text/plain,.f,solver-or-case-source,FUNWAVE-TVD,True,no explicit vendor marker found; retained in denominator,True,True,True,True,True,True,False,False,False,False,True,_staging/total-read/pending/reread-20260728/reread20260728-code-FUNWAVE-004-codexaudit-20260826T022957Z-8833a3a8/5ea916fb66dfbd0635b28293f1ee1e2bdeb78452d0af3302ac137405454932ab.json | _staging/total-read/pending/reread-20260728/reread20260728-code-FUNWAVE-004-fable5-20260813T012841Z-cf6786b6/5ea916fb66dfbd0635b28293f1ee1e2bdeb78452d0af3302ac137405454932ab.json | _staging/total-read/records-crosswalk/reread-20260728/FUNWAVE-004/FUNWAVE__raw__source_code__FUNWAVE-TVD__src__init.F.crosswalk.json,1,models/FUNWAVE/raw/source_code/FUNWAVE-TVD/src/init.F,
models/FUNWAVE/raw/source_code/FUNWAVE-TVD/src/io.F,bc14cdfea0718b890ac41b4c5b3440311da15e460526f46b10d69f12deb43730,165998,text/plain,.f,solver-or-case-source,FUNWAVE-TVD,True,no explicit vendor marker found; retained in denominator,True,True,True,True,True,True,False,False,False,False,True,_staging/total-read/pending/reread-20260728/reread20260728-code-FUNWAVE-004-codexaudit-20260826T022957Z-8833a3a8/8e5a290831c949f28c4c0f9f6d7aa3e7b9ce7173fc10aea125f9e0a4073109e8.json | _staging/total-read/pending/reread-20260728/reread20260728-code-FUNWAVE-004-fable5-20260813T012841Z-cf6786b6/8e5a290831c949f28c4c0f9f6d7aa3e7b9ce7173fc10aea125f9e0a4073109e8.json | _staging/total-read/records-crosswalk/reread-20260728/FUNWAVE-004/FUNWAVE__raw__source_code__FUNWAVE-TVD__src__io.F.crosswalk.json,1,models/FUNWAVE/raw/source_code/FUNWAVE-TVD/src/io.F,
models/FUNWAVE/raw/source_code/FUNWAVE-TVD/src/main.F,ac29522ea28dede9317773da77cad83e794caea9050b267393f61e5a78a632b9,15292,text/plain,.f,solver-or-case-source,FUNWAVE-TVD,True,no explicit vendor marker found; retained in denominator,True,True,True,True,True,True,False,False,False,False,True,_staging/total-read/pending/reread-20260728/reread20260728-code-FUNWAVE-004-codexaudit-20260826T022957Z-8833a3a8/b185e375b0d0b9226b65858bf0af04d19cd0e5c6da631a4f1626894baaff6f89.json | _staging/total-read/pending/reread-20260728/reread20260728-code-FUNWAVE-004-fable5-20260813T012841Z-cf6786b6/b185e375b0d0b9226b65858bf0af04d19cd0e5c6da631a4f1626894baaff6f89.json | _staging/total-read/records-crosswalk/reread-20260728/FUNWAVE-004/FUNWAVE__raw__source_code__FUNWAVE-TVD__src__main.F.crosswalk.json,1,models/FUNWAVE/raw/source_code/FUNWAVE-TVD/src/main.F,
models/FUNWAVE/raw/source_code/FUNWAVE-TVD/src/masks.F,b6e8c16ef8c826edbc2cf683893bd439b4aa69169b28556f7cdf5c83d9a29412,7491,text/plain,.f,solver-or-case-source,FUNWAVE-TVD,True,no explicit vendor marker found; retained in denominator,True,True,True,True,True,True,False,False,False,False,True,_staging/total-read/pending/reread-20260728/reread20260728-code-FUNWAVE-004-codexaudit-20260826T022957Z-8833a3a8/44c5cf28aa282477704de1dbcd937b509365a98187957f24e88dc4e21e306830.json | _staging/total-read/pending/reread-20260728/reread20260728-code-FUNWAVE-004-fable5-20260813T012841Z-cf6786b6/44c5cf28aa282477704de1dbcd937b509365a98187957f24e88dc4e21e306830.json | _staging/total-read/records-crosswalk/reread-20260728/FUNWAVE-004/FUNWAVE__raw__source_code__FUNWAVE-TVD__src__masks.F.crosswalk.json,1,models/FUNWAVE/raw/source_code/FUNWAVE-TVD/src/masks.F,
models/FUNWAVE/raw/source_code/FUNWAVE-TVD/src/misc.F,fe4f1c12481908e7f1c397384360d35bcb4ebd17e4e41a388bf7af4148052a78,15343,text/plain,.f,solver-or-case-source,FUNWAVE-TVD,True,no explicit vendor marker found; retained in denominator,True,True,True,True,True,True,False,False,False,False,True,_staging/total-read/pending/reread-20260728/reread20260728-code-FUNWAVE-004-codexaudit-20260826T022957Z-8833a3a8/3224ddf101ebbe3495178ad0df8bb7783e714ee04d0f8fd4d8f91fe20d6ca5f6.json | _staging/total-read/pending/reread-20260728/reread20260728-code-FUNWAVE-004-fable5-20260813T012841Z-cf6786b6/3224ddf101ebbe3495178ad0df8bb7783e714ee04d0f8fd4d8f91fe20d6ca5f6.json | _staging/total-read/records-crosswalk/reread-20260728/FUNWAVE-004/FUNWAVE__raw__source_code__FUNWAVE-TVD__src__misc.F.crosswalk.json,1,models/FUNWAVE/raw/source_code/FUNWAVE-TVD/src/misc.F,
models/FUNWAVE/raw/source_code/FUNWAVE-TVD/src/mixing.F,6ade4eb4c9d0887c3732bdb10e6c935f907adc15cab78dfd364ef338676c1d46,12853,text/plain,.f,solver-or-case-source,FUNWAVE-TVD,True,no explicit vendor marker found; retained in denominator,True,True,True,True,True,True,False,False,False,False,True,_staging/total-read/pending/reread-20260728/reread20260728-code-FUNWAVE-004-fable5-20260813T012841Z-cf6786b6/c1dde34920c5c927c0c0348f6ee252836801d4808d27eb27a9a57ffe7e99a38b.json | _staging/total-read/pending/reread-20260728/reread20260728-code-FUNWAVE-004a-codexaudit-20260826T235047Z-4f05567c/c1dde34920c5c927c0c0348f6ee252836801d4808d27eb27a9a57ffe7e99a38b.json | _staging/total-read/records-crosswalk/reread-20260728/FUNWAVE-004/FUNWAVE__raw__source_code__FUNWAVE-TVD__src__mixing.F.crosswalk.json,1,models/FUNWAVE/raw/source_code/FUNWAVE-TVD/src/mixing.F,
models/FUNWAVE/raw/source_code/FUNWAVE-TVD/src/mixing_salatin.F,caf8c07ab26be8b5d3d3e9298a4c348dbfe93174cdb3ae68b10c5503cb03737b,8968,text/plain,.f,solver-or-case-source,FUNWAVE-TVD,True,no explicit vendor marker found; retained in denominator,True,True,True,True,True,True,False,False,False,False,True,_staging/total-read/pending/reread-20260728/reread20260728-code-FUNWAVE-004-fable5-20260813T012841Z-cf6786b6/19f6f6d286f17436325cb3cb1e4250d4a688dd24f9de6b10e4e5681f5a3ed23a.json | _staging/total-read/pending/reread-20260728/reread20260728-code-FUNWAVE-004b-codexaudit-20260826T235047Z-9ba829b8/19f6f6d286f17436325cb3cb1e4250d4a688dd24f9de6b10e4e5681f5a3ed23a.json | _staging/total-read/records-crosswalk/reread-20260728/FUNWAVE-004/FUNWAVE__raw__source_code__FUNWAVE-TVD__src__mixing_salatin.F.crosswalk.json,1,models/FUNWAVE/raw/source_code/FUNWAVE-TVD/src/mixing_salatin.F,
models/FUNWAVE/raw/source_code/FUNWAVE-TVD/src/mod_bathy_correction.F,9ca89833e33f837f0f6bea722505fa776199d77b5fcc64807c8c30e03dc728d7,9155,text/plain,.f,solver-or-case-source,FUNWAVE-TVD,True,no explicit vendor marker found; retained in denominator,True,True,True,True,True,True,False,False,False,False,True,_staging/total-read/pending/reread-20260728/reread20260728-code-FUNWAVE-004-fable5-20260813T012841Z-cf6786b6/cb8bbefe56f61a999af4d6917f429aa136e320cd0e00d4b55e5cece07d00bcd8.json | _staging/total-read/pending/reread-20260728/reread20260728-code-FUNWAVE-004c-codexaudit-20260826T235048Z-1a481a82/cb8bbefe56f61a999af4d6917f429aa136e320cd0e00d4b55e5cece07d00bcd8.json | _staging/total-read/records-crosswalk/reread-20260728/FUNWAVE-004/FUNWAVE__raw__source_code__FUNWAVE-TVD__src__mod_bathy_correction.F.crosswalk.json,1,models/FUNWAVE/raw/source_code/FUNWAVE-TVD/src/mod_bathy_correction.F,
models/FUNWAVE/raw/source_code/FUNWAVE-TVD/src/mod_foam.F,b5ce1352996a0535bcafef8ea697eab941c7a654ba5a95e32cf55cc07aa38a4d,15015,text/plain,.f,solver-or-case-source,FUNWAVE-TVD,True,no explicit vendor marker found; retained in denominator,True,True,True,True,True,True,False,False,False,False,True,_staging/total-read/pending/reread-20260728/reread20260728-code-FUNWAVE-004-fable5-20260813T012841Z-cf6786b6/cb28eb215c7c0ce7a9ae79de90721d617944fc0e7cafaefd328d2b3aa5645701.json | _staging/total-read/pending/reread-20260728/reread20260728-code-FUNWAVE-004a-codexaudit-20260826T235047Z-4f05567c/cb28eb215c7c0ce7a9ae79de90721d617944fc0e7cafaefd328d2b3aa5645701.json | _staging/total-read/records-crosswalk/reread-20260728/FUNWAVE-004/FUNWAVE__raw__source_code__FUNWAVE-TVD__src__mod_foam.F.crosswalk.json,1,models/FUNWAVE/raw/source_code/FUNWAVE-TVD/src/mod_foam.F,
models/FUNWAVE/raw/source_code/FUNWAVE-TVD/src/mod_foam_upwinding.F,dcedafd6fac2af714d0e9fc71ee8b2cb54b67f819e2c91054407d27286909cdb,15104,text/plain,.f,solver-or-case-source,FUNWAVE-TVD,True,no explicit vendor marker found; retained in denominator,True,True,True,True,True,True,False,False,False,False,True,_staging/total-read/pending/reread-20260728/reread20260728-code-FUNWAVE-004-fable5-20260813T012841Z-cf6786b6/b8b9a3fe7c0ea7a794bd3cd8ed78d943179f6d406da57af8b62b52eec48b4e13.json | _staging/total-read/pending/reread-20260728/reread20260728-code-FUNWAVE-004b-codexaudit-20260826T235047Z-9ba829b8/b8b9a3fe7c0ea7a794bd3cd8ed78d943179f6d406da57af8b62b52eec48b4e13.json | _staging/total-read/records-crosswalk/reread-20260728/FUNWAVE-004/FUNWAVE__raw__source_code__FUNWAVE-TVD__src__mod_foam_upwinding.F.crosswalk.json,1,models/FUNWAVE/raw/source_code/FUNWAVE-TVD/src/mod_foam_upwinding.F,
models/FUNWAVE/raw/source_code/FUNWAVE-TVD/src/mod_global.F,d10e246a9a9d91211e2be533273bcc80cc305af52959c9e7a0ce3a57e490b6d2,17485,text/plain,.f,solver-or-case-source,FUNWAVE-TVD,True,no explicit vendor marker found; retained in denominator,True,True,True,True,True,True,False,False,False,False,True,_staging/total-read/pending/reread-20260728/reread20260728-code-FUNWAVE-004-fable5-20260813T012841Z-cf6786b6/d69dba997f9c7591aa785cab45377ade42f66a55381d1ea94a8c879539c54a60.json | _staging/total-read/pending/reread-20260728/reread20260728-code-FUNWAVE-004c-codexaudit-20260826T235048Z-1a481a82/d69dba997f9c7591aa785cab45377ade42f66a55381d1ea94a8c879539c54a60.json | _staging/total-read/records-crosswalk/reread-20260728/FUNWAVE-004/FUNWAVE__raw__source_code__FUNWAVE-TVD__src__mod_global.F.crosswalk.json,1,models/FUNWAVE/raw/source_code/FUNWAVE-TVD/src/mod_global.F,
models/FUNWAVE/raw/source_code/FUNWAVE-TVD/src/mod_input.F,96e2ba8dadaae65fce38e3c80614cebcc60963d6d6b5729a492562760851f7a6,10071,text/plain,.f,solver-or-case-source,FUNWAVE-TVD,True,no explicit vendor marker found; retained in denominator,True,True,True,True,True,True,False,False,False,False,True,_staging/total-read/pending/reread-20260728/reread20260728-code-FUNWAVE-004-fable5-20260813T012841Z-cf6786b6/f2f64acc0d34d63cd36cceb85f9d10b8ae4d5d36b295eb17d9638a76576a94ae.json | _staging/total-read/pending/reread-20260728/reread20260728-code-FUNWAVE-004a-codexaudit-20260826T235047Z-4f05567c/f2f64acc0d34d63cd36cceb85f9d10b8ae4d5d36b295eb17d9638a76576a94ae.json | _staging/total-read/records-crosswalk/reread-20260728/FUNWAVE-004/FUNWAVE__raw__source_code__FUNWAVE-TVD__src__mod_input.F.crosswalk.json,1,models/FUNWAVE/raw/source_code/FUNWAVE-TVD/src/mod_input.F,
models/FUNWAVE/raw/source_code/FUNWAVE-TVD/src/mod_meteo.F,46876f51ca4bb90a152091081c8491e37f588746cd2675192a01d3eeb86db727,33290,text/plain,.f,solver-or-case-source,FUNWAVE-TVD,True,no explicit vendor marker found; retained in denominator,True,True,True,True,True,True,False,False,False,False,True,_staging/total-read/pending/reread-20260728/reread20260728-code-FUNWAVE-004-fable5-20260813T012841Z-cf6786b6/a95fe13602567139176550f517f787889029d5ca76edbf8ce378131b1dfd965a.json | _staging/total-read/pending/reread-20260728/reread20260728-code-FUNWAVE-004b-codexaudit-20260826T235047Z-9ba829b8/a95fe13602567139176550f517f787889029d5ca76edbf8ce378131b1dfd965a.json | _staging/total-read/records-crosswalk/reread-20260728/FUNWAVE-004/FUNWAVE__raw__source_code__FUNWAVE-TVD__src__mod_meteo.F.crosswalk.json,1,models/FUNWAVE/raw/source_code/FUNWAVE-TVD/src/mod_meteo.F,
models/FUNWAVE/raw/source_code/FUNWAVE-TVD/src/mod_parallel_field_io.F,7c0d29fcb02947a183bd49ec0aac403f12e0912eadfebcd868f9a424be571b5d,8316,text/plain,.f,solver-or-case-source,FUNWAVE-TVD,True,no explicit vendor marker found; retained in denominator,True,True,True,True,True,True,False,False,False,False,True,_staging/total-read/pending/reread-20260728/reread20260728-code-FUNWAVE-004-fable5-20260813T012841Z-cf6786b6/a6ce671ad27379ddbe26d3cbbfd1b7d76bedb62c6d0c031d86d93fef92628846.json | _staging/total-read/pending/reread-20260728/reread20260728-code-FUNWAVE-004c-codexaudit-20260826T235048Z-1a481a82/a6ce671ad27379ddbe26d3cbbfd1b7d76bedb62c6d0c031d86d93fef92628846.json | _staging/total-read/records-crosswalk/reread-20260728/FUNWAVE-004/FUNWAVE__raw__source_code__FUNWAVE-TVD__src__mod_parallel_field_io.F.crosswalk.json,1,models/FUNWAVE/raw/source_code/FUNWAVE-TVD/src/mod_parallel_field_io.F,
models/FUNWAVE/raw/source_code/FUNWAVE-TVD/src/mod_param.F,bded43978218a19bce766578bdf4cdbc329055dcc7b7b921989dc9094fa0f17f,3817,text/plain,.f,solver-or-case-source,FUNWAVE-TVD,True,no explicit vendor marker found; retained in denominator,True,True,True,True,True,True,False,False,False,False,True,_staging/total-read/pending/reread-20260728/reread20260728-code-FUNWAVE-004-fable5-20260813T012841Z-cf6786b6/327f8b392564c5f0977eddc46c7a0168c973e666fdd4a9356cbc4f1e7664aae4.json | _staging/total-read/pending/reread-20260728/reread20260728-code-FUNWAVE-004a-codexaudit-20260826T235047Z-4f05567c/327f8b392564c5f0977eddc46c7a0168c973e666fdd4a9356cbc4f1e7664aae4.json | _staging/total-read/records-crosswalk/reread-20260728/FUNWAVE-004/FUNWAVE__raw__source_code__FUNWAVE-TVD__src__mod_param.F.crosswalk.json,1,models/FUNWAVE/raw/source_code/FUNWAVE-TVD/src/mod_param.F,
models/FUNWAVE/raw/source_code/FUNWAVE-TVD/src/mod_precipitation.F,b5e574ecffc721183d9a691bb07c6cbcf2b9fd5fb86acd014c01565f88618f5b,9893,text/plain,.f,solver-or-case-source,FUNWAVE-TVD,True,no explicit vendor marker found; retained in denominator,True,True,True,True,True,True,False,False,False,False,True,_staging/total-read/pending/reread-20260728/reread20260728-code-FUNWAVE-004-fable5-20260813T012841Z-cf6786b6/b31271233325ce15b6fc49c2ac114b691b0a53f47698e09133a9ff28ba8bf054.json | _staging/total-read/pending/reread-20260728/reread20260728-code-FUNWAVE-004b-codexaudit-20260826T235047Z-9ba829b8/b31271233325ce15b6fc49c2ac114b691b0a53f47698e09133a9ff28ba8bf054.json | _staging/total-read/records-crosswalk/reread-20260728/FUNWAVE-004/FUNWAVE__raw__source_code__FUNWAVE-TVD__src__mod_precipitation.F.crosswalk.json,1,models/FUNWAVE/raw/source_code/FUNWAVE-TVD/src/mod_precipitation.F,
models/FUNWAVE/raw/source_code/FUNWAVE-TVD/src/mod_sediment.F,109c4951dcd5fcba376d7dacc61b4abc2d22793b7f034b26d643fb6de19275a4,50322,text/plain,.f,solver-or-case-source,FUNWAVE-TVD,True,no explicit vendor marker found; retained in denominator,True,True,True,True,True,True,False,False,False,False,True,_staging/total-read/pending/reread-20260728/reread20260728-code-FUNWAVE-004-fable5-20260813T012841Z-cf6786b6/3917e06f212c0735803e45aa45f4483948adc56a9d2994e3778f2d867bfc5a7e.json | _staging/total-read/pending/reread-20260728/reread20260728-code-FUNWAVE-004c-codexaudit-20260826T235048Z-1a481a82/3917e06f212c0735803e45aa45f4483948adc56a9d2994e3778f2d867bfc5a7e.json | _staging/total-read/records-crosswalk/reread-20260728/FUNWAVE-004/FUNWAVE__raw__source_code__FUNWAVE-TVD__src__mod_sediment.F.crosswalk.json,1,models/FUNWAVE/raw/source_code/FUNWAVE-TVD/src/mod_sediment.F,
models/FUNWAVE/raw/source_code/FUNWAVE-TVD/src/mod_subgrid.F,9ceff19fe08673c88b6ad975eba41f8cbe99297d60ed64153b154260bb851456,13659,text/plain,.f,solver-or-case-source,FUNWAVE-TVD,True,no explicit vendor marker found; retained in denominator,True,True,True,True,True,True,False,False,False,False,True,_staging/total-read/pending/reread-20260728/reread20260728-code-FUNWAVE-004-fable5-20260813T012841Z-cf6786b6/0b6b1a827cf238dfce536b0dccf1d04ff0081c73369bb98e0f32828298669039.json | _staging/total-read/pending/reread-20260728/reread20260728-code-FUNWAVE-004a-codexaudit-20260826T235047Z-4f05567c/0b6b1a827cf238dfce536b0dccf1d04ff0081c73369bb98e0f32828298669039.json | _staging/total-read/records-crosswalk/reread-20260728/FUNWAVE-004/FUNWAVE__raw__source_code__FUNWAVE-TVD__src__mod_subgrid.F.crosswalk.json,1,models/FUNWAVE/raw/source_code/FUNWAVE-TVD/src/mod_subgrid.F,
models/FUNWAVE/raw/source_code/FUNWAVE-TVD/src/mod_tide.F,0d5194cef6eaa2b3ad6f2b5ef812e86dba5111ac84273f846e85728dbbda41da,34082,text/plain,.f,solver-or-case-source,FUNWAVE-TVD,True,no explicit vendor marker found; retained in denominator,True,True,True,True,True,True,False,False,False,False,True,_staging/total-read/pending/reread-20260728/reread20260728-code-FUNWAVE-004-fable5-20260813T012841Z-cf6786b6/f597d299847a6c076ee5ee05c3fb629709c6d15ca6f577257ab6443daa627833.json | _staging/total-read/pending/reread-20260728/reread20260728-code-FUNWAVE-004b-codexaudit-20260826T235047Z-9ba829b8/f597d299847a6c076ee5ee05c3fb629709c6d15ca6f577257ab6443daa627833.json | _staging/total-read/records-crosswalk/reread-20260728/FUNWAVE-004/FUNWAVE__raw__source_code__FUNWAVE-TVD__src__mod_tide.F.crosswalk.json,1,models/FUNWAVE/raw/source_code/FUNWAVE-TVD/src/mod_tide.F,
models/FUNWAVE/raw/source_code/FUNWAVE-TVD/src/mod_time_spectra.F,f7e5068997dc0bdb90ac31aa34bd83bec981972a12759e1feceaf00dc8c6575b,16692,text/plain,.f,solver-or-case-source,FUNWAVE-TVD,True,no explicit vendor marker found; retained in denominator,True,True,True,True,True,True,False,False,False,False,True,_staging/total-read/pending/reread-20260728/reread20260728-code-FUNWAVE-004-fable5-20260813T012841Z-cf6786b6/f3bfc5257fca181abde5772351b9924eda3e2cebf48bb3700ea350f8b99dc3d2.json | _staging/total-read/pending/reread-20260728/reread20260728-code-FUNWAVE-004c-codexaudit-20260826T235048Z-1a481a82/f3bfc5257fca181abde5772351b9924eda3e2cebf48bb3700ea350f8b99dc3d2.json | _staging/total-read/records-crosswalk/reread-20260728/FUNWAVE-004/FUNWAVE__raw__source_code__FUNWAVE-TVD__src__mod_time_spectra.F.crosswalk.json,1,models/FUNWAVE/raw/source_code/FUNWAVE-TVD/src/mod_time_spectra.F,
models/FUNWAVE/raw/source_code/FUNWAVE-TVD/src/mod_tracer.F,4fadd96e57ef55ff1b7e6fb7e91d9e1968d6904f0288dfc64c58f0950acce547,17416,text/plain,.f,solver-or-case-source,FUNWAVE-TVD,True,no explicit vendor marker found; retained in denominator,True,True,True,True,True,True,False,False,False,False,True,_staging/total-read/pending/reread-20260728/reread20260728-code-FUNWAVE-004-fable5-20260813T012841Z-cf6786b6/df16584eb5e403a224eed8b118af87bb03021d14ec087b3f905eca86e72893b5.json | _staging/total-read/pending/reread-20260728/reread20260728-code-FUNWAVE-004a-codexaudit-20260826T235047Z-4f05567c/df16584eb5e403a224eed8b118af87bb03021d14ec087b3f905eca86e72893b5.json | _staging/total-read/records-crosswalk/reread-20260728/FUNWAVE-004/FUNWAVE__raw__source_code__FUNWAVE-TVD__src__mod_tracer.F.crosswalk.json,1,models/FUNWAVE/raw/source_code/FUNWAVE-TVD/src/mod_tracer.F,
models/FUNWAVE/raw/source_code/FUNWAVE-TVD/src/mod_vessel.F,d06116f0d86c08ad7ba699e966dbe9d6127ad3a5e668432ad369d8c3a08763fc,31100,text/plain,.f,solver-or-case-source,FUNWAVE-TVD,True,no explicit vendor marker found; retained in denominator,True,True,True,True,True,True,False,False,False,False,True,_staging/total-read/pending/reread-20260728/reread20260728-code-FUNWAVE-004-fable5-20260813T012841Z-cf6786b6/a5d41826b6d02a5bfafc3698572763ae72a74a2b94e8625768515177fafcb539.json | _staging/total-read/pending/reread-20260728/reread20260728-code-FUNWAVE-004b-codexaudit-20260826T235047Z-9ba829b8/a5d41826b6d02a5bfafc3698572763ae72a74a2b94e8625768515177fafcb539.json | _staging/total-read/records-crosswalk/reread-20260728/FUNWAVE-004/FUNWAVE__raw__source_code__FUNWAVE-TVD__src__mod_vessel.F.crosswalk.json,1,models/FUNWAVE/raw/source_code/FUNWAVE-TVD/src/mod_vessel.F,
models/FUNWAVE/raw/source_code/FUNWAVE-TVD/src/nesting.F,9c4379071b360d1d6057a5b45b0fd7cd554789364cf12dad910bc4d7965ba5e2,21314,text/plain,.f,solver-or-case-source,FUNWAVE-TVD,True,no explicit vendor marker found; retained in denominator,True,True,True,True,True,True,False,False,False,False,True,_staging/total-read/pending/reread-20260728/reread20260728-code-FUNWAVE-004-fable5-20260813T012841Z-cf6786b6/10a5e9bb4bc6e55c03e553505ecdd4f54e1d9e455fb4d714059b6da51538fb00.json | _staging/total-read/pending/reread-20260728/reread20260728-code-FUNWAVE-004c-codexaudit-20260826T235048Z-1a481a82/10a5e9bb4bc6e55c03e553505ecdd4f54e1d9e455fb4d714059b6da51538fb00.json | _staging/total-read/records-crosswalk/reread-20260728/FUNWAVE-004/FUNWAVE__raw__source_code__FUNWAVE-TVD__src__nesting.F.crosswalk.json,1,models/FUNWAVE/raw/source_code/FUNWAVE-TVD/src/nesting.F,
models/FUNWAVE/raw/source_code/FUNWAVE-TVD/src/parallel.F,3daf27c40e4689bb3848fd06f90e4e5b086b6c5dba016541d38beeed02da043b,15997,text/plain,.f,solver-or-case-source,FUNWAVE-TVD,True,no explicit vendor marker found; retained in denominator,True,True,True,True,True,True,False,False,False,False,True,_staging/total-read/pending/reread-20260728/reread20260728-code-FUNWAVE-004-fable5-20260813T012841Z-cf6786b6/b2444ea3dbe1f2a36dc72ed92aaddd450e117ab7ac767e20fbac7f9fc7749aab.json | _staging/total-read/pending/reread-20260728/reread20260728-code-FUNWAVE-004a-codexaudit-20260826T235047Z-4f05567c/b2444ea3dbe1f2a36dc72ed92aaddd450e117ab7ac767e20fbac7f9fc7749aab.json | _staging/total-read/records-crosswalk/reread-20260728/FUNWAVE-004/FUNWAVE__raw__source_code__FUNWAVE-TVD__src__parallel.F.crosswalk.json,1,models/FUNWAVE/raw/source_code/FUNWAVE-TVD/src/parallel.F,
models/FUNWAVE/raw/source_code/FUNWAVE-TVD/src/samples.F,38e25f1d50db9d7b5c23e40b9fd5c53f3918e3dff64ec40be9747b8d5a37464a,18854,text/plain,.f,solver-or-case-source,FUNWAVE-TVD,True,no explicit vendor marker found; retained in denominator,True,True,True,True,True,True,False,False,False,False,True,_staging/total-read/pending/reread-20260728/reread20260728-code-FUNWAVE-004-fable5-20260813T012841Z-cf6786b6/c394bfd331ea48f44e7f2a679b513bcb92469c48b987e5172306594eb75feb8d.json | _staging/total-read/pending/reread-20260728/reread20260728-code-FUNWAVE-004b-codexaudit-20260826T235047Z-9ba829b8/c394bfd331ea48f44e7f2a679b513bcb92469c48b987e5172306594eb75feb8d.json | _staging/total-read/records-crosswalk/reread-20260728/FUNWAVE-004/FUNWAVE__raw__source_code__FUNWAVE-TVD__src__samples.F.crosswalk.json,1,models/FUNWAVE/raw/source_code/FUNWAVE-TVD/src/samples.F,
models/FUNWAVE/raw/source_code/FUNWAVE-TVD/src/sources.F,144e085f4d8d41bfa05cc012f22dae369a1026e49ca98654a8126a7cb832be6c,20923,text/plain,.f,solver-or-case-source,FUNWAVE-TVD,True,no explicit vendor marker found; retained in denominator,True,True,True,True,True,True,False,False,False,False,True,_staging/total-read/pending/reread-20260728/reread20260728-code-FUNWAVE-004-fable5-20260813T012841Z-cf6786b6/22ed725c397c1c00f191e1c69014bd3475c31de74530cb957f5b28c94a971a6d.json | _staging/total-read/pending/reread-20260728/reread20260728-code-FUNWAVE-004c-codexaudit-20260826T235048Z-1a481a82/22ed725c397c1c00f191e1c69014bd3475c31de74530cb957f5b28c94a971a6d.json | _staging/total-read/records-crosswalk/reread-20260728/FUNWAVE-004/FUNWAVE__raw__source_code__FUNWAVE-TVD__src__sources.F.crosswalk.json,1,models/FUNWAVE/raw/source_code/FUNWAVE-TVD/src/sources.F,
models/FUNWAVE/raw/source_code/FUNWAVE-TVD/src/sponge.F,65e3f76b2c0a1c2b82524bd67ed19fd863715f98d236d63a4a55d89a1e05a99b,27755,text/plain,.f,solver-or-case-source,FUNWAVE-TVD,True,no explicit vendor marker found; retained in denominator,True,True,True,True,True,True,False,False,False,False,True,_staging/total-read/pending/reread-20260728/reread20260728-code-FUNWAVE-004-fable5-20260813T012841Z-cf6786b6/76ee6216977890313a0635b06517d8ff8876055c9573f170e2ddc6bbe4630f20.json | _staging/total-read/pending/reread-20260728/reread20260728-code-FUNWAVE-004a-codexaudit-20260826T235047Z-4f05567c/76ee6216977890313a0635b06517d8ff8876055c9573f170e2ddc6bbe4630f20.json | _staging/total-read/records-crosswalk/reread-20260728/FUNWAVE-004/FUNWAVE__raw__source_code__FUNWAVE-TVD__src__sponge.F.crosswalk.json,1,models/FUNWAVE/raw/source_code/FUNWAVE-TVD/src/sponge.F,
models/FUNWAVE/raw/source_code/FUNWAVE-TVD/src/statistics.F,4c710663a17c77f9603a15fdfba8a79ae9785898745090a566fe4124c15b6d26,7278,text/plain,.f,solver-or-case-source,FUNWAVE-TVD,True,no explicit vendor marker found; retained in denominator,True,True,True,True,True,True,False,False,False,False,True,_staging/total-read/pending/reread-20260728/reread20260728-code-FUNWAVE-004-fable5-20260813T012841Z-cf6786b6/d606a86cde53da04ced55a12f063cb511702b690aff92fc932d37cdeeaf34be5.json | _staging/total-read/pending/reread-20260728/reread20260728-code-FUNWAVE-004b-codexaudit-20260826T235047Z-9ba829b8/d606a86cde53da04ced55a12f063cb511702b690aff92fc932d37cdeeaf34be5.json | _staging/total-read/records-crosswalk/reread-20260728/FUNWAVE-004/FUNWAVE__raw__source_code__FUNWAVE-TVD__src__statistics.F.crosswalk.json,1,models/FUNWAVE/raw/source_code/FUNWAVE-TVD/src/statistics.F,
models/FUNWAVE/raw/source_code/FUNWAVE-TVD/src/tridiagnal.F,ad0033966a16baba726a99b456184d7b493f5e5b663e9cc1e3cd58b0bd4e4402,17055,text/plain,.f,solver-or-case-source,FUNWAVE-TVD,True,no explicit vendor marker found; retained in denominator,True,True,True,True,True,True,False,False,False,False,True,_staging/total-read/pending/reread-20260728/reread20260728-code-FUNWAVE-004-fable5-20260813T012841Z-cf6786b6/66515443c94ca79521e601e7e0453e77498addfc37c4d9498b72754c7232acb2.json | _staging/total-read/pending/reread-20260728/reread20260728-code-FUNWAVE-004c-codexaudit-20260826T235048Z-1a481a82/66515443c94ca79521e601e7e0453e77498addfc37c4d9498b72754c7232acb2.json | _staging/total-read/records-crosswalk/reread-20260728/FUNWAVE-004/FUNWAVE__raw__source_code__FUNWAVE-TVD__src__tridiagnal.F.crosswalk.json,2,models/FUNWAVE/raw/source_code/FUNWAVE-GPU/src/tridiagnal.F,models/FUNWAVE/raw/source_code/FUNWAVE-GPU/src/tridiagnal.F | models/FUNWAVE/raw/source_code/FUNWAVE-TVD/src/tridiagnal.F
models/FUNWAVE/raw/source_code/FUNWAVE-TVD/src/wavemaker.F,d8bd500cf549729dc61aeb503070a6af05fa21ca8c5198fbec82374385468459,112214,text/plain,.f,solver-or-case-source,FUNWAVE-TVD,True,no explicit vendor marker found; retained in denominator,True,True,True,True,True,True,False,False,False,False,True,_staging/total-read/pending/reread-20260728/reread20260728-code-FUNWAVE-004-fable5-20260813T012841Z-cf6786b6/1b6095f36bdcbd8d1527161eaa7e4d11c1e593b787d87dec07e5713aca106d9c.json | _staging/total-read/pending/reread-20260728/reread20260728-code-FUNWAVE-004a-codexaudit-20260826T235047Z-4f05567c/1b6095f36bdcbd8d1527161eaa7e4d11c1e593b787d87dec07e5713aca106d9c.json | _staging/total-read/records-crosswalk/reread-20260728/FUNWAVE-004/FUNWAVE__raw__source_code__FUNWAVE-TVD__src__wavemaker.F.crosswalk.json,1,models/FUNWAVE/raw/source_code/FUNWAVE-TVD/src/wavemaker.F,
models/FUNWAVE/raw/source_code/FUNWAVE-TVD/test_bathy/dep_72x100.txt,baf0de924fb7dfd514592b48a0c23aff0666a248021ceb9f0b8ff840675075ab,50500,text/plain,.txt,documentation-or-build-text,FUNWAVE-TVD,True,no explicit vendor marker found; retained in denominator,False,True,False,False,False,False,True,False,False,False,True,_staging/total-read/pending/reread-20260728/reread20260728-doc-FUNWAVE-014-codex-20260811T022237Z-ac043304/95687edf25848689b6ab37b4d0c450bb3a963e9982978b6a548f4f08efde8c14.json,1,models/FUNWAVE/raw/source_code/FUNWAVE-TVD/test_bathy/dep_72x100.txt,
models/FUNWAVE/raw/source_code/FUNWAVE-TVD/test_bathy/depth_1mx2m.txt,6fda7d00e44c3bb894f4df0aff558b7d7ec81dcb6331ad447d7eb5ebd424612e,8472177,text/plain,.txt,documentation-or-build-text,FUNWAVE-TVD,True,no explicit vendor marker found; retained in denominator,False,True,False,False,False,False,False,False,False,True,False,_staging/total-read/records/numgrid-FUNWAVE-20260728.jsonl,2,models/FUNWAVE/raw/source_code/FUNWAVE-TVD/simple_cases/tide_frf_abc_data/work/depth_1mx2m.txt,models/FUNWAVE/raw/source_code/FUNWAVE-TVD/simple_cases/tide_frf_abc_data/work/depth_1mx2m.txt | models/FUNWAVE/raw/source_code/FUNWAVE-TVD/test_bathy/depth_1mx2m.txt
models/FUNWAVE/raw/source_code/FUNWAVE-TVD/test_bathy/input.txt,98f0fd631447359f6e06feb1f78a6ada32f9c08efcc8ee4c12c1890d2b43dc95,4890,text/plain,.txt,documentation-or-build-text,FUNWAVE-TVD,True,no explicit vendor marker found; retained in denominator,False,True,False,False,False,False,True,False,False,False,True,_staging/total-read/pending/reread-20260728/reread20260728-doc-FUNWAVE-014-codex-20260811T022237Z-ac043304/b220a7f36c575be7d7a3d96fd8d7c29c9bfe3322b515ff9f69a5a00d0f1353d7.json,2,models/FUNWAVE/raw/source_code/FUNWAVE-TVD/simple_cases/tide_gen_abs_data/input.txt,models/FUNWAVE/raw/source_code/FUNWAVE-TVD/simple_cases/tide_gen_abs_data/input.txt | models/FUNWAVE/raw/source_code/FUNWAVE-TVD/test_bathy/input.txt
models/FUNWAVE/raw/source_code/FUNWAVE-TVD/test_bathy/ncei_nintharcsec_dem_J1043928.tif,84f6cde8de1423694211ea7fb12fc2c8e28409fe2e8a7db3cec7f37f28e3d9be,39169,image/tiff,.tif,image-or-media,FUNWAVE-TVD,True,no explicit vendor marker found; retained in denominator,False,False,False,False,False,False,False,False,False,True,False,_staging/total-read/records/binauto-code_FUNWAVE.jsonl,1,models/FUNWAVE/raw/source_code/FUNWAVE-TVD/test_bathy/ncei_nintharcsec_dem_J1043928.tif,
models/FUNWAVE/raw/source_code/FUNWAVE-TVD/test_bathy/read_tiff.m,a48ed68ccd32b456258efb55cd7a1c9a63683584f949da145997c28437adaeb3,616,text/plain,.m,script-source,FUNWAVE-TVD,True,no explicit vendor marker found; retained in denominator,True,True,True,True,True,True,False,False,False,False,True,_staging/total-read/pending/reread-20260728/reread20260728-code-FUNWAVE-004-fable5-20260813T012841Z-cf6786b6/535b1bb80e7150ae04754a0011f918acaa5117b5383f636966448a7115f0e79b.json | _staging/total-read/pending/reread-20260728/reread20260728-code-FUNWAVE-004b-codexaudit-20260826T235047Z-9ba829b8/535b1bb80e7150ae04754a0011f918acaa5117b5383f636966448a7115f0e79b.json | _staging/total-read/records-crosswalk/reread-20260728/FUNWAVE-004/FUNWAVE__raw__source_code__FUNWAVE-TVD__test_bathy__read_tiff.m.crosswalk.json,1,models/FUNWAVE/raw/source_code/FUNWAVE-TVD/test_bathy/read_tiff.m,
models/FUNWAVE/raw/source_code/FUNWAVE-TVD/tide_module.mod,5ae32bb43a0921fd007e538b1f35a5136b03547209b798016bdb838df36d71d3,98287,application/gzip,.mod,generated-build,FUNWAVE-TVD,False,no explicit vendor marker found; retained in denominator,False,False,False,False,False,False,False,False,False,True,False,_staging/total-read/records/binauto-code_FUNWAVE.jsonl,1,models/FUNWAVE/raw/source_code/FUNWAVE-TVD/tide_module.mod,
models/FUNWAVE/raw/source_code/FUNWAVE-TVD/time_spectra_module.mod,f0e1636f475e4742ba0e7aec8d9a1c1183a7c2282a1df282ae1b23c33c24105d,99725,application/gzip,.mod,generated-build,FUNWAVE-TVD,False,no explicit vendor marker found; retained in denominator,False,False,False,False,False,False,False,False,False,True,False,_staging/total-read/records/binauto-code_FUNWAVE.jsonl,1,models/FUNWAVE/raw/source_code/FUNWAVE-TVD/time_spectra_module.mod,
models/FUNWAVE/raw/source_code/FUNWAVE-TVD/tools/.DS_Store,d64141a121c3f825a1ba83addf842ab618e6ef8f39d153ea2fcb70ee146739ed,6148,application/octet-stream,[none],other-binary-or-data,FUNWAVE-TVD,True,no explicit vendor marker found; retained in denominator,False,False,False,False,False,False,False,False,False,True,False,_staging/total-read/records/binauto-code_FUNWAVE.jsonl,1,models/FUNWAVE/raw/source_code/FUNWAVE-TVD/tools/.DS_Store,
models/FUNWAVE/raw/source_code/FUNWAVE-TVD/tools/filter/.DS_Store,201f02486a1068ab1ed8b94ef9f8f9226907114f84c9bd6e2101e45d1aeb7d64,6148,application/octet-stream,[none],other-binary-or-data,FUNWAVE-TVD,True,no explicit vendor marker found; retained in denominator,False,False,False,False,False,False,False,False,False,True,False,_staging/total-read/records/binauto-code_FUNWAVE.jsonl,1,models/FUNWAVE/raw/source_code/FUNWAVE-TVD/tools/filter/.DS_Store,
models/FUNWAVE/raw/source_code/FUNWAVE-TVD/tools/filter/fortran/filtered.txt,0cad3c7a5f6c60ad2b8b2c1f47dbce63b8d2e2bc0a7d842cd23725242d791ea4,984347,text/plain,.txt,documentation-or-build-text,FUNWAVE-TVD,True,no explicit vendor marker found; retained in denominator,False,True,False,False,False,False,False,False,False,True,False,_staging/total-read/records/numgrid-FUNWAVE-20260728.jsonl,1,models/FUNWAVE/raw/source_code/FUNWAVE-TVD/tools/filter/fortran/filtered.txt,
models/FUNWAVE/raw/source_code/FUNWAVE-TVD/tools/filter/fortran/input.txt,c78dfaeff41a01f97efb3f69647c7bdae3bc3d13570b4f609d6fd6958db4fe68,94,text/plain,.txt,documentation-or-build-text,FUNWAVE-TVD,True,no explicit vendor marker found; retained in denominator,False,True,False,False,False,False,True,False,False,False,True,_staging/total-read/pending/reread-20260728/reread20260728-doc-FUNWAVE-014-codex-20260811T022237Z-ac043304/ee8f1b08801875bc62009f778af0755173629499c09af443776fc949d0a0fcac.json,1,models/FUNWAVE/raw/source_code/FUNWAVE-TVD/tools/filter/fortran/input.txt,
models/FUNWAVE/raw/source_code/FUNWAVE-TVD/tools/filter/fortran/test.txt,fd39cce0647e0c96f27f771ef45344afa2034e34187586c6952530ca6058c2d3,968217,text/plain,.txt,documentation-or-build-text,FUNWAVE-TVD,True,no explicit vendor marker found; retained in denominator,False,True,False,False,False,False,False,False,False,True,False,_staging/total-read/records/numgrid-FUNWAVE-20260728.jsonl,1,models/FUNWAVE/raw/source_code/FUNWAVE-TVD/tools/filter/fortran/test.txt,
models/FUNWAVE/raw/source_code/FUNWAVE-TVD/tools/filter/matlab/mk_conv_grid.m,6649bf8f68e35da77c30ab5ad68a016323c581930e2bd6c7cba7dd84af952e2e,284,text/plain,.m,script-source,FUNWAVE-TVD,True,no explicit vendor marker found; retained in denominator,True,True,True,True,True,True,False,False,False,False,True,_staging/total-read/pending/reread-20260728/reread20260728-code-FUNWAVE-004-fable5-20260813T012841Z-cf6786b6/1183f229c6b6ff4fc69099e9427f2b6c316d95a26c6f44544482a57b02c8cf6c.json | _staging/total-read/pending/reread-20260728/reread20260728-code-FUNWAVE-004c-codexaudit-20260826T235048Z-1a481a82/1183f229c6b6ff4fc69099e9427f2b6c316d95a26c6f44544482a57b02c8cf6c.json | _staging/total-read/records-crosswalk/reread-20260728/FUNWAVE-004/FUNWAVE__raw__source_code__FUNWAVE-TVD__tools__filter__matlab__mk_conv_grid.m.crosswalk.json,1,models/FUNWAVE/raw/source_code/FUNWAVE-TVD/tools/filter/matlab/mk_conv_grid.m,
models/FUNWAVE/raw/source_code/FUNWAVE-TVD/tools/input_generation/Fundomain_new.png,5afd38ea0c8795f2c1c2f37082ace9c564b753a9d910358df8dc4a6321a1e77d,328564,image/png,.png,image-or-media,FUNWAVE-TVD,True,no explicit vendor marker found; retained in denominator,False,False,False,False,False,False,False,False,False,True,False,_staging/total-read/records/binauto-code_FUNWAVE.jsonl,1,models/FUNWAVE/raw/source_code/FUNWAVE-TVD/tools/input_generation/Fundomain_new.png,
models/FUNWAVE/raw/source_code/FUNWAVE-TVD/tools/input_generation/PreProcessing_FUNWAVE.m,1aaca293f1bbb985c80655e2186d0647459bc92fb0ca50b640900b6c41306358,23596,text/plain,.m,script-source,FUNWAVE-TVD,True,no explicit vendor marker found; retained in denominator,True,True,True,True,True,True,False,False,False,False,True,_staging/total-read/pending/reread-20260728/reread20260728-code-FUNWAVE-004-fable5-20260813T012841Z-cf6786b6/254f1a28fd882ce1c6d0cc97c0df277b668029126a6ca98ca19041b3b0b5a3a7.json | _staging/total-read/pending/reread-20260728/reread20260728-code-FUNWAVE-004a-codexaudit-20260826T235047Z-4f05567c/254f1a28fd882ce1c6d0cc97c0df277b668029126a6ca98ca19041b3b0b5a3a7.json | _staging/total-read/records-crosswalk/reread-20260728/FUNWAVE-004/FUNWAVE__raw__source_code__FUNWAVE-TVD__tools__input_generation__PreProcessing_FUNWAVE.m.crosswalk.json,1,models/FUNWAVE/raw/source_code/FUNWAVE-TVD/tools/input_generation/PreProcessing_FUNWAVE.m,
models/FUNWAVE/raw/source_code/FUNWAVE-TVD/tools/input_generation/local_and_UTM_domain.png,323dba117a6ff43797a9ab4e9734683b209979c31a337d66c5ec872f38044a1d,236992,image/png,.png,image-or-media,FUNWAVE-TVD,True,no explicit vendor marker found; retained in denominator,False,False,False,False,False,False,False,False,False,True,False,_staging/total-read/records/binauto-code_FUNWAVE.jsonl,1,models/FUNWAVE/raw/source_code/FUNWAVE-TVD/tools/input_generation/local_and_UTM_domain.png,
models/FUNWAVE/raw/source_code/FUNWAVE-TVD/tools/plot_googlemap/example.m,a93530a1688976475a1896346b974f13b67a5f4e83d26e3b53d729205716884e,3074,text/plain,.m,script-source,FUNWAVE-TVD,True,no explicit vendor marker found; retained in denominator,True,True,True,True,True,True,False,False,False,False,True,_staging/total-read/pending/reread-20260728/reread20260728-code-FUNWAVE-004-fable5-20260813T012841Z-cf6786b6/f9c0bc8a01aeed5812a4ccf240e52fbe010782ee820fafdae4ff9e2af3d6ffbb.json | _staging/total-read/pending/reread-20260728/reread20260728-code-FUNWAVE-004b-codexaudit-20260826T235047Z-9ba829b8/f9c0bc8a01aeed5812a4ccf240e52fbe010782ee820fafdae4ff9e2af3d6ffbb.json | _staging/total-read/records-crosswalk/reread-20260728/FUNWAVE-004/FUNWAVE__raw__source_code__FUNWAVE-TVD__tools__plot_googlemap__example.m.crosswalk.json,1,models/FUNWAVE/raw/source_code/FUNWAVE-TVD/tools/plot_googlemap/example.m,
models/FUNWAVE/raw/source_code/FUNWAVE-TVD/tools/plot_googlemap/plot_google_map.m,8d04573d658f9fe2ac7ec60b02c48479c4cfc9315bbc3b5b6488a997aaa162fd,21846,text/plain,.m,script-source,FUNWAVE-TVD,True,no explicit vendor marker found; retained in denominator,True,True,True,True,True,True,False,False,False,False,True,_staging/total-read/pending/reread-20260728/reread20260728-code-FUNWAVE-004-fable5-20260813T012841Z-cf6786b6/2dc28004d2684635617b42985725b90c0f5af149046c3c686c6d6615170ca6b6.json | _staging/total-read/pending/reread-20260728/reread20260728-code-FUNWAVE-004c-codexaudit-20260826T235048Z-1a481a82/2dc28004d2684635617b42985725b90c0f5af149046c3c686c6d6615170ca6b6.json | _staging/total-read/records-crosswalk/reread-20260728/FUNWAVE-004/FUNWAVE__raw__source_code__FUNWAVE-TVD__tools__plot_googlemap__plot_google_map.m.crosswalk.json,1,models/FUNWAVE/raw/source_code/FUNWAVE-TVD/tools/plot_googlemap/plot_google_map.m,
models/FUNWAVE/raw/source_code/FUNWAVE-TVD/tools/read_format/read_binary.m,601f9ef0fb0ec9cbc35d02399f454a8484a010c1a4d0bb8b2d6ffc17872e5cfe,142,text/plain,.m,script-source,FUNWAVE-TVD,True,no explicit vendor marker found; retained in denominator,True,True,True,True,True,True,False,False,False,False,True,_staging/total-read/pending/reread-20260728/reread20260728-code-FUNWAVE-004-fable5-20260813T012841Z-cf6786b6/ccda399f1a0d0f48aa03e6d05c04a249054a17d9e6be7eef6cc5f638959557da.json | _staging/total-read/pending/reread-20260728/reread20260728-code-FUNWAVE-004a-codexaudit-20260826T235047Z-4f05567c/ccda399f1a0d0f48aa03e6d05c04a249054a17d9e6be7eef6cc5f638959557da.json | _staging/total-read/records-crosswalk/reread-20260728/FUNWAVE-004/FUNWAVE__raw__source_code__FUNWAVE-TVD__tools__read_format__read_binary.m.crosswalk.json,1,models/FUNWAVE/raw/source_code/FUNWAVE-TVD/tools/read_format/read_binary.m,
models/FUNWAVE/raw/source_code/FUNWAVE-TVD/tools/read_format/read_nc.m,b480fc076d4c515e1467cb7e8b1ef12218ec8075939ede5589fe47f1320beaf4,3057,text/plain,.m,script-source,FUNWAVE-TVD,True,no explicit vendor marker found; retained in denominator,True,True,True,True,True,True,False,False,False,False,True,_staging/total-read/pending/reread-20260728/reread20260728-code-FUNWAVE-004-fable5-20260813T012841Z-cf6786b6/f6ee9fc9e33b7333f9d381d4bfa719807cbd071b9ca9b0bc8ed64cfa7fa1b100.json | _staging/total-read/pending/reread-20260728/reread20260728-code-FUNWAVE-004b-codexaudit-20260826T235047Z-9ba829b8/f6ee9fc9e33b7333f9d381d4bfa719807cbd071b9ca9b0bc8ed64cfa7fa1b100.json | _staging/total-read/records-crosswalk/reread-20260728/FUNWAVE-004/FUNWAVE__raw__source_code__FUNWAVE-TVD__tools__read_format__read_nc.m.crosswalk.json,1,models/FUNWAVE/raw/source_code/FUNWAVE-TVD/tools/read_format/read_nc.m,
