_sea,_line,year,depth_bin,t_mean,n,n_months
남해,203,1968,100m,13.6495,21,8
남해,203,1968,50m,14.2650,46,8
남해,203,1968,surface,17.1256,25,8
남해,203,1968,upper,16.5030,74,8
남해,203,1969,100m,14.0206,32,12
남해,203,1969,50m,14.2606,62,12
남해,203,1969,surface,16.8214,36,12
남해,203,1969,upper,15.6523,108,12
남해,203,1970,100m,13.1233,24,10
남해,203,1970,50m,14.0820,51,10
남해,203,1970,surface,17.9797,30,10
남해,203,1970,upper,16.6708,90,10
남해,203,1971,100m,13.4221,24,8
남해,203,1971,50m,14.1237,41,8
남해,203,1971,surface,18.3550,24,8
남해,203,1971,upper,17.0012,72,8
남해,203,1972,100m,14.5714,14,6
남해,203,1972,50m,14.9563,30,6
남해,203,1972,surface,17.7994,18,6
남해,203,1972,upper,17.2220,54,6
남해,203,1973,100m,14.3176,17,6
남해,203,1973,50m,14.5413,31,6
남해,203,1973,surface,17.5561,18,6
남해,203,1973,upper,16.6406,54,6
남해,203,1974,100m,13.8857,21,6
남해,203,1974,50m,14.1091,33,6
남해,203,1974,surface,18.1200,19,6
남해,203,1974,upper,16.4921,57,6
남해,203,1975,100m,13.7500,18,6
남해,203,1975,50m,14.8993,30,6
남해,203,1975,surface,18.4544,18,6
남해,203,1975,upper,17.3087,53,6
남해,203,1976,100m,13.9479,19,6
남해,203,1976,50m,15.1053,30,6
남해,203,1976,surface,17.4476,17,6
남해,203,1976,upper,16.5991,54,6
남해,203,1977,100m,13.2550,18,6
남해,203,1977,50m,14.3427,30,6
남해,203,1977,surface,16.8483,18,6
남해,203,1977,upper,16.1274,54,6
남해,203,1978,100m,13.7006,17,6
남해,203,1978,50m,14.6630,30,6
남해,203,1978,surface,18.2589,18,6
남해,203,1978,upper,17.2335,54,6
남해,203,1979,100m,15.4872,18,6
남해,203,1979,50m,15.8650,30,6
남해,203,1979,surface,18.6906,18,6
남해,203,1979,upper,16.8315,54,6
남해,203,1980,100m,14.1105,19,7
남해,203,1980,50m,14.7649,35,7
남해,203,1980,surface,17.9333,21,7
남해,203,1980,upper,16.9663,63,7
남해,203,1981,100m,14.0561,18,6
남해,203,1981,50m,14.5070,30,6
남해,203,1981,surface,17.2422,18,6
남해,203,1981,upper,15.6209,54,6
남해,203,1982,100m,13.3789,18,6
남해,203,1982,50m,13.9917,30,6
남해,203,1982,surface,18.5094,18,6
남해,203,1982,upper,17.3576,54,6
남해,203,1983,100m,13.8906,18,6
남해,203,1983,50m,14.8657,30,6
남해,203,1983,surface,18.3306,18,6
남해,203,1983,upper,17.1961,54,6
남해,203,1984,100m,10.8785,20,6
남해,203,1984,50m,11.8276,33,6
남해,203,1984,surface,16.3461,18,6
남해,203,1984,upper,14.8788,50,6
남해,203,1985,100m,13.0514,22,6
남해,203,1985,50m,14.1481,31,6
남해,203,1985,surface,16.6906,18,6
남해,203,1985,upper,15.8242,52,6
남해,203,1986,100m,13.2957,21,6
남해,203,1986,50m,13.8445,31,6
남해,203,1986,surface,17.6089,18,6
남해,203,1986,upper,16.1202,51,6
남해,203,1987,100m,13.6526,27,6
남해,203,1987,50m,14.2765,43,6
남해,203,1987,surface,18.2984,19,6
남해,203,1987,upper,17.3894,48,6
남해,203,1988,100m,14.5664,28,6
남해,203,1988,50m,15.1300,33,6
남해,203,1988,surface,17.7522,18,6
남해,203,1988,upper,16.7896,51,6
남해,203,1989,100m,12.7747,15,5
남해,203,1989,50m,13.7836,25,5
남해,203,1989,surface,18.2793,15,5
남해,203,1989,upper,17.4269,45,5
남해,203,1990,100m,15.0244,18,6
남해,203,1990,50m,14.9115,33,6
남해,203,1990,surface,18.3689,18,6
남해,203,1990,upper,16.7883,54,6
남해,203,1991,100m,13.8493,15,5
남해,203,1991,50m,14.1756,25,5
남해,203,1991,surface,18.2007,15,5
남해,203,1991,upper,16.9571,45,5
남해,203,1992,100m,15.1164,14,5
남해,203,1992,50m,15.3584,25,5
남해,203,1992,surface,19.0300,15,5
남해,203,1992,upper,17.6780,45,5
남해,203,1993,100m,13.9071,17,6
남해,203,1993,50m,14.1437,30,6
남해,203,1993,surface,17.3128,18,6
남해,203,1993,upper,16.5094,54,6
남해,203,1994,100m,15.3524,17,6
남해,203,1994,50m,15.1762,32,6
남해,203,1994,surface,17.4594,18,6
남해,203,1994,upper,16.7754,54,6
남해,203,1995,100m,14.0772,18,6
남해,203,1995,50m,14.6927,33,6
남해,203,1995,surface,18.4022,18,6
남해,203,1995,upper,17.0269,54,6
남해,203,1996,100m,13.2440,20,6
남해,203,1996,50m,13.4925,32,6
남해,203,1996,surface,18.0183,18,6
남해,203,1996,upper,16.0396,54,6
남해,203,1997,100m,14.6624,17,6
남해,203,1997,50m,14.9686,36,7
남해,203,1997,surface,18.0621,24,7
남해,203,1997,upper,17.1419,72,7
남해,203,1998,100m,14.6559,17,6
남해,203,1998,50m,14.6233,36,6
남해,203,1998,surface,18.1813,24,6
남해,203,1998,upper,16.9261,72,6
남해,203,1999,100m,14.6628,18,6
남해,203,1999,50m,14.6117,35,6
남해,203,1999,surface,16.8208,24,6
남해,203,1999,upper,16.0840,72,6
남해,203,2000,100m,14.1633,18,6
남해,203,2000,50m,13.8947,36,6
남해,203,2000,surface,16.9612,24,6
남해,203,2000,upper,15.5392,72,6
남해,203,2001,100m,13.3961,18,6
남해,203,2001,50m,13.5828,36,6
남해,203,2001,surface,17.2075,24,6
남해,203,2001,upper,15.4528,72,6
남해,203,2002,100m,14.5059,17,6
남해,203,2002,50m,14.6813,30,6
남해,203,2002,surface,17.7556,18,6
남해,203,2002,upper,16.9285,54,6
남해,203,2003,100m,13.9835,17,6
남해,203,2003,50m,13.6417,36,6
남해,203,2003,surface,16.8175,24,6
남해,203,2003,upper,15.7271,72,6
남해,203,2004,100m,14.1473,22,6
남해,203,2004,50m,15.4571,35,6
남해,203,2004,surface,18.3400,24,6
남해,203,2004,upper,17.7192,72,6
남해,203,2005,100m,13.4135,20,6
남해,203,2005,50m,13.5068,38,6
남해,203,2005,surface,17.5450,24,6
남해,203,2005,upper,15.8381,72,6
남해,203,2006,100m,12.4677,22,6
남해,203,2006,50m,13.0884,37,6
남해,203,2006,surface,17.8679,24,6
남해,203,2006,upper,16.2015,72,6
남해,203,2007,100m,14.5779,24,6
남해,203,2007,50m,14.6837,35,6
남해,203,2007,surface,17.8287,24,6
남해,203,2007,upper,16.6582,72,6
남해,203,2008,100m,13.4912,16,6
남해,203,2008,50m,13.9742,36,6
남해,203,2008,surface,18.2888,24,6
남해,203,2008,upper,16.4703,72,6
남해,203,2009,100m,14.4908,12,6
남해,203,2009,50m,14.3339,36,6
남해,203,2009,surface,17.2283,24,6
남해,203,2009,upper,15.8801,72,6
남해,203,2010,100m,13.4423,13,6
남해,203,2010,50m,13.6183,35,7
남해,203,2010,surface,17.5808,24,7
남해,203,2010,upper,15.7849,72,7
남해,203,2011,100m,14.1429,14,6
남해,203,2011,50m,14.0738,34,6
남해,203,2011,surface,16.1675,24,6
남해,203,2011,upper,15.3204,72,6
남해,203,2012,100m,11.6455,11,5
남해,203,2012,50m,13.5776,29,5
남해,203,2012,surface,17.8360,20,5
남해,203,2012,upper,16.9758,60,5
남해,203,2013,100m,14.2981,16,7
남해,203,2013,50m,14.1459,41,7
남해,203,2013,surface,16.6846,28,7
남해,203,2013,upper,15.5350,84,7
남해,203,2014,100m,14.1693,14,6
남해,203,2014,50m,14.7033,36,6
남해,203,2014,surface,17.5829,24,6
남해,203,2014,upper,16.8126,72,6
남해,203,2015,100m,13.7850,18,6
남해,203,2015,50m,13.5786,36,6
남해,203,2015,surface,17.1196,24,6
남해,203,2015,upper,16.0388,72,6
남해,203,2016,100m,14.2719,16,6
남해,203,2016,50m,14.3097,35,6
남해,203,2016,surface,17.8729,24,6
남해,203,2016,upper,16.6444,72,6
남해,203,2017,100m,14.1694,17,6
남해,203,2017,50m,14.0376,34,6
남해,203,2017,surface,17.3196,24,6
남해,203,2017,upper,15.8829,72,6
남해,203,2018,100m,14.1125,16,6
남해,203,2018,50m,14.7582,34,6
남해,203,2018,surface,17.7712,24,6
남해,203,2018,upper,16.8796,72,6
남해,203,2019,100m,15.0200,14,6
남해,203,2019,50m,14.9662,34,6
남해,203,2019,surface,18.0787,24,6
남해,203,2019,upper,16.8425,72,6
남해,203,2020,100m,15.5193,14,6
남해,203,2020,50m,15.5500,36,6
남해,203,2020,surface,18.2112,24,6
남해,203,2020,upper,16.8231,72,6
남해,203,2021,100m,15.0193,14,6
남해,203,2021,50m,14.8794,36,6
남해,203,2021,surface,17.8525,24,6
남해,203,2021,upper,16.4704,72,6
남해,203,2022,100m,14.2912,16,6
남해,203,2022,50m,14.1736,36,6
남해,203,2022,surface,17.0950,24,6
남해,203,2022,upper,15.8760,72,6
남해,203,2023,100m,15.0546,13,6
남해,203,2023,50m,15.1683,36,6
남해,203,2023,surface,18.6654,24,6
남해,203,2023,upper,17.5485,72,6
남해,203,2024,100m,15.1469,13,6
남해,203,2024,50m,15.4550,28,6
남해,203,2024,surface,19.2454,24,6
남해,203,2024,upper,17.2256,72,6
남해,203,2025,100m,14.7000,12,6
남해,203,2025,50m,14.9632,25,6
남해,203,2025,surface,18.7550,24,6
남해,203,2025,upper,16.9290,72,6
남해,204,1968,100m,14.2163,24,8
남해,204,1968,50m,15.0304,56,8
남해,204,1968,surface,18.3617,48,8
남해,204,1968,upper,17.4511,142,8
남해,204,1969,100m,15.0144,32,12
남해,204,1969,50m,15.2084,87,12
남해,204,1969,surface,16.9939,75,12
남해,204,1969,upper,15.9339,222,12
남해,204,1970,100m,13.7856,25,9
남해,204,1970,50m,14.2725,77,10
남해,204,1970,surface,17.5890,62,10
남해,204,1970,upper,16.5548,176,10
남해,204,1971,100m,15.0371,17,7
남해,204,1971,50m,14.7554,56,8
남해,204,1971,surface,17.9654,48,8
남해,204,1971,upper,16.5800,140,8
남해,204,1972,100m,14.8027,11,6
남해,204,1972,50m,15.3452,42,6
남해,204,1972,surface,17.8722,36,6
남해,204,1972,upper,16.7158,106,6
남해,204,1973,100m,15.6578,18,6
남해,204,1973,50m,15.9926,42,6
남해,204,1973,surface,17.8353,36,6
남해,204,1973,upper,17.1368,107,6
남해,204,1974,100m,15.3406,18,6
남해,204,1974,50m,15.7677,43,6
남해,204,1974,surface,17.9583,36,6
남해,204,1974,upper,16.6992,106,6
남해,204,1975,100m,15.0200,16,6
남해,204,1975,50m,14.9688,43,6
남해,204,1975,surface,17.8025,36,6
남해,204,1975,upper,16.5242,109,6
남해,204,1976,100m,14.6220,15,7
남해,204,1976,50m,14.7428,43,7
남해,204,1976,surface,16.9444,36,7
남해,204,1976,upper,16.0646,104,7
남해,204,1977,100m,14.3795,20,6
남해,204,1977,50m,14.8111,46,6
남해,204,1977,surface,16.4061,38,6
남해,204,1977,upper,16.0343,112,6
남해,204,1978,100m,14.8789,18,6
남해,204,1978,50m,14.7419,42,6
남해,204,1978,surface,17.4419,36,6
남해,204,1978,upper,16.3770,107,6
남해,204,1979,100m,15.6563,19,7
남해,204,1979,50m,15.6804,49,7
남해,204,1979,surface,17.4624,42,7
남해,204,1979,upper,16.1735,126,7
남해,204,1980,100m,15.3187,24,8
남해,204,1980,50m,15.7202,56,8
남해,204,1980,surface,17.1288,48,8
남해,204,1980,upper,16.4338,144,8
남해,204,1981,100m,15.0317,18,6
남해,204,1981,50m,15.1579,42,6
남해,204,1981,surface,17.4761,36,6
남해,204,1981,upper,15.9835,107,6
남해,204,1982,100m,15.3561,18,6
남해,204,1982,50m,15.2712,42,6
남해,204,1982,surface,17.6572,36,6
남해,204,1982,upper,16.5501,108,6
남해,204,1983,100m,15.5161,18,6
남해,204,1983,50m,15.8888,42,6
남해,204,1983,surface,18.2150,36,6
남해,204,1983,upper,16.7694,108,6
남해,204,1984,100m,14.2793,28,6
남해,204,1984,50m,14.6521,52,6
남해,204,1984,surface,16.8932,37,6
남해,204,1984,upper,15.6299,99,6
남해,204,1985,100m,14.7882,22,6
남해,204,1985,50m,15.2376,45,6
남해,204,1985,surface,17.4747,36,6
남해,204,1985,upper,16.5082,107,6
남해,204,1986,100m,14.4970,23,6
남해,204,1986,50m,14.6272,50,6
남해,204,1986,surface,17.0000,36,6
남해,204,1986,upper,15.2922,99,6
남해,204,1987,100m,15.1758,26,6
남해,204,1987,50m,15.1772,57,6
남해,204,1987,surface,17.0878,36,6
남해,204,1987,upper,16.0626,99,6
남해,204,1988,100m,14.7954,24,6
남해,204,1988,50m,16.0336,53,6
남해,204,1988,surface,17.5097,36,6
남해,204,1988,upper,17.1917,95,6
남해,204,1989,100m,14.7560,15,5
남해,204,1989,50m,15.3194,34,5
남해,204,1989,surface,18.5067,30,5
남해,204,1989,upper,17.7336,90,5
남해,204,1990,100m,15.2418,17,6
남해,204,1990,50m,15.8770,44,6
남해,204,1990,surface,18.2814,36,6
남해,204,1990,upper,16.9978,107,6
남해,204,1991,100m,14.8700,13,5
남해,204,1991,50m,15.2556,36,5
남해,204,1991,surface,17.8533,30,5
남해,204,1991,upper,17.0308,90,5
남해,204,1992,100m,15.0893,14,5
남해,204,1992,50m,15.6654,35,5
남해,204,1992,surface,18.5970,30,5
남해,204,1992,upper,17.6356,89,5
남해,204,1993,100m,14.4756,16,6
남해,204,1993,50m,15.2255,42,6
남해,204,1993,surface,17.3467,36,6
남해,204,1993,upper,16.8357,108,6
남해,204,1994,100m,15.2547,15,6
남해,204,1994,50m,15.4857,42,6
남해,204,1994,surface,18.0719,36,6
남해,204,1994,upper,16.8731,106,6
남해,204,1995,100m,14.9194,18,6
남해,204,1995,50m,15.3898,42,6
남해,204,1995,surface,17.8019,36,6
남해,204,1995,upper,16.5477,107,6
남해,204,1996,100m,14.3944,18,6
남해,204,1996,50m,14.3571,42,6
남해,204,1996,surface,17.8411,35,6
남해,204,1996,upper,16.1337,105,6
남해,204,1997,100m,15.2313,15,6
남해,204,1997,50m,15.5469,42,6
남해,204,1997,surface,17.8281,43,7
남해,204,1997,upper,16.6908,119,7
남해,204,1998,100m,15.5672,18,6
남해,204,1998,50m,15.6745,42,6
남해,204,1998,surface,18.5302,42,6
남해,204,1998,upper,17.4814,117,6
남해,204,1999,100m,15.7517,18,6
남해,204,1999,50m,16.1693,43,6
남해,204,1999,surface,17.3710,42,6
남해,204,1999,upper,16.6657,120,6
남해,204,2000,100m,15.2022,18,6
남해,204,2000,50m,15.0888,42,6
남해,204,2000,surface,17.2785,40,6
남해,204,2000,upper,16.0200,116,6
남해,204,2001,100m,14.8775,16,6
남해,204,2001,50m,15.3569,39,6
남해,204,2001,surface,17.7948,40,6
남해,204,2001,upper,16.3960,113,6
남해,204,2002,100m,15.3544,18,6
남해,204,2002,50m,15.5771,42,6
남해,204,2002,surface,17.9453,36,7
남해,204,2002,upper,16.5258,105,7
남해,204,2003,100m,15.1106,16,6
남해,204,2003,50m,15.1290,39,6
남해,204,2003,surface,17.8500,40,6
남해,204,2003,upper,16.8057,110,6
남해,204,2004,100m,15.3319,16,6
남해,204,2004,50m,16.2587,46,6
남해,204,2004,surface,18.5860,42,7
남해,204,2004,upper,17.7621,114,7
남해,204,2005,100m,14.1071,17,6
남해,204,2005,50m,14.7382,45,6
남해,204,2005,surface,17.9245,40,6
남해,204,2005,upper,16.4108,118,6
남해,204,2006,100m,14.3806,17,6
남해,204,2006,50m,14.8249,41,6
남해,204,2006,surface,17.7321,42,6
남해,204,2006,upper,16.0908,117,6
남해,204,2007,100m,15.5384,19,6
남해,204,2007,50m,15.9855,40,6
남해,204,2007,surface,18.4795,42,6
남해,204,2007,upper,17.0751,118,6
남해,204,2008,100m,14.3415,13,6
남해,204,2008,50m,15.0632,38,6
남해,204,2008,surface,18.1805,42,6
남해,204,2008,upper,16.7396,118,6
남해,204,2009,100m,15.1150,10,6
남해,204,2009,50m,15.9014,36,6
남해,204,2009,surface,18.3667,42,6
남해,204,2009,upper,17.1800,117,6
남해,204,2010,100m,15.4710,10,6
남해,204,2010,50m,15.6142,36,6
남해,204,2010,surface,17.9707,42,7
남해,204,2010,upper,16.0988,118,7
남해,204,2011,100m,14.7818,11,6
남해,204,2011,50m,14.9759,37,6
남해,204,2011,surface,16.9833,42,7
남해,204,2011,upper,15.8265,117,7
남해,204,2012,100m,14.5164,11,6
남해,204,2012,50m,15.3157,37,7
남해,204,2012,surface,17.7214,42,7
남해,204,2012,upper,16.3478,117,7
남해,204,2013,100m,14.9215,13,6
남해,204,2013,50m,15.8357,37,6
남해,204,2013,surface,17.8326,42,6
남해,204,2013,upper,16.8116,118,6
남해,204,2014,100m,15.1042,12,6
남해,204,2014,50m,15.8233,36,6
남해,204,2014,surface,17.7388,42,6
남해,204,2014,upper,17.1145,119,6
남해,204,2015,100m,15.0450,12,6
남해,204,2015,50m,15.4895,37,6
남해,204,2015,surface,17.6567,42,6
남해,204,2015,upper,16.5027,120,6
남해,204,2016,100m,15.3850,12,6
남해,204,2016,50m,15.7378,37,6
남해,204,2016,surface,18.9869,42,6
남해,204,2016,upper,16.8114,120,6
남해,204,2017,100m,15.1908,12,6
남해,204,2017,50m,15.8737,38,6
남해,204,2017,surface,17.7033,42,6
남해,204,2017,upper,16.6023,119,6
남해,204,2018,100m,14.5869,13,6
남해,204,2018,50m,15.4272,36,6
남해,204,2018,surface,18.1693,42,6
남해,204,2018,upper,17.3902,120,6
남해,204,2019,100m,15.3036,11,6
남해,204,2019,50m,16.3559,37,6
남해,204,2019,surface,18.0905,42,6
남해,204,2019,upper,17.0462,118,6
남해,204,2020,100m,15.5355,11,6
남해,204,2020,50m,16.6086,37,6
남해,204,2020,surface,17.9067,42,6
남해,204,2020,upper,16.8413,119,6
남해,204,2021,100m,15.0783,12,6
남해,204,2021,50m,16.1525,36,6
남해,204,2021,surface,18.5962,42,7
남해,204,2021,upper,17.2027,120,7
남해,204,2022,100m,15.5682,11,6
남해,204,2022,50m,16.1297,39,6
남해,204,2022,surface,17.5243,42,6
남해,204,2022,upper,16.5602,120,6
남해,204,2023,100m,15.2892,12,6
남해,204,2023,50m,16.2887,38,6
남해,204,2023,surface,19.1031,42,6
남해,204,2023,upper,17.6912,117,6
남해,204,2024,100m,15.8025,8,6
남해,204,2024,50m,16.3068,38,6
남해,204,2024,surface,19.2329,42,6
남해,204,2024,upper,17.6051,116,6
남해,204,2025,100m,15.1100,6,6
남해,204,2025,50m,16.2139,36,7
남해,204,2025,surface,18.4895,42,7
남해,204,2025,upper,17.0300,112,7
남해,205,1968,100m,14.4868,47,8
남해,205,1968,200m,13.5383,6,4
남해,205,1968,50m,15.8734,95,8
남해,205,1968,surface,19.1198,55,8
남해,205,1968,upper,18.2290,165,8
남해,205,1969,100m,15.4535,43,9
남해,205,1969,50m,15.4142,124,12
남해,205,1969,surface,18.4423,73,12
남해,205,1969,upper,17.1062,218,12
남해,205,1970,100m,14.3244,34,10
남해,205,1970,50m,14.6668,96,10
남해,205,1970,surface,18.8295,55,10
남해,205,1970,upper,17.3746,168,10
남해,205,1971,100m,14.4427,15,8
남해,205,1971,50m,14.8853,66,8
남해,205,1971,surface,18.9632,41,8
남해,205,1971,upper,17.6746,123,8
남해,205,1972,100m,14.7207,14,6
남해,205,1972,50m,14.8738,48,6
남해,205,1972,surface,18.5390,30,6
남해,205,1972,upper,17.2623,90,6
남해,205,1973,100m,15.0640,10,6
남해,205,1973,50m,14.9110,48,6
남해,205,1973,surface,18.0320,30,6
남해,205,1973,upper,16.7517,90,6
남해,205,1974,100m,14.4067,9,6
남해,205,1974,50m,13.9162,45,6
남해,205,1974,surface,17.1407,30,6
남해,205,1974,upper,15.4026,90,6
남해,205,1975,100m,15.3892,12,5
남해,205,1975,50m,14.8921,48,6
남해,205,1975,surface,18.9670,30,6
남해,205,1975,upper,17.7283,90,6
남해,205,1976,100m,14.1300,12,6
남해,205,1976,50m,14.3453,49,6
남해,205,1976,surface,17.1906,32,6
남해,205,1976,upper,16.3233,96,6
남해,205,1977,100m,14.9650,14,6
남해,205,1977,50m,14.6081,47,6
남해,205,1977,surface,17.7200,30,6
남해,205,1977,upper,16.4517,90,6
남해,205,1978,100m,16.4556,9,6
남해,205,1978,50m,15.3674,50,6
남해,205,1978,surface,18.3173,30,6
남해,205,1978,upper,17.1449,90,6
남해,205,1979,100m,16.2960,10,7
남해,205,1979,50m,15.4089,56,7
남해,205,1979,surface,18.2189,35,7
남해,205,1979,upper,16.7801,105,7
남해,205,1980,100m,15.6075,28,8
남해,205,1980,50m,15.4958,76,8
남해,205,1980,surface,18.1852,46,8
남해,205,1980,upper,17.4288,138,8
남해,205,1981,100m,15.6467,12,6
남해,205,1981,50m,15.0456,50,6
남해,205,1981,surface,18.2339,31,6
남해,205,1981,upper,16.7122,93,6
남해,205,1982,100m,16.1055,11,6
남해,205,1982,50m,15.6694,48,6
남해,205,1982,surface,18.2650,30,6
남해,205,1982,upper,17.1872,90,6
남해,205,1983,100m,15.2559,17,6
남해,205,1983,50m,15.4914,50,6
남해,205,1983,surface,18.7600,31,6
남해,205,1983,upper,17.1243,93,6
남해,205,1984,100m,14.3096,24,6
남해,205,1984,50m,14.2057,53,6
남해,205,1984,surface,17.2953,30,6
남해,205,1984,upper,15.9655,83,6
남해,205,1985,100m,14.9395,19,6
남해,205,1985,50m,14.8591,56,6
남해,205,1985,surface,18.1123,30,6
남해,205,1985,upper,17.4040,86,6
남해,205,1986,100m,15.3047,19,6
남해,205,1986,50m,14.7818,57,6
남해,205,1986,surface,17.6313,30,6
남해,205,1986,upper,16.2136,83,6
남해,205,1987,100m,14.8714,29,6
남해,205,1987,50m,15.3809,58,6
남해,205,1987,surface,17.5817,30,6
남해,205,1987,upper,16.3930,81,6
남해,205,1988,100m,15.1205,19,6
남해,205,1988,50m,15.2228,53,6
남해,205,1988,surface,18.4107,30,6
남해,205,1988,upper,17.6182,87,6
남해,205,1989,100m,14.9455,11,5
남해,205,1989,50m,15.6320,40,5
남해,205,1989,surface,18.7956,25,5
남해,205,1989,upper,18.3012,75,5
남해,205,1990,100m,15.0325,16,6
남해,205,1990,50m,15.2948,50,6
남해,205,1990,surface,18.8407,30,6
남해,205,1990,upper,17.4532,90,6
남해,205,1991,100m,15.1267,9,5
남해,205,1991,50m,15.8027,40,5
남해,205,1991,surface,18.6740,25,5
남해,205,1991,upper,17.6553,75,5
남해,205,1992,100m,15.6840,10,5
남해,205,1992,50m,16.0159,39,5
남해,205,1992,surface,19.2832,25,5
남해,205,1992,upper,18.4928,75,5
남해,205,1993,100m,15.5482,11,5
남해,205,1993,50m,15.4938,48,6
남해,205,1993,surface,17.9410,30,6
남해,205,1993,upper,17.5498,90,6
남해,205,1994,100m,15.8035,17,6
남해,205,1994,50m,15.6310,50,6
남해,205,1994,surface,18.9403,30,6
남해,205,1994,upper,17.5588,90,6
남해,205,1995,100m,15.4161,18,6
남해,205,1995,50m,15.0955,49,6
남해,205,1995,surface,18.4000,30,6
남해,205,1995,upper,16.9222,90,6
남해,205,1996,100m,14.6671,14,6
남해,205,1996,50m,14.4308,50,6
남해,205,1996,surface,18.9927,30,6
남해,205,1996,upper,17.0029,90,6
남해,205,1997,100m,15.6538,16,6
남해,205,1997,50m,15.4694,50,6
남해,205,1997,surface,18.2706,36,6
남해,205,1997,upper,17.2484,100,6
남해,205,1998,100m,16.3300,16,6
남해,205,1998,50m,16.1551,47,6
남해,205,1998,surface,19.2511,36,6
남해,205,1998,upper,18.5772,103,6
남해,205,1999,100m,16.0133,15,6
남해,205,1999,50m,15.7435,49,6
남해,205,1999,surface,17.9717,36,6
남해,205,1999,upper,17.2532,102,6
남해,205,2000,100m,15.1119,16,6
남해,205,2000,50m,15.7283,47,6
남해,205,2000,surface,18.3235,34,6
남해,205,2000,upper,17.3728,98,6
남해,205,2001,100m,15.8900,12,6
남해,205,2001,50m,15.1933,42,6
남해,205,2001,surface,18.1450,32,6
남해,205,2001,upper,16.8002,91,6
남해,205,2002,100m,15.8839,18,6
남해,205,2002,50m,15.7369,48,6
남해,205,2002,surface,18.8113,30,6
남해,205,2002,upper,17.5579,90,6
남해,205,2003,100m,15.4512,17,6
남해,205,2003,50m,15.4523,48,6
남해,205,2003,surface,18.3609,35,6
남해,205,2003,upper,17.3675,99,6
남해,205,2004,100m,16.0811,19,6
남해,205,2004,50m,15.9620,46,6
남해,205,2004,surface,18.8067,36,7
남해,205,2004,upper,17.7175,102,7
남해,205,2005,100m,14.8262,21,6
남해,205,2005,50m,14.7461,54,6
남해,205,2005,surface,18.6619,36,7
남해,205,2005,upper,17.1646,104,7
남해,205,2006,100m,14.9489,19,6
남해,205,2006,50m,15.3206,47,6
남해,205,2006,surface,18.7533,36,6
남해,205,2006,upper,17.0039,102,6
남해,205,2007,100m,15.9347,19,6
남해,205,2007,50m,15.8008,48,6
남해,205,2007,surface,19.1036,36,6
남해,205,2007,upper,18.0049,102,6
남해,205,2008,100m,15.1973,15,6
남해,205,2008,50m,15.3202,48,6
남해,205,2008,surface,18.8653,36,6
남해,205,2008,upper,17.4241,102,6
남해,205,2009,100m,16.0386,14,6
남해,205,2009,50m,15.6354,48,6
남해,205,2009,surface,18.8567,36,6
남해,205,2009,upper,17.8006,102,6
남해,205,2010,100m,16.0792,12,6
남해,205,2010,50m,15.4715,47,7
남해,205,2010,surface,18.7092,36,8
남해,205,2010,upper,17.0420,102,8
남해,205,2011,100m,15.2669,13,6
남해,205,2011,50m,14.9129,48,6
남해,205,2011,surface,17.8947,36,7
남해,205,2011,upper,16.7954,102,7
남해,205,2012,100m,15.0400,11,6
남해,205,2012,50m,14.9575,48,6
남해,205,2012,surface,18.6322,36,6
남해,205,2012,upper,17.4808,101,6
남해,205,2013,100m,15.9850,12,6
남해,205,2013,50m,15.9296,48,6
남해,205,2013,surface,18.5467,36,6
남해,205,2013,upper,17.4609,102,6
남해,205,2014,100m,15.3177,13,6
남해,205,2014,50m,15.7025,48,6
남해,205,2014,surface,18.1611,36,6
남해,205,2014,upper,17.5776,102,6
남해,205,2015,100m,15.9017,12,6
남해,205,2015,50m,15.4146,48,6
남해,205,2015,surface,18.1328,36,6
남해,205,2015,upper,17.1009,102,6
남해,205,2016,100m,16.0175,12,6
남해,205,2016,50m,15.8417,48,6
남해,205,2016,surface,19.3261,36,6
남해,205,2016,upper,17.7673,102,6
남해,205,2017,100m,16.1293,14,6
남해,205,2017,50m,15.7633,48,6
남해,205,2017,surface,18.2494,36,6
남해,205,2017,upper,17.3201,102,6
남해,205,2018,100m,15.0833,12,6
남해,205,2018,50m,15.0723,48,6
남해,205,2018,surface,18.6294,36,6
남해,205,2018,upper,18.0880,102,6
남해,205,2019,100m,16.1764,11,6
남해,205,2019,50m,16.4246,48,6
남해,205,2019,surface,18.7069,36,6
남해,205,2019,upper,17.8400,102,6
남해,205,2020,100m,16.4536,11,6
남해,205,2020,50m,16.7310,48,7
남해,205,2020,surface,19.0683,36,7
남해,205,2020,upper,17.6127,102,7
남해,205,2021,100m,15.6783,12,6
남해,205,2021,50m,16.0356,48,7
남해,205,2021,surface,19.1694,36,7
남해,205,2021,upper,18.6442,102,7
남해,205,2022,100m,16.0070,10,5
남해,205,2022,50m,15.6881,43,7
남해,205,2022,surface,18.4659,34,7
남해,205,2022,upper,17.4531,96,7
남해,205,2023,100m,16.5150,10,6
남해,205,2023,50m,16.4985,48,6
남해,205,2023,surface,19.5411,36,6
남해,205,2023,upper,18.5125,102,6
남해,205,2024,100m,16.5312,8,6
남해,205,2024,50m,16.7013,45,6
남해,205,2024,surface,19.8967,36,6
남해,205,2024,upper,18.3774,101,6
남해,205,2025,100m,16.0986,7,6
남해,205,2025,50m,16.0102,47,6
남해,205,2025,surface,19.0525,36,6
남해,205,2025,upper,17.4616,98,6
남해,206,1968,100m,13.7621,47,9
남해,206,1968,50m,14.8180,80,9
남해,206,1968,surface,18.7752,42,9
남해,206,1968,upper,17.7518,127,9
남해,206,1969,100m,14.4757,47,12
남해,206,1969,50m,14.6905,110,12
남해,206,1969,surface,18.0673,59,12
남해,206,1969,upper,16.7412,177,12
남해,206,1970,100m,13.9822,45,10
남해,206,1970,50m,14.8719,94,10
남해,206,1970,surface,19.1612,50,10
남해,206,1970,upper,17.8483,150,10
남해,206,1971,100m,13.6095,42,8
남해,206,1971,50m,14.5368,82,8
남해,206,1971,surface,18.7938,42,8
남해,206,1971,upper,17.5601,126,8
남해,206,1972,100m,14.3104,24,6
남해,206,1972,50m,15.1516,56,6
남해,206,1972,surface,18.1113,30,6
남해,206,1972,upper,17.1239,90,6
남해,206,1973,100m,15.1583,29,6
남해,206,1973,50m,15.4407,57,6
남해,206,1973,surface,18.2917,30,6
남해,206,1973,upper,17.4148,91,6
남해,206,1974,100m,14.2891,23,6
남해,206,1974,50m,14.4471,58,6
남해,206,1974,surface,18.1460,30,6
남해,206,1974,upper,16.8154,90,6
남해,206,1975,100m,14.9748,27,6
남해,206,1975,50m,15.0633,58,6
남해,206,1975,surface,19.0730,30,6
남해,206,1975,upper,17.7358,90,6
남해,206,1976,100m,13.6144,27,6
남해,206,1976,50m,14.3682,57,6
남해,206,1976,surface,17.8317,30,6
남해,206,1976,upper,16.5709,90,6
남해,206,1977,100m,13.9296,27,6
남해,206,1977,50m,14.5615,59,6
남해,206,1977,surface,18.1540,30,6
남해,206,1977,upper,17.1254,90,6
남해,206,1978,100m,14.5196,25,6
남해,206,1978,50m,14.8644,59,6
남해,206,1978,surface,18.6057,30,6
남해,206,1978,upper,17.4377,90,6
남해,206,1979,100m,15.2859,22,7
남해,206,1979,50m,15.2664,59,7
남해,206,1979,surface,17.6789,35,7
남해,206,1979,upper,16.7750,105,7
남해,206,1980,100m,14.8953,32,8
남해,206,1980,50m,15.9773,80,8
남해,206,1980,surface,18.0915,40,8
남해,206,1980,upper,17.4207,120,8
남해,206,1981,100m,14.6054,24,6
남해,206,1981,50m,14.8502,60,6
남해,206,1981,surface,18.4443,30,6
남해,206,1981,upper,17.1930,90,6
남해,206,1982,100m,14.2822,23,6
남해,206,1982,50m,15.2143,58,6
남해,206,1982,surface,18.8073,30,6
남해,206,1982,upper,18.0306,86,6
남해,206,1983,100m,14.5180,30,6
남해,206,1983,50m,15.0385,54,6
남해,206,1983,surface,18.9350,30,6
남해,206,1983,upper,17.6259,90,6
남해,206,1984,100m,13.7888,34,6
남해,206,1984,50m,14.9658,59,6
남해,206,1984,surface,18.6687,30,6
남해,206,1984,upper,16.7339,84,6
남해,206,1985,100m,13.9858,24,6
남해,206,1985,50m,14.7835,60,6
남해,206,1985,surface,18.2113,30,6
남해,206,1985,upper,17.5406,90,6
남해,206,1986,100m,14.3939,28,6
남해,206,1986,50m,13.8863,59,6
남해,206,1986,surface,17.9243,30,6
남해,206,1986,upper,16.5586,86,6
남해,206,1987,100m,14.8167,30,6
남해,206,1987,50m,15.9712,59,6
남해,206,1987,surface,17.7637,30,6
남해,206,1987,upper,17.2494,88,6
남해,206,1988,100m,14.9721,34,6
남해,206,1988,50m,16.2014,65,6
남해,206,1988,surface,18.7667,30,6
남해,206,1988,upper,18.2202,82,6
남해,206,1989,100m,14.6215,20,5
남해,206,1989,50m,15.7437,49,5
남해,206,1989,surface,18.6400,25,5
남해,206,1989,upper,18.3144,75,5
남해,206,1990,100m,14.6168,25,6
남해,206,1990,50m,15.7942,59,6
남해,206,1990,surface,18.8970,30,6
남해,206,1990,upper,17.9843,90,6
남해,206,1991,100m,14.7543,23,5
남해,206,1991,50m,15.8961,49,5
남해,206,1991,surface,18.6012,25,5
남해,206,1991,upper,17.4141,75,5
남해,206,1992,100m,14.6777,22,5
남해,206,1992,50m,15.7708,49,5
남해,206,1992,surface,19.0128,25,5
남해,206,1992,upper,18.4844,75,5
남해,206,1993,100m,14.4304,27,6
남해,206,1993,50m,15.3278,54,6
남해,206,1993,surface,17.8667,30,6
남해,206,1993,upper,17.5287,90,6
남해,206,1994,100m,14.1644,27,6
남해,206,1994,50m,14.8752,58,6
남해,206,1994,surface,19.0337,30,6
남해,206,1994,upper,17.4633,90,6
남해,206,1995,100m,14.4323,31,6
남해,206,1995,50m,15.0581,59,6
남해,206,1995,surface,18.4637,30,6
남해,206,1995,upper,17.0810,90,6
남해,206,1996,100m,13.5141,32,6
남해,206,1996,50m,14.3177,56,6
남해,206,1996,surface,18.9900,30,6
남해,206,1996,upper,16.7642,89,6
남해,206,1997,100m,14.6252,31,6
남해,206,1997,50m,15.3025,64,6
남해,206,1997,surface,18.5705,37,6
남해,206,1997,upper,17.4890,111,6
남해,206,1998,100m,14.1847,32,6
남해,206,1998,50m,15.4903,63,6
남해,206,1998,surface,19.3375,36,6
남해,206,1998,upper,18.4269,108,6
남해,206,1999,100m,14.5567,6,6
남해,206,1999,50m,14.7795,37,6
남해,206,1999,surface,17.7138,24,6
남해,206,1999,upper,17.0286,72,6
남해,206,2000,100m,13.5933,6,6
남해,206,2000,50m,14.4569,35,6
남해,206,2000,surface,17.7404,23,6
남해,206,2000,upper,16.4083,69,6
남해,206,2001,100m,13.7217,6,6
남해,206,2001,50m,14.5038,32,6
남해,206,2001,surface,17.7343,21,6
남해,206,2001,upper,16.4421,63,6
남해,206,2002,100m,14.1017,6,6
남해,206,2002,50m,14.5624,29,6
남해,206,2002,surface,18.1467,18,6
남해,206,2002,upper,16.8017,54,6
남해,206,2003,100m,14.0633,6,6
남해,206,2003,50m,14.4877,35,6
남해,206,2003,surface,17.7725,24,6
남해,206,2003,upper,16.9147,72,6
남해,206,2004,100m,15.1371,7,6
남해,206,2004,50m,15.2210,40,6
남해,206,2004,surface,18.4892,24,6
남해,206,2004,upper,17.1281,70,6
남해,206,2005,100m,14.5183,6,5
남해,206,2005,50m,14.4303,38,6
남해,206,2005,surface,18.5800,24,6
남해,206,2005,upper,16.7404,72,6
남해,206,2006,100m,13.0500,6,6
남해,206,2006,50m,14.0559,39,6
남해,206,2006,surface,18.2121,24,6
남해,206,2006,upper,16.5776,71,6
남해,206,2007,100m,13.3783,6,6
남해,206,2007,50m,14.9837,41,6
남해,206,2007,surface,18.5929,24,6
남해,206,2007,upper,17.2253,72,6
남해,206,2008,100m,12.5667,6,6
남해,206,2008,50m,13.7717,30,6
남해,206,2008,surface,18.3958,24,6
남해,206,2008,upper,16.9340,72,6
남해,206,2009,100m,13.6617,6,6
남해,206,2009,50m,14.7363,24,6
남해,206,2009,surface,18.2688,24,6
남해,206,2009,upper,17.4557,72,6
남해,206,2010,100m,14.0140,5,5
남해,206,2010,50m,14.4632,25,6
남해,206,2010,surface,18.3187,24,6
남해,206,2010,upper,16.2346,72,6
남해,206,2011,100m,13.6860,5,5
남해,206,2011,50m,14.1276,25,6
남해,206,2011,surface,17.5613,24,6
남해,206,2011,upper,16.3957,72,6
남해,206,2012,100m,12.6800,5,5
남해,206,2012,50m,14.0933,24,6
남해,206,2012,surface,18.3746,24,6
남해,206,2012,upper,16.9904,72,6
남해,206,2013,100m,14.0967,6,6
남해,206,2013,50m,15.2908,24,6
남해,206,2013,surface,18.0592,24,6
남해,206,2013,upper,16.7404,72,6
남해,206,2014,100m,13.8050,6,6
남해,206,2014,50m,15.3800,24,6
남해,206,2014,surface,17.9229,24,6
남해,206,2014,upper,17.2819,72,6
남해,206,2015,100m,13.7683,6,6
남해,206,2015,50m,14.4136,25,6
남해,206,2015,surface,17.7204,24,6
남해,206,2015,upper,16.5313,71,6
남해,206,2016,100m,14.2667,6,6
남해,206,2016,50m,14.9900,27,6
남해,206,2016,surface,19.2683,24,6
남해,206,2016,upper,17.2997,72,6
남해,206,2017,100m,14.5067,6,6
남해,206,2017,50m,15.5576,25,6
남해,206,2017,surface,18.2242,24,6
남해,206,2017,upper,17.2119,72,6
남해,206,2018,100m,13.4033,6,6
남해,206,2018,50m,14.6200,25,6
남해,206,2018,surface,18.7721,24,6
남해,206,2018,upper,17.6649,72,6
남해,206,2019,100m,14.2920,5,5
남해,206,2019,50m,15.4542,24,6
남해,206,2019,surface,18.8783,24,6
남해,206,2019,upper,17.6168,72,6
남해,206,2020,100m,15.3625,4,4
남해,206,2020,50m,15.6546,24,6
남해,206,2020,surface,17.9271,24,6
남해,206,2020,upper,16.5862,72,6
남해,206,2021,100m,14.2333,6,6
남해,206,2021,50m,15.2167,24,7
남해,206,2021,surface,18.6321,24,7
남해,206,2021,upper,18.1324,72,7
남해,206,2022,100m,14.7375,4,4
남해,206,2022,50m,15.3237,24,6
남해,206,2022,surface,18.5188,24,6
남해,206,2022,upper,17.2422,72,6
남해,206,2023,100m,14.0380,5,5
남해,206,2023,50m,15.3112,24,6
남해,206,2023,surface,19.1038,24,6
남해,206,2023,upper,17.9433,72,6
남해,206,2024,50m,15.6304,25,6
남해,206,2024,surface,19.5754,24,6
남해,206,2024,upper,17.9357,72,6
남해,206,2025,50m,15.0175,24,7
남해,206,2025,surface,18.1725,24,7
남해,206,2025,upper,16.6396,72,7
남해,207,1968,100m,13.9608,115,10
남해,207,1968,200m,9.4240,15,10
남해,207,1968,50m,15.4622,172,10
남해,207,1968,surface,18.8226,89,10
남해,207,1968,upper,18.2360,264,10
남해,207,1969,100m,14.4340,107,12
남해,207,1969,200m,12.1729,14,11
남해,207,1969,50m,15.5045,172,12
남해,207,1969,surface,18.5038,87,12
남해,207,1969,upper,17.4081,261,12
남해,207,1970,100m,13.7414,86,10
남해,207,1970,200m,10.4480,15,10
남해,207,1970,50m,14.7197,97,10
남해,207,1970,surface,18.9824,50,10
남해,207,1970,upper,17.5149,151,10
남해,207,1971,100m,13.6469,68,8
남해,207,1971,200m,9.2950,8,8
남해,207,1971,50m,14.7018,79,8
남해,207,1971,surface,18.3588,40,8
남해,207,1971,upper,17.3548,120,8
남해,207,1972,100m,14.2117,48,6
남해,207,1972,200m,10.0878,9,6
남해,207,1972,50m,15.3428,60,6
남해,207,1972,surface,18.4250,30,6
남해,207,1972,upper,17.8508,88,6
남해,207,1973,100m,15.1620,56,6
남해,207,1973,200m,9.7840,10,6
남해,207,1973,50m,15.8428,60,6
남해,207,1973,surface,18.8767,30,6
남해,207,1973,upper,18.2284,90,6
남해,207,1974,100m,14.3708,52,6
남해,207,1974,200m,12.2867,9,6
남해,207,1974,50m,15.1702,60,6
남해,207,1974,surface,18.4297,30,6
남해,207,1974,upper,17.2569,90,6
남해,207,1975,100m,14.4177,53,6
남해,207,1975,200m,10.0250,12,6
남해,207,1975,50m,15.1832,59,6
남해,207,1975,surface,19.5107,30,6
남해,207,1975,upper,17.6013,90,6
남해,207,1976,100m,14.4846,54,6
남해,207,1976,200m,10.9633,12,6
남해,207,1976,50m,15.1420,59,6
남해,207,1976,surface,18.2493,30,6
남해,207,1976,upper,17.5246,90,6
남해,207,1977,100m,14.2758,53,6
남해,207,1977,200m,12.3175,12,6
남해,207,1977,50m,15.4030,60,6
남해,207,1977,surface,18.6717,30,6
남해,207,1977,upper,17.5266,90,6
남해,207,1978,100m,15.1440,53,6
남해,207,1978,200m,11.8725,12,6
남해,207,1978,50m,15.6405,59,6
남해,207,1978,surface,18.7380,30,6
남해,207,1978,upper,17.7031,90,6
남해,207,1979,100m,15.0792,51,6
남해,207,1979,200m,12.1067,12,6
남해,207,1979,50m,16.0128,60,6
남해,207,1979,surface,19.1607,30,6
남해,207,1979,upper,17.8363,90,6
남해,207,1980,100m,14.2435,62,7
남해,207,1980,200m,12.7336,11,6
남해,207,1980,50m,15.2626,70,7
남해,207,1980,surface,18.9231,35,7
남해,207,1980,upper,18.1811,105,7
남해,207,1981,100m,13.5486,51,6
남해,207,1981,200m,8.4645,11,6
남해,207,1981,50m,15.0180,60,6
남해,207,1981,surface,18.6770,30,6
남해,207,1981,upper,17.1631,90,6
남해,207,1982,100m,14.1446,52,6
남해,207,1982,200m,10.7964,11,6
남해,207,1982,50m,15.2427,60,6
남해,207,1982,surface,19.0550,30,6
남해,207,1982,upper,18.1054,90,6
남해,207,1983,100m,13.1031,58,6
남해,207,1983,200m,8.4562,13,6
남해,207,1983,50m,14.7489,54,6
남해,207,1983,surface,18.6720,30,6
남해,207,1983,upper,17.4072,90,6
남해,207,1984,100m,12.5685,60,6
남해,207,1984,200m,8.4273,15,6
남해,207,1984,50m,14.9433,54,6
남해,207,1984,surface,18.6937,30,6
남해,207,1984,upper,16.8033,86,6
남해,207,1985,100m,13.5812,48,6
남해,207,1985,200m,9.9013,16,6
남해,207,1985,50m,14.5502,60,6
남해,207,1985,surface,18.1550,30,6
남해,207,1985,upper,17.3492,90,6
남해,207,1986,100m,13.4997,58,6
남해,207,1986,200m,9.2500,13,6
남해,207,1986,50m,14.4423,60,6
남해,207,1986,surface,18.0157,30,6
남해,207,1986,upper,16.9262,86,6
남해,207,1987,100m,14.8098,58,6
남해,207,1987,200m,10.8229,14,6
남해,207,1987,50m,16.2500,62,6
남해,207,1987,surface,17.9257,30,6
남해,207,1987,upper,17.5637,83,6
남해,207,1988,100m,13.9179,58,6
남해,207,1988,200m,10.0438,13,6
남해,207,1988,50m,15.6444,59,6
남해,207,1988,surface,18.6423,30,6
남해,207,1988,upper,18.0763,88,6
남해,207,1989,100m,14.5442,45,5
남해,207,1989,200m,10.7933,6,5
남해,207,1989,50m,15.2514,50,5
남해,207,1989,surface,18.6052,25,5
남해,207,1989,upper,18.2135,75,5
남해,207,1990,100m,13.5035,51,6
남해,207,1990,200m,9.2371,7,6
남해,207,1990,50m,15.5488,60,6
남해,207,1990,surface,19.2927,30,6
남해,207,1990,upper,18.1170,90,6
남해,207,1991,100m,14.3689,44,5
남해,207,1991,200m,11.4957,7,5
남해,207,1991,50m,16.2308,50,5
남해,207,1991,surface,18.6588,25,5
남해,207,1991,upper,17.7119,75,5
남해,207,1992,100m,14.2447,43,5
남해,207,1992,200m,8.3850,6,5
남해,207,1992,50m,15.7946,50,5
남해,207,1992,surface,19.7136,25,5
남해,207,1992,upper,19.0653,75,5
남해,207,1993,100m,14.0185,48,6
남해,207,1993,200m,9.5350,6,6
남해,207,1993,50m,15.3068,60,6
남해,207,1993,surface,18.1170,30,6
남해,207,1993,upper,17.7374,90,6
남해,207,1994,100m,13.1894,52,6
남해,207,1994,200m,8.6550,8,6
남해,207,1994,50m,14.9302,60,6
남해,207,1994,surface,19.4440,30,6
남해,207,1994,upper,17.8812,90,6
남해,207,1995,100m,13.5723,52,6
남해,207,1995,200m,7.4127,11,6
남해,207,1995,50m,15.0566,59,6
남해,207,1995,surface,18.7653,30,6
남해,207,1995,upper,17.5113,90,6
남해,207,1996,100m,11.3063,56,6
남해,207,1996,200m,6.8545,11,6
남해,207,1996,50m,13.9290,60,6
남해,207,1996,surface,19.4933,30,6
남해,207,1996,upper,17.2322,90,6
남해,207,1997,100m,12.1964,50,6
남해,207,1997,200m,6.6200,12,6
남해,207,1997,50m,14.5938,60,6
남해,207,1997,surface,18.9527,30,6
남해,207,1997,upper,17.7336,90,6
남해,207,1998,100m,13.2415,54,6
남해,207,1998,200m,7.3355,11,6
남해,207,1998,50m,15.5410,60,6
남해,207,1998,surface,19.8823,30,6
남해,207,1998,upper,19.0291,90,6
남해,207,1999,100m,13.9260,15,6
남해,207,1999,50m,14.8483,36,6
남해,207,1999,surface,18.8328,18,6
남해,207,1999,upper,17.9513,54,6
남해,207,2000,100m,10.2453,17,6
남해,207,2000,50m,13.9864,36,6
남해,207,2000,surface,18.2767,18,6
남해,207,2000,upper,16.9470,54,6
남해,207,2001,100m,13.3053,15,5
남해,207,2001,50m,14.3579,33,6
남해,207,2001,surface,19.1239,18,6
남해,207,2001,upper,17.3681,54,6
남해,207,2002,100m,12.1427,15,6
남해,207,2002,50m,13.9067,36,6
남해,207,2002,surface,18.2039,18,6
남해,207,2002,upper,17.0502,54,6
남해,207,2003,100m,12.5529,14,6
남해,207,2003,50m,14.2078,36,6
남해,207,2003,surface,18.6089,18,6
남해,207,2003,upper,17.3059,54,6
남해,207,2004,100m,12.7737,16,6
남해,207,2004,50m,14.1785,34,6
남해,207,2004,surface,19.1550,18,6
남해,207,2004,upper,17.9578,54,6
남해,207,2005,100m,11.8811,19,6
남해,207,2005,50m,13.7083,36,6
남해,207,2005,surface,18.6517,18,6
남해,207,2005,upper,16.7907,54,6
남해,207,2006,100m,13.0085,20,6
남해,207,2006,50m,14.2979,34,6
남해,207,2006,surface,18.6606,18,6
남해,207,2006,upper,16.6417,54,6
남해,207,2007,100m,12.4105,19,6
남해,207,2007,50m,14.7223,35,6
남해,207,2007,surface,19.1311,18,6
남해,207,2007,upper,18.0404,54,6
남해,207,2008,100m,12.4008,13,6
남해,207,2008,50m,13.9097,36,6
남해,207,2008,surface,18.7833,18,6
남해,207,2008,upper,17.0694,54,6
남해,207,2009,100m,12.8333,6,6
남해,207,2009,50m,14.1236,36,6
남해,207,2009,surface,18.5800,18,6
남해,207,2009,upper,17.8426,54,6
남해,207,2010,100m,12.3257,7,6
남해,207,2010,50m,13.4758,36,6
남해,207,2010,surface,19.0744,18,6
남해,207,2010,upper,16.4026,54,6
남해,207,2011,100m,11.9430,10,6
남해,207,2011,50m,13.3217,36,7
남해,207,2011,surface,17.9900,18,7
남해,207,2011,upper,16.4861,54,7
남해,207,2012,100m,13.1477,13,6
남해,207,2012,50m,14.2853,36,6
남해,207,2012,surface,18.8417,18,6
남해,207,2012,upper,17.2520,54,6
남해,207,2013,100m,13.1267,9,6
남해,207,2013,50m,14.9547,36,6
남해,207,2013,surface,19.3772,18,6
남해,207,2013,upper,17.6237,54,6
남해,207,2014,100m,13.4712,8,6
남해,207,2014,50m,15.0564,36,6
남해,207,2014,surface,18.3672,18,6
남해,207,2014,upper,17.8956,54,6
남해,207,2015,100m,12.9556,9,6
남해,207,2015,50m,14.1819,36,6
남해,207,2015,surface,18.2278,18,6
남해,207,2015,upper,17.2444,54,6
남해,207,2016,100m,13.3792,13,6
남해,207,2016,50m,14.5433,36,6
남해,207,2016,surface,19.4772,18,6
남해,207,2016,upper,17.5743,54,6
남해,207,2017,100m,12.6038,13,6
남해,207,2017,50m,14.8825,36,6
남해,207,2017,surface,18.7300,18,6
남해,207,2017,upper,17.2380,54,6
남해,207,2018,100m,12.0158,12,6
남해,207,2018,50m,14.5117,36,6
남해,207,2018,surface,19.0839,18,6
남해,207,2018,upper,17.6385,54,6
남해,207,2019,100m,13.0789,9,6
남해,207,2019,50m,15.1836,36,6
남해,207,2019,surface,20.0383,18,6
남해,207,2019,upper,18.5663,54,6
남해,207,2020,100m,12.9625,8,6
남해,207,2020,50m,15.3086,36,6
남해,207,2020,surface,19.6267,18,6
남해,207,2020,upper,17.7856,52,6
남해,207,2021,100m,12.8083,12,6
남해,207,2021,50m,15.4072,36,6
남해,207,2021,surface,19.5494,18,6
남해,207,2021,upper,18.6641,54,6
남해,207,2022,100m,12.0427,11,6
남해,207,2022,50m,14.6369,36,6
남해,207,2022,surface,19.0889,18,6
남해,207,2022,upper,17.5383,54,6
남해,207,2023,100m,12.9473,11,6
남해,207,2023,50m,14.8172,36,6
남해,207,2023,surface,19.6633,18,6
남해,207,2023,upper,18.3474,54,6
남해,207,2024,100m,12.7000,7,6
남해,207,2024,50m,14.1208,36,6
남해,207,2024,surface,20.0967,18,6
남해,207,2024,upper,18.0652,54,6
남해,207,2025,100m,10.7357,7,6
남해,207,2025,50m,13.9934,35,7
남해,207,2025,surface,18.9889,18,7
남해,207,2025,upper,17.0744,54,7
남해,313,1968,100m,13.6571,35,8
남해,313,1968,50m,13.8614,105,8
남해,313,1968,surface,18.5516,58,8
남해,313,1968,upper,17.1818,173,8
남해,313,1969,100m,13.1049,47,11
남해,313,1969,50m,13.7809,158,12
남해,313,1969,surface,16.9586,87,12
남해,313,1969,upper,15.6161,261,12
남해,313,1970,100m,12.7220,41,11
남해,313,1970,50m,12.8945,166,11
남해,313,1970,surface,17.5471,87,11
남해,313,1970,upper,16.0153,260,11
남해,313,1971,100m,13.8753,19,8
남해,313,1971,50m,14.0096,130,8
남해,313,1971,surface,18.8132,68,8
남해,313,1971,upper,16.8386,204,8
남해,313,1972,100m,14.9957,21,6
남해,313,1972,50m,15.3441,107,6
남해,313,1972,surface,18.5309,55,6
남해,313,1972,upper,17.7561,165,6
남해,313,1973,100m,15.2153,19,5
남해,313,1973,50m,14.7209,103,6
남해,313,1973,surface,17.7560,53,6
남해,313,1973,upper,16.9634,159,6
남해,313,1974,100m,14.4700,14,5
남해,313,1974,50m,14.4346,107,6
남해,313,1974,surface,18.6439,54,6
남해,313,1974,upper,16.7901,162,6
남해,313,1975,100m,14.3915,26,6
남해,313,1975,50m,14.0896,103,6
남해,313,1975,surface,18.7372,53,6
남해,313,1975,upper,17.2796,159,6
남해,313,1976,100m,14.5818,17,6
남해,313,1976,50m,14.3342,107,6
남해,313,1976,surface,17.8685,54,6
남해,313,1976,upper,16.3958,162,6
남해,313,1977,100m,13.8810,20,6
남해,313,1977,50m,13.3048,108,7
남해,313,1977,surface,17.2878,54,7
남해,313,1977,upper,16.5835,162,7
남해,313,1978,100m,14.2865,17,6
남해,313,1978,50m,13.7245,108,6
남해,313,1978,surface,18.6481,54,6
남해,313,1978,upper,17.0690,162,6
남해,313,1979,100m,16.0405,19,6
남해,313,1979,50m,15.6917,107,6
남해,313,1979,surface,18.9852,54,6
남해,313,1979,upper,16.8098,162,6
남해,313,1980,100m,14.6979,19,6
남해,313,1980,50m,14.1484,108,6
남해,313,1980,surface,17.4226,54,6
남해,313,1980,upper,16.0646,162,6
남해,313,1981,100m,14.5620,20,6
남해,313,1981,50m,14.1443,107,6
남해,313,1981,surface,17.9376,54,6
남해,313,1981,upper,15.8237,162,6
남해,313,1982,100m,13.8095,19,6
남해,313,1982,50m,13.8887,111,6
남해,313,1982,surface,18.3205,56,6
남해,313,1982,upper,17.1514,168,6
남해,313,1983,100m,14.0820,20,6
남해,313,1983,50m,13.0017,108,6
남해,313,1983,surface,18.6600,54,6
남해,313,1983,upper,16.6582,162,6
남해,313,1984,100m,12.3613,31,6
남해,313,1984,50m,11.0537,104,6
남해,313,1984,surface,16.3257,54,6
남해,313,1984,upper,14.0297,158,6
남해,313,1985,100m,13.2791,32,6
남해,313,1985,50m,12.8966,111,6
남해,313,1985,surface,17.5146,54,6
남해,313,1985,upper,15.9939,154,6
남해,313,1986,100m,13.4087,38,6
남해,313,1986,50m,13.5739,110,6
남해,313,1986,surface,18.2725,55,6
남해,313,1986,upper,15.8919,152,6
남해,313,1987,100m,14.0509,47,6
남해,313,1987,50m,14.0976,106,6
남해,313,1987,surface,18.1815,54,6
남해,313,1987,upper,16.3571,150,6
남해,313,1988,100m,13.6838,37,6
남해,313,1988,50m,13.5288,120,6
남해,313,1988,surface,18.2720,54,6
남해,313,1988,upper,16.8828,145,6
남해,313,1989,100m,13.9744,18,5
남해,313,1989,50m,13.4939,90,5
남해,313,1989,surface,18.4707,45,5
남해,313,1989,upper,17.3077,135,5
남해,313,1990,100m,14.2327,22,6
남해,313,1990,50m,14.0583,109,6
남해,313,1990,surface,18.3143,54,6
남해,313,1990,upper,16.0870,161,6
남해,313,1991,100m,14.0028,18,5
남해,313,1991,50m,13.6142,90,5
남해,313,1991,surface,18.5418,45,5
남해,313,1991,upper,16.2121,135,5
남해,313,1992,100m,14.9478,18,5
남해,313,1992,50m,14.3884,90,5
남해,313,1992,surface,18.8462,45,5
남해,313,1992,upper,16.8959,135,5
남해,313,1993,100m,14.2719,16,6
남해,313,1993,50m,13.5729,106,6
남해,313,1993,surface,17.7306,54,6
남해,313,1993,upper,16.0744,162,6
남해,313,1994,100m,15.3313,16,6
남해,313,1994,50m,14.1940,106,6
남해,313,1994,surface,17.5356,54,6
남해,313,1994,upper,15.9233,162,6
남해,313,1995,100m,14.5156,18,6
남해,313,1995,50m,14.0716,108,6
남해,313,1995,surface,18.5407,54,6
남해,313,1995,upper,16.4720,162,6
남해,313,1996,100m,13.7777,13,5
남해,313,1996,50m,13.0901,108,6
남해,313,1996,surface,19.2552,54,6
남해,313,1996,upper,15.6186,162,6
남해,313,1997,100m,15.1658,12,6
남해,313,1997,50m,14.7663,108,7
남해,313,1997,surface,19.2667,54,7
남해,313,1997,upper,16.9773,162,7
남해,313,1998,100m,13.9189,19,6
남해,313,1998,50m,12.7281,108,6
남해,313,1998,surface,18.3243,54,6
남해,313,1998,upper,16.0209,162,6
남해,313,1999,100m,15.2847,19,6
남해,313,1999,50m,13.6930,108,6
남해,313,1999,surface,17.9233,54,6
남해,313,1999,upper,16.1994,162,6
남해,313,2000,100m,14.8565,17,6
남해,313,2000,50m,13.3545,108,6
남해,313,2000,surface,18.2930,54,6
남해,313,2000,upper,16.3709,162,6
남해,313,2001,100m,14.3065,17,6
남해,313,2001,50m,12.6649,108,6
남해,313,2001,surface,18.7494,54,6
남해,313,2001,upper,16.1188,162,6
남해,313,2002,100m,15.1617,18,6
남해,313,2002,50m,13.5469,107,6
남해,313,2002,surface,19.4787,54,6
남해,313,2002,upper,16.1550,162,6
남해,313,2003,100m,14.3853,19,6
남해,313,2003,50m,13.1749,107,6
남해,313,2003,surface,18.2991,53,6
남해,313,2003,upper,15.6951,162,6
남해,313,2004,100m,14.2294,16,6
남해,313,2004,50m,14.5969,85,6
남해,313,2004,surface,19.6550,54,6
남해,313,2004,upper,17.3892,162,6
남해,313,2005,100m,13.8200,22,6
남해,313,2005,50m,13.2425,108,6
남해,313,2005,surface,18.9819,54,6
남해,313,2005,upper,16.2087,162,6
남해,313,2006,100m,13.6819,21,5
남해,313,2006,50m,13.8438,100,6
남해,313,2006,surface,19.1626,54,6
남해,313,2006,upper,16.8702,162,6
남해,313,2007,100m,15.1830,20,5
남해,313,2007,50m,14.3905,103,6
남해,313,2007,surface,19.5944,54,6
남해,313,2007,upper,16.8425,162,6
남해,313,2008,50m,13.7930,100,6
남해,313,2008,surface,19.6419,54,6
남해,313,2008,upper,16.7875,162,6
남해,313,2009,50m,14.2118,95,6
남해,313,2009,surface,19.7728,54,6
남해,313,2009,upper,16.9720,162,6
남해,313,2010,50m,13.2502,80,5
남해,313,2010,surface,18.3504,45,5
남해,313,2010,upper,14.9573,135,5
남해,313,2011,50m,13.7378,98,6
남해,313,2011,surface,17.2767,54,6
남해,313,2011,upper,15.6641,162,6
남해,313,2012,50m,11.9819,81,6
남해,313,2012,surface,17.8076,45,6
남해,313,2012,upper,16.2212,135,6
남해,313,2013,50m,13.6436,109,7
남해,313,2013,surface,17.9186,63,7
남해,313,2013,upper,16.0410,189,7
남해,313,2014,50m,14.1233,91,6
남해,313,2014,surface,18.4224,54,6
남해,313,2014,upper,16.6980,162,6
남해,313,2015,50m,13.7545,100,6
남해,313,2015,surface,17.9572,54,6
남해,313,2015,upper,16.1088,162,6
남해,313,2016,50m,13.5314,94,6
남해,313,2016,surface,18.7902,49,6
남해,313,2016,upper,15.1657,147,6
남해,313,2017,50m,13.2860,100,6
남해,313,2017,surface,18.1420,54,6
남해,313,2017,upper,15.8376,162,6
남해,313,2018,50m,13.2119,100,6
남해,313,2018,surface,18.6493,54,6
남해,313,2018,upper,17.2599,162,6
남해,313,2019,50m,13.5347,98,6
남해,313,2019,surface,19.2346,54,6
남해,313,2019,upper,17.2735,162,6
남해,313,2020,50m,14.6819,102,6
남해,313,2020,surface,19.0259,54,6
남해,313,2020,upper,17.2388,162,6
남해,313,2021,50m,14.6053,99,6
남해,313,2021,surface,18.7326,54,6
남해,313,2021,upper,16.9435,162,6
남해,313,2022,50m,13.9864,100,6
남해,313,2022,surface,18.4794,54,6
남해,313,2022,upper,16.4764,162,6
남해,313,2023,50m,14.9995,96,6
남해,313,2023,surface,19.9013,53,6
남해,313,2023,upper,17.9157,159,6
남해,313,2024,50m,15.6113,87,6
남해,313,2024,surface,20.3257,54,6
남해,313,2024,upper,17.6191,162,6
남해,313,2025,50m,14.4633,82,6
남해,313,2025,surface,19.2409,54,6
남해,313,2025,upper,17.3039,162,6
남해,314,1968,100m,15.2161,84,9
남해,314,1968,50m,15.9308,154,9
남해,314,1968,surface,20.2078,78,9
남해,314,1968,upper,19.3958,237,9
남해,314,1969,100m,15.9101,155,12
남해,314,1969,50m,16.2923,256,12
남해,314,1969,surface,19.3342,133,12
남해,314,1969,upper,18.3884,398,12
남해,314,1970,100m,14.6874,147,11
남해,314,1970,50m,15.2856,255,11
남해,314,1970,surface,19.0773,129,11
남해,314,1970,upper,18.0515,387,11
남해,314,1971,100m,15.5688,104,8
남해,314,1971,50m,16.2707,180,8
남해,314,1971,surface,20.1788,93,8
남해,314,1971,upper,18.9953,279,8
남해,314,1972,100m,15.8832,74,6
남해,314,1972,50m,16.6410,131,6
남해,314,1972,surface,19.6997,66,6
남해,314,1972,upper,19.2577,197,6
남해,314,1973,100m,16.3924,71,6
남해,314,1973,50m,16.8126,134,6
남해,314,1973,surface,19.4763,67,6
남해,314,1973,upper,18.8735,201,6
남해,314,1974,100m,15.7873,74,7
남해,314,1974,50m,16.0448,132,7
남해,314,1974,surface,19.6940,67,7
남해,314,1974,upper,18.2871,201,7
남해,314,1975,100m,15.3409,80,6
남해,314,1975,50m,16.0960,132,6
남해,314,1975,surface,19.9018,66,6
남해,314,1975,upper,18.8171,199,6
남해,314,1976,100m,15.6581,80,7
남해,314,1976,50m,16.5833,132,7
남해,314,1976,surface,18.9727,67,7
남해,314,1976,upper,18.5761,201,7
남해,314,1977,100m,15.9398,82,6
남해,314,1977,50m,16.2866,132,6
남해,314,1977,surface,18.8606,66,6
남해,314,1977,upper,18.6470,198,6
남해,314,1978,100m,16.0843,83,6
남해,314,1978,50m,16.6879,132,6
남해,314,1978,surface,19.7427,66,6
남해,314,1978,upper,18.9114,198,6
남해,314,1979,100m,16.8585,80,6
남해,314,1979,50m,17.1061,132,6
남해,314,1979,surface,20.0505,66,6
남해,314,1979,upper,18.5711,198,6
남해,314,1980,100m,16.2168,82,6
남해,314,1980,50m,16.2048,132,6
남해,314,1980,surface,19.1830,66,6
남해,314,1980,upper,18.2322,198,6
남해,314,1981,100m,16.1622,83,6
남해,314,1981,50m,16.1984,134,6
남해,314,1981,surface,19.2857,67,6
남해,314,1981,upper,18.1136,201,6
남해,314,1982,100m,16.2878,82,6
남해,314,1982,50m,16.7825,128,6
남해,314,1982,surface,20.2861,66,6
남해,314,1982,upper,19.1737,198,6
남해,314,1983,100m,16.0056,82,6
남해,314,1983,50m,16.5666,134,6
남해,314,1983,surface,20.3207,67,6
남해,314,1983,upper,19.3506,201,6
남해,314,1984,100m,14.6077,111,6
남해,314,1984,50m,15.2276,126,6
남해,314,1984,surface,19.0518,66,6
남해,314,1984,upper,18.0215,188,6
남해,314,1985,100m,15.3030,104,6
남해,314,1985,50m,16.4054,131,6
남해,314,1985,surface,19.7526,66,6
남해,314,1985,upper,18.9460,193,6
남해,314,1986,100m,15.4081,110,6
남해,314,1986,50m,16.3194,131,6
남해,314,1986,surface,19.8300,67,6
남해,314,1986,upper,18.3699,191,6
남해,314,1987,100m,15.6722,125,6
남해,314,1987,200m,14.4680,5,4
남해,314,1987,50m,17.4163,138,6
남해,314,1987,surface,20.2082,66,6
남해,314,1987,upper,18.8816,176,6
남해,314,1988,100m,16.0763,110,6
남해,314,1988,50m,17.1720,138,6
남해,314,1988,surface,20.1305,66,6
남해,314,1988,upper,19.7200,178,6
남해,314,1989,100m,15.1908,76,5
남해,314,1989,50m,15.7221,112,5
남해,314,1989,surface,20.0120,56,5
남해,314,1989,upper,19.1953,168,5
남해,314,1990,100m,15.8126,85,6
남해,314,1990,50m,17.1325,132,6
남해,314,1990,surface,20.3905,66,6
남해,314,1990,upper,19.1732,198,6
남해,314,1991,100m,15.1479,71,5
남해,314,1991,50m,15.7363,110,5
남해,314,1991,surface,19.7204,55,5
남해,314,1991,upper,18.6496,165,5
남해,314,1992,100m,15.9705,60,5
남해,314,1992,50m,16.4905,106,5
남해,314,1992,surface,20.3687,53,5
남해,314,1992,upper,19.3174,159,5
남해,314,1993,100m,15.5518,77,6
남해,314,1993,50m,16.4141,132,6
남해,314,1993,surface,19.4477,66,6
남해,314,1993,upper,18.5861,198,6
남해,314,1994,100m,16.2430,77,6
남해,314,1994,50m,17.1070,132,6
남해,314,1994,surface,19.5764,66,6
남해,314,1994,upper,18.9606,198,6
남해,314,1995,100m,15.6765,86,6
남해,314,1995,50m,16.2144,142,6
남해,314,1995,surface,19.9714,72,6
남해,314,1995,upper,18.2757,216,6
남해,314,1996,100m,15.0352,85,6
남해,314,1996,50m,16.0928,132,6
남해,314,1996,surface,20.6292,66,6
남해,314,1996,upper,18.2446,198,6
남해,314,1997,100m,16.1442,77,6
남해,314,1997,50m,17.0170,132,7
남해,314,1997,surface,20.5074,66,7
남해,314,1997,upper,19.5328,198,7
남해,314,1998,100m,16.0416,85,6
남해,314,1998,50m,16.5582,132,6
남해,314,1998,surface,20.9591,66,6
남해,314,1998,upper,19.2755,198,6
남해,314,1999,100m,16.1780,66,6
남해,314,1999,50m,16.4947,120,6
남해,314,1999,surface,19.6418,60,6
남해,314,1999,upper,18.7334,180,6
남해,314,2000,100m,15.8550,64,6
남해,314,2000,50m,16.6533,120,6
남해,314,2000,surface,20.1547,60,6
남해,314,2000,upper,18.8479,180,6
남해,314,2001,100m,15.8234,59,6
남해,314,2001,50m,16.6455,110,6
남해,314,2001,surface,20.8444,55,6
남해,314,2001,upper,19.3174,165,6
남해,314,2002,100m,15.7034,68,6
남해,314,2002,50m,16.3832,122,6
남해,314,2002,surface,20.5946,61,6
남해,314,2002,upper,18.6763,182,6
남해,314,2003,100m,15.9239,69,6
남해,314,2003,50m,16.1839,120,6
남해,314,2003,surface,19.9763,60,6
남해,314,2003,upper,18.5384,178,6
남해,314,2004,100m,16.3664,50,7
남해,314,2004,50m,17.5425,109,7
남해,314,2004,surface,21.0297,60,7
남해,314,2004,upper,20.0069,180,7
남해,314,2005,100m,15.3255,76,6
남해,314,2005,50m,16.2974,120,6
남해,314,2005,surface,20.5152,60,6
남해,314,2005,upper,18.6183,180,6
남해,314,2006,100m,15.3869,68,6
남해,314,2006,50m,16.6228,117,6
남해,314,2006,surface,20.4457,60,6
남해,314,2006,upper,19.1025,180,6
남해,314,2007,100m,16.0103,65,6
남해,314,2007,50m,16.4113,122,6
남해,314,2007,surface,20.8369,64,6
남해,314,2007,upper,19.2341,192,6
남해,314,2008,100m,15.3931,64,7
남해,314,2008,50m,16.0977,124,7
남해,314,2008,surface,20.8173,64,7
남해,314,2008,upper,19.0759,192,7
남해,314,2009,100m,16.2961,61,6
남해,314,2009,50m,16.5935,121,6
남해,314,2009,surface,20.5408,62,6
남해,314,2009,upper,18.9102,186,6
남해,314,2010,100m,15.9586,57,6
남해,314,2010,50m,16.1451,110,6
남해,314,2010,surface,20.3565,55,6
남해,314,2010,upper,18.4928,165,6
남해,314,2011,100m,15.5008,62,6
남해,314,2011,50m,15.9926,122,6
남해,314,2011,surface,19.0867,61,6
남해,314,2011,upper,18.0120,183,6
남해,314,2012,100m,15.3557,47,5
남해,314,2012,50m,16.1607,100,5
남해,314,2012,surface,19.6204,50,5
남해,314,2012,upper,18.6443,150,5
남해,314,2013,100m,16.1332,66,8
남해,314,2013,50m,16.1515,140,8
남해,314,2013,surface,19.5921,70,8
남해,314,2013,upper,18.4841,210,8
남해,314,2014,100m,15.8749,59,6
남해,314,2014,50m,16.1801,120,6
남해,314,2014,surface,19.6320,60,6
남해,314,2014,upper,18.7649,180,6
남해,314,2015,100m,15.7126,58,6
남해,314,2015,50m,16.3719,120,6
남해,314,2015,surface,19.8762,60,6
남해,314,2015,upper,18.9077,180,6
남해,314,2016,100m,15.9132,59,6
남해,314,2016,50m,16.2553,120,6
남해,314,2016,surface,20.8850,60,6
남해,314,2016,upper,18.9252,180,6
남해,314,2017,100m,16.1398,59,8
남해,314,2017,50m,16.8312,120,8
남해,314,2017,surface,20.4055,60,8
남해,314,2017,upper,19.0832,180,8
남해,314,2018,100m,15.2890,59,7
남해,314,2018,50m,16.1872,120,7
남해,314,2018,surface,20.2142,60,7
남해,314,2018,upper,19.1804,180,7
남해,314,2019,100m,16.1133,60,6
남해,314,2019,50m,16.8215,119,6
남해,314,2019,surface,20.9285,60,6
남해,314,2019,upper,19.4017,180,6
남해,314,2020,100m,16.2843,58,6
남해,314,2020,50m,17.4697,120,6
남해,314,2020,surface,20.7358,60,6
남해,314,2020,upper,19.4493,180,6
남해,314,2021,100m,16.2180,60,7
남해,314,2021,50m,16.8945,120,7
남해,314,2021,surface,20.4638,60,7
남해,314,2021,upper,19.6706,180,7
남해,314,2022,100m,16.0020,59,6
남해,314,2022,50m,16.9545,120,6
남해,314,2022,surface,20.7390,60,6
남해,314,2022,upper,19.6222,180,6
남해,314,2023,100m,16.0229,58,6
남해,314,2023,50m,17.2423,120,6
남해,314,2023,surface,21.1942,60,6
남해,314,2023,upper,20.2159,180,6
남해,314,2024,100m,16.4715,48,6
남해,314,2024,50m,17.4276,119,6
남해,314,2024,surface,21.4993,60,6
남해,314,2024,upper,19.8294,180,6
남해,314,2025,100m,15.9091,44,7
남해,314,2025,50m,16.7214,119,7
남해,314,2025,surface,21.2015,60,7
남해,314,2025,upper,19.6733,180,7
남해,400,1968,100m,15.4402,48,5
남해,400,1968,50m,17.5613,111,5
남해,400,1968,surface,22.1440,62,5
남해,400,1968,upper,21.5402,184,5
남해,400,1969,100m,14.9465,119,12
남해,400,1969,50m,15.4134,252,12
남해,400,1969,surface,18.3040,144,12
남해,400,1969,upper,17.3895,431,12
남해,400,1970,100m,14.2831,112,11
남해,400,1970,50m,15.1771,224,11
남해,400,1970,surface,19.0167,127,11
남해,400,1970,upper,17.8719,378,11
남해,400,1971,100m,15.0820,75,8
남해,400,1971,50m,15.8329,169,8
남해,400,1971,surface,19.3493,100,8
남해,400,1971,upper,18.3568,299,8
남해,400,1972,100m,15.0670,60,6
남해,400,1972,50m,16.0588,129,6
남해,400,1972,surface,19.0203,71,6
남해,400,1972,upper,18.2487,213,6
남해,400,1973,100m,15.7183,52,6
남해,400,1973,50m,16.0654,121,6
남해,400,1973,surface,18.5479,70,6
남해,400,1973,upper,17.7759,210,6
남해,400,1974,100m,14.8279,47,6
남해,400,1974,50m,15.1230,128,6
남해,400,1974,surface,18.3084,73,6
남해,400,1974,upper,16.9398,216,6
남해,400,1975,100m,14.8884,63,6
남해,400,1975,50m,15.8939,127,6
남해,400,1975,surface,19.4839,72,6
남해,400,1975,upper,18.3706,216,6
남해,400,1976,100m,14.6014,58,6
남해,400,1976,50m,14.9277,128,6
남해,400,1976,surface,17.8918,73,6
남해,400,1976,upper,16.9872,218,6
남해,400,1977,100m,14.7622,55,6
남해,400,1977,50m,15.7244,131,6
남해,400,1977,surface,18.5147,73,6
남해,400,1977,upper,17.6067,219,6
남해,400,1978,100m,15.6617,52,6
남해,400,1978,50m,16.4095,122,6
남해,400,1978,surface,19.0245,73,6
남해,400,1978,upper,18.1425,219,6
남해,400,1979,100m,15.5694,69,7
남해,400,1979,50m,16.2660,143,7
남해,400,1979,surface,18.4211,84,7
남해,400,1979,upper,17.5422,252,7
남해,400,1980,100m,15.3292,73,8
남해,400,1980,50m,16.0905,166,8
남해,400,1980,surface,18.4210,97,8
남해,400,1980,upper,17.9325,291,8
남해,400,1981,100m,15.8532,60,6
남해,400,1981,50m,16.1960,126,6
남해,400,1981,surface,18.8282,73,6
남해,400,1981,upper,17.4241,219,6
남해,400,1982,100m,15.3330,57,6
남해,400,1982,50m,15.9314,119,6
남해,400,1982,surface,19.1725,72,6
남해,400,1982,upper,18.0740,215,6
남해,400,1983,100m,16.3234,59,6
남해,400,1983,50m,16.7012,129,6
남해,400,1983,surface,19.6646,72,6
남해,400,1983,upper,18.4280,216,6
남해,400,1984,100m,14.2644,84,6
남해,400,1984,50m,14.8912,139,6
남해,400,1984,surface,18.5517,72,6
남해,400,1984,upper,17.1488,195,6
남해,400,1985,100m,14.9762,78,6
남해,400,1985,50m,15.9520,142,6
남해,400,1985,surface,18.9861,72,6
남해,400,1985,upper,18.4152,198,6
남해,400,1986,100m,15.0308,80,6
남해,400,1986,50m,15.9082,142,6
남해,400,1986,surface,18.8114,72,6
남해,400,1986,upper,17.7832,193,6
남해,400,1987,100m,15.2918,90,6
남해,400,1987,50m,16.1286,141,6
남해,400,1987,surface,18.8435,72,6
남해,400,1987,upper,18.2616,199,6
남해,400,1988,100m,16.0021,90,6
남해,400,1988,50m,17.1503,131,6
남해,400,1988,surface,19.4882,72,6
남해,400,1988,upper,19.1967,202,6
남해,400,1989,100m,15.1048,56,5
남해,400,1989,50m,16.6825,107,5
남해,400,1989,surface,19.6838,60,5
남해,400,1989,upper,19.2051,180,5
남해,400,1990,100m,15.4345,69,6
남해,400,1990,50m,16.8415,129,6
남해,400,1990,surface,20.0535,72,6
남해,400,1990,upper,19.0969,216,6
남해,400,1991,100m,15.2060,52,5
남해,400,1991,50m,16.1239,109,5
남해,400,1991,surface,19.2977,60,5
남해,400,1991,upper,18.1332,180,5
남해,400,1992,100m,15.3737,46,5
남해,400,1992,50m,16.4308,106,5
남해,400,1992,surface,20.0644,59,5
남해,400,1992,upper,19.3389,177,5
남해,400,1993,100m,15.2655,55,6
남해,400,1993,50m,16.4466,131,6
남해,400,1993,surface,18.6426,72,6
남해,400,1993,upper,18.2994,216,6
남해,400,1994,100m,15.7274,57,6
남해,400,1994,50m,16.4776,129,6
남해,400,1994,surface,19.7057,72,6
남해,400,1994,upper,18.4235,216,6
남해,400,1995,100m,15.5990,68,6
남해,400,1995,50m,16.4916,129,6
남해,400,1995,surface,19.3086,72,6
남해,400,1995,upper,18.0885,216,6
남해,400,1996,100m,14.8904,67,6
남해,400,1996,50m,15.3873,132,6
남해,400,1996,surface,19.6321,72,6
남해,400,1996,upper,17.9014,216,6
남해,400,1997,100m,15.6421,72,7
남해,400,1997,50m,16.7461,141,7
남해,400,1997,surface,19.9809,81,7
남해,400,1997,upper,18.9976,243,7
남해,400,1998,100m,15.7386,66,6
남해,400,1998,50m,17.0114,127,6
남해,400,1998,surface,20.0641,78,6
남해,400,1998,upper,18.8631,234,6
남해,400,1999,100m,15.9996,46,6
남해,400,1999,50m,16.3893,104,6
남해,400,1999,surface,18.8974,66,6
남해,400,1999,upper,18.1796,198,6
남해,400,2000,100m,15.4827,45,6
남해,400,2000,50m,16.2739,101,6
남해,400,2000,surface,18.9508,66,6
남해,400,2000,upper,17.8190,198,6
남해,400,2001,100m,15.2711,53,6
남해,400,2001,50m,16.0768,95,7
남해,400,2001,surface,19.4123,62,7
남해,400,2001,upper,17.9544,186,7
남해,400,2002,100m,15.6351,53,7
남해,400,2002,50m,16.4210,102,7
남해,400,2002,surface,19.4370,60,7
남해,400,2002,upper,18.3437,180,7
남해,400,2003,100m,15.7444,50,6
남해,400,2003,50m,16.2438,101,6
남해,400,2003,surface,19.3367,64,6
남해,400,2003,upper,18.2851,195,6
남해,400,2004,100m,15.9094,36,6
남해,400,2004,50m,17.0154,97,6
남해,400,2004,surface,19.5986,65,6
남해,400,2004,upper,18.5887,187,6
남해,400,2005,100m,14.7859,54,7
남해,400,2005,50m,15.7688,104,7
남해,400,2005,surface,19.2973,64,7
남해,400,2005,upper,17.9936,192,7
남해,400,2006,100m,15.1983,48,6
남해,400,2006,50m,15.9319,104,6
남해,400,2006,surface,19.3197,66,6
남해,400,2006,upper,17.7059,195,6
남해,400,2007,100m,15.8071,49,6
남해,400,2007,50m,16.7558,104,6
남해,400,2007,surface,19.7998,66,6
남해,400,2007,upper,18.9338,196,6
남해,400,2008,100m,15.0050,40,6
남해,400,2008,50m,15.9641,95,6
남해,400,2008,surface,19.6008,66,6
남해,400,2008,upper,18.1927,198,6
남해,400,2009,100m,16.0749,39,6
남해,400,2009,50m,16.9778,91,6
남해,400,2009,surface,19.8176,66,6
남해,400,2009,upper,18.8837,198,6
남해,400,2010,100m,16.1170,30,8
남해,400,2010,50m,16.9844,85,8
남해,400,2010,surface,19.6178,64,8
남해,400,2010,upper,18.1256,192,8
남해,400,2011,100m,15.0647,38,7
남해,400,2011,50m,16.0684,91,7
남해,400,2011,surface,18.5580,66,7
남해,400,2011,upper,17.4100,198,7
남해,400,2012,100m,15.2500,30,7
남해,400,2012,50m,16.0747,83,7
남해,400,2012,surface,19.0845,62,7
남해,400,2012,upper,18.1283,185,7
남해,400,2013,100m,15.5052,44,7
남해,400,2013,50m,16.6477,98,7
남해,400,2013,surface,19.2790,70,7
남해,400,2013,upper,18.0250,210,7
남해,400,2014,100m,15.6203,38,6
남해,400,2014,50m,16.4860,90,6
남해,400,2014,surface,18.7273,66,6
남해,400,2014,upper,18.1967,198,6
남해,400,2015,100m,15.6061,38,7
남해,400,2015,50m,16.3856,90,7
남해,400,2015,surface,19.0176,66,7
남해,400,2015,upper,17.9538,198,7
남해,400,2016,100m,15.8892,39,6
남해,400,2016,50m,17.0984,91,6
남해,400,2016,surface,20.3402,66,6
남해,400,2016,upper,18.9229,198,6
남해,400,2017,100m,15.7830,40,6
남해,400,2017,50m,16.9411,94,6
남해,400,2017,surface,19.4545,66,6
남해,400,2017,upper,18.3163,198,6
남해,400,2018,100m,14.9024,38,6
남해,400,2018,50m,16.0644,93,6
남해,400,2018,surface,19.3952,66,6
남해,400,2018,upper,18.6160,198,6
남해,400,2019,100m,15.6906,34,6
남해,400,2019,50m,17.3126,90,6
남해,400,2019,surface,20.0645,66,6
남해,400,2019,upper,18.8927,198,6
남해,400,2020,100m,15.9825,36,7
남해,400,2020,50m,17.4009,91,7
남해,400,2020,surface,19.6594,66,7
남해,400,2020,upper,18.2234,198,7
남해,400,2021,100m,15.7214,36,7
남해,400,2021,50m,17.0481,90,7
남해,400,2021,surface,19.9770,66,7
남해,400,2021,upper,19.2426,198,7
남해,400,2022,100m,15.7926,34,7
남해,400,2022,50m,17.0016,86,7
남해,400,2022,surface,19.5680,64,7
남해,400,2022,upper,18.5194,192,7
남해,400,2023,100m,16.0379,34,6
남해,400,2023,50m,17.6608,90,6
남해,400,2023,surface,20.2765,66,6
남해,400,2023,upper,19.3283,198,6
남해,400,2024,100m,16.0327,26,7
남해,400,2024,50m,17.2727,91,7
남해,400,2024,surface,20.4852,66,7
남해,400,2024,upper,19.0925,197,7
남해,400,2025,100m,15.6040,25,7
남해,400,2025,50m,17.1566,89,8
남해,400,2025,surface,20.0435,66,8
남해,400,2025,upper,18.4110,198,8
동중국해,315,1968,100m,14.9732,68,6
동중국해,315,1968,50m,15.2944,103,6
동중국해,315,1968,surface,18.7773,55,6
동중국해,315,1968,upper,17.9663,164,6
동중국해,315,1969,100m,16.8903,62,6
동중국해,315,1969,50m,17.1148,110,6
동중국해,315,1969,surface,19.7357,56,6
동중국해,315,1969,upper,18.9243,168,6
동중국해,315,1995,100m,16.1117,72,4
동중국해,315,1995,200m,12.2794,17,4
동중국해,315,1995,50m,18.0659,104,4
동중국해,315,1995,surface,20.7066,58,4
동중국해,315,1995,upper,20.0598,174,4
동중국해,315,1996,100m,15.2610,68,4
동중국해,315,1996,200m,13.0210,10,4
동중국해,315,1996,50m,16.5311,103,4
동중국해,315,1996,surface,21.0147,57,4
동중국해,315,1996,upper,18.9843,171,4
동중국해,315,1997,100m,16.1025,59,4
동중국해,315,1997,50m,16.9620,96,4
동중국해,315,1997,surface,20.3627,56,4
동중국해,315,1997,upper,19.4125,168,4
동중국해,315,1998,100m,16.3287,40,4
동중국해,315,1998,50m,16.9301,80,4
동중국해,315,1998,surface,20.9390,50,4
동중국해,315,1998,upper,18.6206,149,4
동중국해,315,1999,100m,16.2258,19,4
동중국해,315,1999,50m,16.3948,65,4
동중국해,315,1999,surface,19.7886,44,4
동중국해,315,1999,upper,17.9777,132,4
동중국해,315,2000,100m,16.4871,14,4
동중국해,315,2000,50m,17.2872,58,4
동중국해,315,2000,surface,22.1790,39,5
동중국해,315,2000,upper,19.1281,116,5
동중국해,315,2001,100m,16.6100,9,4
동중국해,315,2001,50m,16.6347,57,4
동중국해,315,2001,surface,20.4984,43,4
동중국해,315,2001,upper,18.1996,127,4
동중국해,315,2002,100m,16.2257,21,4
동중국해,315,2002,50m,16.7478,65,4
동중국해,315,2002,surface,19.1305,44,4
동중국해,315,2002,upper,17.8376,132,4
동중국해,315,2003,100m,15.9876,29,4
동중국해,315,2003,50m,16.8918,72,4
동중국해,315,2003,surface,20.7530,44,4
동중국해,315,2003,upper,18.7941,132,4
동중국해,315,2004,100m,16.9930,20,4
동중국해,315,2004,50m,17.4478,63,4
동중국해,315,2004,surface,19.0693,44,4
동중국해,315,2004,upper,18.7917,132,4
동중국해,315,2005,100m,15.2167,15,4
동중국해,315,2005,50m,15.9770,63,4
동중국해,315,2005,surface,19.3070,44,4
동중국해,315,2005,upper,17.7734,132,4
동중국해,315,2006,100m,15.8328,25,4
동중국해,315,2006,50m,16.3618,66,4
동중국해,315,2006,surface,20.0012,42,4
동중국해,315,2006,upper,18.2600,126,4
동중국해,315,2007,100m,16.1274,23,4
동중국해,315,2007,50m,16.8441,64,4
동중국해,315,2007,surface,20.2859,44,4
동중국해,315,2007,upper,18.5773,132,4
동중국해,315,2008,100m,16.0206,16,4
동중국해,315,2008,50m,16.7192,60,4
동중국해,315,2008,surface,20.8277,44,4
동중국해,315,2008,upper,18.9538,132,4
동중국해,315,2009,100m,16.3438,13,4
동중국해,315,2009,50m,16.9992,60,4
동중국해,315,2009,surface,20.1245,44,4
동중국해,315,2009,upper,18.4908,132,4
동중국해,315,2010,100m,16.1839,18,4
동중국해,315,2010,50m,16.2086,64,4
동중국해,315,2010,surface,19.6409,44,4
동중국해,315,2010,upper,17.2323,132,4
동중국해,315,2011,100m,14.8591,33,4
동중국해,315,2011,50m,15.5526,72,4
동중국해,315,2011,surface,17.9305,44,4
동중국해,315,2011,upper,17.0290,132,4
동중국해,315,2012,100m,15.4073,26,4
동중국해,315,2012,50m,15.6163,64,4
동중국해,315,2012,surface,19.4023,44,4
동중국해,315,2012,upper,17.5545,132,4
동중국해,315,2013,100m,16.5729,14,4
동중국해,315,2013,50m,16.8600,58,5
동중국해,315,2013,surface,20.8418,44,5
동중국해,315,2013,upper,18.4411,132,5
동중국해,315,2014,100m,15.7676,21,4
동중국해,315,2014,50m,16.5187,60,5
동중국해,315,2014,surface,19.2789,44,5
동중국해,315,2014,upper,18.1145,132,5
동중국해,315,2015,100m,15.7889,19,5
동중국해,315,2015,50m,16.2041,63,6
동중국해,315,2015,surface,20.1882,44,6
동중국해,315,2015,upper,18.3179,132,6
동중국해,315,2016,100m,16.1317,18,4
동중국해,315,2016,50m,16.4648,61,4
동중국해,315,2016,surface,21.0561,44,4
동중국해,315,2016,upper,18.4787,132,4
동중국해,315,2017,100m,16.4578,18,4
동중국해,315,2017,50m,17.0198,63,4
동중국해,315,2017,surface,20.0584,44,4
동중국해,315,2017,upper,18.4448,132,4
동중국해,315,2018,100m,15.3219,16,4
동중국해,315,2018,50m,16.2084,58,4
동중국해,315,2018,surface,19.7111,44,4
동중국해,315,2018,upper,18.0842,132,4
동중국해,315,2019,100m,16.8095,19,4
동중국해,315,2019,50m,17.2113,60,4
동중국해,315,2019,surface,19.8686,44,4
동중국해,315,2019,upper,18.6294,132,4
동중국해,315,2020,100m,16.0244,16,4
동중국해,315,2020,50m,16.8770,61,4
동중국해,315,2020,surface,20.2068,44,4
동중국해,315,2020,upper,18.9043,132,4
동중국해,315,2021,100m,16.7839,18,4
동중국해,315,2021,50m,17.3251,61,5
동중국해,315,2021,surface,19.5736,44,5
동중국해,315,2021,upper,18.8162,132,5
동중국해,315,2022,100m,16.0764,22,4
동중국해,315,2022,50m,16.6771,63,4
동중국해,315,2022,surface,20.3318,44,5
동중국해,315,2022,upper,18.6552,132,5
동중국해,315,2023,100m,16.0756,18,4
동중국해,315,2023,50m,17.5324,62,4
동중국해,315,2023,surface,20.8959,44,4
동중국해,315,2023,upper,19.9679,132,4
동중국해,315,2024,100m,16.2568,19,4
동중국해,315,2024,50m,17.2908,61,6
동중국해,315,2024,surface,21.7370,44,6
동중국해,315,2024,upper,20.1036,132,6
동중국해,315,2025,100m,16.0321,19,5
동중국해,315,2025,50m,17.2985,62,5
동중국해,315,2025,surface,20.4173,44,5
동중국해,315,2025,upper,19.5648,132,5
동중국해,315,2026,50m,16.0380,30,4
동중국해,315,2026,surface,15.6336,22,4
동중국해,315,2026,upper,15.3615,66,4
동중국해,316,1995,100m,16.0729,49,4
동중국해,316,1995,50m,18.3316,82,4
동중국해,316,1995,surface,20.6674,47,4
동중국해,316,1995,upper,20.0437,141,4
동중국해,316,1996,100m,15.8854,54,4
동중국해,316,1996,50m,16.6311,93,4
동중국해,316,1996,surface,20.6511,56,4
동중국해,316,1996,upper,18.9153,168,4
동중국해,316,1997,100m,16.1163,52,4
동중국해,316,1997,50m,17.1984,87,4
동중국해,316,1997,surface,20.0272,54,4
동중국해,316,1997,upper,19.2520,162,4
동중국해,316,1998,100m,16.7940,45,4
동중국해,316,1998,50m,17.2434,77,4
동중국해,316,1998,surface,21.0569,52,4
동중국해,316,1998,upper,18.5238,156,4
동중국해,316,1999,100m,16.0810,21,4
동중국해,316,1999,50m,16.6846,54,4
동중국해,316,1999,surface,19.6274,42,4
동중국해,316,1999,upper,18.0124,125,4
동중국해,316,2000,100m,16.1933,12,4
동중국해,316,2000,50m,16.5937,51,4
동중국해,316,2000,surface,20.8875,44,4
동중국해,316,2000,upper,17.8985,130,4
동중국해,316,2001,50m,16.7709,44,4
동중국해,316,2001,surface,20.7311,45,4
동중국해,316,2001,upper,18.6147,135,4
동중국해,316,2002,100m,16.3144,18,4
동중국해,316,2002,50m,17.3009,56,4
동중국해,316,2002,surface,19.1768,44,4
동중국해,316,2002,upper,18.0473,131,4
동중국해,316,2003,100m,16.0688,26,4
동중국해,316,2003,50m,16.3424,59,4
동중국해,316,2003,surface,20.3073,45,4
동중국해,316,2003,upper,17.8715,133,4
동중국해,316,2004,100m,16.5417,18,4
동중국해,316,2004,50m,17.2470,60,4
동중국해,316,2004,surface,18.7009,46,4
동중국해,316,2004,upper,18.3579,138,4
동중국해,316,2005,100m,15.1807,14,4
동중국해,316,2005,50m,16.7281,57,4
동중국해,316,2005,surface,19.2278,46,4
동중국해,316,2005,upper,17.7433,135,4
동중국해,316,2006,100m,16.4981,21,4
동중국해,316,2006,50m,17.4234,68,4
동중국해,316,2006,surface,19.8941,46,4
동중국해,316,2006,upper,18.4374,138,4
동중국해,316,2007,100m,15.9984,19,4
동중국해,316,2007,50m,16.8581,53,4
동중국해,316,2007,surface,20.0955,44,4
동중국해,316,2007,upper,18.4471,132,4
동중국해,316,2008,100m,15.8208,13,4
동중국해,316,2008,50m,17.1947,53,4
동중국해,316,2008,surface,20.6523,44,4
동중국해,316,2008,upper,18.8567,132,4
동중국해,316,2009,100m,16.1209,11,4
동중국해,316,2009,50m,17.2548,50,4
동중국해,316,2009,surface,19.9200,44,4
동중국해,316,2009,upper,18.1201,132,4
동중국해,316,2010,100m,16.2614,14,4
동중국해,316,2010,50m,16.3996,56,4
동중국해,316,2010,surface,19.6345,44,4
동중국해,316,2010,upper,17.3681,132,4
동중국해,316,2011,100m,15.7963,24,4
동중국해,316,2011,50m,16.9295,66,4
동중국해,316,2011,surface,18.5049,43,4
동중국해,316,2011,upper,17.5105,132,4
동중국해,316,2012,100m,16.0700,22,4
동중국해,316,2012,50m,15.6578,67,4
동중국해,316,2012,surface,19.2711,44,4
동중국해,316,2012,upper,17.5495,132,4
동중국해,316,2013,100m,16.1608,12,4
동중국해,316,2013,50m,16.5890,50,4
동중국해,316,2013,surface,20.4320,44,4
동중국해,316,2013,upper,18.3710,132,4
동중국해,316,2014,100m,16.2375,12,4
동중국해,316,2014,50m,16.7247,53,5
동중국해,316,2014,surface,19.0966,44,5
동중국해,316,2014,upper,17.7888,132,5
동중국해,316,2015,100m,15.8106,17,4
동중국해,316,2015,50m,16.3017,58,5
동중국해,316,2015,surface,19.7820,44,5
동중국해,316,2015,upper,18.4628,132,5
동중국해,316,2016,100m,16.4862,13,4
동중국해,316,2016,50m,17.2723,53,4
동중국해,316,2016,surface,19.8066,44,4
동중국해,316,2016,upper,18.3108,132,4
동중국해,316,2017,100m,16.3943,14,4
동중국해,316,2017,50m,17.8202,54,4
동중국해,316,2017,surface,20.0459,44,4
동중국해,316,2017,upper,18.4163,132,4
동중국해,316,2018,100m,15.2175,12,4
동중국해,316,2018,50m,16.0148,50,4
동중국해,316,2018,surface,19.3023,44,4
동중국해,316,2018,upper,18.0458,132,4
동중국해,316,2019,100m,16.4207,15,4
동중국해,316,2019,50m,17.6271,51,4
동중국해,316,2019,surface,19.6948,44,4
동중국해,316,2019,upper,18.7805,132,4
동중국해,316,2020,100m,16.0293,15,4
동중국해,316,2020,50m,17.1510,52,5
동중국해,316,2020,surface,20.5034,44,5
동중국해,316,2020,upper,18.7404,132,5
동중국해,316,2021,100m,16.4843,14,4
동중국해,316,2021,50m,17.2642,52,4
동중국해,316,2021,surface,19.4266,44,4
동중국해,316,2021,upper,18.3348,132,4
동중국해,316,2022,100m,15.8746,13,4
동중국해,316,2022,50m,16.6579,48,4
동중국해,316,2022,surface,20.6126,42,4
동중국해,316,2022,upper,18.7356,126,4
동중국해,316,2023,100m,16.2044,16,4
동중국해,316,2023,50m,17.2233,52,4
동중국해,316,2023,surface,20.6059,44,4
동중국해,316,2023,upper,19.0752,132,4
동중국해,316,2024,100m,16.3207,15,4
동중국해,316,2024,50m,17.1407,54,4
동중국해,316,2024,surface,21.0595,44,4
동중국해,316,2024,upper,19.7738,132,4
동중국해,316,2025,100m,16.2250,14,4
동중국해,316,2025,50m,17.5322,54,4
동중국해,316,2025,surface,20.1520,44,4
동중국해,316,2025,upper,19.4334,132,4
동중국해,317,2000,100m,16.1475,4,4
동중국해,317,2000,50m,16.4222,36,4
동중국해,317,2000,surface,20.5436,39,4
동중국해,317,2000,upper,17.9329,112,4
동중국해,317,2001,100m,16.0900,6,4
동중국해,317,2001,50m,16.7497,35,4
동중국해,317,2001,surface,20.2812,40,4
동중국해,317,2001,upper,18.5768,119,4
동중국해,317,2002,50m,17.6665,40,4
동중국해,317,2002,surface,19.4031,39,4
동중국해,317,2002,upper,18.2187,116,4
동중국해,317,2003,100m,16.4100,9,4
동중국해,317,2003,50m,16.0256,48,4
동중국해,317,2003,surface,19.9395,40,4
동중국해,317,2003,upper,17.7147,120,4
동중국해,317,2004,100m,15.6133,6,4
동중국해,317,2004,50m,16.7720,45,4
동중국해,317,2004,surface,18.6135,40,4
동중국해,317,2004,upper,18.4458,120,4
동중국해,317,2005,50m,16.2082,38,4
동중국해,317,2005,surface,18.9646,39,4
동중국해,317,2005,upper,17.0471,111,4
동중국해,317,2006,100m,17.6333,9,4
동중국해,317,2006,50m,17.1219,53,4
동중국해,317,2006,surface,19.5617,40,4
동중국해,317,2006,upper,18.2267,120,4
동중국해,317,2007,100m,15.9717,6,4
동중국해,317,2007,50m,16.5443,46,4
동중국해,317,2007,surface,20.0633,40,4
동중국해,317,2007,upper,18.1043,120,4
동중국해,317,2008,50m,16.5711,35,4
동중국해,317,2008,surface,20.5850,38,4
동중국해,317,2008,upper,18.8742,114,4
동중국해,317,2009,50m,16.6959,39,4
동중국해,317,2009,surface,19.6277,40,4
동중국해,317,2009,upper,17.3668,120,4
동중국해,317,2010,100m,16.0275,4,4
동중국해,317,2010,50m,16.0528,39,4
동중국해,317,2010,surface,19.2180,40,4
동중국해,317,2010,upper,17.2425,120,4
동중국해,317,2011,100m,15.6160,10,4
동중국해,317,2011,50m,16.9391,54,4
동중국해,317,2011,surface,18.1726,39,4
동중국해,317,2011,upper,17.4366,120,4
동중국해,317,2012,100m,16.1710,10,4
동중국해,317,2012,50m,15.2905,58,4
동중국해,317,2012,surface,19.1307,40,4
동중국해,317,2012,upper,17.0431,120,4
동중국해,317,2013,50m,16.0108,38,4
동중국해,317,2013,surface,20.4773,40,4
동중국해,317,2013,upper,18.5027,120,4
동중국해,317,2014,50m,16.5232,38,4
동중국해,317,2014,surface,18.8080,40,4
동중국해,317,2014,upper,17.1313,120,4
동중국해,317,2015,100m,15.7200,6,4
동중국해,317,2015,50m,16.5954,39,4
동중국해,317,2015,surface,19.7613,40,4
동중국해,317,2015,upper,18.4310,120,4
동중국해,317,2016,100m,16.3280,5,4
동중국해,317,2016,50m,17.1168,38,4
동중국해,317,2016,surface,20.2647,40,4
동중국해,317,2016,upper,18.4020,120,4
동중국해,317,2017,100m,16.0086,7,4
동중국해,317,2017,50m,16.9305,40,5
동중국해,317,2017,surface,20.0243,40,5
동중국해,317,2017,upper,18.5117,120,5
동중국해,317,2018,50m,15.8254,39,4
동중국해,317,2018,surface,19.0748,40,4
동중국해,317,2018,upper,18.0339,120,4
동중국해,317,2019,50m,17.2585,40,4
동중국해,317,2019,surface,19.5947,40,4
동중국해,317,2019,upper,18.7184,120,4
동중국해,317,2020,100m,16.2280,5,4
동중국해,317,2020,50m,16.9021,39,4
동중국해,317,2020,surface,20.8665,40,4
동중국해,317,2020,upper,18.7147,120,4
동중국해,317,2021,100m,15.9550,4,4
동중국해,317,2021,50m,17.4157,40,4
동중국해,317,2021,surface,19.4410,40,4
동중국해,317,2021,upper,18.5678,120,4
동중국해,317,2022,50m,16.4381,36,4
동중국해,317,2022,surface,19.8856,36,4
동중국해,317,2022,upper,18.2355,108,4
동중국해,317,2023,100m,16.3420,5,4
동중국해,317,2023,50m,16.6780,40,4
동중국해,317,2023,surface,20.1390,40,4
동중국해,317,2023,upper,18.4533,120,4
동중국해,317,2024,100m,15.9275,4,4
동중국해,317,2024,50m,17.8926,38,4
동중국해,317,2024,surface,20.8983,40,4
동중국해,317,2024,upper,19.7505,120,4
동중국해,317,2025,100m,15.4180,5,4
동중국해,317,2025,50m,17.4067,40,4
동중국해,317,2025,surface,19.8650,40,4
동중국해,317,2025,upper,19.0072,120,4
동해,102,1968,100m,5.8488,118,7
동해,102,1968,200m,1.5476,100,7
동해,102,1968,500m,0.4438,78,6
동해,102,1968,50m,11.5022,90,7
동해,102,1968,surface,17.0712,50,7
동해,102,1968,upper,16.0174,149,7
동해,102,1969,100m,7.6794,144,9
동해,102,1969,200m,2.1263,112,9
동해,102,1969,500m,0.4721,81,6
동해,102,1969,50m,12.2870,108,9
동해,102,1969,surface,16.4431,58,9
동해,102,1969,upper,15.0068,173,9
동해,102,1970,100m,8.1010,89,6
동해,102,1970,200m,2.6247,68,6
동해,102,1970,50m,12.4164,67,6
동해,102,1970,surface,16.8292,36,6
동해,102,1970,upper,15.6970,108,6
동해,102,1971,100m,9.9543,105,6
동해,102,1971,200m,3.9096,91,6
동해,102,1971,500m,1.1162,48,6
동해,102,1971,50m,14.0983,76,6
동해,102,1971,surface,16.8583,40,6
동해,102,1971,upper,16.2733,117,6
동해,102,1972,100m,10.1302,126,6
동해,102,1972,200m,3.6916,110,6
동해,102,1972,500m,0.6323,62,6
동해,102,1972,50m,13.9801,86,6
동해,102,1972,surface,16.4344,48,6
동해,102,1972,upper,16.2180,143,6
동해,102,1973,100m,8.6589,120,6
동해,102,1973,200m,2.5386,108,6
동해,102,1973,500m,0.6779,68,6
동해,102,1973,50m,13.9672,86,6
동해,102,1973,surface,17.5583,46,6
동해,102,1973,upper,16.1643,138,6
동해,102,1974,100m,6.8857,129,6
동해,102,1974,200m,2.9171,115,6
동해,102,1974,500m,0.8983,72,6
동해,102,1974,50m,11.5409,93,6
동해,102,1974,surface,16.6928,50,6
동해,102,1974,upper,15.1587,150,6
동해,102,1975,100m,8.7713,126,6
동해,102,1975,200m,2.8842,114,6
동해,102,1975,500m,0.6992,72,6
동해,102,1975,50m,13.8601,90,6
동해,102,1975,surface,17.8717,48,6
동해,102,1975,upper,16.7376,144,6
동해,102,1976,100m,10.8110,126,6
동해,102,1976,200m,4.1235,114,6
동해,102,1976,500m,0.8140,72,6
동해,102,1976,50m,14.0709,90,6
동해,102,1976,surface,17.3723,48,6
동해,102,1976,upper,16.3677,144,6
동해,102,1977,100m,8.9828,135,7
동해,102,1977,200m,3.4064,121,7
동해,102,1977,500m,0.8451,76,7
동해,102,1977,50m,12.4973,97,7
동해,102,1977,surface,17.1477,52,7
동해,102,1977,upper,15.6258,156,7
동해,102,1978,100m,9.8459,202,9
동해,102,1978,200m,3.7309,184,9
동해,102,1978,500m,0.9254,80,7
동해,102,1978,50m,12.9426,142,9
동해,102,1978,surface,16.4103,78,9
동해,102,1978,upper,15.2023,234,9
동해,102,1979,100m,8.9325,162,8
동해,102,1979,200m,2.6901,146,8
동해,102,1979,500m,0.8972,72,6
동해,102,1979,50m,13.3708,116,8
동해,102,1979,surface,16.8539,62,8
동해,102,1979,upper,15.8147,186,8
동해,102,1980,100m,8.3236,126,6
동해,102,1980,200m,3.3046,114,6
동해,102,1980,500m,0.8124,72,6
동해,102,1980,50m,12.2463,90,6
동해,102,1980,surface,16.5012,48,6
동해,102,1980,upper,15.4955,144,6
동해,102,1981,100m,5.1114,126,6
동해,102,1981,200m,2.0357,114,6
동해,102,1981,500m,0.8276,72,6
동해,102,1981,50m,9.2024,90,6
동해,102,1981,surface,15.2860,48,6
동해,102,1981,upper,13.0068,144,6
동해,102,1982,100m,7.9325,118,6
동해,102,1982,200m,2.4182,117,6
동해,102,1982,500m,0.5353,86,6
동해,102,1982,50m,12.7557,87,6
동해,102,1982,surface,17.7819,48,6
동해,102,1982,upper,16.5741,138,6
동해,102,1983,100m,7.3622,157,7
동해,102,1983,200m,2.2596,154,7
동해,102,1983,500m,0.5003,90,7
동해,102,1983,50m,11.4428,78,7
동해,102,1983,surface,17.9104,57,7
동해,102,1983,upper,15.1015,171,7
동해,102,1984,100m,6.1982,116,6
동해,102,1984,200m,1.4247,91,6
동해,102,1984,500m,0.5017,77,5
동해,102,1984,50m,10.7119,62,6
동해,102,1984,surface,16.7717,42,6
동해,102,1984,upper,14.2093,123,6
동해,102,1985,100m,6.6326,131,7
동해,102,1985,200m,1.5307,113,7
동해,102,1985,500m,0.4961,116,7
동해,102,1985,50m,12.4442,102,7
동해,102,1985,surface,16.7428,54,7
동해,102,1985,upper,15.2805,162,7
동해,102,1986,100m,6.9246,126,6
동해,102,1986,200m,1.6311,114,6
동해,102,1986,500m,0.4560,81,6
동해,102,1986,50m,11.8128,88,6
동해,102,1986,surface,17.1150,48,6
동해,102,1986,upper,14.7575,137,6
동해,102,1987,100m,9.7293,129,6
동해,102,1987,200m,3.4335,117,6
동해,102,1987,500m,0.7939,74,6
동해,102,1987,50m,13.6793,92,6
동해,102,1987,surface,17.3422,49,6
동해,102,1987,upper,16.1901,147,6
동해,102,1988,100m,8.1694,129,6
동해,102,1988,200m,1.6943,117,6
동해,102,1988,500m,0.4366,74,6
동해,102,1988,50m,12.9457,92,6
동해,102,1988,surface,18.0410,49,6
동해,102,1988,upper,16.4987,147,6
동해,102,1989,100m,9.2780,126,6
동해,102,1989,200m,2.7466,114,6
동해,102,1989,500m,0.5142,72,6
동해,102,1989,50m,13.5677,90,6
동해,102,1989,surface,17.9685,48,6
동해,102,1989,upper,16.6553,144,6
동해,102,1990,100m,9.6736,126,6
동해,102,1990,200m,2.4789,114,6
동해,102,1990,500m,0.5986,72,6
동해,102,1990,50m,14.0833,90,6
동해,102,1990,surface,18.7610,48,6
동해,102,1990,upper,16.6562,144,6
동해,102,1991,100m,7.1680,105,5
동해,102,1991,200m,3.0045,95,5
동해,102,1991,500m,1.0843,60,5
동해,102,1991,50m,11.9430,76,5
동해,102,1991,surface,17.3250,40,5
동해,102,1991,upper,15.2538,120,5
동해,102,1992,100m,10.3987,105,6
동해,102,1992,200m,4.2696,95,6
동해,102,1992,500m,1.0050,60,5
동해,102,1992,50m,14.1789,75,6
동해,102,1992,surface,18.4345,40,6
동해,102,1992,upper,17.4239,120,6
동해,102,1993,100m,6.9268,126,6
동해,102,1993,200m,2.1244,114,6
동해,102,1993,500m,0.6033,72,6
동해,102,1993,50m,12.6230,90,6
동해,102,1993,surface,17.0985,48,6
동해,102,1993,upper,16.0767,144,6
동해,102,1994,100m,7.9822,126,6
동해,102,1994,200m,2.1807,114,6
동해,102,1994,500m,0.7021,72,6
동해,102,1994,50m,13.5213,90,6
동해,102,1994,surface,18.2631,48,6
동해,102,1994,upper,16.6869,144,6
동해,102,1995,100m,6.7729,105,5
동해,102,1995,200m,1.3699,96,5
동해,102,1995,500m,0.5335,60,5
동해,102,1995,50m,12.6965,78,5
동해,102,1995,surface,17.6833,40,5
동해,102,1995,upper,16.5725,120,5
동해,102,1996,100m,6.2677,126,6
동해,102,1996,200m,1.3928,114,6
동해,102,1996,500m,0.5689,72,6
동해,102,1996,50m,11.2711,90,6
동해,102,1996,surface,17.3821,48,6
동해,102,1996,upper,15.2256,144,6
동해,102,1997,100m,7.8147,126,6
동해,102,1997,200m,1.4877,115,6
동해,102,1997,500m,0.5432,72,6
동해,102,1997,50m,13.4586,96,6
동해,102,1997,surface,17.4826,53,6
동해,102,1997,upper,16.3312,159,6
동해,102,1998,100m,8.3513,124,6
동해,102,1998,200m,1.6200,110,6
동해,102,1998,500m,0.5764,69,6
동해,102,1998,50m,13.4344,94,6
동해,102,1998,surface,18.3700,49,6
동해,102,1998,upper,17.1701,147,6
동해,102,1999,100m,6.5622,112,6
동해,102,1999,200m,1.3327,96,6
동해,102,1999,500m,0.5660,62,6
동해,102,1999,50m,12.8330,86,6
동해,102,1999,surface,17.1887,46,6
동해,102,1999,upper,16.1436,138,6
동해,102,2000,100m,4.9132,108,6
동해,102,2000,200m,1.1489,93,6
동해,102,2000,500m,0.5585,59,6
동해,102,2000,50m,10.6622,86,6
동해,102,2000,surface,17.4998,47,6
동해,102,2000,upper,15.6084,141,6
동해,102,2001,100m,7.2619,108,6
동해,102,2001,200m,1.3899,93,6
동해,102,2001,500m,0.5582,60,6
동해,102,2001,50m,13.3522,86,6
동해,102,2001,surface,18.6496,48,6
동해,102,2001,upper,17.3549,144,6
동해,102,2002,100m,6.9750,107,6
동해,102,2002,200m,1.2749,92,6
동해,102,2002,500m,0.5541,54,6
동해,102,2002,50m,13.1815,80,6
동해,102,2002,surface,16.9937,41,6
동해,102,2002,upper,16.0398,126,6
동해,102,2003,100m,6.9156,106,6
동해,102,2003,200m,1.1143,91,6
동해,102,2003,500m,0.5631,55,6
동해,102,2003,50m,12.8335,85,6
동해,102,2003,surface,17.7745,47,6
동해,102,2003,upper,16.3569,141,6
동해,102,2004,100m,5.8603,107,6
동해,102,2004,200m,1.2455,91,6
동해,102,2004,500m,0.5504,57,6
동해,102,2004,50m,11.3908,93,6
동해,102,2004,surface,18.4615,48,6
동해,102,2004,upper,16.9373,144,6
동해,102,2005,100m,7.2065,103,6
동해,102,2005,200m,1.9508,91,6
동해,102,2005,500m,0.6710,60,6
동해,102,2005,50m,11.1323,87,6
동해,102,2005,surface,16.6764,47,6
동해,102,2005,upper,14.9135,141,6
동해,102,2006,100m,7.1280,104,7
동해,102,2006,200m,1.8847,90,7
동해,102,2006,500m,0.6775,57,7
동해,102,2006,50m,11.9270,89,7
동해,102,2006,surface,17.2312,48,7
동해,102,2006,upper,16.7840,144,7
동해,102,2007,100m,7.7347,106,6
동해,102,2007,200m,1.7389,90,6
동해,102,2007,500m,0.6618,57,6
동해,102,2007,50m,12.0092,89,6
동해,102,2007,surface,17.8648,48,6
동해,102,2007,upper,16.4765,144,6
동해,102,2008,100m,7.6490,104,6
동해,102,2008,200m,1.6601,92,6
동해,102,2008,500m,0.6098,58,6
동해,102,2008,50m,12.2902,96,6
동해,102,2008,surface,17.8600,48,6
동해,102,2008,upper,15.9933,144,6
동해,102,2009,100m,8.2889,106,7
동해,102,2009,200m,1.5415,91,7
동해,102,2009,500m,0.6357,60,7
동해,102,2009,50m,13.0407,88,7
동해,102,2009,surface,17.8492,48,7
동해,102,2009,upper,16.4269,144,7
동해,102,2010,100m,6.7521,89,5
동해,102,2010,200m,1.4274,76,5
동해,102,2010,500m,0.6570,50,5
동해,102,2010,50m,11.0474,74,5
동해,102,2010,surface,18.4821,39,5
동해,102,2010,upper,15.9715,117,5
동해,102,2011,100m,7.0986,106,6
동해,102,2011,200m,1.3608,88,6
동해,102,2011,500m,0.6640,58,6
동해,102,2011,50m,12.7453,87,6
동해,102,2011,surface,17.0000,48,6
동해,102,2011,upper,15.5105,144,6
동해,102,2012,100m,7.5838,104,6
동해,102,2012,200m,1.6489,90,6
동해,102,2012,500m,0.6787,60,6
동해,102,2012,50m,12.6767,84,6
동해,102,2012,surface,17.7408,48,6
동해,102,2012,upper,16.2972,144,6
동해,102,2013,100m,7.6730,86,5
동해,102,2013,200m,1.9755,75,5
동해,102,2013,500m,0.7344,50,5
동해,102,2013,50m,12.5629,65,5
동해,102,2013,surface,16.0243,40,5
동해,102,2013,upper,15.1932,120,5
동해,102,2014,100m,8.0786,107,6
동해,102,2014,200m,2.1781,90,6
동해,102,2014,500m,0.7427,60,6
동해,102,2014,50m,13.4715,78,6
동해,102,2014,surface,17.7523,48,6
동해,102,2014,upper,16.6171,144,6
동해,102,2015,100m,6.5579,108,6
동해,102,2015,200m,1.8974,90,6
동해,102,2015,500m,0.7613,60,6
동해,102,2015,50m,11.9508,78,6
동해,102,2015,surface,17.0756,48,6
동해,102,2015,upper,15.1370,144,6
동해,102,2016,100m,7.1905,104,6
동해,102,2016,200m,1.4019,90,6
동해,102,2016,500m,0.7340,60,6
동해,102,2016,50m,13.5996,78,6
동해,102,2016,surface,19.0188,48,6
동해,102,2016,upper,16.6572,144,6
동해,102,2017,100m,7.4774,106,6
동해,102,2017,200m,1.4576,90,6
동해,102,2017,500m,0.7387,60,6
동해,102,2017,50m,12.6472,82,6
동해,102,2017,surface,17.9406,47,6
동해,102,2017,upper,16.0616,141,6
동해,102,2018,100m,7.1043,108,6
동해,102,2018,200m,1.4014,91,6
동해,102,2018,500m,0.7262,60,6
동해,102,2018,50m,12.1413,87,6
동해,102,2018,surface,17.7608,48,6
동해,102,2018,upper,16.2619,144,6
동해,102,2019,100m,7.3369,89,5
동해,102,2019,200m,1.8041,75,5
동해,102,2019,500m,0.7054,50,5
동해,102,2019,50m,13.1406,71,5
동해,102,2019,surface,19.7422,40,5
동해,102,2019,upper,17.6681,120,5
동해,102,2020,100m,7.5282,104,6
동해,102,2020,200m,1.5799,90,6
동해,102,2020,500m,0.7128,60,6
동해,102,2020,50m,13.6054,82,6
동해,102,2020,surface,18.0531,48,6
동해,102,2020,upper,16.6822,143,6
동해,102,2021,100m,7.5580,108,6
동해,102,2021,200m,1.2686,90,6
동해,102,2021,500m,0.6850,60,6
동해,102,2021,50m,13.8237,86,6
동해,102,2021,surface,19.1819,48,6
동해,102,2021,upper,18.2273,143,6
동해,102,2022,100m,7.3627,99,6
동해,102,2022,200m,1.4802,84,6
동해,102,2022,500m,0.6993,56,6
동해,102,2022,50m,13.2967,79,6
동해,102,2022,surface,18.7517,46,6
동해,102,2022,upper,16.6551,136,6
동해,102,2023,100m,7.0723,103,6
동해,102,2023,200m,1.3749,90,6
동해,102,2023,500m,0.7292,60,6
동해,102,2023,50m,13.2210,83,6
동해,102,2023,surface,18.2333,48,6
동해,102,2023,upper,16.8677,143,6
동해,102,2024,100m,7.5403,106,7
동해,102,2024,200m,1.7174,90,7
동해,102,2024,500m,0.7887,60,7
동해,102,2024,50m,12.2669,85,7
동해,102,2024,surface,19.5860,48,7
동해,102,2024,upper,17.0626,144,7
동해,102,2025,100m,6.6857,106,6
동해,102,2025,200m,1.5401,90,6
동해,102,2025,500m,0.7743,60,6
동해,102,2025,50m,11.7383,84,6
동해,102,2025,surface,18.0837,48,6
동해,102,2025,upper,16.0835,144,6
동해,103,1968,100m,6.0904,112,7
동해,103,1968,200m,1.9745,83,7
동해,103,1968,500m,0.4351,74,7
동해,103,1968,50m,10.8226,88,7
동해,103,1968,surface,16.3343,44,7
동해,103,1968,upper,15.2760,132,7
동해,103,1969,100m,7.1013,152,8
동해,103,1969,200m,2.2919,115,8
동해,103,1969,500m,0.5254,79,7
동해,103,1969,50m,11.3403,117,8
동해,103,1969,surface,16.1617,59,8
동해,103,1969,upper,14.6194,177,8
동해,103,1970,100m,7.6744,94,6
동해,103,1970,200m,3.2309,66,6
동해,103,1970,50m,11.1999,73,6
동해,103,1970,surface,16.4947,36,6
동해,103,1970,upper,15.1563,108,6
동해,103,1971,100m,9.2048,109,6
동해,103,1971,200m,4.2925,80,6
동해,103,1971,500m,1.1117,42,6
동해,103,1971,50m,12.9751,80,6
동해,103,1971,surface,16.4576,41,6
동해,103,1971,upper,16.0566,118,6
동해,103,1972,100m,8.6414,136,6
동해,103,1972,200m,3.7795,100,6
동해,103,1972,500m,0.7177,53,6
동해,103,1972,50m,11.7004,98,6
동해,103,1972,surface,15.4336,50,6
동해,103,1972,upper,14.9375,151,6
동해,103,1973,100m,9.7159,117,5
동해,103,1973,200m,3.6382,84,5
동해,103,1973,500m,0.7632,44,5
동해,103,1973,50m,14.0433,83,5
동해,103,1973,surface,17.7629,42,5
동해,103,1973,upper,16.6481,126,5
동해,103,1974,100m,7.0676,132,6
동해,103,1974,200m,3.5697,96,6
동해,103,1974,500m,1.2310,50,6
동해,103,1974,50m,10.6324,96,6
동해,103,1974,surface,16.2115,48,6
동해,103,1974,upper,14.5778,144,6
동해,103,1975,100m,8.6520,132,6
동해,103,1975,200m,3.8409,95,6
동해,103,1975,500m,0.9581,48,6
동해,103,1975,50m,12.9014,96,6
동해,103,1975,surface,17.6748,48,6
동해,103,1975,upper,16.5044,144,6
동해,103,1976,100m,10.4549,134,6
동해,103,1976,200m,4.9323,96,6
동해,103,1976,500m,1.0392,48,6
동해,103,1976,50m,13.2621,98,6
동해,103,1976,surface,16.6349,49,6
동해,103,1976,upper,15.8335,147,6
동해,103,1977,100m,8.9974,141,7
동해,103,1977,200m,4.6073,102,7
동해,103,1977,500m,1.4004,50,7
동해,103,1977,50m,11.5867,104,7
동해,103,1977,surface,16.4802,52,7
동해,103,1977,upper,14.8454,156,7
동해,103,1978,100m,9.0842,211,9
동해,103,1978,200m,4.3809,158,9
동해,103,1978,500m,1.1898,52,7
동해,103,1978,50m,11.6858,150,9
동해,103,1978,surface,15.9238,78,9
동해,103,1978,upper,14.4121,234,9
동해,103,1979,100m,9.8825,170,8
동해,103,1979,200m,5.7379,120,8
동해,103,1979,500m,1.4277,48,6
동해,103,1979,50m,12.9198,124,8
동해,103,1979,surface,16.4708,62,8
동해,103,1979,upper,15.2203,186,8
동해,103,1980,100m,8.5692,131,6
동해,103,1980,200m,3.3284,96,6
동해,103,1980,500m,0.7717,48,6
동해,103,1980,50m,11.2045,96,6
동해,103,1980,surface,16.1271,48,6
동해,103,1980,upper,14.8174,144,6
동해,103,1981,100m,4.2458,132,6
동해,103,1981,200m,1.8993,96,6
동해,103,1981,500m,1.0065,48,6
동해,103,1981,50m,7.1364,96,6
동해,103,1981,surface,14.5048,48,6
동해,103,1981,upper,12.1828,144,6
동해,103,1982,100m,7.8610,120,6
동해,103,1982,200m,2.9848,102,6
동해,103,1982,500m,0.5767,57,6
동해,103,1982,50m,12.0370,94,6
동해,103,1982,surface,17.3856,48,6
동해,103,1982,upper,15.8035,142,6
동해,103,1983,100m,7.4382,158,7
동해,103,1983,200m,2.6348,119,7
동해,103,1983,500m,0.5941,66,7
동해,103,1983,50m,10.2421,90,7
동해,103,1983,surface,17.6193,56,7
동해,103,1983,upper,14.6860,167,7
동해,103,1984,100m,6.7770,107,6
동해,103,1984,200m,2.7980,90,6
동해,103,1984,500m,0.6522,59,5
동해,103,1984,50m,10.1062,72,6
동해,103,1984,surface,17.0363,41,6
동해,103,1984,upper,13.6421,118,6
동해,103,1985,100m,6.9728,137,7
동해,103,1985,200m,2.3484,116,7
동해,103,1985,500m,0.5848,69,7
동해,103,1985,50m,11.4024,111,7
동해,103,1985,surface,15.9689,56,7
동해,103,1985,upper,14.5824,168,7
동해,103,1986,100m,7.2681,129,6
동해,103,1986,200m,2.5862,103,6
동해,103,1986,500m,0.6238,53,6
동해,103,1986,50m,11.5333,96,6
동해,103,1986,surface,17.0200,48,6
동해,103,1986,upper,15.2401,134,6
동해,103,1987,100m,9.7549,132,6
동해,103,1987,200m,4.9402,96,6
동해,103,1987,500m,0.9513,48,6
동해,103,1987,50m,12.8324,96,6
동해,103,1987,surface,17.0283,48,6
동해,103,1987,upper,15.7340,144,6
동해,103,1988,100m,7.9594,132,6
동해,103,1988,200m,1.7368,96,6
동해,103,1988,500m,0.4333,48,6
동해,103,1988,50m,12.6704,96,6
동해,103,1988,surface,17.7348,48,6
동해,103,1988,upper,15.9849,144,6
동해,103,1989,100m,9.1587,132,6
동해,103,1989,200m,3.8394,93,6
동해,103,1989,500m,0.6269,48,6
동해,103,1989,50m,12.5357,95,6
동해,103,1989,surface,17.6377,48,6
동해,103,1989,upper,16.1381,143,6
동해,103,1990,100m,8.0941,132,6
동해,103,1990,200m,2.6578,94,6
동해,103,1990,500m,0.6347,47,6
동해,103,1990,50m,12.7871,96,6
동해,103,1990,surface,18.2019,48,6
동해,103,1990,upper,16.0298,144,6
동해,103,1991,100m,8.0790,110,5
동해,103,1991,200m,4.8653,77,5
동해,103,1991,500m,1.7035,40,5
동해,103,1991,50m,11.7759,80,5
동해,103,1991,surface,16.8827,40,5
동해,103,1991,upper,15.2214,120,5
동해,103,1992,100m,8.4259,110,5
동해,103,1992,200m,4.1783,76,5
동해,103,1992,500m,1.2463,40,5
동해,103,1992,50m,12.3981,80,5
동해,103,1992,surface,18.1367,40,5
동해,103,1992,upper,16.7758,120,5
동해,103,1993,100m,6.9659,131,6
동해,103,1993,200m,3.3249,91,6
동해,103,1993,500m,0.7106,48,6
동해,103,1993,50m,11.2507,96,6
동해,103,1993,surface,16.3431,48,6
동해,103,1993,upper,14.9513,144,6
동해,103,1994,100m,6.5490,132,6
동해,103,1994,200m,1.9750,92,6
동해,103,1994,500m,0.6937,48,6
동해,103,1994,50m,11.4326,96,6
동해,103,1994,surface,17.1590,48,6
동해,103,1994,upper,15.0907,144,6
동해,103,1995,100m,6.2385,110,5
동해,103,1995,200m,1.5878,77,5
동해,103,1995,500m,0.5308,40,5
동해,103,1995,50m,11.2510,80,5
동해,103,1995,surface,17.3377,40,5
동해,103,1995,upper,15.9048,120,5
동해,103,1996,100m,4.7982,132,6
동해,103,1996,200m,1.4033,90,6
동해,103,1996,500m,0.5404,48,6
동해,103,1996,50m,9.1922,96,6
동해,103,1996,surface,16.3246,48,6
동해,103,1996,upper,14.1540,144,6
동해,103,1997,100m,6.8913,126,6
동해,103,1997,200m,1.7745,84,6
동해,103,1997,500m,0.5874,47,6
동해,103,1997,50m,11.4102,98,6
동해,103,1997,surface,16.9560,52,6
동해,103,1997,upper,15.6864,156,6
동해,103,1998,100m,7.7044,133,6
동해,103,1998,200m,1.9881,95,6
동해,103,1998,500m,0.6334,58,6
동해,103,1998,50m,13.0270,98,6
동해,103,1998,surface,18.1267,49,6
동해,103,1998,upper,16.9695,147,6
동해,103,1999,100m,6.5225,132,7
동해,103,1999,200m,1.7045,95,7
동해,103,1999,500m,0.6038,56,7
동해,103,1999,50m,11.8495,101,7
동해,103,1999,surface,16.8367,51,7
동해,103,1999,upper,15.6958,153,7
동해,103,2000,100m,5.7022,133,6
동해,103,2000,200m,1.6057,90,6
동해,103,2000,500m,0.6004,56,6
동해,103,2000,50m,10.9419,103,6
동해,103,2000,surface,17.2433,52,6
동해,103,2000,upper,15.4096,156,6
동해,103,2001,100m,7.6360,132,6
동해,103,2001,200m,1.9174,91,6
동해,103,2001,500m,0.6159,58,6
동해,103,2001,50m,12.2631,107,6
동해,103,2001,surface,18.3128,54,6
동해,103,2001,upper,16.8456,162,6
동해,103,2002,100m,7.1016,122,6
동해,103,2002,200m,1.5357,93,6
동해,103,2002,500m,0.5907,59,6
동해,103,2002,50m,12.2264,94,6
동해,103,2002,surface,16.5685,47,6
동해,103,2002,upper,15.5062,140,6
동해,103,2003,100m,6.5433,126,6
동해,103,2003,200m,1.3073,90,6
동해,103,2003,500m,0.5817,52,6
동해,103,2003,50m,11.8301,107,6
동해,103,2003,surface,17.5448,54,6
동해,103,2003,upper,15.9213,160,6
동해,103,2004,100m,5.4411,131,6
동해,103,2004,200m,1.4649,91,6
동해,103,2004,500m,0.5847,57,6
동해,103,2004,50m,10.7760,106,6
동해,103,2004,surface,18.0794,54,6
동해,103,2004,upper,16.5673,162,6
동해,103,2005,100m,7.5788,129,6
동해,103,2005,200m,3.0806,95,6
동해,103,2005,500m,0.7542,60,6
동해,103,2005,50m,10.5083,108,6
동해,103,2005,surface,16.9052,54,6
동해,103,2005,upper,14.2842,162,6
동해,103,2006,100m,7.3849,129,6
동해,103,2006,200m,2.6349,92,6
동해,103,2006,500m,0.7463,59,6
동해,103,2006,50m,10.9920,107,6
동해,103,2006,surface,17.1194,54,6
동해,103,2006,upper,16.2090,162,6
동해,103,2007,100m,8.1736,129,6
동해,103,2007,200m,2.2288,92,6
동해,103,2007,500m,0.7273,56,6
동해,103,2007,50m,11.1199,108,6
동해,103,2007,surface,17.6400,54,6
동해,103,2007,upper,15.9870,162,6
동해,103,2008,100m,8.2650,129,6
동해,103,2008,200m,2.3417,92,6
동해,103,2008,500m,0.6918,60,6
동해,103,2008,50m,12.0877,108,6
동해,103,2008,surface,18.2757,54,6
동해,103,2008,upper,15.9403,162,6
동해,103,2009,100m,8.7077,119,6
동해,103,2009,200m,2.4754,90,6
동해,103,2009,500m,0.6937,60,6
동해,103,2009,50m,11.7589,107,6
동해,103,2009,surface,17.1326,54,6
동해,103,2009,upper,15.7424,162,6
동해,103,2010,100m,5.7973,113,6
동해,103,2010,200m,1.5701,79,6
동해,103,2010,500m,0.6490,50,5
동해,103,2010,50m,10.1346,96,6
동해,103,2010,surface,18.0227,48,6
동해,103,2010,upper,15.1788,144,6
동해,103,2011,100m,6.1992,119,7
동해,103,2011,200m,1.4907,91,6
동해,103,2011,500m,0.6935,60,6
동해,103,2011,50m,10.9547,102,7
동해,103,2011,surface,16.7325,51,7
동해,103,2011,upper,15.1099,153,7
동해,103,2012,100m,7.0587,120,6
동해,103,2012,200m,1.8553,90,6
동해,103,2012,500m,0.7152,60,6
동해,103,2012,50m,11.0321,107,6
동해,103,2012,surface,17.1059,54,6
동해,103,2012,upper,15.3083,162,6
동해,103,2013,100m,6.5850,96,5
동해,103,2013,200m,2.5093,72,5
동해,103,2013,500m,0.7815,47,5
동해,103,2013,50m,10.6390,87,5
동해,103,2013,surface,15.6102,44,5
동해,103,2013,upper,14.6757,132,5
동해,103,2014,100m,9.1855,120,6
동해,103,2014,200m,4.0031,90,6
동해,103,2014,500m,0.8632,60,6
동해,103,2014,50m,11.7263,108,6
동해,103,2014,surface,17.2724,54,6
동해,103,2014,upper,16.0483,162,6
동해,103,2015,100m,6.5918,120,6
동해,103,2015,200m,1.8754,90,6
동해,103,2015,500m,0.7902,60,6
동해,103,2015,50m,10.6988,108,6
동해,103,2015,surface,17.0141,54,6
동해,103,2015,upper,14.7388,162,6
동해,103,2016,100m,9.2521,119,6
동해,103,2016,200m,2.3343,88,6
동해,103,2016,500m,0.8153,58,6
동해,103,2016,50m,12.4783,106,6
동해,103,2016,surface,18.5836,53,6
동해,103,2016,upper,16.2169,159,6
동해,103,2017,100m,7.6889,122,6
동해,103,2017,200m,1.9420,90,6
동해,103,2017,500m,0.7932,60,6
동해,103,2017,50m,11.6236,108,6
동해,103,2017,surface,17.5535,54,6
동해,103,2017,upper,15.7525,162,6
동해,103,2018,100m,7.2864,123,6
동해,103,2018,200m,2.6378,90,6
동해,103,2018,500m,0.7937,60,6
동해,103,2018,50m,11.1057,108,6
동해,103,2018,surface,17.4185,54,6
동해,103,2018,upper,15.9862,162,6
동해,103,2019,100m,9.0830,105,5
동해,103,2019,200m,3.6868,75,5
동해,103,2019,500m,0.8042,50,5
동해,103,2019,50m,11.7267,90,5
동해,103,2019,surface,19.0740,45,5
동해,103,2019,upper,16.9218,135,5
동해,103,2020,100m,7.9294,124,6
동해,103,2020,200m,2.2276,90,6
동해,103,2020,500m,0.7408,60,6
동해,103,2020,50m,12.0316,108,6
동해,103,2020,surface,18.0489,54,6
동해,103,2020,upper,16.4606,162,6
동해,103,2021,100m,9.2521,126,6
동해,103,2021,200m,2.3030,91,6
동해,103,2021,500m,0.7328,60,6
동해,103,2021,50m,12.9290,108,6
동해,103,2021,surface,18.5209,54,6
동해,103,2021,upper,17.4509,162,6
동해,103,2022,100m,8.4991,120,6
동해,103,2022,200m,2.1671,85,6
동해,103,2022,500m,0.7404,56,6
동해,103,2022,50m,12.1367,104,6
동해,103,2022,surface,18.4350,52,6
동해,103,2022,upper,16.4347,156,6
동해,103,2023,100m,8.0113,125,6
동해,103,2023,200m,2.6931,90,6
동해,103,2023,500m,0.7917,60,6
동해,103,2023,50m,12.0683,108,6
동해,103,2023,surface,18.3894,54,6
동해,103,2023,upper,16.8249,162,6
동해,103,2024,100m,7.2583,122,6
동해,103,2024,200m,2.1429,87,6
동해,103,2024,500m,0.8000,58,6
동해,103,2024,50m,11.4052,106,6
동해,103,2024,surface,19.7508,53,6
동해,103,2024,upper,16.7369,159,6
동해,103,2025,100m,7.0174,125,6
동해,103,2025,200m,1.7973,90,6
동해,103,2025,500m,0.7937,60,6
동해,103,2025,50m,11.7250,107,6
동해,103,2025,surface,18.1009,54,6
동해,103,2025,upper,15.9657,162,6
동해,104,1968,100m,6.5265,153,7
동해,104,1968,200m,3.2814,132,7
동해,104,1968,500m,0.6742,116,6
동해,104,1968,50m,9.9626,117,7
동해,104,1968,surface,16.5623,62,7
동해,104,1968,upper,14.4516,186,7
동해,104,1969,100m,6.3401,177,9
동해,104,1969,200m,2.1104,138,9
동해,104,1969,500m,0.4718,102,7
동해,104,1969,50m,10.6337,128,9
동해,104,1969,surface,16.0397,65,9
동해,104,1969,upper,14.5657,193,9
동해,104,1970,100m,7.9381,106,6
동해,104,1970,200m,4.1539,83,6
동해,104,1970,50m,10.9791,78,6
동해,104,1970,surface,16.6182,39,6
동해,104,1970,upper,15.3206,117,6
동해,104,1971,100m,8.1391,106,6
동해,104,1971,200m,4.6010,93,6
동해,104,1971,500m,1.3988,50,6
동해,104,1971,50m,11.5691,81,6
동해,104,1971,surface,15.7681,36,6
동해,104,1971,upper,14.7525,114,6
동해,104,1972,100m,7.8203,134,6
동해,104,1972,200m,2.3521,116,6
동해,104,1972,500m,0.4862,66,6
동해,104,1972,50m,11.5759,98,6
동해,104,1972,surface,15.5176,49,6
동해,104,1972,upper,15.0792,146,6
동해,104,1973,100m,9.2970,135,6
동해,104,1973,200m,4.4162,117,6
동해,104,1973,500m,1.2008,74,6
동해,104,1973,50m,12.7184,98,6
동해,104,1973,surface,16.3616,49,6
동해,104,1973,upper,15.5909,147,6
동해,104,1974,100m,8.0026,133,6
동해,104,1974,200m,4.1911,115,6
동해,104,1974,500m,1.1415,72,6
동해,104,1974,50m,10.8525,95,6
동해,104,1974,surface,15.7383,48,6
동해,104,1974,upper,14.0258,144,6
동해,104,1975,100m,9.1359,132,6
동해,104,1975,200m,3.1549,115,6
동해,104,1975,500m,0.8043,72,6
동해,104,1975,50m,12.2054,96,6
동해,104,1975,surface,17.4746,48,6
동해,104,1975,upper,15.8793,144,6
동해,104,1976,100m,10.6215,151,6
동해,104,1976,200m,4.4774,135,6
동해,104,1976,500m,0.8837,84,6
동해,104,1976,50m,13.0530,108,6
동해,104,1976,surface,17.1776,54,6
동해,104,1976,upper,16.0163,162,6
동해,104,1977,100m,8.2995,175,7
동해,104,1977,200m,4.0832,156,7
동해,104,1977,500m,1.1165,88,7
동해,104,1977,50m,11.7552,125,7
동해,104,1977,surface,16.1694,63,7
동해,104,1977,upper,14.8389,189,7
동해,104,1978,100m,8.0662,211,9
동해,104,1978,200m,3.9600,189,9
동해,104,1978,500m,1.1586,78,7
동해,104,1978,50m,10.5584,150,9
동해,104,1978,surface,15.0074,77,9
동해,104,1978,upper,13.4894,231,9
동해,104,1979,100m,9.6713,173,8
동해,104,1979,200m,4.7252,155,8
동해,104,1979,500m,1.4733,72,6
동해,104,1979,50m,12.7599,126,8
동해,104,1979,surface,16.2722,63,8
동해,104,1979,upper,15.1194,189,8
동해,104,1980,100m,8.0564,132,6
동해,104,1980,200m,4.1984,114,6
동해,104,1980,500m,1.1973,70,6
동해,104,1980,50m,11.5156,96,6
동해,104,1980,surface,15.4702,48,6
동해,104,1980,upper,14.6959,144,6
동해,104,1981,100m,5.7242,132,6
동해,104,1981,200m,3.1056,114,6
동해,104,1981,500m,1.0072,72,6
동해,104,1981,50m,8.3931,96,6
동해,104,1981,surface,14.7971,48,6
동해,104,1981,upper,12.2898,144,6
동해,104,1982,100m,9.1900,113,6
동해,104,1982,200m,4.2775,128,6
동해,104,1982,500m,1.0232,77,6
동해,104,1982,50m,12.8007,96,6
동해,104,1982,surface,17.3613,48,6
동해,104,1982,upper,16.1177,144,6
동해,104,1983,100m,6.5148,118,7
동해,104,1983,200m,2.9531,167,7
동해,104,1983,500m,0.6783,89,7
동해,104,1983,50m,10.5413,108,7
동해,104,1983,surface,17.6414,56,7
동해,104,1983,upper,14.7160,168,7
동해,104,1984,100m,6.9386,83,5
동해,104,1984,200m,3.1322,122,5
동해,104,1984,500m,0.6756,59,5
동해,104,1984,50m,9.4126,80,5
동해,104,1984,surface,16.5720,40,5
동해,104,1984,upper,13.4060,120,5
동해,104,1985,100m,7.9190,125,7
동해,104,1985,200m,2.9936,113,7
동해,104,1985,500m,0.6506,80,6
동해,104,1985,50m,11.1553,96,7
동해,104,1985,surface,16.1550,48,7
동해,104,1985,upper,14.1606,144,7
동해,104,1986,100m,6.1486,150,7
동해,104,1986,200m,2.7761,130,7
동해,104,1986,500m,0.7997,90,7
동해,104,1986,50m,9.5007,112,7
동해,104,1986,surface,15.0813,56,7
동해,104,1986,upper,13.2170,168,7
동해,104,1987,100m,7.1552,132,6
동해,104,1987,200m,2.4652,121,6
동해,104,1987,500m,0.5090,72,6
동해,104,1987,50m,11.7949,98,6
동해,104,1987,surface,16.1841,49,6
동해,104,1987,upper,14.7219,147,6
동해,104,1988,100m,8.8991,114,5
동해,104,1988,200m,3.8102,103,5
동해,104,1988,500m,0.6331,64,5
동해,104,1988,50m,11.7715,84,5
동해,104,1988,surface,16.9388,42,5
동해,104,1988,upper,15.3485,126,5
동해,104,1989,100m,9.2561,137,7
동해,104,1989,200m,4.1460,121,7
동해,104,1989,500m,0.7138,81,7
동해,104,1989,50m,12.5277,102,7
동해,104,1989,surface,17.0029,51,7
동해,104,1989,upper,15.8031,153,7
동해,104,1990,100m,7.9610,144,7
동해,104,1990,200m,3.6883,124,7
동해,104,1990,500m,0.9544,71,7
동해,104,1990,50m,11.7358,106,7
동해,104,1990,surface,17.2994,53,7
동해,104,1990,upper,15.0513,159,7
동해,104,1991,100m,8.0165,110,5
동해,104,1991,200m,3.6344,95,5
동해,104,1991,500m,1.1693,60,5
동해,104,1991,50m,11.3998,80,5
동해,104,1991,surface,16.0802,40,5
동해,104,1991,upper,14.8463,120,5
동해,104,1992,100m,7.1828,108,5
동해,104,1992,200m,1.9958,95,5
동해,104,1992,500m,0.7054,59,5
동해,104,1992,50m,11.8245,78,5
동해,104,1992,surface,17.5633,39,5
동해,104,1992,upper,16.1430,117,5
동해,104,1993,100m,7.3361,132,6
동해,104,1993,200m,3.7631,114,6
동해,104,1993,500m,1.0594,70,6
동해,104,1993,50m,10.5446,96,6
동해,104,1993,surface,15.7225,48,6
동해,104,1993,upper,14.1015,144,6
동해,104,1994,100m,6.0400,132,6
동해,104,1994,200m,1.8399,114,6
동해,104,1994,500m,0.7019,72,6
동해,104,1994,50m,10.5533,96,6
동해,104,1994,surface,17.0987,48,6
동해,104,1994,upper,14.8919,144,6
동해,104,1995,100m,5.9965,110,5
동해,104,1995,200m,1.8987,94,5
동해,104,1995,500m,0.5748,60,5
동해,104,1995,50m,10.9007,80,5
동해,104,1995,surface,16.9420,40,5
동해,104,1995,upper,15.5023,120,5
동해,104,1996,100m,4.9351,132,6
동해,104,1996,200m,1.5307,114,6
동해,104,1996,500m,0.5732,72,6
동해,104,1996,50m,8.4113,96,6
동해,104,1996,surface,15.9429,48,6
동해,104,1996,upper,13.6923,144,6
동해,104,1997,100m,5.2663,142,6
동해,104,1997,200m,1.3295,123,6
동해,104,1997,500m,0.5589,75,6
동해,104,1997,50m,10.3510,107,6
동해,104,1997,surface,17.2251,57,6
동해,104,1997,upper,15.6116,171,6
동해,104,1998,100m,5.8696,148,6
동해,104,1998,200m,1.5284,129,6
동해,104,1998,500m,0.5828,78,6
동해,104,1998,50m,11.7617,107,6
동해,104,1998,surface,17.5574,54,6
동해,104,1998,upper,16.3072,162,6
동해,104,1999,100m,8.4191,151,6
동해,104,1999,200m,2.5532,133,6
동해,104,1999,500m,0.6793,82,6
동해,104,1999,50m,12.4166,111,6
동해,104,1999,surface,16.8889,57,6
동해,104,1999,upper,16.0508,171,6
동해,104,2000,100m,7.3355,150,7
동해,104,2000,200m,3.0181,132,7
동해,104,2000,500m,0.7304,83,7
동해,104,2000,50m,10.3114,114,7
동해,104,2000,surface,16.7681,59,7
동해,104,2000,upper,14.5384,177,7
동해,104,2001,100m,7.3187,151,6
동해,104,2001,200m,2.0214,132,6
동해,104,2001,500m,0.6463,83,6
동해,104,2001,50m,11.1605,120,6
동해,104,2001,surface,17.9045,60,6
동해,104,2001,upper,15.9678,180,6
동해,104,2002,100m,6.5802,137,6
동해,104,2002,200m,1.5716,123,6
동해,104,2002,500m,0.6176,74,6
동해,104,2002,50m,11.5137,101,6
동해,104,2002,surface,15.8302,50,6
동해,104,2002,upper,14.6487,147,6
동해,104,2003,100m,6.9961,149,6
동해,104,2003,200m,1.4680,126,6
동해,104,2003,500m,0.5905,74,6
동해,104,2003,50m,11.4146,118,6
동해,104,2003,surface,17.0953,59,6
동해,104,2003,upper,15.6998,177,6
동해,104,2004,100m,7.4735,151,6
동해,104,2004,200m,2.2408,129,6
동해,104,2004,500m,0.6362,76,6
동해,104,2004,50m,11.2653,120,6
동해,104,2004,surface,17.8175,60,6
동해,104,2004,upper,16.0159,180,6
동해,104,2005,100m,6.4639,154,7
동해,104,2005,200m,2.2845,131,6
동해,104,2005,500m,0.6924,82,6
동해,104,2005,50m,9.1855,122,7
동해,104,2005,surface,16.6528,61,7
동해,104,2005,upper,13.4859,183,7
동해,104,2006,100m,7.2229,151,6
동해,104,2006,200m,3.1431,127,6
동해,104,2006,500m,0.7924,78,6
동해,104,2006,50m,9.8137,119,6
동해,104,2006,surface,16.8717,60,6
동해,104,2006,upper,14.9169,180,6
동해,104,2007,100m,5.1875,154,6
동해,104,2007,200m,1.4153,129,6
동해,104,2007,500m,0.6643,77,6
동해,104,2007,50m,9.5621,120,6
동해,104,2007,surface,17.3415,60,6
동해,104,2007,upper,15.2776,180,6
동해,104,2008,100m,6.9512,146,6
동해,104,2008,200m,1.8403,122,6
동해,104,2008,500m,0.7090,71,6
동해,104,2008,50m,11.1043,114,6
동해,104,2008,surface,17.2726,57,6
동해,104,2008,upper,15.2602,171,6
동해,104,2009,100m,8.1173,146,6
동해,104,2009,200m,1.9066,126,6
동해,104,2009,500m,0.6872,76,6
동해,104,2009,50m,11.6337,117,6
동해,104,2009,surface,17.4997,60,6
동해,104,2009,upper,16.1884,180,6
동해,104,2010,100m,5.4748,152,6
동해,104,2010,200m,1.3885,131,6
동해,104,2010,500m,0.6729,79,6
동해,104,2010,50m,10.2910,118,6
동해,104,2010,surface,16.8581,59,6
동해,104,2010,upper,14.3863,177,6
동해,104,2011,100m,5.9192,130,5
동해,104,2011,200m,1.9521,109,5
동해,104,2011,500m,0.7575,68,5
동해,104,2011,50m,9.9957,99,5
동해,104,2011,surface,16.8943,51,5
동해,104,2011,upper,14.4827,153,5
동해,104,2012,100m,6.7249,148,6
동해,104,2012,200m,2.1877,128,6
동해,104,2012,500m,0.7635,78,6
동해,104,2012,50m,10.6695,119,6
동해,104,2012,surface,17.1380,60,6
동해,104,2012,upper,15.5806,180,6
동해,104,2013,100m,7.1653,117,5
동해,104,2013,200m,2.6736,100,5
동해,104,2013,500m,0.8348,61,5
동해,104,2013,50m,10.6546,96,5
동해,104,2013,surface,15.4356,48,5
동해,104,2013,upper,14.3931,144,5
동해,104,2014,100m,8.2500,150,6
동해,104,2014,200m,3.2945,129,6
동해,104,2014,500m,0.8451,78,6
동해,104,2014,50m,11.3413,120,6
동해,104,2014,surface,17.4818,60,6
동해,104,2014,upper,15.9638,180,6
동해,104,2015,100m,8.4507,150,6
동해,104,2015,200m,4.2232,129,6
동해,104,2015,500m,0.9682,78,6
동해,104,2015,50m,11.2241,118,6
동해,104,2015,surface,17.2618,60,6
동해,104,2015,upper,15.0320,180,6
동해,104,2016,100m,8.8823,149,6
동해,104,2016,200m,3.2995,131,6
동해,104,2016,500m,0.9009,78,6
동해,104,2016,50m,11.7544,118,6
동해,104,2016,surface,18.4658,60,6
동해,104,2016,upper,16.1626,180,6
동해,104,2017,100m,7.7398,150,6
동해,104,2017,200m,2.1860,129,6
동해,104,2017,500m,0.7994,78,6
동해,104,2017,50m,11.3220,116,6
동해,104,2017,surface,17.3740,60,6
동해,104,2017,upper,15.7293,180,6
동해,104,2018,100m,7.0655,148,6
동해,104,2018,200m,2.0452,126,6
동해,104,2018,500m,0.7822,76,6
동해,104,2018,50m,10.8463,115,6
동해,104,2018,surface,17.0286,58,6
동해,104,2018,upper,15.6492,174,6
동해,104,2019,100m,8.8037,128,5
동해,104,2019,200m,3.5967,110,5
동해,104,2019,500m,0.8311,66,5
동해,104,2019,50m,11.5982,101,5
동해,104,2019,surface,18.7192,51,5
동해,104,2019,upper,16.6212,153,5
동해,104,2020,100m,7.3840,150,6
동해,104,2020,200m,2.3393,132,6
동해,104,2020,500m,0.7724,78,6
동해,104,2020,50m,11.9131,120,6
동해,104,2020,surface,18.0065,60,6
동해,104,2020,upper,16.1641,180,6
동해,104,2021,100m,8.3053,150,6
동해,104,2021,200m,2.3613,130,6
동해,104,2021,500m,0.7604,78,6
동해,104,2021,50m,11.9681,118,6
동해,104,2021,surface,18.9747,60,6
동해,104,2021,upper,16.8564,180,6
동해,104,2022,100m,7.3587,145,6
동해,104,2022,200m,2.4498,123,6
동해,104,2022,500m,0.7814,74,6
동해,104,2022,50m,11.4242,116,6
동해,104,2022,surface,18.0788,58,6
동해,104,2022,upper,15.9742,174,6
동해,104,2023,100m,7.1153,150,6
동해,104,2023,200m,1.6780,132,6
동해,104,2023,500m,0.7663,78,6
동해,104,2023,50m,11.6987,118,6
동해,104,2023,surface,18.6123,60,6
동해,104,2023,upper,16.5752,180,6
동해,104,2024,100m,6.5839,138,6
동해,104,2024,200m,1.7157,120,6
동해,104,2024,500m,0.7950,70,6
동해,104,2024,50m,11.0699,110,6
동해,104,2024,surface,19.6723,56,6
동해,104,2024,upper,16.4929,168,6
동해,104,2025,100m,6.7280,149,6
동해,104,2025,200m,1.8288,130,6
동해,104,2025,500m,0.8319,79,6
동해,104,2025,50m,10.5418,119,6
동해,104,2025,surface,17.6433,60,6
동해,104,2025,upper,14.9891,180,6
동해,105,1968,100m,4.5834,142,6
동해,105,1968,200m,1.5959,136,6
동해,105,1968,500m,0.5775,97,6
동해,105,1968,50m,9.3303,102,6
동해,105,1968,surface,15.2836,55,6
동해,105,1968,upper,13.5032,164,6
동해,105,1969,100m,5.8714,161,8
동해,105,1969,200m,1.5330,136,8
동해,105,1969,500m,0.4956,94,7
동해,105,1969,50m,9.7089,117,8
동해,105,1969,surface,15.6602,62,8
동해,105,1969,upper,13.5781,186,8
동해,105,1970,100m,6.3821,114,6
동해,105,1970,200m,3.2527,101,6
동해,105,1970,50m,9.4034,82,6
동해,105,1970,surface,15.9409,43,6
동해,105,1970,upper,13.6142,132,6
동해,105,1971,100m,6.9929,143,6
동해,105,1971,200m,2.7260,121,6
동해,105,1971,50m,9.9778,102,6
동해,105,1971,surface,14.9300,53,6
동해,105,1971,upper,13.7188,159,6
동해,105,1972,100m,7.6997,147,7
동해,105,1972,200m,2.7971,138,7
동해,105,1972,50m,11.4323,103,7
동해,105,1972,surface,16.3878,55,7
동해,105,1972,upper,15.0385,165,7
동해,105,1973,100m,8.3092,147,6
동해,105,1973,200m,3.7036,139,6
동해,105,1973,500m,0.8726,78,6
동해,105,1973,50m,11.5627,104,6
동해,105,1973,surface,16.0811,55,6
동해,105,1973,upper,14.2015,165,6
동해,105,1974,100m,5.2720,144,6
동해,105,1974,200m,2.3925,137,6
동해,105,1974,500m,0.8506,77,6
동해,105,1974,50m,8.3210,103,6
동해,105,1974,surface,14.4324,55,6
동해,105,1974,upper,12.3272,165,6
동해,105,1975,100m,7.9252,143,6
동해,105,1975,200m,2.9018,138,6
동해,105,1975,500m,0.7771,78,6
동해,105,1975,50m,10.9869,102,6
동해,105,1975,surface,16.5131,54,6
동해,105,1975,upper,14.4251,162,6
동해,105,1976,100m,9.5450,165,6
동해,105,1976,200m,3.6695,159,6
동해,105,1976,500m,0.8518,91,6
동해,105,1976,50m,12.5041,116,6
동해,105,1976,surface,16.7987,61,6
동해,105,1976,upper,15.5236,183,6
동해,105,1977,100m,7.7173,188,7
동해,105,1977,200m,3.1629,183,7
동해,105,1977,500m,0.9501,95,7
동해,105,1977,50m,10.7738,133,7
동해,105,1977,surface,16.0713,70,7
동해,105,1977,upper,14.3623,210,7
동해,105,1978,100m,7.7887,188,9
동해,105,1978,200m,3.3066,181,9
동해,105,1978,500m,1.4541,83,8
동해,105,1978,50m,11.3098,132,9
동해,105,1978,surface,16.3633,72,9
동해,105,1978,upper,14.3859,216,9
동해,105,1979,100m,8.2959,165,7
동해,105,1979,200m,3.8181,158,7
동해,105,1979,500m,1.1199,76,6
동해,105,1979,50m,11.3226,117,7
동해,105,1979,surface,16.5603,62,7
동해,105,1979,upper,14.7120,186,7
동해,105,1980,100m,7.6343,143,6
동해,105,1980,200m,4.0924,131,6
동해,105,1980,500m,1.0180,69,6
동해,105,1980,50m,11.0828,102,6
동해,105,1980,surface,15.0183,54,6
동해,105,1980,upper,14.0610,162,6
동해,105,1981,100m,4.5979,144,6
동해,105,1981,200m,2.2883,138,6
동해,105,1981,500m,0.8203,75,6
동해,105,1981,50m,7.2767,102,6
동해,105,1981,surface,14.1737,54,6
동해,105,1981,upper,11.3191,162,6
동해,105,1982,100m,7.0087,118,6
동해,105,1982,200m,2.8325,154,6
동해,105,1982,500m,0.7017,82,6
동해,105,1982,50m,11.4328,101,6
동해,105,1982,surface,16.8781,54,6
동해,105,1982,upper,15.2723,162,6
동해,105,1983,100m,6.4486,126,7
동해,105,1983,200m,2.5964,199,7
동해,105,1983,500m,0.6628,89,7
동해,105,1983,50m,9.8019,112,7
동해,105,1983,surface,16.9275,63,7
동해,105,1983,upper,13.7253,189,7
동해,105,1984,100m,5.3686,92,5
동해,105,1984,200m,2.6655,141,5
동해,105,1984,500m,0.7050,64,5
동해,105,1984,50m,7.9954,85,5
동해,105,1984,surface,15.4393,46,5
동해,105,1984,upper,12.1387,138,5
동해,105,1985,100m,6.9490,136,6
동해,105,1985,200m,3.2139,137,6
동해,105,1985,500m,0.7234,83,6
동해,105,1985,50m,10.4301,101,6
동해,105,1985,surface,16.1193,54,6
동해,105,1985,upper,14.3014,162,6
동해,105,1986,100m,5.4316,167,7
동해,105,1986,200m,2.0970,169,7
동해,105,1986,500m,0.6392,91,7
동해,105,1986,50m,8.8494,124,7
동해,105,1986,surface,14.2818,65,7
동해,105,1986,upper,12.2616,195,7
동해,105,1987,100m,6.4567,141,6
동해,105,1987,200m,2.3205,139,6
동해,105,1987,500m,0.6089,80,6
동해,105,1987,50m,10.5638,102,6
동해,105,1987,surface,15.5702,54,6
동해,105,1987,upper,13.9285,162,6
동해,105,1988,100m,8.7218,120,6
동해,105,1988,200m,4.0566,113,6
동해,105,1988,500m,0.6886,65,6
동해,105,1988,50m,11.6879,85,6
동해,105,1988,surface,16.5971,45,6
동해,105,1988,upper,15.2971,135,6
동해,105,1989,100m,8.2823,157,7
동해,105,1989,200m,4.3124,147,7
동해,105,1989,500m,0.9594,84,7
동해,105,1989,50m,11.6704,112,7
동해,105,1989,surface,16.6471,59,7
동해,105,1989,upper,15.0298,177,7
동해,105,1990,100m,7.7446,159,8
동해,105,1990,200m,3.3554,153,8
동해,105,1990,500m,0.8812,78,8
동해,105,1990,50m,11.4343,112,8
동해,105,1990,surface,17.2500,59,8
동해,105,1990,upper,14.7599,177,8
동해,105,1991,100m,7.3827,122,5
동해,105,1991,200m,3.2817,112,5
동해,105,1991,500m,1.1802,58,5
동해,105,1991,50m,11.1625,87,5
동해,105,1991,surface,16.0318,45,5
동해,105,1991,upper,14.5741,135,5
동해,105,1992,100m,5.9349,120,5
동해,105,1992,200m,2.1288,115,5
동해,105,1992,500m,0.8273,60,5
동해,105,1992,50m,10.1249,85,5
동해,105,1992,surface,16.8649,45,5
동해,105,1992,upper,15.1030,135,5
동해,105,1993,100m,6.3359,145,6
동해,105,1993,200m,2.6941,133,6
동해,105,1993,500m,1.1507,71,6
동해,105,1993,50m,9.8436,103,6
동해,105,1993,surface,14.6843,54,6
동해,105,1993,upper,13.1751,162,6
동해,105,1994,100m,5.5484,146,6
동해,105,1994,200m,1.9338,138,6
동해,105,1994,500m,0.7921,73,6
동해,105,1994,50m,10.0312,104,6
동해,105,1994,surface,16.5859,54,6
동해,105,1994,upper,14.5703,162,6
동해,105,1995,100m,5.7691,144,6
동해,105,1995,200m,1.6050,138,6
동해,105,1995,500m,0.6154,74,6
동해,105,1995,50m,10.5141,102,6
동해,105,1995,surface,15.9069,54,6
동해,105,1995,upper,14.2853,162,6
동해,105,1996,100m,4.5158,144,6
동해,105,1996,200m,1.4818,136,6
동해,105,1996,500m,0.6095,73,6
동해,105,1996,50m,8.4549,102,6
동해,105,1996,surface,15.3193,54,6
동해,105,1996,upper,12.8684,162,6
동해,105,1997,100m,4.3293,153,6
동해,105,1997,200m,1.2742,138,6
동해,105,1997,500m,0.5776,75,6
동해,105,1997,50m,9.6914,111,6
동해,105,1997,surface,16.6322,63,6
동해,105,1997,upper,14.8916,187,6
동해,105,1998,100m,6.5886,159,6
동해,105,1998,200m,1.8628,149,6
동해,105,1998,500m,0.6625,85,6
동해,105,1998,50m,11.1462,113,6
동해,105,1998,surface,16.9953,60,6
동해,105,1998,upper,15.6947,180,6
동해,105,1999,100m,7.1815,162,6
동해,105,1999,200m,2.1134,151,6
동해,105,1999,500m,0.6835,84,6
동해,105,1999,50m,11.3739,114,6
동해,105,1999,surface,16.5330,63,6
동해,105,1999,upper,15.5701,189,6
동해,105,2000,100m,5.1578,162,6
동해,105,2000,200m,2.3857,150,6
동해,105,2000,500m,0.7058,86,6
동해,105,2000,50m,8.9117,116,6
동해,105,2000,surface,16.2478,65,6
동해,105,2000,upper,14.0179,194,6
동해,105,2001,100m,6.5514,162,6
동해,105,2001,200m,1.6886,150,6
동해,105,2001,500m,0.6418,84,6
동해,105,2001,50m,11.3149,113,6
동해,105,2001,surface,17.1576,66,6
동해,105,2001,upper,15.2219,197,6
동해,105,2002,100m,4.9101,152,6
동해,105,2002,200m,1.1733,141,6
동해,105,2002,500m,0.5816,75,6
동해,105,2002,50m,10.1974,107,6
동해,105,2002,surface,15.1791,56,6
동해,105,2002,upper,13.7071,170,6
동해,105,2003,100m,6.5025,157,6
동해,105,2003,200m,1.9982,143,6
동해,105,2003,500m,0.6379,76,6
동해,105,2003,50m,10.6975,110,6
동해,105,2003,surface,16.5240,65,6
동해,105,2003,upper,14.5195,193,6
동해,105,2004,100m,7.3707,162,6
동해,105,2004,200m,3.5241,150,6
동해,105,2004,500m,0.7910,83,6
동해,105,2004,50m,10.3014,113,6
동해,105,2004,surface,16.8797,66,6
동해,105,2004,upper,14.7604,198,6
동해,105,2005,100m,5.0761,144,7
동해,105,2005,200m,1.6249,134,7
동해,105,2005,500m,0.6618,76,6
동해,105,2005,50m,8.8210,104,7
동해,105,2005,surface,16.1702,58,7
동해,105,2005,upper,13.4970,174,7
동해,105,2006,100m,5.7065,180,7
동해,105,2006,200m,1.6850,165,7
동해,105,2006,500m,0.7156,86,7
동해,105,2006,50m,9.3060,134,7
동해,105,2006,surface,15.6345,74,7
동해,105,2006,upper,13.9049,222,7
동해,105,2007,100m,5.0468,167,6
동해,105,2007,200m,1.4571,154,6
동해,105,2007,500m,0.6928,85,6
동해,105,2007,50m,9.8752,123,6
동해,105,2007,surface,16.8354,67,6
동해,105,2007,upper,14.8930,201,6
동해,105,2008,100m,5.9420,155,6
동해,105,2008,200m,2.0098,138,6
동해,105,2008,500m,0.7336,75,6
동해,105,2008,50m,10.0884,118,6
동해,105,2008,surface,16.8173,63,6
동해,105,2008,upper,14.5529,189,6
동해,105,2009,100m,7.0114,163,6
동해,105,2009,200m,2.0527,137,6
동해,105,2009,500m,0.7263,78,6
동해,105,2009,50m,11.1732,114,6
동해,105,2009,surface,16.2536,66,6
동해,105,2009,upper,14.7789,198,6
동해,105,2010,100m,5.6071,158,6
동해,105,2010,200m,1.5580,145,6
동해,105,2010,500m,0.6988,81,6
동해,105,2010,50m,10.0594,115,6
동해,105,2010,surface,16.5492,65,6
동해,105,2010,upper,13.8845,194,6
동해,105,2011,100m,5.2076,145,6
동해,105,2011,200m,2.0603,129,6
동해,105,2011,500m,0.8064,74,6
동해,105,2011,50m,8.7955,102,6
동해,105,2011,surface,15.9407,60,6
동해,105,2011,upper,12.7219,180,6
동해,105,2012,100m,6.5834,162,6
동해,105,2012,200m,1.9787,149,6
동해,105,2012,500m,0.7833,84,6
동해,105,2012,50m,10.9231,109,6
동해,105,2012,surface,17.0338,66,6
동해,105,2012,upper,14.8707,198,6
동해,105,2013,100m,6.4618,129,5
동해,105,2013,200m,2.7026,119,5
동해,105,2013,500m,0.8444,66,5
동해,105,2013,50m,10.2279,87,5
동해,105,2013,surface,14.6242,53,5
동해,105,2013,upper,13.4890,159,5
동해,105,2014,100m,6.5223,162,6
동해,105,2014,200m,1.8599,150,6
동해,105,2014,500m,0.7796,84,6
동해,105,2014,50m,11.1611,108,6
동해,105,2014,surface,17.1605,66,6
동해,105,2014,upper,15.3403,198,6
동해,105,2015,100m,7.5062,162,6
동해,105,2015,200m,3.8374,150,6
동해,105,2015,500m,0.9583,84,6
동해,105,2015,50m,10.7678,108,6
동해,105,2015,surface,16.5468,66,6
동해,105,2015,upper,13.7163,197,6
동해,105,2016,100m,7.2882,162,6
동해,105,2016,200m,2.1184,149,6
동해,105,2016,500m,0.8393,84,6
동해,105,2016,50m,11.5458,108,6
동해,105,2016,surface,18.0073,66,6
동해,105,2016,upper,15.0359,195,6
동해,105,2017,100m,7.0031,162,6
동해,105,2017,200m,1.7810,150,6
동해,105,2017,500m,0.7826,84,6
동해,105,2017,50m,11.6855,108,6
동해,105,2017,surface,17.1541,66,6
동해,105,2017,upper,15.2867,198,6
동해,105,2018,100m,5.4703,162,6
동해,105,2018,200m,1.5351,150,6
동해,105,2018,500m,0.7707,84,6
동해,105,2018,50m,10.0500,112,6
동해,105,2018,surface,16.2418,66,6
동해,105,2018,upper,14.5427,197,6
동해,105,2019,100m,7.8175,162,6
동해,105,2019,200m,2.6262,150,6
동해,105,2019,500m,0.7994,81,6
동해,105,2019,50m,11.6582,111,6
동해,105,2019,surface,17.9741,66,6
동해,105,2019,upper,15.9133,196,6
동해,105,2020,100m,7.2158,162,6
동해,105,2020,200m,2.0885,150,6
동해,105,2020,500m,0.7746,83,6
동해,105,2020,50m,12.3986,109,6
동해,105,2020,surface,18.0074,66,6
동해,105,2020,upper,16.0165,198,6
동해,105,2021,100m,7.5396,162,7
동해,105,2021,200m,2.3015,149,7
동해,105,2021,500m,0.7830,84,7
동해,105,2021,50m,12.0012,110,7
동해,105,2021,surface,18.1414,66,7
동해,105,2021,upper,15.5913,196,7
동해,105,2022,100m,6.9321,156,6
동해,105,2022,200m,2.4446,143,6
동해,105,2022,500m,0.8197,80,6
동해,105,2022,50m,11.9567,106,6
동해,105,2022,surface,17.9800,64,6
동해,105,2022,upper,15.5664,192,6
동해,105,2023,100m,6.2049,162,6
동해,105,2023,200m,2.1120,147,6
동해,105,2023,500m,0.8106,84,6
동해,105,2023,50m,11.5430,110,6
동해,105,2023,surface,17.7891,66,6
동해,105,2023,upper,15.5885,196,6
동해,105,2024,100m,6.2001,153,6
동해,105,2024,200m,2.0094,139,6
동해,105,2024,500m,0.8271,76,6
동해,105,2024,50m,10.6639,104,6
동해,105,2024,surface,18.6233,63,6
동해,105,2024,upper,15.5538,188,6
동해,105,2025,100m,6.4459,162,6
동해,105,2025,200m,2.1312,147,6
동해,105,2025,500m,0.8832,78,6
동해,105,2025,50m,10.5352,111,6
동해,105,2025,surface,17.1444,66,6
동해,105,2025,upper,14.6793,197,6
동해,106,1968,100m,3.1585,144,7
동해,106,1968,200m,1.2624,143,7
동해,106,1968,500m,0.5278,112,6
동해,106,1968,50m,7.0081,112,7
동해,106,1968,surface,14.9433,63,7
동해,106,1968,upper,12.0680,188,7
동해,106,1969,100m,3.8452,334,12
동해,106,1969,200m,1.7391,223,12
동해,106,1969,500m,0.5742,122,7
동해,106,1969,50m,6.8200,255,12
동해,106,1969,surface,14.5312,144,12
동해,106,1969,upper,11.7166,432,12
동해,106,1970,100m,3.7256,233,12
동해,106,1970,200m,1.0696,119,12
동해,106,1970,50m,7.7652,179,12
동해,106,1970,surface,15.7453,98,12
동해,106,1970,upper,12.6016,294,12
동해,106,1971,100m,4.7876,123,6
동해,106,1971,200m,1.9076,106,6
동해,106,1971,50m,8.8425,89,6
동해,106,1971,surface,14.6682,50,6
동해,106,1971,upper,12.9417,150,6
동해,106,1972,100m,5.6419,159,6
동해,106,1972,200m,1.6438,157,6
동해,106,1972,50m,9.4710,112,6
동해,106,1972,surface,15.1505,60,6
동해,106,1972,upper,13.4712,180,6
동해,106,1973,100m,4.5265,144,5
동해,106,1973,200m,1.5927,144,5
동해,106,1973,500m,0.6357,84,5
동해,106,1973,50m,8.1885,102,5
동해,106,1973,surface,16.2000,54,5
동해,106,1973,upper,13.0894,162,5
동해,106,1974,100m,3.1421,165,6
동해,106,1974,200m,1.6032,164,6
동해,106,1974,500m,0.8429,99,6
동해,106,1974,50m,5.8650,116,6
동해,106,1974,surface,13.5507,61,6
동해,106,1974,upper,10.6507,183,6
동해,106,1975,100m,5.5022,160,6
동해,106,1975,200m,1.9157,162,6
동해,106,1975,500m,0.7406,96,6
동해,106,1975,50m,8.3444,114,6
동해,106,1975,surface,15.8928,60,6
동해,106,1975,upper,12.9353,179,6
동해,106,1976,100m,8.1963,180,6
동해,106,1976,200m,3.1481,179,6
동해,106,1976,500m,0.8643,108,6
동해,106,1976,50m,11.6300,127,6
동해,106,1976,surface,16.4620,66,6
동해,106,1976,upper,14.8602,198,6
동해,106,1977,100m,7.0487,201,7
동해,106,1977,200m,3.1656,199,7
동해,106,1977,500m,1.0322,112,7
동해,106,1977,50m,9.8245,141,7
동해,106,1977,surface,15.4519,74,7
동해,106,1977,upper,13.7841,222,7
동해,106,1978,100m,7.3483,162,6
동해,106,1978,200m,3.0328,161,6
동해,106,1978,500m,1.1657,96,6
동해,106,1978,50m,10.6332,114,6
동해,106,1978,surface,16.3957,60,6
동해,106,1978,upper,14.1026,181,6
동해,106,1979,100m,7.9597,162,6
동해,106,1979,200m,3.7096,161,6
동해,106,1979,500m,0.9361,97,6
동해,106,1979,50m,10.8997,114,6
동해,106,1979,surface,16.6635,60,6
동해,106,1979,upper,14.5645,180,6
동해,106,1980,100m,7.4152,149,6
동해,106,1980,200m,3.5897,150,6
동해,106,1980,500m,1.3689,85,6
동해,106,1980,50m,10.4038,106,6
동해,106,1980,surface,14.8273,56,6
동해,106,1980,upper,13.6748,168,6
동해,106,1981,100m,3.1992,165,6
동해,106,1981,200m,1.7429,163,6
동해,106,1981,500m,0.6883,93,6
동해,106,1981,50m,5.2125,116,6
동해,106,1981,surface,13.2402,61,6
동해,106,1981,upper,10.2370,183,6
동해,106,1982,100m,5.5182,133,6
동해,106,1982,200m,2.1132,189,6
동해,106,1982,500m,0.6347,100,6
동해,106,1982,50m,9.6877,112,6
동해,106,1982,surface,16.3588,60,6
동해,106,1982,upper,13.9278,180,6
동해,106,1983,100m,5.0118,113,6
동해,106,1983,200m,1.8259,210,6
동해,106,1983,500m,0.5308,96,6
동해,106,1983,50m,7.9271,114,6
동해,106,1983,surface,15.4433,60,6
동해,106,1983,upper,12.8208,180,6
동해,106,1984,100m,3.5752,104,6
동해,106,1984,200m,1.5859,175,6
동해,106,1984,500m,0.5750,82,6
동해,106,1984,50m,5.8651,101,6
동해,106,1984,surface,14.9989,54,6
동해,106,1984,upper,11.2298,162,6
동해,106,1985,100m,6.2666,155,7
동해,106,1985,200m,2.7690,151,7
동해,106,1985,500m,0.6541,105,7
동해,106,1985,50m,9.5500,112,7
동해,106,1985,surface,15.7315,60,7
동해,106,1985,upper,13.8382,176,7
동해,106,1986,100m,4.9283,158,7
동해,106,1986,200m,1.7418,159,7
동해,106,1986,500m,0.5647,103,6
동해,106,1986,50m,7.6078,114,7
동해,106,1986,surface,13.3535,60,7
동해,106,1986,upper,10.8682,180,7
동해,106,1987,100m,6.1026,179,7
동해,106,1987,200m,2.0957,188,7
동해,106,1987,500m,0.5732,117,7
동해,106,1987,50m,9.9715,130,7
동해,106,1987,surface,15.3924,68,7
동해,106,1987,upper,13.6529,204,7
동해,106,1988,100m,7.5715,130,5
동해,106,1988,200m,3.6499,139,5
동해,106,1988,500m,0.7137,81,5
동해,106,1988,50m,11.0868,95,5
동해,106,1988,surface,16.9156,50,5
동해,106,1988,upper,15.0097,150,5
동해,106,1989,100m,7.9852,187,7
동해,106,1989,200m,4.1454,184,7
동해,106,1989,500m,0.8569,115,7
동해,106,1989,50m,11.2551,133,7
동해,106,1989,surface,16.1790,70,7
동해,106,1989,upper,14.9410,210,7
동해,106,1990,100m,7.2905,165,7
동해,106,1990,200m,3.7020,165,7
동해,106,1990,500m,1.0309,90,7
동해,106,1990,50m,10.2578,116,7
동해,106,1990,surface,16.7323,61,7
동해,106,1990,upper,14.1926,183,7
동해,106,1991,100m,6.7089,135,5
동해,106,1991,200m,3.4347,135,5
동해,106,1991,500m,1.4127,79,5
동해,106,1991,50m,9.7975,95,5
동해,106,1991,surface,16.0434,50,5
동해,106,1991,upper,14.1022,150,5
동해,106,1992,100m,6.1549,134,5
동해,106,1992,200m,2.3892,136,5
동해,106,1992,500m,0.7850,80,5
동해,106,1992,50m,9.7963,95,5
동해,106,1992,surface,16.6670,50,5
동해,106,1992,upper,14.7773,150,5
동해,106,1993,100m,4.9748,162,6
동해,106,1993,200m,2.0527,160,6
동해,106,1993,500m,0.8853,96,6
동해,106,1993,50m,8.7736,114,6
동해,106,1993,surface,13.8647,60,6
동해,106,1993,upper,12.8450,180,6
동해,106,1994,100m,5.3021,162,6
동해,106,1994,200m,2.0666,162,6
동해,106,1994,500m,0.7826,96,6
동해,106,1994,50m,9.0622,114,6
동해,106,1994,surface,15.9027,60,6
동해,106,1994,upper,13.2851,180,6
동해,106,1995,100m,5.1304,159,7
동해,106,1995,200m,1.4884,159,7
동해,106,1995,500m,0.6062,94,7
동해,106,1995,50m,9.8531,113,7
동해,106,1995,surface,15.7192,59,7
동해,106,1995,upper,13.7981,177,7
동해,106,1996,100m,3.9971,162,6
동해,106,1996,200m,1.3597,162,6
동해,106,1996,500m,0.6117,96,6
동해,106,1996,50m,7.1904,114,6
동해,106,1996,surface,13.8093,60,6
동해,106,1996,upper,11.5280,180,6
동해,106,1997,100m,4.4951,159,6
동해,106,1997,200m,1.4107,153,6
동해,106,1997,500m,0.6205,94,6
동해,106,1997,50m,9.0098,111,6
동해,106,1997,surface,15.7627,59,6
동해,106,1997,upper,14.0323,177,6
동해,106,1998,100m,6.0546,162,6
동해,106,1998,200m,2.0250,155,6
동해,106,1998,500m,0.6942,97,6
동해,106,1998,50m,10.3051,114,6
동해,106,1998,surface,16.5365,60,6
동해,106,1998,upper,15.1252,180,6
동해,106,1999,100m,5.3323,162,6
동해,106,1999,200m,1.5253,154,6
동해,106,1999,500m,0.6300,94,6
동해,106,1999,50m,9.5946,115,6
동해,106,1999,surface,15.7132,60,6
동해,106,1999,upper,14.3824,180,6
동해,106,2000,100m,4.0297,160,6
동해,106,2000,200m,1.6348,151,6
동해,106,2000,500m,0.6335,92,6
동해,106,2000,50m,6.6184,113,6
동해,106,2000,surface,16.0553,60,6
동해,106,2000,upper,12.9382,180,6
동해,106,2001,100m,6.2984,157,6
동해,106,2001,200m,2.1125,151,6
동해,106,2001,500m,0.6600,92,6
동해,106,2001,50m,10.3127,111,6
동해,106,2001,surface,17.0045,58,6
동해,106,2001,upper,14.9772,174,6
동해,106,2002,100m,5.5074,148,6
동해,106,2002,200m,1.8177,141,6
동해,106,2002,500m,0.6164,87,6
동해,106,2002,50m,9.6654,105,6
동해,106,2002,surface,15.6675,56,6
동해,106,2002,upper,13.7527,165,6
동해,106,2003,100m,6.2794,170,7
동해,106,2003,200m,2.2330,161,7
동해,106,2003,500m,0.6398,92,7
동해,106,2003,50m,9.6397,119,7
동해,106,2003,surface,16.0953,62,7
동해,106,2003,upper,14.0255,188,7
동해,106,2004,100m,6.1376,162,6
동해,106,2004,200m,3.3651,155,6
동해,106,2004,500m,0.8361,96,6
동해,106,2004,50m,9.2012,113,6
동해,106,2004,surface,17.0775,60,6
동해,106,2004,upper,14.6489,180,6
동해,106,2005,100m,4.6638,135,5
동해,106,2005,200m,1.8973,125,5
동해,106,2005,500m,0.6855,80,5
동해,106,2005,50m,8.0479,95,5
동해,106,2005,surface,16.5668,50,5
동해,106,2005,upper,13.6717,150,5
동해,106,2006,100m,4.0176,189,8
동해,106,2006,200m,1.2616,175,8
동해,106,2006,500m,0.6553,112,8
동해,106,2006,50m,7.5563,131,8
동해,106,2006,surface,14.5540,70,8
동해,106,2006,upper,12.5996,210,8
동해,106,2007,100m,4.7371,159,6
동해,106,2007,200m,1.5339,148,6
동해,106,2007,500m,0.6938,92,6
동해,106,2007,50m,8.9020,113,6
동해,106,2007,surface,16.8560,60,6
동해,106,2007,upper,14.7693,180,6
동해,106,2008,100m,6.0296,162,6
동해,106,2008,200m,2.2793,153,6
동해,106,2008,500m,0.7347,96,6
동해,106,2008,50m,10.1042,113,6
동해,106,2008,surface,17.0875,60,6
동해,106,2008,upper,14.8119,180,6
동해,106,2009,100m,7.4473,162,6
동해,106,2009,200m,2.6602,149,6
동해,106,2009,500m,0.7855,96,6
동해,106,2009,50m,10.7557,114,6
동해,106,2009,surface,16.1702,60,6
동해,106,2009,upper,14.7073,180,6
동해,106,2010,100m,6.0215,162,7
동해,106,2010,200m,2.4511,151,7
동해,106,2010,500m,0.8101,96,7
동해,106,2010,50m,9.4693,115,7
동해,106,2010,surface,16.0670,60,7
동해,106,2010,upper,13.1603,180,7
동해,106,2011,100m,4.6667,164,6
동해,106,2011,200m,2.3499,154,6
동해,106,2011,500m,0.8146,96,6
동해,106,2011,50m,7.7158,114,6
동해,106,2011,surface,15.8628,60,6
동해,106,2011,upper,12.8269,180,6
동해,106,2012,100m,5.4830,163,6
동해,106,2012,200m,1.6982,149,6
동해,106,2012,500m,0.7467,96,6
동해,106,2012,50m,9.5076,113,6
동해,106,2012,surface,16.3620,60,6
동해,106,2012,upper,13.9313,180,6
동해,106,2013,100m,6.4257,135,5
동해,106,2013,200m,2.2905,124,5
동해,106,2013,500m,0.8224,80,5
동해,106,2013,50m,10.5924,92,5
동해,106,2013,surface,15.3632,50,5
동해,106,2013,upper,14.1825,150,5
동해,106,2014,100m,5.5174,162,6
동해,106,2014,200m,1.5033,150,6
동해,106,2014,500m,0.7485,96,6
동해,106,2014,50m,10.0354,108,6
동해,106,2014,surface,16.6102,60,6
동해,106,2014,upper,14.5925,179,6
동해,106,2015,100m,5.4616,162,6
동해,106,2015,200m,2.0535,150,6
동해,106,2015,500m,0.8073,96,6
동해,106,2015,50m,9.3699,108,6
동해,106,2015,surface,15.9263,60,6
동해,106,2015,upper,13.1087,180,6
동해,106,2016,100m,4.7860,162,6
동해,106,2016,200m,1.4666,150,6
동해,106,2016,500m,0.7673,96,6
동해,106,2016,50m,9.3153,109,6
동해,106,2016,surface,17.4085,60,6
동해,106,2016,upper,14.2610,180,6
동해,106,2017,100m,6.6242,159,6
동해,106,2017,200m,1.8726,149,6
동해,106,2017,500m,0.7853,94,6
동해,106,2017,50m,10.8452,107,6
동해,106,2017,surface,17.1795,59,6
동해,106,2017,upper,15.1803,177,6
동해,106,2018,100m,5.3090,162,6
동해,106,2018,200m,1.9098,150,6
동해,106,2018,500m,0.8076,96,6
동해,106,2018,50m,9.8393,109,6
동해,106,2018,surface,16.0787,60,6
동해,106,2018,upper,14.4028,180,6
동해,106,2019,100m,6.5350,164,6
동해,106,2019,200m,1.7375,153,6
동해,106,2019,500m,0.7386,95,6
동해,106,2019,50m,11.0482,117,6
동해,106,2019,surface,17.9240,60,6
동해,106,2019,upper,15.1860,180,6
동해,106,2020,100m,6.6303,162,6
동해,106,2020,200m,2.0472,149,6
동해,106,2020,500m,0.7727,96,6
동해,106,2020,50m,11.3488,114,6
동해,106,2020,surface,17.3758,60,6
동해,106,2020,upper,15.8798,180,6
동해,106,2021,100m,7.7874,163,6
동해,106,2021,200m,2.3486,147,6
동해,106,2021,500m,0.7975,96,6
동해,106,2021,50m,11.6805,114,6
동해,106,2021,surface,18.0667,60,6
동해,106,2021,upper,15.8694,180,6
동해,106,2022,100m,7.3152,156,6
동해,106,2022,200m,3.1078,147,6
동해,106,2022,500m,0.8651,92,6
동해,106,2022,50m,11.1301,108,6
동해,106,2022,surface,17.3159,58,6
동해,106,2022,upper,15.3725,174,6
동해,106,2023,100m,6.9312,163,6
동해,106,2023,200m,2.5364,151,6
동해,106,2023,500m,0.8639,96,6
동해,106,2023,50m,10.8243,117,6
동해,106,2023,surface,17.6642,60,6
동해,106,2023,upper,15.3039,180,6
동해,106,2024,100m,5.7565,162,6
동해,106,2024,200m,2.0626,151,6
동해,106,2024,500m,0.8367,96,6
동해,106,2024,50m,9.7411,117,6
동해,106,2024,surface,18.3412,60,6
동해,106,2024,upper,15.3841,180,6
동해,106,2025,100m,5.9243,162,6
동해,106,2025,200m,2.1513,151,6
동해,106,2025,500m,0.9111,96,6
동해,106,2025,50m,9.7476,115,6
동해,106,2025,surface,17.3562,60,6
동해,106,2025,upper,14.5037,180,6
동해,107,1969,100m,4.1977,75,6
동해,107,1969,200m,1.2595,66,6
동해,107,1969,500m,0.5074,39,4
동해,107,1969,50m,7.9748,58,6
동해,107,1969,surface,15.8990,30,6
동해,107,1969,upper,13.3451,90,6
동해,107,1970,100m,4.5376,85,6
동해,107,1970,200m,1.6266,82,6
동해,107,1970,50m,6.8481,64,6
동해,107,1970,surface,15.3218,34,6
동해,107,1970,upper,11.6783,101,6
동해,107,1971,100m,3.2584,116,6
동해,107,1971,200m,1.0539,114,6
동해,107,1971,50m,7.7146,84,6
동해,107,1971,surface,13.9759,46,6
동해,107,1971,upper,12.4775,138,6
동해,107,1972,100m,2.6396,123,6
동해,107,1972,200m,0.8319,124,6
동해,107,1972,50m,5.9373,94,6
동해,107,1972,surface,12.7027,49,6
동해,107,1972,upper,10.2608,146,6
동해,107,1973,100m,3.8623,105,5
동해,107,1973,200m,1.5610,102,5
동해,107,1973,500m,0.5743,58,4
동해,107,1973,50m,7.1849,76,5
동해,107,1973,surface,15.7207,41,5
동해,107,1973,upper,12.0209,122,5
동해,107,1974,100m,3.2918,130,6
동해,107,1974,200m,1.5819,126,6
동해,107,1974,500m,0.7648,84,6
동해,107,1974,50m,5.9213,96,6
동해,107,1974,surface,13.5023,48,6
동해,107,1974,upper,10.5849,144,6
동해,107,1975,100m,3.2595,132,7
동해,107,1975,200m,1.4000,126,6
동해,107,1975,500m,0.6557,84,6
동해,107,1975,50m,6.1431,96,7
동해,107,1975,surface,15.2954,48,7
동해,107,1975,upper,11.9178,144,7
동해,107,1976,100m,8.3849,180,6
동해,107,1976,200m,3.3928,173,6
동해,107,1976,500m,0.8646,116,6
동해,107,1976,50m,11.1951,128,6
동해,107,1976,surface,16.9878,64,6
동해,107,1976,upper,14.8955,192,6
동해,107,1977,100m,6.3551,176,6
동해,107,1977,200m,2.9954,171,6
동해,107,1977,500m,1.1061,114,6
동해,107,1977,50m,9.4050,126,6
동해,107,1977,surface,16.0845,64,6
동해,107,1977,upper,13.4390,189,6
동해,107,1982,100m,3.6753,92,6
동해,107,1982,200m,1.6898,123,6
동해,107,1982,500m,0.6200,76,6
동해,107,1982,50m,6.7589,81,6
동해,107,1982,surface,15.2179,42,6
동해,107,1982,upper,12.2967,126,6
동해,107,1983,100m,2.7703,73,6
동해,107,1983,200m,1.2010,144,6
동해,107,1983,500m,0.5454,72,6
동해,107,1983,50m,5.3199,83,6
동해,107,1983,surface,13.9881,42,6
동해,107,1983,upper,10.5421,126,6
동해,107,1984,100m,2.4968,75,6
동해,107,1984,200m,1.3071,126,6
동해,107,1984,500m,0.5982,68,6
동해,107,1984,50m,4.1824,78,6
동해,107,1984,surface,14.5036,39,6
동해,107,1984,upper,10.4459,117,6
동해,107,1985,100m,4.1809,106,7
동해,107,1985,200m,1.0676,109,7
동해,107,1985,500m,0.4634,87,7
동해,107,1985,50m,8.6364,87,7
동해,107,1985,surface,15.6082,44,7
동해,107,1985,upper,13.2448,132,7
동해,107,1986,100m,2.3793,103,6
동해,107,1986,200m,1.1112,103,6
동해,107,1986,500m,0.4946,81,6
동해,107,1986,50m,5.3802,84,6
동해,107,1986,surface,13.5369,42,6
동해,107,1986,upper,10.3368,126,6
동해,107,1987,100m,3.8144,108,6
동해,107,1987,200m,1.9039,118,6
동해,107,1987,500m,0.5586,74,6
동해,107,1987,50m,6.4244,86,6
동해,107,1987,surface,14.9679,43,6
동해,107,1987,upper,11.9513,129,6
동해,107,1988,100m,5.6832,90,5
동해,107,1988,200m,2.1042,90,5
동해,107,1988,500m,0.4910,61,5
동해,107,1988,50m,9.7219,70,5
동해,107,1988,surface,16.7754,35,5
동해,107,1988,upper,14.7806,105,5
동해,107,1989,100m,5.4552,130,7
동해,107,1989,200m,1.6463,128,7
동해,107,1989,500m,0.5066,87,7
동해,107,1989,50m,9.3358,99,7
동해,107,1989,surface,16.1516,50,7
동해,107,1989,upper,14.1015,150,7
동해,107,1990,100m,4.9526,108,7
동해,107,1990,200m,2.4049,108,7
동해,107,1990,500m,0.7817,66,7
동해,107,1990,50m,7.6796,84,7
동해,107,1990,surface,16.1190,42,7
동해,107,1990,upper,12.6142,126,7
동해,107,1991,100m,4.6512,90,5
동해,107,1991,200m,2.1279,90,5
동해,107,1991,500m,1.1212,60,5
동해,107,1991,50m,7.6009,70,5
동해,107,1991,surface,15.6363,35,5
동해,107,1991,upper,12.4019,105,5
동해,107,1992,100m,6.2785,82,5
동해,107,1992,200m,3.5060,81,5
동해,107,1992,500m,1.1383,54,5
동해,107,1992,50m,8.7356,64,5
동해,107,1992,surface,17.1844,32,5
동해,107,1992,upper,14.1330,96,5
동해,107,1993,100m,4.8393,112,6
동해,107,1993,200m,2.1068,108,6
동해,107,1993,500m,0.9175,72,6
동해,107,1993,50m,8.0235,84,6
동해,107,1993,surface,13.3324,42,6
동해,107,1993,upper,11.9710,126,6
동해,107,1994,100m,4.0756,109,6
동해,107,1994,200m,1.8604,108,6
동해,107,1994,500m,0.7913,72,6
동해,107,1994,50m,7.1129,82,6
동해,107,1994,surface,15.5664,42,6
동해,107,1994,upper,12.1601,126,6
동해,107,1995,100m,3.9190,112,6
동해,107,1995,200m,1.2874,108,6
동해,107,1995,500m,0.6085,72,6
동해,107,1995,50m,6.9255,84,6
동해,107,1995,surface,14.9229,42,6
동해,107,1995,upper,12.0321,126,6
동해,107,1996,100m,2.9756,90,5
동해,107,1996,200m,1.2902,90,5
동해,107,1996,500m,0.6058,60,5
동해,107,1996,50m,5.3961,70,5
동해,107,1996,surface,12.6646,35,5
동해,107,1996,upper,9.2614,105,5
동해,107,1997,100m,3.7151,110,6
동해,107,1997,200m,1.2282,108,6
동해,107,1997,500m,0.6944,72,6
동해,107,1997,50m,7.9119,83,6
동해,107,1997,surface,15.4969,42,6
동해,107,1997,upper,13.5256,126,6
동해,107,1998,100m,4.0193,107,6
동해,107,1998,200m,1.4349,105,6
동해,107,1998,500m,0.6377,70,6
동해,107,1998,50m,8.1825,80,6
동해,107,1998,surface,16.0832,41,6
동해,107,1998,upper,13.9878,123,6
동해,107,1999,100m,2.6692,110,6
동해,107,1999,200m,0.9884,108,6
동해,107,1999,500m,0.5711,72,6
동해,107,1999,50m,7.1171,80,6
동해,107,1999,surface,14.8388,42,6
동해,107,1999,upper,12.9845,126,6
동해,107,2000,100m,2.5056,109,6
동해,107,2000,200m,1.0318,108,6
동해,107,2000,500m,0.6389,71,6
동해,107,2000,50m,5.4554,79,6
동해,107,2000,surface,15.1317,42,6
동해,107,2000,upper,11.8429,126,6
동해,107,2001,100m,4.2219,108,6
동해,107,2001,200m,1.3997,108,6
동해,107,2001,500m,0.5936,72,6
동해,107,2001,50m,8.5811,81,6
동해,107,2001,surface,16.4914,42,6
동해,107,2001,upper,14.4246,126,6
동해,107,2002,100m,4.5331,89,5
동해,107,2002,200m,1.7506,90,5
동해,107,2002,500m,0.6162,58,5
동해,107,2002,50m,8.0155,67,5
동해,107,2002,surface,16.1971,35,5
동해,107,2002,upper,13.4242,104,5
동해,107,2003,100m,3.6372,125,7
동해,107,2003,200m,1.1393,126,7
동해,107,2003,500m,0.5891,79,7
동해,107,2003,50m,6.6911,93,7
동해,107,2003,surface,14.1365,49,7
동해,107,2003,upper,11.5491,146,7
동해,107,2004,100m,3.3019,108,6
동해,107,2004,200m,1.3925,108,6
동해,107,2004,500m,0.6440,72,6
동해,107,2004,50m,6.8193,76,6
동해,107,2004,surface,16.5748,42,6
동해,107,2004,upper,13.6103,126,6
동해,107,2005,100m,3.7883,90,5
동해,107,2005,200m,1.3096,90,5
동해,107,2005,500m,0.6708,60,5
동해,107,2005,50m,6.9924,63,5
동해,107,2005,surface,15.8283,35,5
동해,107,2005,upper,12.5111,105,5
동해,107,2006,100m,2.8104,124,7
동해,107,2006,200m,1.2031,123,7
동해,107,2006,500m,0.6996,81,7
동해,107,2006,50m,6.1837,89,7
동해,107,2006,surface,13.6231,49,7
동해,107,2006,upper,11.7341,147,7
동해,107,2007,100m,3.0429,108,6
동해,107,2007,200m,1.2544,108,6
동해,107,2007,500m,0.6699,69,6
동해,107,2007,50m,7.2787,75,6
동해,107,2007,surface,15.9845,42,6
동해,107,2007,upper,13.0483,126,6
동해,107,2008,100m,6.2275,108,6
동해,107,2008,200m,2.4646,108,6
동해,107,2008,500m,0.7364,70,6
동해,107,2008,50m,9.6883,75,6
동해,107,2008,surface,16.7776,42,6
동해,107,2008,upper,14.3456,126,6
동해,107,2009,100m,4.9331,108,6
동해,107,2009,200m,1.9997,108,6
동해,107,2009,500m,0.7459,70,6
동해,107,2009,50m,8.3404,74,6
동해,107,2009,surface,14.9221,42,6
동해,107,2009,upper,12.9330,125,6
동해,107,2010,100m,4.1305,108,6
동해,107,2010,200m,1.7174,108,6
동해,107,2010,500m,0.7951,72,6
동해,107,2010,50m,7.1446,74,6
동해,107,2010,surface,15.3157,42,6
동해,107,2010,upper,11.3580,126,6
동해,107,2011,100m,2.6112,109,6
동해,107,2011,200m,1.2271,107,6
동해,107,2011,500m,0.7238,71,6
동해,107,2011,50m,5.6425,77,6
동해,107,2011,surface,15.1550,42,6
동해,107,2011,upper,11.8712,126,6
동해,107,2012,100m,3.0972,111,6
동해,107,2012,200m,1.1892,109,6
동해,107,2012,500m,0.7014,72,6
동해,107,2012,50m,7.0041,74,6
동해,107,2012,surface,16.0783,42,6
동해,107,2012,upper,12.9460,124,6
동해,107,2013,100m,3.4677,90,5
동해,107,2013,200m,1.3368,90,5
동해,107,2013,500m,0.7550,60,5
동해,107,2013,50m,7.5198,60,5
동해,107,2013,surface,14.5240,35,5
동해,107,2013,upper,12.8889,104,5
동해,107,2014,100m,3.0336,108,6
동해,107,2014,200m,1.0870,108,6
동해,107,2014,500m,0.7150,72,6
동해,107,2014,50m,6.4175,72,6
동해,107,2014,surface,15.8512,42,6
동해,107,2014,upper,13.0892,124,6
동해,107,2015,100m,2.4135,108,6
동해,107,2015,200m,1.1168,108,6
동해,107,2015,500m,0.7312,72,6
동해,107,2015,50m,5.5754,72,6
동해,107,2015,surface,14.3214,42,6
동해,107,2015,upper,11.0113,123,6
동해,107,2016,100m,3.0706,108,6
동해,107,2016,200m,1.2309,108,6
동해,107,2016,500m,0.7500,72,6
동해,107,2016,50m,6.6725,72,6
동해,107,2016,surface,16.7360,42,6
동해,107,2016,upper,12.8590,123,6
동해,107,2017,100m,5.3294,108,6
동해,107,2017,200m,1.3527,108,6
동해,107,2017,500m,0.7456,72,6
동해,107,2017,50m,9.9968,72,6
동해,107,2017,surface,17.3252,42,6
동해,107,2017,upper,14.8828,124,6
동해,107,2018,100m,4.3233,108,6
동해,107,2018,200m,1.7464,106,6
동해,107,2018,500m,0.8113,70,6
동해,107,2018,50m,7.8418,73,6
동해,107,2018,surface,15.4852,42,6
동해,107,2018,upper,12.4816,124,6
동해,107,2019,100m,4.9886,108,6
동해,107,2019,200m,1.3159,108,6
동해,107,2019,500m,0.6971,70,6
동해,107,2019,50m,9.3829,72,6
동해,107,2019,surface,17.6626,42,6
동해,107,2019,upper,14.4268,126,6
동해,107,2020,100m,4.2219,108,6
동해,107,2020,200m,1.4321,108,6
동해,107,2020,500m,0.7256,72,6
동해,107,2020,50m,8.4353,72,6
동해,107,2020,surface,16.5890,42,6
동해,107,2020,upper,14.3299,125,6
동해,107,2021,100m,5.5481,108,6
동해,107,2021,200m,1.9547,108,6
동해,107,2021,500m,0.8143,72,6
동해,107,2021,50m,10.0718,72,6
동해,107,2021,surface,17.8698,42,6
동해,107,2021,upper,14.9268,124,6
동해,107,2022,100m,5.9104,108,6
동해,107,2022,200m,2.1535,108,6
동해,107,2022,500m,0.7940,72,6
동해,107,2022,50m,9.8367,72,6
동해,107,2022,surface,17.0507,42,6
동해,107,2022,upper,14.5164,126,6
동해,107,2023,100m,4.9789,109,6
동해,107,2023,200m,2.2007,108,6
동해,107,2023,500m,0.8558,72,6
동해,107,2023,50m,8.9403,74,6
동해,107,2023,surface,17.6990,42,6
동해,107,2023,upper,14.1339,123,6
동해,107,2024,100m,3.6400,108,6
동해,107,2024,200m,1.4129,108,6
동해,107,2024,500m,0.8111,72,6
동해,107,2024,50m,8.7786,72,6
동해,107,2024,surface,17.5626,42,6
동해,107,2024,upper,14.0467,123,6
동해,107,2025,100m,3.0530,108,6
동해,107,2025,200m,1.4190,108,6
동해,107,2025,500m,0.8690,72,6
동해,107,2025,50m,6.8371,72,6
동해,107,2025,surface,16.6750,42,6
동해,107,2025,upper,12.5598,125,6
동해,208,1968,100m,13.1880,117,9
동해,208,1968,50m,14.9000,149,9
동해,208,1968,surface,17.8585,75,9
동해,208,1968,upper,17.1816,225,9
동해,208,1969,100m,13.6874,110,7
동해,208,1969,50m,14.9973,120,7
동해,208,1969,surface,17.4095,62,7
동해,208,1969,upper,16.8227,186,7
동해,208,1970,100m,13.9691,99,6
동해,208,1970,50m,15.2031,103,6
동해,208,1970,surface,17.7796,52,6
동해,208,1970,upper,17.1502,156,6
동해,208,1971,100m,14.1074,107,6
동해,208,1971,50m,15.7213,104,6
동해,208,1971,surface,17.5908,53,6
동해,208,1971,upper,17.0770,155,6
동해,208,1972,100m,13.0413,110,7
동해,208,1972,50m,15.8409,109,7
동해,208,1972,surface,17.6122,55,7
동해,208,1972,upper,17.7548,162,7
동해,208,1973,100m,13.1391,117,6
동해,208,1973,50m,15.7884,109,6
동해,208,1973,surface,18.2755,55,6
동해,208,1973,upper,17.6035,165,6
동해,208,1974,100m,12.8176,113,6
동해,208,1974,50m,15.1877,108,6
동해,208,1974,surface,17.7857,54,6
동해,208,1974,upper,17.4157,161,6
동해,208,1975,100m,12.5962,112,6
동해,208,1975,50m,15.1702,110,6
동해,208,1975,surface,18.6331,55,6
동해,208,1975,upper,18.0376,165,6
동해,208,1976,100m,13.1517,113,6
동해,208,1976,50m,15.1814,109,6
동해,208,1976,surface,17.9757,54,6
동해,208,1976,upper,17.3611,161,6
동해,208,1977,100m,12.1224,121,7
동해,208,1977,50m,15.0266,116,7
동해,208,1977,surface,18.1895,58,7
동해,208,1977,upper,17.2525,174,7
동해,208,1978,100m,13.8568,118,7
동해,208,1978,50m,16.0158,113,7
동해,208,1978,surface,19.1845,58,7
동해,208,1978,upper,18.0891,173,7
동해,208,1979,100m,14.3522,113,6
동해,208,1979,50m,15.9192,108,6
동해,208,1979,surface,19.1580,54,6
동해,208,1979,upper,18.0475,162,6
동해,208,1980,100m,12.2491,113,6
동해,208,1980,50m,14.4382,108,6
동해,208,1980,surface,17.0670,54,6
동해,208,1980,upper,16.5241,162,6
동해,208,1981,100m,12.7548,115,6
동해,208,1981,50m,14.5291,108,6
동해,208,1981,surface,17.6339,54,6
동해,208,1981,upper,16.4825,162,6
동해,208,1982,100m,13.0935,113,6
동해,208,1982,50m,15.3864,108,6
동해,208,1982,surface,18.6939,54,6
동해,208,1982,upper,17.8085,162,6
동해,208,1983,100m,12.1631,140,6
동해,208,1983,50m,14.9294,82,6
동해,208,1983,surface,18.6152,54,6
동해,208,1983,upper,17.2933,162,6
동해,208,1984,100m,12.5687,123,6
동해,208,1984,50m,14.5577,106,6
동해,208,1984,surface,18.0802,56,6
동해,208,1984,upper,16.8296,168,6
동해,208,1985,100m,12.5821,114,6
동해,208,1985,50m,14.9278,110,6
동해,208,1985,surface,18.2222,55,6
동해,208,1985,upper,17.3821,165,6
동해,208,1986,100m,12.6685,122,6
동해,208,1986,50m,14.6723,108,6
동해,208,1986,surface,17.9774,54,6
동해,208,1986,upper,16.8482,154,6
동해,208,1987,100m,14.8228,118,6
동해,208,1987,50m,16.2785,107,6
동해,208,1987,surface,18.1206,54,6
동해,208,1987,upper,17.6488,158,6
동해,208,1988,100m,14.0461,114,6
동해,208,1988,50m,15.7994,108,6
동해,208,1988,surface,18.7485,54,6
동해,208,1988,upper,17.8059,162,6
동해,208,1989,100m,14.8932,114,6
동해,208,1989,50m,16.4407,108,6
동해,208,1989,surface,18.7233,54,6
동해,208,1989,upper,18.1644,162,6
동해,208,1990,100m,15.3498,113,6
동해,208,1990,50m,17.0064,107,6
동해,208,1990,surface,19.8537,54,6
동해,208,1990,upper,18.6654,162,6
동해,208,1991,100m,14.1683,89,5
동해,208,1991,50m,15.9222,88,5
동해,208,1991,surface,18.7169,45,5
동해,208,1991,upper,17.9756,135,5
동해,208,1992,100m,13.2533,90,5
동해,208,1992,50m,16.0051,90,5
동해,208,1992,surface,19.1902,45,5
동해,208,1992,upper,18.4375,135,5
동해,208,1993,100m,13.8548,101,6
동해,208,1993,50m,15.4214,108,6
동해,208,1993,surface,18.8169,54,6
동해,208,1993,upper,18.0662,162,6
동해,208,1994,100m,12.9697,107,6
동해,208,1994,50m,15.7514,106,6
동해,208,1994,surface,19.5187,54,6
동해,208,1994,upper,18.6183,162,6
동해,208,1995,100m,13.2163,94,5
동해,208,1995,50m,15.4832,90,5
동해,208,1995,surface,19.2900,45,5
동해,208,1995,upper,18.2986,135,5
동해,208,1996,100m,12.5744,104,6
동해,208,1996,50m,14.3938,105,6
동해,208,1996,surface,18.6287,54,6
동해,208,1996,upper,17.2540,162,6
동해,208,1997,100m,12.5393,103,6
동해,208,1997,50m,15.8666,105,6
동해,208,1997,surface,19.0663,54,6
동해,208,1997,upper,18.3881,162,6
동해,208,1998,100m,13.4528,104,6
동해,208,1998,50m,16.0673,108,6
동해,208,1998,surface,19.7387,54,6
동해,208,1998,upper,18.8393,162,6
동해,208,1999,100m,12.6285,34,5
동해,208,1999,50m,14.7132,38,5
동해,208,1999,surface,18.3255,20,5
동해,208,1999,upper,17.3453,60,5
동해,208,2000,100m,8.0123,47,7
동해,208,2000,50m,13.0080,51,7
동해,208,2000,surface,17.8546,28,7
동해,208,2000,upper,16.3870,84,7
동해,208,2001,100m,11.7808,38,6
동해,208,2001,50m,14.9989,44,6
동해,208,2001,surface,19.2079,24,6
동해,208,2001,upper,18.7451,72,6
동해,208,2002,100m,12.4981,37,6
동해,208,2002,50m,15.2391,43,6
동해,208,2002,surface,17.7450,24,6
동해,208,2002,upper,17.0899,72,6
동해,208,2003,100m,12.8018,28,6
동해,208,2003,50m,15.2679,42,6
동해,208,2003,surface,18.4863,24,6
동해,208,2003,upper,17.4481,72,6
동해,208,2004,100m,11.8606,31,6
동해,208,2004,50m,15.0655,42,6
동해,208,2004,surface,19.0704,24,6
동해,208,2004,upper,18.2349,72,6
동해,208,2005,100m,11.2783,36,6
동해,208,2005,50m,14.4652,42,6
동해,208,2005,surface,18.1592,24,6
동해,208,2005,upper,17.2485,72,6
동해,208,2006,100m,12.0814,28,6
동해,208,2006,50m,15.0979,43,6
동해,208,2006,surface,18.3775,24,6
동해,208,2006,upper,17.9293,72,6
동해,208,2007,100m,11.9664,33,6
동해,208,2007,50m,15.4169,42,6
동해,208,2007,surface,19.3125,24,6
동해,208,2007,upper,18.0936,72,6
동해,208,2008,100m,12.1487,23,6
동해,208,2008,50m,14.4729,42,6
동해,208,2008,surface,18.9417,24,6
동해,208,2008,upper,16.9010,72,6
동해,208,2009,100m,12.8266,32,6
동해,208,2009,50m,15.0582,44,6
동해,208,2009,surface,18.5237,24,6
동해,208,2009,upper,17.7481,72,6
동해,208,2010,100m,9.8786,28,6
동해,208,2010,50m,13.5851,37,6
동해,208,2010,surface,19.1100,20,6
동해,208,2010,upper,17.7372,60,6
동해,208,2011,100m,12.2506,32,6
동해,208,2011,50m,14.3956,45,6
동해,208,2011,surface,17.8283,24,6
동해,208,2011,upper,16.9662,72,6
동해,208,2012,100m,13.5433,24,6
동해,208,2012,50m,15.3367,42,6
동해,208,2012,surface,18.8342,24,6
동해,208,2012,upper,18.0036,72,6
동해,208,2013,100m,13.2768,25,5
동해,208,2013,50m,15.4251,35,5
동해,208,2013,surface,17.2975,20,5
동해,208,2013,upper,16.6903,60,5
동해,208,2014,100m,13.1850,30,6
동해,208,2014,50m,15.2448,42,6
동해,208,2014,surface,18.2450,24,6
동해,208,2014,upper,17.6490,72,6
동해,208,2015,100m,12.3063,30,6
동해,208,2015,50m,14.6769,42,7
동해,208,2015,surface,18.1804,24,7
동해,208,2015,upper,17.1546,72,7
동해,208,2016,100m,13.2366,29,6
동해,208,2016,50m,15.2874,42,6
동해,208,2016,surface,19.2396,24,6
동해,208,2016,upper,17.2601,72,6
동해,208,2017,100m,12.7181,32,6
동해,208,2017,50m,15.0776,42,6
동해,208,2017,surface,19.0321,24,6
동해,208,2017,upper,17.4808,72,6
동해,208,2018,100m,12.0423,30,6
동해,208,2018,50m,14.3618,40,6
동해,208,2018,surface,18.2648,23,6
동해,208,2018,upper,17.1384,69,6
동해,208,2019,100m,12.7855,29,5
동해,208,2019,50m,15.5063,35,5
동해,208,2019,surface,20.4685,20,5
동해,208,2019,upper,18.7472,60,5
동해,208,2020,100m,12.1323,35,6
동해,208,2020,50m,15.4793,42,6
동해,208,2020,surface,18.9004,24,6
동해,208,2020,upper,17.7129,72,6
동해,208,2021,100m,12.2506,35,6
동해,208,2021,50m,15.6555,42,6
동해,208,2021,surface,19.6050,24,6
동해,208,2021,upper,18.5972,72,6
동해,208,2022,100m,13.4379,33,6
동해,208,2022,50m,15.3126,42,6
동해,208,2022,surface,19.2500,24,6
동해,208,2022,upper,17.8100,72,6
동해,208,2023,100m,11.4133,33,6
동해,208,2023,50m,15.1902,42,6
동해,208,2023,surface,19.4988,24,6
동해,208,2023,upper,18.5539,72,6
동해,208,2024,100m,12.4735,31,6
동해,208,2024,50m,15.3540,42,6
동해,208,2024,surface,19.8150,24,6
동해,208,2024,upper,18.2324,72,6
동해,208,2025,100m,10.7816,31,6
동해,208,2025,50m,13.8707,42,6
동해,208,2025,surface,18.4013,24,6
동해,208,2025,upper,17.0406,72,6
동해,209,1968,100m,9.2748,104,8
동해,209,1968,200m,2.8019,26,8
동해,209,1968,50m,13.7326,103,8
동해,209,1968,surface,17.9204,54,8
동해,209,1968,upper,16.7210,160,8
동해,209,1969,100m,9.3697,119,8
동해,209,1969,200m,1.9752,25,8
동해,209,1969,50m,13.6857,107,8
동해,209,1969,surface,16.5489,55,8
동해,209,1969,upper,15.7366,168,8
동해,209,1970,100m,10.8947,90,6
동해,209,1970,200m,3.8729,31,6
동해,209,1970,50m,13.8014,74,6
동해,209,1970,surface,17.7621,38,6
동해,209,1970,upper,16.4659,113,6
동해,209,1971,100m,12.0656,120,6
동해,209,1971,200m,7.5924,29,6
동해,209,1971,50m,15.1373,94,6
동해,209,1971,surface,17.4013,47,6
동해,209,1971,upper,16.7333,141,6
동해,209,1972,100m,12.2192,118,6
동해,209,1972,200m,6.2553,30,6
동해,209,1972,50m,14.9299,92,6
동해,209,1972,surface,17.1467,48,6
동해,209,1972,upper,16.9657,144,6
동해,209,1973,100m,12.0641,124,6
동해,209,1973,200m,6.4683,30,6
동해,209,1973,50m,15.5459,97,6
동해,209,1973,surface,17.7802,49,6
동해,209,1973,upper,17.4154,147,6
동해,209,1974,100m,10.1023,124,6
동해,209,1974,200m,4.0578,27,6
동해,209,1974,50m,13.8218,94,6
동해,209,1974,surface,17.5340,48,6
동해,209,1974,upper,16.6892,143,6
동해,209,1975,100m,10.3412,124,6
동해,209,1975,200m,2.5153,30,6
동해,209,1975,50m,14.8826,92,6
동해,209,1975,surface,18.4627,49,6
동해,209,1975,upper,17.3118,144,6
동해,209,1976,100m,12.4474,125,7
동해,209,1976,200m,6.4307,30,7
동해,209,1976,50m,15.1659,96,7
동해,209,1976,surface,17.6052,48,7
동해,209,1976,upper,17.0187,144,7
동해,209,1977,100m,9.9893,135,7
동해,209,1977,200m,4.2847,34,7
동해,209,1977,50m,13.8565,103,7
동해,209,1977,surface,18.0498,52,7
동해,209,1977,upper,16.7997,155,7
동해,209,1978,100m,11.4646,165,8
동해,209,1978,200m,6.2910,40,8
동해,209,1978,50m,14.4263,127,8
동해,209,1978,surface,17.0263,65,8
동해,209,1978,upper,16.3068,195,8
동해,209,1979,100m,12.1892,144,7
동해,209,1979,200m,7.6235,34,7
동해,209,1979,50m,15.2725,110,7
동해,209,1979,surface,17.8018,55,7
동해,209,1979,upper,16.8739,165,7
동해,209,1980,100m,8.8188,126,6
동해,209,1980,200m,2.6603,30,6
동해,209,1980,50m,13.2760,96,6
동해,209,1980,surface,17.0052,48,6
동해,209,1980,upper,16.2149,144,6
동해,209,1981,100m,8.7229,126,6
동해,209,1981,200m,2.4847,30,6
동해,209,1981,50m,12.5064,96,6
동해,209,1981,surface,17.0569,48,6
동해,209,1981,upper,15.3728,144,6
동해,209,1982,100m,9.4682,122,6
동해,209,1982,200m,1.9728,36,6
동해,209,1982,50m,14.2779,99,6
동해,209,1982,surface,18.2912,49,6
동해,209,1982,upper,17.1061,147,6
동해,209,1983,100m,8.7446,144,6
동해,209,1983,200m,1.1582,38,6
동해,209,1983,50m,13.3499,76,6
동해,209,1983,surface,17.8271,49,6
동해,209,1983,upper,16.1925,146,6
동해,209,1984,100m,8.1554,129,6
동해,209,1984,200m,1.8435,31,6
동해,209,1984,50m,12.7690,86,6
동해,209,1984,surface,17.3198,48,6
동해,209,1984,upper,15.1978,144,6
동해,209,1985,100m,8.1832,122,6
동해,209,1985,200m,1.9523,39,6
동해,209,1985,50m,13.6165,98,6
동해,209,1985,surface,17.5067,49,6
동해,209,1985,upper,16.0091,147,6
동해,209,1986,100m,8.8365,127,6
동해,209,1986,200m,2.1242,38,6
동해,209,1986,50m,13.1754,95,6
동해,209,1986,surface,17.4779,48,6
동해,209,1986,upper,15.8764,133,6
동해,209,1987,100m,12.3550,125,6
동해,209,1987,200m,3.1742,31,6
동해,209,1987,50m,15.4912,94,6
동해,209,1987,surface,17.6265,48,6
동해,209,1987,upper,16.9177,143,6
동해,209,1988,100m,10.4913,125,6
동해,209,1988,200m,3.4870,30,6
동해,209,1988,50m,14.3551,96,6
동해,209,1988,surface,18.2127,48,6
동해,209,1988,upper,17.0082,144,6
동해,209,1989,100m,11.6443,126,6
동해,209,1989,200m,3.5627,30,6
동해,209,1989,50m,15.1753,96,6
동해,209,1989,surface,18.2273,48,6
동해,209,1989,upper,17.3755,144,6
동해,209,1990,100m,11.0165,124,6
동해,209,1990,200m,4.0962,29,6
동해,209,1990,50m,14.7091,94,6
동해,209,1990,surface,19.2933,48,6
동해,209,1990,upper,17.5428,144,6
동해,209,1991,100m,11.4785,98,5
동해,209,1991,200m,4.4752,23,5
동해,209,1991,50m,14.9629,76,5
동해,209,1991,surface,18.2432,40,5
동해,209,1991,upper,17.0349,120,5
동해,209,1992,100m,10.7485,99,5
동해,209,1992,200m,3.3868,22,5
동해,209,1992,50m,14.6055,76,5
동해,209,1992,surface,18.4060,40,5
동해,209,1992,upper,16.9858,120,5
동해,209,1993,100m,8.9545,117,6
동해,209,1993,200m,3.7338,26,6
동해,209,1993,50m,13.9281,93,6
동해,209,1993,surface,18.2827,48,6
동해,209,1993,upper,17.1483,144,6
동해,209,1994,100m,8.1798,121,6
동해,209,1994,200m,1.3443,30,6
동해,209,1994,50m,14.8433,93,6
동해,209,1994,surface,19.1321,48,6
동해,209,1994,upper,17.7348,144,6
동해,209,1995,100m,9.7025,101,5
동해,209,1995,200m,1.9716,25,5
동해,209,1995,50m,14.3043,79,5
동해,209,1995,surface,18.8072,40,5
동해,209,1995,upper,17.5044,120,5
동해,209,1996,100m,9.1415,114,6
동해,209,1996,200m,1.5630,30,6
동해,209,1996,50m,13.3077,91,6
동해,209,1996,surface,18.0560,48,6
동해,209,1996,upper,16.3764,144,6
동해,209,1997,100m,9.2422,116,6
동해,209,1997,200m,1.2962,26,6
동해,209,1997,50m,14.7574,97,6
동해,209,1997,surface,18.6183,54,6
동해,209,1997,upper,17.4710,162,6
동해,209,1998,100m,9.3219,110,6
동해,209,1998,200m,1.5574,27,6
동해,209,1998,50m,14.9583,90,6
동해,209,1998,surface,19.0722,49,6
동해,209,1998,upper,18.2565,147,6
동해,209,1999,100m,6.7525,53,5
동해,209,1999,200m,1.2071,17,5
동해,209,1999,50m,13.9636,47,5
동해,209,1999,surface,18.2933,27,5
동해,209,1999,upper,17.0673,81,5
동해,209,2000,100m,6.4505,77,7
동해,209,2000,200m,1.2181,26,7
동해,209,2000,50m,12.2012,67,7
동해,209,2000,surface,17.3646,41,7
동해,209,2000,upper,15.7441,123,7
동해,209,2001,100m,7.4931,64,6
동해,209,2001,200m,0.8286,21,6
동해,209,2001,50m,14.4522,58,6
동해,209,2001,surface,18.9494,36,6
동해,209,2001,upper,18.3077,108,6
동해,209,2002,100m,8.6724,59,6
동해,209,2002,200m,1.5054,13,6
동해,209,2002,50m,14.0909,54,6
동해,209,2002,surface,17.4760,30,6
동해,209,2002,upper,16.7269,87,6
동해,209,2003,100m,6.6532,63,6
동해,209,2003,200m,0.9164,14,6
동해,209,2003,50m,13.3309,55,6
동해,209,2003,surface,17.8903,35,6
동해,209,2003,upper,16.5435,108,6
동해,209,2004,100m,6.9288,65,6
동해,209,2004,200m,1.1912,17,6
동해,209,2004,50m,13.5048,60,6
동해,209,2004,surface,18.5197,36,6
동해,209,2004,upper,17.4836,108,6
동해,209,2005,100m,7.9057,63,6
동해,209,2005,200m,2.0260,15,6
동해,209,2005,50m,12.8281,59,6
동해,209,2005,surface,17.5011,36,6
동해,209,2005,upper,15.9926,108,6
동해,209,2006,100m,7.6122,59,6
동해,209,2006,200m,1.6891,11,5
동해,209,2006,50m,13.9052,54,6
동해,209,2006,surface,17.6109,35,6
동해,209,2006,upper,17.1290,105,6
동해,209,2007,100m,8.2960,62,6
동해,209,2007,200m,1.0980,15,6
동해,209,2007,50m,13.3905,61,6
동해,209,2007,surface,18.5628,36,6
동해,209,2007,upper,17.4041,108,6
동해,209,2008,100m,7.8442,62,6
동해,209,2008,200m,1.1773,11,5
동해,209,2008,50m,13.8162,60,6
동해,209,2008,surface,18.5686,36,6
동해,209,2008,upper,16.8694,108,6
동해,209,2009,100m,7.2889,62,6
동해,209,2009,200m,1.0608,12,6
동해,209,2009,50m,14.0276,55,6
동해,209,2009,surface,18.3150,36,6
동해,209,2009,upper,17.0878,108,6
동해,209,2010,100m,6.5390,52,5
동해,209,2010,200m,1.2692,12,5
동해,209,2010,50m,12.9698,45,5
동해,209,2010,surface,18.9834,29,5
동해,209,2010,upper,16.9839,87,5
동해,209,2011,100m,7.6422,63,6
동해,209,2011,200m,1.5847,17,6
동해,209,2011,50m,13.3264,56,6
동해,209,2011,surface,17.2092,36,6
동해,209,2011,upper,15.4995,108,6
동해,209,2012,100m,8.0050,60,6
동해,209,2012,200m,1.2245,11,6
동해,209,2012,50m,14.0161,51,6
동해,209,2012,surface,18.0975,36,6
동해,209,2012,upper,16.4221,108,6
동해,209,2013,100m,8.2798,51,5
동해,209,2013,200m,1.4010,10,5
동해,209,2013,50m,14.4521,42,5
동해,209,2013,surface,16.6053,30,5
동해,209,2013,upper,15.8836,90,5
동해,209,2014,100m,8.9272,61,6
동해,209,2014,200m,1.3083,12,6
동해,209,2014,50m,14.8029,48,6
동해,209,2014,surface,18.0594,36,6
동해,209,2014,upper,17.0870,108,6
동해,209,2015,100m,9.1487,63,6
동해,209,2015,200m,2.2908,12,6
동해,209,2015,50m,14.2246,48,6
동해,209,2015,surface,17.5861,36,6
동해,209,2015,upper,16.3469,108,6
동해,209,2016,100m,9.1795,61,6
동해,209,2016,200m,1.3238,13,6
동해,209,2016,50m,15.0435,49,6
동해,209,2016,surface,19.1364,36,6
동해,209,2016,upper,17.0571,108,6
동해,209,2017,100m,8.4447,62,6
동해,209,2017,200m,1.4483,12,6
동해,209,2017,50m,14.1624,49,6
동해,209,2017,surface,18.3883,36,6
동해,209,2017,upper,16.1718,108,6
동해,209,2018,100m,7.6371,63,6
동해,209,2018,200m,1.3858,12,6
동해,209,2018,50m,13.6667,52,6
동해,209,2018,surface,17.8597,35,6
동해,209,2018,upper,16.2975,105,6
동해,209,2019,100m,6.5122,54,5
동해,209,2019,200m,1.0182,11,5
동해,209,2019,50m,14.1877,44,5
동해,209,2019,surface,19.9953,30,5
동해,209,2019,upper,17.7193,90,5
동해,209,2020,100m,8.7156,66,6
동해,209,2020,200m,1.2677,13,6
동해,209,2020,50m,14.9033,54,6
동해,209,2020,surface,18.8175,36,6
동해,209,2020,upper,17.4953,108,6
동해,209,2021,100m,7.3362,66,6
동해,209,2021,200m,1.0754,13,6
동해,209,2021,50m,14.6996,53,6
동해,209,2021,surface,19.3456,36,6
동해,209,2021,upper,18.2201,108,6
동해,209,2022,100m,7.8275,60,6
동해,209,2022,200m,1.2036,14,6
동해,209,2022,50m,14.0746,52,6
동해,209,2022,surface,18.6323,35,6
동해,209,2022,upper,16.8984,105,6
동해,209,2023,100m,8.8168,60,6
동해,209,2023,200m,1.6000,15,6
동해,209,2023,50m,14.3274,53,6
동해,209,2023,surface,18.6106,36,6
동해,209,2023,upper,17.4491,108,6
동해,209,2024,100m,7.9547,60,6
동해,209,2024,200m,1.3733,12,6
동해,209,2024,50m,14.1036,53,6
동해,209,2024,surface,19.4308,36,6
동해,209,2024,upper,17.1469,108,6
동해,209,2025,100m,6.9603,62,6
동해,209,2025,200m,1.6950,14,6
동해,209,2025,50m,12.9876,51,6
동해,209,2025,surface,17.6450,36,6
동해,209,2025,upper,16.3114,108,6
서해,306,1968,50m,7.6894,51,7
서해,306,1968,surface,11.6859,56,7
서해,306,1968,upper,10.9424,140,7
서해,306,1969,50m,8.4669,64,7
서해,306,1969,surface,12.8087,67,7
서해,306,1969,upper,10.9605,170,7
서해,306,1970,50m,8.8083,42,6
서해,306,1970,surface,12.9787,47,6
서해,306,1970,upper,11.8408,115,6
서해,306,1971,50m,7.7476,58,6
서해,306,1971,surface,12.1937,54,6
서해,306,1971,upper,10.7213,141,6
서해,306,1972,50m,8.9176,46,5
서해,306,1972,surface,13.6924,45,5
서해,306,1972,upper,12.0624,115,5
서해,306,1973,50m,10.8543,54,6
서해,306,1973,surface,13.5393,54,6
서해,306,1973,upper,12.3551,138,6
서해,306,1974,50m,9.9062,56,6
서해,306,1974,surface,13.2415,55,6
서해,306,1974,upper,12.1571,139,6
서해,306,1975,50m,9.0522,45,5
서해,306,1975,surface,14.0316,45,5
서해,306,1975,upper,12.6525,114,5
서해,306,1976,50m,8.4650,54,6
서해,306,1976,surface,12.2394,54,6
서해,306,1976,upper,11.2536,138,6
서해,307,1968,50m,8.6049,73,7
서해,307,1968,surface,12.5754,52,7
서해,307,1968,upper,11.0263,147,7
서해,307,1969,50m,9.3495,64,6
서해,307,1969,surface,13.7941,46,6
서해,307,1969,upper,11.5925,131,6
서해,307,1970,50m,8.6275,55,6
서해,307,1970,surface,12.6674,42,6
서해,307,1970,upper,11.2626,118,6
서해,307,1971,50m,8.0064,72,6
서해,307,1971,surface,12.7044,50,6
서해,307,1971,upper,10.8041,139,6
서해,307,1972,50m,8.4535,52,5
서해,307,1972,surface,13.7370,40,5
서해,307,1972,upper,12.1628,117,5
서해,307,1973,50m,10.9119,62,6
서해,307,1973,surface,14.2098,48,6
서해,307,1973,upper,12.8011,142,6
서해,307,1974,50m,9.4400,64,6
서해,307,1974,surface,13.4194,48,6
서해,307,1974,upper,11.8345,139,6
서해,307,1975,50m,8.8467,57,5
서해,307,1975,surface,14.7530,40,5
서해,307,1975,upper,12.9604,112,5
서해,307,1976,50m,9.6705,65,6
서해,307,1976,surface,12.8452,48,6
서해,307,1976,upper,12.0088,138,6
서해,307,1977,50m,7.9077,64,6
서해,307,1977,surface,13.0454,48,6
서해,307,1977,upper,11.2687,139,6
서해,307,1978,50m,8.0003,78,7
서해,307,1978,surface,12.6346,57,7
서해,307,1978,upper,11.2564,164,7
서해,307,1979,50m,9.2610,70,6
서해,307,1979,surface,14.1751,49,6
서해,307,1979,upper,12.1546,139,6
서해,307,1980,50m,8.4068,68,6
서해,307,1980,surface,12.7210,48,6
서해,307,1980,upper,10.8097,136,6
서해,307,1981,50m,7.8649,67,6
서해,307,1981,surface,12.9867,48,6
서해,307,1981,upper,10.4677,137,6
서해,307,1982,50m,8.4347,70,6
서해,307,1982,surface,14.6356,48,6
서해,307,1982,upper,12.4471,135,6
서해,307,1983,50m,10.2480,71,6
서해,307,1983,surface,14.9102,48,6
서해,307,1983,upper,12.7478,133,6
서해,307,1984,50m,7.5875,71,6
서해,307,1984,surface,13.8590,48,6
서해,307,1984,upper,11.3771,132,6
서해,307,1985,50m,7.8739,72,6
서해,307,1985,surface,13.1606,48,6
서해,307,1985,upper,10.9595,132,6
서해,307,1986,50m,7.0429,63,6
서해,307,1986,surface,13.1567,48,6
서해,307,1986,upper,10.9892,139,6
서해,307,1987,50m,7.9243,65,6
서해,307,1987,surface,12.7308,48,6
서해,307,1987,upper,10.8341,144,6
서해,307,1988,50m,8.2353,66,6
서해,307,1988,surface,13.1422,49,6
서해,307,1988,upper,11.0938,143,6
서해,307,1989,50m,9.0640,52,5
서해,307,1989,surface,14.4563,40,5
서해,307,1989,upper,12.8840,118,5
서해,307,1990,50m,9.1738,48,5
서해,307,1990,surface,14.4243,40,5
서해,307,1990,upper,12.7467,120,5
서해,307,1991,50m,8.5830,46,5
서해,307,1991,surface,14.1922,40,5
서해,307,1991,upper,12.2936,119,5
서해,307,1992,50m,9.4302,46,5
서해,307,1992,surface,14.9195,40,5
서해,307,1992,upper,12.8434,120,5
서해,307,1993,50m,8.9415,59,6
서해,307,1993,surface,13.1629,48,6
서해,307,1993,upper,11.9260,144,6
서해,307,1994,50m,9.5805,59,6
서해,307,1994,surface,13.8163,48,6
서해,307,1994,upper,12.6254,144,6
서해,307,1995,50m,8.6771,58,6
서해,307,1995,surface,13.8385,47,6
서해,307,1995,upper,11.9026,141,6
서해,307,1996,50m,8.0711,63,6
서해,307,1996,surface,13.7482,45,6
서해,307,1996,upper,10.9616,143,6
서해,307,1997,50m,7.8963,46,5
서해,307,1997,surface,13.8583,48,6
서해,307,1997,upper,12.2286,117,5
서해,307,1998,50m,9.0430,60,6
서해,307,1998,surface,14.3654,48,6
서해,307,1998,upper,12.3780,143,6
서해,307,1999,50m,9.2876,58,6
서해,307,1999,surface,13.7540,47,6
서해,307,1999,upper,11.5562,139,6
서해,307,2000,50m,8.4942,64,6
서해,307,2000,surface,14.4527,48,6
서해,307,2000,upper,11.8324,144,6
서해,307,2001,50m,8.0565,54,6
서해,307,2001,surface,13.9015,48,6
서해,307,2001,upper,10.9594,144,6
서해,307,2002,50m,8.6369,55,6
서해,307,2002,surface,13.7198,48,6
서해,307,2002,upper,11.4061,141,6
서해,307,2003,50m,7.4914,51,6
서해,307,2003,surface,12.7994,47,6
서해,307,2003,upper,10.7001,139,6
서해,307,2004,50m,8.5326,54,6
서해,307,2004,surface,14.4155,47,6
서해,307,2004,upper,11.6809,141,6
서해,307,2005,50m,7.7340,62,6
서해,307,2005,surface,13.3678,46,6
서해,307,2005,upper,10.9679,138,6
서해,307,2006,50m,8.3348,61,7
서해,307,2006,surface,14.0118,50,7
서해,307,2006,upper,11.6827,148,7
서해,307,2007,50m,9.7317,59,6
서해,307,2007,surface,14.7798,48,6
서해,307,2007,upper,12.7950,143,6
서해,307,2008,50m,9.0070,63,6
서해,307,2008,surface,14.4367,48,6
서해,307,2008,upper,12.3376,144,6
서해,307,2009,50m,9.4644,55,5
서해,307,2009,surface,15.7107,40,5
서해,307,2009,upper,13.4185,119,5
서해,307,2010,50m,8.2513,68,7
서해,307,2010,surface,13.3467,49,7
서해,307,2010,upper,11.1095,147,7
서해,307,2011,50m,8.5035,66,6
서해,307,2011,surface,13.5817,48,6
서해,307,2011,upper,12.1217,144,6
서해,307,2012,50m,8.3573,60,6
서해,307,2012,surface,14.2579,48,6
서해,307,2012,upper,11.8849,142,6
서해,307,2013,50m,7.7762,66,6
서해,307,2013,surface,13.9565,48,6
서해,307,2013,upper,11.2255,144,6
서해,307,2014,50m,8.5103,59,6
서해,307,2014,surface,13.9748,48,6
서해,307,2014,upper,11.7231,140,6
서해,307,2015,50m,9.0975,76,6
서해,307,2015,surface,14.7654,48,6
서해,307,2015,upper,12.8590,144,6
서해,307,2016,50m,8.6500,67,6
서해,307,2016,surface,14.9002,48,6
서해,307,2016,upper,12.3380,144,6
서해,307,2017,50m,8.4193,70,6
서해,307,2017,surface,13.8583,48,6
서해,307,2017,upper,11.8111,144,6
서해,307,2018,50m,8.2643,47,6
서해,307,2018,surface,14.6485,48,6
서해,307,2018,upper,12.2891,141,6
서해,307,2019,50m,8.6844,50,6
서해,307,2019,surface,14.1554,48,6
서해,307,2019,upper,12.5208,142,6
서해,307,2020,50m,10.0711,56,6
서해,307,2020,surface,14.2167,48,6
서해,307,2020,upper,13.2887,140,6
서해,307,2021,50m,9.9610,52,7
서해,307,2021,surface,14.9131,48,7
서해,307,2021,upper,12.8729,142,7
서해,307,2022,50m,9.1744,57,6
서해,307,2022,surface,14.4440,48,6
서해,307,2022,upper,12.5046,141,6
서해,307,2023,50m,9.2597,59,6
서해,307,2023,surface,14.7890,48,6
서해,307,2023,upper,12.6290,142,6
서해,307,2024,50m,9.9768,53,6
서해,307,2024,surface,15.4767,48,6
서해,307,2024,upper,13.3728,138,6
서해,307,2025,50m,8.8121,53,6
서해,307,2025,surface,15.1081,48,6
서해,307,2025,upper,12.3078,139,6
서해,308,1968,50m,7.5003,71,6
서해,308,1968,surface,13.1795,65,6
서해,308,1968,upper,10.9241,185,6
서해,308,1969,100m,8.2543,7,4
서해,308,1969,50m,8.5234,65,6
서해,308,1969,surface,13.9729,59,6
서해,308,1969,upper,11.9757,171,6
서해,308,1970,100m,6.6288,8,4
서해,308,1970,50m,6.9731,59,6
서해,308,1970,surface,13.7091,54,6
서해,308,1970,upper,11.2027,154,6
서해,308,1971,100m,6.6991,11,6
서해,308,1971,50m,8.2860,62,6
서해,308,1971,surface,13.5872,61,6
서해,308,1971,upper,11.6606,176,6
서해,308,1972,100m,8.1080,5,5
서해,308,1972,50m,9.9500,56,5
서해,308,1972,surface,14.2740,50,5
서해,308,1972,upper,12.6651,143,5
서해,308,1973,50m,9.6599,68,6
서해,308,1973,surface,14.7525,60,6
서해,308,1973,upper,13.2266,174,6
서해,308,1974,100m,8.5018,11,6
서해,308,1974,50m,9.4313,61,6
서해,308,1974,surface,14.1608,60,6
서해,308,1974,upper,12.6554,171,6
서해,308,1975,100m,7.3930,10,5
서해,308,1975,50m,8.4880,50,5
서해,308,1975,surface,15.0266,50,5
서해,308,1975,upper,12.4938,145,5
서해,308,1976,100m,7.3557,7,6
서해,308,1976,50m,9.0658,66,6
서해,308,1976,surface,14.0470,61,6
서해,308,1976,upper,12.3030,176,6
서해,308,1977,100m,7.3900,7,6
서해,308,1977,50m,7.9773,66,6
서해,308,1977,surface,13.8340,60,6
서해,308,1977,upper,11.5550,171,6
서해,308,1978,100m,7.1225,8,6
서해,308,1978,50m,7.6973,78,7
서해,308,1978,surface,13.2947,70,7
서해,308,1978,upper,11.6053,202,7
서해,308,1979,100m,8.6888,8,6
서해,308,1979,50m,9.7376,66,6
서해,308,1979,surface,14.9780,61,6
서해,308,1979,upper,13.0777,177,6
서해,308,1980,100m,8.2487,8,6
서해,308,1980,50m,8.6755,64,6
서해,308,1980,surface,13.0867,60,6
서해,308,1980,upper,11.3633,174,6
서해,308,1981,100m,7.3391,11,6
서해,308,1981,50m,7.9830,61,6
서해,308,1981,surface,13.2810,60,6
서해,308,1981,upper,11.0797,174,6
서해,308,1982,100m,7.1600,8,6
서해,308,1982,50m,8.9641,64,6
서해,308,1982,surface,14.7803,59,6
서해,308,1982,upper,12.3763,172,6
서해,308,1983,100m,7.9591,11,6
서해,308,1983,50m,9.3864,61,6
서해,308,1983,surface,15.2210,60,6
서해,308,1983,upper,12.9355,174,6
서해,308,1984,100m,6.2431,13,6
서해,308,1984,50m,6.9765,63,6
서해,308,1984,surface,14.6159,63,6
서해,308,1984,upper,11.7321,182,6
서해,308,1985,100m,6.9655,11,6
서해,308,1985,50m,7.4748,61,6
서해,308,1985,surface,13.6042,60,6
서해,308,1985,upper,11.6968,174,6
서해,308,1986,50m,7.5203,68,6
서해,308,1986,surface,13.9890,60,6
서해,308,1986,upper,11.5843,175,6
서해,308,1987,50m,7.9317,77,6
서해,308,1987,surface,13.5370,60,6
서해,308,1987,upper,10.9570,174,6
서해,308,1988,50m,7.5836,75,6
서해,308,1988,surface,13.6788,60,6
서해,308,1988,upper,10.9485,174,6
서해,308,1989,50m,8.5637,60,5
서해,308,1989,surface,14.8284,50,5
서해,308,1989,upper,12.9740,145,5
서해,308,1990,50m,8.8130,60,5
서해,308,1990,surface,15.2280,50,5
서해,308,1990,upper,13.0324,144,5
서해,308,1991,50m,8.7075,61,5
서해,308,1991,surface,14.8446,50,5
서해,308,1991,upper,12.3594,145,5
서해,308,1992,50m,10.4198,62,5
서해,308,1992,surface,15.5652,50,5
서해,308,1992,upper,13.1710,145,5
서해,308,1993,50m,9.2633,73,6
서해,308,1993,surface,13.8805,60,6
서해,308,1993,upper,12.2693,174,6
서해,308,1994,50m,8.9700,72,6
서해,308,1994,surface,14.2643,60,6
서해,308,1994,upper,12.7078,174,6
서해,308,1995,50m,8.4676,72,6
서해,308,1995,surface,14.3222,60,6
서해,308,1995,upper,12.1609,174,6
서해,308,1996,50m,7.7492,74,6
서해,308,1996,surface,14.3488,58,6
서해,308,1996,upper,11.0974,172,6
서해,308,1997,50m,7.5027,62,5
서해,308,1997,surface,14.6393,60,6
서해,308,1997,upper,12.2699,141,5
서해,308,1998,50m,8.9775,68,6
서해,308,1998,surface,15.1285,60,6
서해,308,1998,upper,13.3172,166,6
서해,308,1999,50m,8.8650,54,5
서해,308,1999,surface,15.1982,49,5
서해,308,1999,upper,12.6182,138,5
서해,308,2000,50m,7.8648,79,6
서해,308,2000,surface,14.9408,60,6
서해,308,2000,upper,12.3262,172,6
서해,308,2001,50m,7.8040,67,6
서해,308,2001,surface,14.5827,59,6
서해,308,2001,upper,11.5346,166,6
서해,308,2002,50m,8.4265,60,6
서해,308,2002,surface,14.3463,59,6
서해,308,2002,upper,12.0840,167,6
서해,308,2003,50m,7.4730,56,6
서해,308,2003,surface,14.2224,59,6
서해,308,2003,upper,11.7443,162,6
서해,308,2004,50m,8.0550,66,6
서해,308,2004,surface,15.1550,60,6
서해,308,2004,upper,12.3165,170,6
서해,308,2005,50m,7.7282,84,6
서해,308,2005,surface,14.0700,60,6
서해,308,2005,upper,11.4821,174,6
서해,308,2006,50m,8.3709,82,6
서해,308,2006,surface,15.1328,60,6
서해,308,2006,upper,12.4599,171,6
서해,308,2007,50m,9.7027,81,6
서해,308,2007,surface,15.5270,60,6
서해,308,2007,upper,13.3680,174,6
서해,308,2008,50m,8.5920,85,6
서해,308,2008,surface,14.9067,61,6
서해,308,2008,upper,12.7265,176,6
서해,308,2009,50m,8.5323,69,5
서해,308,2009,surface,16.3184,50,5
서해,308,2009,upper,13.8892,145,5
서해,308,2010,100m,7.5033,9,4
서해,308,2010,50m,7.8699,86,7
서해,308,2010,surface,13.6177,64,7
서해,308,2010,upper,11.5815,185,7
서해,308,2011,100m,9.2267,6,4
서해,308,2011,50m,9.0391,81,6
서해,308,2011,surface,14.0828,60,6
서해,308,2011,upper,12.4040,171,6
서해,308,2012,100m,7.7157,7,5
서해,308,2012,50m,8.0149,83,6
서해,308,2012,surface,14.7755,60,6
서해,308,2012,upper,12.4392,174,6
서해,308,2013,100m,6.6133,12,5
서해,308,2013,50m,7.4180,84,6
서해,308,2013,surface,14.7200,60,6
서해,308,2013,upper,11.5557,174,6
서해,308,2014,50m,8.4033,63,6
서해,308,2014,surface,14.5898,60,6
서해,308,2014,upper,12.6007,166,6
서해,308,2015,100m,7.5054,13,5
서해,308,2015,50m,9.2380,85,6
서해,308,2015,surface,15.2585,60,6
서해,308,2015,upper,13.0903,175,6
서해,308,2016,100m,7.7514,7,5
서해,308,2016,50m,8.4745,85,6
서해,308,2016,surface,15.4370,60,6
서해,308,2016,upper,12.7726,174,6
서해,308,2017,100m,7.0758,12,6
서해,308,2017,50m,7.7749,87,6
서해,308,2017,surface,14.4042,60,6
서해,308,2017,upper,12.2741,174,6
서해,308,2018,50m,7.4007,58,6
서해,308,2018,surface,15.4660,60,6
서해,308,2018,upper,12.9220,163,6
서해,308,2019,50m,8.7489,64,6
서해,308,2019,surface,14.7357,60,6
서해,308,2019,upper,13.0165,167,6
서해,308,2020,50m,9.6802,62,6
서해,308,2020,surface,14.8012,60,6
서해,308,2020,upper,13.5964,171,6
서해,308,2021,50m,9.0051,63,6
서해,308,2021,surface,15.7038,60,6
서해,308,2021,upper,13.6619,170,6
서해,308,2022,50m,8.3855,65,6
서해,308,2022,surface,14.8728,60,6
서해,308,2022,upper,12.9164,171,6
서해,308,2023,50m,8.8111,66,6
서해,308,2023,surface,15.3405,60,6
서해,308,2023,upper,13.0072,172,6
서해,308,2024,50m,9.6265,66,6
서해,308,2024,surface,16.6068,60,6
서해,308,2024,upper,13.8729,168,6
서해,308,2025,50m,7.7790,61,6
서해,308,2025,surface,15.8253,60,6
서해,308,2025,upper,12.9363,164,6
서해,309,1968,100m,5.8525,8,6
서해,309,1968,50m,7.9396,95,7
서해,309,1968,surface,14.1886,66,7
서해,309,1968,upper,11.4910,196,7
서해,309,1969,50m,9.2873,79,6
서해,309,1969,surface,13.6446,57,6
서해,309,1969,upper,11.7434,168,6
서해,309,1970,100m,6.0864,11,5
서해,309,1970,50m,7.7933,83,7
서해,309,1970,surface,12.5552,62,7
서해,309,1970,upper,10.7723,183,7
서해,309,1971,100m,6.8544,16,6
서해,309,1971,50m,8.6967,82,6
서해,309,1971,surface,13.7982,60,6
서해,309,1971,upper,11.5714,179,6
서해,309,1972,100m,8.4477,13,5
서해,309,1972,50m,10.3373,66,5
서해,309,1972,surface,14.6744,50,5
서해,309,1972,upper,12.7842,150,5
서해,309,1973,100m,9.2937,8,4
서해,309,1973,50m,9.8748,86,6
서해,309,1973,surface,15.0077,60,6
서해,309,1973,upper,13.0981,180,6
서해,309,1974,100m,9.3077,13,6
서해,309,1974,50m,10.6851,82,6
서해,309,1974,surface,14.4713,60,6
서해,309,1974,upper,12.8636,180,6
서해,309,1975,100m,7.5353,15,5
서해,309,1975,50m,9.1846,65,5
서해,309,1975,surface,15.5557,51,5
서해,309,1975,upper,13.3364,153,5
서해,309,1976,100m,8.0450,16,6
서해,309,1976,50m,10.0666,79,6
서해,309,1976,surface,14.2112,60,6
서해,309,1976,upper,12.7628,182,6
서해,309,1977,100m,6.5236,11,6
서해,309,1977,50m,8.3879,85,6
서해,309,1977,surface,14.4183,60,6
서해,309,1977,upper,12.0789,179,6
서해,309,1978,100m,7.2106,16,7
서해,309,1978,50m,8.8093,102,8
서해,309,1978,surface,13.6968,77,8
서해,309,1978,upper,12.2397,229,8
서해,309,1979,100m,9.2507,14,6
서해,309,1979,50m,10.9824,82,6
서해,309,1979,surface,15.0887,60,6
서해,309,1979,upper,13.3444,180,6
서해,309,1980,100m,9.2885,13,6
서해,309,1980,50m,9.3798,83,6
서해,309,1980,surface,13.2498,60,6
서해,309,1980,upper,11.5349,180,6
서해,309,1981,100m,7.6463,16,6
서해,309,1981,50m,9.1060,80,6
서해,309,1981,surface,13.9612,60,6
서해,309,1981,upper,11.5578,180,6
서해,309,1982,100m,7.8780,15,6
서해,309,1982,50m,9.6340,80,6
서해,309,1982,surface,15.2291,58,6
서해,309,1982,upper,12.8856,174,6
서해,309,1983,100m,7.6047,17,6
서해,309,1983,50m,9.1497,79,6
서해,309,1983,surface,15.1840,60,6
서해,309,1983,upper,12.6629,180,6
서해,309,1984,100m,6.0117,18,6
서해,309,1984,50m,7.6374,78,6
서해,309,1984,surface,14.7417,60,6
서해,309,1984,upper,12.1762,180,6
서해,309,1985,100m,6.6194,18,6
서해,309,1985,50m,7.9309,78,6
서해,309,1985,surface,13.9228,60,6
서해,309,1985,upper,11.8512,180,6
서해,309,1986,50m,7.7593,87,7
서해,309,1986,surface,14.4782,61,7
서해,309,1986,upper,11.9175,183,7
서해,309,1987,50m,8.3964,90,6
서해,309,1987,surface,13.8387,62,6
서해,309,1987,upper,11.5093,186,6
서해,309,1988,50m,8.3422,90,6
서해,309,1988,surface,14.1705,60,6
서해,309,1988,upper,11.7777,180,6
서해,309,1989,50m,9.4990,73,5
서해,309,1989,surface,15.8571,51,5
서해,309,1989,upper,13.6033,153,5
서해,309,1990,50m,9.4393,71,5
서해,309,1990,surface,16.0786,50,5
서해,309,1990,upper,13.8207,150,5
서해,309,1991,50m,9.0649,70,5
서해,309,1991,surface,15.5866,50,5
서해,309,1991,upper,12.7892,150,5
서해,309,1992,100m,9.4950,4,4
서해,309,1992,50m,10.5071,68,5
서해,309,1992,surface,16.2376,49,5
서해,309,1992,upper,13.8951,147,5
서해,309,1993,100m,8.9025,4,4
서해,309,1993,50m,10.0873,84,6
서해,309,1993,surface,14.4540,60,6
서해,309,1993,upper,12.9202,180,6
서해,309,1994,100m,7.4833,6,6
서해,309,1994,50m,9.0842,85,6
서해,309,1994,surface,14.6763,60,6
서해,309,1994,upper,13.1132,180,6
서해,309,1995,50m,8.6444,81,6
서해,309,1995,surface,15.0293,60,6
서해,309,1995,upper,12.8751,178,6
서해,309,1996,100m,7.6771,7,5
서해,309,1996,50m,8.1543,83,6
서해,309,1996,surface,14.9002,59,6
서해,309,1996,upper,11.9546,173,6
서해,309,1997,50m,8.9134,71,5
서해,309,1997,surface,15.1503,60,6
서해,309,1997,upper,13.0001,147,5
서해,309,1998,50m,9.2636,89,7
서해,309,1998,surface,15.8600,72,7
서해,309,1998,upper,11.9972,211,7
서해,309,1999,50m,9.0740,82,6
서해,309,1999,surface,14.8275,60,6
서해,309,1999,upper,12.3453,173,6
서해,309,2000,50m,8.4598,84,6
서해,309,2000,surface,15.5107,60,6
서해,309,2000,upper,12.5910,174,6
서해,309,2001,50m,8.2605,79,6
서해,309,2001,surface,15.1568,60,6
서해,309,2001,upper,12.5109,175,6
서해,309,2002,50m,8.6070,77,6
서해,309,2002,surface,14.8845,60,6
서해,309,2002,upper,12.2648,174,6
서해,309,2003,50m,8.2882,73,6
서해,309,2003,surface,14.1203,59,6
서해,309,2003,upper,11.8157,173,6
서해,309,2004,100m,7.6160,5,5
서해,309,2004,50m,8.3989,81,6
서해,309,2004,surface,15.8723,60,6
서해,309,2004,upper,12.7472,174,6
서해,309,2005,100m,7.7540,10,5
서해,309,2005,50m,8.4534,91,6
서해,309,2005,surface,14.4967,60,6
서해,309,2005,upper,12.3102,174,6
서해,309,2006,100m,7.8529,7,5
서해,309,2006,50m,8.8575,85,6
서해,309,2006,surface,15.5166,59,6
서해,309,2006,upper,12.7345,171,6
서해,309,2007,50m,9.5722,85,6
서해,309,2007,surface,16.0902,60,6
서해,309,2007,upper,13.8186,174,6
서해,309,2008,100m,7.5517,12,5
서해,309,2008,50m,8.6440,82,6
서해,309,2008,surface,15.8225,59,6
서해,309,2008,upper,13.3997,173,6
서해,309,2009,100m,7.3731,13,4
서해,309,2009,50m,8.6536,74,5
서해,309,2009,surface,16.4062,50,6
서해,309,2009,upper,14.1511,145,6
서해,309,2010,100m,7.4404,23,6
서해,309,2010,50m,8.6173,101,7
서해,309,2010,surface,14.5325,64,7
서해,309,2010,upper,12.0545,192,7
서해,309,2011,100m,8.2989,18,6
서해,309,2011,50m,9.0901,95,6
서해,309,2011,surface,14.3705,60,6
서해,309,2011,upper,12.2721,175,6
서해,309,2012,100m,7.5933,18,6
서해,309,2012,50m,8.7291,98,6
서해,309,2012,surface,15.3758,60,6
서해,309,2012,upper,12.8712,176,6
서해,309,2013,100m,7.1640,20,6
서해,309,2013,50m,7.9478,95,6
서해,309,2013,surface,15.3847,59,6
서해,309,2013,upper,12.2076,174,6
서해,309,2014,50m,9.6321,77,6
서해,309,2014,surface,14.8667,60,6
서해,309,2014,upper,12.9238,174,6
서해,309,2015,100m,7.9257,21,6
서해,309,2015,50m,9.5123,98,6
서해,309,2015,surface,15.4212,60,6
서해,309,2015,upper,13.4087,178,6
서해,309,2016,100m,7.1142,19,6
서해,309,2016,50m,8.9031,98,6
서해,309,2016,surface,16.0573,60,6
서해,309,2016,upper,13.1825,175,6
서해,309,2017,100m,7.4289,18,6
서해,309,2017,50m,8.5651,98,6
서해,309,2017,surface,14.4552,60,6
서해,309,2017,upper,12.5153,179,6
서해,309,2018,50m,8.1169,72,6
서해,309,2018,surface,15.8253,60,6
서해,309,2018,upper,13.2093,175,6
서해,309,2019,50m,8.9030,74,6
서해,309,2019,surface,15.1020,60,6
서해,309,2019,upper,13.4756,173,6
서해,309,2020,50m,10.1303,77,6
서해,309,2020,surface,15.0323,60,6
서해,309,2020,upper,13.7116,175,6
서해,309,2021,50m,9.7143,76,6
서해,309,2021,surface,16.2303,60,6
서해,309,2021,upper,14.0355,174,6
서해,309,2022,50m,9.1283,75,6
서해,309,2022,surface,15.3652,60,6
서해,309,2022,upper,13.3202,176,6
서해,309,2023,50m,9.5415,75,6
서해,309,2023,surface,16.0852,60,6
서해,309,2023,upper,13.4871,174,6
서해,309,2024,50m,10.4163,70,6
서해,309,2024,surface,17.0073,59,6
서해,309,2024,upper,14.2882,173,6
서해,309,2025,50m,8.9401,72,6
서해,309,2025,surface,15.7865,60,6
서해,309,2025,upper,12.9715,174,6
서해,310,1968,100m,7.4461,18,6
서해,310,1968,50m,8.7469,78,6
서해,310,1968,surface,14.9931,51,6
서해,310,1968,upper,12.2101,147,6
서해,310,1969,100m,7.1033,21,6
서해,310,1969,50m,8.5076,74,6
서해,310,1969,surface,13.7713,48,6
서해,310,1969,upper,12.1780,143,6
서해,310,1970,100m,6.8720,20,7
서해,310,1970,50m,7.6568,72,7
서해,310,1970,surface,12.7679,47,7
서해,310,1970,upper,11.2600,139,7
서해,310,1971,100m,7.9083,24,6
서해,310,1971,50m,8.6623,74,6
서해,310,1971,surface,14.2454,48,6
서해,310,1971,upper,12.3317,144,6
서해,310,1972,100m,8.3588,16,5
서해,310,1972,50m,9.8135,63,5
서해,310,1972,surface,15.4118,40,5
서해,310,1972,upper,13.5522,118,5
서해,310,1973,100m,9.4533,21,6
서해,310,1973,50m,10.7340,80,6
서해,310,1973,surface,15.3771,49,6
서해,310,1973,upper,13.6322,145,6
서해,310,1974,100m,8.7657,23,6
서해,310,1974,50m,9.9127,73,6
서해,310,1974,surface,14.7129,48,6
서해,310,1974,upper,12.4931,143,6
서해,310,1975,100m,8.0565,20,5
서해,310,1975,50m,9.2128,60,5
서해,310,1975,surface,16.2785,40,5
서해,310,1975,upper,13.6022,120,5
서해,310,1976,100m,8.8747,19,6
서해,310,1976,50m,9.9527,79,6
서해,310,1976,surface,14.6571,49,6
서해,310,1976,upper,13.0510,146,6
서해,310,1977,100m,7.2433,21,6
서해,310,1977,50m,8.6763,75,6
서해,310,1977,surface,15.1412,48,6
서해,310,1977,upper,12.7185,144,6
서해,310,1978,100m,8.4231,26,8
서해,310,1978,50m,9.2948,97,8
서해,310,1978,surface,14.5031,62,8
서해,310,1978,upper,12.4422,186,8
서해,310,1979,100m,10.5771,24,6
서해,310,1979,50m,11.3332,72,6
서해,310,1979,surface,15.5565,48,6
서해,310,1979,upper,13.4599,144,6
서해,310,1980,100m,8.9117,23,6
서해,310,1980,50m,9.4108,73,6
서해,310,1980,surface,13.7942,48,6
서해,310,1980,upper,11.4650,144,6
서해,310,1981,100m,7.3235,23,6
서해,310,1981,50m,8.3689,73,6
서해,310,1981,surface,14.3446,48,6
서해,310,1981,upper,11.8184,144,6
서해,310,1982,100m,8.0483,24,6
서해,310,1982,50m,8.9984,75,6
서해,310,1982,surface,14.9931,49,6
서해,310,1982,upper,12.5272,147,6
서해,310,1983,100m,8.1130,23,6
서해,310,1983,50m,8.8008,75,6
서해,310,1983,surface,15.1771,49,6
서해,310,1983,upper,12.6227,147,6
서해,310,1984,100m,6.5646,24,6
서해,310,1984,50m,7.5500,72,6
서해,310,1984,surface,14.9417,48,6
서해,310,1984,upper,12.2976,144,6
서해,310,1985,100m,7.0325,24,6
서해,310,1985,50m,7.7042,73,6
서해,310,1985,surface,14.2967,48,6
서해,310,1985,upper,12.2676,144,6
서해,310,1986,100m,6.7000,22,6
서해,310,1986,50m,7.7749,73,6
서해,310,1986,surface,15.0794,48,6
서해,310,1986,upper,11.9192,144,6
서해,310,1987,100m,8.5892,24,6
서해,310,1987,50m,9.7745,74,6
서해,310,1987,surface,14.7535,48,6
서해,310,1987,upper,12.7947,144,6
서해,310,1988,100m,7.6683,24,6
서해,310,1988,50m,8.5501,76,6
서해,310,1988,surface,14.6606,48,6
서해,310,1988,upper,12.4272,144,6
서해,310,1989,100m,8.1840,20,5
서해,310,1989,50m,8.9695,62,5
서해,310,1989,surface,15.7778,40,5
서해,310,1989,upper,13.7210,119,5
서해,310,1990,100m,8.0260,20,5
서해,310,1990,50m,8.7917,63,5
서해,310,1990,surface,15.9952,40,5
서해,310,1990,upper,12.9714,120,5
서해,310,1991,100m,9.9760,20,5
서해,310,1991,50m,10.4647,62,5
서해,310,1991,surface,15.7095,40,5
서해,310,1991,upper,13.0991,120,5
서해,310,1992,100m,9.0410,20,5
서해,310,1992,50m,9.9472,65,5
서해,310,1992,surface,16.7377,40,5
서해,310,1992,upper,14.5756,120,5
서해,310,1993,100m,9.1839,23,6
서해,310,1993,50m,10.4177,77,6
서해,310,1993,surface,14.7929,48,6
서해,310,1993,upper,13.4049,144,6
서해,310,1994,100m,8.2713,23,6
서해,310,1994,50m,9.3115,78,6
서해,310,1994,surface,15.5300,48,6
서해,310,1994,upper,13.4187,144,6
서해,310,1995,100m,8.9087,24,6
서해,310,1995,50m,9.5624,79,6
서해,310,1995,surface,15.4073,48,6
서해,310,1995,upper,13.6427,144,6
서해,310,1996,100m,8.4958,12,4
서해,310,1996,50m,8.7742,83,6
서해,310,1996,surface,15.1487,48,6
서해,310,1996,upper,12.3223,140,6
서해,310,1997,100m,7.9382,17,4
서해,310,1997,50m,8.8435,68,5
서해,310,1997,surface,15.6860,48,6
서해,310,1997,upper,13.7405,116,5
서해,310,1998,50m,8.8972,80,6
서해,310,1998,surface,15.4676,50,6
서해,310,1998,upper,12.8751,144,6
서해,310,1999,50m,8.9062,60,5
서해,310,1999,surface,16.4776,38,5
서해,310,1999,upper,14.0862,109,5
서해,310,2000,50m,8.2767,82,6
서해,310,2000,surface,15.8600,48,6
서해,310,2000,upper,12.8391,138,6
서해,310,2001,50m,8.2418,79,6
서해,310,2001,surface,15.5015,48,6
서해,310,2001,upper,12.8031,137,6
서해,310,2002,50m,8.5769,77,6
서해,310,2002,surface,15.0392,48,6
서해,310,2002,upper,12.7663,138,6
서해,310,2003,50m,8.1451,73,6
서해,310,2003,surface,14.6921,48,6
서해,310,2003,upper,12.1123,138,6
서해,310,2004,50m,8.8683,78,6
서해,310,2004,surface,16.0081,48,6
서해,310,2004,upper,12.7250,137,6
서해,310,2005,100m,8.6729,17,5
서해,310,2005,50m,9.2624,84,6
서해,310,2005,surface,15.0650,48,6
서해,310,2005,upper,12.8635,141,6
서해,310,2006,100m,8.1113,8,4
서해,310,2006,50m,8.8360,83,6
서해,310,2006,surface,15.7290,48,6
서해,310,2006,upper,13.2286,138,6
서해,310,2007,100m,8.4717,12,4
서해,310,2007,50m,9.5926,84,6
서해,310,2007,surface,16.3517,48,6
서해,310,2007,upper,14.2802,138,6
서해,310,2008,100m,8.3800,20,5
서해,310,2008,50m,9.1370,83,6
서해,310,2008,surface,16.1852,48,6
서해,310,2008,upper,13.6465,139,6
서해,310,2009,100m,7.6957,14,4
서해,310,2009,50m,8.6127,70,6
서해,310,2009,surface,16.9215,40,6
서해,310,2009,upper,14.0436,116,6
서해,310,2010,100m,7.6972,25,6
서해,310,2010,50m,8.5998,89,7
서해,310,2010,surface,14.4739,51,7
서해,310,2010,upper,12.1666,151,7
서해,310,2011,100m,8.7968,25,6
서해,310,2011,50m,9.3293,83,6
서해,310,2011,surface,14.8154,48,6
서해,310,2011,upper,12.9506,142,6
서해,310,2012,100m,8.0809,23,6
서해,310,2012,50m,8.6649,84,6
서해,310,2012,surface,15.7202,48,6
서해,310,2012,upper,13.1506,142,6
서해,310,2013,100m,7.8767,24,6
서해,310,2013,50m,8.4398,84,6
서해,310,2013,surface,15.9062,48,6
서해,310,2013,upper,12.9487,142,6
서해,310,2014,50m,9.9024,74,6
서해,310,2014,surface,15.1113,48,6
서해,310,2014,upper,13.5447,140,6
서해,310,2015,100m,8.0068,28,6
서해,310,2015,50m,8.9248,85,6
서해,310,2015,surface,15.6517,48,6
서해,310,2015,upper,13.6590,143,6
서해,310,2016,100m,7.4726,23,6
서해,310,2016,50m,8.5698,84,6
서해,310,2016,surface,16.1721,48,6
서해,310,2016,upper,13.2283,141,6
서해,310,2017,100m,7.7033,24,6
서해,310,2017,50m,8.4399,84,6
서해,310,2017,surface,14.7298,48,6
서해,310,2017,upper,13.0960,143,6
서해,310,2018,50m,8.5235,72,6
서해,310,2018,surface,16.1927,48,6
서해,310,2018,upper,13.6624,138,6
서해,310,2019,50m,9.0839,75,6
서해,310,2019,surface,15.4033,48,6
서해,310,2019,upper,14.0062,139,6
서해,310,2020,50m,11.1326,76,6
서해,310,2020,surface,15.1898,48,6
서해,310,2020,upper,14.1311,139,6
서해,310,2021,50m,9.9152,73,6
서해,310,2021,surface,16.3577,48,6
서해,310,2021,upper,14.4281,138,6
서해,310,2022,50m,9.4047,75,6
서해,310,2022,surface,15.5625,48,6
서해,310,2022,upper,13.7221,138,6
서해,310,2023,50m,10.3130,76,6
서해,310,2023,surface,16.3604,48,6
서해,310,2023,upper,13.9160,139,6
서해,310,2024,50m,11.4088,72,6
서해,310,2024,surface,17.4235,48,6
서해,310,2024,upper,15.1525,138,6
서해,310,2025,50m,9.8584,70,6
서해,310,2025,surface,16.1171,48,6
서해,310,2025,upper,13.7607,138,6
서해,311,1968,100m,7.6830,30,9
서해,311,1968,50m,9.2041,88,9
서해,311,1968,surface,14.2129,55,9
서해,311,1968,upper,12.3577,164,9
서해,311,1969,100m,7.8497,34,10
서해,311,1969,50m,9.3067,95,11
서해,311,1969,surface,13.3203,62,11
서해,311,1969,upper,11.8518,185,11
서해,311,1970,100m,8.5425,32,10
서해,311,1970,50m,9.6582,92,10
서해,311,1970,surface,13.7433,60,10
서해,311,1970,upper,12.1916,176,10
서해,311,1971,100m,9.6314,28,7
서해,311,1971,50m,10.4982,85,8
서해,311,1971,surface,13.8424,51,8
서해,311,1971,upper,12.7213,153,8
서해,311,1972,100m,10.1408,26,5
서해,311,1972,50m,11.7015,61,6
서해,311,1972,surface,14.5158,40,6
서해,311,1972,upper,13.3473,120,6
서해,311,1973,100m,9.7667,24,6
서해,311,1973,50m,10.5714,70,6
서해,311,1973,surface,14.9574,42,6
서해,311,1973,upper,13.0810,126,6
서해,311,1974,100m,10.2677,31,6
서해,311,1974,50m,10.8891,66,6
서해,311,1974,surface,13.9307,42,6
서해,311,1974,upper,12.4704,126,6
서해,311,1975,100m,8.3783,24,6
서해,311,1975,50m,9.9131,64,6
서해,311,1975,surface,15.1105,39,6
서해,311,1975,upper,13.1448,114,6
서해,311,1976,100m,9.9837,30,6
서해,311,1976,50m,11.3260,68,6
서해,311,1976,surface,14.6091,43,6
서해,311,1976,upper,13.3947,129,6
서해,311,1977,100m,8.5069,26,6
서해,311,1977,50m,9.9158,66,6
서해,311,1977,surface,14.5505,42,6
서해,311,1977,upper,12.8235,124,6
서해,311,1978,100m,9.4106,34,8
서해,311,1978,50m,10.3072,83,8
서해,311,1978,surface,14.0592,53,8
서해,311,1978,upper,12.8090,158,8
서해,311,1979,100m,11.5197,30,6
서해,311,1979,50m,12.1387,69,6
서해,311,1979,surface,15.0131,42,6
서해,311,1979,upper,13.4233,124,6
서해,311,1980,100m,9.8657,30,6
서해,311,1980,50m,10.6955,66,6
서해,311,1980,surface,14.1712,42,6
서해,311,1980,upper,12.4444,126,6
서해,311,1981,100m,8.6723,26,6
서해,311,1981,50m,9.1213,71,7
서해,311,1981,surface,13.5755,42,7
서해,311,1981,upper,11.4500,126,7
서해,311,1982,100m,9.2307,30,6
서해,311,1982,50m,10.1758,67,6
서해,311,1982,surface,14.6160,42,6
서해,311,1982,upper,13.0766,125,6
서해,311,1983,100m,8.7571,31,6
서해,311,1983,50m,9.8081,72,6
서해,311,1983,surface,14.3042,43,6
서해,311,1983,upper,12.6569,125,6
서해,311,1984,100m,7.5587,30,6
서해,311,1984,50m,8.4488,72,6
서해,311,1984,surface,14.6686,42,6
서해,311,1984,upper,12.7002,120,6
서해,311,1985,100m,7.7794,31,6
서해,311,1985,50m,8.9604,73,6
서해,311,1985,surface,14.0140,43,6
서해,311,1985,upper,12.3757,125,6
서해,311,1986,100m,8.4823,30,6
서해,311,1986,50m,9.4432,71,6
서해,311,1986,surface,15.4740,42,6
서해,311,1986,upper,12.6442,121,6
서해,311,1987,100m,10.0477,31,6
서해,311,1987,50m,11.2599,81,6
서해,311,1987,surface,15.3656,45,6
서해,311,1987,upper,13.9336,128,6
서해,311,1988,100m,8.9438,29,6
서해,311,1988,50m,9.8472,76,6
서해,311,1988,surface,14.5352,42,6
서해,311,1988,upper,13.1659,122,6
서해,311,1989,100m,8.8488,25,5
서해,311,1989,50m,10.0414,63,5
서해,311,1989,surface,15.4320,35,5
서해,311,1989,upper,13.8275,101,5
서해,311,1990,100m,8.7264,25,5
서해,311,1990,50m,9.7700,63,5
서해,311,1990,surface,15.6457,35,5
서해,311,1990,upper,13.3527,102,5
서해,311,1991,100m,10.8404,25,5
서해,311,1991,50m,11.4571,65,5
서해,311,1991,surface,15.0126,35,5
서해,311,1991,upper,13.5832,100,5
서해,311,1992,100m,10.8352,25,5
서해,311,1992,50m,11.7280,60,5
서해,311,1992,surface,15.9086,35,5
서해,311,1992,upper,14.5700,105,5
서해,311,1993,100m,10.8393,30,6
서해,311,1993,50m,12.1482,76,6
서해,311,1993,surface,14.3550,42,6
서해,311,1993,upper,13.4832,122,6
서해,311,1994,100m,8.7123,30,6
서해,311,1994,50m,9.7383,72,6
서해,311,1994,surface,14.5424,42,6
서해,311,1994,upper,13.2935,126,6
서해,311,1995,100m,9.9430,30,6
서해,311,1995,50m,10.7243,72,6
서해,311,1995,surface,14.9900,42,6
서해,311,1995,upper,13.7921,126,6
서해,311,1996,100m,9.5012,17,6
서해,311,1996,50m,9.7446,72,6
서해,311,1996,surface,14.6264,42,6
서해,311,1996,upper,12.6549,125,6
서해,311,1997,50m,9.2563,59,5
서해,311,1997,surface,15.2231,42,6
서해,311,1997,upper,14.1054,105,5
서해,311,1998,50m,9.2775,87,6
서해,311,1998,surface,16.8427,55,6
서해,311,1998,upper,11.3835,164,6
서해,311,1999,50m,10.0282,65,6
서해,311,1999,surface,15.6137,38,6
서해,311,1999,upper,14.1373,113,6
서해,311,2000,50m,8.6732,71,6
서해,311,2000,surface,15.3229,42,6
서해,311,2000,upper,13.2348,126,6
서해,311,2001,50m,8.9990,71,6
서해,311,2001,surface,14.9745,42,6
서해,311,2001,upper,12.5233,126,6
서해,311,2002,50m,9.7480,70,6
서해,311,2002,surface,15.2785,41,6
서해,311,2002,upper,13.1380,123,6
서해,311,2003,50m,9.5164,69,6
서해,311,2003,surface,14.5812,41,6
서해,311,2003,upper,12.5616,126,6
서해,311,2004,100m,11.6580,5,5
서해,311,2004,50m,10.1525,73,6
서해,311,2004,surface,15.3686,42,6
서해,311,2004,upper,12.9099,126,6
서해,311,2005,100m,9.5357,14,6
서해,311,2005,50m,10.3994,72,6
서해,311,2005,surface,15.4871,42,6
서해,311,2005,upper,13.3892,126,6
서해,311,2006,100m,9.4285,13,6
서해,311,2006,50m,9.9985,72,6
서해,311,2006,surface,15.4079,42,6
서해,311,2006,upper,13.3471,126,6
서해,311,2007,100m,10.4147,19,6
서해,311,2007,50m,10.7992,72,6
서해,311,2007,surface,15.9207,42,6
서해,311,2007,upper,14.1160,126,6
서해,311,2008,100m,9.7896,23,6
서해,311,2008,50m,10.2396,72,6
서해,311,2008,surface,15.7488,42,6
서해,311,2008,upper,13.6639,126,6
서해,311,2009,100m,9.1509,23,6
서해,311,2009,50m,9.6578,74,6
서해,311,2009,surface,15.4902,42,6
서해,311,2009,upper,13.7498,126,6
서해,311,2010,100m,9.1930,23,5
서해,311,2010,50m,9.6862,63,6
서해,311,2010,surface,14.5257,37,6
서해,311,2010,upper,12.5693,111,6
서해,311,2011,100m,9.7492,24,6
서해,311,2011,50m,10.1965,74,6
서해,311,2011,surface,14.7902,42,6
서해,311,2011,upper,13.1769,126,6
서해,311,2012,100m,8.4664,25,6
서해,311,2012,50m,9.2840,73,6
서해,311,2012,surface,14.9198,42,6
서해,311,2012,upper,13.2613,126,6
서해,311,2013,100m,8.7777,26,6
서해,311,2013,50m,9.4459,74,6
서해,311,2013,surface,15.7346,41,6
서해,311,2013,upper,13.5004,126,6
서해,311,2014,50m,11.2231,72,6
서해,311,2014,surface,15.0331,42,6
서해,311,2014,upper,13.6720,126,6
서해,311,2015,100m,8.8000,30,6
서해,311,2015,50m,9.6755,77,6
서해,311,2015,surface,15.5140,42,6
서해,311,2015,upper,13.8780,126,6
서해,311,2016,100m,8.4465,26,6
서해,311,2016,50m,9.5772,74,6
서해,311,2016,surface,15.5350,42,6
서해,311,2016,upper,13.3732,126,6
서해,311,2017,100m,9.1181,27,6
서해,311,2017,50m,9.3443,77,6
서해,311,2017,surface,14.7433,42,6
서해,311,2017,upper,12.8459,126,6
서해,311,2018,50m,10.3307,68,6
서해,311,2018,surface,15.8386,42,6
서해,311,2018,upper,14.1073,126,6
서해,311,2019,50m,10.2300,70,6
서해,311,2019,surface,15.2193,42,6
서해,311,2019,upper,14.1450,126,6
서해,311,2020,50m,11.7271,72,6
서해,311,2020,surface,15.8557,42,6
서해,311,2020,upper,14.1175,126,6
서해,311,2021,50m,11.4719,72,7
서해,311,2021,surface,16.3860,42,7
서해,311,2021,upper,14.7816,126,7
서해,311,2022,50m,10.5839,72,7
서해,311,2022,surface,14.5895,42,7
서해,311,2022,upper,13.7765,126,7
서해,311,2023,50m,11.6806,72,6
서해,311,2023,surface,16.3164,42,6
서해,311,2023,upper,14.1104,126,6
서해,311,2024,50m,12.5535,71,6
서해,311,2024,surface,17.2664,42,6
서해,311,2024,upper,15.5358,126,6
서해,311,2025,50m,11.0643,72,6
서해,311,2025,surface,15.8745,42,6
서해,311,2025,upper,14.0576,126,6
서해,312,1968,100m,9.4231,49,9
서해,312,1968,50m,10.6435,132,9
서해,312,1968,surface,15.4186,76,9
서해,312,1968,upper,13.3581,227,9
서해,312,1969,100m,10.0362,55,11
서해,312,1969,50m,10.5580,157,12
서해,312,1969,surface,14.7416,91,12
서해,312,1969,upper,13.1270,272,12
서해,312,1970,100m,10.0644,48,10
서해,312,1970,50m,11.5219,150,10
서해,312,1970,surface,14.9465,83,10
서해,312,1970,upper,13.3447,249,10
서해,312,1971,100m,10.8048,44,7
서해,312,1971,50m,11.4397,115,8
서해,312,1971,surface,15.5915,66,8
서해,312,1971,upper,13.8575,197,8
서해,312,1972,100m,12.0167,36,6
서해,312,1972,50m,12.8808,87,6
서해,312,1972,surface,16.6651,51,6
서해,312,1972,upper,15.1587,152,6
서해,312,1973,100m,9.8934,32,7
서해,312,1973,50m,11.3486,101,7
서해,312,1973,surface,15.6176,54,7
서해,312,1973,upper,13.3075,161,7
서해,312,1974,100m,10.6593,44,7
서해,312,1974,50m,11.2482,89,7
서해,312,1974,surface,14.5046,54,7
서해,312,1974,upper,13.0186,162,7
서해,312,1975,100m,10.7637,41,6
서해,312,1975,50m,11.7157,83,6
서해,312,1975,surface,16.0584,51,6
서해,312,1975,upper,14.1959,153,6
서해,312,1976,100m,11.5997,32,6
서해,312,1976,50m,12.0431,104,6
서해,312,1976,surface,15.9180,54,6
서해,312,1976,upper,15.0219,162,6
서해,312,1977,100m,9.8193,30,6
서해,312,1977,50m,10.6907,103,6
서해,312,1977,surface,15.1581,54,6
서해,312,1977,upper,13.5752,162,6
서해,312,1978,100m,10.4180,45,8
서해,312,1978,50m,11.3322,121,8
서해,312,1978,surface,15.0460,68,8
서해,312,1978,upper,13.6229,204,8
서해,312,1979,100m,12.1430,43,6
서해,312,1979,50m,12.5834,90,6
서해,312,1979,surface,16.4369,54,6
서해,312,1979,upper,14.7517,162,6
서해,312,1980,100m,10.6652,44,6
서해,312,1980,50m,11.2995,88,6
서해,312,1980,surface,15.6511,54,6
서해,312,1980,upper,13.8873,162,6
서해,312,1981,100m,10.1242,26,6
서해,312,1981,50m,10.1936,104,6
서해,312,1981,surface,15.2263,54,6
서해,312,1981,upper,12.7111,162,6
서해,312,1982,100m,10.4359,49,6
서해,312,1982,50m,11.3029,90,6
서해,312,1982,surface,15.8302,57,6
서해,312,1982,upper,13.9830,171,6
서해,312,1983,100m,9.8956,45,6
서해,312,1983,50m,10.3775,89,6
서해,312,1983,surface,15.5451,55,6
서해,312,1983,upper,13.4863,165,6
서해,312,1984,100m,8.3825,48,6
서해,312,1984,50m,9.0124,84,6
서해,312,1984,surface,14.8954,54,6
서해,312,1984,upper,12.8760,162,6
서해,312,1985,100m,8.8996,48,6
서해,312,1985,50m,9.4220,84,6
서해,312,1985,surface,14.9963,54,6
서해,312,1985,upper,12.8286,162,6
서해,312,1986,100m,10.4408,48,6
서해,312,1986,50m,11.0419,84,6
서해,312,1986,surface,16.4163,54,6
서해,312,1986,upper,13.7099,162,6
서해,312,1987,100m,11.4554,48,6
서해,312,1987,50m,11.7048,98,6
서해,312,1987,surface,15.4689,54,6
서해,312,1987,upper,13.3879,162,6
서해,312,1988,100m,10.3812,48,6
서해,312,1988,50m,11.4169,104,6
서해,312,1988,surface,15.4576,54,6
서해,312,1988,upper,14.3612,162,6
서해,312,1989,100m,10.4597,40,5
서해,312,1989,50m,11.2763,86,5
서해,312,1989,surface,16.8156,45,5
서해,312,1989,upper,15.0881,135,5
서해,312,1990,100m,10.5377,39,5
서해,312,1990,50m,11.4947,86,5
서해,312,1990,surface,16.2416,45,5
서해,312,1990,upper,14.0110,135,5
서해,312,1991,100m,11.9358,40,5
서해,312,1991,50m,12.6138,87,5
서해,312,1991,surface,16.6209,45,5
서해,312,1991,upper,15.0799,135,5
서해,312,1992,100m,12.5303,35,5
서해,312,1992,50m,12.9829,90,5
서해,312,1992,surface,17.1122,45,5
서해,312,1992,upper,15.9368,135,5
서해,312,1993,100m,11.4115,46,6
서해,312,1993,50m,12.1887,108,6
서해,312,1993,surface,15.3094,54,6
서해,312,1993,upper,14.1446,162,6
서해,312,1994,100m,10.3894,47,6
서해,312,1994,50m,11.1869,108,6
서해,312,1994,surface,15.1387,54,6
서해,312,1994,upper,13.7528,162,6
서해,312,1995,100m,11.9706,48,6
서해,312,1995,50m,12.5555,108,6
서해,312,1995,surface,16.1669,54,6
서해,312,1995,upper,14.8330,162,6
서해,312,1996,100m,10.6024,21,6
서해,312,1996,50m,11.1734,110,6
서해,312,1996,surface,16.8545,55,6
서해,312,1996,upper,14.2701,165,6
서해,312,1997,50m,10.7054,90,5
서해,312,1997,surface,17.0744,57,6
서해,312,1997,upper,14.9956,144,5
서해,312,1998,50m,10.2135,108,6
서해,312,1998,surface,15.9982,55,6
서해,312,1998,upper,13.8130,165,6
서해,312,1999,50m,11.3685,103,6
서해,312,1999,surface,16.1546,54,6
서해,312,1999,upper,14.2699,162,6
서해,312,2000,50m,10.0994,107,7
서해,312,2000,surface,16.4550,54,7
서해,312,2000,upper,13.9737,162,7
서해,312,2001,50m,10.1191,104,6
서해,312,2001,surface,15.1915,54,6
서해,312,2001,upper,12.9492,162,6
서해,312,2002,50m,11.5701,100,6
서해,312,2002,surface,16.1745,53,6
서해,312,2002,upper,13.7353,159,6
서해,312,2003,50m,11.2741,101,6
서해,312,2003,surface,15.9796,54,6
서해,312,2003,upper,13.9351,162,6
서해,312,2004,100m,11.0942,12,5
서해,312,2004,50m,11.7940,105,6
서해,312,2004,surface,16.8323,53,6
서해,312,2004,upper,14.2333,159,6
서해,312,2005,100m,11.1465,20,5
서해,312,2005,50m,11.4233,108,6
서해,312,2005,surface,16.7543,54,6
서해,312,2005,upper,14.7194,162,6
서해,312,2006,100m,9.6788,17,6
서해,312,2006,50m,10.5806,107,6
서해,312,2006,surface,16.8898,54,6
서해,312,2006,upper,13.9925,162,6
서해,312,2007,100m,11.4248,21,6
서해,312,2007,50m,11.9106,108,6
서해,312,2007,surface,17.0746,54,6
서해,312,2007,upper,14.6481,162,6
서해,312,2008,100m,11.2306,33,6
서해,312,2008,50m,11.6550,108,6
서해,312,2008,surface,17.4065,54,6
서해,312,2008,upper,14.7397,162,6
서해,312,2009,100m,10.2661,33,6
서해,312,2009,50m,10.7010,108,6
서해,312,2009,surface,16.6852,54,6
서해,312,2009,upper,14.3245,162,6
서해,312,2010,100m,11.2386,36,6
서해,312,2010,50m,11.3416,96,6
서해,312,2010,surface,16.3808,48,6
서해,312,2010,upper,13.5492,144,6
서해,312,2011,100m,11.1638,34,6
서해,312,2011,50m,11.2231,108,6
서해,312,2011,surface,16.2020,54,6
서해,312,2011,upper,14.4651,162,6
서해,312,2012,100m,9.5785,46,6
서해,312,2012,50m,9.9775,108,6
서해,312,2012,surface,16.5452,54,6
서해,312,2012,upper,13.8168,162,6
서해,312,2013,100m,10.5844,43,6
서해,312,2013,50m,11.1880,108,6
서해,312,2013,surface,16.1593,54,6
서해,312,2013,upper,14.0460,162,6
서해,312,2014,100m,12.8945,11,6
서해,312,2014,50m,12.4169,102,6
서해,312,2014,surface,17.0726,54,6
서해,312,2014,upper,15.5238,162,6
서해,312,2015,100m,10.0861,44,6
서해,312,2015,50m,10.7785,108,6
서해,312,2015,surface,16.4652,54,6
서해,312,2015,upper,14.1908,162,6
서해,312,2016,100m,11.1354,35,6
서해,312,2016,50m,11.4181,108,6
서해,312,2016,surface,17.0904,54,6
서해,312,2016,upper,14.3621,162,6
서해,312,2017,100m,10.6933,40,6
서해,312,2017,50m,11.0056,108,6
서해,312,2017,surface,15.9611,54,6
서해,312,2017,upper,13.9604,162,6
서해,312,2018,100m,11.4933,6,6
서해,312,2018,50m,12.1273,101,6
서해,312,2018,surface,16.9007,54,6
서해,312,2018,upper,15.5779,162,6
서해,312,2019,100m,10.7929,7,6
서해,312,2019,50m,11.3912,101,6
서해,312,2019,surface,15.9857,54,6
서해,312,2019,upper,14.5208,162,6
서해,312,2020,100m,13.2229,7,6
서해,312,2020,50m,12.8383,101,6
서해,312,2020,surface,16.9565,54,6
서해,312,2020,upper,15.2990,162,6
서해,312,2021,100m,13.2260,5,5
서해,312,2021,50m,13.0371,101,6
서해,312,2021,surface,17.0993,54,6
서해,312,2021,upper,15.3946,162,6
서해,312,2022,100m,11.9083,6,6
서해,312,2022,50m,12.1850,102,6
서해,312,2022,surface,15.2669,54,6
서해,312,2022,upper,14.1662,162,6
서해,312,2023,100m,13.5117,6,6
서해,312,2023,50m,13.1714,101,6
서해,312,2023,surface,17.9996,54,6
서해,312,2023,upper,15.5405,162,6
서해,312,2024,100m,13.4600,6,6
서해,312,2024,50m,13.6309,101,6
서해,312,2024,surface,18.6750,54,6
서해,312,2024,upper,16.5694,162,6
서해,312,2025,100m,11.8767,6,6
서해,312,2025,50m,12.0359,102,6
서해,312,2025,surface,16.6946,54,6
서해,312,2025,upper,14.9226,162,6
